station,state,ts_start,ts_end
1,Starved,2026-03-18 06:00:00,2026-03-18 06:00:00
1,Running,2026-03-18 06:00:00,2026-03-18 06:00:52
2,Starved,2026-03-18 06:00:00,2026-03-18 06:00:52
1,Starved,2026-03-18 06:00:52,2026-03-18 06:01:00
2,Running,2026-03-18 06:00:52,2026-03-18 06:01:47
3,Starved,2026-03-18 06:00:00,2026-03-18 06:01:47
1,Running,2026-03-18 06:01:00,2026-03-18 06:01:59
2,Starved,2026-03-18 06:01:47,2026-03-18 06:01:59
1,Starved,2026-03-18 06:01:59,2026-03-18 06:02:00
3,Running,2026-03-18 06:01:47,2026-03-18 06:02:39
4,Starved,2026-03-18 06:00:00,2026-03-18 06:02:39
2,Running,2026-03-18 06:01:59,2026-03-18 06:02:57
3,Starved,2026-03-18 06:02:39,2026-03-18 06:02:57
1,Running,2026-03-18 06:02:00,2026-03-18 06:02:58
2,Starved,2026-03-18 06:02:57,2026-03-18 06:02:58
1,Starved,2026-03-18 06:02:58,2026-03-18 06:03:00
1,Running,2026-03-18 06:03:00,2026-03-18 06:03:57
4,Running,2026-03-18 06:02:39,2026-03-18 06:03:57
5,Starved,2026-03-18 06:00:00,2026-03-18 06:03:57
3,Running,2026-03-18 06:02:57,2026-03-18 06:03:59
4,Starved,2026-03-18 06:03:57,2026-03-18 06:03:59
1,Starved,2026-03-18 06:03:57,2026-03-18 06:04:00
3,Starved,2026-03-18 06:03:59,2026-03-18 06:04:03
1,Running,2026-03-18 06:04:00,2026-03-18 06:04:59
1,Starved,2026-03-18 06:04:59,2026-03-18 06:05:00
3,Running,2026-03-18 06:04:03,2026-03-18 06:05:02
3,Starved,2026-03-18 06:05:02,2026-03-18 06:05:07
5,Running,2026-03-18 06:03:57,2026-03-18 06:05:10
6,Starved,2026-03-18 06:00:00,2026-03-18 06:05:10
5,Starved,2026-03-18 06:05:10,2026-03-18 06:05:12
1,Running,2026-03-18 06:05:00,2026-03-18 06:05:57
1,Starved,2026-03-18 06:05:57,2026-03-18 06:06:00
3,Running,2026-03-18 06:05:07,2026-03-18 06:06:07
6,Running,2026-03-18 06:05:10,2026-03-18 06:06:11
7,Starved,2026-03-18 06:00:00,2026-03-18 06:06:11
5,Running,2026-03-18 06:05:12,2026-03-18 06:06:15
6,Starved,2026-03-18 06:06:11,2026-03-18 06:06:15
5,Starved,2026-03-18 06:06:15,2026-03-18 06:06:16
3,Starved,2026-03-18 06:06:07,2026-03-18 06:06:18
6,Running,2026-03-18 06:06:15,2026-03-18 06:07:05
5,Running,2026-03-18 06:06:16,2026-03-18 06:07:20
6,Starved,2026-03-18 06:07:05,2026-03-18 06:07:20
4,Running,2026-03-18 06:03:59,2026-03-18 06:07:21
5,Starved,2026-03-18 06:07:20,2026-03-18 06:07:21
4,Starved,2026-03-18 06:07:21,2026-03-18 06:07:25
8,Starved,2026-03-18 06:00:00,2026-03-18 06:07:38
1,Running,2026-03-18 06:06:00,2026-03-18 06:07:58
1,Starved,2026-03-18 06:07:58,2026-03-18 06:08:00
5,Running,2026-03-18 06:07:21,2026-03-18 06:08:14
3,Running,2026-03-18 06:06:18,2026-03-18 06:08:30
3,Starved,2026-03-18 06:08:30,2026-03-18 06:08:30
5,Starved,2026-03-18 06:08:14,2026-03-18 06:08:30
8,Running,2026-03-18 06:07:38,2026-03-18 06:08:40
9,Starved,2026-03-18 06:00:00,2026-03-18 06:08:40
8,Starved,2026-03-18 06:08:40,2026-03-18 06:08:41
6,Running,2026-03-18 06:07:20,2026-03-18 06:09:12
5,Running,2026-03-18 06:08:30,2026-03-18 06:09:32
6,Starved,2026-03-18 06:09:12,2026-03-18 06:09:32
8,Running,2026-03-18 06:08:41,2026-03-18 06:09:35
4,Running,2026-03-18 06:07:25,2026-03-18 06:09:38
5,Starved,2026-03-18 06:09:32,2026-03-18 06:09:38
4,Starved,2026-03-18 06:09:38,2026-03-18 06:09:42
10,Starved,2026-03-18 06:00:00,2026-03-18 06:10:08
8,Down,2026-03-18 06:09:35,2026-03-18 06:10:17
6,Running,2026-03-18 06:09:32,2026-03-18 06:10:25
5,Running,2026-03-18 06:09:38,2026-03-18 06:10:30
4,Running,2026-03-18 06:09:42,2026-03-18 06:10:47
5,Starved,2026-03-18 06:10:30,2026-03-18 06:10:47
4,Starved,2026-03-18 06:10:47,2026-03-18 06:10:51
1,Running,2026-03-18 06:08:00,2026-03-18 06:10:55
1,Starved,2026-03-18 06:10:55,2026-03-18 06:11:00
9,Running,2026-03-18 06:08:40,2026-03-18 06:11:07
11,Starved,2026-03-18 06:00:00,2026-03-18 06:11:07
6,Down,2026-03-18 06:10:25,2026-03-18 06:11:10
9,Starved,2026-03-18 06:11:07,2026-03-18 06:11:17
7,Running,2026-03-18 06:06:11,2026-03-18 06:11:33
5,Running,2026-03-18 06:10:47,2026-03-18 06:11:50
5,Starved,2026-03-18 06:11:50,2026-03-18 06:11:55
11,Running,2026-03-18 06:11:07,2026-03-18 06:12:05
12,Starved,2026-03-18 06:00:00,2026-03-18 06:12:05
7,Starved,2026-03-18 06:11:33,2026-03-18 06:12:13
10,Running,2026-03-18 06:10:08,2026-03-18 06:12:17
10,Starved,2026-03-18 06:12:17,2026-03-18 06:12:18
4,Running,2026-03-18 06:10:51,2026-03-18 06:12:51
4,Starved,2026-03-18 06:12:51,2026-03-18 06:12:52
12,Running,2026-03-18 06:12:05,2026-03-18 06:12:55
8,Running,2026-03-18 06:10:17,2026-03-18 06:13:09
8,Starved,2026-03-18 06:13:09,2026-03-18 06:13:24
4,Running,2026-03-18 06:12:52,2026-03-18 06:13:42
4,Starved,2026-03-18 06:13:42,2026-03-18 06:13:46
9,Running,2026-03-18 06:11:17,2026-03-18 06:14:09
2,Running,2026-03-18 06:02:58,2026-03-18 06:14:19
2,Starved,2026-03-18 06:14:19,2026-03-18 06:14:23
11,Down,2026-03-18 06:12:05,2026-03-18 06:14:27
9,Starved,2026-03-18 06:14:09,2026-03-18 06:14:35
4,Running,2026-03-18 06:13:46,2026-03-18 06:14:49
4,Starved,2026-03-18 06:14:49,2026-03-18 06:14:50
12,Starved,2026-03-18 06:12:55,2026-03-18 06:15:25
9,Running,2026-03-18 06:14:35,2026-03-18 06:15:27
9,Starved,2026-03-18 06:15:27,2026-03-18 06:15:39
4,Running,2026-03-18 06:14:50,2026-03-18 06:15:40
4,Starved,2026-03-18 06:15:40,2026-03-18 06:15:57
12,Running,2026-03-18 06:15:25,2026-03-18 06:16:19
7,Running,2026-03-18 06:12:13,2026-03-18 06:16:23
7,Starved,2026-03-18 06:16:23,2026-03-18 06:16:25
10,Running,2026-03-18 06:12:18,2026-03-18 06:16:30
12,Starved,2026-03-18 06:16:19,2026-03-18 06:16:32
9,Running,2026-03-18 06:15:39,2026-03-18 06:16:32
10,Starved,2026-03-18 06:16:30,2026-03-18 06:16:32
9,Starved,2026-03-18 06:16:32,2026-03-18 06:16:41
5,Running,2026-03-18 06:11:55,2026-03-18 06:16:49
2,Running,2026-03-18 06:14:23,2026-03-18 06:17:24
5,Starved,2026-03-18 06:16:49,2026-03-18 06:17:26
2,Starved,2026-03-18 06:17:24,2026-03-18 06:17:27
9,Running,2026-03-18 06:16:41,2026-03-18 06:17:32
9,Starved,2026-03-18 06:17:32,2026-03-18 06:17:44
5,Running,2026-03-18 06:17:26,2026-03-18 06:18:16
2,Running,2026-03-18 06:17:27,2026-03-18 06:18:23
2,Starved,2026-03-18 06:18:23,2026-03-18 06:18:24
5,Starved,2026-03-18 06:18:16,2026-03-18 06:18:35
10,Running,2026-03-18 06:16:32,2026-03-18 06:18:40
9,Running,2026-03-18 06:17:44,2026-03-18 06:18:42
10,Starved,2026-03-18 06:18:40,2026-03-18 06:18:42
9,Starved,2026-03-18 06:18:42,2026-03-18 06:18:46
12,Running,2026-03-18 06:16:32,2026-03-18 06:19:20
7,Running,2026-03-18 06:16:25,2026-03-18 06:19:21
6,Running,2026-03-18 06:11:10,2026-03-18 06:19:27
7,Starved,2026-03-18 06:19:21,2026-03-18 06:19:27
12,Starved,2026-03-18 06:19:20,2026-03-18 06:19:28
6,Starved,2026-03-18 06:19:27,2026-03-18 06:19:43
2,Running,2026-03-18 06:18:24,2026-03-18 06:20:26
9,Running,2026-03-18 06:18:46,2026-03-18 06:20:32
8,Running,2026-03-18 06:13:24,2026-03-18 06:20:39
9,Starved,2026-03-18 06:20:32,2026-03-18 06:20:39
8,Starved,2026-03-18 06:20:39,2026-03-18 06:20:56
10,Running,2026-03-18 06:18:42,2026-03-18 06:21:34
5,Running,2026-03-18 06:18:35,2026-03-18 06:21:40
9,Running,2026-03-18 06:20:39,2026-03-18 06:21:43
10,Starved,2026-03-18 06:21:34,2026-03-18 06:21:43
8,Running,2026-03-18 06:20:56,2026-03-18 06:21:50
9,Starved,2026-03-18 06:21:43,2026-03-18 06:21:50
5,Starved,2026-03-18 06:21:40,2026-03-18 06:21:59
8,Starved,2026-03-18 06:21:50,2026-03-18 06:22:07
3,Running,2026-03-18 06:08:30,2026-03-18 06:22:07
10,Running,2026-03-18 06:21:43,2026-03-18 06:22:48
6,Running,2026-03-18 06:19:43,2026-03-18 06:22:52
8,Running,2026-03-18 06:22:07,2026-03-18 06:23:04
6,Starved,2026-03-18 06:22:52,2026-03-18 06:23:07
8,Starved,2026-03-18 06:23:04,2026-03-18 06:23:13
10,Starved,2026-03-18 06:22:48,2026-03-18 06:23:25
1,Running,2026-03-18 06:11:00,2026-03-18 06:23:57
5,Running,2026-03-18 06:21:59,2026-03-18 06:23:59
1,Starved,2026-03-18 06:23:57,2026-03-18 06:24:00
4,Running,2026-03-18 06:15:57,2026-03-18 06:24:10
5,Starved,2026-03-18 06:23:59,2026-03-18 06:24:10
1,Running,2026-03-18 06:24:00,2026-03-18 06:24:53
6,Running,2026-03-18 06:23:07,2026-03-18 06:24:59
1,Starved,2026-03-18 06:24:53,2026-03-18 06:25:00
5,Running,2026-03-18 06:24:10,2026-03-18 06:25:14
6,Starved,2026-03-18 06:24:59,2026-03-18 06:25:14
8,Running,2026-03-18 06:23:13,2026-03-18 06:25:15
8,Starved,2026-03-18 06:25:15,2026-03-18 06:25:31
6,Running,2026-03-18 06:25:14,2026-03-18 06:26:13
9,Running,2026-03-18 06:21:50,2026-03-18 06:26:20
8,Running,2026-03-18 06:25:31,2026-03-18 06:26:32
9,Starved,2026-03-18 06:26:20,2026-03-18 06:26:32
8,Starved,2026-03-18 06:26:32,2026-03-18 06:26:36
1,Running,2026-03-18 06:25:00,2026-03-18 06:26:57
1,Starved,2026-03-18 06:26:57,2026-03-18 06:27:00
9,Running,2026-03-18 06:26:32,2026-03-18 06:27:29
7,Running,2026-03-18 06:19:27,2026-03-18 06:27:32
9,Starved,2026-03-18 06:27:29,2026-03-18 06:27:41
1,Running,2026-03-18 06:27:00,2026-03-18 06:27:57
10,Running,2026-03-18 06:23:25,2026-03-18 06:28:27
9,Running,2026-03-18 06:27:41,2026-03-18 06:28:31
10,Starved,2026-03-18 06:28:27,2026-03-18 06:28:31
8,Running,2026-03-18 06:26:36,2026-03-18 06:28:43
9,Starved,2026-03-18 06:28:31,2026-03-18 06:28:43
10,Running,2026-03-18 06:28:31,2026-03-18 06:29:18
9,Running,2026-03-18 06:28:43,2026-03-18 06:29:54
10,Starved,2026-03-18 06:29:18,2026-03-18 06:29:54
10,Running,2026-03-18 06:29:54,2026-03-18 06:30:49
2,Down,2026-03-18 06:20:26,2026-03-18 06:31:39
1,Blocked,2026-03-18 06:27:57,2026-03-18 06:31:39
11,Running,2026-03-18 06:14:27,2026-03-18 06:32:09
3,Starved,2026-03-18 06:22:07,2026-03-18 06:32:34
3,Running,2026-03-18 06:32:34,2026-03-18 06:33:29
4,Starved,2026-03-18 06:24:10,2026-03-18 06:33:29
3,Starved,2026-03-18 06:33:29,2026-03-18 06:33:30
12,Running,2026-03-18 06:19:28,2026-03-18 06:33:52
3,Running,2026-03-18 06:33:30,2026-03-18 06:34:22
3,Starved,2026-03-18 06:34:22,2026-03-18 06:34:39
5,Starved,2026-03-18 06:25:14,2026-03-18 06:34:47
5,Running,2026-03-18 06:34:47,2026-03-18 06:35:39
6,Starved,2026-03-18 06:26:13,2026-03-18 06:35:39
5,Starved,2026-03-18 06:35:39,2026-03-18 06:36:19
6,Running,2026-03-18 06:35:39,2026-03-18 06:36:30
7,Starved,2026-03-18 06:27:32,2026-03-18 06:36:30
5,Running,2026-03-18 06:36:19,2026-03-18 06:37:33
6,Starved,2026-03-18 06:36:30,2026-03-18 06:37:33
5,Starved,2026-03-18 06:37:33,2026-03-18 06:37:47
7,Running,2026-03-18 06:36:30,2026-03-18 06:37:47
8,Starved,2026-03-18 06:28:43,2026-03-18 06:37:47
5,Running,2026-03-18 06:37:47,2026-03-18 06:38:40
8,Running,2026-03-18 06:37:47,2026-03-18 06:38:48
9,Starved,2026-03-18 06:29:54,2026-03-18 06:38:48
5,Starved,2026-03-18 06:38:40,2026-03-18 06:38:58
6,Running,2026-03-18 06:37:33,2026-03-18 06:39:40
9,Running,2026-03-18 06:38:48,2026-03-18 06:40:00
10,Starved,2026-03-18 06:30:49,2026-03-18 06:40:00
6,Starved,2026-03-18 06:39:40,2026-03-18 06:40:01
10,Running,2026-03-18 06:40:00,2026-03-18 06:40:52
11,Starved,2026-03-18 06:32:09,2026-03-18 06:40:52
5,Running,2026-03-18 06:38:58,2026-03-18 06:40:53
5,Starved,2026-03-18 06:40:53,2026-03-18 06:41:01
11,Running,2026-03-18 06:40:52,2026-03-18 06:41:54
12,Starved,2026-03-18 06:33:52,2026-03-18 06:41:54
6,Running,2026-03-18 06:40:01,2026-03-18 06:41:59
6,Starved,2026-03-18 06:41:59,2026-03-18 06:42:04
12,Running,2026-03-18 06:41:54,2026-03-18 06:42:50
7,Down,2026-03-18 06:37:47,2026-03-18 06:43:27
8,Starved,2026-03-18 06:38:48,2026-03-18 06:44:46
5,Running,2026-03-18 06:41:01,2026-03-18 06:44:49
5,Starved,2026-03-18 06:44:49,2026-03-18 06:44:52
8,Running,2026-03-18 06:44:46,2026-03-18 06:45:46
9,Starved,2026-03-18 06:40:00,2026-03-18 06:45:46
5,Running,2026-03-18 06:44:52,2026-03-18 06:45:51
8,Starved,2026-03-18 06:45:46,2026-03-18 06:46:09
5,Starved,2026-03-18 06:45:51,2026-03-18 06:46:10
9,Running,2026-03-18 06:45:46,2026-03-18 06:46:53
10,Starved,2026-03-18 06:40:52,2026-03-18 06:46:53
6,Running,2026-03-18 06:42:04,2026-03-18 06:47:09
6,Starved,2026-03-18 06:47:09,2026-03-18 06:47:09
8,Running,2026-03-18 06:46:09,2026-03-18 06:47:21
9,Starved,2026-03-18 06:46:53,2026-03-18 06:47:21
8,Starved,2026-03-18 06:47:21,2026-03-18 06:47:22
10,Running,2026-03-18 06:46:53,2026-03-18 06:47:54
11,Starved,2026-03-18 06:41:54,2026-03-18 06:47:54
6,Running,2026-03-18 06:47:09,2026-03-18 06:47:58
5,Running,2026-03-18 06:46:10,2026-03-18 06:48:05
6,Starved,2026-03-18 06:47:58,2026-03-18 06:48:05
5,Starved,2026-03-18 06:48:05,2026-03-18 06:48:19
10,Starved,2026-03-18 06:47:54,2026-03-18 06:48:40
1,Running,2026-03-18 06:31:39,2026-03-18 06:48:44
1,Blocked,2026-03-18 06:48:44,2026-03-18 06:48:45
11,Running,2026-03-18 06:47:54,2026-03-18 06:48:52
12,Starved,2026-03-18 06:42:50,2026-03-18 06:48:52
6,Running,2026-03-18 06:48:05,2026-03-18 06:48:57
5,Running,2026-03-18 06:48:19,2026-03-18 06:49:16
6,Starved,2026-03-18 06:48:57,2026-03-18 06:49:16
1,Running,2026-03-18 06:48:45,2026-03-18 06:49:37
10,Running,2026-03-18 06:48:40,2026-03-18 06:49:42
11,Starved,2026-03-18 06:48:52,2026-03-18 06:49:42
5,Starved,2026-03-18 06:49:16,2026-03-18 06:49:45
10,Starved,2026-03-18 06:49:42,2026-03-18 06:49:46
12,Running,2026-03-18 06:48:52,2026-03-18 06:49:50
1,Blocked,2026-03-18 06:49:37,2026-03-18 06:49:57
6,Running,2026-03-18 06:49:16,2026-03-18 06:50:12
10,Running,2026-03-18 06:49:46,2026-03-18 06:50:45
5,Running,2026-03-18 06:49:45,2026-03-18 06:50:46
6,Starved,2026-03-18 06:50:12,2026-03-18 06:50:46
12,Starved,2026-03-18 06:49:50,2026-03-18 06:50:49
5,Starved,2026-03-18 06:50:46,2026-03-18 06:50:49
1,Running,2026-03-18 06:49:57,2026-03-18 06:50:50
10,Starved,2026-03-18 06:50:45,2026-03-18 06:50:59
1,Blocked,2026-03-18 06:50:50,2026-03-18 06:50:59
12,Running,2026-03-18 06:50:49,2026-03-18 06:51:42
6,Running,2026-03-18 06:50:46,2026-03-18 06:51:47
11,Running,2026-03-18 06:49:42,2026-03-18 06:51:50
12,Starved,2026-03-18 06:51:42,2026-03-18 06:51:50
6,Starved,2026-03-18 06:51:47,2026-03-18 06:51:57
11,Starved,2026-03-18 06:51:50,2026-03-18 06:51:57
12,Running,2026-03-18 06:51:50,2026-03-18 06:52:46
10,Running,2026-03-18 06:50:59,2026-03-18 06:52:55
6,Running,2026-03-18 06:51:57,2026-03-18 06:52:55
5,Running,2026-03-18 06:50:49,2026-03-18 06:52:56
6,Starved,2026-03-18 06:52:55,2026-03-18 06:52:56
12,Starved,2026-03-18 06:52:46,2026-03-18 06:52:56
10,Starved,2026-03-18 06:52:55,2026-03-18 06:53:03
5,Starved,2026-03-18 06:52:56,2026-03-18 06:53:08
11,Running,2026-03-18 06:51:57,2026-03-18 06:53:50
1,Running,2026-03-18 06:50:59,2026-03-18 06:53:50
10,Running,2026-03-18 06:53:03,2026-03-18 06:53:58
11,Starved,2026-03-18 06:53:50,2026-03-18 06:53:58
6,Running,2026-03-18 06:52:56,2026-03-18 06:53:59
1,Blocked,2026-03-18 06:53:50,2026-03-18 06:54:00
6,Starved,2026-03-18 06:53:59,2026-03-18 06:54:04
10,Starved,2026-03-18 06:53:58,2026-03-18 06:54:07
12,Running,2026-03-18 06:52:56,2026-03-18 06:54:47
6,Running,2026-03-18 06:54:04,2026-03-18 06:54:57
11,Running,2026-03-18 06:53:58,2026-03-18 06:55:01
12,Starved,2026-03-18 06:54:47,2026-03-18 06:55:01
1,Running,2026-03-18 06:54:00,2026-03-18 06:55:02
5,Running,2026-03-18 06:53:08,2026-03-18 06:55:04
6,Starved,2026-03-18 06:54:57,2026-03-18 06:55:04
1,Blocked,2026-03-18 06:55:02,2026-03-18 06:55:04
11,Starved,2026-03-18 06:55:01,2026-03-18 06:55:07
5,Starved,2026-03-18 06:55:04,2026-03-18 06:55:37
1,Running,2026-03-18 06:55:04,2026-03-18 06:55:58
10,Running,2026-03-18 06:54:07,2026-03-18 06:56:01
12,Running,2026-03-18 06:55:01,2026-03-18 06:56:01
6,Running,2026-03-18 06:55:04,2026-03-18 06:56:01
12,Starved,2026-03-18 06:56:01,2026-03-18 06:56:05
10,Starved,2026-03-18 06:56:01,2026-03-18 06:56:06
1,Blocked,2026-03-18 06:55:58,2026-03-18 06:56:10
5,Running,2026-03-18 06:55:37,2026-03-18 06:56:34
6,Starved,2026-03-18 06:56:01,2026-03-18 06:56:34
5,Starved,2026-03-18 06:56:34,2026-03-18 06:56:37
8,Running,2026-03-18 06:47:22,2026-03-18 06:56:38
8,Starved,2026-03-18 06:56:38,2026-03-18 06:56:47
1,Running,2026-03-18 06:56:10,2026-03-18 06:57:01
1,Blocked,2026-03-18 06:57:01,2026-03-18 06:57:01
10,Running,2026-03-18 06:56:06,2026-03-18 06:57:01
12,Running,2026-03-18 06:56:05,2026-03-18 06:57:07
12,Starved,2026-03-18 06:57:07,2026-03-18 06:57:11
6,Running,2026-03-18 06:56:34,2026-03-18 06:57:28
10,Starved,2026-03-18 06:57:01,2026-03-18 06:57:32
6,Starved,2026-03-18 06:57:28,2026-03-18 06:57:44
8,Running,2026-03-18 06:56:47,2026-03-18 06:57:54
12,Running,2026-03-18 06:57:11,2026-03-18 06:58:07
11,Running,2026-03-18 06:55:07,2026-03-18 06:58:13
12,Starved,2026-03-18 06:58:07,2026-03-18 06:58:13
8,Starved,2026-03-18 06:57:54,2026-03-18 06:58:13
10,Running,2026-03-18 06:57:32,2026-03-18 06:58:29
11,Starved,2026-03-18 06:58:13,2026-03-18 06:58:29
10,Starved,2026-03-18 06:58:29,2026-03-18 06:58:32
5,Running,2026-03-18 06:56:37,2026-03-18 06:58:39
5,Starved,2026-03-18 06:58:39,2026-03-18 06:58:47
12,Running,2026-03-18 06:58:13,2026-03-18 06:59:06
8,Running,2026-03-18 06:58:13,2026-03-18 06:59:09
8,Starved,2026-03-18 06:59:09,2026-03-18 06:59:12
11,Running,2026-03-18 06:58:29,2026-03-18 06:59:27
12,Starved,2026-03-18 06:59:06,2026-03-18 06:59:27
5,Running,2026-03-18 06:58:47,2026-03-18 06:59:38
10,Running,2026-03-18 06:58:32,2026-03-18 06:59:38
11,Starved,2026-03-18 06:59:27,2026-03-18 06:59:38
10,Starved,2026-03-18 06:59:38,2026-03-18 06:59:53
5,Starved,2026-03-18 06:59:38,2026-03-18 06:59:55
12,Running,2026-03-18 06:59:27,2026-03-18 07:00:30
11,Running,2026-03-18 06:59:38,2026-03-18 07:00:42
12,Starved,2026-03-18 07:00:30,2026-03-18 07:00:42
6,Running,2026-03-18 06:57:44,2026-03-18 07:00:45
10,Running,2026-03-18 06:59:53,2026-03-18 07:00:51
11,Starved,2026-03-18 07:00:42,2026-03-18 07:00:51
6,Starved,2026-03-18 07:00:45,2026-03-18 07:00:56
10,Starved,2026-03-18 07:00:51,2026-03-18 07:01:05
12,Running,2026-03-18 07:00:42,2026-03-18 07:01:39
6,Running,2026-03-18 07:00:56,2026-03-18 07:01:45
6,Starved,2026-03-18 07:01:45,2026-03-18 07:01:49
11,Running,2026-03-18 07:00:51,2026-03-18 07:01:56
12,Starved,2026-03-18 07:01:39,2026-03-18 07:01:56
11,Starved,2026-03-18 07:01:56,2026-03-18 07:02:13
8,Running,2026-03-18 06:59:12,2026-03-18 07:02:14
8,Starved,2026-03-18 07:02:14,2026-03-18 07:02:17
6,Running,2026-03-18 07:01:49,2026-03-18 07:02:42
6,Starved,2026-03-18 07:02:42,2026-03-18 07:02:52
12,Running,2026-03-18 07:01:56,2026-03-18 07:02:58
11,Running,2026-03-18 07:02:13,2026-03-18 07:03:16
12,Starved,2026-03-18 07:02:58,2026-03-18 07:03:16
8,Running,2026-03-18 07:02:17,2026-03-18 07:03:21
11,Starved,2026-03-18 07:03:16,2026-03-18 07:03:23
6,Running,2026-03-18 07:02:52,2026-03-18 07:03:38
8,Starved,2026-03-18 07:03:21,2026-03-18 07:03:42
5,Running,2026-03-18 06:59:55,2026-03-18 07:03:52
6,Starved,2026-03-18 07:03:38,2026-03-18 07:03:52
5,Starved,2026-03-18 07:03:52,2026-03-18 07:04:12
12,Running,2026-03-18 07:03:16,2026-03-18 07:04:16
11,Running,2026-03-18 07:03:23,2026-03-18 07:04:17
12,Starved,2026-03-18 07:04:16,2026-03-18 07:04:17
11,Starved,2026-03-18 07:04:17,2026-03-18 07:04:32
6,Running,2026-03-18 07:03:52,2026-03-18 07:04:44
5,Running,2026-03-18 07:04:12,2026-03-18 07:05:08
6,Starved,2026-03-18 07:04:44,2026-03-18 07:05:08
12,Running,2026-03-18 07:04:17,2026-03-18 07:05:16
5,Starved,2026-03-18 07:05:08,2026-03-18 07:05:17
11,Running,2026-03-18 07:04:32,2026-03-18 07:05:27
12,Starved,2026-03-18 07:05:16,2026-03-18 07:05:27
6,Running,2026-03-18 07:05:08,2026-03-18 07:06:03
12,Running,2026-03-18 07:05:27,2026-03-18 07:06:15
6,Starved,2026-03-18 07:06:03,2026-03-18 07:06:23
10,Running,2026-03-18 07:01:05,2026-03-18 07:06:33
10,Starved,2026-03-18 07:06:33,2026-03-18 07:06:41
11,Down,2026-03-18 07:05:27,2026-03-18 07:07:39
8,Running,2026-03-18 07:03:42,2026-03-18 07:08:40
8,Starved,2026-03-18 07:08:40,2026-03-18 07:08:41
12,Starved,2026-03-18 07:06:15,2026-03-18 07:08:48
3,Running,2026-03-18 06:34:39,2026-03-18 07:09:06
5,Running,2026-03-18 07:05:17,2026-03-18 07:10:12
5,Starved,2026-03-18 07:10:12,2026-03-18 07:10:18
3,Down,2026-03-18 07:09:06,2026-03-18 07:11:07
8,Running,2026-03-18 07:08:41,2026-03-18 07:11:40
8,Starved,2026-03-18 07:11:40,2026-03-18 07:11:48
5,Running,2026-03-18 07:10:18,2026-03-18 07:12:25
5,Starved,2026-03-18 07:12:25,2026-03-18 07:12:25
8,Running,2026-03-18 07:11:48,2026-03-18 07:12:41
8,Starved,2026-03-18 07:12:41,2026-03-18 07:12:53
5,Running,2026-03-18 07:12:25,2026-03-18 07:13:31
5,Starved,2026-03-18 07:13:31,2026-03-18 07:13:32
5,Running,2026-03-18 07:13:32,2026-03-18 07:14:31
5,Starved,2026-03-18 07:14:31,2026-03-18 07:14:33
12,Running,2026-03-18 07:08:48,2026-03-18 07:17:03
12,Starved,2026-03-18 07:17:03,2026-03-18 07:17:04
12,Running,2026-03-18 07:17:04,2026-03-18 07:18:07
12,Starved,2026-03-18 07:18:07,2026-03-18 07:18:12
5,Running,2026-03-18 07:14:33,2026-03-18 07:22:46
5,Starved,2026-03-18 07:22:46,2026-03-18 07:22:53
5,Running,2026-03-18 07:22:53,2026-03-18 07:23:52
5,Starved,2026-03-18 07:23:52,2026-03-18 07:24:29
1,Running,2026-03-18 06:57:01,2026-03-18 07:24:37
10,Running,2026-03-18 07:06:41,2026-03-18 07:24:57
10,Starved,2026-03-18 07:24:57,2026-03-18 07:25:05
6,Running,2026-03-18 07:06:23,2026-03-18 07:25:10
5,Running,2026-03-18 07:24:29,2026-03-18 07:25:29
6,Starved,2026-03-18 07:25:10,2026-03-18 07:25:29
5,Starved,2026-03-18 07:25:29,2026-03-18 07:25:31
1,Down,2026-03-18 07:24:37,2026-03-18 07:26:08
12,Running,2026-03-18 07:18:12,2026-03-18 07:26:18
12,Starved,2026-03-18 07:26:18,2026-03-18 07:26:20
6,Running,2026-03-18 07:25:29,2026-03-18 07:26:26
5,Running,2026-03-18 07:25:31,2026-03-18 07:26:32
6,Starved,2026-03-18 07:26:26,2026-03-18 07:26:32
5,Starved,2026-03-18 07:26:32,2026-03-18 07:26:49
6,Running,2026-03-18 07:26:32,2026-03-18 07:27:30
5,Running,2026-03-18 07:26:49,2026-03-18 07:27:45
6,Starved,2026-03-18 07:27:30,2026-03-18 07:27:45
5,Starved,2026-03-18 07:27:45,2026-03-18 07:27:54
6,Running,2026-03-18 07:27:45,2026-03-18 07:28:47
6,Starved,2026-03-18 07:28:47,2026-03-18 07:28:48
6,Running,2026-03-18 07:28:48,2026-03-18 07:29:47
5,Running,2026-03-18 07:27:54,2026-03-18 07:29:50
6,Starved,2026-03-18 07:29:47,2026-03-18 07:29:50
5,Starved,2026-03-18 07:29:50,2026-03-18 07:30:02
6,Running,2026-03-18 07:29:50,2026-03-18 07:30:56
6,Starved,2026-03-18 07:30:56,2026-03-18 07:31:16
1,Running,2026-03-18 07:26:08,2026-03-18 07:32:04
6,Running,2026-03-18 07:31:16,2026-03-18 07:32:08
5,Running,2026-03-18 07:30:02,2026-03-18 07:32:14
6,Starved,2026-03-18 07:32:08,2026-03-18 07:32:14
5,Starved,2026-03-18 07:32:14,2026-03-18 07:32:17
8,Running,2026-03-18 07:12:53,2026-03-18 07:33:18
5,Running,2026-03-18 07:32:17,2026-03-18 07:33:19
8,Starved,2026-03-18 07:33:18,2026-03-18 07:33:38
5,Starved,2026-03-18 07:33:19,2026-03-18 07:33:40
6,Running,2026-03-18 07:32:14,2026-03-18 07:34:18
5,Running,2026-03-18 07:33:40,2026-03-18 07:34:29
6,Starved,2026-03-18 07:34:18,2026-03-18 07:34:29
4,Running,2026-03-18 06:33:29,2026-03-18 07:34:36
5,Starved,2026-03-18 07:34:29,2026-03-18 07:34:36
6,Running,2026-03-18 07:34:29,2026-03-18 07:35:22
4,Down,2026-03-18 07:34:36,2026-03-18 07:35:33
5,Running,2026-03-18 07:34:36,2026-03-18 07:35:42
6,Starved,2026-03-18 07:35:22,2026-03-18 07:35:42
5,Starved,2026-03-18 07:35:42,2026-03-18 07:36:31
6,Running,2026-03-18 07:35:42,2026-03-18 07:36:38
8,Running,2026-03-18 07:33:38,2026-03-18 07:36:45
8,Starved,2026-03-18 07:36:45,2026-03-18 07:37:00
1,Down,2026-03-18 07:32:04,2026-03-18 07:37:08
6,Starved,2026-03-18 07:36:38,2026-03-18 07:37:41
8,Running,2026-03-18 07:37:00,2026-03-18 07:37:57
8,Starved,2026-03-18 07:37:57,2026-03-18 07:38:04
6,Running,2026-03-18 07:37:41,2026-03-18 07:38:42
6,Starved,2026-03-18 07:38:42,2026-03-18 07:38:45
6,Running,2026-03-18 07:38:45,2026-03-18 07:39:39
6,Starved,2026-03-18 07:39:39,2026-03-18 07:39:41
10,Running,2026-03-18 07:25:05,2026-03-18 07:39:54
10,Starved,2026-03-18 07:39:54,2026-03-18 07:39:54
8,Running,2026-03-18 07:38:04,2026-03-18 07:39:57
8,Starved,2026-03-18 07:39:57,2026-03-18 07:40:27
6,Running,2026-03-18 07:39:41,2026-03-18 07:40:39
5,Running,2026-03-18 07:36:31,2026-03-18 07:40:39
6,Starved,2026-03-18 07:40:39,2026-03-18 07:40:39
5,Starved,2026-03-18 07:40:39,2026-03-18 07:40:44
10,Running,2026-03-18 07:39:54,2026-03-18 07:40:47
10,Starved,2026-03-18 07:40:47,2026-03-18 07:41:02
8,Running,2026-03-18 07:40:27,2026-03-18 07:41:34
8,Starved,2026-03-18 07:41:34,2026-03-18 07:41:36
6,Running,2026-03-18 07:40:39,2026-03-18 07:41:36
5,Running,2026-03-18 07:40:44,2026-03-18 07:41:43
6,Starved,2026-03-18 07:41:36,2026-03-18 07:41:43
5,Starved,2026-03-18 07:41:43,2026-03-18 07:41:46
10,Running,2026-03-18 07:41:02,2026-03-18 07:41:58
10,Starved,2026-03-18 07:41:58,2026-03-18 07:42:02
8,Running,2026-03-18 07:41:36,2026-03-18 07:42:26
8,Starved,2026-03-18 07:42:26,2026-03-18 07:42:37
5,Running,2026-03-18 07:41:46,2026-03-18 07:42:44
5,Starved,2026-03-18 07:42:44,2026-03-18 07:42:55
10,Running,2026-03-18 07:42:02,2026-03-18 07:43:03
12,Running,2026-03-18 07:26:20,2026-03-18 07:43:20
12,Starved,2026-03-18 07:43:20,2026-03-18 07:43:31
10,Starved,2026-03-18 07:43:03,2026-03-18 07:43:34
8,Running,2026-03-18 07:42:37,2026-03-18 07:43:42
6,Running,2026-03-18 07:41:43,2026-03-18 07:43:45
8,Starved,2026-03-18 07:43:42,2026-03-18 07:43:53
6,Starved,2026-03-18 07:43:45,2026-03-18 07:44:01
6,Running,2026-03-18 07:44:01,2026-03-18 07:44:54
5,Running,2026-03-18 07:42:55,2026-03-18 07:45:08
6,Starved,2026-03-18 07:44:54,2026-03-18 07:45:08
5,Starved,2026-03-18 07:45:08,2026-03-18 07:45:12
5,Running,2026-03-18 07:45:12,2026-03-18 07:46:02
5,Starved,2026-03-18 07:46:02,2026-03-18 07:46:07
5,Running,2026-03-18 07:46:07,2026-03-18 07:47:02
5,Starved,2026-03-18 07:47:02,2026-03-18 07:47:03
5,Running,2026-03-18 07:47:03,2026-03-18 07:48:08
12,Running,2026-03-18 07:43:31,2026-03-18 07:48:21
12,Starved,2026-03-18 07:48:21,2026-03-18 07:48:24
5,Starved,2026-03-18 07:48:08,2026-03-18 07:48:45
8,Running,2026-03-18 07:43:53,2026-03-18 07:48:48
8,Starved,2026-03-18 07:48:48,2026-03-18 07:48:59
6,Running,2026-03-18 07:45:08,2026-03-18 07:49:20
5,Running,2026-03-18 07:48:45,2026-03-18 07:49:37
6,Starved,2026-03-18 07:49:20,2026-03-18 07:49:37
5,Starved,2026-03-18 07:49:37,2026-03-18 07:49:39
11,Running,2026-03-18 07:07:39,2026-03-18 07:50:16
6,Running,2026-03-18 07:49:37,2026-03-18 07:50:35
6,Starved,2026-03-18 07:50:35,2026-03-18 07:50:44
8,Running,2026-03-18 07:48:59,2026-03-18 07:51:05
8,Starved,2026-03-18 07:51:05,2026-03-18 07:51:14
12,Running,2026-03-18 07:48:24,2026-03-18 07:51:28
5,Running,2026-03-18 07:49:39,2026-03-18 07:51:43
5,Starved,2026-03-18 07:51:43,2026-03-18 07:51:47
10,Running,2026-03-18 07:43:34,2026-03-18 07:52:39
11,Down,2026-03-18 07:50:16,2026-03-18 07:52:56
4,Running,2026-03-18 07:35:33,2026-03-18 07:53:43
6,Running,2026-03-18 07:50:44,2026-03-18 07:53:49
6,Starved,2026-03-18 07:53:49,2026-03-18 07:53:58
12,Starved,2026-03-18 07:51:28,2026-03-18 07:54:02
4,Down,2026-03-18 07:53:43,2026-03-18 07:54:02
8,Running,2026-03-18 07:51:14,2026-03-18 07:54:22
8,Starved,2026-03-18 07:54:22,2026-03-18 07:54:35
12,Running,2026-03-18 07:54:02,2026-03-18 07:54:52
6,Running,2026-03-18 07:53:58,2026-03-18 07:54:56
12,Starved,2026-03-18 07:54:52,2026-03-18 07:54:59
5,Running,2026-03-18 07:51:47,2026-03-18 07:55:05
6,Starved,2026-03-18 07:54:56,2026-03-18 07:55:05
10,Down,2026-03-18 07:52:39,2026-03-18 07:55:10
5,Starved,2026-03-18 07:55:05,2026-03-18 07:55:24
9,Running,2026-03-18 06:47:21,2026-03-18 07:55:25
8,Running,2026-03-18 07:54:35,2026-03-18 07:55:33
9,Starved,2026-03-18 07:55:25,2026-03-18 07:55:33
8,Starved,2026-03-18 07:55:33,2026-03-18 07:55:38
6,Running,2026-03-18 07:55:05,2026-03-18 07:56:09
5,Running,2026-03-18 07:55:24,2026-03-18 07:56:28
6,Starved,2026-03-18 07:56:09,2026-03-18 07:56:28
8,Running,2026-03-18 07:55:38,2026-03-18 07:56:37
8,Starved,2026-03-18 07:56:37,2026-03-18 07:56:39
5,Starved,2026-03-18 07:56:28,2026-03-18 07:56:48
12,Running,2026-03-18 07:54:59,2026-03-18 07:56:57
12,Starved,2026-03-18 07:56:57,2026-03-18 07:57:01
6,Running,2026-03-18 07:56:28,2026-03-18 07:57:16
8,Running,2026-03-18 07:56:39,2026-03-18 07:57:40
8,Starved,2026-03-18 07:57:40,2026-03-18 07:57:48
6,Starved,2026-03-18 07:57:16,2026-03-18 07:57:50
9,Running,2026-03-18 07:55:33,2026-03-18 07:58:42
6,Running,2026-03-18 07:57:50,2026-03-18 07:58:51
9,Starved,2026-03-18 07:58:42,2026-03-18 07:58:53
5,Running,2026-03-18 07:56:48,2026-03-18 07:58:54
6,Starved,2026-03-18 07:58:51,2026-03-18 07:58:54
5,Starved,2026-03-18 07:58:54,2026-03-18 07:59:00
6,Running,2026-03-18 07:58:54,2026-03-18 07:59:44
5,Running,2026-03-18 07:59:00,2026-03-18 07:59:56
6,Starved,2026-03-18 07:59:44,2026-03-18 07:59:56
5,Starved,2026-03-18 07:59:56,2026-03-18 08:00:07
8,Running,2026-03-18 07:57:48,2026-03-18 08:00:48
6,Running,2026-03-18 07:59:56,2026-03-18 08:01:02
5,Running,2026-03-18 08:00:07,2026-03-18 08:01:03
6,Starved,2026-03-18 08:01:02,2026-03-18 08:01:03
8,Starved,2026-03-18 08:00:48,2026-03-18 08:01:07
5,Starved,2026-03-18 08:01:03,2026-03-18 08:01:24
6,Running,2026-03-18 08:01:03,2026-03-18 08:01:58
9,Running,2026-03-18 07:58:53,2026-03-18 08:02:07
8,Running,2026-03-18 08:01:07,2026-03-18 08:02:14
9,Starved,2026-03-18 08:02:07,2026-03-18 08:02:14
8,Starved,2026-03-18 08:02:14,2026-03-18 08:02:21
5,Running,2026-03-18 08:01:24,2026-03-18 08:02:22
6,Starved,2026-03-18 08:01:58,2026-03-18 08:02:22
1,Running,2026-03-18 07:37:08,2026-03-18 08:02:26
5,Starved,2026-03-18 08:02:22,2026-03-18 08:02:30
8,Running,2026-03-18 08:02:21,2026-03-18 08:03:14
6,Running,2026-03-18 08:02:22,2026-03-18 08:03:16
5,Running,2026-03-18 08:02:30,2026-03-18 08:03:25
6,Starved,2026-03-18 08:03:16,2026-03-18 08:03:25
8,Starved,2026-03-18 08:03:14,2026-03-18 08:03:26
5,Starved,2026-03-18 08:03:25,2026-03-18 08:03:58
6,Running,2026-03-18 08:03:25,2026-03-18 08:04:19
9,Running,2026-03-18 08:02:14,2026-03-18 08:04:27
2,Running,2026-03-18 06:31:39,2026-03-18 08:04:34
9,Starved,2026-03-18 08:04:27,2026-03-18 08:04:36
5,Running,2026-03-18 08:03:58,2026-03-18 08:05:01
6,Starved,2026-03-18 08:04:19,2026-03-18 08:05:01
3,Running,2026-03-18 07:11:07,2026-03-18 08:05:19
8,Running,2026-03-18 08:03:26,2026-03-18 08:05:32
8,Starved,2026-03-18 08:05:32,2026-03-18 08:05:34
5,Starved,2026-03-18 08:05:01,2026-03-18 08:05:36
3,Blocked,2026-03-18 08:05:19,2026-03-18 08:05:36
6,Running,2026-03-18 08:05:01,2026-03-18 08:06:00
3,Running,2026-03-18 08:05:36,2026-03-18 08:06:30
8,Running,2026-03-18 08:05:34,2026-03-18 08:06:36
5,Running,2026-03-18 08:05:36,2026-03-18 08:06:42
6,Starved,2026-03-18 08:06:00,2026-03-18 08:06:42
5,Starved,2026-03-18 08:06:42,2026-03-18 08:06:44
3,Blocked,2026-03-18 08:06:30,2026-03-18 08:06:44
8,Starved,2026-03-18 08:06:36,2026-03-18 08:06:51
6,Running,2026-03-18 08:06:42,2026-03-18 08:07:39
3,Running,2026-03-18 08:06:44,2026-03-18 08:07:41
9,Running,2026-03-18 08:04:36,2026-03-18 08:07:46
9,Starved,2026-03-18 08:07:46,2026-03-18 08:07:56
8,Running,2026-03-18 08:06:51,2026-03-18 08:08:55
8,Starved,2026-03-18 08:08:55,2026-03-18 08:09:16
5,Running,2026-03-18 08:06:44,2026-03-18 08:09:38
5,Starved,2026-03-18 08:09:38,2026-03-18 08:09:45
8,Running,2026-03-18 08:09:16,2026-03-18 08:10:08
7,Running,2026-03-18 06:43:27,2026-03-18 08:10:28
8,Starved,2026-03-18 08:10:08,2026-03-18 08:10:28
5,Running,2026-03-18 08:09:45,2026-03-18 08:10:41
5,Starved,2026-03-18 08:10:41,2026-03-18 08:11:04
8,Running,2026-03-18 08:10:28,2026-03-18 08:11:27
9,Running,2026-03-18 08:07:56,2026-03-18 08:12:42
10,Running,2026-03-18 07:55:10,2026-03-18 08:14:01
5,Running,2026-03-18 08:11:04,2026-03-18 08:14:55
5,Starved,2026-03-18 08:14:55,2026-03-18 08:15:30
11,Running,2026-03-18 07:52:56,2026-03-18 08:15:50
5,Running,2026-03-18 08:15:30,2026-03-18 08:16:39
5,Starved,2026-03-18 08:16:39,2026-03-18 08:16:41
12,Running,2026-03-18 07:57:01,2026-03-18 08:16:59
5,Running,2026-03-18 08:16:41,2026-03-18 08:17:31
5,Starved,2026-03-18 08:17:31,2026-03-18 08:17:37
5,Running,2026-03-18 08:17:37,2026-03-18 08:18:29
4,Running,2026-03-18 07:54:02,2026-03-18 08:18:38
5,Starved,2026-03-18 08:18:29,2026-03-18 08:18:38
5,Running,2026-03-18 08:18:38,2026-03-18 08:19:39
6,Down,2026-03-18 08:07:39,2026-03-18 08:26:55
7,Starved,2026-03-18 08:10:28,2026-03-18 08:27:56
7,Running,2026-03-18 08:27:56,2026-03-18 08:28:57
8,Starved,2026-03-18 08:11:27,2026-03-18 08:28:57
7,Starved,2026-03-18 08:28:57,2026-03-18 08:28:58
8,Running,2026-03-18 08:28:57,2026-03-18 08:29:59
9,Starved,2026-03-18 08:12:42,2026-03-18 08:29:59
8,Starved,2026-03-18 08:29:59,2026-03-18 08:30:11
1,Down,2026-03-18 08:02:26,2026-03-18 08:30:49
9,Running,2026-03-18 08:29:59,2026-03-18 08:30:55
10,Starved,2026-03-18 08:14:01,2026-03-18 08:30:55
9,Starved,2026-03-18 08:30:55,2026-03-18 08:31:10
10,Running,2026-03-18 08:30:55,2026-03-18 08:31:43
11,Starved,2026-03-18 08:15:50,2026-03-18 08:31:43
2,Starved,2026-03-18 08:04:34,2026-03-18 08:31:43
8,Running,2026-03-18 08:30:11,2026-03-18 08:32:09
8,Starved,2026-03-18 08:32:09,2026-03-18 08:32:13
10,Starved,2026-03-18 08:31:43,2026-03-18 08:32:16
11,Running,2026-03-18 08:31:43,2026-03-18 08:32:44
12,Starved,2026-03-18 08:16:59,2026-03-18 08:32:44
3,Starved,2026-03-18 08:07:41,2026-03-18 08:32:51
9,Running,2026-03-18 08:31:10,2026-03-18 08:33:14
8,Running,2026-03-18 08:32:13,2026-03-18 08:33:21
9,Starved,2026-03-18 08:33:14,2026-03-18 08:33:21
7,Running,2026-03-18 08:28:58,2026-03-18 08:33:26
8,Starved,2026-03-18 08:33:21,2026-03-18 08:33:26
12,Running,2026-03-18 08:32:44,2026-03-18 08:33:47
3,Running,2026-03-18 08:32:51,2026-03-18 08:33:52
4,Starved,2026-03-18 08:18:38,2026-03-18 08:33:52
3,Starved,2026-03-18 08:33:52,2026-03-18 08:33:52
10,Running,2026-03-18 08:32:16,2026-03-18 08:34:13
9,Running,2026-03-18 08:33:21,2026-03-18 08:34:16
10,Starved,2026-03-18 08:34:13,2026-03-18 08:34:16
8,Running,2026-03-18 08:33:26,2026-03-18 08:34:28
9,Starved,2026-03-18 08:34:16,2026-03-18 08:34:28
3,Running,2026-03-18 08:33:52,2026-03-18 08:34:42
3,Starved,2026-03-18 08:34:42,2026-03-18 08:34:49
5,Starved,2026-03-18 08:19:39,2026-03-18 08:34:56
7,Down,2026-03-18 08:33:26,2026-03-18 08:35:06
10,Running,2026-03-18 08:34:16,2026-03-18 08:35:24
5,Running,2026-03-18 08:34:56,2026-03-18 08:35:48
9,Running,2026-03-18 08:34:28,2026-03-18 08:35:49
10,Starved,2026-03-18 08:35:24,2026-03-18 08:35:49
8,Starved,2026-03-18 08:34:28,2026-03-18 08:36:01
4,Running,2026-03-18 08:33:52,2026-03-18 08:36:44
10,Running,2026-03-18 08:35:49,2026-03-18 08:36:52
4,Starved,2026-03-18 08:36:44,2026-03-18 08:37:01
8,Running,2026-03-18 08:36:01,2026-03-18 08:37:06
9,Starved,2026-03-18 08:35:49,2026-03-18 08:37:06
8,Starved,2026-03-18 08:37:06,2026-03-18 08:37:13
5,Down,2026-03-18 08:35:48,2026-03-18 08:37:25
4,Running,2026-03-18 08:37:01,2026-03-18 08:37:56
4,Starved,2026-03-18 08:37:56,2026-03-18 08:38:00
8,Running,2026-03-18 08:37:13,2026-03-18 08:38:06
9,Running,2026-03-18 08:37:06,2026-03-18 08:38:10
10,Starved,2026-03-18 08:36:52,2026-03-18 08:38:10
8,Starved,2026-03-18 08:38:06,2026-03-18 08:38:16
2,Running,2026-03-18 08:31:43,2026-03-18 08:38:43
2,Starved,2026-03-18 08:38:43,2026-03-18 08:38:47
8,Running,2026-03-18 08:38:16,2026-03-18 08:39:11
10,Running,2026-03-18 08:38:10,2026-03-18 08:39:18
2,Running,2026-03-18 08:38:47,2026-03-18 08:39:42
2,Starved,2026-03-18 08:39:42,2026-03-18 08:39:45
8,Starved,2026-03-18 08:39:11,2026-03-18 08:39:48
9,Down,2026-03-18 08:38:10,2026-03-18 08:40:26
11,Down,2026-03-18 08:32:44,2026-03-18 08:40:29
2,Running,2026-03-18 08:39:45,2026-03-18 08:40:43
2,Starved,2026-03-18 08:40:43,2026-03-18 08:40:44
8,Running,2026-03-18 08:39:48,2026-03-18 08:40:46
8,Starved,2026-03-18 08:40:46,2026-03-18 08:40:54
10,Starved,2026-03-18 08:39:18,2026-03-18 08:41:18
12,Starved,2026-03-18 08:33:47,2026-03-18 08:41:32
3,Running,2026-03-18 08:34:49,2026-03-18 08:41:43
3,Starved,2026-03-18 08:41:43,2026-03-18 08:41:47
8,Running,2026-03-18 08:40:54,2026-03-18 08:41:50
8,Starved,2026-03-18 08:41:50,2026-03-18 08:41:53
10,Running,2026-03-18 08:41:18,2026-03-18 08:42:22
10,Starved,2026-03-18 08:42:22,2026-03-18 08:42:23
10,Running,2026-03-18 08:42:23,2026-03-18 08:43:24
10,Starved,2026-03-18 08:43:24,2026-03-18 08:43:36
8,Running,2026-03-18 08:41:53,2026-03-18 08:43:46
8,Starved,2026-03-18 08:43:46,2026-03-18 08:44:08
10,Running,2026-03-18 08:43:36,2026-03-18 08:44:37
10,Starved,2026-03-18 08:44:37,2026-03-18 08:44:38
8,Running,2026-03-18 08:44:08,2026-03-18 08:45:01
8,Starved,2026-03-18 08:45:01,2026-03-18 08:45:06
5,Running,2026-03-18 08:37:25,2026-03-18 08:45:40
5,Down,2026-03-18 08:45:40,2026-03-18 08:46:16
8,Running,2026-03-18 08:45:06,2026-03-18 08:47:06
8,Starved,2026-03-18 08:47:06,2026-03-18 08:47:08
10,Running,2026-03-18 08:44:38,2026-03-18 08:47:41
10,Starved,2026-03-18 08:47:41,2026-03-18 08:47:47
3,Running,2026-03-18 08:41:47,2026-03-18 08:48:01
8,Running,2026-03-18 08:47:08,2026-03-18 08:48:05
3,Starved,2026-03-18 08:48:01,2026-03-18 08:48:10
8,Starved,2026-03-18 08:48:05,2026-03-18 08:48:36
10,Running,2026-03-18 08:47:47,2026-03-18 08:48:44
10,Starved,2026-03-18 08:48:44,2026-03-18 08:48:49
3,Running,2026-03-18 08:48:10,2026-03-18 08:49:05
3,Starved,2026-03-18 08:49:05,2026-03-18 08:49:09
8,Running,2026-03-18 08:48:36,2026-03-18 08:49:41
10,Running,2026-03-18 08:48:49,2026-03-18 08:49:46
8,Starved,2026-03-18 08:49:41,2026-03-18 08:49:47
9,Running,2026-03-18 08:40:26,2026-03-18 08:49:49
10,Starved,2026-03-18 08:49:46,2026-03-18 08:49:49
6,Running,2026-03-18 08:26:55,2026-03-18 08:49:52
3,Running,2026-03-18 08:49:09,2026-03-18 08:49:59
3,Starved,2026-03-18 08:49:59,2026-03-18 08:50:01
8,Running,2026-03-18 08:49:47,2026-03-18 08:50:38
8,Starved,2026-03-18 08:50:38,2026-03-18 08:50:48
10,Running,2026-03-18 08:49:49,2026-03-18 08:50:48
3,Running,2026-03-18 08:50:01,2026-03-18 08:50:52
3,Starved,2026-03-18 08:50:52,2026-03-18 08:51:06
12,Running,2026-03-18 08:41:32,2026-03-18 08:51:15
12,Starved,2026-03-18 08:51:15,2026-03-18 08:51:30
8,Running,2026-03-18 08:50:48,2026-03-18 08:51:44
6,Down,2026-03-18 08:49:52,2026-03-18 08:51:49
8,Starved,2026-03-18 08:51:44,2026-03-18 08:52:10
11,Running,2026-03-18 08:40:29,2026-03-18 08:54:21
8,Running,2026-03-18 08:52:10,2026-03-18 08:55:08
8,Starved,2026-03-18 08:55:08,2026-03-18 08:55:24
12,Running,2026-03-18 08:51:30,2026-03-18 08:55:31
9,Down,2026-03-18 08:49:49,2026-03-18 08:55:58
5,Running,2026-03-18 08:46:16,2026-03-18 08:56:00
5,Starved,2026-03-18 08:56:00,2026-03-18 08:56:11
8,Running,2026-03-18 08:55:24,2026-03-18 08:56:22
8,Starved,2026-03-18 08:56:22,2026-03-18 08:56:25
2,Running,2026-03-18 08:40:44,2026-03-18 08:56:41
2,Starved,2026-03-18 08:56:41,2026-03-18 08:56:44
10,Starved,2026-03-18 08:50:48,2026-03-18 08:56:55
5,Running,2026-03-18 08:56:11,2026-03-18 08:57:18
5,Starved,2026-03-18 08:57:18,2026-03-18 08:57:29
10,Running,2026-03-18 08:56:55,2026-03-18 08:58:03
11,Starved,2026-03-18 08:54:21,2026-03-18 08:58:03
10,Starved,2026-03-18 08:58:03,2026-03-18 08:58:11
5,Running,2026-03-18 08:57:29,2026-03-18 08:58:22
5,Starved,2026-03-18 08:58:22,2026-03-18 08:58:44
11,Running,2026-03-18 08:58:03,2026-03-18 08:58:55
12,Starved,2026-03-18 08:55:31,2026-03-18 08:58:55
11,Starved,2026-03-18 08:58:55,2026-03-18 08:59:18
5,Running,2026-03-18 08:58:44,2026-03-18 08:59:43
5,Starved,2026-03-18 08:59:43,2026-03-18 08:59:49
12,Running,2026-03-18 08:58:55,2026-03-18 09:00:01
10,Running,2026-03-18 08:58:11,2026-03-18 09:00:14
10,Starved,2026-03-18 09:00:14,2026-03-18 09:00:16
8,Running,2026-03-18 08:56:25,2026-03-18 09:00:18
12,Starved,2026-03-18 09:00:01,2026-03-18 09:00:19
8,Starved,2026-03-18 09:00:18,2026-03-18 09:00:34
5,Running,2026-03-18 08:59:49,2026-03-18 09:00:46
5,Starved,2026-03-18 09:00:46,2026-03-18 09:00:51
10,Running,2026-03-18 09:00:16,2026-03-18 09:01:15
10,Starved,2026-03-18 09:01:15,2026-03-18 09:01:23
5,Running,2026-03-18 09:00:51,2026-03-18 09:01:50
5,Starved,2026-03-18 09:01:50,2026-03-18 09:01:58
10,Running,2026-03-18 09:01:23,2026-03-18 09:02:17
10,Starved,2026-03-18 09:02:17,2026-03-18 09:02:32
11,Running,2026-03-18 08:59:18,2026-03-18 09:03:22
11,Starved,2026-03-18 09:03:22,2026-03-18 09:03:26
8,Running,2026-03-18 09:00:34,2026-03-18 09:03:38
8,Starved,2026-03-18 09:03:38,2026-03-18 09:03:41
11,Running,2026-03-18 09:03:26,2026-03-18 09:04:15
11,Starved,2026-03-18 09:04:15,2026-03-18 09:04:28
8,Running,2026-03-18 09:03:41,2026-03-18 09:04:42
8,Starved,2026-03-18 09:04:42,2026-03-18 09:05:04
12,Running,2026-03-18 09:00:19,2026-03-18 09:05:26
11,Running,2026-03-18 09:04:28,2026-03-18 09:05:28
12,Starved,2026-03-18 09:05:26,2026-03-18 09:05:28
11,Starved,2026-03-18 09:05:28,2026-03-18 09:05:44
8,Running,2026-03-18 09:05:04,2026-03-18 09:05:57
5,Running,2026-03-18 09:01:58,2026-03-18 09:06:04
8,Starved,2026-03-18 09:05:57,2026-03-18 09:06:13
5,Starved,2026-03-18 09:06:04,2026-03-18 09:06:26
12,Running,2026-03-18 09:05:28,2026-03-18 09:06:34
12,Starved,2026-03-18 09:06:34,2026-03-18 09:06:43
8,Running,2026-03-18 09:06:13,2026-03-18 09:07:15
8,Starved,2026-03-18 09:07:15,2026-03-18 09:07:18
5,Running,2026-03-18 09:06:26,2026-03-18 09:07:27
12,Running,2026-03-18 09:06:43,2026-03-18 09:07:36
11,Running,2026-03-18 09:05:44,2026-03-18 09:07:38
12,Starved,2026-03-18 09:07:36,2026-03-18 09:07:38
5,Starved,2026-03-18 09:07:27,2026-03-18 09:07:40
11,Starved,2026-03-18 09:07:38,2026-03-18 09:07:42
5,Running,2026-03-18 09:07:40,2026-03-18 09:08:39
12,Running,2026-03-18 09:07:38,2026-03-18 09:08:43
12,Starved,2026-03-18 09:08:43,2026-03-18 09:08:44
4,Running,2026-03-18 08:38:00,2026-03-18 09:09:03
5,Starved,2026-03-18 09:08:39,2026-03-18 09:09:03
8,Running,2026-03-18 09:07:18,2026-03-18 09:09:19
2,Running,2026-03-18 08:56:44,2026-03-18 09:09:27
2,Starved,2026-03-18 09:09:27,2026-03-18 09:09:28
8,Starved,2026-03-18 09:09:19,2026-03-18 09:09:29
11,Running,2026-03-18 09:07:42,2026-03-18 09:09:36
11,Starved,2026-03-18 09:09:36,2026-03-18 09:09:46
5,Running,2026-03-18 09:09:03,2026-03-18 09:10:00
12,Running,2026-03-18 09:08:44,2026-03-18 09:10:38
11,Running,2026-03-18 09:09:46,2026-03-18 09:10:49
12,Starved,2026-03-18 09:10:38,2026-03-18 09:10:49
11,Starved,2026-03-18 09:10:49,2026-03-18 09:10:53
8,Running,2026-03-18 09:09:29,2026-03-18 09:11:19
8,Starved,2026-03-18 09:11:19,2026-03-18 09:11:27
6,Running,2026-03-18 08:51:49,2026-03-18 09:11:41
12,Running,2026-03-18 09:10:49,2026-03-18 09:11:50
11,Running,2026-03-18 09:10:53,2026-03-18 09:11:52
12,Starved,2026-03-18 09:11:50,2026-03-18 09:11:52
11,Starved,2026-03-18 09:11:52,2026-03-18 09:11:52
8,Running,2026-03-18 09:11:27,2026-03-18 09:12:27
8,Starved,2026-03-18 09:12:27,2026-03-18 09:12:45
3,Running,2026-03-18 08:51:06,2026-03-18 09:13:48
8,Running,2026-03-18 09:12:45,2026-03-18 09:13:49
10,Running,2026-03-18 09:02:32,2026-03-18 09:13:56
8,Starved,2026-03-18 09:13:49,2026-03-18 09:14:03
10,Starved,2026-03-18 09:13:56,2026-03-18 09:14:03
12,Running,2026-03-18 09:11:52,2026-03-18 09:14:56
11,Running,2026-03-18 09:11:52,2026-03-18 09:14:57
12,Starved,2026-03-18 09:14:56,2026-03-18 09:14:57
10,Running,2026-03-18 09:14:03,2026-03-18 09:15:01
11,Starved,2026-03-18 09:14:57,2026-03-18 09:15:01
8,Running,2026-03-18 09:14:03,2026-03-18 09:15:02
10,Starved,2026-03-18 09:15:01,2026-03-18 09:15:15
8,Starved,2026-03-18 09:15:02,2026-03-18 09:15:20
11,Running,2026-03-18 09:15:01,2026-03-18 09:16:02
11,Starved,2026-03-18 09:16:02,2026-03-18 09:16:12
12,Running,2026-03-18 09:14:57,2026-03-18 09:17:07
11,Running,2026-03-18 09:16:12,2026-03-18 09:17:09
12,Starved,2026-03-18 09:17:07,2026-03-18 09:17:09
10,Running,2026-03-18 09:15:15,2026-03-18 09:17:15
11,Starved,2026-03-18 09:17:09,2026-03-18 09:17:15
10,Starved,2026-03-18 09:17:15,2026-03-18 09:17:18
8,Running,2026-03-18 09:15:20,2026-03-18 09:17:24
7,Running,2026-03-18 08:35:06,2026-03-18 09:17:27
8,Starved,2026-03-18 09:17:24,2026-03-18 09:17:27
12,Running,2026-03-18 09:17:09,2026-03-18 09:18:05
10,Running,2026-03-18 09:17:18,2026-03-18 09:18:09
12,Starved,2026-03-18 09:18:05,2026-03-18 09:18:10
2,Running,2026-03-18 09:09:28,2026-03-18 09:18:11
2,Starved,2026-03-18 09:18:11,2026-03-18 09:18:13
10,Starved,2026-03-18 09:18:09,2026-03-18 09:18:14
8,Running,2026-03-18 09:17:27,2026-03-18 09:18:31
12,Running,2026-03-18 09:18:10,2026-03-18 09:19:03
4,Down,2026-03-18 09:09:03,2026-03-18 09:19:06
3,Blocked,2026-03-18 09:13:48,2026-03-18 09:19:06
10,Running,2026-03-18 09:18:14,2026-03-18 09:19:08
12,Starved,2026-03-18 09:19:03,2026-03-18 09:19:15
10,Starved,2026-03-18 09:19:08,2026-03-18 09:19:22
3,Running,2026-03-18 09:19:06,2026-03-18 09:20:01
5,Starved,2026-03-18 09:10:00,2026-03-18 09:20:15
3,Blocked,2026-03-18 09:20:01,2026-03-18 09:20:15
11,Running,2026-03-18 09:17:15,2026-03-18 09:20:18
10,Running,2026-03-18 09:19:22,2026-03-18 09:20:22
11,Starved,2026-03-18 09:20:18,2026-03-18 09:20:22
10,Starved,2026-03-18 09:20:22,2026-03-18 09:20:27
2,Running,2026-03-18 09:18:13,2026-03-18 09:20:57
2,Starved,2026-03-18 09:20:57,2026-03-18 09:21:11
3,Running,2026-03-18 09:20:15,2026-03-18 09:21:15
5,Running,2026-03-18 09:20:15,2026-03-18 09:21:17
6,Starved,2026-03-18 09:11:41,2026-03-18 09:21:17
12,Running,2026-03-18 09:19:15,2026-03-18 09:21:17
11,Running,2026-03-18 09:20:22,2026-03-18 09:21:17
12,Starved,2026-03-18 09:21:17,2026-03-18 09:21:17
5,Starved,2026-03-18 09:21:17,2026-03-18 09:21:21
3,Blocked,2026-03-18 09:21:15,2026-03-18 09:21:21
10,Running,2026-03-18 09:20:27,2026-03-18 09:21:30
11,Starved,2026-03-18 09:21:17,2026-03-18 09:21:30
10,Starved,2026-03-18 09:21:30,2026-03-18 09:21:39
12,Running,2026-03-18 09:21:17,2026-03-18 09:22:21
7,Starved,2026-03-18 09:17:27,2026-03-18 09:22:24
10,Running,2026-03-18 09:21:39,2026-03-18 09:22:32
12,Starved,2026-03-18 09:22:21,2026-03-18 09:22:33
10,Starved,2026-03-18 09:22:32,2026-03-18 09:22:34
7,Running,2026-03-18 09:22:24,2026-03-18 09:23:13
8,Starved,2026-03-18 09:18:31,2026-03-18 09:23:13
3,Running,2026-03-18 09:21:21,2026-03-18 09:23:16
6,Running,2026-03-18 09:21:17,2026-03-18 09:23:19
7,Starved,2026-03-18 09:23:13,2026-03-18 09:23:19
5,Running,2026-03-18 09:21:21,2026-03-18 09:23:25
6,Starved,2026-03-18 09:23:19,2026-03-18 09:23:25
11,Running,2026-03-18 09:21:30,2026-03-18 09:23:28
10,Running,2026-03-18 09:22:34,2026-03-18 09:23:29
11,Starved,2026-03-18 09:23:28,2026-03-18 09:23:29
5,Starved,2026-03-18 09:23:25,2026-03-18 09:23:38
3,Blocked,2026-03-18 09:23:16,2026-03-18 09:23:38
10,Starved,2026-03-18 09:23:29,2026-03-18 09:23:46
2,Running,2026-03-18 09:21:11,2026-03-18 09:24:12
8,Running,2026-03-18 09:23:13,2026-03-18 09:24:14
2,Starved,2026-03-18 09:24:12,2026-03-18 09:24:14
7,Running,2026-03-18 09:23:19,2026-03-18 09:24:18
8,Starved,2026-03-18 09:24:14,2026-03-18 09:24:18
6,Running,2026-03-18 09:23:25,2026-03-18 09:24:24
7,Starved,2026-03-18 09:24:18,2026-03-18 09:24:24
11,Running,2026-03-18 09:23:29,2026-03-18 09:24:29
3,Running,2026-03-18 09:23:38,2026-03-18 09:24:37
5,Running,2026-03-18 09:23:38,2026-03-18 09:24:38
6,Starved,2026-03-18 09:24:24,2026-03-18 09:24:38
5,Starved,2026-03-18 09:24:38,2026-03-18 09:24:40
3,Blocked,2026-03-18 09:24:37,2026-03-18 09:24:40
11,Starved,2026-03-18 09:24:29,2026-03-18 09:24:52
2,Running,2026-03-18 09:24:14,2026-03-18 09:25:13
2,Starved,2026-03-18 09:25:13,2026-03-18 09:25:14
8,Running,2026-03-18 09:24:18,2026-03-18 09:25:17
7,Running,2026-03-18 09:24:24,2026-03-18 09:25:31
8,Starved,2026-03-18 09:25:17,2026-03-18 09:25:31
3,Running,2026-03-18 09:24:40,2026-03-18 09:25:35
12,Running,2026-03-18 09:22:33,2026-03-18 09:25:35
6,Running,2026-03-18 09:24:38,2026-03-18 09:25:39
7,Starved,2026-03-18 09:25:31,2026-03-18 09:25:39
5,Running,2026-03-18 09:24:40,2026-03-18 09:25:40
6,Starved,2026-03-18 09:25:39,2026-03-18 09:25:40
11,Running,2026-03-18 09:24:52,2026-03-18 09:25:53
12,Starved,2026-03-18 09:25:35,2026-03-18 09:25:53
5,Starved,2026-03-18 09:25:40,2026-03-18 09:25:55
3,Blocked,2026-03-18 09:25:35,2026-03-18 09:25:55
11,Starved,2026-03-18 09:25:53,2026-03-18 09:26:00
8,Running,2026-03-18 09:25:31,2026-03-18 09:26:22
6,Running,2026-03-18 09:25:40,2026-03-18 09:26:37
12,Running,2026-03-18 09:25:53,2026-03-18 09:26:43
3,Running,2026-03-18 09:25:55,2026-03-18 09:26:50
3,Blocked,2026-03-18 09:26:50,2026-03-18 09:26:57
6,Starved,2026-03-18 09:26:37,2026-03-18 09:26:59
2,Running,2026-03-18 09:25:14,2026-03-18 09:27:01
8,Starved,2026-03-18 09:26:22,2026-03-18 09:27:01
12,Starved,2026-03-18 09:26:43,2026-03-18 09:27:02
2,Starved,2026-03-18 09:27:01,2026-03-18 09:27:09
5,Running,2026-03-18 09:25:55,2026-03-18 09:27:50
3,Running,2026-03-18 09:26:57,2026-03-18 09:27:50
8,Running,2026-03-18 09:27:01,2026-03-18 09:27:52
8,Starved,2026-03-18 09:27:52,2026-03-18 09:27:59
5,Starved,2026-03-18 09:27:50,2026-03-18 09:28:35
3,Blocked,2026-03-18 09:27:50,2026-03-18 09:28:35
10,Running,2026-03-18 09:23:46,2026-03-18 09:28:50
6,Running,2026-03-18 09:26:59,2026-03-18 09:28:51
10,Starved,2026-03-18 09:28:50,2026-03-18 09:28:56
8,Running,2026-03-18 09:27:59,2026-03-18 09:29:03
8,Starved,2026-03-18 09:29:03,2026-03-18 09:29:14
3,Running,2026-03-18 09:28:35,2026-03-18 09:29:30
5,Running,2026-03-18 09:28:35,2026-03-18 09:29:37
6,Starved,2026-03-18 09:28:51,2026-03-18 09:29:37
5,Starved,2026-03-18 09:29:37,2026-03-18 09:29:38
3,Blocked,2026-03-18 09:29:30,2026-03-18 09:29:38
11,Running,2026-03-18 09:26:00,2026-03-18 09:29:50
10,Running,2026-03-18 09:28:56,2026-03-18 09:30:05
11,Starved,2026-03-18 09:29:50,2026-03-18 09:30:05
10,Starved,2026-03-18 09:30:05,2026-03-18 09:30:06
8,Running,2026-03-18 09:29:14,2026-03-18 09:30:11
7,Running,2026-03-18 09:25:39,2026-03-18 09:30:24
8,Starved,2026-03-18 09:30:11,2026-03-18 09:30:24
5,Running,2026-03-18 09:29:38,2026-03-18 09:30:33
3,Running,2026-03-18 09:29:38,2026-03-18 09:30:41
7,Starved,2026-03-18 09:30:24,2026-03-18 09:30:44
5,Starved,2026-03-18 09:30:33,2026-03-18 09:30:47
3,Blocked,2026-03-18 09:30:41,2026-03-18 09:30:47
11,Running,2026-03-18 09:30:05,2026-03-18 09:31:04
11,Starved,2026-03-18 09:31:04,2026-03-18 09:31:09
8,Running,2026-03-18 09:30:24,2026-03-18 09:31:20
3,Running,2026-03-18 09:30:47,2026-03-18 09:31:45
6,Running,2026-03-18 09:29:37,2026-03-18 09:31:47
5,Running,2026-03-18 09:30:47,2026-03-18 09:31:49
6,Starved,2026-03-18 09:31:47,2026-03-18 09:31:49
5,Starved,2026-03-18 09:31:49,2026-03-18 09:31:51
3,Blocked,2026-03-18 09:31:45,2026-03-18 09:31:51
8,Starved,2026-03-18 09:31:20,2026-03-18 09:32:00
5,Running,2026-03-18 09:31:51,2026-03-18 09:32:53
3,Running,2026-03-18 09:31:51,2026-03-18 09:32:53
10,Running,2026-03-18 09:30:06,2026-03-18 09:33:15
10,Starved,2026-03-18 09:33:15,2026-03-18 09:33:18
5,Starved,2026-03-18 09:32:53,2026-03-18 09:33:18
3,Blocked,2026-03-18 09:32:53,2026-03-18 09:33:18
6,Running,2026-03-18 09:31:49,2026-03-18 09:33:58
12,Running,2026-03-18 09:27:02,2026-03-18 09:34:15
3,Running,2026-03-18 09:33:18,2026-03-18 09:34:17
3,Blocked,2026-03-18 09:34:17,2026-03-18 09:34:18
5,Running,2026-03-18 09:33:18,2026-03-18 09:34:20
6,Starved,2026-03-18 09:33:58,2026-03-18 09:34:20
11,Running,2026-03-18 09:31:09,2026-03-18 09:34:26
12,Starved,2026-03-18 09:34:15,2026-03-18 09:34:26
10,Running,2026-03-18 09:33:18,2026-03-18 09:34:26
11,Starved,2026-03-18 09:34:26,2026-03-18 09:34:26
10,Starved,2026-03-18 09:34:26,2026-03-18 09:34:27
5,Down,2026-03-18 09:34:20,2026-03-18 09:35:00
8,Running,2026-03-18 09:32:00,2026-03-18 09:35:07
6,Running,2026-03-18 09:34:20,2026-03-18 09:35:11
8,Starved,2026-03-18 09:35:07,2026-03-18 09:35:12
10,Running,2026-03-18 09:34:27,2026-03-18 09:35:18
3,Running,2026-03-18 09:34:18,2026-03-18 09:35:19
10,Starved,2026-03-18 09:35:18,2026-03-18 09:35:21
3,Blocked,2026-03-18 09:35:19,2026-03-18 09:35:33
6,Starved,2026-03-18 09:35:11,2026-03-18 09:36:06
9,Running,2026-03-18 08:55:58,2026-03-18 09:36:11
8,Running,2026-03-18 09:35:12,2026-03-18 09:36:22
9,Starved,2026-03-18 09:36:11,2026-03-18 09:36:22
12,Running,2026-03-18 09:34:26,2026-03-18 09:36:23
12,Starved,2026-03-18 09:36:23,2026-03-18 09:36:23
7,Running,2026-03-18 09:30:44,2026-03-18 09:36:30
8,Starved,2026-03-18 09:36:22,2026-03-18 09:36:30
3,Running,2026-03-18 09:35:33,2026-03-18 09:36:33
3,Blocked,2026-03-18 09:36:33,2026-03-18 09:36:48
6,Running,2026-03-18 09:36:06,2026-03-18 09:37:02
7,Starved,2026-03-18 09:36:30,2026-03-18 09:37:02
6,Starved,2026-03-18 09:37:02,2026-03-18 09:37:09
9,Running,2026-03-18 09:36:22,2026-03-18 09:37:17
8,Running,2026-03-18 09:36:30,2026-03-18 09:37:35
9,Starved,2026-03-18 09:37:17,2026-03-18 09:37:35
7,Running,2026-03-18 09:37:02,2026-03-18 09:37:54
8,Starved,2026-03-18 09:37:35,2026-03-18 09:37:54
3,Running,2026-03-18 09:36:48,2026-03-18 09:37:58
6,Running,2026-03-18 09:37:09,2026-03-18 09:38:01
7,Starved,2026-03-18 09:37:54,2026-03-18 09:38:01
5,Running,2026-03-18 09:35:00,2026-03-18 09:38:09
6,Starved,2026-03-18 09:38:01,2026-03-18 09:38:09
10,Running,2026-03-18 09:35:21,2026-03-18 09:38:25
5,Starved,2026-03-18 09:38:09,2026-03-18 09:38:25
3,Blocked,2026-03-18 09:37:58,2026-03-18 09:38:25
9,Running,2026-03-18 09:37:35,2026-03-18 09:38:53
10,Starved,2026-03-18 09:38:25,2026-03-18 09:38:53
7,Running,2026-03-18 09:38:01,2026-03-18 09:38:53
9,Starved,2026-03-18 09:38:53,2026-03-18 09:38:57
6,Running,2026-03-18 09:38:09,2026-03-18 09:39:09
7,Starved,2026-03-18 09:38:53,2026-03-18 09:39:09
3,Running,2026-03-18 09:38:25,2026-03-18 09:39:21
5,Running,2026-03-18 09:38:25,2026-03-18 09:39:22
6,Starved,2026-03-18 09:39:09,2026-03-18 09:39:22
11,Running,2026-03-18 09:34:26,2026-03-18 09:39:23
5,Starved,2026-03-18 09:39:22,2026-03-18 09:39:28
3,Blocked,2026-03-18 09:39:21,2026-03-18 09:39:28
8,Running,2026-03-18 09:37:54,2026-03-18 09:39:47
11,Starved,2026-03-18 09:39:23,2026-03-18 09:39:51
2,Running,2026-03-18 09:27:09,2026-03-18 09:40:06
2,Starved,2026-03-18 09:40:06,2026-03-18 09:40:15
6,Running,2026-03-18 09:39:22,2026-03-18 09:40:18
8,Starved,2026-03-18 09:39:47,2026-03-18 09:40:28
5,Running,2026-03-18 09:39:28,2026-03-18 09:40:28
6,Starved,2026-03-18 09:40:18,2026-03-18 09:40:28
5,Starved,2026-03-18 09:40:28,2026-03-18 09:40:31
12,Running,2026-03-18 09:36:23,2026-03-18 09:40:37
9,Running,2026-03-18 09:38:57,2026-03-18 09:40:48
12,Starved,2026-03-18 09:40:37,2026-03-18 09:40:54
5,Running,2026-03-18 09:40:31,2026-03-18 09:41:25
8,Running,2026-03-18 09:40:28,2026-03-18 09:41:26
9,Starved,2026-03-18 09:40:48,2026-03-18 09:41:26
3,Running,2026-03-18 09:39:28,2026-03-18 09:41:30
5,Starved,2026-03-18 09:41:25,2026-03-18 09:41:44
3,Blocked,2026-03-18 09:41:30,2026-03-18 09:41:44
12,Running,2026-03-18 09:40:54,2026-03-18 09:41:52
8,Starved,2026-03-18 09:41:26,2026-03-18 09:41:55
11,Running,2026-03-18 09:39:51,2026-03-18 09:41:55
12,Starved,2026-03-18 09:41:52,2026-03-18 09:41:55
10,Running,2026-03-18 09:38:53,2026-03-18 09:41:58
11,Starved,2026-03-18 09:41:55,2026-03-18 09:41:58
6,Running,2026-03-18 09:40:28,2026-03-18 09:42:33
5,Running,2026-03-18 09:41:44,2026-03-18 09:42:40
6,Starved,2026-03-18 09:42:33,2026-03-18 09:42:40
3,Running,2026-03-18 09:41:44,2026-03-18 09:42:49
9,Running,2026-03-18 09:41:26,2026-03-18 09:42:53
10,Starved,2026-03-18 09:41:58,2026-03-18 09:42:53
5,Starved,2026-03-18 09:42:40,2026-03-18 09:42:56
3,Blocked,2026-03-18 09:42:49,2026-03-18 09:42:56
12,Running,2026-03-18 09:41:55,2026-03-18 09:42:59
9,Starved,2026-03-18 09:42:53,2026-03-18 09:43:01
11,Running,2026-03-18 09:41:58,2026-03-18 09:43:05
12,Starved,2026-03-18 09:42:59,2026-03-18 09:43:05
6,Running,2026-03-18 09:42:40,2026-03-18 09:43:40
10,Running,2026-03-18 09:42:53,2026-03-18 09:43:48
11,Starved,2026-03-18 09:43:05,2026-03-18 09:43:48
3,Running,2026-03-18 09:42:56,2026-03-18 09:43:50
12,Running,2026-03-18 09:43:05,2026-03-18 09:44:03
3,Blocked,2026-03-18 09:43:50,2026-03-18 09:44:06
6,Starved,2026-03-18 09:43:40,2026-03-18 09:44:06
10,Starved,2026-03-18 09:43:48,2026-03-18 09:44:26
11,Running,2026-03-18 09:43:48,2026-03-18 09:44:47
12,Starved,2026-03-18 09:44:03,2026-03-18 09:44:47
6,Running,2026-03-18 09:44:06,2026-03-18 09:44:56
8,Running,2026-03-18 09:41:55,2026-03-18 09:44:57
5,Running,2026-03-18 09:42:56,2026-03-18 09:44:58
6,Starved,2026-03-18 09:44:56,2026-03-18 09:44:58
3,Running,2026-03-18 09:44:06,2026-03-18 09:45:06
5,Starved,2026-03-18 09:44:58,2026-03-18 09:45:08
3,Blocked,2026-03-18 09:45:06,2026-03-18 09:45:08
8,Starved,2026-03-18 09:44:57,2026-03-18 09:45:10
11,Starved,2026-03-18 09:44:47,2026-03-18 09:45:30
12,Running,2026-03-18 09:44:47,2026-03-18 09:45:48
6,Running,2026-03-18 09:44:58,2026-03-18 09:45:49
3,Running,2026-03-18 09:45:08,2026-03-18 09:45:58
8,Running,2026-03-18 09:45:10,2026-03-18 09:46:02
5,Running,2026-03-18 09:45:08,2026-03-18 09:46:02
6,Starved,2026-03-18 09:45:49,2026-03-18 09:46:02
8,Starved,2026-03-18 09:46:02,2026-03-18 09:46:12
5,Starved,2026-03-18 09:46:02,2026-03-18 09:46:14
3,Blocked,2026-03-18 09:45:58,2026-03-18 09:46:14
10,Running,2026-03-18 09:44:26,2026-03-18 09:46:26
12,Starved,2026-03-18 09:45:48,2026-03-18 09:46:26
10,Starved,2026-03-18 09:46:26,2026-03-18 09:46:27
6,Running,2026-03-18 09:46:02,2026-03-18 09:47:04
8,Running,2026-03-18 09:46:12,2026-03-18 09:47:12
3,Running,2026-03-18 09:46:14,2026-03-18 09:47:15
8,Starved,2026-03-18 09:47:12,2026-03-18 09:47:19
12,Running,2026-03-18 09:46:26,2026-03-18 09:47:20
5,Running,2026-03-18 09:46:14,2026-03-18 09:47:21
6,Starved,2026-03-18 09:47:04,2026-03-18 09:47:21
5,Starved,2026-03-18 09:47:21,2026-03-18 09:47:23
3,Blocked,2026-03-18 09:47:15,2026-03-18 09:47:23
10,Running,2026-03-18 09:46:27,2026-03-18 09:47:27
12,Starved,2026-03-18 09:47:20,2026-03-18 09:47:31
10,Starved,2026-03-18 09:47:27,2026-03-18 09:47:44
8,Running,2026-03-18 09:47:19,2026-03-18 09:48:12
7,Running,2026-03-18 09:39:09,2026-03-18 09:48:13
8,Starved,2026-03-18 09:48:12,2026-03-18 09:48:13
6,Running,2026-03-18 09:47:21,2026-03-18 09:48:16
7,Starved,2026-03-18 09:48:13,2026-03-18 09:48:16
6,Starved,2026-03-18 09:48:16,2026-03-18 09:48:24
12,Running,2026-03-18 09:47:31,2026-03-18 09:48:28
10,Running,2026-03-18 09:47:44,2026-03-18 09:48:35
12,Starved,2026-03-18 09:48:28,2026-03-18 09:48:41
10,Starved,2026-03-18 09:48:35,2026-03-18 09:48:46
8,Running,2026-03-18 09:48:13,2026-03-18 09:49:08
7,Running,2026-03-18 09:48:16,2026-03-18 09:49:23
8,Starved,2026-03-18 09:49:08,2026-03-18 09:49:23
6,Running,2026-03-18 09:48:24,2026-03-18 09:49:23
7,Starved,2026-03-18 09:49:23,2026-03-18 09:49:23
6,Starved,2026-03-18 09:49:23,2026-03-18 09:49:25
11,Running,2026-03-18 09:45:30,2026-03-18 09:49:35
9,Running,2026-03-18 09:43:01,2026-03-18 09:49:41
11,Starved,2026-03-18 09:49:35,2026-03-18 09:49:54
5,Running,2026-03-18 09:47:23,2026-03-18 09:50:21
8,Running,2026-03-18 09:49:23,2026-03-18 09:50:23
8,Starved,2026-03-18 09:50:23,2026-03-18 09:50:36
3,Running,2026-03-18 09:47:23,2026-03-18 09:50:37
12,Running,2026-03-18 09:48:41,2026-03-18 09:50:40
11,Running,2026-03-18 09:49:54,2026-03-18 09:50:49
12,Starved,2026-03-18 09:50:40,2026-03-18 09:50:49
5,Starved,2026-03-18 09:50:21,2026-03-18 09:50:56
3,Blocked,2026-03-18 09:50:37,2026-03-18 09:50:56
10,Running,2026-03-18 09:48:46,2026-03-18 09:51:05
11,Starved,2026-03-18 09:50:49,2026-03-18 09:51:05
6,Running,2026-03-18 09:49:25,2026-03-18 09:51:32
8,Running,2026-03-18 09:50:36,2026-03-18 09:51:39
8,Starved,2026-03-18 09:51:39,2026-03-18 09:51:40
12,Running,2026-03-18 09:50:49,2026-03-18 09:51:44
3,Running,2026-03-18 09:50:56,2026-03-18 09:51:52
5,Running,2026-03-18 09:50:56,2026-03-18 09:51:55
6,Starved,2026-03-18 09:51:32,2026-03-18 09:51:55
11,Running,2026-03-18 09:51:05,2026-03-18 09:51:58
12,Starved,2026-03-18 09:51:44,2026-03-18 09:51:58
5,Starved,2026-03-18 09:51:55,2026-03-18 09:52:24
3,Blocked,2026-03-18 09:51:52,2026-03-18 09:52:24
8,Running,2026-03-18 09:51:40,2026-03-18 09:52:40
7,Running,2026-03-18 09:49:23,2026-03-18 09:52:45
8,Down,2026-03-18 09:52:40,2026-03-18 09:52:51
6,Running,2026-03-18 09:51:55,2026-03-18 09:52:55
7,Starved,2026-03-18 09:52:45,2026-03-18 09:52:55
12,Running,2026-03-18 09:51:58,2026-03-18 09:52:59
5,Running,2026-03-18 09:52:24,2026-03-18 09:53:29
6,Starved,2026-03-18 09:52:55,2026-03-18 09:53:29
3,Running,2026-03-18 09:52:24,2026-03-18 09:53:32
5,Starved,2026-03-18 09:53:29,2026-03-18 09:53:36
3,Blocked,2026-03-18 09:53:32,2026-03-18 09:53:36
8,Running,2026-03-18 09:52:51,2026-03-18 09:53:51
7,Running,2026-03-18 09:52:55,2026-03-18 09:54:13
8,Starved,2026-03-18 09:53:51,2026-03-18 09:54:13
6,Running,2026-03-18 09:53:29,2026-03-18 09:54:26
7,Starved,2026-03-18 09:54:13,2026-03-18 09:54:26
5,Running,2026-03-18 09:53:36,2026-03-18 09:54:39
6,Starved,2026-03-18 09:54:26,2026-03-18 09:54:39
5,Starved,2026-03-18 09:54:39,2026-03-18 09:54:39
9,Down,2026-03-18 09:49:41,2026-03-18 09:54:59
8,Running,2026-03-18 09:54:13,2026-03-18 09:55:09
5,Running,2026-03-18 09:54:39,2026-03-18 09:55:42
5,Starved,2026-03-18 09:55:42,2026-03-18 09:55:48
8,Starved,2026-03-18 09:55:09,2026-03-18 09:55:54
10,Starved,2026-03-18 09:51:05,2026-03-18 09:56:06
6,Running,2026-03-18 09:54:39,2026-03-18 09:56:41
5,Running,2026-03-18 09:55:48,2026-03-18 09:56:41
6,Starved,2026-03-18 09:56:41,2026-03-18 09:56:41
3,Running,2026-03-18 09:53:36,2026-03-18 09:56:44
8,Running,2026-03-18 09:55:54,2026-03-18 09:56:50
8,Starved,2026-03-18 09:56:50,2026-03-18 09:56:53
5,Starved,2026-03-18 09:56:41,2026-03-18 09:57:03
3,Blocked,2026-03-18 09:56:44,2026-03-18 09:57:03
10,Running,2026-03-18 09:56:06,2026-03-18 09:57:06
11,Starved,2026-03-18 09:51:58,2026-03-18 09:57:06
6,Running,2026-03-18 09:56:41,2026-03-18 09:57:40
8,Running,2026-03-18 09:56:53,2026-03-18 09:57:46
3,Running,2026-03-18 09:57:03,2026-03-18 09:57:56
3,Blocked,2026-03-18 09:57:56,2026-03-18 09:57:58
6,Starved,2026-03-18 09:57:40,2026-03-18 09:58:02
11,Running,2026-03-18 09:57:06,2026-03-18 09:58:03
12,Starved,2026-03-18 09:52:59,2026-03-18 09:58:03
8,Starved,2026-03-18 09:57:46,2026-03-18 09:58:03
8,Running,2026-03-18 09:58:03,2026-03-18 09:58:51
5,Running,2026-03-18 09:57:03,2026-03-18 09:58:52
12,Running,2026-03-18 09:58:03,2026-03-18 09:58:58
3,Running,2026-03-18 09:57:58,2026-03-18 09:59:05
8,Starved,2026-03-18 09:58:51,2026-03-18 09:59:08
10,Down,2026-03-18 09:57:06,2026-03-18 09:59:16
5,Starved,2026-03-18 09:58:52,2026-03-18 09:59:21
3,Blocked,2026-03-18 09:59:05,2026-03-18 09:59:21
6,Running,2026-03-18 09:58:02,2026-03-18 10:00:01
8,Running,2026-03-18 09:59:08,2026-03-18 10:00:10
8,Starved,2026-03-18 10:00:10,2026-03-18 10:00:16
11,Starved,2026-03-18 09:58:03,2026-03-18 10:00:16
6,Starved,2026-03-18 10:00:01,2026-03-18 10:00:19
5,Running,2026-03-18 09:59:21,2026-03-18 10:01:12
8,Running,2026-03-18 10:00:16,2026-03-18 10:01:14
11,Running,2026-03-18 10:00:16,2026-03-18 10:01:15
12,Starved,2026-03-18 09:58:58,2026-03-18 10:01:15
8,Starved,2026-03-18 10:01:14,2026-03-18 10:01:20
11,Starved,2026-03-18 10:01:15,2026-03-18 10:01:21
5,Starved,2026-03-18 10:01:12,2026-03-18 10:01:28
12,Running,2026-03-18 10:01:15,2026-03-18 10:02:14
11,Running,2026-03-18 10:01:21,2026-03-18 10:02:25
12,Starved,2026-03-18 10:02:14,2026-03-18 10:02:25
5,Running,2026-03-18 10:01:28,2026-03-18 10:02:26
11,Starved,2026-03-18 10:02:25,2026-03-18 10:02:27
8,Running,2026-03-18 10:01:20,2026-03-18 10:02:28
5,Starved,2026-03-18 10:02:26,2026-03-18 10:02:32
8,Starved,2026-03-18 10:02:28,2026-03-18 10:02:33
11,Running,2026-03-18 10:02:27,2026-03-18 10:03:12
11,Starved,2026-03-18 10:03:12,2026-03-18 10:03:20
6,Running,2026-03-18 10:00:19,2026-03-18 10:03:30
8,Running,2026-03-18 10:02:33,2026-03-18 10:03:39
8,Starved,2026-03-18 10:03:39,2026-03-18 10:03:39
6,Starved,2026-03-18 10:03:30,2026-03-18 10:03:40
11,Running,2026-03-18 10:03:20,2026-03-18 10:04:16
11,Starved,2026-03-18 10:04:16,2026-03-18 10:04:20
5,Running,2026-03-18 10:02:32,2026-03-18 10:04:37
5,Starved,2026-03-18 10:04:37,2026-03-18 10:04:39
8,Running,2026-03-18 10:03:39,2026-03-18 10:04:39
8,Starved,2026-03-18 10:04:39,2026-03-18 10:04:40
3,Running,2026-03-18 09:59:21,2026-03-18 10:05:36
7,Running,2026-03-18 09:54:26,2026-03-18 10:05:38
6,Running,2026-03-18 10:03:40,2026-03-18 10:05:40
7,Starved,2026-03-18 10:05:38,2026-03-18 10:05:40
3,Blocked,2026-03-18 10:05:36,2026-03-18 10:05:43
6,Starved,2026-03-18 10:05:40,2026-03-18 10:05:46
3,Running,2026-03-18 10:05:43,2026-03-18 10:06:38
3,Blocked,2026-03-18 10:06:38,2026-03-18 10:06:42
6,Running,2026-03-18 10:05:46,2026-03-18 10:06:42
6,Starved,2026-03-18 10:06:42,2026-03-18 10:06:44
12,Running,2026-03-18 10:02:25,2026-03-18 10:07:25
12,Starved,2026-03-18 10:07:25,2026-03-18 10:07:34
7,Running,2026-03-18 10:05:40,2026-03-18 10:07:41
6,Running,2026-03-18 10:06:44,2026-03-18 10:07:46
7,Starved,2026-03-18 10:07:41,2026-03-18 10:07:46
5,Running,2026-03-18 10:04:39,2026-03-18 10:07:47
6,Starved,2026-03-18 10:07:46,2026-03-18 10:07:47
5,Starved,2026-03-18 10:07:47,2026-03-18 10:07:53
12,Running,2026-03-18 10:07:34,2026-03-18 10:08:27
12,Starved,2026-03-18 10:08:27,2026-03-18 10:08:44
7,Running,2026-03-18 10:07:46,2026-03-18 10:08:44
6,Running,2026-03-18 10:07:47,2026-03-18 10:08:44
7,Starved,2026-03-18 10:08:44,2026-03-18 10:08:44
5,Running,2026-03-18 10:07:53,2026-03-18 10:09:01
6,Starved,2026-03-18 10:08:44,2026-03-18 10:09:01
3,Running,2026-03-18 10:06:42,2026-03-18 10:09:03
5,Starved,2026-03-18 10:09:01,2026-03-18 10:09:04
3,Blocked,2026-03-18 10:09:03,2026-03-18 10:09:04
12,Running,2026-03-18 10:08:44,2026-03-18 10:09:43
7,Running,2026-03-18 10:08:44,2026-03-18 10:09:46
12,Starved,2026-03-18 10:09:43,2026-03-18 10:09:51
3,Running,2026-03-18 10:09:04,2026-03-18 10:09:58
5,Running,2026-03-18 10:09:04,2026-03-18 10:10:03
7,Starved,2026-03-18 10:09:46,2026-03-18 10:10:09
5,Starved,2026-03-18 10:10:03,2026-03-18 10:10:32
3,Blocked,2026-03-18 10:09:58,2026-03-18 10:10:32
8,Running,2026-03-18 10:04:40,2026-03-18 10:10:58
6,Running,2026-03-18 10:09:01,2026-03-18 10:11:10
8,Starved,2026-03-18 10:10:58,2026-03-18 10:11:12
5,Running,2026-03-18 10:10:32,2026-03-18 10:11:32
6,Starved,2026-03-18 10:11:10,2026-03-18 10:11:32
5,Starved,2026-03-18 10:11:32,2026-03-18 10:11:33
12,Running,2026-03-18 10:09:51,2026-03-18 10:11:51
12,Starved,2026-03-18 10:11:51,2026-03-18 10:11:52
8,Running,2026-03-18 10:11:12,2026-03-18 10:12:20
7,Running,2026-03-18 10:10:09,2026-03-18 10:12:25
8,Starved,2026-03-18 10:12:20,2026-03-18 10:12:25
5,Running,2026-03-18 10:11:33,2026-03-18 10:12:29
7,Starved,2026-03-18 10:12:25,2026-03-18 10:12:32
5,Starved,2026-03-18 10:12:29,2026-03-18 10:12:37
8,Running,2026-03-18 10:12:25,2026-03-18 10:13:22
5,Running,2026-03-18 10:12:37,2026-03-18 10:13:35
5,Starved,2026-03-18 10:13:35,2026-03-18 10:13:44
8,Starved,2026-03-18 10:13:22,2026-03-18 10:14:07
6,Running,2026-03-18 10:11:32,2026-03-18 10:14:26
5,Running,2026-03-18 10:13:44,2026-03-18 10:14:39
6,Starved,2026-03-18 10:14:26,2026-03-18 10:14:39
3,Running,2026-03-18 10:10:32,2026-03-18 10:14:42
8,Running,2026-03-18 10:14:07,2026-03-18 10:14:58
8,Starved,2026-03-18 10:14:58,2026-03-18 10:15:06
5,Starved,2026-03-18 10:14:39,2026-03-18 10:15:07
3,Blocked,2026-03-18 10:14:42,2026-03-18 10:15:07
6,Running,2026-03-18 10:14:39,2026-03-18 10:15:33
3,Running,2026-03-18 10:15:07,2026-03-18 10:16:02
3,Blocked,2026-03-18 10:16:02,2026-03-18 10:16:11
6,Starved,2026-03-18 10:15:33,2026-03-18 10:16:11
7,Running,2026-03-18 10:12:32,2026-03-18 10:16:58
3,Running,2026-03-18 10:16:11,2026-03-18 10:17:01
3,Blocked,2026-03-18 10:17:01,2026-03-18 10:17:07
6,Running,2026-03-18 10:16:11,2026-03-18 10:17:07
7,Starved,2026-03-18 10:16:58,2026-03-18 10:17:07
7,Running,2026-03-18 10:17:07,2026-03-18 10:17:59
3,Running,2026-03-18 10:17:07,2026-03-18 10:18:04
5,Running,2026-03-18 10:15:07,2026-03-18 10:18:08
5,Starved,2026-03-18 10:18:08,2026-03-18 10:18:29
3,Blocked,2026-03-18 10:18:04,2026-03-18 10:18:29
8,Running,2026-03-18 10:15:06,2026-03-18 10:18:56
11,Running,2026-03-18 10:04:20,2026-03-18 10:19:27
3,Running,2026-03-18 10:18:29,2026-03-18 10:19:28
11,Starved,2026-03-18 10:19:27,2026-03-18 10:19:29
2,Running,2026-03-18 09:40:15,2026-03-18 10:19:32
5,Running,2026-03-18 10:18:29,2026-03-18 10:19:36
5,Starved,2026-03-18 10:19:36,2026-03-18 10:19:38
3,Blocked,2026-03-18 10:19:28,2026-03-18 10:19:38
2,Blocked,2026-03-18 10:19:32,2026-03-18 10:19:38
11,Running,2026-03-18 10:19:29,2026-03-18 10:20:24
11,Starved,2026-03-18 10:20:24,2026-03-18 10:20:28
3,Running,2026-03-18 10:19:38,2026-03-18 10:20:33
3,Blocked,2026-03-18 10:20:33,2026-03-18 10:20:39
3,Running,2026-03-18 10:20:39,2026-03-18 10:21:30
2,Running,2026-03-18 10:19:38,2026-03-18 10:21:40
5,Running,2026-03-18 10:19:38,2026-03-18 10:21:42
5,Starved,2026-03-18 10:21:42,2026-03-18 10:22:03
3,Blocked,2026-03-18 10:21:30,2026-03-18 10:22:03
2,Blocked,2026-03-18 10:21:40,2026-03-18 10:22:03
6,Down,2026-03-18 10:17:07,2026-03-18 10:22:08
5,Running,2026-03-18 10:22:03,2026-03-18 10:23:02
2,Running,2026-03-18 10:22:03,2026-03-18 10:23:02
5,Starved,2026-03-18 10:23:02,2026-03-18 10:23:08
2,Blocked,2026-03-18 10:23:02,2026-03-18 10:23:09
7,Starved,2026-03-18 10:17:59,2026-03-18 10:23:12
5,Running,2026-03-18 10:23:08,2026-03-18 10:23:59
9,Running,2026-03-18 09:54:59,2026-03-18 10:24:03
2,Running,2026-03-18 10:23:09,2026-03-18 10:24:04
3,Running,2026-03-18 10:22:03,2026-03-18 10:24:07
7,Running,2026-03-18 10:23:12,2026-03-18 10:24:11
8,Starved,2026-03-18 10:18:56,2026-03-18 10:24:11
7,Starved,2026-03-18 10:24:11,2026-03-18 10:24:11
5,Starved,2026-03-18 10:23:59,2026-03-18 10:24:15
3,Blocked,2026-03-18 10:24:07,2026-03-18 10:24:15
2,Blocked,2026-03-18 10:24:04,2026-03-18 10:24:15
7,Running,2026-03-18 10:24:11,2026-03-18 10:25:07
9,Starved,2026-03-18 10:24:03,2026-03-18 10:25:09
5,Running,2026-03-18 10:24:15,2026-03-18 10:25:11
5,Starved,2026-03-18 10:25:11,2026-03-18 10:25:13
7,Starved,2026-03-18 10:25:07,2026-03-18 10:25:15
2,Running,2026-03-18 10:24:15,2026-03-18 10:25:19
2,Blocked,2026-03-18 10:25:19,2026-03-18 10:25:19
10,Running,2026-03-18 09:59:16,2026-03-18 10:25:28
9,Running,2026-03-18 10:25:09,2026-03-18 10:26:03
10,Starved,2026-03-18 10:25:28,2026-03-18 10:26:03
5,Running,2026-03-18 10:25:13,2026-03-18 10:26:11
3,Running,2026-03-18 10:24:15,2026-03-18 10:26:12
8,Running,2026-03-18 10:24:11,2026-03-18 10:26:13
9,Starved,2026-03-18 10:26:03,2026-03-18 10:26:13
2,Running,2026-03-18 10:25:19,2026-03-18 10:26:15
5,Starved,2026-03-18 10:26:11,2026-03-18 10:26:18
3,Blocked,2026-03-18 10:26:12,2026-03-18 10:26:18
2,Blocked,2026-03-18 10:26:15,2026-03-18 10:26:18
8,Starved,2026-03-18 10:26:13,2026-03-18 10:26:31
12,Running,2026-03-18 10:11:52,2026-03-18 10:26:45
11,Running,2026-03-18 10:20:28,2026-03-18 10:26:45
12,Starved,2026-03-18 10:26:45,2026-03-18 10:26:45
9,Running,2026-03-18 10:26:13,2026-03-18 10:27:09
11,Starved,2026-03-18 10:26:45,2026-03-18 10:27:09
5,Running,2026-03-18 10:26:18,2026-03-18 10:27:17
3,Running,2026-03-18 10:26:18,2026-03-18 10:27:18
2,Running,2026-03-18 10:26:18,2026-03-18 10:27:32
12,Running,2026-03-18 10:26:45,2026-03-18 10:27:37
9,Starved,2026-03-18 10:27:09,2026-03-18 10:27:44
5,Starved,2026-03-18 10:27:17,2026-03-18 10:27:51
3,Blocked,2026-03-18 10:27:18,2026-03-18 10:27:51
2,Blocked,2026-03-18 10:27:32,2026-03-18 10:27:51
10,Running,2026-03-18 10:26:03,2026-03-18 10:28:03
12,Starved,2026-03-18 10:27:37,2026-03-18 10:28:13
10,Starved,2026-03-18 10:28:03,2026-03-18 10:28:51
5,Running,2026-03-18 10:27:51,2026-03-18 10:28:52
2,Running,2026-03-18 10:27:51,2026-03-18 10:28:55
3,Running,2026-03-18 10:27:51,2026-03-18 10:29:03
12,Running,2026-03-18 10:28:13,2026-03-18 10:29:15
5,Starved,2026-03-18 10:28:52,2026-03-18 10:29:18
3,Blocked,2026-03-18 10:29:03,2026-03-18 10:29:18
11,Running,2026-03-18 10:27:09,2026-03-18 10:29:22
12,Starved,2026-03-18 10:29:15,2026-03-18 10:29:22
3,Down,2026-03-18 10:29:18,2026-03-18 10:29:39
2,Blocked,2026-03-18 10:28:55,2026-03-18 10:29:39
9,Running,2026-03-18 10:27:44,2026-03-18 10:29:43
8,Running,2026-03-18 10:26:31,2026-03-18 10:29:50
9,Starved,2026-03-18 10:29:43,2026-03-18 10:29:50
11,Starved,2026-03-18 10:29:22,2026-03-18 10:29:53
8,Starved,2026-03-18 10:29:50,2026-03-18 10:30:14
12,Running,2026-03-18 10:29:22,2026-03-18 10:30:16
5,Running,2026-03-18 10:29:18,2026-03-18 10:30:17
5,Starved,2026-03-18 10:30:17,2026-03-18 10:30:39
10,Running,2026-03-18 10:28:51,2026-03-18 10:30:53
12,Starved,2026-03-18 10:30:16,2026-03-18 10:30:58
9,Running,2026-03-18 10:29:50,2026-03-18 10:30:59
10,Starved,2026-03-18 10:30:53,2026-03-18 10:30:59
8,Running,2026-03-18 10:30:14,2026-03-18 10:31:08
9,Starved,2026-03-18 10:30:59,2026-03-18 10:31:08
8,Starved,2026-03-18 10:31:08,2026-03-18 10:31:13
5,Running,2026-03-18 10:30:39,2026-03-18 10:31:41
3,Running,2026-03-18 10:29:39,2026-03-18 10:31:44
5,Starved,2026-03-18 10:31:41,2026-03-18 10:31:44
3,Blocked,2026-03-18 10:31:44,2026-03-18 10:31:44
11,Running,2026-03-18 10:29:53,2026-03-18 10:31:57
10,Running,2026-03-18 10:30:59,2026-03-18 10:31:57
11,Starved,2026-03-18 10:31:57,2026-03-18 10:31:57
10,Starved,2026-03-18 10:31:57,2026-03-18 10:32:23
5,Running,2026-03-18 10:31:44,2026-03-18 10:32:37
5,Starved,2026-03-18 10:32:37,2026-03-18 10:32:43
2,Running,2026-03-18 10:29:39,2026-03-18 10:32:45
2,Blocked,2026-03-18 10:32:45,2026-03-18 10:32:48
8,Running,2026-03-18 10:31:13,2026-03-18 10:32:56
11,Running,2026-03-18 10:31:57,2026-03-18 10:32:58
8,Starved,2026-03-18 10:32:56,2026-03-18 10:33:16
11,Starved,2026-03-18 10:32:58,2026-03-18 10:33:27
2,Running,2026-03-18 10:32:48,2026-03-18 10:33:39
5,Running,2026-03-18 10:32:43,2026-03-18 10:33:41
5,Starved,2026-03-18 10:33:41,2026-03-18 10:33:41
2,Blocked,2026-03-18 10:33:39,2026-03-18 10:33:50
12,Running,2026-03-18 10:30:58,2026-03-18 10:33:58
8,Running,2026-03-18 10:33:16,2026-03-18 10:34:19
8,Starved,2026-03-18 10:34:19,2026-03-18 10:34:19
10,Running,2026-03-18 10:32:23,2026-03-18 10:34:24
12,Starved,2026-03-18 10:33:58,2026-03-18 10:34:28
10,Starved,2026-03-18 10:34:24,2026-03-18 10:34:29
3,Running,2026-03-18 10:31:44,2026-03-18 10:34:44
5,Running,2026-03-18 10:33:41,2026-03-18 10:34:46
2,Running,2026-03-18 10:33:50,2026-03-18 10:34:50
5,Starved,2026-03-18 10:34:46,2026-03-18 10:34:52
3,Blocked,2026-03-18 10:34:44,2026-03-18 10:34:52
2,Blocked,2026-03-18 10:34:50,2026-03-18 10:34:52
8,Running,2026-03-18 10:34:19,2026-03-18 10:35:18
12,Running,2026-03-18 10:34:28,2026-03-18 10:35:26
11,Running,2026-03-18 10:33:27,2026-03-18 10:35:27
12,Starved,2026-03-18 10:35:26,2026-03-18 10:35:27
11,Starved,2026-03-18 10:35:27,2026-03-18 10:35:28
8,Starved,2026-03-18 10:35:18,2026-03-18 10:35:36
2,Running,2026-03-18 10:34:52,2026-03-18 10:35:49
2,Blocked,2026-03-18 10:35:49,2026-03-18 10:35:54
9,Running,2026-03-18 10:31:08,2026-03-18 10:36:17
11,Running,2026-03-18 10:35:28,2026-03-18 10:36:25
11,Starved,2026-03-18 10:36:25,2026-03-18 10:36:28
8,Running,2026-03-18 10:35:36,2026-03-18 10:36:40
9,Starved,2026-03-18 10:36:17,2026-03-18 10:36:40
3,Running,2026-03-18 10:34:52,2026-03-18 10:36:49
2,Running,2026-03-18 10:35:54,2026-03-18 10:36:53
8,Starved,2026-03-18 10:36:40,2026-03-18 10:36:55
5,Running,2026-03-18 10:34:52,2026-03-18 10:36:59
5,Starved,2026-03-18 10:36:59,2026-03-18 10:37:02
3,Blocked,2026-03-18 10:36:49,2026-03-18 10:37:02
2,Blocked,2026-03-18 10:36:53,2026-03-18 10:37:02
10,Running,2026-03-18 10:34:29,2026-03-18 10:37:23
12,Running,2026-03-18 10:35:27,2026-03-18 10:37:24
12,Starved,2026-03-18 10:37:24,2026-03-18 10:37:32
8,Running,2026-03-18 10:36:55,2026-03-18 10:37:54
2,Running,2026-03-18 10:37:02,2026-03-18 10:37:54
3,Running,2026-03-18 10:37:02,2026-03-18 10:38:04
5,Running,2026-03-18 10:37:02,2026-03-18 10:38:06
10,Starved,2026-03-18 10:37:23,2026-03-18 10:38:08
5,Starved,2026-03-18 10:38:06,2026-03-18 10:38:19
3,Blocked,2026-03-18 10:38:04,2026-03-18 10:38:19
2,Blocked,2026-03-18 10:37:54,2026-03-18 10:38:19
8,Starved,2026-03-18 10:37:54,2026-03-18 10:38:20
11,Running,2026-03-18 10:36:28,2026-03-18 10:38:27
9,Running,2026-03-18 10:36:40,2026-03-18 10:39:15
11,Starved,2026-03-18 10:38:27,2026-03-18 10:39:16
3,Running,2026-03-18 10:38:19,2026-03-18 10:39:19
2,Running,2026-03-18 10:38:19,2026-03-18 10:39:20
5,Running,2026-03-18 10:38:19,2026-03-18 10:39:22
5,Starved,2026-03-18 10:39:22,2026-03-18 10:39:24
3,Blocked,2026-03-18 10:39:19,2026-03-18 10:39:24
2,Blocked,2026-03-18 10:39:20,2026-03-18 10:39:24
9,Starved,2026-03-18 10:39:15,2026-03-18 10:39:28
12,Running,2026-03-18 10:37:32,2026-03-18 10:39:30
11,Running,2026-03-18 10:39:16,2026-03-18 10:40:18
12,Starved,2026-03-18 10:39:30,2026-03-18 10:40:18
10,Running,2026-03-18 10:38:08,2026-03-18 10:40:19
11,Starved,2026-03-18 10:40:18,2026-03-18 10:40:19
2,Running,2026-03-18 10:39:24,2026-03-18 10:40:33
3,Running,2026-03-18 10:39:24,2026-03-18 10:40:34
5,Running,2026-03-18 10:39:24,2026-03-18 10:40:35
10,Starved,2026-03-18 10:40:19,2026-03-18 10:40:37
5,Starved,2026-03-18 10:40:35,2026-03-18 10:40:53
3,Blocked,2026-03-18 10:40:34,2026-03-18 10:40:53
2,Blocked,2026-03-18 10:40:33,2026-03-18 10:40:53
11,Running,2026-03-18 10:40:19,2026-03-18 10:41:07
10,Running,2026-03-18 10:40:37,2026-03-18 10:41:34
11,Starved,2026-03-18 10:41:07,2026-03-18 10:41:34
10,Starved,2026-03-18 10:41:34,2026-03-18 10:41:38
2,Running,2026-03-18 10:40:53,2026-03-18 10:41:42
2,Blocked,2026-03-18 10:41:42,2026-03-18 10:42:00
12,Running,2026-03-18 10:40:18,2026-03-18 10:42:16
11,Running,2026-03-18 10:41:34,2026-03-18 10:42:32
12,Starved,2026-03-18 10:42:16,2026-03-18 10:42:32
10,Running,2026-03-18 10:41:38,2026-03-18 10:42:43
11,Starved,2026-03-18 10:42:32,2026-03-18 10:42:43
10,Starved,2026-03-18 10:42:43,2026-03-18 10:42:44
2,Running,2026-03-18 10:42:00,2026-03-18 10:42:56
2,Blocked,2026-03-18 10:42:56,2026-03-18 10:43:02
12,Running,2026-03-18 10:42:32,2026-03-18 10:43:26
10,Running,2026-03-18 10:42:44,2026-03-18 10:43:47
12,Starved,2026-03-18 10:43:26,2026-03-18 10:43:51
10,Starved,2026-03-18 10:43:47,2026-03-18 10:43:53
2,Running,2026-03-18 10:43:02,2026-03-18 10:44:02
2,Blocked,2026-03-18 10:44:02,2026-03-18 10:44:05
8,Running,2026-03-18 10:38:20,2026-03-18 10:44:38
8,Starved,2026-03-18 10:44:38,2026-03-18 10:44:40
11,Running,2026-03-18 10:42:43,2026-03-18 10:44:52
11,Starved,2026-03-18 10:44:52,2026-03-18 10:44:52
2,Running,2026-03-18 10:44:05,2026-03-18 10:44:58
2,Blocked,2026-03-18 10:44:58,2026-03-18 10:45:12
8,Running,2026-03-18 10:44:40,2026-03-18 10:45:27
11,Running,2026-03-18 10:44:52,2026-03-18 10:45:50
11,Starved,2026-03-18 10:45:50,2026-03-18 10:45:51
8,Starved,2026-03-18 10:45:27,2026-03-18 10:45:59
2,Running,2026-03-18 10:45:12,2026-03-18 10:46:00
2,Blocked,2026-03-18 10:46:00,2026-03-18 10:46:01
8,Running,2026-03-18 10:45:59,2026-03-18 10:46:53
11,Running,2026-03-18 10:45:51,2026-03-18 10:46:54
10,Running,2026-03-18 10:43:53,2026-03-18 10:46:55
11,Starved,2026-03-18 10:46:54,2026-03-18 10:46:55
10,Starved,2026-03-18 10:46:55,2026-03-18 10:47:02
8,Starved,2026-03-18 10:46:53,2026-03-18 10:47:13
11,Running,2026-03-18 10:46:55,2026-03-18 10:47:44
10,Running,2026-03-18 10:47:02,2026-03-18 10:48:04
11,Starved,2026-03-18 10:47:44,2026-03-18 10:48:04
9,Running,2026-03-18 10:39:28,2026-03-18 10:48:19
10,Starved,2026-03-18 10:48:04,2026-03-18 10:48:19
8,Running,2026-03-18 10:47:13,2026-03-18 10:48:25
9,Starved,2026-03-18 10:48:19,2026-03-18 10:48:25
8,Starved,2026-03-18 10:48:25,2026-03-18 10:48:36
3,Running,2026-03-18 10:40:53,2026-03-18 10:49:02
3,Blocked,2026-03-18 10:49:02,2026-03-18 10:49:09
11,Running,2026-03-18 10:48:04,2026-03-18 10:49:12
10,Running,2026-03-18 10:48:19,2026-03-18 10:49:15
11,Starved,2026-03-18 10:49:12,2026-03-18 10:49:15
9,Running,2026-03-18 10:48:25,2026-03-18 10:49:22
10,Starved,2026-03-18 10:49:15,2026-03-18 10:49:22
9,Starved,2026-03-18 10:49:22,2026-03-18 10:49:46
11,Running,2026-03-18 10:49:15,2026-03-18 10:50:15
10,Running,2026-03-18 10:49:22,2026-03-18 10:50:23
11,Starved,2026-03-18 10:50:15,2026-03-18 10:50:23
10,Starved,2026-03-18 10:50:23,2026-03-18 10:51:04
12,Running,2026-03-18 10:43:51,2026-03-18 10:51:14
2,Running,2026-03-18 10:46:01,2026-03-18 10:51:20
3,Running,2026-03-18 10:49:09,2026-03-18 10:51:21
5,Running,2026-03-18 10:40:53,2026-03-18 10:51:23
11,Running,2026-03-18 10:50:23,2026-03-18 10:51:24
12,Starved,2026-03-18 10:51:14,2026-03-18 10:51:24
4,Running,2026-03-18 09:19:06,2026-03-18 10:51:31
5,Starved,2026-03-18 10:51:23,2026-03-18 10:51:31
11,Starved,2026-03-18 10:51:24,2026-03-18 10:52:03
12,Running,2026-03-18 10:51:24,2026-03-18 10:52:20
5,Running,2026-03-18 10:51:31,2026-03-18 10:52:36
4,Down,2026-03-18 10:51:31,2026-03-18 10:52:37
3,Blocked,2026-03-18 10:51:21,2026-03-18 10:52:37
2,Blocked,2026-03-18 10:51:20,2026-03-18 10:52:37
10,Running,2026-03-18 10:51:04,2026-03-18 10:52:59
12,Starved,2026-03-18 10:52:20,2026-03-18 10:53:00
10,Starved,2026-03-18 10:52:59,2026-03-18 10:53:02
3,Running,2026-03-18 10:52:37,2026-03-18 10:53:35
2,Running,2026-03-18 10:52:37,2026-03-18 10:53:35
10,Running,2026-03-18 10:53:02,2026-03-18 10:53:58
10,Starved,2026-03-18 10:53:58,2026-03-18 10:54:02
5,Starved,2026-03-18 10:52:36,2026-03-18 10:54:16
3,Blocked,2026-03-18 10:53:35,2026-03-18 10:54:16
2,Blocked,2026-03-18 10:53:35,2026-03-18 10:54:16
6,Running,2026-03-18 10:22:08,2026-03-18 10:54:24
11,Running,2026-03-18 10:52:03,2026-03-18 10:54:58
11,Starved,2026-03-18 10:54:58,2026-03-18 10:55:00
3,Running,2026-03-18 10:54:16,2026-03-18 10:55:10
5,Running,2026-03-18 10:54:16,2026-03-18 10:55:17
6,Starved,2026-03-18 10:54:24,2026-03-18 10:55:17
5,Starved,2026-03-18 10:55:17,2026-03-18 10:55:20
3,Blocked,2026-03-18 10:55:10,2026-03-18 10:55:20
12,Running,2026-03-18 10:53:00,2026-03-18 10:56:02
11,Running,2026-03-18 10:55:00,2026-03-18 10:56:04
12,Starved,2026-03-18 10:56:02,2026-03-18 10:56:04
11,Starved,2026-03-18 10:56:04,2026-03-18 10:56:09
5,Running,2026-03-18 10:55:20,2026-03-18 10:56:18
3,Running,2026-03-18 10:55:20,2026-03-18 10:56:22
2,Running,2026-03-18 10:54:16,2026-03-18 10:56:23
5,Starved,2026-03-18 10:56:18,2026-03-18 10:56:23
3,Blocked,2026-03-18 10:56:22,2026-03-18 10:56:23
2,Blocked,2026-03-18 10:56:23,2026-03-18 10:56:23
12,Running,2026-03-18 10:56:04,2026-03-18 10:57:03
11,Running,2026-03-18 10:56:09,2026-03-18 10:57:07
12,Starved,2026-03-18 10:57:03,2026-03-18 10:57:07
3,Running,2026-03-18 10:56:23,2026-03-18 10:57:17
11,Starved,2026-03-18 10:57:07,2026-03-18 10:57:18
6,Running,2026-03-18 10:55:17,2026-03-18 10:57:22
5,Running,2026-03-18 10:56:23,2026-03-18 10:57:25
6,Starved,2026-03-18 10:57:22,2026-03-18 10:57:25
2,Running,2026-03-18 10:56:23,2026-03-18 10:57:26
5,Starved,2026-03-18 10:57:25,2026-03-18 10:57:27
3,Blocked,2026-03-18 10:57:17,2026-03-18 10:57:27
2,Blocked,2026-03-18 10:57:26,2026-03-18 10:57:27
12,Running,2026-03-18 10:57:07,2026-03-18 10:57:56
11,Running,2026-03-18 10:57:18,2026-03-18 10:58:15
12,Starved,2026-03-18 10:57:56,2026-03-18 10:58:15
8,Running,2026-03-18 10:48:36,2026-03-18 10:58:20
6,Running,2026-03-18 10:57:25,2026-03-18 10:58:24
5,Running,2026-03-18 10:57:27,2026-03-18 10:58:25
6,Starved,2026-03-18 10:58:24,2026-03-18 10:58:25
11,Starved,2026-03-18 10:58:15,2026-03-18 10:58:25
3,Running,2026-03-18 10:57:27,2026-03-18 10:58:29
8,Starved,2026-03-18 10:58:20,2026-03-18 10:58:32
2,Running,2026-03-18 10:57:27,2026-03-18 10:58:34
5,Starved,2026-03-18 10:58:25,2026-03-18 10:58:45
3,Blocked,2026-03-18 10:58:29,2026-03-18 10:58:45
2,Blocked,2026-03-18 10:58:34,2026-03-18 10:58:45
12,Running,2026-03-18 10:58:15,2026-03-18 10:59:16
6,Running,2026-03-18 10:58:25,2026-03-18 10:59:18
11,Running,2026-03-18 10:58:25,2026-03-18 10:59:18
12,Starved,2026-03-18 10:59:16,2026-03-18 10:59:18
8,Running,2026-03-18 10:58:32,2026-03-18 10:59:24
11,Starved,2026-03-18 10:59:18,2026-03-18 10:59:28
6,Starved,2026-03-18 10:59:18,2026-03-18 10:59:44
8,Starved,2026-03-18 10:59:24,2026-03-18 11:00:04
12,Running,2026-03-18 10:59:18,2026-03-18 11:00:18
11,Running,2026-03-18 10:59:28,2026-03-18 11:00:18
12,Starved,2026-03-18 11:00:18,2026-03-18 11:00:18
11,Starved,2026-03-18 11:00:18,2026-03-18 11:00:18
6,Running,2026-03-18 10:59:44,2026-03-18 11:00:34
5,Running,2026-03-18 10:58:45,2026-03-18 11:00:39
6,Starved,2026-03-18 11:00:34,2026-03-18 11:00:39
2,Running,2026-03-18 10:58:45,2026-03-18 11:00:47
3,Running,2026-03-18 10:58:45,2026-03-18 11:00:52
5,Starved,2026-03-18 11:00:39,2026-03-18 11:00:52
3,Blocked,2026-03-18 11:00:52,2026-03-18 11:00:52
2,Blocked,2026-03-18 11:00:47,2026-03-18 11:00:52
8,Running,2026-03-18 11:00:04,2026-03-18 11:01:03
8,Starved,2026-03-18 11:01:03,2026-03-18 11:01:03
11,Running,2026-03-18 11:00:18,2026-03-18 11:01:14
11,Starved,2026-03-18 11:01:14,2026-03-18 11:01:14
6,Running,2026-03-18 11:00:39,2026-03-18 11:01:38
2,Running,2026-03-18 11:00:52,2026-03-18 11:01:53
8,Running,2026-03-18 11:01:03,2026-03-18 11:01:54
3,Running,2026-03-18 11:00:52,2026-03-18 11:01:54
5,Running,2026-03-18 11:00:52,2026-03-18 11:01:57
6,Starved,2026-03-18 11:01:38,2026-03-18 11:01:57
1,Running,2026-03-18 08:30:49,2026-03-18 11:02:08
10,Running,2026-03-18 10:54:02,2026-03-18 11:02:09
5,Starved,2026-03-18 11:01:57,2026-03-18 11:02:09
3,Blocked,2026-03-18 11:01:54,2026-03-18 11:02:09
2,Blocked,2026-03-18 11:01:53,2026-03-18 11:02:09
1,Blocked,2026-03-18 11:02:08,2026-03-18 11:02:09
10,Starved,2026-03-18 11:02:09,2026-03-18 11:02:28
6,Running,2026-03-18 11:01:57,2026-03-18 11:03:01
2,Running,2026-03-18 11:02:09,2026-03-18 11:03:04
1,Running,2026-03-18 11:02:09,2026-03-18 11:03:10
2,Blocked,2026-03-18 11:03:04,2026-03-18 11:03:12
1,Blocked,2026-03-18 11:03:10,2026-03-18 11:03:12
12,Running,2026-03-18 11:00:18,2026-03-18 11:03:17
11,Running,2026-03-18 11:01:14,2026-03-18 11:03:25
12,Starved,2026-03-18 11:03:17,2026-03-18 11:03:25
9,Running,2026-03-18 10:49:46,2026-03-18 11:03:26
11,Starved,2026-03-18 11:03:25,2026-03-18 11:03:33
2,Running,2026-03-18 11:03:12,2026-03-18 11:04:09
1,Running,2026-03-18 11:03:12,2026-03-18 11:04:16
2,Blocked,2026-03-18 11:04:09,2026-03-18 11:04:18
1,Blocked,2026-03-18 11:04:16,2026-03-18 11:04:18
12,Running,2026-03-18 11:03:25,2026-03-18 11:04:26
10,Running,2026-03-18 11:02:28,2026-03-18 11:04:31
12,Starved,2026-03-18 11:04:26,2026-03-18 11:04:34
6,Down,2026-03-18 11:03:01,2026-03-18 11:05:01
8,Down,2026-03-18 11:01:54,2026-03-18 11:05:02
1,Running,2026-03-18 11:04:18,2026-03-18 11:05:19
1,Blocked,2026-03-18 11:05:19,2026-03-18 11:05:22
12,Running,2026-03-18 11:04:34,2026-03-18 11:05:29
11,Running,2026-03-18 11:03:33,2026-03-18 11:05:33
12,Starved,2026-03-18 11:05:29,2026-03-18 11:05:33
9,Starved,2026-03-18 11:03:26,2026-03-18 11:06:03
12,Running,2026-03-18 11:05:33,2026-03-18 11:06:32
9,Running,2026-03-18 11:06:03,2026-03-18 11:07:03
10,Starved,2026-03-18 11:04:31,2026-03-18 11:07:03
9,Starved,2026-03-18 11:07:03,2026-03-18 11:07:15
2,Running,2026-03-18 11:04:18,2026-03-18 11:07:18
2,Blocked,2026-03-18 11:07:18,2026-03-18 11:07:18
10,Running,2026-03-18 11:07:03,2026-03-18 11:08:03
11,Starved,2026-03-18 11:05:33,2026-03-18 11:08:03
9,Running,2026-03-18 11:07:15,2026-03-18 11:08:12
10,Starved,2026-03-18 11:08:03,2026-03-18 11:08:12
1,Running,2026-03-18 11:05:22,2026-03-18 11:08:21
1,Blocked,2026-03-18 11:08:21,2026-03-18 11:08:28
11,Running,2026-03-18 11:08:03,2026-03-18 11:09:13
12,Starved,2026-03-18 11:06:32,2026-03-18 11:09:13
5,Running,2026-03-18 11:02:09,2026-03-18 11:09:14
1,Running,2026-03-18 11:08:28,2026-03-18 11:09:16
10,Running,2026-03-18 11:08:12,2026-03-18 11:09:17
2,Running,2026-03-18 11:07:18,2026-03-18 11:09:23
3,Running,2026-03-18 11:02:09,2026-03-18 11:09:23
5,Starved,2026-03-18 11:09:14,2026-03-18 11:09:30
3,Blocked,2026-03-18 11:09:23,2026-03-18 11:09:30
2,Blocked,2026-03-18 11:09:23,2026-03-18 11:09:30
1,Blocked,2026-03-18 11:09:16,2026-03-18 11:09:30
12,Running,2026-03-18 11:09:13,2026-03-18 11:10:06
2,Running,2026-03-18 11:09:30,2026-03-18 11:10:25
3,Running,2026-03-18 11:09:30,2026-03-18 11:10:31
3,Blocked,2026-03-18 11:10:31,2026-03-18 11:10:33
2,Blocked,2026-03-18 11:10:25,2026-03-18 11:10:33
2,Running,2026-03-18 11:10:33,2026-03-18 11:12:39
2,Blocked,2026-03-18 11:12:39,2026-03-18 11:12:39
2,Running,2026-03-18 11:12:39,2026-03-18 11:13:39
2,Blocked,2026-03-18 11:13:39,2026-03-18 11:13:46
1,Running,2026-03-18 11:09:30,2026-03-18 11:14:43
2,Running,2026-03-18 11:13:46,2026-03-18 11:14:47
2,Blocked,2026-03-18 11:14:47,2026-03-18 11:14:48
1,Blocked,2026-03-18 11:14:43,2026-03-18 11:14:48
9,Down,2026-03-18 11:08:12,2026-03-18 11:15:17
3,Running,2026-03-18 11:10:33,2026-03-18 11:15:46
5,Running,2026-03-18 11:09:30,2026-03-18 11:15:46
1,Running,2026-03-18 11:14:48,2026-03-18 11:15:50
5,Starved,2026-03-18 11:15:46,2026-03-18 11:15:50
3,Blocked,2026-03-18 11:15:46,2026-03-18 11:15:50
1,Blocked,2026-03-18 11:15:50,2026-03-18 11:15:54
10,Starved,2026-03-18 11:09:17,2026-03-18 11:16:28
5,Running,2026-03-18 11:15:50,2026-03-18 11:16:49
2,Running,2026-03-18 11:14:48,2026-03-18 11:16:56
1,Running,2026-03-18 11:15:54,2026-03-18 11:16:56
3,Running,2026-03-18 11:15:50,2026-03-18 11:17:00
5,Starved,2026-03-18 11:16:49,2026-03-18 11:17:06
3,Blocked,2026-03-18 11:17:00,2026-03-18 11:17:06
2,Blocked,2026-03-18 11:16:56,2026-03-18 11:17:06
1,Blocked,2026-03-18 11:16:56,2026-03-18 11:17:06
2,Running,2026-03-18 11:17:06,2026-03-18 11:17:55
3,Running,2026-03-18 11:17:06,2026-03-18 11:18:01
5,Running,2026-03-18 11:17:06,2026-03-18 11:18:03
1,Running,2026-03-18 11:17:06,2026-03-18 11:18:05
11,Down,2026-03-18 11:09:13,2026-03-18 11:18:32
5,Starved,2026-03-18 11:18:03,2026-03-18 11:18:37
3,Blocked,2026-03-18 11:18:01,2026-03-18 11:18:37
2,Blocked,2026-03-18 11:17:55,2026-03-18 11:18:37
1,Blocked,2026-03-18 11:18:05,2026-03-18 11:18:37
12,Starved,2026-03-18 11:10:06,2026-03-18 11:19:20
6,Running,2026-03-18 11:05:01,2026-03-18 11:19:30
5,Running,2026-03-18 11:18:37,2026-03-18 11:19:32
6,Starved,2026-03-18 11:19:30,2026-03-18 11:19:32
10,Running,2026-03-18 11:16:28,2026-03-18 11:19:37
2,Running,2026-03-18 11:18:37,2026-03-18 11:19:42
10,Starved,2026-03-18 11:19:37,2026-03-18 11:19:43
1,Running,2026-03-18 11:18:37,2026-03-18 11:19:43
3,Running,2026-03-18 11:18:37,2026-03-18 11:19:50
5,Starved,2026-03-18 11:19:32,2026-03-18 11:19:57
3,Blocked,2026-03-18 11:19:50,2026-03-18 11:19:57
2,Blocked,2026-03-18 11:19:42,2026-03-18 11:19:57
1,Blocked,2026-03-18 11:19:43,2026-03-18 11:19:57
6,Running,2026-03-18 11:19:32,2026-03-18 11:20:34
10,Running,2026-03-18 11:19:43,2026-03-18 11:20:43
1,Running,2026-03-18 11:19:57,2026-03-18 11:20:54
10,Starved,2026-03-18 11:20:43,2026-03-18 11:20:56
5,Running,2026-03-18 11:19:57,2026-03-18 11:20:57
6,Starved,2026-03-18 11:20:34,2026-03-18 11:20:57
2,Running,2026-03-18 11:19:57,2026-03-18 11:20:58
3,Running,2026-03-18 11:19:57,2026-03-18 11:20:59
5,Starved,2026-03-18 11:20:57,2026-03-18 11:21:05
3,Blocked,2026-03-18 11:20:59,2026-03-18 11:21:05
2,Blocked,2026-03-18 11:20:58,2026-03-18 11:21:05
1,Blocked,2026-03-18 11:20:54,2026-03-18 11:21:05
10,Running,2026-03-18 11:20:56,2026-03-18 11:21:47
10,Starved,2026-03-18 11:21:47,2026-03-18 11:21:56
6,Running,2026-03-18 11:20:57,2026-03-18 11:22:03
1,Running,2026-03-18 11:21:05,2026-03-18 11:22:04
2,Running,2026-03-18 11:21:05,2026-03-18 11:22:10
6,Starved,2026-03-18 11:22:03,2026-03-18 11:22:12
2,Blocked,2026-03-18 11:22:10,2026-03-18 11:22:15
1,Blocked,2026-03-18 11:22:04,2026-03-18 11:22:15
2,Running,2026-03-18 11:22:15,2026-03-18 11:23:12
1,Running,2026-03-18 11:22:15,2026-03-18 11:23:19
2,Blocked,2026-03-18 11:23:12,2026-03-18 11:23:26
1,Blocked,2026-03-18 11:23:19,2026-03-18 11:23:26
1,Running,2026-03-18 11:23:26,2026-03-18 11:24:20
11,Running,2026-03-18 11:18:32,2026-03-18 11:24:20
1,Blocked,2026-03-18 11:24:20,2026-03-18 11:24:23
5,Running,2026-03-18 11:21:05,2026-03-18 11:24:53
5,Starved,2026-03-18 11:24:53,2026-03-18 11:24:58
10,Running,2026-03-18 11:21:56,2026-03-18 11:24:59
10,Starved,2026-03-18 11:24:59,2026-03-18 11:25:00
2,Running,2026-03-18 11:23:26,2026-03-18 11:25:14
2,Blocked,2026-03-18 11:25:14,2026-03-18 11:25:23
12,Running,2026-03-18 11:19:20,2026-03-18 11:25:45
6,Running,2026-03-18 11:22:12,2026-03-18 11:27:03
6,Starved,2026-03-18 11:27:03,2026-03-18 11:27:04
10,Running,2026-03-18 11:25:00,2026-03-18 11:27:07
10,Starved,2026-03-18 11:27:07,2026-03-18 11:27:22
1,Running,2026-03-18 11:24:23,2026-03-18 11:27:23
1,Blocked,2026-03-18 11:27:23,2026-03-18 11:27:25
6,Running,2026-03-18 11:27:04,2026-03-18 11:28:13
6,Starved,2026-03-18 11:28:13,2026-03-18 11:28:19
1,Running,2026-03-18 11:27:25,2026-03-18 11:28:20
8,Running,2026-03-18 11:05:02,2026-03-18 11:28:26
1,Blocked,2026-03-18 11:28:20,2026-03-18 11:28:27
10,Running,2026-03-18 11:27:22,2026-03-18 11:28:27
10,Starved,2026-03-18 11:28:27,2026-03-18 11:28:31
8,Blocked,2026-03-18 11:28:26,2026-03-18 11:28:31
6,Running,2026-03-18 11:28:19,2026-03-18 11:29:08
6,Starved,2026-03-18 11:29:08,2026-03-18 11:29:11
10,Running,2026-03-18 11:28:31,2026-03-18 11:29:23
1,Running,2026-03-18 11:28:27,2026-03-18 11:29:25
1,Blocked,2026-03-18 11:29:25,2026-03-18 11:29:28
10,Starved,2026-03-18 11:29:23,2026-03-18 11:29:31
10,Running,2026-03-18 11:29:31,2026-03-18 11:30:19
10,Starved,2026-03-18 11:30:19,2026-03-18 11:30:37
11,Down,2026-03-18 11:24:20,2026-03-18 11:31:15
10,Running,2026-03-18 11:30:37,2026-03-18 11:31:30
8,Running,2026-03-18 11:28:31,2026-03-18 11:31:36
10,Starved,2026-03-18 11:31:30,2026-03-18 11:31:40
8,Blocked,2026-03-18 11:31:36,2026-03-18 11:31:40
12,Starved,2026-03-18 11:25:45,2026-03-18 11:32:17
2,Running,2026-03-18 11:25:23,2026-03-18 11:32:21
2,Blocked,2026-03-18 11:32:21,2026-03-18 11:32:22
5,Running,2026-03-18 11:24:58,2026-03-18 11:33:01
5,Starved,2026-03-18 11:33:01,2026-03-18 11:33:10
12,Running,2026-03-18 11:32:17,2026-03-18 11:33:11
12,Starved,2026-03-18 11:33:11,2026-03-18 11:33:14
2,Running,2026-03-18 11:32:22,2026-03-18 11:33:23
1,Running,2026-03-18 11:29:28,2026-03-18 11:33:28
8,Running,2026-03-18 11:31:40,2026-03-18 11:33:34
8,Blocked,2026-03-18 11:33:34,2026-03-18 11:33:36
2,Blocked,2026-03-18 11:33:23,2026-03-18 11:33:38
1,Blocked,2026-03-18 11:33:28,2026-03-18 11:33:38
5,Running,2026-03-18 11:33:10,2026-03-18 11:34:05
5,Starved,2026-03-18 11:34:05,2026-03-18 11:34:19
2,Running,2026-03-18 11:33:38,2026-03-18 11:34:31
2,Blocked,2026-03-18 11:34:31,2026-03-18 11:34:31
1,Running,2026-03-18 11:33:38,2026-03-18 11:35:27
2,Running,2026-03-18 11:34:31,2026-03-18 11:35:31
3,Running,2026-03-18 11:21:05,2026-03-18 11:35:36
8,Running,2026-03-18 11:33:36,2026-03-18 11:35:52
10,Running,2026-03-18 11:31:40,2026-03-18 11:35:52
10,Starved,2026-03-18 11:35:52,2026-03-18 11:36:00
8,Blocked,2026-03-18 11:35:52,2026-03-18 11:36:00
12,Running,2026-03-18 11:33:14,2026-03-18 11:36:05
12,Starved,2026-03-18 11:36:05,2026-03-18 11:36:05
5,Running,2026-03-18 11:34:19,2026-03-18 11:36:13
5,Starved,2026-03-18 11:36:13,2026-03-18 11:36:25
10,Running,2026-03-18 11:36:00,2026-03-18 11:36:57
8,Running,2026-03-18 11:36:00,2026-03-18 11:37:02
10,Starved,2026-03-18 11:36:57,2026-03-18 11:37:12
8,Blocked,2026-03-18 11:37:02,2026-03-18 11:37:12
6,Running,2026-03-18 11:29:11,2026-03-18 11:37:15
5,Running,2026-03-18 11:36:25,2026-03-18 11:37:31
6,Starved,2026-03-18 11:37:15,2026-03-18 11:37:31
5,Starved,2026-03-18 11:37:31,2026-03-18 11:37:59
12,Running,2026-03-18 11:36:05,2026-03-18 11:38:11
12,Starved,2026-03-18 11:38:11,2026-03-18 11:38:14
6,Running,2026-03-18 11:37:31,2026-03-18 11:38:24
5,Running,2026-03-18 11:37:59,2026-03-18 11:39:03
6,Starved,2026-03-18 11:38:24,2026-03-18 11:39:03
5,Starved,2026-03-18 11:39:03,2026-03-18 11:39:07
12,Running,2026-03-18 11:38:14,2026-03-18 11:39:12
12,Starved,2026-03-18 11:39:12,2026-03-18 11:39:14
6,Running,2026-03-18 11:39:03,2026-03-18 11:40:11
5,Running,2026-03-18 11:39:07,2026-03-18 11:40:13
6,Starved,2026-03-18 11:40:11,2026-03-18 11:40:13
5,Starved,2026-03-18 11:40:13,2026-03-18 11:40:38
12,Running,2026-03-18 11:39:14,2026-03-18 11:41:05
12,Starved,2026-03-18 11:41:05,2026-03-18 11:41:11
6,Running,2026-03-18 11:40:13,2026-03-18 11:41:13
8,Running,2026-03-18 11:37:12,2026-03-18 11:41:17
5,Running,2026-03-18 11:40:38,2026-03-18 11:41:35
6,Starved,2026-03-18 11:41:13,2026-03-18 11:41:35
5,Starved,2026-03-18 11:41:35,2026-03-18 11:41:45
12,Running,2026-03-18 11:41:11,2026-03-18 11:41:58
12,Starved,2026-03-18 11:41:58,2026-03-18 11:42:18
6,Running,2026-03-18 11:41:35,2026-03-18 11:42:35
6,Starved,2026-03-18 11:42:35,2026-03-18 11:42:54
12,Running,2026-03-18 11:42:18,2026-03-18 11:43:20
12,Starved,2026-03-18 11:43:20,2026-03-18 11:43:28
8,Down,2026-03-18 11:41:17,2026-03-18 11:43:33
5,Running,2026-03-18 11:41:45,2026-03-18 11:44:35
5,Starved,2026-03-18 11:44:35,2026-03-18 11:44:42
3,Down,2026-03-18 11:35:36,2026-03-18 11:45:10
2,Blocked,2026-03-18 11:35:31,2026-03-18 11:45:10
1,Blocked,2026-03-18 11:35:27,2026-03-18 11:45:10
5,Running,2026-03-18 11:44:42,2026-03-18 11:45:29
1,Running,2026-03-18 11:45:10,2026-03-18 11:46:02
2,Running,2026-03-18 11:45:10,2026-03-18 11:46:09
2,Blocked,2026-03-18 11:46:09,2026-03-18 11:46:17
1,Blocked,2026-03-18 11:46:02,2026-03-18 11:46:17
6,Running,2026-03-18 11:42:54,2026-03-18 11:47:07
2,Running,2026-03-18 11:46:17,2026-03-18 11:47:16
1,Running,2026-03-18 11:46:17,2026-03-18 11:47:18
2,Blocked,2026-03-18 11:47:16,2026-03-18 11:47:22
1,Blocked,2026-03-18 11:47:18,2026-03-18 11:47:22
12,Running,2026-03-18 11:43:28,2026-03-18 11:47:30
12,Starved,2026-03-18 11:47:30,2026-03-18 11:47:40
12,Running,2026-03-18 11:47:40,2026-03-18 11:48:29
12,Starved,2026-03-18 11:48:29,2026-03-18 11:48:42
7,Running,2026-03-18 10:25:15,2026-03-18 11:49:12
5,Down,2026-03-18 11:45:29,2026-03-18 11:50:05
1,Running,2026-03-18 11:47:22,2026-03-18 11:50:24
1,Blocked,2026-03-18 11:50:24,2026-03-18 11:50:30
10,Running,2026-03-18 11:37:12,2026-03-18 11:50:50
10,Starved,2026-03-18 11:50:50,2026-03-18 11:50:53
6,Starved,2026-03-18 11:47:07,2026-03-18 11:51:03
1,Running,2026-03-18 11:50:30,2026-03-18 11:51:23
1,Blocked,2026-03-18 11:51:23,2026-03-18 11:51:29
6,Running,2026-03-18 11:51:03,2026-03-18 11:51:57
7,Starved,2026-03-18 11:49:12,2026-03-18 11:51:57
6,Starved,2026-03-18 11:51:57,2026-03-18 11:51:58
12,Running,2026-03-18 11:48:42,2026-03-18 11:52:35
12,Starved,2026-03-18 11:52:35,2026-03-18 11:52:36
10,Running,2026-03-18 11:50:53,2026-03-18 11:52:48
3,Running,2026-03-18 11:45:10,2026-03-18 11:52:51
10,Starved,2026-03-18 11:52:48,2026-03-18 11:52:57
2,Running,2026-03-18 11:47:22,2026-03-18 11:53:23
1,Running,2026-03-18 11:51:29,2026-03-18 11:53:38
10,Running,2026-03-18 11:52:57,2026-03-18 11:53:54
10,Starved,2026-03-18 11:53:54,2026-03-18 11:54:13
4,Running,2026-03-18 10:52:37,2026-03-18 11:56:15
12,Running,2026-03-18 11:52:36,2026-03-18 11:56:21
8,Running,2026-03-18 11:43:33,2026-03-18 11:56:24
10,Running,2026-03-18 11:54:13,2026-03-18 11:56:24
12,Starved,2026-03-18 11:56:21,2026-03-18 11:56:29
10,Starved,2026-03-18 11:56:24,2026-03-18 11:56:32
8,Starved,2026-03-18 11:56:24,2026-03-18 11:56:41
8,Running,2026-03-18 11:56:41,2026-03-18 11:57:34
8,Starved,2026-03-18 11:57:34,2026-03-18 11:57:48
8,Running,2026-03-18 11:57:48,2026-03-18 11:58:48
8,Starved,2026-03-18 11:58:48,2026-03-18 11:59:21
5,Running,2026-03-18 11:50:05,2026-03-18 11:59:52
6,Running,2026-03-18 11:51:58,2026-03-18 12:01:10
7,Running,2026-03-18 11:51:57,2026-03-18 12:01:18
10,Running,2026-03-18 11:56:32,2026-03-18 12:01:44
10,Starved,2026-03-18 12:01:44,2026-03-18 12:01:47
8,Running,2026-03-18 11:59:21,2026-03-18 12:02:29
10,Running,2026-03-18 12:01:47,2026-03-18 12:02:43
10,Starved,2026-03-18 12:02:43,2026-03-18 12:02:47
10,Running,2026-03-18 12:02:47,2026-03-18 12:03:40
10,Starved,2026-03-18 12:03:40,2026-03-18 12:03:47
10,Running,2026-03-18 12:03:47,2026-03-18 12:04:44
7,Down,2026-03-18 12:01:18,2026-03-18 12:05:00
10,Starved,2026-03-18 12:04:44,2026-03-18 12:05:03
10,Running,2026-03-18 12:05:03,2026-03-18 12:05:53
10,Starved,2026-03-18 12:05:53,2026-03-18 12:05:54
8,Starved,2026-03-18 12:02:29,2026-03-18 12:06:05
10,Running,2026-03-18 12:05:54,2026-03-18 12:07:03
8,Running,2026-03-18 12:06:05,2026-03-18 12:07:04
10,Starved,2026-03-18 12:07:03,2026-03-18 12:07:06
7,Running,2026-03-18 12:05:00,2026-03-18 12:07:17
8,Starved,2026-03-18 12:07:04,2026-03-18 12:07:17
10,Running,2026-03-18 12:07:06,2026-03-18 12:08:06
10,Starved,2026-03-18 12:08:06,2026-03-18 12:08:11
8,Running,2026-03-18 12:07:17,2026-03-18 12:08:23
10,Running,2026-03-18 12:08:11,2026-03-18 12:09:06
10,Starved,2026-03-18 12:09:06,2026-03-18 12:09:09
12,Running,2026-03-18 11:56:29,2026-03-18 12:10:31
12,Starved,2026-03-18 12:10:31,2026-03-18 12:10:37
9,Running,2026-03-18 11:15:17,2026-03-18 12:11:02
10,Running,2026-03-18 12:09:09,2026-03-18 12:12:17
12,Running,2026-03-18 12:10:37,2026-03-18 12:12:44
12,Starved,2026-03-18 12:12:44,2026-03-18 12:12:49
3,Down,2026-03-18 11:52:51,2026-03-18 12:12:59
2,Blocked,2026-03-18 11:53:23,2026-03-18 12:12:59
1,Blocked,2026-03-18 11:53:38,2026-03-18 12:12:59
1,Running,2026-03-18 12:12:59,2026-03-18 12:13:46
4,Starved,2026-03-18 11:56:15,2026-03-18 12:13:59
1,Blocked,2026-03-18 12:13:46,2026-03-18 12:14:05
2,Running,2026-03-18 12:12:59,2026-03-18 12:14:55
2,Blocked,2026-03-18 12:14:55,2026-03-18 12:15:03
5,Starved,2026-03-18 11:59:52,2026-03-18 12:15:23
2,Running,2026-03-18 12:15:03,2026-03-18 12:15:58
1,Running,2026-03-18 12:14:05,2026-03-18 12:16:07
2,Blocked,2026-03-18 12:15:58,2026-03-18 12:16:10
1,Blocked,2026-03-18 12:16:07,2026-03-18 12:16:10
5,Running,2026-03-18 12:15:23,2026-03-18 12:16:28
6,Starved,2026-03-18 12:01:10,2026-03-18 12:16:28
1,Running,2026-03-18 12:16:10,2026-03-18 12:17:02
1,Blocked,2026-03-18 12:17:02,2026-03-18 12:17:22
6,Running,2026-03-18 12:16:28,2026-03-18 12:17:23
7,Starved,2026-03-18 12:07:17,2026-03-18 12:17:23
1,Running,2026-03-18 12:17:22,2026-03-18 12:18:10
1,Blocked,2026-03-18 12:18:10,2026-03-18 12:18:18
7,Running,2026-03-18 12:17:23,2026-03-18 12:18:31
8,Starved,2026-03-18 12:08:23,2026-03-18 12:18:31
6,Down,2026-03-18 12:17:23,2026-03-18 12:19:05
12,Running,2026-03-18 12:12:49,2026-03-18 12:19:36
11,Running,2026-03-18 11:31:15,2026-03-18 12:19:36
12,Starved,2026-03-18 12:19:36,2026-03-18 12:19:36
8,Running,2026-03-18 12:18:31,2026-03-18 12:19:38
9,Starved,2026-03-18 12:11:02,2026-03-18 12:19:38
1,Running,2026-03-18 12:18:18,2026-03-18 12:20:08
1,Blocked,2026-03-18 12:20:08,2026-03-18 12:20:09
12,Running,2026-03-18 12:19:36,2026-03-18 12:20:39
9,Running,2026-03-18 12:19:38,2026-03-18 12:21:02
10,Starved,2026-03-18 12:12:17,2026-03-18 12:21:02
10,Running,2026-03-18 12:21:02,2026-03-18 12:22:10
11,Starved,2026-03-18 12:19:36,2026-03-18 12:22:10
1,Running,2026-03-18 12:20:09,2026-03-18 12:22:12
1,Blocked,2026-03-18 12:22:12,2026-03-18 12:22:16
11,Running,2026-03-18 12:22:10,2026-03-18 12:23:05
12,Starved,2026-03-18 12:20:39,2026-03-18 12:23:05
5,Down,2026-03-18 12:16:28,2026-03-18 12:24:00
12,Running,2026-03-18 12:23:05,2026-03-18 12:24:15
12,Down,2026-03-18 12:24:15,2026-03-18 12:24:34
6,Starved,2026-03-18 12:19:05,2026-03-18 12:25:02
6,Running,2026-03-18 12:25:02,2026-03-18 12:26:00
7,Starved,2026-03-18 12:18:31,2026-03-18 12:26:00
6,Starved,2026-03-18 12:26:00,2026-03-18 12:26:00
8,Starved,2026-03-18 12:19:38,2026-03-18 12:27:10
8,Running,2026-03-18 12:27:10,2026-03-18 12:28:05
9,Starved,2026-03-18 12:21:02,2026-03-18 12:28:05
8,Starved,2026-03-18 12:28:05,2026-03-18 12:28:12
9,Running,2026-03-18 12:28:05,2026-03-18 12:29:05
10,Starved,2026-03-18 12:22:10,2026-03-18 12:29:05
8,Running,2026-03-18 12:28:12,2026-03-18 12:29:07
9,Starved,2026-03-18 12:29:05,2026-03-18 12:29:07
8,Starved,2026-03-18 12:29:07,2026-03-18 12:29:07
6,Running,2026-03-18 12:26:00,2026-03-18 12:29:59
6,Starved,2026-03-18 12:29:59,2026-03-18 12:30:02
8,Running,2026-03-18 12:29:07,2026-03-18 12:30:03
11,Starved,2026-03-18 12:23:05,2026-03-18 12:30:09
1,Running,2026-03-18 12:22:16,2026-03-18 12:30:22
1,Blocked,2026-03-18 12:30:22,2026-03-18 12:30:23
8,Starved,2026-03-18 12:30:03,2026-03-18 12:30:35
11,Running,2026-03-18 12:30:09,2026-03-18 12:31:03
12,Starved,2026-03-18 12:24:34,2026-03-18 12:31:03
9,Running,2026-03-18 12:29:07,2026-03-18 12:31:10
11,Starved,2026-03-18 12:31:03,2026-03-18 12:31:14
8,Running,2026-03-18 12:30:35,2026-03-18 12:31:35
9,Starved,2026-03-18 12:31:10,2026-03-18 12:31:35
8,Starved,2026-03-18 12:31:35,2026-03-18 12:32:02
12,Running,2026-03-18 12:31:03,2026-03-18 12:32:04
10,Running,2026-03-18 12:29:05,2026-03-18 12:32:04
12,Starved,2026-03-18 12:32:04,2026-03-18 12:32:05
1,Running,2026-03-18 12:30:23,2026-03-18 12:32:22
1,Blocked,2026-03-18 12:32:22,2026-03-18 12:32:23
9,Running,2026-03-18 12:31:35,2026-03-18 12:32:57
10,Starved,2026-03-18 12:32:04,2026-03-18 12:32:57
8,Running,2026-03-18 12:32:02,2026-03-18 12:32:58
9,Starved,2026-03-18 12:32:57,2026-03-18 12:32:58
12,Running,2026-03-18 12:32:05,2026-03-18 12:33:04
11,Running,2026-03-18 12:31:14,2026-03-18 12:33:08
12,Starved,2026-03-18 12:33:04,2026-03-18 12:33:08
1,Running,2026-03-18 12:32:23,2026-03-18 12:33:18
8,Starved,2026-03-18 12:32:58,2026-03-18 12:33:28
1,Blocked,2026-03-18 12:33:18,2026-03-18 12:33:30
10,Running,2026-03-18 12:32:57,2026-03-18 12:34:03
11,Starved,2026-03-18 12:33:08,2026-03-18 12:34:03
9,Running,2026-03-18 12:32:58,2026-03-18 12:34:07
10,Starved,2026-03-18 12:34:03,2026-03-18 12:34:07
12,Running,2026-03-18 12:33:08,2026-03-18 12:34:12
8,Running,2026-03-18 12:33:28,2026-03-18 12:34:20
9,Starved,2026-03-18 12:34:07,2026-03-18 12:34:20
1,Running,2026-03-18 12:33:30,2026-03-18 12:34:34
1,Blocked,2026-03-18 12:34:34,2026-03-18 12:34:34
8,Starved,2026-03-18 12:34:20,2026-03-18 12:34:37
11,Running,2026-03-18 12:34:03,2026-03-18 12:34:58
12,Starved,2026-03-18 12:34:12,2026-03-18 12:34:58
10,Running,2026-03-18 12:34:07,2026-03-18 12:35:04
11,Starved,2026-03-18 12:34:58,2026-03-18 12:35:04
1,Running,2026-03-18 12:34:34,2026-03-18 12:35:29
8,Running,2026-03-18 12:34:37,2026-03-18 12:35:38
1,Blocked,2026-03-18 12:35:29,2026-03-18 12:35:39
10,Starved,2026-03-18 12:35:04,2026-03-18 12:35:40
8,Starved,2026-03-18 12:35:38,2026-03-18 12:35:48
11,Running,2026-03-18 12:35:04,2026-03-18 12:36:05
6,Running,2026-03-18 12:30:02,2026-03-18 12:36:09
6,Starved,2026-03-18 12:36:09,2026-03-18 12:36:12
10,Running,2026-03-18 12:35:40,2026-03-18 12:36:33
11,Starved,2026-03-18 12:36:05,2026-03-18 12:36:33
9,Running,2026-03-18 12:34:20,2026-03-18 12:36:34
10,Starved,2026-03-18 12:36:33,2026-03-18 12:36:34
8,Running,2026-03-18 12:35:48,2026-03-18 12:36:48
9,Starved,2026-03-18 12:36:34,2026-03-18 12:36:48
8,Starved,2026-03-18 12:36:48,2026-03-18 12:36:51
12,Running,2026-03-18 12:34:58,2026-03-18 12:37:16
11,Running,2026-03-18 12:36:33,2026-03-18 12:37:31
12,Starved,2026-03-18 12:37:16,2026-03-18 12:37:31
10,Running,2026-03-18 12:36:34,2026-03-18 12:37:33
11,Starved,2026-03-18 12:37:31,2026-03-18 12:37:33
9,Running,2026-03-18 12:36:48,2026-03-18 12:37:43
10,Starved,2026-03-18 12:37:33,2026-03-18 12:37:43
8,Running,2026-03-18 12:36:51,2026-03-18 12:37:52
9,Starved,2026-03-18 12:37:43,2026-03-18 12:37:52
8,Starved,2026-03-18 12:37:52,2026-03-18 12:38:09
11,Running,2026-03-18 12:37:33,2026-03-18 12:38:31
1,Running,2026-03-18 12:35:39,2026-03-18 12:38:47
10,Running,2026-03-18 12:37:43,2026-03-18 12:38:53
11,Starved,2026-03-18 12:38:31,2026-03-18 12:38:53
9,Running,2026-03-18 12:37:52,2026-03-18 12:38:58
10,Starved,2026-03-18 12:38:53,2026-03-18 12:38:58
8,Running,2026-03-18 12:38:09,2026-03-18 12:39:14
9,Starved,2026-03-18 12:38:58,2026-03-18 12:39:14
8,Starved,2026-03-18 12:39:14,2026-03-18 12:39:35
12,Running,2026-03-18 12:37:31,2026-03-18 12:39:38
11,Running,2026-03-18 12:38:53,2026-03-18 12:39:46
12,Starved,2026-03-18 12:39:38,2026-03-18 12:39:46
10,Running,2026-03-18 12:38:58,2026-03-18 12:39:52
11,Starved,2026-03-18 12:39:46,2026-03-18 12:39:52
9,Running,2026-03-18 12:39:14,2026-03-18 12:40:34
10,Starved,2026-03-18 12:39:52,2026-03-18 12:40:34
9,Starved,2026-03-18 12:40:34,2026-03-18 12:40:36
1,Down,2026-03-18 12:38:47,2026-03-18 12:40:43
11,Running,2026-03-18 12:39:52,2026-03-18 12:40:48
10,Running,2026-03-18 12:40:34,2026-03-18 12:41:31
11,Starved,2026-03-18 12:40:48,2026-03-18 12:41:31
12,Running,2026-03-18 12:39:46,2026-03-18 12:41:52
10,Starved,2026-03-18 12:41:31,2026-03-18 12:41:57
11,Running,2026-03-18 12:41:31,2026-03-18 12:42:30
12,Starved,2026-03-18 12:41:52,2026-03-18 12:42:30
10,Running,2026-03-18 12:41:57,2026-03-18 12:42:50
11,Starved,2026-03-18 12:42:30,2026-03-18 12:42:50
10,Starved,2026-03-18 12:42:50,2026-03-18 12:42:57
8,Running,2026-03-18 12:39:35,2026-03-18 12:43:26
12,Running,2026-03-18 12:42:30,2026-03-18 12:43:30
8,Starved,2026-03-18 12:43:26,2026-03-18 12:43:36
10,Running,2026-03-18 12:42:57,2026-03-18 12:43:50
11,Running,2026-03-18 12:42:50,2026-03-18 12:43:59
12,Starved,2026-03-18 12:43:30,2026-03-18 12:43:59
10,Starved,2026-03-18 12:43:50,2026-03-18 12:44:00
8,Running,2026-03-18 12:43:36,2026-03-18 12:44:38
8,Starved,2026-03-18 12:44:38,2026-03-18 12:44:50
12,Running,2026-03-18 12:43:59,2026-03-18 12:44:57
10,Running,2026-03-18 12:44:00,2026-03-18 12:45:02
10,Starved,2026-03-18 12:45:02,2026-03-18 12:45:10
11,Down,2026-03-18 12:43:59,2026-03-18 12:45:25
8,Running,2026-03-18 12:44:50,2026-03-18 12:45:49
8,Starved,2026-03-18 12:45:49,2026-03-18 12:45:51
12,Starved,2026-03-18 12:44:57,2026-03-18 12:46:31
8,Running,2026-03-18 12:45:51,2026-03-18 12:46:45
8,Starved,2026-03-18 12:46:45,2026-03-18 12:46:53
9,Running,2026-03-18 12:40:36,2026-03-18 12:47:52
8,Running,2026-03-18 12:46:53,2026-03-18 12:47:54
9,Starved,2026-03-18 12:47:52,2026-03-18 12:47:54
8,Starved,2026-03-18 12:47:54,2026-03-18 12:48:18
12,Running,2026-03-18 12:46:31,2026-03-18 12:48:34
12,Starved,2026-03-18 12:48:34,2026-03-18 12:48:35
10,Running,2026-03-18 12:45:10,2026-03-18 12:48:52
9,Running,2026-03-18 12:47:54,2026-03-18 12:48:53
10,Starved,2026-03-18 12:48:52,2026-03-18 12:48:53
9,Starved,2026-03-18 12:48:53,2026-03-18 12:49:29
12,Running,2026-03-18 12:48:35,2026-03-18 12:49:39
12,Starved,2026-03-18 12:49:39,2026-03-18 12:49:42
10,Running,2026-03-18 12:48:53,2026-03-18 12:49:50
12,Running,2026-03-18 12:49:42,2026-03-18 12:50:37
12,Starved,2026-03-18 12:50:37,2026-03-18 12:50:49
10,Starved,2026-03-18 12:49:50,2026-03-18 12:50:54
6,Running,2026-03-18 12:36:12,2026-03-18 12:51:54
6,Starved,2026-03-18 12:51:54,2026-03-18 12:51:59
10,Running,2026-03-18 12:50:54,2026-03-18 12:52:50
10,Starved,2026-03-18 12:52:50,2026-03-18 12:52:53
10,Running,2026-03-18 12:52:53,2026-03-18 12:54:53
6,Running,2026-03-18 12:51:59,2026-03-18 12:54:56
10,Starved,2026-03-18 12:54:53,2026-03-18 12:54:58
6,Starved,2026-03-18 12:54:56,2026-03-18 12:55:01
10,Running,2026-03-18 12:54:58,2026-03-18 12:55:46
10,Starved,2026-03-18 12:55:46,2026-03-18 12:55:58
6,Running,2026-03-18 12:55:01,2026-03-18 12:55:59
6,Starved,2026-03-18 12:55:59,2026-03-18 12:56:09
10,Running,2026-03-18 12:55:58,2026-03-18 12:56:56
9,Running,2026-03-18 12:49:29,2026-03-18 12:56:56
10,Starved,2026-03-18 12:56:56,2026-03-18 12:56:56
9,Starved,2026-03-18 12:56:56,2026-03-18 12:57:01
6,Running,2026-03-18 12:56:09,2026-03-18 12:57:04
6,Starved,2026-03-18 12:57:04,2026-03-18 12:57:13
10,Running,2026-03-18 12:56:56,2026-03-18 12:57:57
10,Starved,2026-03-18 12:57:57,2026-03-18 12:57:58
8,Running,2026-03-18 12:48:18,2026-03-18 12:58:41
8,Starved,2026-03-18 12:58:41,2026-03-18 12:58:46
8,Running,2026-03-18 12:58:46,2026-03-18 12:59:48
8,Starved,2026-03-18 12:59:48,2026-03-18 12:59:48
8,Running,2026-03-18 12:59:48,2026-03-18 13:00:51
11,Running,2026-03-18 12:45:25,2026-03-18 13:00:55
10,Running,2026-03-18 12:57:58,2026-03-18 13:01:11
8,Starved,2026-03-18 13:00:51,2026-03-18 13:01:13
10,Starved,2026-03-18 13:01:11,2026-03-18 13:01:23
12,Running,2026-03-18 12:50:49,2026-03-18 13:02:07
10,Running,2026-03-18 13:01:23,2026-03-18 13:02:19
10,Starved,2026-03-18 13:02:19,2026-03-18 13:02:29
10,Running,2026-03-18 13:02:29,2026-03-18 13:03:25
8,Running,2026-03-18 13:01:13,2026-03-18 13:03:27
8,Starved,2026-03-18 13:03:27,2026-03-18 13:03:32
10,Starved,2026-03-18 13:03:25,2026-03-18 13:03:48
6,Running,2026-03-18 12:57:13,2026-03-18 13:05:25
8,Running,2026-03-18 13:03:32,2026-03-18 13:05:27
8,Starved,2026-03-18 13:05:27,2026-03-18 13:05:41
10,Running,2026-03-18 13:03:48,2026-03-18 13:05:55
10,Starved,2026-03-18 13:05:55,2026-03-18 13:06:14
10,Running,2026-03-18 13:06:14,2026-03-18 13:07:14
10,Starved,2026-03-18 13:07:14,2026-03-18 13:07:25
8,Running,2026-03-18 13:05:41,2026-03-18 13:07:36
8,Starved,2026-03-18 13:07:36,2026-03-18 13:07:41
8,Running,2026-03-18 13:07:41,2026-03-18 13:08:40
8,Starved,2026-03-18 13:08:40,2026-03-18 13:08:54
11,Down,2026-03-18 13:00:55,2026-03-18 13:09:14
6,Down,2026-03-18 13:05:25,2026-03-18 13:09:47
12,Starved,2026-03-18 13:02:07,2026-03-18 13:10:14
5,Running,2026-03-18 12:24:00,2026-03-18 13:11:47
8,Running,2026-03-18 13:08:54,2026-03-18 13:11:59
8,Starved,2026-03-18 13:11:59,2026-03-18 13:12:03
12,Running,2026-03-18 13:10:14,2026-03-18 13:12:08
12,Starved,2026-03-18 13:12:08,2026-03-18 13:12:23
9,Running,2026-03-18 12:57:01,2026-03-18 13:13:11
9,Starved,2026-03-18 13:13:11,2026-03-18 13:13:14
12,Running,2026-03-18 13:12:23,2026-03-18 13:13:26
12,Starved,2026-03-18 13:13:26,2026-03-18 13:13:27
8,Running,2026-03-18 13:12:03,2026-03-18 13:15:01
8,Starved,2026-03-18 13:15:01,2026-03-18 13:15:10
8,Running,2026-03-18 13:15:10,2026-03-18 13:16:05
8,Starved,2026-03-18 13:16:05,2026-03-18 13:16:20
8,Running,2026-03-18 13:16:20,2026-03-18 13:17:16
5,Down,2026-03-18 13:11:47,2026-03-18 13:17:25
8,Starved,2026-03-18 13:17:16,2026-03-18 13:17:44
6,Running,2026-03-18 13:09:47,2026-03-18 13:18:05
6,Starved,2026-03-18 13:18:05,2026-03-18 13:18:25
12,Running,2026-03-18 13:13:27,2026-03-18 13:18:30
12,Starved,2026-03-18 13:18:30,2026-03-18 13:18:34
10,Running,2026-03-18 13:07:25,2026-03-18 13:18:41
10,Starved,2026-03-18 13:18:41,2026-03-18 13:19:02
6,Running,2026-03-18 13:18:25,2026-03-18 13:19:28
6,Starved,2026-03-18 13:19:28,2026-03-18 13:19:28
8,Running,2026-03-18 13:17:44,2026-03-18 13:19:39
10,Running,2026-03-18 13:19:02,2026-03-18 13:19:52
2,Running,2026-03-18 12:16:10,2026-03-18 13:19:55
8,Starved,2026-03-18 13:19:39,2026-03-18 13:20:03
10,Starved,2026-03-18 13:19:52,2026-03-18 13:20:11
10,Running,2026-03-18 13:20:11,2026-03-18 13:21:00
8,Running,2026-03-18 13:20:03,2026-03-18 13:21:02
10,Starved,2026-03-18 13:21:00,2026-03-18 13:21:07
8,Starved,2026-03-18 13:21:02,2026-03-18 13:21:31
12,Running,2026-03-18 13:18:34,2026-03-18 13:21:34
12,Starved,2026-03-18 13:21:34,2026-03-18 13:21:34
1,Running,2026-03-18 12:40:43,2026-03-18 13:21:53
10,Running,2026-03-18 13:21:07,2026-03-18 13:22:15
12,Running,2026-03-18 13:21:34,2026-03-18 13:22:25
12,Starved,2026-03-18 13:22:25,2026-03-18 13:22:27
8,Running,2026-03-18 13:21:31,2026-03-18 13:22:32
10,Starved,2026-03-18 13:22:15,2026-03-18 13:22:36
8,Starved,2026-03-18 13:22:32,2026-03-18 13:22:46
10,Running,2026-03-18 13:22:36,2026-03-18 13:23:31
8,Running,2026-03-18 13:22:46,2026-03-18 13:23:41
8,Starved,2026-03-18 13:23:41,2026-03-18 13:23:46
10,Starved,2026-03-18 13:23:31,2026-03-18 13:23:50
2,Down,2026-03-18 13:19:55,2026-03-18 13:24:34
1,Blocked,2026-03-18 13:21:53,2026-03-18 13:24:34
10,Running,2026-03-18 13:23:50,2026-03-18 13:24:47
9,Running,2026-03-18 13:13:14,2026-03-18 13:24:47
10,Starved,2026-03-18 13:24:47,2026-03-18 13:24:47
9,Starved,2026-03-18 13:24:47,2026-03-18 13:24:51
1,Running,2026-03-18 13:24:34,2026-03-18 13:25:34
1,Blocked,2026-03-18 13:25:34,2026-03-18 13:25:38
9,Running,2026-03-18 13:24:51,2026-03-18 13:25:43
9,Starved,2026-03-18 13:25:43,2026-03-18 13:25:52
3,Running,2026-03-18 12:12:59,2026-03-18 13:26:22
3,Blocked,2026-03-18 13:26:22,2026-03-18 13:26:25
1,Running,2026-03-18 13:25:38,2026-03-18 13:26:36
1,Blocked,2026-03-18 13:26:36,2026-03-18 13:26:42
10,Running,2026-03-18 13:24:47,2026-03-18 13:26:51
10,Starved,2026-03-18 13:26:51,2026-03-18 13:27:03
3,Running,2026-03-18 13:26:25,2026-03-18 13:27:25
3,Blocked,2026-03-18 13:27:25,2026-03-18 13:27:32
8,Running,2026-03-18 13:23:46,2026-03-18 13:27:45
12,Running,2026-03-18 13:22:27,2026-03-18 13:28:29
12,Starved,2026-03-18 13:28:29,2026-03-18 13:28:31
3,Running,2026-03-18 13:27:32,2026-03-18 13:28:34
3,Blocked,2026-03-18 13:28:34,2026-03-18 13:28:35
8,Down,2026-03-18 13:27:45,2026-03-18 13:29:00
9,Running,2026-03-18 13:25:52,2026-03-18 13:29:01
3,Running,2026-03-18 13:28:35,2026-03-18 13:29:28
3,Blocked,2026-03-18 13:29:28,2026-03-18 13:29:31
9,Starved,2026-03-18 13:29:01,2026-03-18 13:30:02
10,Running,2026-03-18 13:27:03,2026-03-18 13:30:05
3,Running,2026-03-18 13:29:31,2026-03-18 13:30:26
3,Blocked,2026-03-18 13:30:26,2026-03-18 13:30:38
9,Running,2026-03-18 13:30:02,2026-03-18 13:30:57
10,Starved,2026-03-18 13:30:05,2026-03-18 13:30:57
9,Starved,2026-03-18 13:30:57,2026-03-18 13:30:57
3,Running,2026-03-18 13:30:38,2026-03-18 13:31:44
9,Running,2026-03-18 13:30:57,2026-03-18 13:31:47
9,Starved,2026-03-18 13:31:47,2026-03-18 13:32:02
3,Blocked,2026-03-18 13:31:44,2026-03-18 13:32:19
10,Running,2026-03-18 13:30:57,2026-03-18 13:32:52
10,Starved,2026-03-18 13:32:52,2026-03-18 13:33:14
3,Running,2026-03-18 13:32:19,2026-03-18 13:33:23
1,Down,2026-03-18 13:26:42,2026-03-18 13:33:25
3,Blocked,2026-03-18 13:33:23,2026-03-18 13:33:44
10,Running,2026-03-18 13:33:14,2026-03-18 13:34:11
10,Starved,2026-03-18 13:34:11,2026-03-18 13:34:16
3,Running,2026-03-18 13:33:44,2026-03-18 13:34:50
3,Blocked,2026-03-18 13:34:50,2026-03-18 13:34:50
8,Running,2026-03-18 13:29:00,2026-03-18 13:35:02
8,Starved,2026-03-18 13:35:02,2026-03-18 13:35:11
10,Running,2026-03-18 13:34:16,2026-03-18 13:35:12
10,Starved,2026-03-18 13:35:12,2026-03-18 13:35:16
3,Running,2026-03-18 13:34:50,2026-03-18 13:35:42
3,Blocked,2026-03-18 13:35:42,2026-03-18 13:35:52
8,Running,2026-03-18 13:35:11,2026-03-18 13:36:01
8,Starved,2026-03-18 13:36:01,2026-03-18 13:36:08
10,Running,2026-03-18 13:35:16,2026-03-18 13:36:20
10,Starved,2026-03-18 13:36:20,2026-03-18 13:36:22
8,Running,2026-03-18 13:36:08,2026-03-18 13:37:10
8,Starved,2026-03-18 13:37:10,2026-03-18 13:37:20
3,Running,2026-03-18 13:35:52,2026-03-18 13:38:00
3,Blocked,2026-03-18 13:38:00,2026-03-18 13:38:01
10,Running,2026-03-18 13:36:22,2026-03-18 13:38:09
9,Running,2026-03-18 13:32:02,2026-03-18 13:38:15
10,Starved,2026-03-18 13:38:09,2026-03-18 13:38:15
9,Starved,2026-03-18 13:38:15,2026-03-18 13:38:22
3,Running,2026-03-18 13:38:01,2026-03-18 13:39:02
10,Running,2026-03-18 13:38:15,2026-03-18 13:39:17
9,Running,2026-03-18 13:38:22,2026-03-18 13:39:25
10,Starved,2026-03-18 13:39:17,2026-03-18 13:39:25
3,Blocked,2026-03-18 13:39:02,2026-03-18 13:39:25
9,Starved,2026-03-18 13:39:25,2026-03-18 13:39:30
3,Running,2026-03-18 13:39:25,2026-03-18 13:40:21
9,Running,2026-03-18 13:39:30,2026-03-18 13:40:30
9,Starved,2026-03-18 13:40:30,2026-03-18 13:40:30
3,Blocked,2026-03-18 13:40:21,2026-03-18 13:40:58
3,Running,2026-03-18 13:40:58,2026-03-18 13:41:56
3,Blocked,2026-03-18 13:41:56,2026-03-18 13:41:56
8,Running,2026-03-18 13:37:20,2026-03-18 13:42:33
10,Running,2026-03-18 13:39:25,2026-03-18 13:42:35
10,Starved,2026-03-18 13:42:35,2026-03-18 13:42:36
8,Starved,2026-03-18 13:42:33,2026-03-18 13:42:45
3,Running,2026-03-18 13:41:56,2026-03-18 13:42:58
3,Blocked,2026-03-18 13:42:58,2026-03-18 13:43:05
10,Running,2026-03-18 13:42:36,2026-03-18 13:43:37
8,Running,2026-03-18 13:42:45,2026-03-18 13:43:39
8,Starved,2026-03-18 13:43:39,2026-03-18 13:43:56
10,Starved,2026-03-18 13:43:37,2026-03-18 13:43:59
3,Running,2026-03-18 13:43:05,2026-03-18 13:44:05
3,Blocked,2026-03-18 13:44:05,2026-03-18 13:44:06
3,Running,2026-03-18 13:44:06,2026-03-18 13:44:59
10,Running,2026-03-18 13:43:59,2026-03-18 13:45:00
10,Starved,2026-03-18 13:45:00,2026-03-18 13:45:11
3,Blocked,2026-03-18 13:44:59,2026-03-18 13:45:18
3,Running,2026-03-18 13:45:18,2026-03-18 13:46:22
3,Blocked,2026-03-18 13:46:22,2026-03-18 13:46:27
3,Running,2026-03-18 13:46:27,2026-03-18 13:47:21
3,Blocked,2026-03-18 13:47:21,2026-03-18 13:47:24
8,Running,2026-03-18 13:43:56,2026-03-18 13:47:57
8,Starved,2026-03-18 13:47:57,2026-03-18 13:48:16
3,Running,2026-03-18 13:47:24,2026-03-18 13:48:25
3,Blocked,2026-03-18 13:48:25,2026-03-18 13:48:31
9,Running,2026-03-18 13:40:30,2026-03-18 13:49:07
8,Running,2026-03-18 13:48:16,2026-03-18 13:49:07
9,Starved,2026-03-18 13:49:07,2026-03-18 13:49:07
8,Starved,2026-03-18 13:49:07,2026-03-18 13:49:34
9,Running,2026-03-18 13:49:07,2026-03-18 13:50:20
8,Running,2026-03-18 13:49:34,2026-03-18 13:50:30
9,Starved,2026-03-18 13:50:20,2026-03-18 13:50:30
8,Starved,2026-03-18 13:50:30,2026-03-18 13:50:34
3,Running,2026-03-18 13:48:31,2026-03-18 13:51:21
10,Running,2026-03-18 13:45:11,2026-03-18 13:51:22
8,Running,2026-03-18 13:50:34,2026-03-18 13:51:23
3,Blocked,2026-03-18 13:51:21,2026-03-18 13:51:26
8,Starved,2026-03-18 13:51:23,2026-03-18 13:51:32
10,Starved,2026-03-18 13:51:22,2026-03-18 13:51:37
3,Running,2026-03-18 13:51:26,2026-03-18 13:52:15
3,Blocked,2026-03-18 13:52:15,2026-03-18 13:52:21
9,Running,2026-03-18 13:50:30,2026-03-18 13:52:32
8,Running,2026-03-18 13:51:32,2026-03-18 13:52:36
9,Starved,2026-03-18 13:52:32,2026-03-18 13:52:36
8,Starved,2026-03-18 13:52:36,2026-03-18 13:52:37
3,Running,2026-03-18 13:52:21,2026-03-18 13:53:14
3,Blocked,2026-03-18 13:53:14,2026-03-18 13:53:21
9,Running,2026-03-18 13:52:36,2026-03-18 13:53:34
8,Running,2026-03-18 13:52:37,2026-03-18 13:53:39
9,Starved,2026-03-18 13:53:34,2026-03-18 13:53:39
8,Starved,2026-03-18 13:53:39,2026-03-18 13:53:41
3,Running,2026-03-18 13:53:21,2026-03-18 13:54:21
3,Blocked,2026-03-18 13:54:21,2026-03-18 13:54:26
8,Running,2026-03-18 13:53:41,2026-03-18 13:54:31
10,Running,2026-03-18 13:51:37,2026-03-18 13:54:40
10,Starved,2026-03-18 13:54:40,2026-03-18 13:54:48
8,Starved,2026-03-18 13:54:31,2026-03-18 13:55:14
3,Running,2026-03-18 13:54:26,2026-03-18 13:55:27
3,Blocked,2026-03-18 13:55:27,2026-03-18 13:55:32
10,Running,2026-03-18 13:54:48,2026-03-18 13:55:47
9,Running,2026-03-18 13:53:39,2026-03-18 13:55:50
10,Starved,2026-03-18 13:55:47,2026-03-18 13:55:50
8,Running,2026-03-18 13:55:14,2026-03-18 13:56:13
9,Starved,2026-03-18 13:55:50,2026-03-18 13:56:13
8,Starved,2026-03-18 13:56:13,2026-03-18 13:56:19
3,Running,2026-03-18 13:55:32,2026-03-18 13:56:32
3,Blocked,2026-03-18 13:56:32,2026-03-18 13:56:34
10,Running,2026-03-18 13:55:50,2026-03-18 13:56:48
9,Running,2026-03-18 13:56:13,2026-03-18 13:57:19
10,Starved,2026-03-18 13:56:48,2026-03-18 13:57:19
9,Starved,2026-03-18 13:57:19,2026-03-18 13:57:26
3,Running,2026-03-18 13:56:34,2026-03-18 13:57:31
3,Blocked,2026-03-18 13:57:31,2026-03-18 13:57:52
10,Running,2026-03-18 13:57:19,2026-03-18 13:58:20
10,Starved,2026-03-18 13:58:20,2026-03-18 13:58:26
3,Running,2026-03-18 13:57:52,2026-03-18 13:58:53
3,Blocked,2026-03-18 13:58:53,2026-03-18 13:58:57
10,Running,2026-03-18 13:58:26,2026-03-18 13:59:28
10,Starved,2026-03-18 13:59:28,2026-03-18 13:59:29
3,Running,2026-03-18 13:58:57,2026-03-18 13:59:51
3,Blocked,2026-03-18 13:59:51,2026-03-18 14:00:03
3,Running,2026-03-18 14:00:03,2026-03-18 14:01:00
3,Blocked,2026-03-18 14:01:00,2026-03-18 14:01:06
3,Running,2026-03-18 14:01:06,2026-03-18 14:03:14
3,Blocked,2026-03-18 14:03:14,2026-03-18 14:03:15
10,Running,2026-03-18 13:59:29,2026-03-18 14:03:32
9,Running,2026-03-18 13:57:26,2026-03-18 14:03:36
10,Starved,2026-03-18 14:03:32,2026-03-18 14:03:36
9,Starved,2026-03-18 14:03:36,2026-03-18 14:03:39
10,Running,2026-03-18 14:03:36,2026-03-18 14:04:34
10,Starved,2026-03-18 14:04:34,2026-03-18 14:04:43
2,Running,2026-03-18 13:24:34,2026-03-18 14:05:29
6,Running,2026-03-18 13:19:28,2026-03-18 14:05:30
2,Down,2026-03-18 14:05:29,2026-03-18 14:05:31
10,Running,2026-03-18 14:04:43,2026-03-18 14:05:41
6,Starved,2026-03-18 14:05:30,2026-03-18 14:05:45
10,Starved,2026-03-18 14:05:41,2026-03-18 14:05:48
12,Running,2026-03-18 13:28:31,2026-03-18 14:05:52
10,Running,2026-03-18 14:05:48,2026-03-18 14:06:48
10,Starved,2026-03-18 14:06:48,2026-03-18 14:06:51
3,Running,2026-03-18 14:03:15,2026-03-18 14:07:21
3,Blocked,2026-03-18 14:07:21,2026-03-18 14:07:25
10,Running,2026-03-18 14:06:51,2026-03-18 14:07:54
10,Starved,2026-03-18 14:07:54,2026-03-18 14:07:59
6,Running,2026-03-18 14:05:45,2026-03-18 14:08:32
6,Starved,2026-03-18 14:08:32,2026-03-18 14:08:35
5,Running,2026-03-18 13:17:25,2026-03-18 14:10:34
9,Running,2026-03-18 14:03:39,2026-03-18 14:10:44
9,Starved,2026-03-18 14:10:44,2026-03-18 14:10:52
3,Running,2026-03-18 14:07:25,2026-03-18 14:11:25
12,Down,2026-03-18 14:05:52,2026-03-18 14:11:28
3,Blocked,2026-03-18 14:11:25,2026-03-18 14:11:35
6,Running,2026-03-18 14:08:35,2026-03-18 14:11:39
3,Running,2026-03-18 14:11:35,2026-03-18 14:12:45
10,Running,2026-03-18 14:07:59,2026-03-18 14:12:49
3,Blocked,2026-03-18 14:12:45,2026-03-18 14:12:49
10,Starved,2026-03-18 14:12:49,2026-03-18 14:12:56
3,Running,2026-03-18 14:12:49,2026-03-18 14:13:48
10,Running,2026-03-18 14:12:56,2026-03-18 14:13:59
10,Starved,2026-03-18 14:13:59,2026-03-18 14:14:05
3,Blocked,2026-03-18 14:13:48,2026-03-18 14:14:26
3,Running,2026-03-18 14:14:26,2026-03-18 14:15:19
3,Blocked,2026-03-18 14:15:19,2026-03-18 14:15:42
10,Running,2026-03-18 14:14:05,2026-03-18 14:15:57
10,Starved,2026-03-18 14:15:57,2026-03-18 14:15:59
3,Running,2026-03-18 14:15:42,2026-03-18 14:16:40
10,Running,2026-03-18 14:15:59,2026-03-18 14:16:53
10,Starved,2026-03-18 14:16:53,2026-03-18 14:17:01
3,Blocked,2026-03-18 14:16:40,2026-03-18 14:17:04
7,Running,2026-03-18 12:26:00,2026-03-18 14:17:48
10,Running,2026-03-18 14:17:01,2026-03-18 14:17:53
10,Starved,2026-03-18 14:17:53,2026-03-18 14:18:07
5,Down,2026-03-18 14:10:34,2026-03-18 14:18:10
8,Running,2026-03-18 13:56:19,2026-03-18 14:18:56
6,Starved,2026-03-18 14:11:39,2026-03-18 14:19:16
9,Running,2026-03-18 14:10:52,2026-03-18 14:20:03
3,Running,2026-03-18 14:17:04,2026-03-18 14:20:16
6,Running,2026-03-18 14:19:16,2026-03-18 14:20:16
7,Starved,2026-03-18 14:17:48,2026-03-18 14:20:16
3,Blocked,2026-03-18 14:20:16,2026-03-18 14:20:31
10,Running,2026-03-18 14:18:07,2026-03-18 14:21:02
7,Running,2026-03-18 14:20:16,2026-03-18 14:21:16
8,Starved,2026-03-18 14:18:56,2026-03-18 14:21:16
3,Running,2026-03-18 14:20:31,2026-03-18 14:21:26
2,Running,2026-03-18 14:05:31,2026-03-18 14:21:41
3,Blocked,2026-03-18 14:21:26,2026-03-18 14:21:59
2,Blocked,2026-03-18 14:21:41,2026-03-18 14:21:59
8,Running,2026-03-18 14:21:16,2026-03-18 14:22:12
9,Starved,2026-03-18 14:20:03,2026-03-18 14:22:12
2,Running,2026-03-18 14:21:59,2026-03-18 14:22:48
2,Blocked,2026-03-18 14:22:48,2026-03-18 14:22:54
9,Running,2026-03-18 14:22:12,2026-03-18 14:23:13
10,Starved,2026-03-18 14:21:02,2026-03-18 14:23:13
2,Running,2026-03-18 14:22:54,2026-03-18 14:23:56
2,Blocked,2026-03-18 14:23:56,2026-03-18 14:23:59
10,Running,2026-03-18 14:23:13,2026-03-18 14:24:07
3,Running,2026-03-18 14:21:59,2026-03-18 14:25:02
2,Running,2026-03-18 14:23:59,2026-03-18 14:25:04
3,Blocked,2026-03-18 14:25:02,2026-03-18 14:25:22
2,Blocked,2026-03-18 14:25:04,2026-03-18 14:25:22
11,Running,2026-03-18 13:09:14,2026-03-18 14:25:25
11,Down,2026-03-18 14:25:25,2026-03-18 14:25:52
3,Running,2026-03-18 14:25:22,2026-03-18 14:26:28
3,Blocked,2026-03-18 14:26:28,2026-03-18 14:26:29
2,Running,2026-03-18 14:25:22,2026-03-18 14:27:28
3,Running,2026-03-18 14:26:29,2026-03-18 14:27:34
3,Blocked,2026-03-18 14:27:34,2026-03-18 14:27:53
2,Blocked,2026-03-18 14:27:28,2026-03-18 14:27:53
3,Running,2026-03-18 14:27:53,2026-03-18 14:28:50
2,Running,2026-03-18 14:27:53,2026-03-18 14:28:58
3,Blocked,2026-03-18 14:28:50,2026-03-18 14:29:24
2,Blocked,2026-03-18 14:28:58,2026-03-18 14:29:24
2,Running,2026-03-18 14:29:24,2026-03-18 14:30:19
2,Blocked,2026-03-18 14:30:19,2026-03-18 14:30:31
6,Down,2026-03-18 14:20:16,2026-03-18 14:31:52
3,Running,2026-03-18 14:29:24,2026-03-18 14:32:22
2,Running,2026-03-18 14:30:31,2026-03-18 14:32:23
3,Blocked,2026-03-18 14:32:22,2026-03-18 14:32:24
2,Blocked,2026-03-18 14:32:23,2026-03-18 14:32:24
7,Starved,2026-03-18 14:21:16,2026-03-18 14:32:52
12,Running,2026-03-18 14:11:28,2026-03-18 14:33:00
7,Running,2026-03-18 14:32:52,2026-03-18 14:33:54
8,Starved,2026-03-18 14:22:12,2026-03-18 14:33:54
7,Starved,2026-03-18 14:33:54,2026-03-18 14:33:54
3,Running,2026-03-18 14:32:24,2026-03-18 14:34:27
3,Blocked,2026-03-18 14:34:27,2026-03-18 14:34:33
8,Running,2026-03-18 14:33:54,2026-03-18 14:34:51
9,Starved,2026-03-18 14:23:13,2026-03-18 14:34:51
7,Running,2026-03-18 14:33:54,2026-03-18 14:34:52
7,Starved,2026-03-18 14:34:52,2026-03-18 14:34:54
2,Running,2026-03-18 14:32:24,2026-03-18 14:35:34
3,Running,2026-03-18 14:34:33,2026-03-18 14:35:39
3,Blocked,2026-03-18 14:35:39,2026-03-18 14:35:47
2,Blocked,2026-03-18 14:35:34,2026-03-18 14:35:47
9,Running,2026-03-18 14:34:51,2026-03-18 14:35:55
10,Starved,2026-03-18 14:24:07,2026-03-18 14:35:55
2,Running,2026-03-18 14:35:47,2026-03-18 14:36:40
3,Running,2026-03-18 14:35:47,2026-03-18 14:36:44
10,Running,2026-03-18 14:35:55,2026-03-18 14:36:45
11,Starved,2026-03-18 14:25:52,2026-03-18 14:36:45
3,Blocked,2026-03-18 14:36:44,2026-03-18 14:36:46
2,Blocked,2026-03-18 14:36:40,2026-03-18 14:36:46
8,Down,2026-03-18 14:34:51,2026-03-18 14:37:07
3,Running,2026-03-18 14:36:46,2026-03-18 14:37:36
2,Running,2026-03-18 14:36:46,2026-03-18 14:37:40
11,Running,2026-03-18 14:36:45,2026-03-18 14:37:44
12,Starved,2026-03-18 14:33:00,2026-03-18 14:37:44
3,Blocked,2026-03-18 14:37:36,2026-03-18 14:38:04
2,Blocked,2026-03-18 14:37:40,2026-03-18 14:38:04
9,Starved,2026-03-18 14:35:55,2026-03-18 14:38:10
12,Running,2026-03-18 14:37:44,2026-03-18 14:38:49
10,Starved,2026-03-18 14:36:45,2026-03-18 14:39:13
3,Running,2026-03-18 14:38:04,2026-03-18 14:40:03
3,Blocked,2026-03-18 14:40:03,2026-03-18 14:40:05
10,Running,2026-03-18 14:39:13,2026-03-18 14:40:10
11,Starved,2026-03-18 14:37:44,2026-03-18 14:40:10
10,Starved,2026-03-18 14:40:10,2026-03-18 14:40:30
2,Running,2026-03-18 14:38:04,2026-03-18 14:40:59
11,Running,2026-03-18 14:40:10,2026-03-18 14:41:11
12,Starved,2026-03-18 14:38:49,2026-03-18 14:41:11
2,Blocked,2026-03-18 14:40:59,2026-03-18 14:41:13
11,Starved,2026-03-18 14:41:11,2026-03-18 14:41:37
2,Running,2026-03-18 14:41:13,2026-03-18 14:42:12
2,Blocked,2026-03-18 14:42:12,2026-03-18 14:42:15
12,Running,2026-03-18 14:41:11,2026-03-18 14:42:15
10,Running,2026-03-18 14:40:30,2026-03-18 14:42:25
12,Starved,2026-03-18 14:42:15,2026-03-18 14:42:40
10,Starved,2026-03-18 14:42:25,2026-03-18 14:42:47
3,Running,2026-03-18 14:40:05,2026-03-18 14:43:10
2,Running,2026-03-18 14:42:15,2026-03-18 14:43:11
3,Blocked,2026-03-18 14:43:10,2026-03-18 14:43:19
2,Blocked,2026-03-18 14:43:11,2026-03-18 14:43:19
11,Running,2026-03-18 14:41:37,2026-03-18 14:43:39
11,Starved,2026-03-18 14:43:39,2026-03-18 14:43:52
3,Running,2026-03-18 14:43:19,2026-03-18 14:44:16
3,Blocked,2026-03-18 14:44:16,2026-03-18 14:44:28
12,Running,2026-03-18 14:42:40,2026-03-18 14:44:43
11,Running,2026-03-18 14:43:52,2026-03-18 14:44:54
12,Starved,2026-03-18 14:44:43,2026-03-18 14:44:54
11,Starved,2026-03-18 14:44:54,2026-03-18 14:44:59
3,Running,2026-03-18 14:44:28,2026-03-18 14:45:18
2,Running,2026-03-18 14:43:19,2026-03-18 14:45:29
12,Running,2026-03-18 14:44:54,2026-03-18 14:45:52
12,Starved,2026-03-18 14:45:52,2026-03-18 14:45:58
3,Blocked,2026-03-18 14:45:18,2026-03-18 14:46:02
2,Blocked,2026-03-18 14:45:29,2026-03-18 14:46:02
12,Running,2026-03-18 14:45:58,2026-03-18 14:46:52
10,Running,2026-03-18 14:42:47,2026-03-18 14:46:53
3,Running,2026-03-18 14:46:02,2026-03-18 14:46:58
12,Starved,2026-03-18 14:46:52,2026-03-18 14:47:01
2,Running,2026-03-18 14:46:02,2026-03-18 14:47:07
10,Starved,2026-03-18 14:46:53,2026-03-18 14:47:11
3,Blocked,2026-03-18 14:46:58,2026-03-18 14:47:25
2,Blocked,2026-03-18 14:47:07,2026-03-18 14:47:25
11,Running,2026-03-18 14:44:59,2026-03-18 14:47:56
11,Starved,2026-03-18 14:47:56,2026-03-18 14:48:18
3,Running,2026-03-18 14:47:25,2026-03-18 14:48:23
2,Running,2026-03-18 14:47:25,2026-03-18 14:48:33
3,Blocked,2026-03-18 14:48:23,2026-03-18 14:48:35
2,Blocked,2026-03-18 14:48:33,2026-03-18 14:48:35
12,Running,2026-03-18 14:47:01,2026-03-18 14:49:03
11,Running,2026-03-18 14:48:18,2026-03-18 14:49:14
12,Starved,2026-03-18 14:49:03,2026-03-18 14:49:14
11,Starved,2026-03-18 14:49:14,2026-03-18 14:49:22
3,Running,2026-03-18 14:48:35,2026-03-18 14:49:30
3,Blocked,2026-03-18 14:49:30,2026-03-18 14:49:37
8,Running,2026-03-18 14:37:07,2026-03-18 14:50:17
12,Running,2026-03-18 14:49:14,2026-03-18 14:50:17
11,Running,2026-03-18 14:49:22,2026-03-18 14:50:20
12,Starved,2026-03-18 14:50:17,2026-03-18 14:50:20
10,Running,2026-03-18 14:47:11,2026-03-18 14:50:22
11,Starved,2026-03-18 14:50:20,2026-03-18 14:50:22
3,Running,2026-03-18 14:49:37,2026-03-18 14:50:32
10,Starved,2026-03-18 14:50:22,2026-03-18 14:50:37
3,Blocked,2026-03-18 14:50:32,2026-03-18 14:50:49
8,Starved,2026-03-18 14:50:17,2026-03-18 14:50:55
12,Running,2026-03-18 14:50:20,2026-03-18 14:51:21
11,Running,2026-03-18 14:50:22,2026-03-18 14:51:24
12,Starved,2026-03-18 14:51:21,2026-03-18 14:51:24
3,Running,2026-03-18 14:50:49,2026-03-18 14:51:42
2,Running,2026-03-18 14:48:35,2026-03-18 14:51:44
11,Starved,2026-03-18 14:51:24,2026-03-18 14:51:49
3,Blocked,2026-03-18 14:51:42,2026-03-18 14:51:50
2,Blocked,2026-03-18 14:51:44,2026-03-18 14:51:50
12,Running,2026-03-18 14:51:24,2026-03-18 14:52:33
2,Running,2026-03-18 14:51:50,2026-03-18 14:52:39
10,Running,2026-03-18 14:50:37,2026-03-18 14:52:49
3,Running,2026-03-18 14:51:50,2026-03-18 14:52:49
12,Starved,2026-03-18 14:52:33,2026-03-18 14:52:52
10,Starved,2026-03-18 14:52:49,2026-03-18 14:52:56
3,Blocked,2026-03-18 14:52:49,2026-03-18 14:52:59
2,Blocked,2026-03-18 14:52:39,2026-03-18 14:52:59
12,Running,2026-03-18 14:52:52,2026-03-18 14:53:42
11,Running,2026-03-18 14:51:49,2026-03-18 14:53:52
12,Starved,2026-03-18 14:53:42,2026-03-18 14:53:52
10,Running,2026-03-18 14:52:56,2026-03-18 14:54:04
11,Starved,2026-03-18 14:53:52,2026-03-18 14:54:04
10,Starved,2026-03-18 14:54:04,2026-03-18 14:54:09
12,Running,2026-03-18 14:53:52,2026-03-18 14:54:51
11,Running,2026-03-18 14:54:04,2026-03-18 14:55:09
12,Starved,2026-03-18 14:54:51,2026-03-18 14:55:09
11,Starved,2026-03-18 14:55:09,2026-03-18 14:55:12
3,Running,2026-03-18 14:52:59,2026-03-18 14:55:43
3,Blocked,2026-03-18 14:55:43,2026-03-18 14:55:57
10,Running,2026-03-18 14:54:09,2026-03-18 14:56:04
12,Running,2026-03-18 14:55:09,2026-03-18 14:56:08
10,Starved,2026-03-18 14:56:04,2026-03-18 14:56:10
12,Starved,2026-03-18 14:56:08,2026-03-18 14:56:15
2,Running,2026-03-18 14:52:59,2026-03-18 14:56:54
2,Blocked,2026-03-18 14:56:54,2026-03-18 14:57:08
12,Running,2026-03-18 14:56:15,2026-03-18 14:57:17
12,Starved,2026-03-18 14:57:17,2026-03-18 14:57:23
10,Running,2026-03-18 14:56:10,2026-03-18 14:58:05
10,Starved,2026-03-18 14:58:05,2026-03-18 14:58:11
12,Running,2026-03-18 14:57:23,2026-03-18 14:58:16
12,Starved,2026-03-18 14:58:16,2026-03-18 14:58:27
3,Running,2026-03-18 14:55:57,2026-03-18 14:59:57
3,Blocked,2026-03-18 14:59:57,2026-03-18 15:00:00
10,Running,2026-03-18 14:58:11,2026-03-18 15:00:17
10,Starved,2026-03-18 15:00:17,2026-03-18 15:00:19
3,Running,2026-03-18 15:00:00,2026-03-18 15:01:03
3,Blocked,2026-03-18 15:01:03,2026-03-18 15:01:06
11,Running,2026-03-18 14:55:12,2026-03-18 15:01:15
11,Starved,2026-03-18 15:01:15,2026-03-18 15:01:29
3,Running,2026-03-18 15:01:06,2026-03-18 15:02:00
3,Blocked,2026-03-18 15:02:00,2026-03-18 15:02:01
11,Running,2026-03-18 15:01:29,2026-03-18 15:02:18
11,Starved,2026-03-18 15:02:18,2026-03-18 15:02:26
12,Running,2026-03-18 14:58:27,2026-03-18 15:03:30
12,Starved,2026-03-18 15:03:30,2026-03-18 15:03:32
5,Running,2026-03-18 14:18:10,2026-03-18 15:04:04
3,Running,2026-03-18 15:02:01,2026-03-18 15:04:15
5,Starved,2026-03-18 15:04:04,2026-03-18 15:04:24
3,Blocked,2026-03-18 15:04:15,2026-03-18 15:04:24
12,Running,2026-03-18 15:03:32,2026-03-18 15:04:26
8,Running,2026-03-18 14:50:55,2026-03-18 15:05:12
5,Running,2026-03-18 15:04:24,2026-03-18 15:05:13
8,Starved,2026-03-18 15:05:12,2026-03-18 15:05:15
2,Running,2026-03-18 14:57:08,2026-03-18 15:05:21
3,Running,2026-03-18 15:04:24,2026-03-18 15:05:27
5,Starved,2026-03-18 15:05:13,2026-03-18 15:05:56
3,Blocked,2026-03-18 15:05:27,2026-03-18 15:05:56
2,Blocked,2026-03-18 15:05:21,2026-03-18 15:05:56
8,Running,2026-03-18 15:05:15,2026-03-18 15:06:21
11,Running,2026-03-18 15:02:26,2026-03-18 15:06:28
8,Starved,2026-03-18 15:06:21,2026-03-18 15:06:48
5,Running,2026-03-18 15:05:56,2026-03-18 15:06:50
2,Running,2026-03-18 15:05:56,2026-03-18 15:07:02
3,Running,2026-03-18 15:05:56,2026-03-18 15:07:06
5,Starved,2026-03-18 15:06:50,2026-03-18 15:07:29
3,Blocked,2026-03-18 15:07:06,2026-03-18 15:07:29
2,Blocked,2026-03-18 15:07:02,2026-03-18 15:07:29
8,Running,2026-03-18 15:06:48,2026-03-18 15:07:48
8,Starved,2026-03-18 15:07:48,2026-03-18 15:08:07
11,Down,2026-03-18 15:06:28,2026-03-18 15:08:23
5,Running,2026-03-18 15:07:29,2026-03-18 15:08:23
5,Starved,2026-03-18 15:08:23,2026-03-18 15:08:26
12,Down,2026-03-18 15:04:26,2026-03-18 15:08:28
10,Running,2026-03-18 15:00:19,2026-03-18 15:09:19
10,Starved,2026-03-18 15:09:19,2026-03-18 15:09:39
5,Running,2026-03-18 15:08:26,2026-03-18 15:10:25
3,Running,2026-03-18 15:07:29,2026-03-18 15:10:27
2,Running,2026-03-18 15:07:29,2026-03-18 15:10:29
10,Running,2026-03-18 15:09:39,2026-03-18 15:10:38
5,Starved,2026-03-18 15:10:25,2026-03-18 15:10:53
3,Blocked,2026-03-18 15:10:27,2026-03-18 15:10:53
2,Blocked,2026-03-18 15:10:29,2026-03-18 15:10:53
10,Starved,2026-03-18 15:10:38,2026-03-18 15:10:58
8,Running,2026-03-18 15:08:07,2026-03-18 15:11:13
8,Starved,2026-03-18 15:11:13,2026-03-18 15:11:23
2,Running,2026-03-18 15:10:53,2026-03-18 15:11:47
2,Blocked,2026-03-18 15:11:47,2026-03-18 15:11:55
8,Running,2026-03-18 15:11:23,2026-03-18 15:12:29
8,Starved,2026-03-18 15:12:29,2026-03-18 15:12:29
3,Running,2026-03-18 15:10:53,2026-03-18 15:12:51
3,Blocked,2026-03-18 15:12:51,2026-03-18 15:12:57
1,Running,2026-03-18 13:33:25,2026-03-18 15:12:58
1,Blocked,2026-03-18 15:12:58,2026-03-18 15:13:00
10,Running,2026-03-18 15:10:58,2026-03-18 15:13:04
10,Starved,2026-03-18 15:13:04,2026-03-18 15:13:10
1,Running,2026-03-18 15:13:00,2026-03-18 15:13:51
2,Running,2026-03-18 15:11:55,2026-03-18 15:13:55
3,Running,2026-03-18 15:12:57,2026-03-18 15:13:56
3,Blocked,2026-03-18 15:13:56,2026-03-18 15:13:58
2,Blocked,2026-03-18 15:13:55,2026-03-18 15:13:58
1,Blocked,2026-03-18 15:13:51,2026-03-18 15:13:58
10,Running,2026-03-18 15:13:10,2026-03-18 15:14:07
10,Starved,2026-03-18 15:14:07,2026-03-18 15:14:25
1,Running,2026-03-18 15:13:58,2026-03-18 15:14:51
2,Running,2026-03-18 15:13:58,2026-03-18 15:14:53
5,Running,2026-03-18 15:10:53,2026-03-18 15:15:00
3,Running,2026-03-18 15:13:58,2026-03-18 15:15:02
5,Starved,2026-03-18 15:15:00,2026-03-18 15:15:03
3,Blocked,2026-03-18 15:15:02,2026-03-18 15:15:03
5,Running,2026-03-18 15:15:03,2026-03-18 15:15:57
5,Starved,2026-03-18 15:15:57,2026-03-18 15:16:10
5,Running,2026-03-18 15:16:10,2026-03-18 15:18:26
5,Starved,2026-03-18 15:18:26,2026-03-18 15:18:28
8,Running,2026-03-18 15:12:29,2026-03-18 15:18:40
8,Starved,2026-03-18 15:18:40,2026-03-18 15:18:52
8,Running,2026-03-18 15:18:52,2026-03-18 15:19:48
8,Starved,2026-03-18 15:19:48,2026-03-18 15:19:49
5,Running,2026-03-18 15:18:28,2026-03-18 15:20:32
5,Starved,2026-03-18 15:20:32,2026-03-18 15:20:35
5,Running,2026-03-18 15:20:35,2026-03-18 15:21:32
8,Running,2026-03-18 15:19:49,2026-03-18 15:21:49
5,Starved,2026-03-18 15:21:32,2026-03-18 15:21:52
8,Starved,2026-03-18 15:21:49,2026-03-18 15:21:58
9,Running,2026-03-18 14:38:10,2026-03-18 15:22:51
8,Running,2026-03-18 15:21:58,2026-03-18 15:22:51
9,Starved,2026-03-18 15:22:51,2026-03-18 15:22:51
8,Starved,2026-03-18 15:22:51,2026-03-18 15:23:02
9,Running,2026-03-18 15:22:51,2026-03-18 15:23:46
8,Running,2026-03-18 15:23:02,2026-03-18 15:23:56
9,Starved,2026-03-18 15:23:46,2026-03-18 15:23:56
8,Starved,2026-03-18 15:23:56,2026-03-18 15:24:04
9,Running,2026-03-18 15:23:56,2026-03-18 15:24:43
5,Running,2026-03-18 15:21:52,2026-03-18 15:24:49
5,Starved,2026-03-18 15:24:49,2026-03-18 15:24:57
8,Running,2026-03-18 15:24:04,2026-03-18 15:25:05
9,Starved,2026-03-18 15:24:43,2026-03-18 15:25:05
8,Starved,2026-03-18 15:25:05,2026-03-18 15:25:37
5,Running,2026-03-18 15:24:57,2026-03-18 15:25:51
9,Running,2026-03-18 15:25:05,2026-03-18 15:25:59
4,Running,2026-03-18 12:13:59,2026-03-18 15:26:06
5,Starved,2026-03-18 15:25:51,2026-03-18 15:26:06
8,Running,2026-03-18 15:25:37,2026-03-18 15:26:35
9,Starved,2026-03-18 15:25:59,2026-03-18 15:26:35
8,Starved,2026-03-18 15:26:35,2026-03-18 15:26:57
5,Running,2026-03-18 15:26:06,2026-03-18 15:26:59
10,Running,2026-03-18 15:14:25,2026-03-18 15:27:18
9,Running,2026-03-18 15:26:35,2026-03-18 15:27:45
10,Starved,2026-03-18 15:27:18,2026-03-18 15:27:45
8,Running,2026-03-18 15:26:57,2026-03-18 15:28:00
9,Starved,2026-03-18 15:27:45,2026-03-18 15:28:00
8,Starved,2026-03-18 15:28:00,2026-03-18 15:28:10
10,Running,2026-03-18 15:27:45,2026-03-18 15:28:49
8,Running,2026-03-18 15:28:10,2026-03-18 15:29:01
8,Starved,2026-03-18 15:29:01,2026-03-18 15:29:09
10,Starved,2026-03-18 15:28:49,2026-03-18 15:29:28
8,Running,2026-03-18 15:29:09,2026-03-18 15:29:59
8,Starved,2026-03-18 15:29:59,2026-03-18 15:30:09
10,Running,2026-03-18 15:29:28,2026-03-18 15:30:27
10,Starved,2026-03-18 15:30:27,2026-03-18 15:30:51
8,Running,2026-03-18 15:30:09,2026-03-18 15:31:03
8,Starved,2026-03-18 15:31:03,2026-03-18 15:31:26
3,Down,2026-03-18 15:15:03,2026-03-18 15:31:27
2,Blocked,2026-03-18 15:14:53,2026-03-18 15:31:27
1,Blocked,2026-03-18 15:14:51,2026-03-18 15:31:27
11,Running,2026-03-18 15:08:23,2026-03-18 15:31:43
11,Starved,2026-03-18 15:31:43,2026-03-18 15:31:48
4,Starved,2026-03-18 15:26:06,2026-03-18 15:32:26
1,Running,2026-03-18 15:31:27,2026-03-18 15:32:36
1,Blocked,2026-03-18 15:32:36,2026-03-18 15:32:46
5,Starved,2026-03-18 15:26:59,2026-03-18 15:33:16
1,Running,2026-03-18 15:32:46,2026-03-18 15:33:39
10,Running,2026-03-18 15:30:51,2026-03-18 15:33:51
1,Blocked,2026-03-18 15:33:39,2026-03-18 15:33:52
10,Starved,2026-03-18 15:33:51,2026-03-18 15:34:06
8,Running,2026-03-18 15:31:26,2026-03-18 15:34:30
8,Starved,2026-03-18 15:34:30,2026-03-18 15:34:34
11,Running,2026-03-18 15:31:48,2026-03-18 15:34:51
11,Starved,2026-03-18 15:34:51,2026-03-18 15:35:10
5,Running,2026-03-18 15:33:16,2026-03-18 15:35:15
5,Starved,2026-03-18 15:35:15,2026-03-18 15:35:20
11,Running,2026-03-18 15:35:10,2026-03-18 15:36:10
11,Starved,2026-03-18 15:36:10,2026-03-18 15:36:14
5,Running,2026-03-18 15:35:20,2026-03-18 15:36:24
5,Starved,2026-03-18 15:36:24,2026-03-18 15:36:27
2,Running,2026-03-18 15:31:27,2026-03-18 15:36:33
8,Running,2026-03-18 15:34:34,2026-03-18 15:36:34
1,Running,2026-03-18 15:33:52,2026-03-18 15:36:35
8,Starved,2026-03-18 15:36:34,2026-03-18 15:36:36
11,Running,2026-03-18 15:36:14,2026-03-18 15:37:15
11,Starved,2026-03-18 15:37:15,2026-03-18 15:37:18
5,Running,2026-03-18 15:36:27,2026-03-18 15:37:26
5,Starved,2026-03-18 15:37:26,2026-03-18 15:37:47
11,Running,2026-03-18 15:37:18,2026-03-18 15:38:15
11,Starved,2026-03-18 15:38:15,2026-03-18 15:38:24
5,Running,2026-03-18 15:37:47,2026-03-18 15:38:43
8,Running,2026-03-18 15:36:36,2026-03-18 15:38:44
8,Starved,2026-03-18 15:38:44,2026-03-18 15:38:46
5,Starved,2026-03-18 15:38:43,2026-03-18 15:39:02
11,Running,2026-03-18 15:38:24,2026-03-18 15:39:15
11,Starved,2026-03-18 15:39:15,2026-03-18 15:39:29
5,Running,2026-03-18 15:39:02,2026-03-18 15:40:03
5,Starved,2026-03-18 15:40:03,2026-03-18 15:40:10
2,Down,2026-03-18 15:36:33,2026-03-18 15:40:21
1,Blocked,2026-03-18 15:36:35,2026-03-18 15:40:21
5,Running,2026-03-18 15:40:10,2026-03-18 15:41:08
5,Starved,2026-03-18 15:41:08,2026-03-18 15:41:42
8,Running,2026-03-18 15:38:46,2026-03-18 15:42:00
8,Starved,2026-03-18 15:42:00,2026-03-18 15:42:02
5,Running,2026-03-18 15:41:42,2026-03-18 15:42:40
8,Running,2026-03-18 15:42:02,2026-03-18 15:42:54
5,Starved,2026-03-18 15:42:40,2026-03-18 15:43:02
8,Starved,2026-03-18 15:42:54,2026-03-18 15:43:10
8,Running,2026-03-18 15:43:10,2026-03-18 15:43:57
8,Starved,2026-03-18 15:43:57,2026-03-18 15:44:02
11,Running,2026-03-18 15:39:29,2026-03-18 15:44:27
11,Starved,2026-03-18 15:44:27,2026-03-18 15:44:30
8,Running,2026-03-18 15:44:02,2026-03-18 15:44:58
5,Running,2026-03-18 15:43:02,2026-03-18 15:45:14
5,Starved,2026-03-18 15:45:14,2026-03-18 15:45:14
8,Starved,2026-03-18 15:44:58,2026-03-18 15:45:18
8,Running,2026-03-18 15:45:18,2026-03-18 15:46:08
8,Starved,2026-03-18 15:46:08,2026-03-18 15:46:17
1,Running,2026-03-18 15:40:21,2026-03-18 15:46:21
1,Blocked,2026-03-18 15:46:21,2026-03-18 15:46:26
11,Running,2026-03-18 15:44:30,2026-03-18 15:46:32
11,Starved,2026-03-18 15:46:32,2026-03-18 15:46:33
1,Running,2026-03-18 15:46:26,2026-03-18 15:47:20
5,Running,2026-03-18 15:45:14,2026-03-18 15:47:22
1,Blocked,2026-03-18 15:47:20,2026-03-18 15:47:23
5,Starved,2026-03-18 15:47:22,2026-03-18 15:47:24
7,Running,2026-03-18 14:34:54,2026-03-18 15:48:06
9,Running,2026-03-18 15:28:00,2026-03-18 15:48:13
9,Starved,2026-03-18 15:48:13,2026-03-18 15:48:15
1,Running,2026-03-18 15:47:23,2026-03-18 15:48:21
1,Blocked,2026-03-18 15:48:21,2026-03-18 15:48:23
5,Running,2026-03-18 15:47:24,2026-03-18 15:48:29
5,Starved,2026-03-18 15:48:29,2026-03-18 15:48:45
8,Running,2026-03-18 15:46:17,2026-03-18 15:49:12
1,Running,2026-03-18 15:48:23,2026-03-18 15:50:18
1,Blocked,2026-03-18 15:50:18,2026-03-18 15:50:20
9,Running,2026-03-18 15:48:15,2026-03-18 15:50:24
5,Running,2026-03-18 15:48:45,2026-03-18 15:50:33
11,Running,2026-03-18 15:46:33,2026-03-18 15:50:37
11,Starved,2026-03-18 15:50:37,2026-03-18 15:50:38
5,Starved,2026-03-18 15:50:33,2026-03-18 15:50:48
10,Running,2026-03-18 15:34:06,2026-03-18 15:51:42
5,Running,2026-03-18 15:50:48,2026-03-18 15:51:50
5,Starved,2026-03-18 15:51:50,2026-03-18 15:51:53
5,Running,2026-03-18 15:51:53,2026-03-18 15:52:53
5,Starved,2026-03-18 15:52:53,2026-03-18 15:52:59
11,Running,2026-03-18 15:50:38,2026-03-18 15:53:01
5,Running,2026-03-18 15:52:59,2026-03-18 15:53:55
5,Starved,2026-03-18 15:53:55,2026-03-18 15:54:17
12,Running,2026-03-18 15:08:28,2026-03-18 15:54:43
6,Running,2026-03-18 14:31:52,2026-03-18 15:55:05
5,Running,2026-03-18 15:54:17,2026-03-18 15:55:14
6,Starved,2026-03-18 15:55:05,2026-03-18 15:55:14
5,Starved,2026-03-18 15:55:14,2026-03-18 15:55:26
1,Running,2026-03-18 15:50:20,2026-03-18 15:55:27
1,Blocked,2026-03-18 15:55:27,2026-03-18 15:55:41
6,Running,2026-03-18 15:55:14,2026-03-18 15:56:15
5,Running,2026-03-18 15:55:26,2026-03-18 15:56:19
6,Starved,2026-03-18 15:56:15,2026-03-18 15:56:19
5,Starved,2026-03-18 15:56:19,2026-03-18 15:56:56
7,Down,2026-03-18 15:48:06,2026-03-18 15:57:02
6,Running,2026-03-18 15:56:19,2026-03-18 15:57:20
1,Running,2026-03-18 15:55:41,2026-03-18 15:57:37
1,Blocked,2026-03-18 15:57:37,2026-03-18 15:57:41
5,Running,2026-03-18 15:56:56,2026-03-18 15:57:53
6,Starved,2026-03-18 15:57:20,2026-03-18 15:57:53
8,Starved,2026-03-18 15:49:12,2026-03-18 15:58:07
3,Running,2026-03-18 15:31:27,2026-03-18 15:58:10
5,Starved,2026-03-18 15:57:53,2026-03-18 15:58:22
6,Running,2026-03-18 15:57:53,2026-03-18 15:58:59
8,Running,2026-03-18 15:58:07,2026-03-18 15:59:04
9,Starved,2026-03-18 15:50:24,2026-03-18 15:59:04
6,Starved,2026-03-18 15:58:59,2026-03-18 15:59:33
9,Running,2026-03-18 15:59:04,2026-03-18 16:00:01
10,Starved,2026-03-18 15:51:42,2026-03-18 16:00:01
5,Running,2026-03-18 15:58:22,2026-03-18 16:00:30
5,Starved,2026-03-18 16:00:30,2026-03-18 16:00:42
10,Running,2026-03-18 16:00:01,2026-03-18 16:00:58
11,Starved,2026-03-18 15:53:01,2026-03-18 16:00:58
6,Running,2026-03-18 15:59:33,2026-03-18 16:01:36
5,Running,2026-03-18 16:00:42,2026-03-18 16:01:46
6,Starved,2026-03-18 16:01:36,2026-03-18 16:01:46
11,Running,2026-03-18 16:00:58,2026-03-18 16:01:50
12,Starved,2026-03-18 15:54:43,2026-03-18 16:01:50
8,Down,2026-03-18 15:59:04,2026-03-18 16:01:53
5,Starved,2026-03-18 16:01:46,2026-03-18 16:02:00
3,Down,2026-03-18 15:58:10,2026-03-18 16:02:10
6,Running,2026-03-18 16:01:46,2026-03-18 16:02:39
9,Starved,2026-03-18 16:00:01,2026-03-18 16:02:49
12,Running,2026-03-18 16:01:50,2026-03-18 16:02:50
6,Starved,2026-03-18 16:02:39,2026-03-18 16:03:09
9,Running,2026-03-18 16:02:49,2026-03-18 16:03:47
10,Starved,2026-03-18 16:00:58,2026-03-18 16:03:47
9,Starved,2026-03-18 16:03:47,2026-03-18 16:03:48
8,Running,2026-03-18 16:01:53,2026-03-18 16:04:43
10,Running,2026-03-18 16:03:47,2026-03-18 16:04:50
11,Starved,2026-03-18 16:01:50,2026-03-18 16:04:50
6,Running,2026-03-18 16:03:09,2026-03-18 16:05:11
6,Starved,2026-03-18 16:05:11,2026-03-18 16:05:12
10,Starved,2026-03-18 16:04:50,2026-03-18 16:05:14
11,Running,2026-03-18 16:04:50,2026-03-18 16:05:42
10,Running,2026-03-18 16:05:14,2026-03-18 16:06:09
11,Starved,2026-03-18 16:05:42,2026-03-18 16:06:09
6,Running,2026-03-18 16:05:12,2026-03-18 16:06:17
6,Starved,2026-03-18 16:06:17,2026-03-18 16:06:17
9,Running,2026-03-18 16:03:48,2026-03-18 16:06:27
10,Starved,2026-03-18 16:06:09,2026-03-18 16:06:27
11,Running,2026-03-18 16:06:09,2026-03-18 16:07:03
10,Running,2026-03-18 16:06:27,2026-03-18 16:07:18
11,Starved,2026-03-18 16:07:03,2026-03-18 16:07:18
12,Down,2026-03-18 16:02:50,2026-03-18 16:07:49
11,Running,2026-03-18 16:07:18,2026-03-18 16:08:11
12,Running,2026-03-18 16:07:49,2026-03-18 16:10:48
5,Running,2026-03-18 16:02:00,2026-03-18 16:11:01
5,Starved,2026-03-18 16:11:01,2026-03-18 16:11:11
8,Down,2026-03-18 16:04:43,2026-03-18 16:11:17
9,Starved,2026-03-18 16:06:27,2026-03-18 16:12:12
9,Running,2026-03-18 16:12:12,2026-03-18 16:13:10
10,Starved,2026-03-18 16:07:18,2026-03-18 16:13:10
9,Starved,2026-03-18 16:13:10,2026-03-18 16:13:13
5,Running,2026-03-18 16:11:11,2026-03-18 16:13:20
5,Starved,2026-03-18 16:13:20,2026-03-18 16:13:28
10,Running,2026-03-18 16:13:10,2026-03-18 16:14:11
11,Starved,2026-03-18 16:08:11,2026-03-18 16:14:11
10,Starved,2026-03-18 16:14:11,2026-03-18 16:14:31
6,Running,2026-03-18 16:06:17,2026-03-18 16:14:33
6,Starved,2026-03-18 16:14:33,2026-03-18 16:14:35
11,Running,2026-03-18 16:14:11,2026-03-18 16:15:13
12,Starved,2026-03-18 16:10:48,2026-03-18 16:15:13
10,Running,2026-03-18 16:14:31,2026-03-18 16:15:19
11,Starved,2026-03-18 16:15:13,2026-03-18 16:15:19
6,Running,2026-03-18 16:14:35,2026-03-18 16:15:32
6,Starved,2026-03-18 16:15:32,2026-03-18 16:15:33
10,Starved,2026-03-18 16:15:19,2026-03-18 16:15:42
11,Running,2026-03-18 16:15:19,2026-03-18 16:16:16
6,Running,2026-03-18 16:15:33,2026-03-18 16:16:26
5,Running,2026-03-18 16:13:28,2026-03-18 16:16:31
6,Starved,2026-03-18 16:16:26,2026-03-18 16:16:31
11,Starved,2026-03-18 16:16:16,2026-03-18 16:16:43
5,Starved,2026-03-18 16:16:31,2026-03-18 16:16:45
12,Running,2026-03-18 16:15:13,2026-03-18 16:17:16
6,Running,2026-03-18 16:16:31,2026-03-18 16:17:31
11,Running,2026-03-18 16:16:43,2026-03-18 16:17:45
12,Starved,2026-03-18 16:17:16,2026-03-18 16:17:45
10,Running,2026-03-18 16:15:42,2026-03-18 16:17:48
11,Starved,2026-03-18 16:17:45,2026-03-18 16:17:48
10,Starved,2026-03-18 16:17:48,2026-03-18 16:17:51
5,Running,2026-03-18 16:16:45,2026-03-18 16:17:52
6,Starved,2026-03-18 16:17:31,2026-03-18 16:17:52
5,Starved,2026-03-18 16:17:52,2026-03-18 16:17:59
2,Running,2026-03-18 15:40:21,2026-03-18 16:18:34
10,Running,2026-03-18 16:17:51,2026-03-18 16:18:40
12,Running,2026-03-18 16:17:45,2026-03-18 16:18:44
6,Running,2026-03-18 16:17:52,2026-03-18 16:18:48
10,Starved,2026-03-18 16:18:40,2026-03-18 16:18:54
5,Running,2026-03-18 16:17:59,2026-03-18 16:18:56
6,Starved,2026-03-18 16:18:48,2026-03-18 16:18:56
5,Starved,2026-03-18 16:18:56,2026-03-18 16:18:56
12,Starved,2026-03-18 16:18:44,2026-03-18 16:18:57
1,Running,2026-03-18 15:57:41,2026-03-18 16:19:19
5,Running,2026-03-18 16:18:56,2026-03-18 16:19:50
5,Starved,2026-03-18 16:19:50,2026-03-18 16:19:52
11,Running,2026-03-18 16:17:48,2026-03-18 16:19:54
10,Running,2026-03-18 16:18:54,2026-03-18 16:19:57
11,Starved,2026-03-18 16:19:54,2026-03-18 16:19:57
10,Starved,2026-03-18 16:19:57,2026-03-18 16:20:14
12,Running,2026-03-18 16:18:57,2026-03-18 16:20:52
11,Running,2026-03-18 16:19:57,2026-03-18 16:20:54
12,Starved,2026-03-18 16:20:52,2026-03-18 16:20:54
6,Running,2026-03-18 16:18:56,2026-03-18 16:20:57
5,Running,2026-03-18 16:19:52,2026-03-18 16:21:02
6,Starved,2026-03-18 16:20:57,2026-03-18 16:21:02
5,Starved,2026-03-18 16:21:02,2026-03-18 16:21:10
10,Running,2026-03-18 16:20:14,2026-03-18 16:21:13
11,Starved,2026-03-18 16:20:54,2026-03-18 16:21:13
10,Starved,2026-03-18 16:21:13,2026-03-18 16:21:34
12,Running,2026-03-18 16:20:54,2026-03-18 16:21:55
6,Running,2026-03-18 16:21:02,2026-03-18 16:22:05
5,Running,2026-03-18 16:21:10,2026-03-18 16:22:08
6,Starved,2026-03-18 16:22:05,2026-03-18 16:22:08
5,Starved,2026-03-18 16:22:08,2026-03-18 16:22:15
11,Running,2026-03-18 16:21:13,2026-03-18 16:22:17
12,Starved,2026-03-18 16:21:55,2026-03-18 16:22:17
11,Starved,2026-03-18 16:22:17,2026-03-18 16:22:39
6,Running,2026-03-18 16:22:08,2026-03-18 16:23:10
5,Running,2026-03-18 16:22:15,2026-03-18 16:23:15
6,Starved,2026-03-18 16:23:10,2026-03-18 16:23:15
5,Starved,2026-03-18 16:23:15,2026-03-18 16:23:17
12,Running,2026-03-18 16:22:17,2026-03-18 16:23:24
10,Running,2026-03-18 16:21:34,2026-03-18 16:23:34
12,Starved,2026-03-18 16:23:24,2026-03-18 16:23:35
10,Starved,2026-03-18 16:23:34,2026-03-18 16:23:59
6,Running,2026-03-18 16:23:15,2026-03-18 16:24:08
5,Running,2026-03-18 16:23:17,2026-03-18 16:24:15
6,Starved,2026-03-18 16:24:08,2026-03-18 16:24:15
5,Starved,2026-03-18 16:24:15,2026-03-18 16:24:26
11,Running,2026-03-18 16:22:39,2026-03-18 16:24:37
10,Running,2026-03-18 16:23:59,2026-03-18 16:24:57
11,Starved,2026-03-18 16:24:37,2026-03-18 16:24:57
10,Starved,2026-03-18 16:24:57,2026-03-18 16:24:59
6,Running,2026-03-18 16:24:15,2026-03-18 16:25:14
5,Running,2026-03-18 16:24:26,2026-03-18 16:25:27
6,Starved,2026-03-18 16:25:14,2026-03-18 16:25:27
5,Starved,2026-03-18 16:25:27,2026-03-18 16:25:40
12,Running,2026-03-18 16:23:35,2026-03-18 16:25:48
11,Running,2026-03-18 16:24:57,2026-03-18 16:25:56
12,Starved,2026-03-18 16:25:48,2026-03-18 16:25:56
11,Starved,2026-03-18 16:25:56,2026-03-18 16:25:57
6,Running,2026-03-18 16:25:27,2026-03-18 16:26:27
6,Starved,2026-03-18 16:26:27,2026-03-18 16:26:34
11,Running,2026-03-18 16:25:57,2026-03-18 16:26:51
10,Running,2026-03-18 16:24:59,2026-03-18 16:26:52
11,Starved,2026-03-18 16:26:51,2026-03-18 16:26:52
10,Starved,2026-03-18 16:26:52,2026-03-18 16:27:13
6,Running,2026-03-18 16:26:34,2026-03-18 16:27:28
6,Starved,2026-03-18 16:27:28,2026-03-18 16:27:40
12,Running,2026-03-18 16:25:56,2026-03-18 16:28:00
11,Running,2026-03-18 16:26:52,2026-03-18 16:28:00
12,Starved,2026-03-18 16:28:00,2026-03-18 16:28:00
11,Starved,2026-03-18 16:28:00,2026-03-18 16:28:15
6,Running,2026-03-18 16:27:40,2026-03-18 16:28:30
5,Running,2026-03-18 16:25:40,2026-03-18 16:28:47
6,Starved,2026-03-18 16:28:30,2026-03-18 16:28:47
5,Starved,2026-03-18 16:28:47,2026-03-18 16:28:53
12,Running,2026-03-18 16:28:00,2026-03-18 16:29:00
10,Running,2026-03-18 16:27:13,2026-03-18 16:29:10
12,Starved,2026-03-18 16:29:00,2026-03-18 16:29:17
10,Starved,2026-03-18 16:29:10,2026-03-18 16:29:23
6,Running,2026-03-18 16:28:47,2026-03-18 16:29:49
5,Running,2026-03-18 16:28:53,2026-03-18 16:29:50
6,Starved,2026-03-18 16:29:49,2026-03-18 16:29:50
5,Starved,2026-03-18 16:29:50,2026-03-18 16:29:57
12,Running,2026-03-18 16:29:17,2026-03-18 16:30:18
11,Running,2026-03-18 16:28:15,2026-03-18 16:30:19
12,Starved,2026-03-18 16:30:18,2026-03-18 16:30:19
10,Running,2026-03-18 16:29:23,2026-03-18 16:30:24
11,Starved,2026-03-18 16:30:19,2026-03-18 16:30:24
10,Starved,2026-03-18 16:30:24,2026-03-18 16:30:31
6,Running,2026-03-18 16:29:50,2026-03-18 16:30:56
5,Running,2026-03-18 16:29:57,2026-03-18 16:30:56
6,Starved,2026-03-18 16:30:56,2026-03-18 16:30:56
5,Starved,2026-03-18 16:30:56,2026-03-18 16:30:59
12,Running,2026-03-18 16:30:19,2026-03-18 16:31:16
11,Running,2026-03-18 16:30:24,2026-03-18 16:31:21
12,Starved,2026-03-18 16:31:16,2026-03-18 16:31:21
10,Running,2026-03-18 16:30:31,2026-03-18 16:31:29
11,Starved,2026-03-18 16:31:21,2026-03-18 16:31:29
10,Starved,2026-03-18 16:31:29,2026-03-18 16:31:29
5,Running,2026-03-18 16:30:59,2026-03-18 16:31:50
5,Starved,2026-03-18 16:31:50,2026-03-18 16:32:04
11,Running,2026-03-18 16:31:29,2026-03-18 16:32:23
10,Running,2026-03-18 16:31:29,2026-03-18 16:32:30
11,Starved,2026-03-18 16:32:23,2026-03-18 16:32:30
10,Starved,2026-03-18 16:32:30,2026-03-18 16:32:32
6,Running,2026-03-18 16:30:56,2026-03-18 16:32:58
5,Running,2026-03-18 16:32:04,2026-03-18 16:33:09
6,Starved,2026-03-18 16:32:58,2026-03-18 16:33:09
5,Starved,2026-03-18 16:33:09,2026-03-18 16:33:10
12,Running,2026-03-18 16:31:21,2026-03-18 16:33:24
3,Running,2026-03-18 16:02:10,2026-03-18 16:33:26
10,Running,2026-03-18 16:32:32,2026-03-18 16:33:26
10,Starved,2026-03-18 16:33:26,2026-03-18 16:33:28
12,Starved,2026-03-18 16:33:24,2026-03-18 16:33:33
10,Running,2026-03-18 16:33:28,2026-03-18 16:34:20
10,Starved,2026-03-18 16:34:20,2026-03-18 16:34:22
5,Running,2026-03-18 16:33:10,2026-03-18 16:35:04
5,Starved,2026-03-18 16:35:04,2026-03-18 16:35:09
10,Running,2026-03-18 16:34:22,2026-03-18 16:35:15
10,Starved,2026-03-18 16:35:15,2026-03-18 16:35:16
6,Running,2026-03-18 16:33:09,2026-03-18 16:36:08
10,Running,2026-03-18 16:35:16,2026-03-18 16:36:12
5,Running,2026-03-18 16:35:09,2026-03-18 16:36:12
6,Starved,2026-03-18 16:36:08,2026-03-18 16:36:12
5,Starved,2026-03-18 16:36:12,2026-03-18 16:36:14
10,Starved,2026-03-18 16:36:12,2026-03-18 16:36:14
12,Running,2026-03-18 16:33:33,2026-03-18 16:36:43
12,Starved,2026-03-18 16:36:43,2026-03-18 16:36:45
10,Running,2026-03-18 16:36:14,2026-03-18 16:37:06
6,Running,2026-03-18 16:36:12,2026-03-18 16:37:08
10,Starved,2026-03-18 16:37:06,2026-03-18 16:37:13
5,Running,2026-03-18 16:36:14,2026-03-18 16:37:14
6,Starved,2026-03-18 16:37:08,2026-03-18 16:37:14
4,Running,2026-03-18 15:32:26,2026-03-18 16:37:50
5,Starved,2026-03-18 16:37:14,2026-03-18 16:37:50
10,Running,2026-03-18 16:37:13,2026-03-18 16:38:03
10,Starved,2026-03-18 16:38:03,2026-03-18 16:38:10
6,Running,2026-03-18 16:37:14,2026-03-18 16:38:16
12,Running,2026-03-18 16:36:45,2026-03-18 16:38:48
5,Running,2026-03-18 16:37:50,2026-03-18 16:38:50
6,Starved,2026-03-18 16:38:16,2026-03-18 16:38:50
12,Starved,2026-03-18 16:38:48,2026-03-18 16:38:56
10,Running,2026-03-18 16:38:10,2026-03-18 16:39:01
10,Starved,2026-03-18 16:39:01,2026-03-18 16:39:06
2,Down,2026-03-18 16:18:34,2026-03-18 16:39:32
1,Blocked,2026-03-18 16:19:19,2026-03-18 16:39:32
6,Running,2026-03-18 16:38:50,2026-03-18 16:39:46
10,Running,2026-03-18 16:39:06,2026-03-18 16:40:09
10,Starved,2026-03-18 16:40:09,2026-03-18 16:40:12
1,Running,2026-03-18 16:39:32,2026-03-18 16:40:30
3,Starved,2026-03-18 16:33:26,2026-03-18 16:40:44
1,Blocked,2026-03-18 16:40:30,2026-03-18 16:40:44
4,Starved,2026-03-18 16:37:50,2026-03-18 16:41:47
12,Running,2026-03-18 16:38:56,2026-03-18 16:41:58
12,Starved,2026-03-18 16:41:58,2026-03-18 16:41:59
5,Starved,2026-03-18 16:38:50,2026-03-18 16:42:53
12,Running,2026-03-18 16:41:59,2026-03-18 16:42:54
12,Starved,2026-03-18 16:42:54,2026-03-18 16:42:59
1,Running,2026-03-18 16:40:44,2026-03-18 16:43:36
1,Blocked,2026-03-18 16:43:36,2026-03-18 16:43:45
5,Running,2026-03-18 16:42:53,2026-03-18 16:43:57
6,Starved,2026-03-18 16:39:46,2026-03-18 16:43:57
5,Starved,2026-03-18 16:43:57,2026-03-18 16:44:02
6,Running,2026-03-18 16:43:57,2026-03-18 16:44:53
5,Running,2026-03-18 16:44:02,2026-03-18 16:45:01
6,Starved,2026-03-18 16:44:53,2026-03-18 16:45:01
10,Running,2026-03-18 16:40:12,2026-03-18 16:45:09
10,Starved,2026-03-18 16:45:09,2026-03-18 16:45:16
5,Starved,2026-03-18 16:45:01,2026-03-18 16:45:28
1,Running,2026-03-18 16:43:45,2026-03-18 16:45:44
1,Blocked,2026-03-18 16:45:44,2026-03-18 16:45:47
6,Running,2026-03-18 16:45:01,2026-03-18 16:46:03
6,Starved,2026-03-18 16:46:03,2026-03-18 16:46:28
1,Running,2026-03-18 16:45:47,2026-03-18 16:46:40
1,Blocked,2026-03-18 16:46:40,2026-03-18 16:46:50
6,Running,2026-03-18 16:46:28,2026-03-18 16:47:28
5,Running,2026-03-18 16:45:28,2026-03-18 16:47:29
6,Starved,2026-03-18 16:47:28,2026-03-18 16:47:29
5,Starved,2026-03-18 16:47:29,2026-03-18 16:47:51
6,Running,2026-03-18 16:47:29,2026-03-18 16:48:24
5,Running,2026-03-18 16:47:51,2026-03-18 16:48:53
6,Starved,2026-03-18 16:48:24,2026-03-18 16:48:53
5,Starved,2026-03-18 16:48:53,2026-03-18 16:49:03
1,Running,2026-03-18 16:46:50,2026-03-18 16:49:49
1,Blocked,2026-03-18 16:49:49,2026-03-18 16:49:50
6,Running,2026-03-18 16:48:53,2026-03-18 16:49:55
5,Running,2026-03-18 16:49:03,2026-03-18 16:50:02
6,Starved,2026-03-18 16:49:55,2026-03-18 16:50:02
5,Starved,2026-03-18 16:50:02,2026-03-18 16:50:22
1,Running,2026-03-18 16:49:50,2026-03-18 16:50:51
1,Blocked,2026-03-18 16:50:51,2026-03-18 16:50:54
6,Running,2026-03-18 16:50:02,2026-03-18 16:51:01
8,Running,2026-03-18 16:11:17,2026-03-18 16:51:09
5,Running,2026-03-18 16:50:22,2026-03-18 16:51:16
6,Starved,2026-03-18 16:51:01,2026-03-18 16:51:16
5,Starved,2026-03-18 16:51:16,2026-03-18 16:51:25
3,Running,2026-03-18 16:40:44,2026-03-18 16:51:54
1,Running,2026-03-18 16:50:54,2026-03-18 16:51:56
3,Starved,2026-03-18 16:51:54,2026-03-18 16:52:03
1,Blocked,2026-03-18 16:51:56,2026-03-18 16:52:03
6,Running,2026-03-18 16:51:16,2026-03-18 16:52:11
5,Running,2026-03-18 16:51:25,2026-03-18 16:52:30
6,Starved,2026-03-18 16:52:11,2026-03-18 16:52:30
5,Starved,2026-03-18 16:52:30,2026-03-18 16:52:33
6,Running,2026-03-18 16:52:30,2026-03-18 16:53:27
6,Starved,2026-03-18 16:53:27,2026-03-18 16:53:45
9,Running,2026-03-18 16:13:13,2026-03-18 16:54:19
6,Running,2026-03-18 16:53:45,2026-03-18 16:54:47
1,Running,2026-03-18 16:52:03,2026-03-18 16:54:52
6,Starved,2026-03-18 16:54:47,2026-03-18 16:54:56
12,Running,2026-03-18 16:42:59,2026-03-18 16:54:58
1,Blocked,2026-03-18 16:54:52,2026-03-18 16:55:01
12,Starved,2026-03-18 16:54:58,2026-03-18 16:55:08
10,Running,2026-03-18 16:45:16,2026-03-18 16:55:26
1,Running,2026-03-18 16:55:01,2026-03-18 16:55:57
5,Running,2026-03-18 16:52:33,2026-03-18 16:55:57
3,Running,2026-03-18 16:52:03,2026-03-18 16:56:02
3,Starved,2026-03-18 16:56:02,2026-03-18 16:56:03
1,Blocked,2026-03-18 16:55:57,2026-03-18 16:56:03
5,Starved,2026-03-18 16:55:57,2026-03-18 16:56:18
3,Running,2026-03-18 16:56:03,2026-03-18 16:56:51
6,Running,2026-03-18 16:54:56,2026-03-18 16:56:51
3,Starved,2026-03-18 16:56:51,2026-03-18 16:57:01
12,Running,2026-03-18 16:55:08,2026-03-18 16:57:11
5,Running,2026-03-18 16:56:18,2026-03-18 16:57:13
6,Starved,2026-03-18 16:56:51,2026-03-18 16:57:13
11,Running,2026-03-18 16:32:30,2026-03-18 16:57:13
12,Starved,2026-03-18 16:57:11,2026-03-18 16:57:13
5,Starved,2026-03-18 16:57:13,2026-03-18 16:57:16
3,Running,2026-03-18 16:57:01,2026-03-18 16:57:57
1,Running,2026-03-18 16:56:03,2026-03-18 16:58:02
3,Starved,2026-03-18 16:57:57,2026-03-18 16:58:04
1,Blocked,2026-03-18 16:58:02,2026-03-18 16:58:04
5,Running,2026-03-18 16:57:16,2026-03-18 16:58:06
7,Running,2026-03-18 15:57:02,2026-03-18 16:58:10
12,Running,2026-03-18 16:57:13,2026-03-18 16:58:13
5,Starved,2026-03-18 16:58:06,2026-03-18 16:58:17
1,Running,2026-03-18 16:58:04,2026-03-18 16:59:02
3,Running,2026-03-18 16:58:04,2026-03-18 16:59:02
5,Running,2026-03-18 16:58:17,2026-03-18 16:59:11
3,Starved,2026-03-18 16:59:02,2026-03-18 16:59:11
1,Blocked,2026-03-18 16:59:02,2026-03-18 16:59:11
5,Starved,2026-03-18 16:59:11,2026-03-18 16:59:22
6,Running,2026-03-18 16:57:13,2026-03-18 17:00:10
6,Starved,2026-03-18 17:00:10,2026-03-18 17:00:23
8,Down,2026-03-18 16:51:09,2026-03-18 17:01:56
5,Running,2026-03-18 16:59:22,2026-03-18 17:02:27
5,Starved,2026-03-18 17:02:27,2026-03-18 17:02:31
9,Starved,2026-03-18 16:54:19,2026-03-18 17:02:52
6,Running,2026-03-18 17:00:23,2026-03-18 17:03:28
5,Running,2026-03-18 17:02:31,2026-03-18 17:03:30
6,Starved,2026-03-18 17:03:28,2026-03-18 17:03:30
5,Starved,2026-03-18 17:03:30,2026-03-18 17:03:45
10,Starved,2026-03-18 16:55:26,2026-03-18 17:04:17
6,Running,2026-03-18 17:03:30,2026-03-18 17:04:30
5,Running,2026-03-18 17:03:45,2026-03-18 17:04:42
6,Starved,2026-03-18 17:04:30,2026-03-18 17:04:42
5,Starved,2026-03-18 17:04:42,2026-03-18 17:04:46
10,Running,2026-03-18 17:04:17,2026-03-18 17:05:07
11,Starved,2026-03-18 16:57:13,2026-03-18 17:05:07
10,Starved,2026-03-18 17:05:07,2026-03-18 17:05:09
6,Running,2026-03-18 17:04:42,2026-03-18 17:05:44
6,Starved,2026-03-18 17:05:44,2026-03-18 17:05:51
10,Running,2026-03-18 17:05:09,2026-03-18 17:06:11
10,Starved,2026-03-18 17:06:11,2026-03-18 17:06:12
12,Starved,2026-03-18 16:58:13,2026-03-18 17:06:13
6,Running,2026-03-18 17:05:51,2026-03-18 17:06:46
5,Running,2026-03-18 17:04:46,2026-03-18 17:06:51
6,Starved,2026-03-18 17:06:46,2026-03-18 17:06:51
5,Starved,2026-03-18 17:06:51,2026-03-18 17:07:00
11,Running,2026-03-18 17:05:07,2026-03-18 17:07:04
12,Running,2026-03-18 17:06:13,2026-03-18 17:07:15
11,Starved,2026-03-18 17:07:04,2026-03-18 17:07:19
5,Running,2026-03-18 17:07:00,2026-03-18 17:07:50
3,Running,2026-03-18 16:59:11,2026-03-18 17:07:55
3,Starved,2026-03-18 17:07:55,2026-03-18 17:07:57
5,Starved,2026-03-18 17:07:50,2026-03-18 17:08:00
12,Down,2026-03-18 17:07:15,2026-03-18 17:08:10
11,Running,2026-03-18 17:07:19,2026-03-18 17:08:10
11,Starved,2026-03-18 17:08:10,2026-03-18 17:08:15
6,Running,2026-03-18 17:06:51,2026-03-18 17:08:54
5,Running,2026-03-18 17:08:00,2026-03-18 17:09:00
6,Starved,2026-03-18 17:08:54,2026-03-18 17:09:00
5,Starved,2026-03-18 17:09:00,2026-03-18 17:09:08
6,Running,2026-03-18 17:09:00,2026-03-18 17:09:54
5,Running,2026-03-18 17:09:08,2026-03-18 17:10:09
6,Starved,2026-03-18 17:09:54,2026-03-18 17:10:09
5,Starved,2026-03-18 17:10:09,2026-03-18 17:10:20
7,Down,2026-03-18 16:58:10,2026-03-18 17:10:46
6,Running,2026-03-18 17:10:09,2026-03-18 17:10:59
3,Running,2026-03-18 17:07:57,2026-03-18 17:11:00
6,Starved,2026-03-18 17:10:59,2026-03-18 17:11:27
2,Running,2026-03-18 16:39:32,2026-03-18 17:12:09
11,Running,2026-03-18 17:08:15,2026-03-18 17:12:23
11,Starved,2026-03-18 17:12:23,2026-03-18 17:12:28
1,Running,2026-03-18 16:59:11,2026-03-18 17:12:35
6,Running,2026-03-18 17:11:27,2026-03-18 17:13:34
6,Starved,2026-03-18 17:13:34,2026-03-18 17:13:35
4,Running,2026-03-18 16:41:47,2026-03-18 17:15:15
5,Running,2026-03-18 17:10:20,2026-03-18 17:15:41
9,Running,2026-03-18 17:02:52,2026-03-18 17:16:43
9,Starved,2026-03-18 17:16:43,2026-03-18 17:16:46
6,Running,2026-03-18 17:13:35,2026-03-18 17:16:47
2,Down,2026-03-18 17:12:09,2026-03-18 17:16:50
1,Blocked,2026-03-18 17:12:35,2026-03-18 17:16:50
3,Down,2026-03-18 17:11:00,2026-03-18 17:17:26
1,Running,2026-03-18 17:16:50,2026-03-18 17:17:43
1,Blocked,2026-03-18 17:17:43,2026-03-18 17:17:51
4,Starved,2026-03-18 17:15:15,2026-03-18 17:18:26
5,Down,2026-03-18 17:15:41,2026-03-18 17:18:26
10,Running,2026-03-18 17:06:12,2026-03-18 17:18:59
10,Starved,2026-03-18 17:18:59,2026-03-18 17:18:59
6,Starved,2026-03-18 17:16:47,2026-03-18 17:19:29
10,Running,2026-03-18 17:18:59,2026-03-18 17:20:07
10,Starved,2026-03-18 17:20:07,2026-03-18 17:20:15
1,Running,2026-03-18 17:17:51,2026-03-18 17:20:36
1,Blocked,2026-03-18 17:20:36,2026-03-18 17:20:45
10,Running,2026-03-18 17:20:15,2026-03-18 17:21:10
10,Starved,2026-03-18 17:21:10,2026-03-18 17:21:12
10,Running,2026-03-18 17:21:12,2026-03-18 17:22:21
5,Running,2026-03-18 17:18:26,2026-03-18 17:22:23
5,Starved,2026-03-18 17:22:23,2026-03-18 17:22:32
9,Running,2026-03-18 17:16:46,2026-03-18 17:22:40
10,Starved,2026-03-18 17:22:21,2026-03-18 17:22:40
1,Running,2026-03-18 17:20:45,2026-03-18 17:22:42
1,Blocked,2026-03-18 17:22:42,2026-03-18 17:22:46
9,Down,2026-03-18 17:22:40,2026-03-18 17:22:50
5,Running,2026-03-18 17:22:32,2026-03-18 17:23:24
5,Starved,2026-03-18 17:23:24,2026-03-18 17:23:28
10,Running,2026-03-18 17:22:40,2026-03-18 17:23:38
1,Running,2026-03-18 17:22:46,2026-03-18 17:23:44
10,Starved,2026-03-18 17:23:38,2026-03-18 17:23:47
1,Blocked,2026-03-18 17:23:44,2026-03-18 17:23:51
6,Running,2026-03-18 17:19:29,2026-03-18 17:24:24
5,Running,2026-03-18 17:23:28,2026-03-18 17:24:37
6,Starved,2026-03-18 17:24:24,2026-03-18 17:24:37
10,Running,2026-03-18 17:23:47,2026-03-18 17:24:44
12,Running,2026-03-18 17:08:10,2026-03-18 17:24:48
10,Starved,2026-03-18 17:24:44,2026-03-18 17:24:48
1,Running,2026-03-18 17:23:51,2026-03-18 17:24:49
5,Starved,2026-03-18 17:24:37,2026-03-18 17:24:49
1,Blocked,2026-03-18 17:24:49,2026-03-18 17:24:52
12,Starved,2026-03-18 17:24:48,2026-03-18 17:25:03
7,Running,2026-03-18 17:10:46,2026-03-18 17:25:14
6,Running,2026-03-18 17:24:37,2026-03-18 17:25:30
1,Running,2026-03-18 17:24:52,2026-03-18 17:25:42
1,Blocked,2026-03-18 17:25:42,2026-03-18 17:25:55
5,Running,2026-03-18 17:24:49,2026-03-18 17:25:58
6,Starved,2026-03-18 17:25:30,2026-03-18 17:25:58
5,Starved,2026-03-18 17:25:58,2026-03-18 17:26:09
8,Running,2026-03-18 17:01:56,2026-03-18 17:26:24
10,Running,2026-03-18 17:24:48,2026-03-18 17:26:50
1,Running,2026-03-18 17:25:55,2026-03-18 17:26:53
10,Starved,2026-03-18 17:26:50,2026-03-18 17:26:54
1,Blocked,2026-03-18 17:26:53,2026-03-18 17:27:01
6,Running,2026-03-18 17:25:58,2026-03-18 17:27:04
5,Running,2026-03-18 17:26:09,2026-03-18 17:27:06
6,Starved,2026-03-18 17:27:04,2026-03-18 17:27:06
5,Starved,2026-03-18 17:27:06,2026-03-18 17:27:10
10,Running,2026-03-18 17:26:54,2026-03-18 17:27:57
6,Running,2026-03-18 17:27:06,2026-03-18 17:27:59
9,Running,2026-03-18 17:22:50,2026-03-18 17:28:12
10,Starved,2026-03-18 17:27:57,2026-03-18 17:28:12
5,Running,2026-03-18 17:27:10,2026-03-18 17:28:20
6,Starved,2026-03-18 17:27:59,2026-03-18 17:28:20
5,Starved,2026-03-18 17:28:20,2026-03-18 17:28:32
11,Running,2026-03-18 17:12:28,2026-03-18 17:29:08
10,Running,2026-03-18 17:28:12,2026-03-18 17:29:08
11,Starved,2026-03-18 17:29:08,2026-03-18 17:29:08
6,Running,2026-03-18 17:28:20,2026-03-18 17:29:27
5,Running,2026-03-18 17:28:32,2026-03-18 17:29:30
6,Starved,2026-03-18 17:29:27,2026-03-18 17:29:30
1,Running,2026-03-18 17:27:01,2026-03-18 17:29:53
12,Running,2026-03-18 17:25:03,2026-03-18 17:30:05
1,Blocked,2026-03-18 17:29:53,2026-03-18 17:30:07
5,Starved,2026-03-18 17:29:30,2026-03-18 17:30:08
11,Running,2026-03-18 17:29:08,2026-03-18 17:30:12
12,Starved,2026-03-18 17:30:05,2026-03-18 17:30:12
6,Running,2026-03-18 17:29:30,2026-03-18 17:30:38
7,Down,2026-03-18 17:25:14,2026-03-18 17:30:59
6,Starved,2026-03-18 17:30:38,2026-03-18 17:31:08
12,Running,2026-03-18 17:30:12,2026-03-18 17:31:14
8,Starved,2026-03-18 17:26:24,2026-03-18 17:31:57
5,Running,2026-03-18 17:30:08,2026-03-18 17:32:05
1,Running,2026-03-18 17:30:07,2026-03-18 17:32:05
1,Blocked,2026-03-18 17:32:05,2026-03-18 17:32:06
5,Starved,2026-03-18 17:32:05,2026-03-18 17:32:30
1,Running,2026-03-18 17:32:06,2026-03-18 17:32:59
8,Running,2026-03-18 17:31:57,2026-03-18 17:33:00
9,Starved,2026-03-18 17:28:12,2026-03-18 17:33:00
8,Starved,2026-03-18 17:33:00,2026-03-18 17:33:02
1,Blocked,2026-03-18 17:32:59,2026-03-18 17:33:04
6,Running,2026-03-18 17:31:08,2026-03-18 17:33:11
5,Running,2026-03-18 17:32:30,2026-03-18 17:33:24
6,Starved,2026-03-18 17:33:11,2026-03-18 17:33:24
5,Starved,2026-03-18 17:33:24,2026-03-18 17:33:35
9,Running,2026-03-18 17:33:00,2026-03-18 17:33:50
10,Starved,2026-03-18 17:29:08,2026-03-18 17:33:50
8,Running,2026-03-18 17:33:02,2026-03-18 17:33:52
9,Starved,2026-03-18 17:33:50,2026-03-18 17:33:52
8,Starved,2026-03-18 17:33:52,2026-03-18 17:34:02
6,Running,2026-03-18 17:33:24,2026-03-18 17:34:21
5,Running,2026-03-18 17:33:35,2026-03-18 17:34:29
6,Starved,2026-03-18 17:34:21,2026-03-18 17:34:29
5,Starved,2026-03-18 17:34:29,2026-03-18 17:34:32
10,Running,2026-03-18 17:33:50,2026-03-18 17:34:50
11,Starved,2026-03-18 17:30:12,2026-03-18 17:34:50
9,Running,2026-03-18 17:33:52,2026-03-18 17:34:51
10,Starved,2026-03-18 17:34:50,2026-03-18 17:34:51
8,Running,2026-03-18 17:34:02,2026-03-18 17:34:59
9,Starved,2026-03-18 17:34:51,2026-03-18 17:34:59
8,Starved,2026-03-18 17:34:59,2026-03-18 17:35:05
6,Running,2026-03-18 17:34:29,2026-03-18 17:35:23
5,Running,2026-03-18 17:34:32,2026-03-18 17:35:34
6,Starved,2026-03-18 17:35:23,2026-03-18 17:35:34
11,Running,2026-03-18 17:34:50,2026-03-18 17:35:51
12,Starved,2026-03-18 17:31:14,2026-03-18 17:35:51
10,Running,2026-03-18 17:34:51,2026-03-18 17:35:51
11,Starved,2026-03-18 17:35:51,2026-03-18 17:35:51
5,Starved,2026-03-18 17:35:34,2026-03-18 17:35:55
8,Running,2026-03-18 17:35:05,2026-03-18 17:35:59
10,Starved,2026-03-18 17:35:51,2026-03-18 17:36:05
8,Starved,2026-03-18 17:35:59,2026-03-18 17:36:08
6,Running,2026-03-18 17:35:34,2026-03-18 17:36:33
12,Running,2026-03-18 17:35:51,2026-03-18 17:36:46
11,Running,2026-03-18 17:35:51,2026-03-18 17:36:50
12,Starved,2026-03-18 17:36:46,2026-03-18 17:36:50
6,Starved,2026-03-18 17:36:33,2026-03-18 17:36:53
9,Running,2026-03-18 17:34:59,2026-03-18 17:37:06
11,Starved,2026-03-18 17:36:50,2026-03-18 17:37:08
9,Starved,2026-03-18 17:37:06,2026-03-18 17:37:12
12,Running,2026-03-18 17:36:50,2026-03-18 17:37:48
5,Running,2026-03-18 17:35:55,2026-03-18 17:37:54
5,Starved,2026-03-18 17:37:54,2026-03-18 17:38:00
11,Running,2026-03-18 17:37:08,2026-03-18 17:38:12
12,Starved,2026-03-18 17:37:48,2026-03-18 17:38:12
11,Starved,2026-03-18 17:38:12,2026-03-18 17:38:21
6,Running,2026-03-18 17:36:53,2026-03-18 17:38:52
5,Running,2026-03-18 17:38:00,2026-03-18 17:39:05
6,Starved,2026-03-18 17:38:52,2026-03-18 17:39:05
12,Running,2026-03-18 17:38:12,2026-03-18 17:39:09
10,Running,2026-03-18 17:36:05,2026-03-18 17:39:18
12,Starved,2026-03-18 17:39:09,2026-03-18 17:39:23
10,Starved,2026-03-18 17:39:18,2026-03-18 17:39:26
5,Starved,2026-03-18 17:39:05,2026-03-18 17:39:29
6,Running,2026-03-18 17:39:05,2026-03-18 17:40:07
8,Running,2026-03-18 17:36:08,2026-03-18 17:40:17
8,Starved,2026-03-18 17:40:17,2026-03-18 17:40:18
12,Running,2026-03-18 17:39:23,2026-03-18 17:40:19
10,Running,2026-03-18 17:39:26,2026-03-18 17:40:21
12,Starved,2026-03-18 17:40:19,2026-03-18 17:40:21
5,Running,2026-03-18 17:39:29,2026-03-18 17:40:23
6,Starved,2026-03-18 17:40:07,2026-03-18 17:40:23
5,Starved,2026-03-18 17:40:23,2026-03-18 17:40:28
10,Starved,2026-03-18 17:40:21,2026-03-18 17:40:42
5,Running,2026-03-18 17:40:28,2026-03-18 17:41:15
8,Running,2026-03-18 17:40:18,2026-03-18 17:41:15
12,Running,2026-03-18 17:40:21,2026-03-18 17:41:22
8,Starved,2026-03-18 17:41:15,2026-03-18 17:41:23
11,Running,2026-03-18 17:38:21,2026-03-18 17:41:24
12,Starved,2026-03-18 17:41:22,2026-03-18 17:41:24
5,Starved,2026-03-18 17:41:15,2026-03-18 17:41:26
11,Starved,2026-03-18 17:41:24,2026-03-18 17:41:48
6,Running,2026-03-18 17:40:23,2026-03-18 17:42:25
5,Running,2026-03-18 17:41:26,2026-03-18 17:42:26
6,Starved,2026-03-18 17:42:25,2026-03-18 17:42:26
12,Running,2026-03-18 17:41:24,2026-03-18 17:42:28
11,Running,2026-03-18 17:41:48,2026-03-18 17:42:44
12,Starved,2026-03-18 17:42:28,2026-03-18 17:42:44
11,Starved,2026-03-18 17:42:44,2026-03-18 17:42:47
5,Starved,2026-03-18 17:42:26,2026-03-18 17:42:53
8,Running,2026-03-18 17:41:23,2026-03-18 17:43:28
8,Starved,2026-03-18 17:43:28,2026-03-18 17:43:28
6,Running,2026-03-18 17:42:26,2026-03-18 17:43:29
11,Running,2026-03-18 17:42:47,2026-03-18 17:43:45
5,Running,2026-03-18 17:42:53,2026-03-18 17:43:46
6,Starved,2026-03-18 17:43:29,2026-03-18 17:43:46
11,Starved,2026-03-18 17:43:45,2026-03-18 17:43:49
1,Running,2026-03-18 17:33:04,2026-03-18 17:44:12
5,Starved,2026-03-18 17:43:46,2026-03-18 17:44:13
1,Blocked,2026-03-18 17:44:12,2026-03-18 17:44:18
8,Running,2026-03-18 17:43:28,2026-03-18 17:44:26
8,Starved,2026-03-18 17:44:26,2026-03-18 17:44:35
12,Running,2026-03-18 17:42:44,2026-03-18 17:44:41
6,Running,2026-03-18 17:43:46,2026-03-18 17:44:43
12,Starved,2026-03-18 17:44:41,2026-03-18 17:44:51
5,Running,2026-03-18 17:44:13,2026-03-18 17:45:16
6,Starved,2026-03-18 17:44:43,2026-03-18 17:45:16
1,Running,2026-03-18 17:44:18,2026-03-18 17:45:20
1,Blocked,2026-03-18 17:45:20,2026-03-18 17:45:20
5,Starved,2026-03-18 17:45:16,2026-03-18 17:45:21
10,Running,2026-03-18 17:40:42,2026-03-18 17:45:38
10,Starved,2026-03-18 17:45:38,2026-03-18 17:45:42
6,Running,2026-03-18 17:45:16,2026-03-18 17:46:09
6,Starved,2026-03-18 17:46:09,2026-03-18 17:46:29
8,Running,2026-03-18 17:44:35,2026-03-18 17:46:36
8,Starved,2026-03-18 17:46:36,2026-03-18 17:46:39
10,Running,2026-03-18 17:45:42,2026-03-18 17:46:42
10,Starved,2026-03-18 17:46:42,2026-03-18 17:46:49
12,Running,2026-03-18 17:44:51,2026-03-18 17:46:55
12,Starved,2026-03-18 17:46:55,2026-03-18 17:47:03
6,Running,2026-03-18 17:46:29,2026-03-18 17:47:30
6,Starved,2026-03-18 17:47:30,2026-03-18 17:47:30
8,Running,2026-03-18 17:46:39,2026-03-18 17:47:36
8,Starved,2026-03-18 17:47:36,2026-03-18 17:47:43
10,Running,2026-03-18 17:46:49,2026-03-18 17:47:50
10,Starved,2026-03-18 17:47:50,2026-03-18 17:47:51
1,Running,2026-03-18 17:45:20,2026-03-18 17:48:21
6,Running,2026-03-18 17:47:30,2026-03-18 17:48:26
1,Blocked,2026-03-18 17:48:21,2026-03-18 17:48:27
6,Starved,2026-03-18 17:48:26,2026-03-18 17:48:33
10,Running,2026-03-18 17:47:51,2026-03-18 17:48:54
10,Starved,2026-03-18 17:48:54,2026-03-18 17:48:54
12,Running,2026-03-18 17:47:03,2026-03-18 17:49:05
12,Starved,2026-03-18 17:49:05,2026-03-18 17:49:08
6,Running,2026-03-18 17:48:33,2026-03-18 17:49:32
6,Starved,2026-03-18 17:49:32,2026-03-18 17:49:35
8,Running,2026-03-18 17:47:43,2026-03-18 17:49:37
10,Running,2026-03-18 17:48:54,2026-03-18 17:49:45
8,Starved,2026-03-18 17:49:37,2026-03-18 17:49:46
10,Starved,2026-03-18 17:49:45,2026-03-18 17:49:52
12,Running,2026-03-18 17:49:08,2026-03-18 17:50:02
12,Starved,2026-03-18 17:50:02,2026-03-18 17:50:15
6,Running,2026-03-18 17:49:35,2026-03-18 17:50:33
5,Running,2026-03-18 17:45:21,2026-03-18 17:50:34
6,Starved,2026-03-18 17:50:33,2026-03-18 17:50:34
1,Running,2026-03-18 17:48:27,2026-03-18 17:50:35
5,Starved,2026-03-18 17:50:34,2026-03-18 17:50:36
1,Blocked,2026-03-18 17:50:35,2026-03-18 17:50:37
10,Running,2026-03-18 17:49:52,2026-03-18 17:50:48
9,Running,2026-03-18 17:37:12,2026-03-18 17:50:56
10,Starved,2026-03-18 17:50:48,2026-03-18 17:50:56
9,Starved,2026-03-18 17:50:56,2026-03-18 17:50:57
1,Running,2026-03-18 17:50:37,2026-03-18 17:51:26
6,Running,2026-03-18 17:50:34,2026-03-18 17:51:34
6,Starved,2026-03-18 17:51:34,2026-03-18 17:51:43
1,Blocked,2026-03-18 17:51:26,2026-03-18 17:51:43
9,Running,2026-03-18 17:50:57,2026-03-18 17:51:45
8,Running,2026-03-18 17:49:46,2026-03-18 17:51:49
9,Starved,2026-03-18 17:51:45,2026-03-18 17:51:49
8,Starved,2026-03-18 17:51:49,2026-03-18 17:51:54
10,Running,2026-03-18 17:50:56,2026-03-18 17:52:41
1,Running,2026-03-18 17:51:43,2026-03-18 17:52:54
9,Running,2026-03-18 17:51:49,2026-03-18 17:52:55
10,Starved,2026-03-18 17:52:41,2026-03-18 17:52:55
9,Starved,2026-03-18 17:52:55,2026-03-18 17:52:59
6,Running,2026-03-18 17:51:43,2026-03-18 17:53:43
6,Starved,2026-03-18 17:53:43,2026-03-18 17:53:46
10,Running,2026-03-18 17:52:55,2026-03-18 17:53:54
9,Running,2026-03-18 17:52:59,2026-03-18 17:53:55
10,Starved,2026-03-18 17:53:54,2026-03-18 17:53:55
9,Starved,2026-03-18 17:53:55,2026-03-18 17:54:10
6,Running,2026-03-18 17:53:46,2026-03-18 17:54:44
6,Starved,2026-03-18 17:54:44,2026-03-18 17:54:48
10,Running,2026-03-18 17:53:55,2026-03-18 17:54:49
9,Running,2026-03-18 17:54:10,2026-03-18 17:55:04
10,Starved,2026-03-18 17:54:49,2026-03-18 17:55:04
9,Starved,2026-03-18 17:55:04,2026-03-18 17:55:06
8,Running,2026-03-18 17:51:54,2026-03-18 17:55:52
11,Running,2026-03-18 17:43:49,2026-03-18 17:56:00
11,Starved,2026-03-18 17:56:00,2026-03-18 17:56:01
8,Starved,2026-03-18 17:55:52,2026-03-18 17:56:03
11,Running,2026-03-18 17:56:01,2026-03-18 17:56:56
8,Running,2026-03-18 17:56:03,2026-03-18 17:56:57
11,Starved,2026-03-18 17:56:56,2026-03-18 17:57:08
8,Starved,2026-03-18 17:56:57,2026-03-18 17:57:11
1,Down,2026-03-18 17:52:54,2026-03-18 17:57:32
5,Running,2026-03-18 17:50:36,2026-03-18 17:57:38
5,Starved,2026-03-18 17:57:38,2026-03-18 17:57:45
10,Running,2026-03-18 17:55:04,2026-03-18 17:58:00
3,Running,2026-03-18 17:17:26,2026-03-18 17:58:02
8,Running,2026-03-18 17:57:11,2026-03-18 17:58:06
3,Starved,2026-03-18 17:58:02,2026-03-18 17:58:09
8,Starved,2026-03-18 17:58:06,2026-03-18 17:58:11
10,Starved,2026-03-18 17:58:00,2026-03-18 17:58:18
11,Running,2026-03-18 17:57:08,2026-03-18 17:59:00
3,Running,2026-03-18 17:58:09,2026-03-18 17:59:06
3,Starved,2026-03-18 17:59:06,2026-03-18 17:59:10
9,Running,2026-03-18 17:55:06,2026-03-18 17:59:12
8,Running,2026-03-18 17:58:11,2026-03-18 17:59:16
9,Starved,2026-03-18 17:59:12,2026-03-18 17:59:16
11,Starved,2026-03-18 17:59:00,2026-03-18 17:59:19
8,Starved,2026-03-18 17:59:16,2026-03-18 17:59:42
12,Running,2026-03-18 17:50:15,2026-03-18 18:00:04
11,Running,2026-03-18 17:59:19,2026-03-18 18:00:12
12,Starved,2026-03-18 18:00:04,2026-03-18 18:00:12
9,Running,2026-03-18 17:59:16,2026-03-18 18:00:13
11,Starved,2026-03-18 18:00:12,2026-03-18 18:00:21
5,Running,2026-03-18 17:57:45,2026-03-18 18:00:41
8,Running,2026-03-18 17:59:42,2026-03-18 18:00:45
9,Starved,2026-03-18 18:00:13,2026-03-18 18:00:45
5,Starved,2026-03-18 18:00:41,2026-03-18 18:00:57
12,Running,2026-03-18 18:00:12,2026-03-18 18:01:10
8,Starved,2026-03-18 18:00:45,2026-03-18 18:01:20
11,Running,2026-03-18 18:00:21,2026-03-18 18:01:23
12,Starved,2026-03-18 18:01:10,2026-03-18 18:01:23
3,Running,2026-03-18 17:59:10,2026-03-18 18:01:24
3,Starved,2026-03-18 18:01:24,2026-03-18 18:01:28
10,Running,2026-03-18 17:58:18,2026-03-18 18:01:30
11,Starved,2026-03-18 18:01:23,2026-03-18 18:01:30
5,Running,2026-03-18 18:00:57,2026-03-18 18:01:59
9,Running,2026-03-18 18:00:45,2026-03-18 18:02:01
10,Starved,2026-03-18 18:01:30,2026-03-18 18:02:01
8,Running,2026-03-18 18:01:20,2026-03-18 18:02:20
9,Starved,2026-03-18 18:02:01,2026-03-18 18:02:20
8,Starved,2026-03-18 18:02:20,2026-03-18 18:02:23
11,Running,2026-03-18 18:01:30,2026-03-18 18:02:23
5,Starved,2026-03-18 18:01:59,2026-03-18 18:02:32
6,Running,2026-03-18 17:54:48,2026-03-18 18:03:09
10,Running,2026-03-18 18:02:01,2026-03-18 18:03:12
11,Starved,2026-03-18 18:02:23,2026-03-18 18:03:12
3,Running,2026-03-18 18:01:28,2026-03-18 18:03:26
8,Running,2026-03-18 18:02:23,2026-03-18 18:03:30
12,Running,2026-03-18 18:01:23,2026-03-18 18:03:30
5,Running,2026-03-18 18:02:32,2026-03-18 18:03:31
6,Starved,2026-03-18 18:03:09,2026-03-18 18:03:31
10,Starved,2026-03-18 18:03:12,2026-03-18 18:03:31
3,Starved,2026-03-18 18:03:26,2026-03-18 18:03:37
8,Starved,2026-03-18 18:03:30,2026-03-18 18:04:00
5,Starved,2026-03-18 18:03:31,2026-03-18 18:04:00
11,Running,2026-03-18 18:03:12,2026-03-18 18:04:18
12,Starved,2026-03-18 18:03:30,2026-03-18 18:04:18
6,Running,2026-03-18 18:03:31,2026-03-18 18:04:29
10,Running,2026-03-18 18:03:31,2026-03-18 18:04:30
11,Starved,2026-03-18 18:04:18,2026-03-18 18:04:30
9,Running,2026-03-18 18:02:20,2026-03-18 18:04:40
10,Starved,2026-03-18 18:04:30,2026-03-18 18:04:40
6,Starved,2026-03-18 18:04:29,2026-03-18 18:05:03
9,Starved,2026-03-18 18:04:40,2026-03-18 18:05:08
12,Running,2026-03-18 18:04:18,2026-03-18 18:05:22
11,Running,2026-03-18 18:04:30,2026-03-18 18:05:28
12,Starved,2026-03-18 18:05:22,2026-03-18 18:05:28
10,Running,2026-03-18 18:04:40,2026-03-18 18:05:39
11,Starved,2026-03-18 18:05:28,2026-03-18 18:05:39
6,Running,2026-03-18 18:05:03,2026-03-18 18:06:02
6,Starved,2026-03-18 18:06:02,2026-03-18 18:06:10
12,Running,2026-03-18 18:05:28,2026-03-18 18:06:28
10,Starved,2026-03-18 18:05:39,2026-03-18 18:06:30
3,Running,2026-03-18 18:03:37,2026-03-18 18:06:38
3,Starved,2026-03-18 18:06:38,2026-03-18 18:06:39
11,Running,2026-03-18 18:05:39,2026-03-18 18:06:45
12,Starved,2026-03-18 18:06:28,2026-03-18 18:06:45
10,Running,2026-03-18 18:06:30,2026-03-18 18:07:22
11,Starved,2026-03-18 18:06:45,2026-03-18 18:07:22
12,Running,2026-03-18 18:06:45,2026-03-18 18:07:31
10,Starved,2026-03-18 18:07:22,2026-03-18 18:07:35
5,Running,2026-03-18 18:04:00,2026-03-18 18:08:05
11,Running,2026-03-18 18:07:22,2026-03-18 18:08:16
12,Starved,2026-03-18 18:07:31,2026-03-18 18:08:16
5,Starved,2026-03-18 18:08:05,2026-03-18 18:08:23
3,Running,2026-03-18 18:06:39,2026-03-18 18:08:28
3,Starved,2026-03-18 18:08:28,2026-03-18 18:08:37
11,Starved,2026-03-18 18:08:16,2026-03-18 18:08:43
6,Running,2026-03-18 18:06:10,2026-03-18 18:09:11
12,Running,2026-03-18 18:08:16,2026-03-18 18:09:18
6,Starved,2026-03-18 18:09:11,2026-03-18 18:09:34
11,Running,2026-03-18 18:08:43,2026-03-18 18:09:45
12,Starved,2026-03-18 18:09:18,2026-03-18 18:09:45
11,Starved,2026-03-18 18:09:45,2026-03-18 18:09:56
8,Running,2026-03-18 18:04:00,2026-03-18 18:10:28
6,Running,2026-03-18 18:09:34,2026-03-18 18:10:30
5,Running,2026-03-18 18:08:23,2026-03-18 18:10:33
6,Starved,2026-03-18 18:10:30,2026-03-18 18:10:33
3,Running,2026-03-18 18:08:37,2026-03-18 18:10:38
8,Starved,2026-03-18 18:10:28,2026-03-18 18:10:42
12,Running,2026-03-18 18:09:45,2026-03-18 18:10:42
5,Starved,2026-03-18 18:10:33,2026-03-18 18:10:44
3,Starved,2026-03-18 18:10:38,2026-03-18 18:10:45
11,Running,2026-03-18 18:09:56,2026-03-18 18:10:57
12,Starved,2026-03-18 18:10:42,2026-03-18 18:10:57
11,Starved,2026-03-18 18:10:57,2026-03-18 18:11:04
6,Running,2026-03-18 18:10:33,2026-03-18 18:11:24
8,Running,2026-03-18 18:10:42,2026-03-18 18:11:40
5,Running,2026-03-18 18:10:44,2026-03-18 18:11:40
6,Starved,2026-03-18 18:11:24,2026-03-18 18:11:40
5,Starved,2026-03-18 18:11:40,2026-03-18 18:11:41
3,Running,2026-03-18 18:10:45,2026-03-18 18:11:41
3,Starved,2026-03-18 18:11:41,2026-03-18 18:11:44
8,Starved,2026-03-18 18:11:40,2026-03-18 18:11:48
12,Running,2026-03-18 18:10:57,2026-03-18 18:11:54
9,Running,2026-03-18 18:05:08,2026-03-18 18:12:02
12,Starved,2026-03-18 18:11:54,2026-03-18 18:12:10
8,Running,2026-03-18 18:11:48,2026-03-18 18:12:46
8,Starved,2026-03-18 18:12:46,2026-03-18 18:12:53
12,Running,2026-03-18 18:12:10,2026-03-18 18:13:06
11,Running,2026-03-18 18:11:04,2026-03-18 18:13:10
12,Starved,2026-03-18 18:13:06,2026-03-18 18:13:10
10,Running,2026-03-18 18:07:35,2026-03-18 18:13:11
11,Starved,2026-03-18 18:13:10,2026-03-18 18:13:11
5,Running,2026-03-18 18:11:41,2026-03-18 18:13:43
8,Running,2026-03-18 18:12:53,2026-03-18 18:13:49
5,Starved,2026-03-18 18:13:43,2026-03-18 18:13:52
11,Running,2026-03-18 18:13:11,2026-03-18 18:14:02
8,Starved,2026-03-18 18:13:49,2026-03-18 18:14:10
6,Running,2026-03-18 18:11:40,2026-03-18 18:14:55
12,Running,2026-03-18 18:13:10,2026-03-18 18:15:00
5,Running,2026-03-18 18:13:52,2026-03-18 18:15:02
6,Starved,2026-03-18 18:14:55,2026-03-18 18:15:02
8,Running,2026-03-18 18:14:10,2026-03-18 18:15:09
5,Starved,2026-03-18 18:15:02,2026-03-18 18:15:12
9,Down,2026-03-18 18:12:02,2026-03-18 18:15:17
8,Starved,2026-03-18 18:15:09,2026-03-18 18:15:27
3,Running,2026-03-18 18:11:44,2026-03-18 18:15:38
2,Running,2026-03-18 17:16:50,2026-03-18 18:15:50
3,Starved,2026-03-18 18:15:38,2026-03-18 18:15:50
6,Running,2026-03-18 18:15:02,2026-03-18 18:15:57
5,Running,2026-03-18 18:15:12,2026-03-18 18:16:10
6,Starved,2026-03-18 18:15:57,2026-03-18 18:16:10
10,Starved,2026-03-18 18:13:11,2026-03-18 18:16:30
5,Starved,2026-03-18 18:16:10,2026-03-18 18:16:33
3,Running,2026-03-18 18:15:50,2026-03-18 18:16:54
6,Running,2026-03-18 18:16:10,2026-03-18 18:17:02
5,Running,2026-03-18 18:16:33,2026-03-18 18:17:32
6,Starved,2026-03-18 18:17:02,2026-03-18 18:17:32
5,Starved,2026-03-18 18:17:32,2026-03-18 18:17:49
1,Running,2026-03-18 17:57:32,2026-03-18 18:18:34
6,Running,2026-03-18 18:17:32,2026-03-18 18:18:36
6,Starved,2026-03-18 18:18:36,2026-03-18 18:18:48
10,Running,2026-03-18 18:16:30,2026-03-18 18:19:34
10,Starved,2026-03-18 18:19:34,2026-03-18 18:19:43
10,Running,2026-03-18 18:19:43,2026-03-18 18:20:37
8,Running,2026-03-18 18:15:27,2026-03-18 18:20:38
8,Starved,2026-03-18 18:20:38,2026-03-18 18:20:42
10,Starved,2026-03-18 18:20:37,2026-03-18 18:21:07
6,Running,2026-03-18 18:18:48,2026-03-18 18:21:43
5,Running,2026-03-18 18:17:49,2026-03-18 18:21:44
6,Starved,2026-03-18 18:21:43,2026-03-18 18:21:44
8,Running,2026-03-18 18:20:42,2026-03-18 18:21:49
8,Starved,2026-03-18 18:21:49,2026-03-18 18:21:51
5,Starved,2026-03-18 18:21:44,2026-03-18 18:22:04
6,Running,2026-03-18 18:21:44,2026-03-18 18:22:40
2,Down,2026-03-18 18:15:50,2026-03-18 18:22:54
1,Blocked,2026-03-18 18:18:34,2026-03-18 18:22:54
11,Down,2026-03-18 18:14:02,2026-03-18 18:22:58
5,Running,2026-03-18 18:22:04,2026-03-18 18:23:13
6,Starved,2026-03-18 18:22:40,2026-03-18 18:23:13
5,Starved,2026-03-18 18:23:13,2026-03-18 18:23:24
3,Starved,2026-03-18 18:16:54,2026-03-18 18:23:52
12,Starved,2026-03-18 18:15:00,2026-03-18 18:23:57
6,Running,2026-03-18 18:23:13,2026-03-18 18:24:15
5,Running,2026-03-18 18:23:24,2026-03-18 18:24:15
6,Starved,2026-03-18 18:24:15,2026-03-18 18:24:15
5,Starved,2026-03-18 18:24:15,2026-03-18 18:24:41
12,Running,2026-03-18 18:23:57,2026-03-18 18:24:52
12,Starved,2026-03-18 18:24:52,2026-03-18 18:25:05
6,Running,2026-03-18 18:24:15,2026-03-18 18:25:15
6,Starved,2026-03-18 18:25:15,2026-03-18 18:25:39
3,Running,2026-03-18 18:23:52,2026-03-18 18:25:47
3,Starved,2026-03-18 18:25:47,2026-03-18 18:25:49
7,Running,2026-03-18 17:30:59,2026-03-18 18:26:09
6,Running,2026-03-18 18:25:39,2026-03-18 18:26:37
6,Starved,2026-03-18 18:26:37,2026-03-18 18:26:38
3,Running,2026-03-18 18:25:49,2026-03-18 18:26:40
1,Running,2026-03-18 18:22:54,2026-03-18 18:26:49
3,Starved,2026-03-18 18:26:40,2026-03-18 18:26:54
1,Blocked,2026-03-18 18:26:49,2026-03-18 18:26:54
8,Running,2026-03-18 18:21:51,2026-03-18 18:27:24
3,Running,2026-03-18 18:26:54,2026-03-18 18:27:52
3,Starved,2026-03-18 18:27:52,2026-03-18 18:27:55
12,Running,2026-03-18 18:25:05,2026-03-18 18:28:50
3,Running,2026-03-18 18:27:55,2026-03-18 18:28:55
12,Starved,2026-03-18 18:28:50,2026-03-18 18:28:55
1,Running,2026-03-18 18:26:54,2026-03-18 18:28:56
3,Starved,2026-03-18 18:28:55,2026-03-18 18:29:00
1,Blocked,2026-03-18 18:28:56,2026-03-18 18:29:00
12,Running,2026-03-18 18:28:55,2026-03-18 18:29:52
12,Starved,2026-03-18 18:29:52,2026-03-18 18:29:54
1,Running,2026-03-18 18:29:00,2026-03-18 18:29:58
1,Blocked,2026-03-18 18:29:58,2026-03-18 18:30:00
9,Running,2026-03-18 18:15:17,2026-03-18 18:30:52
3,Running,2026-03-18 18:29:00,2026-03-18 18:30:53
5,Running,2026-03-18 18:24:41,2026-03-18 18:31:39
5,Starved,2026-03-18 18:31:39,2026-03-18 18:31:48
12,Running,2026-03-18 18:29:54,2026-03-18 18:31:52
11,Running,2026-03-18 18:22:58,2026-03-18 18:31:55
12,Starved,2026-03-18 18:31:52,2026-03-18 18:31:55
10,Running,2026-03-18 18:21:07,2026-03-18 18:32:32
6,Running,2026-03-18 18:26:38,2026-03-18 18:32:42
5,Running,2026-03-18 18:31:48,2026-03-18 18:32:47
6,Starved,2026-03-18 18:32:42,2026-03-18 18:32:47
12,Running,2026-03-18 18:31:55,2026-03-18 18:32:49
4,Running,2026-03-18 17:18:26,2026-03-18 18:32:58
5,Starved,2026-03-18 18:32:47,2026-03-18 18:32:58
5,Running,2026-03-18 18:32:58,2026-03-18 18:33:53
6,Running,2026-03-18 18:32:47,2026-03-18 18:34:50
11,Down,2026-03-18 18:31:55,2026-03-18 18:35:03
12,Starved,2026-03-18 18:32:49,2026-03-18 18:36:09
3,Down,2026-03-18 18:30:53,2026-03-18 18:36:56
12,Running,2026-03-18 18:36:09,2026-03-18 18:37:14
4,Starved,2026-03-18 18:32:58,2026-03-18 18:37:55
12,Down,2026-03-18 18:37:14,2026-03-18 18:38:42
5,Starved,2026-03-18 18:33:53,2026-03-18 18:38:56
6,Starved,2026-03-18 18:34:50,2026-03-18 18:40:03
1,Running,2026-03-18 18:30:00,2026-03-18 18:40:48
1,Blocked,2026-03-18 18:40:48,2026-03-18 18:40:55
11,Running,2026-03-18 18:35:03,2026-03-18 18:40:57
1,Running,2026-03-18 18:40:55,2026-03-18 18:41:53
5,Running,2026-03-18 18:38:56,2026-03-18 18:41:54
1,Blocked,2026-03-18 18:41:53,2026-03-18 18:42:05
5,Starved,2026-03-18 18:41:54,2026-03-18 18:42:08
6,Running,2026-03-18 18:40:03,2026-03-18 18:42:53
7,Down,2026-03-18 18:26:09,2026-03-18 18:42:58
1,Running,2026-03-18 18:42:05,2026-03-18 18:42:59
5,Running,2026-03-18 18:42:08,2026-03-18 18:43:01
6,Starved,2026-03-18 18:42:53,2026-03-18 18:43:01
1,Blocked,2026-03-18 18:42:59,2026-03-18 18:43:07
5,Starved,2026-03-18 18:43:01,2026-03-18 18:43:09
12,Running,2026-03-18 18:38:42,2026-03-18 18:43:52
8,Starved,2026-03-18 18:27:24,2026-03-18 18:43:53
6,Running,2026-03-18 18:43:01,2026-03-18 18:43:55
5,Running,2026-03-18 18:43:09,2026-03-18 18:44:03
6,Starved,2026-03-18 18:43:55,2026-03-18 18:44:03
5,Starved,2026-03-18 18:44:03,2026-03-18 18:44:05
8,Running,2026-03-18 18:43:53,2026-03-18 18:44:52
9,Starved,2026-03-18 18:30:52,2026-03-18 18:44:52
1,Running,2026-03-18 18:43:07,2026-03-18 18:45:06
6,Running,2026-03-18 18:44:03,2026-03-18 18:45:07
6,Starved,2026-03-18 18:45:07,2026-03-18 18:45:11
1,Blocked,2026-03-18 18:45:06,2026-03-18 18:45:11
8,Down,2026-03-18 18:44:52,2026-03-18 18:45:28
9,Running,2026-03-18 18:44:52,2026-03-18 18:45:47
10,Starved,2026-03-18 18:32:32,2026-03-18 18:45:47
5,Running,2026-03-18 18:44:05,2026-03-18 18:46:04
4,Running,2026-03-18 18:37:55,2026-03-18 18:46:05
5,Starved,2026-03-18 18:46:04,2026-03-18 18:46:05
4,Starved,2026-03-18 18:46:05,2026-03-18 18:46:11
1,Running,2026-03-18 18:45:11,2026-03-18 18:46:13
1,Blocked,2026-03-18 18:46:13,2026-03-18 18:46:14
9,Starved,2026-03-18 18:45:47,2026-03-18 18:46:29
10,Running,2026-03-18 18:45:47,2026-03-18 18:46:47
11,Starved,2026-03-18 18:40:57,2026-03-18 18:46:47
6,Running,2026-03-18 18:45:11,2026-03-18 18:47:06
5,Running,2026-03-18 18:46:05,2026-03-18 18:47:15
1,Running,2026-03-18 18:46:14,2026-03-18 18:47:20
1,Blocked,2026-03-18 18:47:20,2026-03-18 18:47:24
9,Running,2026-03-18 18:46:29,2026-03-18 18:47:29
6,Down,2026-03-18 18:47:06,2026-03-18 18:47:30
5,Starved,2026-03-18 18:47:15,2026-03-18 18:47:32
9,Starved,2026-03-18 18:47:29,2026-03-18 18:47:34
11,Running,2026-03-18 18:46:47,2026-03-18 18:47:50
12,Starved,2026-03-18 18:43:52,2026-03-18 18:47:50
1,Running,2026-03-18 18:47:24,2026-03-18 18:48:25
1,Blocked,2026-03-18 18:48:25,2026-03-18 18:48:31
9,Running,2026-03-18 18:47:34,2026-03-18 18:48:31
9,Starved,2026-03-18 18:48:31,2026-03-18 18:48:32
6,Running,2026-03-18 18:47:30,2026-03-18 18:48:35
5,Running,2026-03-18 18:47:32,2026-03-18 18:48:36
6,Starved,2026-03-18 18:48:35,2026-03-18 18:48:36
5,Starved,2026-03-18 18:48:36,2026-03-18 18:48:50
12,Running,2026-03-18 18:47:50,2026-03-18 18:48:51
9,Running,2026-03-18 18:48:32,2026-03-18 18:49:27
1,Running,2026-03-18 18:48:31,2026-03-18 18:49:28
9,Starved,2026-03-18 18:49:27,2026-03-18 18:49:33
1,Blocked,2026-03-18 18:49:28,2026-03-18 18:49:34
6,Running,2026-03-18 18:48:36,2026-03-18 18:49:41
5,Running,2026-03-18 18:48:50,2026-03-18 18:49:54
6,Starved,2026-03-18 18:49:41,2026-03-18 18:49:54
10,Down,2026-03-18 18:46:47,2026-03-18 18:50:00
5,Starved,2026-03-18 18:49:54,2026-03-18 18:50:02
9,Running,2026-03-18 18:49:33,2026-03-18 18:50:24
9,Starved,2026-03-18 18:50:24,2026-03-18 18:50:32
6,Running,2026-03-18 18:49:54,2026-03-18 18:50:50
11,Starved,2026-03-18 18:47:50,2026-03-18 18:51:06
6,Starved,2026-03-18 18:50:50,2026-03-18 18:51:07
8,Running,2026-03-18 18:45:28,2026-03-18 18:51:26
8,Starved,2026-03-18 18:51:26,2026-03-18 18:51:47
6,Running,2026-03-18 18:51:07,2026-03-18 18:52:06
5,Running,2026-03-18 18:50:02,2026-03-18 18:52:10
6,Starved,2026-03-18 18:52:06,2026-03-18 18:52:10
12,Starved,2026-03-18 18:48:51,2026-03-18 18:52:10
5,Starved,2026-03-18 18:52:10,2026-03-18 18:52:23
8,Running,2026-03-18 18:51:47,2026-03-18 18:52:41
8,Starved,2026-03-18 18:52:41,2026-03-18 18:52:53
12,Running,2026-03-18 18:52:10,2026-03-18 18:53:07
6,Running,2026-03-18 18:52:10,2026-03-18 18:53:09
12,Starved,2026-03-18 18:53:07,2026-03-18 18:53:11
5,Running,2026-03-18 18:52:23,2026-03-18 18:53:19
6,Starved,2026-03-18 18:53:09,2026-03-18 18:53:19
5,Starved,2026-03-18 18:53:19,2026-03-18 18:53:25
6,Running,2026-03-18 18:53:19,2026-03-18 18:54:10
12,Running,2026-03-18 18:53:11,2026-03-18 18:54:14
12,Starved,2026-03-18 18:54:14,2026-03-18 18:54:16
5,Running,2026-03-18 18:53:25,2026-03-18 18:54:19
6,Starved,2026-03-18 18:54:10,2026-03-18 18:54:19
5,Starved,2026-03-18 18:54:19,2026-03-18 18:54:21
12,Running,2026-03-18 18:54:16,2026-03-18 18:55:06
5,Running,2026-03-18 18:54:21,2026-03-18 18:55:15
5,Starved,2026-03-18 18:55:15,2026-03-18 18:55:18
12,Starved,2026-03-18 18:55:06,2026-03-18 18:55:21
8,Running,2026-03-18 18:52:53,2026-03-18 18:55:54
12,Running,2026-03-18 18:55:21,2026-03-18 18:56:15
6,Running,2026-03-18 18:54:19,2026-03-18 18:56:19
8,Starved,2026-03-18 18:55:54,2026-03-18 18:56:20
6,Starved,2026-03-18 18:56:19,2026-03-18 18:56:25
12,Starved,2026-03-18 18:56:15,2026-03-18 18:56:30
9,Running,2026-03-18 18:50:32,2026-03-18 18:57:13
8,Running,2026-03-18 18:56:20,2026-03-18 18:57:16
9,Starved,2026-03-18 18:57:13,2026-03-18 18:57:16
6,Running,2026-03-18 18:56:25,2026-03-18 18:57:23
8,Starved,2026-03-18 18:57:16,2026-03-18 18:57:29
8,Running,2026-03-18 18:57:29,2026-03-18 18:58:19
8,Starved,2026-03-18 18:58:19,2026-03-18 18:58:26
12,Running,2026-03-18 18:56:30,2026-03-18 18:58:35
9,Running,2026-03-18 18:57:16,2026-03-18 18:58:36
12,Starved,2026-03-18 18:58:35,2026-03-18 18:58:41
4,Running,2026-03-18 18:46:11,2026-03-18 18:59:29
1,Running,2026-03-18 18:49:34,2026-03-18 18:59:30
1,Blocked,2026-03-18 18:59:30,2026-03-18 18:59:31
12,Running,2026-03-18 18:58:41,2026-03-18 18:59:40
12,Starved,2026-03-18 18:59:40,2026-03-18 18:59:40
5,Running,2026-03-18 18:55:18,2026-03-18 19:00:22
6,Down,2026-03-18 18:57:23,2026-03-18 19:00:24
8,Running,2026-03-18 18:58:26,2026-03-18 19:00:25
8,Starved,2026-03-18 19:00:25,2026-03-18 19:00:26
10,Running,2026-03-18 18:50:00,2026-03-18 19:00:47
8,Running,2026-03-18 19:00:26,2026-03-18 19:01:30
8,Starved,2026-03-18 19:01:30,2026-03-18 19:01:33
8,Running,2026-03-18 19:01:33,2026-03-18 19:02:32
8,Starved,2026-03-18 19:02:32,2026-03-18 19:02:43
11,Running,2026-03-18 18:51:06,2026-03-18 19:02:46
8,Running,2026-03-18 19:02:43,2026-03-18 19:03:40
12,Running,2026-03-18 18:59:40,2026-03-18 19:03:43
8,Starved,2026-03-18 19:03:40,2026-03-18 19:03:55
6,Running,2026-03-18 19:00:24,2026-03-18 19:04:48
8,Running,2026-03-18 19:03:55,2026-03-18 19:04:55
8,Starved,2026-03-18 19:04:55,2026-03-18 19:04:58
4,Down,2026-03-18 18:59:29,2026-03-18 19:05:00
5,Starved,2026-03-18 19:00:22,2026-03-18 19:06:06
1,Running,2026-03-18 18:59:31,2026-03-18 19:06:41
1,Blocked,2026-03-18 19:06:41,2026-03-18 19:06:42
5,Running,2026-03-18 19:06:06,2026-03-18 19:06:57
6,Starved,2026-03-18 19:04:48,2026-03-18 19:06:57
8,Running,2026-03-18 19:04:58,2026-03-18 19:07:05
5,Starved,2026-03-18 19:06:57,2026-03-18 19:07:26
6,Running,2026-03-18 19:06:57,2026-03-18 19:07:50
6,Starved,2026-03-18 19:07:50,2026-03-18 19:08:24
1,Running,2026-03-18 19:06:42,2026-03-18 19:08:35
1,Blocked,2026-03-18 19:08:35,2026-03-18 19:08:42
5,Running,2026-03-18 19:07:26,2026-03-18 19:09:18
5,Starved,2026-03-18 19:09:18,2026-03-18 19:09:28
1,Running,2026-03-18 19:08:42,2026-03-18 19:09:39
1,Blocked,2026-03-18 19:09:39,2026-03-18 19:09:43
5,Running,2026-03-18 19:09:28,2026-03-18 19:10:24
5,Starved,2026-03-18 19:10:24,2026-03-18 19:10:40
6,Running,2026-03-18 19:08:24,2026-03-18 19:11:28
1,Running,2026-03-18 19:09:43,2026-03-18 19:11:41
5,Running,2026-03-18 19:10:40,2026-03-18 19:11:42
6,Starved,2026-03-18 19:11:28,2026-03-18 19:11:42
5,Starved,2026-03-18 19:11:42,2026-03-18 19:11:50
1,Blocked,2026-03-18 19:11:41,2026-03-18 19:11:51
6,Running,2026-03-18 19:11:42,2026-03-18 19:12:33
5,Running,2026-03-18 19:11:50,2026-03-18 19:12:48
6,Starved,2026-03-18 19:12:33,2026-03-18 19:12:48
1,Running,2026-03-18 19:11:51,2026-03-18 19:12:48
1,Blocked,2026-03-18 19:12:48,2026-03-18 19:12:53
5,Starved,2026-03-18 19:12:48,2026-03-18 19:12:59
1,Running,2026-03-18 19:12:53,2026-03-18 19:13:46
6,Running,2026-03-18 19:12:48,2026-03-18 19:13:48
1,Blocked,2026-03-18 19:13:46,2026-03-18 19:13:52
5,Running,2026-03-18 19:12:59,2026-03-18 19:13:57
6,Starved,2026-03-18 19:13:48,2026-03-18 19:13:57
5,Starved,2026-03-18 19:13:57,2026-03-18 19:14:01
1,Running,2026-03-18 19:13:52,2026-03-18 19:14:56
6,Running,2026-03-18 19:13:57,2026-03-18 19:14:57
6,Starved,2026-03-18 19:14:57,2026-03-18 19:15:00
2,Running,2026-03-18 18:22:54,2026-03-18 19:15:01
6,Running,2026-03-18 19:15:00,2026-03-18 19:16:00
5,Running,2026-03-18 19:14:01,2026-03-18 19:16:04
6,Starved,2026-03-18 19:16:00,2026-03-18 19:16:04
5,Starved,2026-03-18 19:16:04,2026-03-18 19:16:33
6,Running,2026-03-18 19:16:04,2026-03-18 19:16:54
5,Running,2026-03-18 19:16:33,2026-03-18 19:17:27
6,Starved,2026-03-18 19:16:54,2026-03-18 19:17:27
2,Down,2026-03-18 19:15:01,2026-03-18 19:17:29
1,Blocked,2026-03-18 19:14:56,2026-03-18 19:17:29
5,Starved,2026-03-18 19:17:27,2026-03-18 19:17:35
6,Running,2026-03-18 19:17:27,2026-03-18 19:18:28
1,Running,2026-03-18 19:17:29,2026-03-18 19:18:30
1,Blocked,2026-03-18 19:18:30,2026-03-18 19:18:31
5,Running,2026-03-18 19:17:35,2026-03-18 19:18:37
6,Starved,2026-03-18 19:18:28,2026-03-18 19:18:37
5,Starved,2026-03-18 19:18:37,2026-03-18 19:18:40
9,Down,2026-03-18 18:58:36,2026-03-18 19:18:49
8,Blocked,2026-03-18 19:07:05,2026-03-18 19:18:49
6,Running,2026-03-18 19:18:37,2026-03-18 19:19:41
6,Starved,2026-03-18 19:19:41,2026-03-18 19:19:43
8,Running,2026-03-18 19:18:49,2026-03-18 19:19:47
10,Starved,2026-03-18 19:00:47,2026-03-18 19:19:58
8,Blocked,2026-03-18 19:19:47,2026-03-18 19:19:58
6,Running,2026-03-18 19:19:43,2026-03-18 19:20:41
6,Starved,2026-03-18 19:20:41,2026-03-18 19:20:50
11,Starved,2026-03-18 19:02:46,2026-03-18 19:20:57
6,Running,2026-03-18 19:20:50,2026-03-18 19:21:45
5,Running,2026-03-18 19:18:40,2026-03-18 19:21:54
6,Starved,2026-03-18 19:21:45,2026-03-18 19:21:54
5,Starved,2026-03-18 19:21:54,2026-03-18 19:21:59
11,Running,2026-03-18 19:20:57,2026-03-18 19:22:01
12,Starved,2026-03-18 19:03:43,2026-03-18 19:22:01
12,Running,2026-03-18 19:22:01,2026-03-18 19:22:52
6,Running,2026-03-18 19:21:54,2026-03-18 19:22:52
6,Starved,2026-03-18 19:22:52,2026-03-18 19:22:59
5,Running,2026-03-18 19:21:59,2026-03-18 19:23:55
5,Starved,2026-03-18 19:23:55,2026-03-18 19:24:01
5,Running,2026-03-18 19:24:01,2026-03-18 19:24:59
5,Starved,2026-03-18 19:24:59,2026-03-18 19:24:59
11,Down,2026-03-18 19:22:01,2026-03-18 19:26:32
5,Running,2026-03-18 19:24:59,2026-03-18 19:27:02
5,Starved,2026-03-18 19:27:02,2026-03-18 19:27:05
10,Running,2026-03-18 19:19:58,2026-03-18 19:27:09
8,Running,2026-03-18 19:19:58,2026-03-18 19:27:13
10,Starved,2026-03-18 19:27:09,2026-03-18 19:27:22
8,Blocked,2026-03-18 19:27:13,2026-03-18 19:27:22
12,Starved,2026-03-18 19:22:52,2026-03-18 19:27:30
5,Running,2026-03-18 19:27:05,2026-03-18 19:28:03
4,Running,2026-03-18 19:05:00,2026-03-18 19:28:08
5,Starved,2026-03-18 19:28:03,2026-03-18 19:28:08
10,Running,2026-03-18 19:27:22,2026-03-18 19:28:23
8,Running,2026-03-18 19:27:22,2026-03-18 19:28:27
8,Blocked,2026-03-18 19:28:27,2026-03-18 19:28:28
3,Running,2026-03-18 18:36:56,2026-03-18 19:28:52
5,Running,2026-03-18 19:28:08,2026-03-18 19:29:01
8,Running,2026-03-18 19:28:28,2026-03-18 19:29:25
8,Blocked,2026-03-18 19:29:25,2026-03-18 19:29:30
12,Running,2026-03-18 19:27:30,2026-03-18 19:29:40
12,Starved,2026-03-18 19:29:40,2026-03-18 19:29:41
6,Running,2026-03-18 19:22:59,2026-03-18 19:30:28
12,Running,2026-03-18 19:29:41,2026-03-18 19:30:45
12,Starved,2026-03-18 19:30:45,2026-03-18 19:30:52
8,Running,2026-03-18 19:29:30,2026-03-18 19:31:31
8,Blocked,2026-03-18 19:31:31,2026-03-18 19:31:54
10,Down,2026-03-18 19:28:23,2026-03-18 19:32:01
8,Running,2026-03-18 19:31:54,2026-03-18 19:32:51
8,Blocked,2026-03-18 19:32:51,2026-03-18 19:33:05
11,Running,2026-03-18 19:26:32,2026-03-18 19:33:47
8,Running,2026-03-18 19:33:05,2026-03-18 19:34:06
8,Blocked,2026-03-18 19:34:06,2026-03-18 19:34:21
12,Running,2026-03-18 19:30:52,2026-03-18 19:34:40
8,Running,2026-03-18 19:34:21,2026-03-18 19:35:19
8,Blocked,2026-03-18 19:35:19,2026-03-18 19:35:21
4,Down,2026-03-18 19:28:08,2026-03-18 19:38:41
3,Blocked,2026-03-18 19:28:52,2026-03-18 19:38:41
5,Starved,2026-03-18 19:29:01,2026-03-18 19:39:42
6,Starved,2026-03-18 19:30:28,2026-03-18 19:40:50
6,Running,2026-03-18 19:40:50,2026-03-18 19:41:44
5,Running,2026-03-18 19:39:42,2026-03-18 19:41:47
6,Starved,2026-03-18 19:41:44,2026-03-18 19:41:47
3,Running,2026-03-18 19:38:41,2026-03-18 19:41:47
2,Running,2026-03-18 19:17:29,2026-03-18 19:41:47
5,Starved,2026-03-18 19:41:47,2026-03-18 19:41:50
3,Blocked,2026-03-18 19:41:47,2026-03-18 19:41:50
2,Blocked,2026-03-18 19:41:47,2026-03-18 19:41:50
10,Running,2026-03-18 19:32:01,2026-03-18 19:42:13
3,Running,2026-03-18 19:41:50,2026-03-18 19:42:43
5,Running,2026-03-18 19:41:50,2026-03-18 19:42:47
5,Starved,2026-03-18 19:42:47,2026-03-18 19:42:50
3,Blocked,2026-03-18 19:42:43,2026-03-18 19:42:50
8,Running,2026-03-18 19:35:21,2026-03-18 19:43:20
8,Blocked,2026-03-18 19:43:20,2026-03-18 19:43:21
5,Running,2026-03-18 19:42:50,2026-03-18 19:43:45
3,Running,2026-03-18 19:42:50,2026-03-18 19:43:53
2,Running,2026-03-18 19:41:50,2026-03-18 19:43:53
5,Starved,2026-03-18 19:43:45,2026-03-18 19:43:58
3,Blocked,2026-03-18 19:43:53,2026-03-18 19:43:58
2,Blocked,2026-03-18 19:43:53,2026-03-18 19:43:58
8,Running,2026-03-18 19:43:21,2026-03-18 19:44:19
8,Blocked,2026-03-18 19:44:19,2026-03-18 19:44:35
3,Running,2026-03-18 19:43:58,2026-03-18 19:44:50
2,Running,2026-03-18 19:43:58,2026-03-18 19:44:51
6,Running,2026-03-18 19:41:47,2026-03-18 19:44:56
3,Blocked,2026-03-18 19:44:50,2026-03-18 19:45:01
2,Blocked,2026-03-18 19:44:51,2026-03-18 19:45:01
5,Running,2026-03-18 19:43:58,2026-03-18 19:45:03
6,Starved,2026-03-18 19:44:56,2026-03-18 19:45:03
8,Running,2026-03-18 19:44:35,2026-03-18 19:45:33
8,Blocked,2026-03-18 19:45:33,2026-03-18 19:45:38
2,Running,2026-03-18 19:45:01,2026-03-18 19:46:02
3,Running,2026-03-18 19:45:01,2026-03-18 19:46:04
6,Running,2026-03-18 19:45:03,2026-03-18 19:46:05
3,Blocked,2026-03-18 19:46:04,2026-03-18 19:46:12
2,Blocked,2026-03-18 19:46:02,2026-03-18 19:46:12
8,Running,2026-03-18 19:45:38,2026-03-18 19:46:31
8,Blocked,2026-03-18 19:46:31,2026-03-18 19:46:41
3,Running,2026-03-18 19:46:12,2026-03-18 19:47:02
3,Blocked,2026-03-18 19:47:02,2026-03-18 19:47:07
9,Running,2026-03-18 19:18:49,2026-03-18 19:47:32
8,Running,2026-03-18 19:46:41,2026-03-18 19:47:35
3,Running,2026-03-18 19:47:07,2026-03-18 19:51:22
2,Running,2026-03-18 19:46:12,2026-03-18 19:51:24
3,Blocked,2026-03-18 19:51:22,2026-03-18 19:51:29
2,Blocked,2026-03-18 19:51:24,2026-03-18 19:51:29
7,Running,2026-03-18 18:42:58,2026-03-18 19:51:41
3,Running,2026-03-18 19:51:29,2026-03-18 19:52:23
2,Running,2026-03-18 19:51:29,2026-03-18 19:52:36
1,Running,2026-03-18 19:18:31,2026-03-18 19:52:48
3,Blocked,2026-03-18 19:52:23,2026-03-18 19:53:07
2,Blocked,2026-03-18 19:52:36,2026-03-18 19:53:07
1,Blocked,2026-03-18 19:52:48,2026-03-18 19:53:07
2,Running,2026-03-18 19:53:07,2026-03-18 19:53:56
1,Running,2026-03-18 19:53:07,2026-03-18 19:54:03
3,Running,2026-03-18 19:53:07,2026-03-18 19:54:05
3,Blocked,2026-03-18 19:54:05,2026-03-18 19:54:23
2,Blocked,2026-03-18 19:53:56,2026-03-18 19:54:23
1,Blocked,2026-03-18 19:54:03,2026-03-18 19:54:23
3,Running,2026-03-18 19:54:23,2026-03-18 19:55:13
2,Running,2026-03-18 19:54:23,2026-03-18 19:55:25
1,Running,2026-03-18 19:54:23,2026-03-18 19:55:25
3,Blocked,2026-03-18 19:55:13,2026-03-18 19:55:30
2,Blocked,2026-03-18 19:55:25,2026-03-18 19:55:30
1,Blocked,2026-03-18 19:55:25,2026-03-18 19:55:30
11,Down,2026-03-18 19:33:47,2026-03-18 19:55:59
10,Blocked,2026-03-18 19:42:13,2026-03-18 19:55:59
9,Blocked,2026-03-18 19:47:32,2026-03-18 19:55:59
8,Blocked,2026-03-18 19:47:35,2026-03-18 19:55:59
1,Running,2026-03-18 19:55:30,2026-03-18 19:56:19
2,Running,2026-03-18 19:55:30,2026-03-18 19:56:28
3,Running,2026-03-18 19:55:30,2026-03-18 19:56:36
3,Blocked,2026-03-18 19:56:36,2026-03-18 19:56:50
2,Blocked,2026-03-18 19:56:28,2026-03-18 19:56:50
1,Blocked,2026-03-18 19:56:19,2026-03-18 19:56:50
12,Starved,2026-03-18 19:34:40,2026-03-18 19:56:58
8,Down,2026-03-18 19:55:59,2026-03-18 19:57:07
7,Blocked,2026-03-18 19:51:41,2026-03-18 19:57:07
5,Down,2026-03-18 19:45:03,2026-03-18 19:57:55
7,Running,2026-03-18 19:57:07,2026-03-18 19:58:00
12,Running,2026-03-18 19:56:58,2026-03-18 19:58:03
9,Running,2026-03-18 19:55:59,2026-03-18 19:58:03
10,Running,2026-03-18 19:55:59,2026-03-18 19:58:03
12,Starved,2026-03-18 19:58:03,2026-03-18 19:58:03
10,Blocked,2026-03-18 19:58:03,2026-03-18 19:58:03
9,Blocked,2026-03-18 19:58:03,2026-03-18 19:58:03
7,Blocked,2026-03-18 19:58:00,2026-03-18 19:58:05
6,Starved,2026-03-18 19:46:05,2026-03-18 19:58:46
10,Running,2026-03-18 19:58:03,2026-03-18 19:58:55
9,Running,2026-03-18 19:58:03,2026-03-18 19:58:58
12,Running,2026-03-18 19:58:03,2026-03-18 19:59:02
12,Starved,2026-03-18 19:59:02,2026-03-18 19:59:06
10,Blocked,2026-03-18 19:58:55,2026-03-18 19:59:06
9,Blocked,2026-03-18 19:58:58,2026-03-18 19:59:06
6,Running,2026-03-18 19:58:46,2026-03-18 19:59:47
2,Running,2026-03-18 19:56:50,2026-03-18 19:59:53
2,Blocked,2026-03-18 19:59:53,2026-03-18 19:59:56
9,Running,2026-03-18 19:59:06,2026-03-18 20:00:01
10,Running,2026-03-18 19:59:06,2026-03-18 20:00:01
10,Blocked,2026-03-18 20:00:01,2026-03-18 20:00:04
9,Blocked,2026-03-18 20:00:01,2026-03-18 20:00:04
3,Running,2026-03-18 19:56:50,2026-03-18 20:00:51
12,Running,2026-03-18 19:59:06,2026-03-18 20:00:56
10,Running,2026-03-18 20:00:04,2026-03-18 20:01:02
2,Running,2026-03-18 19:59:56,2026-03-18 20:01:03
7,Running,2026-03-18 19:58:05,2026-03-18 20:01:09
3,Blocked,2026-03-18 20:00:51,2026-03-18 20:01:11
2,Blocked,2026-03-18 20:01:03,2026-03-18 20:01:11
12,Starved,2026-03-18 20:00:56,2026-03-18 20:01:19
10,Blocked,2026-03-18 20:01:02,2026-03-18 20:01:19
7,Blocked,2026-03-18 20:01:09,2026-03-18 20:01:24
1,Running,2026-03-18 19:56:50,2026-03-18 20:02:09
2,Running,2026-03-18 20:01:11,2026-03-18 20:02:11
3,Running,2026-03-18 20:01:11,2026-03-18 20:02:15
6,Down,2026-03-18 19:59:47,2026-03-18 20:02:15
12,Running,2026-03-18 20:01:19,2026-03-18 20:02:17
12,Starved,2026-03-18 20:02:17,2026-03-18 20:02:22
9,Running,2026-03-18 20:00:04,2026-03-18 20:02:23
9,Blocked,2026-03-18 20:02:23,2026-03-18 20:02:24
3,Blocked,2026-03-18 20:02:15,2026-03-18 20:02:34
2,Blocked,2026-03-18 20:02:11,2026-03-18 20:02:34
1,Blocked,2026-03-18 20:02:09,2026-03-18 20:02:34
10,Running,2026-03-18 20:01:19,2026-03-18 20:03:13
12,Running,2026-03-18 20:02:22,2026-03-18 20:03:22
9,Running,2026-03-18 20:02:24,2026-03-18 20:03:23
2,Running,2026-03-18 20:02:34,2026-03-18 20:03:31
12,Starved,2026-03-18 20:03:22,2026-03-18 20:03:34
10,Blocked,2026-03-18 20:03:13,2026-03-18 20:03:34
9,Blocked,2026-03-18 20:03:23,2026-03-18 20:03:34
1,Running,2026-03-18 20:02:34,2026-03-18 20:03:39
2,Blocked,2026-03-18 20:03:31,2026-03-18 20:03:41
1,Blocked,2026-03-18 20:03:39,2026-03-18 20:03:41
1,Running,2026-03-18 20:03:41,2026-03-18 20:04:41
2,Running,2026-03-18 20:03:41,2026-03-18 20:04:42
2,Blocked,2026-03-18 20:04:42,2026-03-18 20:04:44
1,Blocked,2026-03-18 20:04:41,2026-03-18 20:04:44
7,Running,2026-03-18 20:01:24,2026-03-18 20:05:32
3,Running,2026-03-18 20:02:34,2026-03-18 20:05:38
3,Blocked,2026-03-18 20:05:38,2026-03-18 20:05:40
1,Running,2026-03-18 20:04:44,2026-03-18 20:05:40
1,Blocked,2026-03-18 20:05:40,2026-03-18 20:05:46
3,Running,2026-03-18 20:05:40,2026-03-18 20:06:28
3,Blocked,2026-03-18 20:06:28,2026-03-18 20:06:31
10,Running,2026-03-18 20:03:34,2026-03-18 20:07:38
10,Blocked,2026-03-18 20:07:38,2026-03-18 20:07:38
10,Running,2026-03-18 20:07:38,2026-03-18 20:08:28
12,Running,2026-03-18 20:03:34,2026-03-18 20:08:39
12,Starved,2026-03-18 20:08:39,2026-03-18 20:08:40
10,Blocked,2026-03-18 20:08:28,2026-03-18 20:08:40
4,Running,2026-03-18 19:38:41,2026-03-18 20:09:16
2,Running,2026-03-18 20:04:44,2026-03-18 20:09:38
10,Running,2026-03-18 20:08:40,2026-03-18 20:09:40
10,Blocked,2026-03-18 20:09:40,2026-03-18 20:09:40
3,Running,2026-03-18 20:06:31,2026-03-18 20:09:44
1,Running,2026-03-18 20:05:46,2026-03-18 20:09:54
12,Running,2026-03-18 20:08:40,2026-03-18 20:10:44
12,Starved,2026-03-18 20:10:44,2026-03-18 20:10:49
12,Running,2026-03-18 20:10:49,2026-03-18 20:11:46
12,Starved,2026-03-18 20:11:46,2026-03-18 20:11:48
12,Running,2026-03-18 20:11:48,2026-03-18 20:13:47
12,Starved,2026-03-18 20:13:47,2026-03-18 20:13:57
8,Running,2026-03-18 19:57:07,2026-03-18 20:14:29
8,Blocked,2026-03-18 20:14:29,2026-03-18 20:14:52
10,Running,2026-03-18 20:09:40,2026-03-18 20:16:00
12,Running,2026-03-18 20:13:57,2026-03-18 20:16:05
12,Starved,2026-03-18 20:16:05,2026-03-18 20:16:14
10,Blocked,2026-03-18 20:16:00,2026-03-18 20:16:14
7,Down,2026-03-18 20:05:32,2026-03-18 20:18:01
10,Running,2026-03-18 20:16:14,2026-03-18 20:18:09
8,Running,2026-03-18 20:14:52,2026-03-18 20:18:09
8,Blocked,2026-03-18 20:18:09,2026-03-18 20:18:10
10,Blocked,2026-03-18 20:18:09,2026-03-18 20:18:13
8,Running,2026-03-18 20:18:10,2026-03-18 20:18:57
8,Blocked,2026-03-18 20:18:57,2026-03-18 20:19:38
12,Running,2026-03-18 20:16:14,2026-03-18 20:20:20
12,Starved,2026-03-18 20:20:20,2026-03-18 20:20:23
5,Running,2026-03-18 19:57:55,2026-03-18 20:20:39
12,Running,2026-03-18 20:20:23,2026-03-18 20:21:24
12,Starved,2026-03-18 20:21:24,2026-03-18 20:21:28
8,Running,2026-03-18 20:19:38,2026-03-18 20:21:36
8,Blocked,2026-03-18 20:21:36,2026-03-18 20:21:37
7,Running,2026-03-18 20:18:01,2026-03-18 20:22:09
12,Running,2026-03-18 20:21:28,2026-03-18 20:22:24
10,Running,2026-03-18 20:18:13,2026-03-18 20:22:31
12,Starved,2026-03-18 20:22:24,2026-03-18 20:22:32
10,Blocked,2026-03-18 20:22:31,2026-03-18 20:22:32
8,Running,2026-03-18 20:21:37,2026-03-18 20:23:40
8,Blocked,2026-03-18 20:23:40,2026-03-18 20:23:42
7,Down,2026-03-18 20:22:09,2026-03-18 20:23:50
6,Running,2026-03-18 20:02:15,2026-03-18 20:24:02
8,Running,2026-03-18 20:23:42,2026-03-18 20:24:35
8,Blocked,2026-03-18 20:24:35,2026-03-18 20:24:51
12,Running,2026-03-18 20:22:32,2026-03-18 20:25:33
12,Starved,2026-03-18 20:25:33,2026-03-18 20:25:35
8,Running,2026-03-18 20:24:51,2026-03-18 20:25:51
8,Starved,2026-03-18 20:25:51,2026-03-18 20:25:57
12,Running,2026-03-18 20:25:35,2026-03-18 20:26:31
12,Starved,2026-03-18 20:26:31,2026-03-18 20:26:36
8,Running,2026-03-18 20:25:57,2026-03-18 20:26:52
8,Starved,2026-03-18 20:26:52,2026-03-18 20:27:08
8,Running,2026-03-18 20:27:08,2026-03-18 20:28:06
8,Starved,2026-03-18 20:28:06,2026-03-18 20:28:13
4,Down,2026-03-18 20:09:16,2026-03-18 20:28:46
3,Blocked,2026-03-18 20:09:44,2026-03-18 20:28:46
2,Blocked,2026-03-18 20:09:38,2026-03-18 20:28:46
1,Blocked,2026-03-18 20:09:54,2026-03-18 20:28:46
8,Running,2026-03-18 20:28:13,2026-03-18 20:29:08
7,Running,2026-03-18 20:23:50,2026-03-18 20:29:14
8,Starved,2026-03-18 20:29:08,2026-03-18 20:29:14
3,Running,2026-03-18 20:28:46,2026-03-18 20:29:40
2,Running,2026-03-18 20:28:46,2026-03-18 20:29:42
1,Running,2026-03-18 20:28:46,2026-03-18 20:29:53
5,Starved,2026-03-18 20:20:39,2026-03-18 20:29:57
3,Blocked,2026-03-18 20:29:40,2026-03-18 20:29:57
2,Blocked,2026-03-18 20:29:42,2026-03-18 20:29:57
1,Blocked,2026-03-18 20:29:53,2026-03-18 20:29:57
8,Running,2026-03-18 20:29:14,2026-03-18 20:30:07
11,Running,2026-03-18 19:55:59,2026-03-18 20:30:16
12,Running,2026-03-18 20:26:36,2026-03-18 20:30:22
10,Running,2026-03-18 20:22:32,2026-03-18 20:30:24
12,Down,2026-03-18 20:30:22,2026-03-18 20:30:50
1,Running,2026-03-18 20:29:57,2026-03-18 20:30:50
2,Running,2026-03-18 20:29:57,2026-03-18 20:30:59
2,Blocked,2026-03-18 20:30:59,2026-03-18 20:31:04
1,Blocked,2026-03-18 20:30:50,2026-03-18 20:31:04
6,Starved,2026-03-18 20:24:02,2026-03-18 20:31:10
9,Running,2026-03-18 20:03:34,2026-03-18 20:31:45
12,Running,2026-03-18 20:30:50,2026-03-18 20:31:47
3,Running,2026-03-18 20:29:57,2026-03-18 20:31:57
1,Running,2026-03-18 20:31:04,2026-03-18 20:32:04
3,Blocked,2026-03-18 20:31:57,2026-03-18 20:32:07
1,Blocked,2026-03-18 20:32:04,2026-03-18 20:32:08
6,Running,2026-03-18 20:31:10,2026-03-18 20:32:09
6,Starved,2026-03-18 20:32:09,2026-03-18 20:32:11
5,Running,2026-03-18 20:29:57,2026-03-18 20:33:00
3,Running,2026-03-18 20:32:07,2026-03-18 20:33:08
2,Running,2026-03-18 20:31:04,2026-03-18 20:33:11
1,Running,2026-03-18 20:32:08,2026-03-18 20:33:16
5,Starved,2026-03-18 20:33:00,2026-03-18 20:33:17
3,Blocked,2026-03-18 20:33:08,2026-03-18 20:33:17
2,Blocked,2026-03-18 20:33:11,2026-03-18 20:33:17
1,Blocked,2026-03-18 20:33:16,2026-03-18 20:33:17
3,Running,2026-03-18 20:33:17,2026-03-18 20:34:10
5,Running,2026-03-18 20:33:17,2026-03-18 20:34:10
1,Running,2026-03-18 20:33:17,2026-03-18 20:34:14
2,Running,2026-03-18 20:33:17,2026-03-18 20:34:19
5,Starved,2026-03-18 20:34:10,2026-03-18 20:34:33
3,Blocked,2026-03-18 20:34:10,2026-03-18 20:34:33
2,Blocked,2026-03-18 20:34:19,2026-03-18 20:34:33
1,Blocked,2026-03-18 20:34:14,2026-03-18 20:34:33
6,Running,2026-03-18 20:32:11,2026-03-18 20:35:20
1,Running,2026-03-18 20:34:33,2026-03-18 20:35:24
6,Starved,2026-03-18 20:35:20,2026-03-18 20:35:34
1,Blocked,2026-03-18 20:35:24,2026-03-18 20:35:37
5,Running,2026-03-18 20:34:33,2026-03-18 20:36:27
3,Running,2026-03-18 20:34:33,2026-03-18 20:36:34
5,Starved,2026-03-18 20:36:27,2026-03-18 20:36:35
3,Blocked,2026-03-18 20:36:34,2026-03-18 20:36:35
5,Running,2026-03-18 20:36:35,2026-03-18 20:37:33
3,Running,2026-03-18 20:36:35,2026-03-18 20:37:36
2,Running,2026-03-18 20:34:33,2026-03-18 20:37:40
1,Running,2026-03-18 20:35:37,2026-03-18 20:37:45
5,Starved,2026-03-18 20:37:33,2026-03-18 20:37:53
3,Blocked,2026-03-18 20:37:36,2026-03-18 20:37:53
2,Blocked,2026-03-18 20:37:40,2026-03-18 20:37:53
1,Blocked,2026-03-18 20:37:45,2026-03-18 20:37:53
6,Running,2026-03-18 20:35:34,2026-03-18 20:38:43
1,Running,2026-03-18 20:37:53,2026-03-18 20:38:51
3,Running,2026-03-18 20:37:53,2026-03-18 20:38:54
3,Blocked,2026-03-18 20:38:54,2026-03-18 20:38:55
6,Starved,2026-03-18 20:38:43,2026-03-18 20:38:56
1,Blocked,2026-03-18 20:38:51,2026-03-18 20:38:59
1,Running,2026-03-18 20:38:59,2026-03-18 20:39:53
7,Down,2026-03-18 20:29:14,2026-03-18 20:39:54
1,Blocked,2026-03-18 20:39:53,2026-03-18 20:40:03
8,Starved,2026-03-18 20:30:07,2026-03-18 20:40:45
5,Running,2026-03-18 20:37:53,2026-03-18 20:40:46
3,Running,2026-03-18 20:38:55,2026-03-18 20:40:48
5,Starved,2026-03-18 20:40:46,2026-03-18 20:40:53
3,Blocked,2026-03-18 20:40:48,2026-03-18 20:40:53
8,Running,2026-03-18 20:40:45,2026-03-18 20:41:43
8,Starved,2026-03-18 20:41:43,2026-03-18 20:41:54
6,Running,2026-03-18 20:38:56,2026-03-18 20:41:58
6,Starved,2026-03-18 20:41:58,2026-03-18 20:42:01
1,Running,2026-03-18 20:40:03,2026-03-18 20:42:01
1,Blocked,2026-03-18 20:42:01,2026-03-18 20:42:11
3,Running,2026-03-18 20:40:53,2026-03-18 20:42:58
8,Running,2026-03-18 20:41:54,2026-03-18 20:42:59
6,Running,2026-03-18 20:42:01,2026-03-18 20:43:00
5,Running,2026-03-18 20:40:53,2026-03-18 20:43:05
6,Starved,2026-03-18 20:43:00,2026-03-18 20:43:05
2,Running,2026-03-18 20:37:53,2026-03-18 20:43:07
5,Starved,2026-03-18 20:43:05,2026-03-18 20:43:11
3,Blocked,2026-03-18 20:42:58,2026-03-18 20:43:11
2,Blocked,2026-03-18 20:43:07,2026-03-18 20:43:11
3,Running,2026-03-18 20:43:11,2026-03-18 20:44:03
6,Running,2026-03-18 20:43:05,2026-03-18 20:44:07
2,Running,2026-03-18 20:43:11,2026-03-18 20:44:09
5,Running,2026-03-18 20:43:11,2026-03-18 20:44:13
6,Starved,2026-03-18 20:44:07,2026-03-18 20:44:13
1,Running,2026-03-18 20:42:11,2026-03-18 20:44:29
5,Starved,2026-03-18 20:44:13,2026-03-18 20:44:37
3,Blocked,2026-03-18 20:44:03,2026-03-18 20:44:37
2,Blocked,2026-03-18 20:44:09,2026-03-18 20:44:37
1,Blocked,2026-03-18 20:44:29,2026-03-18 20:44:37
6,Running,2026-03-18 20:44:13,2026-03-18 20:45:05
3,Running,2026-03-18 20:44:37,2026-03-18 20:45:37
2,Running,2026-03-18 20:44:37,2026-03-18 20:45:38
5,Running,2026-03-18 20:44:37,2026-03-18 20:45:42
6,Starved,2026-03-18 20:45:05,2026-03-18 20:45:42
1,Running,2026-03-18 20:44:37,2026-03-18 20:45:42
5,Starved,2026-03-18 20:45:42,2026-03-18 20:45:48
3,Blocked,2026-03-18 20:45:37,2026-03-18 20:45:48
2,Blocked,2026-03-18 20:45:38,2026-03-18 20:45:48
1,Blocked,2026-03-18 20:45:42,2026-03-18 20:45:48
5,Running,2026-03-18 20:45:48,2026-03-18 20:46:45
1,Running,2026-03-18 20:45:48,2026-03-18 20:46:45
3,Running,2026-03-18 20:45:48,2026-03-18 20:46:45
2,Running,2026-03-18 20:45:48,2026-03-18 20:46:50
5,Starved,2026-03-18 20:46:45,2026-03-18 20:47:17
3,Blocked,2026-03-18 20:46:45,2026-03-18 20:47:17
2,Blocked,2026-03-18 20:46:50,2026-03-18 20:47:17
1,Blocked,2026-03-18 20:46:45,2026-03-18 20:47:17
11,Down,2026-03-18 20:30:16,2026-03-18 20:47:39
10,Blocked,2026-03-18 20:30:24,2026-03-18 20:47:39
9,Blocked,2026-03-18 20:31:45,2026-03-18 20:47:39
6,Running,2026-03-18 20:45:42,2026-03-18 20:47:47
9,Down,2026-03-18 20:47:39,2026-03-18 20:47:53
8,Blocked,2026-03-18 20:42:59,2026-03-18 20:47:53
2,Running,2026-03-18 20:47:17,2026-03-18 20:48:06
3,Running,2026-03-18 20:47:17,2026-03-18 20:48:08
3,Blocked,2026-03-18 20:48:08,2026-03-18 20:48:10
2,Blocked,2026-03-18 20:48:06,2026-03-18 20:48:10
6,Starved,2026-03-18 20:47:47,2026-03-18 20:48:22
10,Running,2026-03-18 20:47:39,2026-03-18 20:48:37
12,Starved,2026-03-18 20:31:47,2026-03-18 20:48:44
10,Blocked,2026-03-18 20:48:37,2026-03-18 20:48:44
9,Running,2026-03-18 20:47:53,2026-03-18 20:48:46
8,Running,2026-03-18 20:47:53,2026-03-18 20:48:48
2,Running,2026-03-18 20:48:10,2026-03-18 20:48:58
3,Running,2026-03-18 20:48:10,2026-03-18 20:49:08
3,Blocked,2026-03-18 20:49:08,2026-03-18 20:49:12
2,Blocked,2026-03-18 20:48:58,2026-03-18 20:49:12
6,Running,2026-03-18 20:48:22,2026-03-18 20:49:28
6,Starved,2026-03-18 20:49:28,2026-03-18 20:49:29
1,Running,2026-03-18 20:47:17,2026-03-18 20:50:01
3,Running,2026-03-18 20:49:12,2026-03-18 20:50:05
3,Blocked,2026-03-18 20:50:05,2026-03-18 20:50:08
1,Blocked,2026-03-18 20:50:01,2026-03-18 20:50:16
6,Running,2026-03-18 20:49:29,2026-03-18 20:50:29
6,Starved,2026-03-18 20:50:29,2026-03-18 20:50:31
6,Running,2026-03-18 20:50:31,2026-03-18 20:51:29
6,Starved,2026-03-18 20:51:29,2026-03-18 20:51:33
3,Running,2026-03-18 20:50:08,2026-03-18 20:53:03
2,Running,2026-03-18 20:49:12,2026-03-18 20:53:06
3,Blocked,2026-03-18 20:53:03,2026-03-18 20:53:07
2,Blocked,2026-03-18 20:53:06,2026-03-18 20:53:07
2,Running,2026-03-18 20:53:07,2026-03-18 20:54:01
10,Down,2026-03-18 20:48:44,2026-03-18 20:54:04
9,Blocked,2026-03-18 20:48:46,2026-03-18 20:54:04
8,Blocked,2026-03-18 20:48:48,2026-03-18 20:54:04
5,Running,2026-03-18 20:47:17,2026-03-18 20:54:12
3,Running,2026-03-18 20:53:07,2026-03-18 20:54:12
1,Running,2026-03-18 20:50:16,2026-03-18 20:54:28
5,Starved,2026-03-18 20:54:12,2026-03-18 20:54:37
3,Blocked,2026-03-18 20:54:12,2026-03-18 20:54:37
2,Blocked,2026-03-18 20:54:01,2026-03-18 20:54:37
1,Blocked,2026-03-18 20:54:28,2026-03-18 20:54:37
9,Running,2026-03-18 20:54:04,2026-03-18 20:55:03
9,Blocked,2026-03-18 20:55:03,2026-03-18 20:55:09
3,Running,2026-03-18 20:54:37,2026-03-18 20:55:38
3,Blocked,2026-03-18 20:55:38,2026-03-18 20:55:38
1,Running,2026-03-18 20:54:37,2026-03-18 20:55:39
1,Blocked,2026-03-18 20:55:39,2026-03-18 20:55:45
8,Running,2026-03-18 20:54:04,2026-03-18 20:55:59
9,Running,2026-03-18 20:55:09,2026-03-18 20:56:05
9,Blocked,2026-03-18 20:56:05,2026-03-18 20:56:15
8,Blocked,2026-03-18 20:55:59,2026-03-18 20:56:15
3,Running,2026-03-18 20:55:38,2026-03-18 20:56:28
6,Running,2026-03-18 20:51:33,2026-03-18 20:56:39
1,Running,2026-03-18 20:55:45,2026-03-18 20:56:46
3,Blocked,2026-03-18 20:56:28,2026-03-18 20:56:46
1,Blocked,2026-03-18 20:56:46,2026-03-18 20:56:49
6,Starved,2026-03-18 20:56:39,2026-03-18 20:56:50
12,Running,2026-03-18 20:48:44,2026-03-18 20:56:52
12,Starved,2026-03-18 20:56:52,2026-03-18 20:56:55
8,Running,2026-03-18 20:56:15,2026-03-18 20:57:13
9,Running,2026-03-18 20:56:15,2026-03-18 20:57:14
9,Blocked,2026-03-18 20:57:14,2026-03-18 20:57:18
8,Blocked,2026-03-18 20:57:13,2026-03-18 20:57:18
5,Running,2026-03-18 20:54:37,2026-03-18 20:57:46
2,Running,2026-03-18 20:54:37,2026-03-18 20:57:46
3,Running,2026-03-18 20:56:46,2026-03-18 20:57:47
5,Starved,2026-03-18 20:57:46,2026-03-18 20:57:48
3,Blocked,2026-03-18 20:57:47,2026-03-18 20:57:48
2,Blocked,2026-03-18 20:57:46,2026-03-18 20:57:48
8,Running,2026-03-18 20:57:18,2026-03-18 20:58:10
9,Running,2026-03-18 20:57:18,2026-03-18 20:58:18
9,Blocked,2026-03-18 20:58:18,2026-03-18 20:58:24
8,Blocked,2026-03-18 20:58:10,2026-03-18 20:58:24
2,Running,2026-03-18 20:57:48,2026-03-18 20:58:43
5,Running,2026-03-18 20:57:48,2026-03-18 20:58:43
3,Running,2026-03-18 20:57:48,2026-03-18 20:58:45
1,Running,2026-03-18 20:56:49,2026-03-18 20:58:58
5,Starved,2026-03-18 20:58:43,2026-03-18 20:59:01
3,Blocked,2026-03-18 20:58:45,2026-03-18 20:59:01
2,Blocked,2026-03-18 20:58:43,2026-03-18 20:59:01
1,Blocked,2026-03-18 20:58:58,2026-03-18 20:59:01
8,Running,2026-03-18 20:58:24,2026-03-18 20:59:15
9,Running,2026-03-18 20:58:24,2026-03-18 20:59:21
9,Blocked,2026-03-18 20:59:21,2026-03-18 20:59:24
8,Blocked,2026-03-18 20:59:15,2026-03-18 20:59:24
1,Running,2026-03-18 20:59:01,2026-03-18 20:59:53
6,Running,2026-03-18 20:56:50,2026-03-18 20:59:54
5,Running,2026-03-18 20:59:01,2026-03-18 20:59:55
6,Starved,2026-03-18 20:59:54,2026-03-18 20:59:55
5,Starved,2026-03-18 20:59:55,2026-03-18 21:00:10
1,Blocked,2026-03-18 20:59:53,2026-03-18 21:00:12
6,Running,2026-03-18 20:59:55,2026-03-18 21:00:46
1,Running,2026-03-18 21:00:12,2026-03-18 21:01:05
5,Running,2026-03-18 21:00:10,2026-03-18 21:01:05
6,Starved,2026-03-18 21:00:46,2026-03-18 21:01:05
5,Starved,2026-03-18 21:01:05,2026-03-18 21:01:09
2,Running,2026-03-18 20:59:01,2026-03-18 21:01:14
2,Blocked,2026-03-18 21:01:14,2026-03-18 21:01:18
1,Blocked,2026-03-18 21:01:05,2026-03-18 21:01:18
11,Running,2026-03-18 20:47:39,2026-03-18 21:01:42
1,Running,2026-03-18 21:01:18,2026-03-18 21:02:08
3,Running,2026-03-18 20:59:01,2026-03-18 21:02:10
6,Running,2026-03-18 21:01:05,2026-03-18 21:02:14
5,Running,2026-03-18 21:01:09,2026-03-18 21:02:16
6,Starved,2026-03-18 21:02:14,2026-03-18 21:02:16
5,Starved,2026-03-18 21:02:16,2026-03-18 21:02:17
3,Blocked,2026-03-18 21:02:10,2026-03-18 21:02:17
1,Blocked,2026-03-18 21:02:08,2026-03-18 21:02:17
1,Running,2026-03-18 21:02:17,2026-03-18 21:03:11
2,Running,2026-03-18 21:01:18,2026-03-18 21:03:15
6,Running,2026-03-18 21:02:16,2026-03-18 21:03:16
12,Running,2026-03-18 20:56:55,2026-03-18 21:03:18
2,Blocked,2026-03-18 21:03:15,2026-03-18 21:03:24
1,Blocked,2026-03-18 21:03:11,2026-03-18 21:03:24
5,Running,2026-03-18 21:02:17,2026-03-18 21:03:26
6,Starved,2026-03-18 21:03:16,2026-03-18 21:03:26
11,Down,2026-03-18 21:01:42,2026-03-18 21:03:48
2,Running,2026-03-18 21:03:24,2026-03-18 21:04:13
1,Running,2026-03-18 21:03:24,2026-03-18 21:04:15
6,Running,2026-03-18 21:03:26,2026-03-18 21:04:24
3,Running,2026-03-18 21:02:17,2026-03-18 21:04:30
3,Blocked,2026-03-18 21:04:30,2026-03-18 21:04:35
2,Blocked,2026-03-18 21:04:13,2026-03-18 21:04:35
1,Blocked,2026-03-18 21:04:15,2026-03-18 21:04:35
12,Starved,2026-03-18 21:03:18,2026-03-18 21:04:52
2,Running,2026-03-18 21:04:35,2026-03-18 21:05:27
1,Running,2026-03-18 21:04:35,2026-03-18 21:05:35
3,Running,2026-03-18 21:04:35,2026-03-18 21:05:38
12,Running,2026-03-18 21:04:52,2026-03-18 21:05:45
3,Blocked,2026-03-18 21:05:38,2026-03-18 21:05:48
2,Blocked,2026-03-18 21:05:27,2026-03-18 21:05:48
1,Blocked,2026-03-18 21:05:35,2026-03-18 21:05:48
12,Starved,2026-03-18 21:05:45,2026-03-18 21:05:50
12,Running,2026-03-18 21:05:50,2026-03-18 21:06:44
1,Running,2026-03-18 21:05:48,2026-03-18 21:06:48
1,Blocked,2026-03-18 21:06:48,2026-03-18 21:06:51
12,Starved,2026-03-18 21:06:44,2026-03-18 21:06:52
8,Running,2026-03-18 20:59:24,2026-03-18 21:07:16
8,Blocked,2026-03-18 21:07:16,2026-03-18 21:07:21
1,Running,2026-03-18 21:06:51,2026-03-18 21:07:43
2,Running,2026-03-18 21:05:48,2026-03-18 21:07:45
2,Blocked,2026-03-18 21:07:45,2026-03-18 21:07:48
1,Blocked,2026-03-18 21:07:43,2026-03-18 21:07:48
12,Running,2026-03-18 21:06:52,2026-03-18 21:07:50
12,Starved,2026-03-18 21:07:50,2026-03-18 21:07:59
8,Running,2026-03-18 21:07:21,2026-03-18 21:08:22
8,Blocked,2026-03-18 21:08:22,2026-03-18 21:08:39
3,Running,2026-03-18 21:05:48,2026-03-18 21:08:45
1,Running,2026-03-18 21:07:48,2026-03-18 21:08:47
2,Running,2026-03-18 21:07:48,2026-03-18 21:08:53
3,Blocked,2026-03-18 21:08:45,2026-03-18 21:08:54
2,Blocked,2026-03-18 21:08:53,2026-03-18 21:08:54
1,Blocked,2026-03-18 21:08:47,2026-03-18 21:08:54
8,Running,2026-03-18 21:08:39,2026-03-18 21:09:34
3,Running,2026-03-18 21:08:54,2026-03-18 21:09:51
2,Running,2026-03-18 21:08:54,2026-03-18 21:09:55
3,Blocked,2026-03-18 21:09:51,2026-03-18 21:09:56
2,Blocked,2026-03-18 21:09:55,2026-03-18 21:09:56
8,Blocked,2026-03-18 21:09:34,2026-03-18 21:09:58
5,Down,2026-03-18 21:03:26,2026-03-18 21:10:02
1,Running,2026-03-18 21:08:54,2026-03-18 21:10:53
8,Running,2026-03-18 21:09:58,2026-03-18 21:10:53
6,Starved,2026-03-18 21:04:24,2026-03-18 21:11:01
2,Running,2026-03-18 21:09:56,2026-03-18 21:11:02
2,Blocked,2026-03-18 21:11:02,2026-03-18 21:11:03
1,Blocked,2026-03-18 21:10:53,2026-03-18 21:11:03
8,Blocked,2026-03-18 21:10:53,2026-03-18 21:11:18
2,Running,2026-03-18 21:11:03,2026-03-18 21:12:00
6,Running,2026-03-18 21:11:01,2026-03-18 21:12:00
6,Starved,2026-03-18 21:12:00,2026-03-18 21:12:03
1,Running,2026-03-18 21:11:03,2026-03-18 21:12:04
2,Blocked,2026-03-18 21:12:00,2026-03-18 21:12:08
1,Blocked,2026-03-18 21:12:04,2026-03-18 21:12:08
1,Running,2026-03-18 21:12:08,2026-03-18 21:12:58
6,Running,2026-03-18 21:12:03,2026-03-18 21:12:58
6,Starved,2026-03-18 21:12:58,2026-03-18 21:12:59
1,Blocked,2026-03-18 21:12:58,2026-03-18 21:13:10
6,Running,2026-03-18 21:12:59,2026-03-18 21:13:49
6,Starved,2026-03-18 21:13:49,2026-03-18 21:13:51
8,Running,2026-03-18 21:11:18,2026-03-18 21:14:24
8,Blocked,2026-03-18 21:14:24,2026-03-18 21:14:35
2,Running,2026-03-18 21:12:08,2026-03-18 21:15:10
3,Running,2026-03-18 21:09:56,2026-03-18 21:15:14
1,Running,2026-03-18 21:13:10,2026-03-18 21:15:16
3,Blocked,2026-03-18 21:15:14,2026-03-18 21:15:36
2,Blocked,2026-03-18 21:15:10,2026-03-18 21:15:36
1,Blocked,2026-03-18 21:15:16,2026-03-18 21:15:36
1,Running,2026-03-18 21:15:36,2026-03-18 21:16:34
2,Running,2026-03-18 21:15:36,2026-03-18 21:16:42
2,Blocked,2026-03-18 21:16:42,2026-03-18 21:16:44
1,Blocked,2026-03-18 21:16:34,2026-03-18 21:16:44
1,Running,2026-03-18 21:16:44,2026-03-18 21:17:43
2,Running,2026-03-18 21:16:44,2026-03-18 21:17:43
8,Running,2026-03-18 21:14:35,2026-03-18 21:17:46
3,Running,2026-03-18 21:15:36,2026-03-18 21:17:46
8,Blocked,2026-03-18 21:17:46,2026-03-18 21:17:51
3,Blocked,2026-03-18 21:17:46,2026-03-18 21:17:51
2,Blocked,2026-03-18 21:17:43,2026-03-18 21:17:51
1,Blocked,2026-03-18 21:17:43,2026-03-18 21:17:51
3,Running,2026-03-18 21:17:51,2026-03-18 21:18:44
2,Running,2026-03-18 21:17:51,2026-03-18 21:18:44
1,Running,2026-03-18 21:17:51,2026-03-18 21:18:44
8,Running,2026-03-18 21:17:51,2026-03-18 21:18:55
3,Blocked,2026-03-18 21:18:44,2026-03-18 21:19:00
2,Blocked,2026-03-18 21:18:44,2026-03-18 21:19:00
1,Blocked,2026-03-18 21:18:44,2026-03-18 21:19:00
8,Blocked,2026-03-18 21:18:55,2026-03-18 21:19:14
3,Running,2026-03-18 21:19:00,2026-03-18 21:19:51
1,Running,2026-03-18 21:19:00,2026-03-18 21:20:03
2,Running,2026-03-18 21:19:00,2026-03-18 21:20:04
9,Running,2026-03-18 20:59:24,2026-03-18 21:20:08
8,Running,2026-03-18 21:19:14,2026-03-18 21:20:19
3,Blocked,2026-03-18 21:19:51,2026-03-18 21:20:26
2,Blocked,2026-03-18 21:20:04,2026-03-18 21:20:26
1,Blocked,2026-03-18 21:20:03,2026-03-18 21:20:26
2,Running,2026-03-18 21:20:26,2026-03-18 21:21:21
1,Running,2026-03-18 21:20:26,2026-03-18 21:21:23
3,Running,2026-03-18 21:20:26,2026-03-18 21:21:32
3,Blocked,2026-03-18 21:21:32,2026-03-18 21:21:38
2,Blocked,2026-03-18 21:21:21,2026-03-18 21:21:38
1,Blocked,2026-03-18 21:21:23,2026-03-18 21:21:38
9,Down,2026-03-18 21:20:08,2026-03-18 21:22:06
8,Blocked,2026-03-18 21:20:19,2026-03-18 21:22:06
1,Running,2026-03-18 21:21:38,2026-03-18 21:22:34
2,Running,2026-03-18 21:21:38,2026-03-18 21:22:37
3,Running,2026-03-18 21:21:38,2026-03-18 21:22:39
3,Blocked,2026-03-18 21:22:39,2026-03-18 21:22:52
2,Blocked,2026-03-18 21:22:37,2026-03-18 21:22:52
1,Blocked,2026-03-18 21:22:34,2026-03-18 21:22:52
2,Running,2026-03-18 21:22:52,2026-03-18 21:23:51
1,Running,2026-03-18 21:22:52,2026-03-18 21:23:57
3,Running,2026-03-18 21:22:52,2026-03-18 21:23:58
3,Blocked,2026-03-18 21:23:58,2026-03-18 21:24:07
2,Blocked,2026-03-18 21:23:51,2026-03-18 21:24:07
1,Blocked,2026-03-18 21:23:57,2026-03-18 21:24:07
2,Running,2026-03-18 21:24:07,2026-03-18 21:25:07
8,Running,2026-03-18 21:22:06,2026-03-18 21:25:07
3,Running,2026-03-18 21:24:07,2026-03-18 21:25:10
8,Blocked,2026-03-18 21:25:07,2026-03-18 21:25:10
1,Running,2026-03-18 21:24:07,2026-03-18 21:25:12
3,Blocked,2026-03-18 21:25:10,2026-03-18 21:25:26
2,Blocked,2026-03-18 21:25:07,2026-03-18 21:25:26
1,Blocked,2026-03-18 21:25:12,2026-03-18 21:25:26
6,Running,2026-03-18 21:13:51,2026-03-18 21:25:49
6,Starved,2026-03-18 21:25:49,2026-03-18 21:25:52
8,Running,2026-03-18 21:25:10,2026-03-18 21:26:03
8,Blocked,2026-03-18 21:26:03,2026-03-18 21:26:16
1,Running,2026-03-18 21:25:26,2026-03-18 21:26:23
2,Running,2026-03-18 21:25:26,2026-03-18 21:26:29
2,Blocked,2026-03-18 21:26:29,2026-03-18 21:26:35
1,Blocked,2026-03-18 21:26:23,2026-03-18 21:26:35
6,Running,2026-03-18 21:25:52,2026-03-18 21:26:46
6,Starved,2026-03-18 21:26:46,2026-03-18 21:26:54
2,Running,2026-03-18 21:26:35,2026-03-18 21:27:21
3,Running,2026-03-18 21:25:26,2026-03-18 21:27:29
1,Running,2026-03-18 21:26:35,2026-03-18 21:27:32
3,Blocked,2026-03-18 21:27:29,2026-03-18 21:27:36
2,Blocked,2026-03-18 21:27:21,2026-03-18 21:27:36
1,Blocked,2026-03-18 21:27:32,2026-03-18 21:27:36
1,Running,2026-03-18 21:27:36,2026-03-18 21:28:34
3,Running,2026-03-18 21:27:36,2026-03-18 21:28:36
2,Running,2026-03-18 21:27:36,2026-03-18 21:28:40
3,Blocked,2026-03-18 21:28:36,2026-03-18 21:28:49
2,Blocked,2026-03-18 21:28:40,2026-03-18 21:28:49
1,Blocked,2026-03-18 21:28:34,2026-03-18 21:28:49
1,Running,2026-03-18 21:28:49,2026-03-18 21:29:46
3,Running,2026-03-18 21:28:49,2026-03-18 21:29:52
2,Running,2026-03-18 21:28:49,2026-03-18 21:29:56
3,Blocked,2026-03-18 21:29:52,2026-03-18 21:30:09
2,Blocked,2026-03-18 21:29:56,2026-03-18 21:30:09
1,Blocked,2026-03-18 21:29:46,2026-03-18 21:30:09
2,Running,2026-03-18 21:30:09,2026-03-18 21:31:03
2,Blocked,2026-03-18 21:31:03,2026-03-18 21:31:08
6,Running,2026-03-18 21:26:54,2026-03-18 21:31:48
6,Starved,2026-03-18 21:31:48,2026-03-18 21:31:50
1,Running,2026-03-18 21:30:09,2026-03-18 21:32:07
1,Blocked,2026-03-18 21:32:07,2026-03-18 21:32:08
8,Running,2026-03-18 21:26:16,2026-03-18 21:32:15
8,Blocked,2026-03-18 21:32:15,2026-03-18 21:32:19
6,Running,2026-03-18 21:31:50,2026-03-18 21:32:40
6,Starved,2026-03-18 21:32:40,2026-03-18 21:32:46
1,Running,2026-03-18 21:32:08,2026-03-18 21:33:14
1,Blocked,2026-03-18 21:33:14,2026-03-18 21:33:15
6,Running,2026-03-18 21:32:46,2026-03-18 21:33:45
6,Starved,2026-03-18 21:33:45,2026-03-18 21:33:49
3,Running,2026-03-18 21:30:09,2026-03-18 21:33:57
3,Blocked,2026-03-18 21:33:57,2026-03-18 21:33:59
1,Running,2026-03-18 21:33:15,2026-03-18 21:34:08
1,Blocked,2026-03-18 21:34:08,2026-03-18 21:34:12
11,Running,2026-03-18 21:03:48,2026-03-18 21:34:32
6,Running,2026-03-18 21:33:49,2026-03-18 21:34:41
6,Starved,2026-03-18 21:34:41,2026-03-18 21:34:46
3,Running,2026-03-18 21:33:59,2026-03-18 21:35:00
2,Running,2026-03-18 21:31:08,2026-03-18 21:35:07
1,Running,2026-03-18 21:34:12,2026-03-18 21:35:10
3,Blocked,2026-03-18 21:35:00,2026-03-18 21:35:27
2,Blocked,2026-03-18 21:35:07,2026-03-18 21:35:27
1,Blocked,2026-03-18 21:35:10,2026-03-18 21:35:27
1,Running,2026-03-18 21:35:27,2026-03-18 21:36:20
8,Running,2026-03-18 21:32:19,2026-03-18 21:36:30
1,Blocked,2026-03-18 21:36:20,2026-03-18 21:36:37
6,Running,2026-03-18 21:34:46,2026-03-18 21:36:41
6,Starved,2026-03-18 21:36:41,2026-03-18 21:36:46
8,Blocked,2026-03-18 21:36:30,2026-03-18 21:36:48
12,Running,2026-03-18 21:07:59,2026-03-18 21:36:49
2,Running,2026-03-18 21:35:27,2026-03-18 21:37:33
2,Blocked,2026-03-18 21:37:33,2026-03-18 21:37:34
6,Running,2026-03-18 21:36:46,2026-03-18 21:37:45
6,Starved,2026-03-18 21:37:45,2026-03-18 21:37:49
10,Running,2026-03-18 20:54:04,2026-03-18 21:38:11
6,Running,2026-03-18 21:37:49,2026-03-18 21:38:46
6,Starved,2026-03-18 21:38:46,2026-03-18 21:38:52
6,Running,2026-03-18 21:38:52,2026-03-18 21:39:55
6,Starved,2026-03-18 21:39:55,2026-03-18 21:39:57
3,Running,2026-03-18 21:35:27,2026-03-18 21:41:31
3,Blocked,2026-03-18 21:41:31,2026-03-18 21:41:34
3,Running,2026-03-18 21:41:34,2026-03-18 21:42:34
3,Blocked,2026-03-18 21:42:34,2026-03-18 21:42:45
8,Running,2026-03-18 21:36:48,2026-03-18 21:42:46
2,Running,2026-03-18 21:37:34,2026-03-18 21:42:51
9,Running,2026-03-18 21:22:06,2026-03-18 21:42:53
1,Running,2026-03-18 21:36:37,2026-03-18 21:42:56
2,Down,2026-03-18 21:42:51,2026-03-18 21:43:34
1,Blocked,2026-03-18 21:42:56,2026-03-18 21:43:34
3,Running,2026-03-18 21:42:45,2026-03-18 21:43:44
3,Blocked,2026-03-18 21:43:44,2026-03-18 21:43:49
3,Running,2026-03-18 21:43:49,2026-03-18 21:44:51
3,Blocked,2026-03-18 21:44:51,2026-03-18 21:44:52
3,Running,2026-03-18 21:44:52,2026-03-18 21:45:51
6,Running,2026-03-18 21:39:57,2026-03-18 21:46:02
6,Starved,2026-03-18 21:46:02,2026-03-18 21:46:03
3,Blocked,2026-03-18 21:45:51,2026-03-18 21:46:09
7,Running,2026-03-18 20:39:54,2026-03-18 21:46:22
6,Running,2026-03-18 21:46:03,2026-03-18 21:46:59
6,Starved,2026-03-18 21:46:59,2026-03-18 21:47:05
3,Running,2026-03-18 21:46:09,2026-03-18 21:47:11
3,Blocked,2026-03-18 21:47:11,2026-03-18 21:47:14
1,Running,2026-03-18 21:43:34,2026-03-18 21:47:29
1,Blocked,2026-03-18 21:47:29,2026-03-18 21:47:35
2,Running,2026-03-18 21:43:34,2026-03-18 21:50:25
2,Blocked,2026-03-18 21:50:25,2026-03-18 21:50:32
2,Running,2026-03-18 21:50:32,2026-03-18 21:51:22
2,Blocked,2026-03-18 21:51:22,2026-03-18 21:51:28
3,Running,2026-03-18 21:47:14,2026-03-18 21:52:21
2,Running,2026-03-18 21:51:28,2026-03-18 21:52:27
11,Down,2026-03-18 21:34:32,2026-03-18 21:52:31
10,Blocked,2026-03-18 21:38:11,2026-03-18 21:52:31
9,Blocked,2026-03-18 21:42:53,2026-03-18 21:52:31
8,Blocked,2026-03-18 21:42:46,2026-03-18 21:52:31
7,Blocked,2026-03-18 21:46:22,2026-03-18 21:52:31
3,Blocked,2026-03-18 21:52:21,2026-03-18 21:52:34
2,Blocked,2026-03-18 21:52:27,2026-03-18 21:52:34
9,Running,2026-03-18 21:52:31,2026-03-18 21:53:21
10,Running,2026-03-18 21:52:31,2026-03-18 21:53:27
8,Running,2026-03-18 21:52:31,2026-03-18 21:53:28
12,Starved,2026-03-18 21:36:49,2026-03-18 21:53:30
10,Blocked,2026-03-18 21:53:27,2026-03-18 21:53:30
9,Blocked,2026-03-18 21:53:21,2026-03-18 21:53:30
8,Blocked,2026-03-18 21:53:28,2026-03-18 21:53:30
3,Running,2026-03-18 21:52:34,2026-03-18 21:53:32
2,Running,2026-03-18 21:52:34,2026-03-18 21:53:32
1,Running,2026-03-18 21:47:35,2026-03-18 21:53:38
3,Blocked,2026-03-18 21:53:32,2026-03-18 21:53:39
2,Blocked,2026-03-18 21:53:32,2026-03-18 21:53:39
1,Blocked,2026-03-18 21:53:38,2026-03-18 21:53:39
12,Running,2026-03-18 21:53:30,2026-03-18 21:54:22
10,Running,2026-03-18 21:53:30,2026-03-18 21:54:23
12,Starved,2026-03-18 21:54:22,2026-03-18 21:54:28
10,Blocked,2026-03-18 21:54:23,2026-03-18 21:54:28
2,Running,2026-03-18 21:53:39,2026-03-18 21:54:35
2,Blocked,2026-03-18 21:54:35,2026-03-18 21:54:35
7,Running,2026-03-18 21:52:31,2026-03-18 21:54:40
8,Running,2026-03-18 21:53:30,2026-03-18 21:54:40
8,Blocked,2026-03-18 21:54:40,2026-03-18 21:54:54
7,Blocked,2026-03-18 21:54:40,2026-03-18 21:54:54
2,Running,2026-03-18 21:54:35,2026-03-18 21:55:29
3,Running,2026-03-18 21:53:39,2026-03-18 21:55:33
1,Running,2026-03-18 21:53:39,2026-03-18 21:55:35
3,Blocked,2026-03-18 21:55:33,2026-03-18 21:55:38
2,Blocked,2026-03-18 21:55:29,2026-03-18 21:55:38
1,Blocked,2026-03-18 21:55:35,2026-03-18 21:55:38
8,Running,2026-03-18 21:54:54,2026-03-18 21:55:44
8,Blocked,2026-03-18 21:55:44,2026-03-18 21:55:50
10,Running,2026-03-18 21:54:28,2026-03-18 21:56:25
12,Running,2026-03-18 21:54:28,2026-03-18 21:56:25
12,Starved,2026-03-18 21:56:25,2026-03-18 21:56:25
10,Blocked,2026-03-18 21:56:25,2026-03-18 21:56:25
2,Running,2026-03-18 21:55:38,2026-03-18 21:56:32
1,Running,2026-03-18 21:55:38,2026-03-18 21:56:42
2,Blocked,2026-03-18 21:56:32,2026-03-18 21:56:43
1,Blocked,2026-03-18 21:56:42,2026-03-18 21:56:43
1,Running,2026-03-18 21:56:43,2026-03-18 21:57:35
1,Blocked,2026-03-18 21:57:35,2026-03-18 21:57:43
6,Running,2026-03-18 21:47:05,2026-03-18 21:58:13
6,Starved,2026-03-18 21:58:13,2026-03-18 21:58:22
1,Running,2026-03-18 21:57:43,2026-03-18 21:58:35
1,Blocked,2026-03-18 21:58:35,2026-03-18 21:58:48
12,Running,2026-03-18 21:56:25,2026-03-18 21:59:23
12,Starved,2026-03-18 21:59:23,2026-03-18 21:59:30
3,Running,2026-03-18 21:55:38,2026-03-18 21:59:33
2,Running,2026-03-18 21:56:43,2026-03-18 21:59:42
3,Blocked,2026-03-18 21:59:33,2026-03-18 21:59:53
2,Blocked,2026-03-18 21:59:42,2026-03-18 21:59:53
8,Running,2026-03-18 21:55:50,2026-03-18 22:00:01
8,Blocked,2026-03-18 22:00:01,2026-03-18 22:00:02
12,Running,2026-03-18 21:59:30,2026-03-18 22:00:24
12,Starved,2026-03-18 22:00:24,2026-03-18 22:00:27
8,Running,2026-03-18 22:00:02,2026-03-18 22:01:02
8,Blocked,2026-03-18 22:01:02,2026-03-18 22:01:06
1,Running,2026-03-18 21:58:48,2026-03-18 22:01:55
8,Running,2026-03-18 22:01:06,2026-03-18 22:02:03
1,Blocked,2026-03-18 22:01:55,2026-03-18 22:02:06
8,Blocked,2026-03-18 22:02:03,2026-03-18 22:02:24
3,Running,2026-03-18 21:59:53,2026-03-18 22:02:47
3,Blocked,2026-03-18 22:02:47,2026-03-18 22:02:47
10,Running,2026-03-18 21:56:25,2026-03-18 22:03:16
12,Running,2026-03-18 22:00:27,2026-03-18 22:03:17
8,Running,2026-03-18 22:02:24,2026-03-18 22:03:21
12,Starved,2026-03-18 22:03:17,2026-03-18 22:03:26
10,Blocked,2026-03-18 22:03:16,2026-03-18 22:03:26
8,Blocked,2026-03-18 22:03:21,2026-03-18 22:03:29
3,Running,2026-03-18 22:02:47,2026-03-18 22:03:43
3,Blocked,2026-03-18 22:03:43,2026-03-18 22:03:45
1,Running,2026-03-18 22:02:06,2026-03-18 22:03:59
1,Blocked,2026-03-18 22:03:59,2026-03-18 22:04:00
1,Running,2026-03-18 22:04:00,2026-03-18 22:05:01
1,Blocked,2026-03-18 22:05:01,2026-03-18 22:05:10
12,Running,2026-03-18 22:03:26,2026-03-18 22:06:03
12,Starved,2026-03-18 22:06:03,2026-03-18 22:06:10
3,Running,2026-03-18 22:03:45,2026-03-18 22:06:36
3,Blocked,2026-03-18 22:06:36,2026-03-18 22:06:48
12,Running,2026-03-18 22:06:10,2026-03-18 22:07:06
12,Starved,2026-03-18 22:07:06,2026-03-18 22:07:13
3,Running,2026-03-18 22:06:48,2026-03-18 22:07:46
1,Running,2026-03-18 22:05:10,2026-03-18 22:08:02
2,Running,2026-03-18 21:59:53,2026-03-18 22:08:09
4,Running,2026-03-18 20:28:46,2026-03-18 22:08:13
12,Running,2026-03-18 22:07:13,2026-03-18 22:08:22
12,Starved,2026-03-18 22:08:22,2026-03-18 22:08:26
12,Running,2026-03-18 22:08:26,2026-03-18 22:09:25
12,Starved,2026-03-18 22:09:25,2026-03-18 22:09:37
5,Running,2026-03-18 21:10:02,2026-03-18 22:10:17
6,Running,2026-03-18 21:58:22,2026-03-18 22:11:35
8,Running,2026-03-18 22:03:29,2026-03-18 22:15:38
8,Blocked,2026-03-18 22:15:38,2026-03-18 22:15:40
12,Running,2026-03-18 22:09:37,2026-03-18 22:17:26
12,Starved,2026-03-18 22:17:26,2026-03-18 22:17:26
12,Running,2026-03-18 22:17:26,2026-03-18 22:18:13
12,Starved,2026-03-18 22:18:13,2026-03-18 22:18:22
8,Running,2026-03-18 22:15:40,2026-03-18 22:18:37
8,Blocked,2026-03-18 22:18:37,2026-03-18 22:18:47
8,Running,2026-03-18 22:18:47,2026-03-18 22:19:50
8,Blocked,2026-03-18 22:19:50,2026-03-18 22:19:50
12,Running,2026-03-18 22:18:22,2026-03-18 22:20:24
12,Starved,2026-03-18 22:20:24,2026-03-18 22:20:29
8,Running,2026-03-18 22:19:50,2026-03-18 22:20:50
8,Blocked,2026-03-18 22:20:50,2026-03-18 22:20:54
8,Running,2026-03-18 22:20:54,2026-03-18 22:22:08
8,Blocked,2026-03-18 22:22:08,2026-03-18 22:22:18
8,Running,2026-03-18 22:22:18,2026-03-18 22:23:21
8,Blocked,2026-03-18 22:23:21,2026-03-18 22:23:29
8,Running,2026-03-18 22:23:29,2026-03-18 22:24:23
4,Down,2026-03-18 22:08:13,2026-03-18 22:24:37
3,Blocked,2026-03-18 22:07:46,2026-03-18 22:24:37
2,Blocked,2026-03-18 22:08:09,2026-03-18 22:24:37
1,Blocked,2026-03-18 22:08:02,2026-03-18 22:24:37
8,Blocked,2026-03-18 22:24:23,2026-03-18 22:24:45
2,Running,2026-03-18 22:24:37,2026-03-18 22:25:35
8,Running,2026-03-18 22:24:45,2026-03-18 22:25:39
3,Running,2026-03-18 22:24:37,2026-03-18 22:25:39
5,Starved,2026-03-18 22:10:17,2026-03-18 22:25:40
3,Blocked,2026-03-18 22:25:39,2026-03-18 22:25:40
2,Blocked,2026-03-18 22:25:35,2026-03-18 22:25:40
8,Blocked,2026-03-18 22:25:39,2026-03-18 22:26:00
2,Running,2026-03-18 22:25:40,2026-03-18 22:26:33
6,Starved,2026-03-18 22:11:35,2026-03-18 22:26:44
2,Blocked,2026-03-18 22:26:33,2026-03-18 22:26:44
8,Running,2026-03-18 22:26:00,2026-03-18 22:26:57
8,Blocked,2026-03-18 22:26:57,2026-03-18 22:27:31
3,Running,2026-03-18 22:25:40,2026-03-18 22:27:37
1,Running,2026-03-18 22:24:37,2026-03-18 22:27:43
2,Running,2026-03-18 22:26:44,2026-03-18 22:27:44
3,Blocked,2026-03-18 22:27:37,2026-03-18 22:27:46
2,Blocked,2026-03-18 22:27:44,2026-03-18 22:27:46
1,Blocked,2026-03-18 22:27:43,2026-03-18 22:27:46
6,Running,2026-03-18 22:26:44,2026-03-18 22:27:47
6,Starved,2026-03-18 22:27:47,2026-03-18 22:27:48
11,Running,2026-03-18 21:52:31,2026-03-18 22:28:10
8,Running,2026-03-18 22:27:31,2026-03-18 22:28:28
2,Running,2026-03-18 22:27:46,2026-03-18 22:28:40
3,Running,2026-03-18 22:27:46,2026-03-18 22:28:42
6,Running,2026-03-18 22:27:48,2026-03-18 22:28:43
1,Running,2026-03-18 22:27:46,2026-03-18 22:28:45
5,Running,2026-03-18 22:25:40,2026-03-18 22:28:51
6,Starved,2026-03-18 22:28:43,2026-03-18 22:28:51
5,Starved,2026-03-18 22:28:51,2026-03-18 22:28:55
3,Blocked,2026-03-18 22:28:42,2026-03-18 22:28:55
2,Blocked,2026-03-18 22:28:40,2026-03-18 22:28:55
1,Blocked,2026-03-18 22:28:45,2026-03-18 22:28:55
8,Blocked,2026-03-18 22:28:28,2026-03-18 22:29:01
10,Running,2026-03-18 22:03:26,2026-03-18 22:29:35
12,Running,2026-03-18 22:20:29,2026-03-18 22:29:39
1,Running,2026-03-18 22:28:55,2026-03-18 22:29:49
6,Running,2026-03-18 22:28:51,2026-03-18 22:29:53
6,Starved,2026-03-18 22:29:53,2026-03-18 22:29:56
1,Blocked,2026-03-18 22:29:49,2026-03-18 22:30:04
8,Running,2026-03-18 22:29:01,2026-03-18 22:30:06
8,Blocked,2026-03-18 22:30:06,2026-03-18 22:30:21
3,Running,2026-03-18 22:28:55,2026-03-18 22:30:48
6,Running,2026-03-18 22:29:56,2026-03-18 22:30:51
1,Running,2026-03-18 22:30:04,2026-03-18 22:30:54
2,Running,2026-03-18 22:28:55,2026-03-18 22:30:54
11,Down,2026-03-18 22:28:10,2026-03-18 22:30:57
10,Blocked,2026-03-18 22:29:35,2026-03-18 22:30:57
5,Running,2026-03-18 22:28:55,2026-03-18 22:31:02
6,Starved,2026-03-18 22:30:51,2026-03-18 22:31:02
5,Starved,2026-03-18 22:31:02,2026-03-18 22:31:02
3,Blocked,2026-03-18 22:30:48,2026-03-18 22:31:02
2,Blocked,2026-03-18 22:30:54,2026-03-18 22:31:02
1,Blocked,2026-03-18 22:30:54,2026-03-18 22:31:02
8,Running,2026-03-18 22:30:21,2026-03-18 22:31:23
8,Blocked,2026-03-18 22:31:23,2026-03-18 22:31:47
3,Running,2026-03-18 22:31:02,2026-03-18 22:31:52
5,Running,2026-03-18 22:31:02,2026-03-18 22:31:58
10,Running,2026-03-18 22:30:57,2026-03-18 22:31:59
12,Starved,2026-03-18 22:29:39,2026-03-18 22:32:04
10,Blocked,2026-03-18 22:31:59,2026-03-18 22:32:04
2,Running,2026-03-18 22:31:02,2026-03-18 22:32:06
1,Running,2026-03-18 22:31:02,2026-03-18 22:32:13
5,Starved,2026-03-18 22:31:58,2026-03-18 22:32:33
3,Blocked,2026-03-18 22:31:52,2026-03-18 22:32:33
2,Blocked,2026-03-18 22:32:06,2026-03-18 22:32:33
1,Blocked,2026-03-18 22:32:13,2026-03-18 22:32:33
8,Running,2026-03-18 22:31:47,2026-03-18 22:32:51
7,Running,2026-03-18 21:54:54,2026-03-18 22:32:53
6,Running,2026-03-18 22:31:02,2026-03-18 22:32:57
12,Running,2026-03-18 22:32:04,2026-03-18 22:33:03
12,Starved,2026-03-18 22:33:03,2026-03-18 22:33:04
8,Blocked,2026-03-18 22:32:51,2026-03-18 22:33:05
7,Blocked,2026-03-18 22:32:53,2026-03-18 22:33:05
2,Running,2026-03-18 22:32:33,2026-03-18 22:33:30
1,Running,2026-03-18 22:32:33,2026-03-18 22:33:31
3,Running,2026-03-18 22:32:33,2026-03-18 22:33:37
3,Blocked,2026-03-18 22:33:37,2026-03-18 22:33:40
2,Blocked,2026-03-18 22:33:30,2026-03-18 22:33:40
1,Blocked,2026-03-18 22:33:31,2026-03-18 22:33:40
6,Starved,2026-03-18 22:32:57,2026-03-18 22:33:40
10,Running,2026-03-18 22:32:04,2026-03-18 22:33:58
10,Blocked,2026-03-18 22:33:58,2026-03-18 22:34:04
8,Running,2026-03-18 22:33:05,2026-03-18 22:34:08
7,Running,2026-03-18 22:33:05,2026-03-18 22:34:15
8,Blocked,2026-03-18 22:34:08,2026-03-18 22:34:17
7,Blocked,2026-03-18 22:34:15,2026-03-18 22:34:17
2,Running,2026-03-18 22:33:40,2026-03-18 22:34:35
1,Running,2026-03-18 22:33:40,2026-03-18 22:34:36
3,Running,2026-03-18 22:33:40,2026-03-18 22:34:43
5,Running,2026-03-18 22:32:33,2026-03-18 22:34:43
5,Starved,2026-03-18 22:34:43,2026-03-18 22:34:47
3,Blocked,2026-03-18 22:34:43,2026-03-18 22:34:47
2,Blocked,2026-03-18 22:34:35,2026-03-18 22:34:47
1,Blocked,2026-03-18 22:34:36,2026-03-18 22:34:47
8,Running,2026-03-18 22:34:17,2026-03-18 22:35:02
8,Blocked,2026-03-18 22:35:02,2026-03-18 22:35:19
5,Running,2026-03-18 22:34:47,2026-03-18 22:35:40
2,Running,2026-03-18 22:34:47,2026-03-18 22:35:52
3,Running,2026-03-18 22:34:47,2026-03-18 22:35:56
5,Starved,2026-03-18 22:35:40,2026-03-18 22:35:56
3,Blocked,2026-03-18 22:35:56,2026-03-18 22:35:56
2,Blocked,2026-03-18 22:35:52,2026-03-18 22:35:56
6,Running,2026-03-18 22:33:40,2026-03-18 22:36:51
5,Running,2026-03-18 22:35:56,2026-03-18 22:36:53
6,Starved,2026-03-18 22:36:51,2026-03-18 22:36:53
1,Running,2026-03-18 22:34:47,2026-03-18 22:36:56
3,Running,2026-03-18 22:35:56,2026-03-18 22:37:00
2,Running,2026-03-18 22:35:56,2026-03-18 22:37:03
10,Running,2026-03-18 22:34:04,2026-03-18 22:37:05
10,Blocked,2026-03-18 22:37:05,2026-03-18 22:37:14
5,Starved,2026-03-18 22:36:53,2026-03-18 22:37:22
3,Blocked,2026-03-18 22:37:00,2026-03-18 22:37:22
2,Blocked,2026-03-18 22:37:03,2026-03-18 22:37:22
1,Blocked,2026-03-18 22:36:56,2026-03-18 22:37:22
8,Running,2026-03-18 22:35:19,2026-03-18 22:37:22
7,Running,2026-03-18 22:34:17,2026-03-18 22:37:32
8,Blocked,2026-03-18 22:37:22,2026-03-18 22:37:38
7,Blocked,2026-03-18 22:37:32,2026-03-18 22:37:38
6,Running,2026-03-18 22:36:53,2026-03-18 22:38:02
10,Running,2026-03-18 22:37:14,2026-03-18 22:38:10
10,Blocked,2026-03-18 22:38:10,2026-03-18 22:38:12
3,Running,2026-03-18 22:37:22,2026-03-18 22:38:16
1,Running,2026-03-18 22:37:22,2026-03-18 22:38:19
2,Running,2026-03-18 22:37:22,2026-03-18 22:38:20
5,Running,2026-03-18 22:37:22,2026-03-18 22:38:22
6,Starved,2026-03-18 22:38:02,2026-03-18 22:38:22
7,Running,2026-03-18 22:37:38,2026-03-18 22:38:31
8,Running,2026-03-18 22:37:38,2026-03-18 22:38:32
5,Starved,2026-03-18 22:38:22,2026-03-18 22:38:33
3,Blocked,2026-03-18 22:38:16,2026-03-18 22:38:33
2,Blocked,2026-03-18 22:38:20,2026-03-18 22:38:33
1,Blocked,2026-03-18 22:38:19,2026-03-18 22:38:33
8,Blocked,2026-03-18 22:38:32,2026-03-18 22:38:34
7,Blocked,2026-03-18 22:38:31,2026-03-18 22:38:34
10,Running,2026-03-18 22:38:12,2026-03-18 22:39:09
10,Blocked,2026-03-18 22:39:09,2026-03-18 22:39:20
7,Running,2026-03-18 22:38:34,2026-03-18 22:39:25
6,Running,2026-03-18 22:38:22,2026-03-18 22:39:30
5,Running,2026-03-18 22:38:33,2026-03-18 22:39:30
6,Starved,2026-03-18 22:39:30,2026-03-18 22:39:30
3,Running,2026-03-18 22:38:33,2026-03-18 22:39:30
7,Blocked,2026-03-18 22:39:25,2026-03-18 22:39:33
1,Running,2026-03-18 22:38:33,2026-03-18 22:39:33
2,Running,2026-03-18 22:38:33,2026-03-18 22:39:35
4,Running,2026-03-18 22:24:37,2026-03-18 22:39:44
5,Starved,2026-03-18 22:39:30,2026-03-18 22:39:44
10,Running,2026-03-18 22:39:20,2026-03-18 22:40:07
10,Blocked,2026-03-18 22:40:07,2026-03-18 22:40:10
7,Running,2026-03-18 22:39:33,2026-03-18 22:40:28
8,Running,2026-03-18 22:38:34,2026-03-18 22:40:29
8,Blocked,2026-03-18 22:40:29,2026-03-18 22:40:31
7,Blocked,2026-03-18 22:40:28,2026-03-18 22:40:31
6,Running,2026-03-18 22:39:30,2026-03-18 22:40:34
5,Running,2026-03-18 22:39:44,2026-03-18 22:40:54
6,Starved,2026-03-18 22:40:34,2026-03-18 22:40:54
7,Running,2026-03-18 22:40:31,2026-03-18 22:41:30
8,Running,2026-03-18 22:40:31,2026-03-18 22:41:31
8,Blocked,2026-03-18 22:41:31,2026-03-18 22:41:33
7,Blocked,2026-03-18 22:41:30,2026-03-18 22:41:33
6,Running,2026-03-18 22:40:54,2026-03-18 22:41:51
10,Running,2026-03-18 22:40:10,2026-03-18 22:42:12
10,Blocked,2026-03-18 22:42:12,2026-03-18 22:42:19
7,Running,2026-03-18 22:41:33,2026-03-18 22:42:23
8,Running,2026-03-18 22:41:33,2026-03-18 22:42:36
8,Blocked,2026-03-18 22:42:36,2026-03-18 22:42:50
7,Blocked,2026-03-18 22:42:23,2026-03-18 22:42:50
10,Running,2026-03-18 22:42:19,2026-03-18 22:43:18
10,Blocked,2026-03-18 22:43:18,2026-03-18 22:43:23
7,Running,2026-03-18 22:42:50,2026-03-18 22:43:42
7,Blocked,2026-03-18 22:43:42,2026-03-18 22:43:55
7,Running,2026-03-18 22:43:55,2026-03-18 22:44:53
7,Blocked,2026-03-18 22:44:53,2026-03-18 22:44:59
4,Down,2026-03-18 22:39:44,2026-03-18 22:45:38
3,Blocked,2026-03-18 22:39:30,2026-03-18 22:45:38
2,Blocked,2026-03-18 22:39:35,2026-03-18 22:45:38
1,Blocked,2026-03-18 22:39:33,2026-03-18 22:45:38
8,Running,2026-03-18 22:42:50,2026-03-18 22:45:50
8,Blocked,2026-03-18 22:45:50,2026-03-18 22:45:51
1,Running,2026-03-18 22:45:38,2026-03-18 22:46:29
2,Running,2026-03-18 22:45:38,2026-03-18 22:46:38
3,Running,2026-03-18 22:45:38,2026-03-18 22:46:39
5,Starved,2026-03-18 22:40:54,2026-03-18 22:46:49
3,Blocked,2026-03-18 22:46:39,2026-03-18 22:46:49
2,Blocked,2026-03-18 22:46:38,2026-03-18 22:46:49
1,Blocked,2026-03-18 22:46:29,2026-03-18 22:46:49
7,Running,2026-03-18 22:44:59,2026-03-18 22:46:56
7,Blocked,2026-03-18 22:46:56,2026-03-18 22:46:58
1,Running,2026-03-18 22:46:49,2026-03-18 22:47:41
3,Running,2026-03-18 22:46:49,2026-03-18 22:47:52
5,Running,2026-03-18 22:46:49,2026-03-18 22:47:55
6,Starved,2026-03-18 22:41:51,2026-03-18 22:47:55
2,Running,2026-03-18 22:46:49,2026-03-18 22:47:56
5,Starved,2026-03-18 22:47:55,2026-03-18 22:47:58
3,Blocked,2026-03-18 22:47:52,2026-03-18 22:47:58
2,Blocked,2026-03-18 22:47:56,2026-03-18 22:47:58
1,Blocked,2026-03-18 22:47:41,2026-03-18 22:47:58
8,Running,2026-03-18 22:45:51,2026-03-18 22:48:49
6,Running,2026-03-18 22:47:55,2026-03-18 22:48:51
5,Running,2026-03-18 22:47:58,2026-03-18 22:48:57
3,Running,2026-03-18 22:47:58,2026-03-18 22:48:58
5,Starved,2026-03-18 22:48:57,2026-03-18 22:49:02
3,Blocked,2026-03-18 22:48:58,2026-03-18 22:49:02
8,Blocked,2026-03-18 22:48:49,2026-03-18 22:49:04
1,Running,2026-03-18 22:47:58,2026-03-18 22:49:06
1,Blocked,2026-03-18 22:49:06,2026-03-18 22:49:10
12,Running,2026-03-18 22:33:04,2026-03-18 22:49:22
12,Starved,2026-03-18 22:49:22,2026-03-18 22:49:32
1,Running,2026-03-18 22:49:10,2026-03-18 22:50:01
5,Running,2026-03-18 22:49:02,2026-03-18 22:50:02
3,Running,2026-03-18 22:49:02,2026-03-18 22:50:03
8,Running,2026-03-18 22:49:04,2026-03-18 22:50:04
2,Running,2026-03-18 22:47:58,2026-03-18 22:50:07
8,Blocked,2026-03-18 22:50:04,2026-03-18 22:50:12
5,Starved,2026-03-18 22:50:02,2026-03-18 22:50:25
3,Blocked,2026-03-18 22:50:03,2026-03-18 22:50:25
2,Blocked,2026-03-18 22:50:07,2026-03-18 22:50:25
1,Blocked,2026-03-18 22:50:01,2026-03-18 22:50:25
2,Running,2026-03-18 22:50:25,2026-03-18 22:51:20
2,Blocked,2026-03-18 22:51:20,2026-03-18 22:51:28
6,Down,2026-03-18 22:48:51,2026-03-18 22:51:51
8,Running,2026-03-18 22:50:12,2026-03-18 22:52:04
8,Blocked,2026-03-18 22:52:04,2026-03-18 22:52:08
5,Running,2026-03-18 22:50:25,2026-03-18 22:52:16
1,Running,2026-03-18 22:50:25,2026-03-18 22:52:22
5,Starved,2026-03-18 22:52:16,2026-03-18 22:52:25
2,Running,2026-03-18 22:51:28,2026-03-18 22:52:28
2,Blocked,2026-03-18 22:52:28,2026-03-18 22:52:32
1,Blocked,2026-03-18 22:52:22,2026-03-18 22:52:32
8,Running,2026-03-18 22:52:08,2026-03-18 22:52:59
8,Blocked,2026-03-18 22:52:59,2026-03-18 22:53:07
2,Running,2026-03-18 22:52:32,2026-03-18 22:53:27
5,Running,2026-03-18 22:52:25,2026-03-18 22:53:27
5,Starved,2026-03-18 22:53:27,2026-03-18 22:53:29
1,Running,2026-03-18 22:52:32,2026-03-18 22:53:29
2,Blocked,2026-03-18 22:53:27,2026-03-18 22:53:35
1,Blocked,2026-03-18 22:53:29,2026-03-18 22:53:35
8,Running,2026-03-18 22:53:07,2026-03-18 22:54:00
8,Blocked,2026-03-18 22:54:00,2026-03-18 22:54:15
10,Running,2026-03-18 22:43:23,2026-03-18 22:54:28
5,Running,2026-03-18 22:53:29,2026-03-18 22:54:30
5,Starved,2026-03-18 22:54:30,2026-03-18 22:54:30
1,Running,2026-03-18 22:53:35,2026-03-18 22:54:33
2,Running,2026-03-18 22:53:35,2026-03-18 22:54:35
10,Blocked,2026-03-18 22:54:28,2026-03-18 22:54:39
2,Blocked,2026-03-18 22:54:35,2026-03-18 22:54:39
1,Blocked,2026-03-18 22:54:33,2026-03-18 22:54:39
8,Running,2026-03-18 22:54:15,2026-03-18 22:55:11
8,Blocked,2026-03-18 22:55:11,2026-03-18 22:55:15
2,Running,2026-03-18 22:54:39,2026-03-18 22:55:32
2,Blocked,2026-03-18 22:55:32,2026-03-18 22:55:45
9,Running,2026-03-18 21:53:30,2026-03-18 22:56:07
8,Running,2026-03-18 22:55:15,2026-03-18 22:56:18
10,Running,2026-03-18 22:54:39,2026-03-18 22:56:27
12,Running,2026-03-18 22:49:32,2026-03-18 22:56:28
12,Starved,2026-03-18 22:56:28,2026-03-18 22:56:34
10,Blocked,2026-03-18 22:56:27,2026-03-18 22:56:34
1,Running,2026-03-18 22:54:39,2026-03-18 22:56:43
2,Running,2026-03-18 22:55:45,2026-03-18 22:56:46
2,Blocked,2026-03-18 22:56:46,2026-03-18 22:56:52
1,Blocked,2026-03-18 22:56:43,2026-03-18 22:56:52
10,Running,2026-03-18 22:56:34,2026-03-18 22:57:28
10,Blocked,2026-03-18 22:57:28,2026-03-18 22:57:31
7,Running,2026-03-18 22:46:58,2026-03-18 22:57:33
1,Running,2026-03-18 22:56:52,2026-03-18 22:57:54
1,Blocked,2026-03-18 22:57:54,2026-03-18 22:57:54
5,Running,2026-03-18 22:54:30,2026-03-18 22:58:22
5,Starved,2026-03-18 22:58:22,2026-03-18 22:58:38
1,Running,2026-03-18 22:57:54,2026-03-18 22:58:50
1,Blocked,2026-03-18 22:58:50,2026-03-18 22:59:02
5,Running,2026-03-18 22:58:38,2026-03-18 22:59:53
5,Starved,2026-03-18 22:59:53,2026-03-18 22:59:54
1,Running,2026-03-18 22:59:02,2026-03-18 23:00:02
1,Blocked,2026-03-18 23:00:02,2026-03-18 23:00:07
9,Down,2026-03-18 22:56:07,2026-03-18 23:00:33
8,Blocked,2026-03-18 22:56:18,2026-03-18 23:00:33
7,Blocked,2026-03-18 22:57:33,2026-03-18 23:00:33
1,Running,2026-03-18 23:00:07,2026-03-18 23:00:55
3,Running,2026-03-18 22:50:25,2026-03-18 23:00:58
5,Running,2026-03-18 22:59:54,2026-03-18 23:01:00
5,Starved,2026-03-18 23:01:00,2026-03-18 23:01:02
3,Blocked,2026-03-18 23:00:58,2026-03-18 23:01:02
1,Blocked,2026-03-18 23:00:55,2026-03-18 23:01:13
8,Running,2026-03-18 23:00:33,2026-03-18 23:01:26
8,Blocked,2026-03-18 23:01:26,2026-03-18 23:01:27
12,Running,2026-03-18 22:56:34,2026-03-18 23:01:34
12,Starved,2026-03-18 23:01:34,2026-03-18 23:01:37
5,Running,2026-03-18 23:01:02,2026-03-18 23:01:57
3,Running,2026-03-18 23:01:02,2026-03-18 23:01:59
4,Running,2026-03-18 22:45:38,2026-03-18 23:01:59
5,Starved,2026-03-18 23:01:57,2026-03-18 23:01:59
2,Running,2026-03-18 22:56:52,2026-03-18 23:02:15
1,Running,2026-03-18 23:01:13,2026-03-18 23:02:19
5,Running,2026-03-18 23:01:59,2026-03-18 23:02:59
8,Running,2026-03-18 23:01:27,2026-03-18 23:03:35
8,Blocked,2026-03-18 23:03:35,2026-03-18 23:04:01
8,Running,2026-03-18 23:04:01,2026-03-18 23:05:08
8,Blocked,2026-03-18 23:05:08,2026-03-18 23:05:08
6,Running,2026-03-18 22:51:51,2026-03-18 23:05:49
4,Down,2026-03-18 23:01:59,2026-03-18 23:06:01
3,Blocked,2026-03-18 23:01:59,2026-03-18 23:06:01
2,Blocked,2026-03-18 23:02:15,2026-03-18 23:06:01
1,Blocked,2026-03-18 23:02:19,2026-03-18 23:06:01
8,Running,2026-03-18 23:05:08,2026-03-18 23:06:03
8,Blocked,2026-03-18 23:06:03,2026-03-18 23:06:11
3,Running,2026-03-18 23:06:01,2026-03-18 23:07:05
5,Starved,2026-03-18 23:02:59,2026-03-18 23:07:06
3,Blocked,2026-03-18 23:07:05,2026-03-18 23:07:06
3,Running,2026-03-18 23:07:06,2026-03-18 23:07:54
2,Running,2026-03-18 23:06:01,2026-03-18 23:07:57
5,Running,2026-03-18 23:07:06,2026-03-18 23:08:09
6,Starved,2026-03-18 23:05:49,2026-03-18 23:08:09
5,Starved,2026-03-18 23:08:09,2026-03-18 23:08:39
3,Blocked,2026-03-18 23:07:54,2026-03-18 23:08:39
2,Blocked,2026-03-18 23:07:57,2026-03-18 23:08:39
6,Running,2026-03-18 23:08:09,2026-03-18 23:09:01
2,Running,2026-03-18 23:08:39,2026-03-18 23:09:34
3,Running,2026-03-18 23:08:39,2026-03-18 23:09:36
5,Running,2026-03-18 23:08:39,2026-03-18 23:09:39
5,Starved,2026-03-18 23:09:39,2026-03-18 23:09:45
3,Blocked,2026-03-18 23:09:36,2026-03-18 23:09:45
2,Blocked,2026-03-18 23:09:34,2026-03-18 23:09:45
11,Running,2026-03-18 22:30:57,2026-03-18 23:10:21
5,Running,2026-03-18 23:09:45,2026-03-18 23:10:44
10,Running,2026-03-18 22:57:31,2026-03-18 23:10:46
3,Running,2026-03-18 23:09:45,2026-03-18 23:10:50
2,Running,2026-03-18 23:09:45,2026-03-18 23:10:53
5,Starved,2026-03-18 23:10:44,2026-03-18 23:10:58
3,Blocked,2026-03-18 23:10:50,2026-03-18 23:10:58
2,Blocked,2026-03-18 23:10:53,2026-03-18 23:10:58
12,Running,2026-03-18 23:01:37,2026-03-18 23:11:52
5,Running,2026-03-18 23:10:58,2026-03-18 23:11:57
3,Running,2026-03-18 23:10:58,2026-03-18 23:12:02
2,Running,2026-03-18 23:10:58,2026-03-18 23:12:06
5,Starved,2026-03-18 23:11:57,2026-03-18 23:12:17
3,Blocked,2026-03-18 23:12:02,2026-03-18 23:12:17
2,Blocked,2026-03-18 23:12:06,2026-03-18 23:12:17
2,Running,2026-03-18 23:12:17,2026-03-18 23:13:06
3,Running,2026-03-18 23:12:17,2026-03-18 23:13:16
6,Down,2026-03-18 23:09:01,2026-03-18 23:14:10
5,Running,2026-03-18 23:12:17,2026-03-18 23:14:16
5,Starved,2026-03-18 23:14:16,2026-03-18 23:14:29
5,Running,2026-03-18 23:14:29,2026-03-18 23:15:22
5,Starved,2026-03-18 23:15:22,2026-03-18 23:15:29
5,Running,2026-03-18 23:15:29,2026-03-18 23:16:29
5,Starved,2026-03-18 23:16:29,2026-03-18 23:16:36
5,Running,2026-03-18 23:16:36,2026-03-18 23:17:23
5,Starved,2026-03-18 23:17:23,2026-03-18 23:17:23
9,Running,2026-03-18 23:00:33,2026-03-18 23:17:40
5,Running,2026-03-18 23:17:23,2026-03-18 23:18:30
5,Starved,2026-03-18 23:18:30,2026-03-18 23:18:44
8,Running,2026-03-18 23:06:11,2026-03-18 23:18:47
3,Down,2026-03-18 23:13:16,2026-03-18 23:19:16
2,Blocked,2026-03-18 23:13:06,2026-03-18 23:19:16
7,Running,2026-03-18 23:00:33,2026-03-18 23:19:40
5,Running,2026-03-18 23:18:44,2026-03-18 23:19:46
5,Starved,2026-03-18 23:19:46,2026-03-18 23:20:12
11,Down,2026-03-18 23:10:21,2026-03-18 23:20:50
10,Blocked,2026-03-18 23:10:46,2026-03-18 23:20:50
9,Blocked,2026-03-18 23:17:40,2026-03-18 23:20:50
8,Blocked,2026-03-18 23:18:47,2026-03-18 23:20:50
3,Running,2026-03-18 23:19:16,2026-03-18 23:21:14
5,Running,2026-03-18 23:20:12,2026-03-18 23:21:16
2,Running,2026-03-18 23:19:16,2026-03-18 23:21:18
5,Starved,2026-03-18 23:21:16,2026-03-18 23:21:41
12,Starved,2026-03-18 23:11:52,2026-03-18 23:21:43
1,Down,2026-03-18 23:06:01,2026-03-18 23:22:12
3,Down,2026-03-18 23:21:14,2026-03-18 23:22:31
2,Blocked,2026-03-18 23:21:18,2026-03-18 23:22:31
12,Running,2026-03-18 23:21:43,2026-03-18 23:22:36
12,Starved,2026-03-18 23:22:36,2026-03-18 23:22:51
2,Running,2026-03-18 23:22:31,2026-03-18 23:23:30
12,Running,2026-03-18 23:22:51,2026-03-18 23:23:42
12,Starved,2026-03-18 23:23:42,2026-03-18 23:23:47
12,Running,2026-03-18 23:23:47,2026-03-18 23:24:38
5,Running,2026-03-18 23:21:41,2026-03-18 23:24:38
5,Starved,2026-03-18 23:24:38,2026-03-18 23:24:44
10,Running,2026-03-18 23:20:50,2026-03-18 23:24:48
12,Starved,2026-03-18 23:24:38,2026-03-18 23:24:51
10,Blocked,2026-03-18 23:24:48,2026-03-18 23:24:51
2,Down,2026-03-18 23:23:30,2026-03-18 23:25:21
9,Running,2026-03-18 23:20:50,2026-03-18 23:31:08
5,Running,2026-03-18 23:24:44,2026-03-18 23:31:13
8,Down,2026-03-18 23:20:50,2026-03-18 23:31:17
7,Blocked,2026-03-18 23:19:40,2026-03-18 23:31:17
5,Starved,2026-03-18 23:31:13,2026-03-18 23:31:28
9,Starved,2026-03-18 23:31:08,2026-03-18 23:32:20
5,Running,2026-03-18 23:31:28,2026-03-18 23:32:24
5,Starved,2026-03-18 23:32:24,2026-03-18 23:32:28
5,Running,2026-03-18 23:32:28,2026-03-18 23:33:22
5,Starved,2026-03-18 23:33:22,2026-03-18 23:33:36
5,Running,2026-03-18 23:33:36,2026-03-18 23:34:30
5,Starved,2026-03-18 23:34:30,2026-03-18 23:34:31
5,Running,2026-03-18 23:34:31,2026-03-18 23:35:25
11,Running,2026-03-18 23:20:50,2026-03-18 23:35:35
5,Starved,2026-03-18 23:35:25,2026-03-18 23:35:58
10,Running,2026-03-18 23:24:51,2026-03-18 23:36:09
12,Running,2026-03-18 23:24:51,2026-03-18 23:36:34
5,Running,2026-03-18 23:35:58,2026-03-18 23:38:06
5,Starved,2026-03-18 23:38:06,2026-03-18 23:38:24
9,Running,2026-03-18 23:32:20,2026-03-18 23:38:48
11,Down,2026-03-18 23:35:35,2026-03-18 23:39:40
10,Blocked,2026-03-18 23:36:09,2026-03-18 23:39:40
9,Blocked,2026-03-18 23:38:48,2026-03-18 23:39:40
5,Running,2026-03-18 23:38:24,2026-03-18 23:40:19
5,Starved,2026-03-18 23:40:19,2026-03-18 23:40:25
9,Running,2026-03-18 23:39:40,2026-03-18 23:40:42
12,Starved,2026-03-18 23:36:34,2026-03-18 23:40:47
9,Blocked,2026-03-18 23:40:42,2026-03-18 23:40:50
5,Running,2026-03-18 23:40:25,2026-03-18 23:41:19
5,Starved,2026-03-18 23:41:19,2026-03-18 23:41:31
9,Running,2026-03-18 23:40:50,2026-03-18 23:41:48
9,Blocked,2026-03-18 23:41:48,2026-03-18 23:41:53
12,Running,2026-03-18 23:40:47,2026-03-18 23:42:35
12,Starved,2026-03-18 23:42:35,2026-03-18 23:42:47
5,Running,2026-03-18 23:41:31,2026-03-18 23:43:30
10,Running,2026-03-18 23:39:40,2026-03-18 23:43:41
10,Blocked,2026-03-18 23:43:41,2026-03-18 23:43:48
5,Starved,2026-03-18 23:43:30,2026-03-18 23:43:59
5,Running,2026-03-18 23:43:59,2026-03-18 23:44:51
5,Starved,2026-03-18 23:44:51,2026-03-18 23:44:54
10,Running,2026-03-18 23:43:48,2026-03-18 23:46:34
10,Blocked,2026-03-18 23:46:34,2026-03-18 23:46:40
5,Running,2026-03-18 23:44:54,2026-03-18 23:46:45
5,Starved,2026-03-18 23:46:45,2026-03-18 23:46:56
10,Running,2026-03-18 23:46:40,2026-03-18 23:47:37
10,Blocked,2026-03-18 23:47:37,2026-03-18 23:47:37
5,Running,2026-03-18 23:46:56,2026-03-18 23:47:59
5,Starved,2026-03-18 23:47:59,2026-03-18 23:48:05
10,Running,2026-03-18 23:47:37,2026-03-18 23:48:38
10,Blocked,2026-03-18 23:48:38,2026-03-18 23:48:43
10,Running,2026-03-18 23:48:43,2026-03-18 23:49:34
10,Blocked,2026-03-18 23:49:34,2026-03-18 23:49:35
5,Running,2026-03-18 23:48:05,2026-03-18 23:51:04
5,Starved,2026-03-18 23:51:04,2026-03-18 23:51:06
5,Running,2026-03-18 23:51:06,2026-03-18 23:52:07
5,Starved,2026-03-18 23:52:07,2026-03-18 23:52:08
10,Running,2026-03-18 23:49:35,2026-03-18 23:52:34
10,Blocked,2026-03-18 23:52:34,2026-03-18 23:52:44
5,Running,2026-03-18 23:52:08,2026-03-18 23:53:06
5,Starved,2026-03-18 23:53:06,2026-03-18 23:53:16
10,Running,2026-03-18 23:52:44,2026-03-18 23:53:46
10,Blocked,2026-03-18 23:53:46,2026-03-18 23:53:49
5,Running,2026-03-18 23:53:16,2026-03-18 23:54:07
5,Starved,2026-03-18 23:54:07,2026-03-18 23:54:12
10,Running,2026-03-18 23:53:49,2026-03-18 23:54:45
10,Blocked,2026-03-18 23:54:45,2026-03-18 23:54:49
5,Running,2026-03-18 23:54:12,2026-03-18 23:56:21
5,Starved,2026-03-18 23:56:21,2026-03-18 23:56:44
6,Running,2026-03-18 23:14:10,2026-03-18 23:57:26
3,Running,2026-03-18 23:22:31,2026-03-18 23:57:39
5,Running,2026-03-18 23:56:44,2026-03-18 23:57:43
6,Starved,2026-03-18 23:57:26,2026-03-18 23:57:43
10,Running,2026-03-18 23:54:49,2026-03-18 23:57:57
10,Blocked,2026-03-18 23:57:57,2026-03-18 23:57:58
5,Starved,2026-03-18 23:57:43,2026-03-18 23:58:02
6,Running,2026-03-18 23:57:43,2026-03-18 23:58:41
10,Running,2026-03-18 23:57:58,2026-03-18 23:59:00
10,Blocked,2026-03-18 23:59:00,2026-03-18 23:59:03
5,Running,2026-03-18 23:58:02,2026-03-18 23:59:05
6,Starved,2026-03-18 23:58:41,2026-03-18 23:59:05
5,Starved,2026-03-18 23:59:05,2026-03-18 23:59:23
6,Running,2026-03-18 23:59:05,2026-03-19 00:00:03
2,Running,2026-03-18 23:25:21,2026-03-19 00:00:05
5,Running,2026-03-18 23:59:23,2026-03-19 00:00:21
6,Starved,2026-03-19 00:00:03,2026-03-19 00:00:21
3,Down,2026-03-18 23:57:39,2026-03-19 00:00:27
2,Blocked,2026-03-19 00:00:05,2026-03-19 00:00:27
5,Starved,2026-03-19 00:00:21,2026-03-19 00:00:32
6,Running,2026-03-19 00:00:21,2026-03-19 00:01:16
5,Running,2026-03-19 00:00:32,2026-03-19 00:01:25
6,Starved,2026-03-19 00:01:16,2026-03-19 00:01:25
2,Running,2026-03-19 00:00:27,2026-03-19 00:01:27
2,Blocked,2026-03-19 00:01:27,2026-03-19 00:01:28
5,Starved,2026-03-19 00:01:25,2026-03-19 00:01:37
6,Running,2026-03-19 00:01:25,2026-03-19 00:02:19
2,Running,2026-03-19 00:01:28,2026-03-19 00:02:27
2,Blocked,2026-03-19 00:02:27,2026-03-19 00:02:28
5,Running,2026-03-19 00:01:37,2026-03-19 00:02:31
6,Starved,2026-03-19 00:02:19,2026-03-19 00:02:31
5,Starved,2026-03-19 00:02:31,2026-03-19 00:02:49
12,Running,2026-03-18 23:42:47,2026-03-19 00:03:19
12,Starved,2026-03-19 00:03:19,2026-03-19 00:03:21
2,Running,2026-03-19 00:02:28,2026-03-19 00:03:24
6,Running,2026-03-19 00:02:31,2026-03-19 00:03:29
2,Blocked,2026-03-19 00:03:24,2026-03-19 00:03:34
6,Starved,2026-03-19 00:03:29,2026-03-19 00:03:46
8,Running,2026-03-18 23:31:17,2026-03-19 00:04:01
10,Running,2026-03-18 23:59:03,2026-03-19 00:04:21
12,Running,2026-03-19 00:03:21,2026-03-19 00:04:23
12,Starved,2026-03-19 00:04:23,2026-03-19 00:04:24
10,Blocked,2026-03-19 00:04:21,2026-03-19 00:04:24
5,Running,2026-03-19 00:02:49,2026-03-19 00:04:38
5,Starved,2026-03-19 00:04:38,2026-03-19 00:04:40
5,Running,2026-03-19 00:04:40,2026-03-19 00:05:30
5,Starved,2026-03-19 00:05:30,2026-03-19 00:05:39
5,Running,2026-03-19 00:05:39,2026-03-19 00:07:32
2,Running,2026-03-19 00:03:34,2026-03-19 00:07:43
2,Blocked,2026-03-19 00:07:43,2026-03-19 00:07:46
8,Down,2026-03-19 00:04:01,2026-03-19 00:07:54
5,Starved,2026-03-19 00:07:32,2026-03-19 00:08:00
2,Running,2026-03-19 00:07:46,2026-03-19 00:08:43
2,Blocked,2026-03-19 00:08:43,2026-03-19 00:08:45
6,Running,2026-03-19 00:03:46,2026-03-19 00:08:52
5,Running,2026-03-19 00:08:00,2026-03-19 00:09:09
6,Starved,2026-03-19 00:08:52,2026-03-19 00:09:09
5,Starved,2026-03-19 00:09:09,2026-03-19 00:09:15
2,Running,2026-03-19 00:08:45,2026-03-19 00:09:45
2,Blocked,2026-03-19 00:09:45,2026-03-19 00:09:49
6,Running,2026-03-19 00:09:09,2026-03-19 00:10:04
6,Starved,2026-03-19 00:10:04,2026-03-19 00:10:19
2,Running,2026-03-19 00:09:49,2026-03-19 00:10:40
2,Blocked,2026-03-19 00:10:40,2026-03-19 00:11:03
6,Running,2026-03-19 00:10:19,2026-03-19 00:11:18
5,Running,2026-03-19 00:09:15,2026-03-19 00:11:19
6,Starved,2026-03-19 00:11:18,2026-03-19 00:11:19
5,Starved,2026-03-19 00:11:19,2026-03-19 00:11:28
2,Running,2026-03-19 00:11:03,2026-03-19 00:11:58
2,Blocked,2026-03-19 00:11:58,2026-03-19 00:12:04
6,Running,2026-03-19 00:11:19,2026-03-19 00:12:18
5,Running,2026-03-19 00:11:28,2026-03-19 00:12:34
6,Starved,2026-03-19 00:12:18,2026-03-19 00:12:34
5,Starved,2026-03-19 00:12:34,2026-03-19 00:12:35
2,Running,2026-03-19 00:12:04,2026-03-19 00:12:58
2,Blocked,2026-03-19 00:12:58,2026-03-19 00:13:05
5,Running,2026-03-19 00:12:35,2026-03-19 00:13:26
5,Starved,2026-03-19 00:13:26,2026-03-19 00:13:39
2,Running,2026-03-19 00:13:05,2026-03-19 00:14:00
2,Blocked,2026-03-19 00:14:00,2026-03-19 00:14:08
5,Running,2026-03-19 00:13:39,2026-03-19 00:14:43
5,Starved,2026-03-19 00:14:43,2026-03-19 00:14:44
2,Running,2026-03-19 00:14:08,2026-03-19 00:15:04
2,Blocked,2026-03-19 00:15:04,2026-03-19 00:15:10
5,Running,2026-03-19 00:14:44,2026-03-19 00:15:44
5,Starved,2026-03-19 00:15:44,2026-03-19 00:15:47
2,Running,2026-03-19 00:15:10,2026-03-19 00:16:09
2,Blocked,2026-03-19 00:16:09,2026-03-19 00:16:12
6,Running,2026-03-19 00:12:34,2026-03-19 00:16:44
6,Starved,2026-03-19 00:16:44,2026-03-19 00:16:57
2,Running,2026-03-19 00:16:12,2026-03-19 00:17:05
2,Blocked,2026-03-19 00:17:05,2026-03-19 00:17:11
6,Running,2026-03-19 00:16:57,2026-03-19 00:17:53
6,Starved,2026-03-19 00:17:53,2026-03-19 00:18:03
5,Running,2026-03-19 00:15:47,2026-03-19 00:19:46
5,Starved,2026-03-19 00:19:46,2026-03-19 00:19:46
5,Running,2026-03-19 00:19:46,2026-03-19 00:20:39
5,Starved,2026-03-19 00:20:39,2026-03-19 00:20:55
2,Running,2026-03-19 00:17:11,2026-03-19 00:21:03
2,Blocked,2026-03-19 00:21:03,2026-03-19 00:21:06
5,Running,2026-03-19 00:20:55,2026-03-19 00:21:54
5,Starved,2026-03-19 00:21:54,2026-03-19 00:22:07
6,Running,2026-03-19 00:18:03,2026-03-19 00:22:49
5,Running,2026-03-19 00:22:07,2026-03-19 00:23:10
6,Starved,2026-03-19 00:22:49,2026-03-19 00:23:10
5,Starved,2026-03-19 00:23:10,2026-03-19 00:23:13
5,Running,2026-03-19 00:23:13,2026-03-19 00:24:06
5,Starved,2026-03-19 00:24:06,2026-03-19 00:24:43
6,Running,2026-03-19 00:23:10,2026-03-19 00:25:19
5,Running,2026-03-19 00:24:43,2026-03-19 00:25:47
6,Starved,2026-03-19 00:25:19,2026-03-19 00:25:47
5,Starved,2026-03-19 00:25:47,2026-03-19 00:26:03
6,Running,2026-03-19 00:25:47,2026-03-19 00:26:53
5,Running,2026-03-19 00:26:03,2026-03-19 00:27:13
6,Starved,2026-03-19 00:26:53,2026-03-19 00:27:13
5,Starved,2026-03-19 00:27:13,2026-03-19 00:27:19
2,Running,2026-03-19 00:21:06,2026-03-19 00:28:14
2,Blocked,2026-03-19 00:28:14,2026-03-19 00:28:24
5,Running,2026-03-19 00:27:19,2026-03-19 00:29:09
5,Starved,2026-03-19 00:29:09,2026-03-19 00:29:43
6,Running,2026-03-19 00:27:13,2026-03-19 00:30:04
6,Starved,2026-03-19 00:30:04,2026-03-19 00:30:41
5,Running,2026-03-19 00:29:43,2026-03-19 00:31:31
9,Running,2026-03-18 23:41:53,2026-03-19 00:31:32
5,Starved,2026-03-19 00:31:31,2026-03-19 00:31:40
5,Running,2026-03-19 00:31:40,2026-03-19 00:33:35
5,Starved,2026-03-19 00:33:35,2026-03-19 00:33:42
5,Running,2026-03-19 00:33:42,2026-03-19 00:34:36
5,Starved,2026-03-19 00:34:36,2026-03-19 00:35:03
6,Running,2026-03-19 00:30:41,2026-03-19 00:35:36
6,Starved,2026-03-19 00:35:36,2026-03-19 00:36:08
9,Down,2026-03-19 00:31:32,2026-03-19 00:36:43
5,Running,2026-03-19 00:35:03,2026-03-19 00:37:00
5,Starved,2026-03-19 00:37:00,2026-03-19 00:37:03
2,Running,2026-03-19 00:28:24,2026-03-19 00:37:07
2,Blocked,2026-03-19 00:37:07,2026-03-19 00:37:12
10,Running,2026-03-19 00:04:24,2026-03-19 00:37:27
10,Starved,2026-03-19 00:37:27,2026-03-19 00:37:34
6,Running,2026-03-19 00:36:08,2026-03-19 00:38:04
2,Running,2026-03-19 00:37:12,2026-03-19 00:38:06
2,Blocked,2026-03-19 00:38:06,2026-03-19 00:38:07
5,Running,2026-03-19 00:37:03,2026-03-19 00:38:08
6,Starved,2026-03-19 00:38:04,2026-03-19 00:38:08
5,Starved,2026-03-19 00:38:08,2026-03-19 00:38:22
2,Running,2026-03-19 00:38:07,2026-03-19 00:39:06
2,Blocked,2026-03-19 00:39:06,2026-03-19 00:39:08
6,Running,2026-03-19 00:38:08,2026-03-19 00:39:15
5,Running,2026-03-19 00:38:22,2026-03-19 00:39:20
6,Starved,2026-03-19 00:39:15,2026-03-19 00:39:20
10,Running,2026-03-19 00:37:34,2026-03-19 00:39:31
5,Starved,2026-03-19 00:39:20,2026-03-19 00:39:39
10,Starved,2026-03-19 00:39:31,2026-03-19 00:39:44
6,Running,2026-03-19 00:39:20,2026-03-19 00:40:14
6,Starved,2026-03-19 00:40:14,2026-03-19 00:40:43
10,Running,2026-03-19 00:39:44,2026-03-19 00:40:47
10,Starved,2026-03-19 00:40:47,2026-03-19 00:40:49
6,Running,2026-03-19 00:40:43,2026-03-19 00:41:45
10,Running,2026-03-19 00:40:49,2026-03-19 00:41:50
10,Starved,2026-03-19 00:41:50,2026-03-19 00:41:56
11,Running,2026-03-18 23:39:40,2026-03-19 00:43:09
5,Running,2026-03-19 00:39:39,2026-03-19 00:43:31
5,Starved,2026-03-19 00:43:31,2026-03-19 00:43:35
10,Running,2026-03-19 00:41:56,2026-03-19 00:43:55
10,Starved,2026-03-19 00:43:55,2026-03-19 00:43:56
1,Running,2026-03-18 23:22:12,2026-03-19 00:44:05
6,Down,2026-03-19 00:41:45,2026-03-19 00:44:27
10,Running,2026-03-19 00:43:56,2026-03-19 00:44:57
12,Running,2026-03-19 00:04:24,2026-03-19 00:45:42
11,Down,2026-03-19 00:43:09,2026-03-19 00:45:43
10,Blocked,2026-03-19 00:44:57,2026-03-19 00:45:43
10,Running,2026-03-19 00:45:43,2026-03-19 00:46:40
12,Starved,2026-03-19 00:45:42,2026-03-19 00:46:41
10,Blocked,2026-03-19 00:46:40,2026-03-19 00:46:41
5,Running,2026-03-19 00:43:35,2026-03-19 00:46:43
5,Starved,2026-03-19 00:46:43,2026-03-19 00:46:58
12,Running,2026-03-19 00:46:41,2026-03-19 00:47:33
12,Starved,2026-03-19 00:47:33,2026-03-19 00:47:36
5,Running,2026-03-19 00:46:58,2026-03-19 00:47:51
5,Starved,2026-03-19 00:47:51,2026-03-19 00:47:53
10,Running,2026-03-19 00:46:41,2026-03-19 00:48:29
10,Blocked,2026-03-19 00:48:29,2026-03-19 00:48:33
5,Running,2026-03-19 00:47:53,2026-03-19 00:49:06
5,Starved,2026-03-19 00:49:06,2026-03-19 00:49:10
2,Running,2026-03-19 00:39:08,2026-03-19 00:49:21
5,Running,2026-03-19 00:49:10,2026-03-19 00:50:08
5,Starved,2026-03-19 00:50:08,2026-03-19 00:50:23
5,Running,2026-03-19 00:50:23,2026-03-19 00:51:25
8,Running,2026-03-19 00:07:54,2026-03-19 00:51:29
10,Running,2026-03-19 00:48:33,2026-03-19 00:51:32
10,Blocked,2026-03-19 00:51:32,2026-03-19 00:51:34
5,Starved,2026-03-19 00:51:25,2026-03-19 00:51:39
1,Down,2026-03-19 00:44:05,2026-03-19 00:51:41
5,Running,2026-03-19 00:51:39,2026-03-19 00:52:32
10,Running,2026-03-19 00:51:34,2026-03-19 00:52:36
12,Running,2026-03-19 00:47:36,2026-03-19 00:52:39
2,Starved,2026-03-19 00:49:21,2026-03-19 00:52:41
3,Running,2026-03-19 00:00:27,2026-03-19 00:52:42
12,Starved,2026-03-19 00:52:39,2026-03-19 00:52:46
10,Blocked,2026-03-19 00:52:36,2026-03-19 00:52:46
5,Starved,2026-03-19 00:52:32,2026-03-19 00:53:03
3,Blocked,2026-03-19 00:52:42,2026-03-19 00:53:03
10,Running,2026-03-19 00:52:46,2026-03-19 00:53:38
12,Running,2026-03-19 00:52:46,2026-03-19 00:53:47
12,Starved,2026-03-19 00:53:47,2026-03-19 00:53:48
10,Blocked,2026-03-19 00:53:38,2026-03-19 00:53:48
3,Running,2026-03-19 00:53:03,2026-03-19 00:54:02
3,Blocked,2026-03-19 00:54:02,2026-03-19 00:54:13
10,Running,2026-03-19 00:53:48,2026-03-19 00:54:49
12,Running,2026-03-19 00:53:48,2026-03-19 00:54:51
12,Starved,2026-03-19 00:54:51,2026-03-19 00:54:55
10,Blocked,2026-03-19 00:54:49,2026-03-19 00:54:55
8,Down,2026-03-19 00:51:29,2026-03-19 00:55:28
2,Running,2026-03-19 00:52:41,2026-03-19 00:55:45
2,Starved,2026-03-19 00:55:45,2026-03-19 00:55:48
3,Running,2026-03-19 00:54:13,2026-03-19 00:56:06
3,Blocked,2026-03-19 00:56:06,2026-03-19 00:56:10
2,Running,2026-03-19 00:55:48,2026-03-19 00:56:45
2,Starved,2026-03-19 00:56:45,2026-03-19 00:56:58
2,Running,2026-03-19 00:56:58,2026-03-19 00:57:58
2,Starved,2026-03-19 00:57:58,2026-03-19 00:58:02
2,Running,2026-03-19 00:58:02,2026-03-19 00:58:54
1,Running,2026-03-19 00:51:41,2026-03-19 00:59:03
2,Starved,2026-03-19 00:58:54,2026-03-19 00:59:03
5,Running,2026-03-19 00:53:03,2026-03-19 01:00:17
2,Running,2026-03-19 00:59:03,2026-03-19 01:00:18
3,Running,2026-03-19 00:56:10,2026-03-19 01:00:25
5,Starved,2026-03-19 01:00:17,2026-03-19 01:00:43
3,Blocked,2026-03-19 01:00:25,2026-03-19 01:00:43
3,Running,2026-03-19 01:00:43,2026-03-19 01:01:41
5,Running,2026-03-19 01:00:43,2026-03-19 01:01:44
5,Starved,2026-03-19 01:01:44,2026-03-19 01:01:46
3,Blocked,2026-03-19 01:01:41,2026-03-19 01:01:46
12,Running,2026-03-19 00:54:55,2026-03-19 01:02:02
3,Running,2026-03-19 01:01:46,2026-03-19 01:02:42
5,Running,2026-03-19 01:01:46,2026-03-19 01:02:49
5,Starved,2026-03-19 01:02:49,2026-03-19 01:02:55
3,Blocked,2026-03-19 01:02:42,2026-03-19 01:02:55
3,Running,2026-03-19 01:02:55,2026-03-19 01:03:56
5,Running,2026-03-19 01:02:55,2026-03-19 01:04:04
12,Down,2026-03-19 01:02:02,2026-03-19 01:04:06
5,Starved,2026-03-19 01:04:04,2026-03-19 01:04:12
3,Blocked,2026-03-19 01:03:56,2026-03-19 01:04:12
1,Down,2026-03-19 00:59:03,2026-03-19 01:05:03
5,Running,2026-03-19 01:04:12,2026-03-19 01:05:10
3,Running,2026-03-19 01:04:12,2026-03-19 01:05:13
5,Starved,2026-03-19 01:05:10,2026-03-19 01:05:22
3,Blocked,2026-03-19 01:05:13,2026-03-19 01:05:22
2,Starved,2026-03-19 01:00:18,2026-03-19 01:06:01
6,Running,2026-03-19 00:44:27,2026-03-19 01:06:15
5,Running,2026-03-19 01:05:22,2026-03-19 01:06:17
6,Starved,2026-03-19 01:06:15,2026-03-19 01:06:17
3,Running,2026-03-19 01:05:22,2026-03-19 01:06:22
5,Starved,2026-03-19 01:06:17,2026-03-19 01:06:27
3,Blocked,2026-03-19 01:06:22,2026-03-19 01:06:27
2,Running,2026-03-19 01:06:01,2026-03-19 01:06:58
2,Starved,2026-03-19 01:06:58,2026-03-19 01:07:02
6,Running,2026-03-19 01:06:17,2026-03-19 01:07:12
3,Running,2026-03-19 01:06:27,2026-03-19 01:07:24
5,Running,2026-03-19 01:06:27,2026-03-19 01:07:26
6,Starved,2026-03-19 01:07:12,2026-03-19 01:07:26
5,Starved,2026-03-19 01:07:26,2026-03-19 01:07:27
3,Blocked,2026-03-19 01:07:24,2026-03-19 01:07:27
2,Running,2026-03-19 01:07:02,2026-03-19 01:07:54
2,Starved,2026-03-19 01:07:54,2026-03-19 01:07:57
3,Running,2026-03-19 01:07:27,2026-03-19 01:08:24
5,Running,2026-03-19 01:07:27,2026-03-19 01:08:31
5,Starved,2026-03-19 01:08:31,2026-03-19 01:08:35
3,Blocked,2026-03-19 01:08:24,2026-03-19 01:08:35
2,Running,2026-03-19 01:07:57,2026-03-19 01:08:51
2,Starved,2026-03-19 01:08:51,2026-03-19 01:09:04
6,Running,2026-03-19 01:07:26,2026-03-19 01:09:32
3,Running,2026-03-19 01:08:35,2026-03-19 01:09:35
5,Running,2026-03-19 01:08:35,2026-03-19 01:09:35
6,Starved,2026-03-19 01:09:32,2026-03-19 01:09:35
5,Starved,2026-03-19 01:09:35,2026-03-19 01:09:38
3,Blocked,2026-03-19 01:09:35,2026-03-19 01:09:38
7,Running,2026-03-18 23:31:17,2026-03-19 01:09:46
6,Running,2026-03-19 01:09:35,2026-03-19 01:10:34
5,Running,2026-03-19 01:09:38,2026-03-19 01:10:36
6,Starved,2026-03-19 01:10:34,2026-03-19 01:10:36
5,Starved,2026-03-19 01:10:36,2026-03-19 01:10:38
6,Running,2026-03-19 01:10:36,2026-03-19 01:11:35
5,Running,2026-03-19 01:10:38,2026-03-19 01:11:37
6,Starved,2026-03-19 01:11:35,2026-03-19 01:11:37
3,Running,2026-03-19 01:09:38,2026-03-19 01:11:42
5,Starved,2026-03-19 01:11:37,2026-03-19 01:11:48
3,Blocked,2026-03-19 01:11:42,2026-03-19 01:11:48
5,Running,2026-03-19 01:11:48,2026-03-19 01:12:44
5,Starved,2026-03-19 01:12:44,2026-03-19 01:12:49
10,Running,2026-03-19 00:54:55,2026-03-19 01:12:56
10,Starved,2026-03-19 01:12:56,2026-03-19 01:13:03
2,Running,2026-03-19 01:09:04,2026-03-19 01:13:05
2,Starved,2026-03-19 01:13:05,2026-03-19 01:13:12
6,Running,2026-03-19 01:11:37,2026-03-19 01:13:36
5,Running,2026-03-19 01:12:49,2026-03-19 01:13:49
6,Starved,2026-03-19 01:13:36,2026-03-19 01:13:49
3,Running,2026-03-19 01:11:48,2026-03-19 01:13:49
10,Running,2026-03-19 01:13:03,2026-03-19 01:14:03
2,Running,2026-03-19 01:13:12,2026-03-19 01:14:05
2,Starved,2026-03-19 01:14:05,2026-03-19 01:14:08
5,Starved,2026-03-19 01:13:49,2026-03-19 01:14:10
3,Blocked,2026-03-19 01:13:49,2026-03-19 01:14:10
6,Running,2026-03-19 01:13:49,2026-03-19 01:14:47
5,Running,2026-03-19 01:14:10,2026-03-19 01:14:57
6,Starved,2026-03-19 01:14:47,2026-03-19 01:14:57
3,Running,2026-03-19 01:14:10,2026-03-19 01:15:13
7,Down,2026-03-19 01:09:46,2026-03-19 01:15:17
5,Starved,2026-03-19 01:14:57,2026-03-19 01:15:18
3,Blocked,2026-03-19 01:15:13,2026-03-19 01:15:18
6,Running,2026-03-19 01:14:57,2026-03-19 01:16:00
6,Starved,2026-03-19 01:16:00,2026-03-19 01:16:31
6,Running,2026-03-19 01:16:31,2026-03-19 01:17:23
6,Starved,2026-03-19 01:17:23,2026-03-19 01:17:27
6,Running,2026-03-19 01:17:27,2026-03-19 01:18:22
5,Running,2026-03-19 01:15:18,2026-03-19 01:18:24
6,Starved,2026-03-19 01:18:22,2026-03-19 01:18:24
3,Running,2026-03-19 01:15:18,2026-03-19 01:18:25
5,Starved,2026-03-19 01:18:24,2026-03-19 01:18:43
3,Blocked,2026-03-19 01:18:25,2026-03-19 01:18:43
6,Running,2026-03-19 01:18:24,2026-03-19 01:19:24
3,Running,2026-03-19 01:18:43,2026-03-19 01:19:47
3,Blocked,2026-03-19 01:19:47,2026-03-19 01:19:49
6,Starved,2026-03-19 01:19:24,2026-03-19 01:19:50
3,Running,2026-03-19 01:19:49,2026-03-19 01:20:57
5,Running,2026-03-19 01:18:43,2026-03-19 01:21:46
5,Starved,2026-03-19 01:21:46,2026-03-19 01:22:01
9,Running,2026-03-19 00:36:43,2026-03-19 01:22:37
6,Running,2026-03-19 01:19:50,2026-03-19 01:22:51
5,Running,2026-03-19 01:22:01,2026-03-19 01:22:58
6,Starved,2026-03-19 01:22:51,2026-03-19 01:22:58
5,Starved,2026-03-19 01:22:58,2026-03-19 01:23:05
6,Running,2026-03-19 01:22:58,2026-03-19 01:24:00
5,Running,2026-03-19 01:23:05,2026-03-19 01:24:02
6,Starved,2026-03-19 01:24:00,2026-03-19 01:24:02
11,Running,2026-03-19 00:45:43,2026-03-19 01:24:10
5,Starved,2026-03-19 01:24:02,2026-03-19 01:24:12
10,Down,2026-03-19 01:14:03,2026-03-19 01:24:39
9,Blocked,2026-03-19 01:22:37,2026-03-19 01:24:39
3,Down,2026-03-19 01:20:57,2026-03-19 01:24:44
6,Running,2026-03-19 01:24:02,2026-03-19 01:25:04
5,Running,2026-03-19 01:24:12,2026-03-19 01:25:19
6,Starved,2026-03-19 01:25:04,2026-03-19 01:25:19
5,Starved,2026-03-19 01:25:19,2026-03-19 01:25:28
9,Running,2026-03-19 01:24:39,2026-03-19 01:25:37
11,Starved,2026-03-19 01:24:10,2026-03-19 01:25:41
9,Blocked,2026-03-19 01:25:37,2026-03-19 01:25:41
6,Running,2026-03-19 01:25:19,2026-03-19 01:26:22
5,Running,2026-03-19 01:25:28,2026-03-19 01:26:36
6,Starved,2026-03-19 01:26:22,2026-03-19 01:26:36
5,Starved,2026-03-19 01:26:36,2026-03-19 01:26:38
11,Running,2026-03-19 01:25:41,2026-03-19 01:26:41
11,Starved,2026-03-19 01:26:41,2026-03-19 01:26:42
8,Running,2026-03-19 00:55:28,2026-03-19 01:27:35
5,Running,2026-03-19 01:26:38,2026-03-19 01:27:40
11,Running,2026-03-19 01:26:42,2026-03-19 01:27:41
11,Starved,2026-03-19 01:27:41,2026-03-19 01:27:42
5,Starved,2026-03-19 01:27:40,2026-03-19 01:27:57
6,Running,2026-03-19 01:26:36,2026-03-19 01:28:36
11,Running,2026-03-19 01:27:42,2026-03-19 01:28:39
11,Starved,2026-03-19 01:28:39,2026-03-19 01:28:42
5,Running,2026-03-19 01:27:57,2026-03-19 01:29:02
6,Starved,2026-03-19 01:28:36,2026-03-19 01:29:02
5,Starved,2026-03-19 01:29:02,2026-03-19 01:29:25
11,Running,2026-03-19 01:28:42,2026-03-19 01:29:35
11,Starved,2026-03-19 01:29:35,2026-03-19 01:29:41
6,Running,2026-03-19 01:29:02,2026-03-19 01:30:02
5,Running,2026-03-19 01:29:25,2026-03-19 01:30:23
6,Starved,2026-03-19 01:30:02,2026-03-19 01:30:23
5,Starved,2026-03-19 01:30:23,2026-03-19 01:30:34
6,Running,2026-03-19 01:30:23,2026-03-19 01:31:22
5,Running,2026-03-19 01:30:34,2026-03-19 01:31:41
6,Starved,2026-03-19 01:31:22,2026-03-19 01:31:41
11,Running,2026-03-19 01:29:41,2026-03-19 01:31:42
11,Starved,2026-03-19 01:31:42,2026-03-19 01:31:45
5,Starved,2026-03-19 01:31:41,2026-03-19 01:31:55
6,Running,2026-03-19 01:31:41,2026-03-19 01:32:37
9,Down,2026-03-19 01:25:41,2026-03-19 01:32:50
8,Blocked,2026-03-19 01:27:35,2026-03-19 01:32:50
5,Running,2026-03-19 01:31:55,2026-03-19 01:32:55
6,Starved,2026-03-19 01:32:37,2026-03-19 01:32:55
5,Starved,2026-03-19 01:32:55,2026-03-19 01:33:09
6,Running,2026-03-19 01:32:55,2026-03-19 01:33:54
5,Running,2026-03-19 01:33:09,2026-03-19 01:34:07
6,Starved,2026-03-19 01:33:54,2026-03-19 01:34:07
5,Starved,2026-03-19 01:34:07,2026-03-19 01:34:11
8,Running,2026-03-19 01:32:50,2026-03-19 01:34:35
8,Blocked,2026-03-19 01:34:35,2026-03-19 01:34:43
6,Running,2026-03-19 01:34:07,2026-03-19 01:34:58
6,Starved,2026-03-19 01:34:58,2026-03-19 01:35:16
8,Running,2026-03-19 01:34:43,2026-03-19 01:35:46
8,Blocked,2026-03-19 01:35:46,2026-03-19 01:35:58
6,Running,2026-03-19 01:35:16,2026-03-19 01:36:11
6,Starved,2026-03-19 01:36:11,2026-03-19 01:36:23
11,Running,2026-03-19 01:31:45,2026-03-19 01:36:45
11,Starved,2026-03-19 01:36:45,2026-03-19 01:36:49
6,Running,2026-03-19 01:36:23,2026-03-19 01:37:13
6,Starved,2026-03-19 01:37:13,2026-03-19 01:37:28
11,Running,2026-03-19 01:36:49,2026-03-19 01:37:53
11,Starved,2026-03-19 01:37:53,2026-03-19 01:37:54
6,Running,2026-03-19 01:37:28,2026-03-19 01:38:20
5,Running,2026-03-19 01:34:11,2026-03-19 01:38:27
6,Starved,2026-03-19 01:38:20,2026-03-19 01:38:27
5,Starved,2026-03-19 01:38:27,2026-03-19 01:38:36
8,Running,2026-03-19 01:35:58,2026-03-19 01:38:48
8,Blocked,2026-03-19 01:38:48,2026-03-19 01:38:52
11,Running,2026-03-19 01:37:54,2026-03-19 01:39:04
11,Starved,2026-03-19 01:39:04,2026-03-19 01:39:09
6,Running,2026-03-19 01:38:27,2026-03-19 01:39:35
5,Running,2026-03-19 01:38:36,2026-03-19 01:39:36
6,Starved,2026-03-19 01:39:35,2026-03-19 01:39:36
5,Starved,2026-03-19 01:39:36,2026-03-19 01:39:36
11,Running,2026-03-19 01:39:09,2026-03-19 01:39:59
11,Starved,2026-03-19 01:39:59,2026-03-19 01:40:11
5,Running,2026-03-19 01:39:36,2026-03-19 01:40:31
5,Starved,2026-03-19 01:40:31,2026-03-19 01:41:00
12,Running,2026-03-19 01:04:06,2026-03-19 01:41:11
12,Starved,2026-03-19 01:41:11,2026-03-19 01:41:13
6,Running,2026-03-19 01:39:36,2026-03-19 01:41:30
5,Running,2026-03-19 01:41:00,2026-03-19 01:41:54
6,Starved,2026-03-19 01:41:30,2026-03-19 01:41:54
5,Starved,2026-03-19 01:41:54,2026-03-19 01:41:54
11,Running,2026-03-19 01:40:11,2026-03-19 01:42:14
11,Starved,2026-03-19 01:42:14,2026-03-19 01:42:18
5,Running,2026-03-19 01:41:54,2026-03-19 01:42:45
5,Starved,2026-03-19 01:42:45,2026-03-19 01:42:52
11,Running,2026-03-19 01:42:18,2026-03-19 01:43:14
11,Starved,2026-03-19 01:43:14,2026-03-19 01:43:22
6,Running,2026-03-19 01:41:54,2026-03-19 01:43:47
6,Starved,2026-03-19 01:43:47,2026-03-19 01:43:59
8,Running,2026-03-19 01:38:52,2026-03-19 01:44:00
8,Blocked,2026-03-19 01:44:00,2026-03-19 01:44:06
12,Running,2026-03-19 01:41:13,2026-03-19 01:44:13
11,Running,2026-03-19 01:43:22,2026-03-19 01:44:15
12,Starved,2026-03-19 01:44:13,2026-03-19 01:44:15
11,Starved,2026-03-19 01:44:15,2026-03-19 01:44:23
3,Running,2026-03-19 01:24:44,2026-03-19 01:44:54
6,Running,2026-03-19 01:43:59,2026-03-19 01:45:01
3,Blocked,2026-03-19 01:44:54,2026-03-19 01:45:10
6,Starved,2026-03-19 01:45:01,2026-03-19 01:45:11
12,Running,2026-03-19 01:44:15,2026-03-19 01:45:14
11,Running,2026-03-19 01:44:23,2026-03-19 01:45:23
12,Starved,2026-03-19 01:45:14,2026-03-19 01:45:23
11,Starved,2026-03-19 01:45:23,2026-03-19 01:45:28
5,Running,2026-03-19 01:42:52,2026-03-19 01:46:06
3,Running,2026-03-19 01:45:10,2026-03-19 01:46:11
5,Starved,2026-03-19 01:46:06,2026-03-19 01:46:12
3,Blocked,2026-03-19 01:46:11,2026-03-19 01:46:12
12,Running,2026-03-19 01:45:23,2026-03-19 01:46:20
11,Running,2026-03-19 01:45:28,2026-03-19 01:46:32
12,Starved,2026-03-19 01:46:20,2026-03-19 01:46:32
11,Starved,2026-03-19 01:46:32,2026-03-19 01:46:34
8,Running,2026-03-19 01:44:06,2026-03-19 01:47:03
3,Running,2026-03-19 01:46:12,2026-03-19 01:47:07
8,Blocked,2026-03-19 01:47:03,2026-03-19 01:47:07
6,Running,2026-03-19 01:45:11,2026-03-19 01:47:08
5,Running,2026-03-19 01:46:12,2026-03-19 01:47:10
6,Starved,2026-03-19 01:47:08,2026-03-19 01:47:10
11,Running,2026-03-19 01:46:34,2026-03-19 01:47:28
5,Starved,2026-03-19 01:47:10,2026-03-19 01:47:31
3,Blocked,2026-03-19 01:47:07,2026-03-19 01:47:31
11,Starved,2026-03-19 01:47:28,2026-03-19 01:47:36
6,Running,2026-03-19 01:47:10,2026-03-19 01:48:02
8,Running,2026-03-19 01:47:07,2026-03-19 01:48:04
8,Blocked,2026-03-19 01:48:04,2026-03-19 01:48:06
3,Running,2026-03-19 01:47:31,2026-03-19 01:48:27
11,Running,2026-03-19 01:47:36,2026-03-19 01:48:27
11,Starved,2026-03-19 01:48:27,2026-03-19 01:48:34
5,Running,2026-03-19 01:47:31,2026-03-19 01:48:37
6,Starved,2026-03-19 01:48:02,2026-03-19 01:48:37
5,Starved,2026-03-19 01:48:37,2026-03-19 01:48:39
3,Blocked,2026-03-19 01:48:27,2026-03-19 01:48:39
8,Running,2026-03-19 01:48:06,2026-03-19 01:49:08
8,Blocked,2026-03-19 01:49:08,2026-03-19 01:49:32
6,Running,2026-03-19 01:48:37,2026-03-19 01:49:33
12,Running,2026-03-19 01:46:32,2026-03-19 01:49:35
6,Starved,2026-03-19 01:49:33,2026-03-19 01:49:39
12,Starved,2026-03-19 01:49:35,2026-03-19 01:49:40
3,Running,2026-03-19 01:48:39,2026-03-19 01:50:29
6,Running,2026-03-19 01:49:39,2026-03-19 01:50:32
12,Running,2026-03-19 01:49:40,2026-03-19 01:50:40
12,Starved,2026-03-19 01:50:40,2026-03-19 01:50:44
5,Running,2026-03-19 01:48:39,2026-03-19 01:50:45
6,Starved,2026-03-19 01:50:32,2026-03-19 01:50:45
5,Starved,2026-03-19 01:50:45,2026-03-19 01:50:51
3,Blocked,2026-03-19 01:50:29,2026-03-19 01:50:51
8,Running,2026-03-19 01:49:32,2026-03-19 01:51:19
9,Running,2026-03-19 01:32:50,2026-03-19 01:51:41
3,Running,2026-03-19 01:50:51,2026-03-19 01:51:44
6,Running,2026-03-19 01:50:45,2026-03-19 01:51:45
3,Blocked,2026-03-19 01:51:44,2026-03-19 01:51:45
6,Starved,2026-03-19 01:51:45,2026-03-19 01:51:52
3,Running,2026-03-19 01:51:45,2026-03-19 01:52:36
9,Down,2026-03-19 01:51:41,2026-03-19 01:52:44
8,Blocked,2026-03-19 01:51:19,2026-03-19 01:52:44
6,Running,2026-03-19 01:51:52,2026-03-19 01:52:52
5,Running,2026-03-19 01:50:51,2026-03-19 01:52:59
6,Starved,2026-03-19 01:52:52,2026-03-19 01:52:59
5,Starved,2026-03-19 01:52:59,2026-03-19 01:53:12
3,Blocked,2026-03-19 01:52:36,2026-03-19 01:53:12
10,Running,2026-03-19 01:24:39,2026-03-19 01:53:25
10,Starved,2026-03-19 01:53:25,2026-03-19 01:53:43
6,Running,2026-03-19 01:52:59,2026-03-19 01:53:56
5,Running,2026-03-19 01:53:12,2026-03-19 01:54:11
6,Starved,2026-03-19 01:53:56,2026-03-19 01:54:11
3,Running,2026-03-19 01:53:12,2026-03-19 01:54:11
5,Starved,2026-03-19 01:54:11,2026-03-19 01:54:39
3,Blocked,2026-03-19 01:54:11,2026-03-19 01:54:39
11,Running,2026-03-19 01:48:34,2026-03-19 01:54:40
11,Starved,2026-03-19 01:54:40,2026-03-19 01:54:55
6,Running,2026-03-19 01:54:11,2026-03-19 01:55:12
5,Running,2026-03-19 01:54:39,2026-03-19 01:55:26
6,Starved,2026-03-19 01:55:12,2026-03-19 01:55:26
3,Running,2026-03-19 01:54:39,2026-03-19 01:55:39
11,Running,2026-03-19 01:54:55,2026-03-19 01:55:49
11,Starved,2026-03-19 01:55:49,2026-03-19 01:55:58
5,Starved,2026-03-19 01:55:26,2026-03-19 01:56:07
3,Blocked,2026-03-19 01:55:39,2026-03-19 01:56:07
6,Running,2026-03-19 01:55:26,2026-03-19 01:56:31
8,Running,2026-03-19 01:52:44,2026-03-19 01:56:48
11,Running,2026-03-19 01:55:58,2026-03-19 01:56:50
8,Blocked,2026-03-19 01:56:48,2026-03-19 01:56:52
11,Starved,2026-03-19 01:56:50,2026-03-19 01:57:01
5,Running,2026-03-19 01:56:07,2026-03-19 01:57:02
6,Starved,2026-03-19 01:56:31,2026-03-19 01:57:02
3,Running,2026-03-19 01:56:07,2026-03-19 01:57:05
5,Starved,2026-03-19 01:57:02,2026-03-19 01:57:16
3,Blocked,2026-03-19 01:57:05,2026-03-19 01:57:16
8,Running,2026-03-19 01:56:52,2026-03-19 01:57:49
12,Running,2026-03-19 01:50:44,2026-03-19 01:57:56
6,Running,2026-03-19 01:57:02,2026-03-19 01:58:02
11,Running,2026-03-19 01:57:01,2026-03-19 01:58:05
12,Starved,2026-03-19 01:57:56,2026-03-19 01:58:05
8,Blocked,2026-03-19 01:57:49,2026-03-19 01:58:11
3,Running,2026-03-19 01:57:16,2026-03-19 01:58:11
11,Starved,2026-03-19 01:58:05,2026-03-19 01:58:12
5,Running,2026-03-19 01:57:16,2026-03-19 01:58:17
6,Starved,2026-03-19 01:58:02,2026-03-19 01:58:17
5,Starved,2026-03-19 01:58:17,2026-03-19 01:58:20
3,Blocked,2026-03-19 01:58:11,2026-03-19 01:58:20
12,Running,2026-03-19 01:58:05,2026-03-19 01:59:03
11,Running,2026-03-19 01:58:12,2026-03-19 01:59:07
12,Starved,2026-03-19 01:59:03,2026-03-19 01:59:07
6,Running,2026-03-19 01:58:17,2026-03-19 01:59:11
8,Running,2026-03-19 01:58:11,2026-03-19 01:59:12
8,Blocked,2026-03-19 01:59:12,2026-03-19 01:59:15
5,Running,2026-03-19 01:58:20,2026-03-19 01:59:16
6,Starved,2026-03-19 01:59:11,2026-03-19 01:59:16
11,Starved,2026-03-19 01:59:07,2026-03-19 01:59:18
3,Running,2026-03-19 01:58:20,2026-03-19 01:59:27
5,Starved,2026-03-19 01:59:16,2026-03-19 01:59:48
3,Blocked,2026-03-19 01:59:27,2026-03-19 01:59:48
12,Running,2026-03-19 01:59:07,2026-03-19 02:00:01
11,Running,2026-03-19 01:59:18,2026-03-19 02:00:20
12,Starved,2026-03-19 02:00:01,2026-03-19 02:00:20
6,Running,2026-03-19 01:59:16,2026-03-19 02:00:21
6,Starved,2026-03-19 02:00:21,2026-03-19 02:00:58
12,Running,2026-03-19 02:00:20,2026-03-19 02:01:30
3,Running,2026-03-19 01:59:48,2026-03-19 02:01:49
6,Running,2026-03-19 02:00:58,2026-03-19 02:02:02
5,Running,2026-03-19 01:59:48,2026-03-19 02:02:03
6,Starved,2026-03-19 02:02:02,2026-03-19 02:02:03
5,Starved,2026-03-19 02:02:03,2026-03-19 02:02:10
3,Blocked,2026-03-19 02:01:49,2026-03-19 02:02:10
10,Running,2026-03-19 01:53:43,2026-03-19 02:03:10
6,Running,2026-03-19 02:02:03,2026-03-19 02:03:10
3,Running,2026-03-19 02:02:10,2026-03-19 02:03:10
10,Starved,2026-03-19 02:03:10,2026-03-19 02:03:13
5,Running,2026-03-19 02:02:10,2026-03-19 02:03:13
6,Starved,2026-03-19 02:03:10,2026-03-19 02:03:13
5,Starved,2026-03-19 02:03:13,2026-03-19 02:03:15
3,Blocked,2026-03-19 02:03:10,2026-03-19 02:03:15
3,Running,2026-03-19 02:03:15,2026-03-19 02:04:09
6,Running,2026-03-19 02:03:13,2026-03-19 02:04:14
5,Running,2026-03-19 02:03:15,2026-03-19 02:04:16
6,Starved,2026-03-19 02:04:14,2026-03-19 02:04:16
3,Blocked,2026-03-19 02:04:09,2026-03-19 02:04:21
6,Running,2026-03-19 02:04:16,2026-03-19 02:05:07
3,Running,2026-03-19 02:04:21,2026-03-19 02:05:22
3,Blocked,2026-03-19 02:05:22,2026-03-19 02:05:51
3,Running,2026-03-19 02:05:51,2026-03-19 02:07:55
3,Blocked,2026-03-19 02:07:55,2026-03-19 02:07:59
10,Running,2026-03-19 02:03:13,2026-03-19 02:09:11
3,Running,2026-03-19 02:07:59,2026-03-19 02:09:50
3,Blocked,2026-03-19 02:09:50,2026-03-19 02:09:58
8,Running,2026-03-19 01:59:15,2026-03-19 02:10:21
8,Blocked,2026-03-19 02:10:21,2026-03-19 02:10:22
3,Running,2026-03-19 02:09:58,2026-03-19 02:11:52
3,Blocked,2026-03-19 02:11:52,2026-03-19 02:12:28
3,Running,2026-03-19 02:12:28,2026-03-19 02:13:25
2,Running,2026-03-19 01:14:08,2026-03-19 02:13:40
3,Blocked,2026-03-19 02:13:25,2026-03-19 02:13:50
2,Blocked,2026-03-19 02:13:40,2026-03-19 02:13:50
8,Running,2026-03-19 02:10:22,2026-03-19 02:14:27
8,Blocked,2026-03-19 02:14:27,2026-03-19 02:14:35
3,Running,2026-03-19 02:13:50,2026-03-19 02:14:48
2,Running,2026-03-19 02:13:50,2026-03-19 02:14:52
3,Blocked,2026-03-19 02:14:48,2026-03-19 02:14:57
2,Blocked,2026-03-19 02:14:52,2026-03-19 02:14:57
2,Running,2026-03-19 02:14:57,2026-03-19 02:17:08
2,Blocked,2026-03-19 02:17:08,2026-03-19 02:17:08
9,Running,2026-03-19 01:52:44,2026-03-19 02:17:21
8,Running,2026-03-19 02:14:35,2026-03-19 02:17:38
2,Running,2026-03-19 02:17:08,2026-03-19 02:17:58
2,Blocked,2026-03-19 02:17:58,2026-03-19 02:18:19
2,Running,2026-03-19 02:18:19,2026-03-19 02:19:22
2,Blocked,2026-03-19 02:19:22,2026-03-19 02:19:32
4,Running,2026-03-18 23:06:01,2026-03-19 02:20:05
3,Running,2026-03-19 02:14:57,2026-03-19 02:20:27
2,Running,2026-03-19 02:19:32,2026-03-19 02:20:33
5,Down,2026-03-19 02:04:16,2026-03-19 02:21:50
4,Blocked,2026-03-19 02:20:05,2026-03-19 02:21:50
3,Blocked,2026-03-19 02:20:27,2026-03-19 02:21:50
2,Blocked,2026-03-19 02:20:33,2026-03-19 02:21:50
2,Running,2026-03-19 02:21:50,2026-03-19 02:22:51
6,Starved,2026-03-19 02:05:07,2026-03-19 02:22:56
3,Running,2026-03-19 02:21:50,2026-03-19 02:22:59
7,Running,2026-03-19 01:15:17,2026-03-19 02:23:01
3,Blocked,2026-03-19 02:22:59,2026-03-19 02:23:29
2,Blocked,2026-03-19 02:22:51,2026-03-19 02:23:29
6,Running,2026-03-19 02:22:56,2026-03-19 02:23:55
6,Starved,2026-03-19 02:23:55,2026-03-19 02:24:03
3,Running,2026-03-19 02:23:29,2026-03-19 02:25:24
3,Blocked,2026-03-19 02:25:24,2026-03-19 02:25:25
3,Running,2026-03-19 02:25:25,2026-03-19 02:26:24
2,Running,2026-03-19 02:23:29,2026-03-19 02:26:26
3,Blocked,2026-03-19 02:26:24,2026-03-19 02:26:30
2,Blocked,2026-03-19 02:26:26,2026-03-19 02:26:30
2,Running,2026-03-19 02:26:30,2026-03-19 02:27:32
3,Running,2026-03-19 02:26:30,2026-03-19 02:27:34
3,Blocked,2026-03-19 02:27:34,2026-03-19 02:27:39
2,Blocked,2026-03-19 02:27:32,2026-03-19 02:27:39
6,Running,2026-03-19 02:24:03,2026-03-19 02:28:07
6,Starved,2026-03-19 02:28:07,2026-03-19 02:28:14
2,Running,2026-03-19 02:27:39,2026-03-19 02:28:29
2,Blocked,2026-03-19 02:28:29,2026-03-19 02:28:42
3,Running,2026-03-19 02:27:39,2026-03-19 02:29:35
3,Blocked,2026-03-19 02:29:35,2026-03-19 02:29:39
11,Down,2026-03-19 02:00:20,2026-03-19 02:30:02
10,Blocked,2026-03-19 02:09:11,2026-03-19 02:30:02
12,Starved,2026-03-19 02:01:30,2026-03-19 02:31:08
3,Running,2026-03-19 02:29:39,2026-03-19 02:31:25
2,Running,2026-03-19 02:28:42,2026-03-19 02:31:41
3,Blocked,2026-03-19 02:31:25,2026-03-19 02:31:46
2,Blocked,2026-03-19 02:31:41,2026-03-19 02:31:46
12,Running,2026-03-19 02:31:08,2026-03-19 02:32:02
12,Starved,2026-03-19 02:32:02,2026-03-19 02:32:14
2,Running,2026-03-19 02:31:46,2026-03-19 02:32:52
2,Blocked,2026-03-19 02:32:52,2026-03-19 02:32:52
10,Down,2026-03-19 02:30:02,2026-03-19 02:33:24
9,Blocked,2026-03-19 02:17:21,2026-03-19 02:33:24
3,Running,2026-03-19 02:31:46,2026-03-19 02:33:43
3,Blocked,2026-03-19 02:33:43,2026-03-19 02:33:58
2,Running,2026-03-19 02:32:52,2026-03-19 02:34:57
2,Blocked,2026-03-19 02:34:57,2026-03-19 02:35:10
12,Running,2026-03-19 02:32:14,2026-03-19 02:35:12
12,Down,2026-03-19 02:35:12,2026-03-19 02:36:30
3,Running,2026-03-19 02:33:58,2026-03-19 02:37:03
3,Blocked,2026-03-19 02:37:03,2026-03-19 02:37:05
1,Running,2026-03-19 01:05:03,2026-03-19 02:37:07
2,Down,2026-03-19 02:35:10,2026-03-19 02:39:15
1,Blocked,2026-03-19 02:37:07,2026-03-19 02:39:15
3,Running,2026-03-19 02:37:05,2026-03-19 02:40:10
3,Blocked,2026-03-19 02:40:10,2026-03-19 02:40:19
3,Running,2026-03-19 02:40:19,2026-03-19 02:41:16
3,Blocked,2026-03-19 02:41:16,2026-03-19 02:41:19
9,Down,2026-03-19 02:33:24,2026-03-19 02:41:27
8,Blocked,2026-03-19 02:17:38,2026-03-19 02:41:27
7,Blocked,2026-03-19 02:23:01,2026-03-19 02:41:27
8,Running,2026-03-19 02:41:27,2026-03-19 02:42:15
3,Running,2026-03-19 02:41:19,2026-03-19 02:42:20
8,Blocked,2026-03-19 02:42:15,2026-03-19 02:42:24
3,Blocked,2026-03-19 02:42:20,2026-03-19 02:42:25
5,Running,2026-03-19 02:21:50,2026-03-19 02:42:44
5,Down,2026-03-19 02:42:44,2026-03-19 02:42:54
8,Running,2026-03-19 02:42:24,2026-03-19 02:43:16
8,Blocked,2026-03-19 02:43:16,2026-03-19 02:43:29
1,Running,2026-03-19 02:39:15,2026-03-19 02:44:05
1,Blocked,2026-03-19 02:44:05,2026-03-19 02:44:07
3,Running,2026-03-19 02:42:25,2026-03-19 02:45:17
3,Blocked,2026-03-19 02:45:17,2026-03-19 02:45:22
10,Running,2026-03-19 02:33:24,2026-03-19 02:45:35
10,Starved,2026-03-19 02:45:35,2026-03-19 02:45:41
3,Running,2026-03-19 02:45:22,2026-03-19 02:46:22
3,Blocked,2026-03-19 02:46:22,2026-03-19 02:46:30
1,Running,2026-03-19 02:44:07,2026-03-19 02:47:10
1,Blocked,2026-03-19 02:47:10,2026-03-19 02:47:14
3,Running,2026-03-19 02:46:30,2026-03-19 02:47:19
8,Running,2026-03-19 02:43:29,2026-03-19 02:47:39
10,Running,2026-03-19 02:45:41,2026-03-19 02:47:40
3,Blocked,2026-03-19 02:47:19,2026-03-19 02:47:40
10,Starved,2026-03-19 02:47:40,2026-03-19 02:47:52
8,Blocked,2026-03-19 02:47:39,2026-03-19 02:47:52
10,Running,2026-03-19 02:47:52,2026-03-19 02:48:48
8,Running,2026-03-19 02:47:52,2026-03-19 02:48:50
10,Starved,2026-03-19 02:48:48,2026-03-19 02:48:51
8,Blocked,2026-03-19 02:48:50,2026-03-19 02:48:51
3,Running,2026-03-19 02:47:40,2026-03-19 02:49:42
8,Running,2026-03-19 02:48:51,2026-03-19 02:49:54
3,Blocked,2026-03-19 02:49:42,2026-03-19 02:49:58
10,Running,2026-03-19 02:48:51,2026-03-19 02:50:00
10,Starved,2026-03-19 02:50:00,2026-03-19 02:50:14
8,Blocked,2026-03-19 02:49:54,2026-03-19 02:50:14
3,Running,2026-03-19 02:49:58,2026-03-19 02:50:55
10,Running,2026-03-19 02:50:14,2026-03-19 02:51:02
8,Running,2026-03-19 02:50:14,2026-03-19 02:51:10
10,Starved,2026-03-19 02:51:02,2026-03-19 02:51:21
8,Blocked,2026-03-19 02:51:10,2026-03-19 02:51:21
3,Blocked,2026-03-19 02:50:55,2026-03-19 02:51:22
3,Running,2026-03-19 02:51:22,2026-03-19 02:52:21
3,Blocked,2026-03-19 02:52:21,2026-03-19 02:52:39
10,Running,2026-03-19 02:51:21,2026-03-19 02:54:17
10,Starved,2026-03-19 02:54:17,2026-03-19 02:54:25
10,Running,2026-03-19 02:54:25,2026-03-19 02:55:24
8,Running,2026-03-19 02:51:21,2026-03-19 02:55:26
10,Starved,2026-03-19 02:55:24,2026-03-19 02:55:31
8,Blocked,2026-03-19 02:55:26,2026-03-19 02:55:31
3,Running,2026-03-19 02:52:39,2026-03-19 02:55:41
3,Blocked,2026-03-19 02:55:41,2026-03-19 02:55:48
10,Running,2026-03-19 02:55:31,2026-03-19 02:56:26
10,Starved,2026-03-19 02:56:26,2026-03-19 02:56:31
3,Running,2026-03-19 02:55:48,2026-03-19 02:56:42
3,Blocked,2026-03-19 02:56:42,2026-03-19 02:57:15
10,Running,2026-03-19 02:56:31,2026-03-19 02:57:27
10,Starved,2026-03-19 02:57:27,2026-03-19 02:57:28
3,Running,2026-03-19 02:57:15,2026-03-19 02:58:15
3,Blocked,2026-03-19 02:58:15,2026-03-19 02:58:19
10,Running,2026-03-19 02:57:28,2026-03-19 02:58:34
8,Running,2026-03-19 02:55:31,2026-03-19 02:58:35
10,Starved,2026-03-19 02:58:34,2026-03-19 02:58:59
8,Blocked,2026-03-19 02:58:35,2026-03-19 02:58:59
3,Running,2026-03-19 02:58:19,2026-03-19 02:59:12
3,Blocked,2026-03-19 02:59:12,2026-03-19 02:59:21
8,Running,2026-03-19 02:58:59,2026-03-19 02:59:57
10,Running,2026-03-19 02:58:59,2026-03-19 02:59:59
10,Starved,2026-03-19 02:59:59,2026-03-19 03:00:03
8,Blocked,2026-03-19 02:59:57,2026-03-19 03:00:03
8,Running,2026-03-19 03:00:03,2026-03-19 03:00:54
10,Running,2026-03-19 03:00:03,2026-03-19 03:01:04
10,Starved,2026-03-19 03:01:04,2026-03-19 03:01:13
8,Blocked,2026-03-19 03:00:54,2026-03-19 03:01:13
3,Running,2026-03-19 02:59:21,2026-03-19 03:01:27
3,Blocked,2026-03-19 03:01:27,2026-03-19 03:01:43
10,Running,2026-03-19 03:01:13,2026-03-19 03:02:02
8,Running,2026-03-19 03:01:13,2026-03-19 03:02:13
10,Starved,2026-03-19 03:02:02,2026-03-19 03:02:19
8,Blocked,2026-03-19 03:02:13,2026-03-19 03:02:19
3,Running,2026-03-19 03:01:43,2026-03-19 03:02:40
3,Blocked,2026-03-19 03:02:40,2026-03-19 03:02:43
8,Running,2026-03-19 03:02:19,2026-03-19 03:03:19
10,Running,2026-03-19 03:02:19,2026-03-19 03:03:27
10,Starved,2026-03-19 03:03:27,2026-03-19 03:03:34
8,Blocked,2026-03-19 03:03:19,2026-03-19 03:03:34
3,Running,2026-03-19 03:02:43,2026-03-19 03:03:38
3,Blocked,2026-03-19 03:03:38,2026-03-19 03:03:47
3,Running,2026-03-19 03:03:47,2026-03-19 03:04:39
3,Blocked,2026-03-19 03:04:39,2026-03-19 03:05:02
8,Running,2026-03-19 03:03:34,2026-03-19 03:05:29
10,Running,2026-03-19 03:03:34,2026-03-19 03:05:35
10,Starved,2026-03-19 03:05:35,2026-03-19 03:05:36
8,Blocked,2026-03-19 03:05:29,2026-03-19 03:05:36
3,Running,2026-03-19 03:05:02,2026-03-19 03:06:12
8,Running,2026-03-19 03:05:36,2026-03-19 03:06:28
2,Running,2026-03-19 02:39:15,2026-03-19 03:06:37
8,Blocked,2026-03-19 03:06:28,2026-03-19 03:06:40
3,Blocked,2026-03-19 03:06:12,2026-03-19 03:06:40
2,Blocked,2026-03-19 03:06:37,2026-03-19 03:06:40
8,Running,2026-03-19 03:06:40,2026-03-19 03:07:36
3,Running,2026-03-19 03:06:40,2026-03-19 03:07:38
2,Running,2026-03-19 03:06:40,2026-03-19 03:07:39
8,Blocked,2026-03-19 03:07:36,2026-03-19 03:07:40
3,Blocked,2026-03-19 03:07:38,2026-03-19 03:07:42
2,Blocked,2026-03-19 03:07:39,2026-03-19 03:07:42
8,Running,2026-03-19 03:07:40,2026-03-19 03:08:33
10,Running,2026-03-19 03:05:36,2026-03-19 03:08:39
10,Starved,2026-03-19 03:08:39,2026-03-19 03:08:41
8,Blocked,2026-03-19 03:08:33,2026-03-19 03:08:41
3,Running,2026-03-19 03:07:42,2026-03-19 03:08:44
2,Running,2026-03-19 03:07:42,2026-03-19 03:08:46
3,Blocked,2026-03-19 03:08:44,2026-03-19 03:08:46
2,Blocked,2026-03-19 03:08:46,2026-03-19 03:08:46
8,Running,2026-03-19 03:08:41,2026-03-19 03:09:28
8,Blocked,2026-03-19 03:09:28,2026-03-19 03:09:32
2,Running,2026-03-19 03:08:46,2026-03-19 03:09:42
3,Running,2026-03-19 03:08:46,2026-03-19 03:09:47
3,Blocked,2026-03-19 03:09:47,2026-03-19 03:09:51
2,Blocked,2026-03-19 03:09:42,2026-03-19 03:09:51
8,Running,2026-03-19 03:09:32,2026-03-19 03:10:29
12,Running,2026-03-19 02:36:30,2026-03-19 03:10:42
8,Blocked,2026-03-19 03:10:29,2026-03-19 03:10:42
2,Running,2026-03-19 03:09:51,2026-03-19 03:10:44
11,Running,2026-03-19 02:30:02,2026-03-19 03:10:50
12,Starved,2026-03-19 03:10:42,2026-03-19 03:10:50
2,Blocked,2026-03-19 03:10:44,2026-03-19 03:10:52
10,Running,2026-03-19 03:08:41,2026-03-19 03:11:43
8,Running,2026-03-19 03:10:42,2026-03-19 03:11:45
3,Running,2026-03-19 03:09:51,2026-03-19 03:11:46
12,Running,2026-03-19 03:10:50,2026-03-19 03:11:50
2,Running,2026-03-19 03:10:52,2026-03-19 03:11:55
3,Blocked,2026-03-19 03:11:46,2026-03-19 03:12:01
2,Blocked,2026-03-19 03:11:55,2026-03-19 03:12:01
10,Starved,2026-03-19 03:11:43,2026-03-19 03:12:04
8,Blocked,2026-03-19 03:11:45,2026-03-19 03:12:04
5,Running,2026-03-19 02:42:54,2026-03-19 03:12:56
3,Running,2026-03-19 03:12:01,2026-03-19 03:12:58
3,Blocked,2026-03-19 03:12:58,2026-03-19 03:13:00
8,Running,2026-03-19 03:12:04,2026-03-19 03:13:11
10,Running,2026-03-19 03:12:04,2026-03-19 03:13:12
10,Starved,2026-03-19 03:13:12,2026-03-19 03:13:24
8,Blocked,2026-03-19 03:13:11,2026-03-19 03:13:24
6,Running,2026-03-19 02:28:14,2026-03-19 03:13:57
2,Running,2026-03-19 03:12:01,2026-03-19 03:13:57
3,Running,2026-03-19 03:13:00,2026-03-19 03:13:58
3,Blocked,2026-03-19 03:13:58,2026-03-19 03:14:07
2,Blocked,2026-03-19 03:13:57,2026-03-19 03:14:07
10,Running,2026-03-19 03:13:24,2026-03-19 03:14:26
8,Running,2026-03-19 03:13:24,2026-03-19 03:14:28
10,Starved,2026-03-19 03:14:26,2026-03-19 03:14:31
8,Blocked,2026-03-19 03:14:28,2026-03-19 03:14:31
5,Down,2026-03-19 03:12:56,2026-03-19 03:14:42
2,Running,2026-03-19 03:14:07,2026-03-19 03:15:14
2,Blocked,2026-03-19 03:15:14,2026-03-19 03:15:18
10,Running,2026-03-19 03:14:31,2026-03-19 03:15:24
8,Running,2026-03-19 03:14:31,2026-03-19 03:15:24
11,Down,2026-03-19 03:10:50,2026-03-19 03:15:24
9,Running,2026-03-19 02:41:27,2026-03-19 03:15:35
10,Starved,2026-03-19 03:15:24,2026-03-19 03:15:35
6,Starved,2026-03-19 03:13:57,2026-03-19 03:15:42
2,Running,2026-03-19 03:15:18,2026-03-19 03:16:16
2,Blocked,2026-03-19 03:16:16,2026-03-19 03:16:18
12,Starved,2026-03-19 03:11:50,2026-03-19 03:16:24
10,Running,2026-03-19 03:15:35,2026-03-19 03:16:34
7,Running,2026-03-19 02:41:27,2026-03-19 03:17:14
11,Running,2026-03-19 03:15:24,2026-03-19 03:17:14
3,Running,2026-03-19 03:14:07,2026-03-19 03:17:17
1,Running,2026-03-19 02:47:14,2026-03-19 03:17:17
3,Blocked,2026-03-19 03:17:17,2026-03-19 03:17:17
1,Blocked,2026-03-19 03:17:17,2026-03-19 03:17:23
12,Running,2026-03-19 03:16:24,2026-03-19 03:18:08
3,Running,2026-03-19 03:17:17,2026-03-19 03:18:09
2,Running,2026-03-19 03:16:18,2026-03-19 03:18:15
1,Running,2026-03-19 03:17:23,2026-03-19 03:18:20
3,Blocked,2026-03-19 03:18:09,2026-03-19 03:18:25
2,Blocked,2026-03-19 03:18:15,2026-03-19 03:18:25
1,Blocked,2026-03-19 03:18:20,2026-03-19 03:18:25
1,Running,2026-03-19 03:18:25,2026-03-19 03:19:29
3,Running,2026-03-19 03:18:25,2026-03-19 03:19:30
2,Running,2026-03-19 03:18:25,2026-03-19 03:19:31
3,Blocked,2026-03-19 03:19:30,2026-03-19 03:19:39
2,Blocked,2026-03-19 03:19:31,2026-03-19 03:19:39
1,Blocked,2026-03-19 03:19:29,2026-03-19 03:19:39
2,Running,2026-03-19 03:19:39,2026-03-19 03:20:35
1,Running,2026-03-19 03:19:39,2026-03-19 03:20:36
3,Running,2026-03-19 03:19:39,2026-03-19 03:20:39
3,Blocked,2026-03-19 03:20:39,2026-03-19 03:20:49
2,Blocked,2026-03-19 03:20:35,2026-03-19 03:20:49
1,Blocked,2026-03-19 03:20:36,2026-03-19 03:20:49
2,Running,2026-03-19 03:20:49,2026-03-19 03:21:40
2,Blocked,2026-03-19 03:21:40,2026-03-19 03:21:49
3,Running,2026-03-19 03:20:49,2026-03-19 03:23:46
2,Running,2026-03-19 03:21:49,2026-03-19 03:23:46
3,Blocked,2026-03-19 03:23:46,2026-03-19 03:23:46
2,Blocked,2026-03-19 03:23:46,2026-03-19 03:23:46
2,Running,2026-03-19 03:23:46,2026-03-19 03:24:48
2,Blocked,2026-03-19 03:24:48,2026-03-19 03:24:49
9,Down,2026-03-19 03:15:35,2026-03-19 03:24:49
8,Blocked,2026-03-19 03:15:24,2026-03-19 03:24:49
7,Blocked,2026-03-19 03:17:14,2026-03-19 03:24:49
8,Running,2026-03-19 03:24:49,2026-03-19 03:25:48
3,Running,2026-03-19 03:23:46,2026-03-19 03:25:50
3,Blocked,2026-03-19 03:25:50,2026-03-19 03:25:54
7,Running,2026-03-19 03:24:49,2026-03-19 03:25:55
10,Starved,2026-03-19 03:16:34,2026-03-19 03:26:11
8,Blocked,2026-03-19 03:25:48,2026-03-19 03:26:11
7,Blocked,2026-03-19 03:25:55,2026-03-19 03:26:11
3,Running,2026-03-19 03:25:54,2026-03-19 03:26:48
1,Running,2026-03-19 03:20:49,2026-03-19 03:26:52
2,Running,2026-03-19 03:24:49,2026-03-19 03:27:02
3,Blocked,2026-03-19 03:26:48,2026-03-19 03:27:02
2,Blocked,2026-03-19 03:27:02,2026-03-19 03:27:02
1,Blocked,2026-03-19 03:26:52,2026-03-19 03:27:02
6,Running,2026-03-19 03:15:42,2026-03-19 03:27:04
10,Running,2026-03-19 03:26:11,2026-03-19 03:27:07
7,Running,2026-03-19 03:26:11,2026-03-19 03:27:09
8,Running,2026-03-19 03:26:11,2026-03-19 03:27:11
10,Starved,2026-03-19 03:27:07,2026-03-19 03:27:14
8,Blocked,2026-03-19 03:27:11,2026-03-19 03:27:14
7,Blocked,2026-03-19 03:27:09,2026-03-19 03:27:14
6,Starved,2026-03-19 03:27:04,2026-03-19 03:27:20
1,Running,2026-03-19 03:27:02,2026-03-19 03:27:56
3,Running,2026-03-19 03:27:02,2026-03-19 03:28:01
8,Running,2026-03-19 03:27:14,2026-03-19 03:28:09
2,Running,2026-03-19 03:27:02,2026-03-19 03:28:10
10,Running,2026-03-19 03:27:14,2026-03-19 03:28:19
7,Running,2026-03-19 03:27:14,2026-03-19 03:28:20
3,Blocked,2026-03-19 03:28:01,2026-03-19 03:28:20
2,Blocked,2026-03-19 03:28:10,2026-03-19 03:28:20
1,Blocked,2026-03-19 03:27:56,2026-03-19 03:28:20
8,Blocked,2026-03-19 03:28:09,2026-03-19 03:28:23
7,Blocked,2026-03-19 03:28:20,2026-03-19 03:28:23
3,Running,2026-03-19 03:28:20,2026-03-19 03:29:13
2,Running,2026-03-19 03:28:20,2026-03-19 03:29:23
8,Running,2026-03-19 03:28:23,2026-03-19 03:29:24
1,Running,2026-03-19 03:28:20,2026-03-19 03:29:25
8,Blocked,2026-03-19 03:29:24,2026-03-19 03:29:28
3,Blocked,2026-03-19 03:29:13,2026-03-19 03:29:30
2,Blocked,2026-03-19 03:29:23,2026-03-19 03:29:30
1,Blocked,2026-03-19 03:29:25,2026-03-19 03:29:30
8,Running,2026-03-19 03:29:28,2026-03-19 03:30:21
2,Running,2026-03-19 03:29:30,2026-03-19 03:30:31
3,Running,2026-03-19 03:29:30,2026-03-19 03:30:31
8,Blocked,2026-03-19 03:30:21,2026-03-19 03:30:31
1,Running,2026-03-19 03:29:30,2026-03-19 03:30:47
11,Down,2026-03-19 03:17:14,2026-03-19 03:30:52
10,Blocked,2026-03-19 03:28:19,2026-03-19 03:30:52
3,Blocked,2026-03-19 03:30:31,2026-03-19 03:30:55
2,Blocked,2026-03-19 03:30:31,2026-03-19 03:30:55
1,Blocked,2026-03-19 03:30:47,2026-03-19 03:30:55
8,Running,2026-03-19 03:30:31,2026-03-19 03:31:29
12,Starved,2026-03-19 03:18:08,2026-03-19 03:31:43
8,Blocked,2026-03-19 03:31:29,2026-03-19 03:31:46
1,Running,2026-03-19 03:30:55,2026-03-19 03:31:48
3,Running,2026-03-19 03:30:55,2026-03-19 03:31:52
3,Blocked,2026-03-19 03:31:52,2026-03-19 03:32:00
1,Blocked,2026-03-19 03:31:48,2026-03-19 03:32:02
8,Running,2026-03-19 03:31:46,2026-03-19 03:32:43
8,Blocked,2026-03-19 03:32:43,2026-03-19 03:32:46
3,Running,2026-03-19 03:32:00,2026-03-19 03:32:53
1,Running,2026-03-19 03:32:02,2026-03-19 03:32:53
2,Running,2026-03-19 03:30:55,2026-03-19 03:33:02
3,Blocked,2026-03-19 03:32:53,2026-03-19 03:33:28
2,Blocked,2026-03-19 03:33:02,2026-03-19 03:33:28
1,Blocked,2026-03-19 03:32:53,2026-03-19 03:33:28
8,Running,2026-03-19 03:32:46,2026-03-19 03:33:43
9,Running,2026-03-19 03:24:49,2026-03-19 03:33:49
9,Down,2026-03-19 03:33:49,2026-03-19 03:34:02
8,Blocked,2026-03-19 03:33:43,2026-03-19 03:34:02
1,Running,2026-03-19 03:33:28,2026-03-19 03:34:26
3,Running,2026-03-19 03:33:28,2026-03-19 03:34:26
2,Running,2026-03-19 03:33:28,2026-03-19 03:34:33
4,Running,2026-03-19 02:21:50,2026-03-19 03:34:33
8,Running,2026-03-19 03:34:02,2026-03-19 03:38:11
4,Down,2026-03-19 03:34:33,2026-03-19 03:38:16
3,Blocked,2026-03-19 03:34:26,2026-03-19 03:38:16
2,Blocked,2026-03-19 03:34:33,2026-03-19 03:38:16
1,Blocked,2026-03-19 03:34:26,2026-03-19 03:38:16
8,Blocked,2026-03-19 03:38:11,2026-03-19 03:38:17
3,Running,2026-03-19 03:38:16,2026-03-19 03:39:15
8,Running,2026-03-19 03:38:17,2026-03-19 03:39:16
2,Running,2026-03-19 03:38:16,2026-03-19 03:39:23
1,Running,2026-03-19 03:38:16,2026-03-19 03:39:25
8,Blocked,2026-03-19 03:39:16,2026-03-19 03:39:33
3,Blocked,2026-03-19 03:39:15,2026-03-19 03:39:34
2,Blocked,2026-03-19 03:39:23,2026-03-19 03:39:34
1,Blocked,2026-03-19 03:39:25,2026-03-19 03:39:34
1,Running,2026-03-19 03:39:34,2026-03-19 03:40:31
9,Running,2026-03-19 03:34:02,2026-03-19 03:40:32
8,Running,2026-03-19 03:39:33,2026-03-19 03:40:33
2,Running,2026-03-19 03:39:34,2026-03-19 03:40:37
7,Running,2026-03-19 03:28:23,2026-03-19 03:40:38
2,Blocked,2026-03-19 03:40:37,2026-03-19 03:40:39
1,Blocked,2026-03-19 03:40:31,2026-03-19 03:40:39
3,Running,2026-03-19 03:39:34,2026-03-19 03:41:33
2,Running,2026-03-19 03:40:39,2026-03-19 03:41:42
1,Running,2026-03-19 03:40:39,2026-03-19 03:41:43
3,Blocked,2026-03-19 03:41:33,2026-03-19 03:41:47
10,Running,2026-03-19 03:30:52,2026-03-19 03:43:13
9,Down,2026-03-19 03:40:32,2026-03-19 03:49:44
8,Blocked,2026-03-19 03:40:33,2026-03-19 03:49:44
7,Blocked,2026-03-19 03:40:38,2026-03-19 03:49:44
10,Starved,2026-03-19 03:43:13,2026-03-19 03:50:40
7,Down,2026-03-19 03:49:44,2026-03-19 03:51:08
3,Down,2026-03-19 03:41:47,2026-03-19 03:52:00
2,Blocked,2026-03-19 03:41:42,2026-03-19 03:52:00
1,Blocked,2026-03-19 03:41:43,2026-03-19 03:52:00
4,Running,2026-03-19 03:38:16,2026-03-19 03:52:28
8,Running,2026-03-19 03:49:44,2026-03-19 03:52:40
8,Blocked,2026-03-19 03:52:40,2026-03-19 03:52:43
1,Running,2026-03-19 03:52:00,2026-03-19 03:52:55
2,Running,2026-03-19 03:52:00,2026-03-19 03:52:59
4,Starved,2026-03-19 03:52:28,2026-03-19 03:53:01
2,Blocked,2026-03-19 03:52:59,2026-03-19 03:53:01
1,Blocked,2026-03-19 03:52:55,2026-03-19 03:53:01
8,Running,2026-03-19 03:52:43,2026-03-19 03:53:41
8,Blocked,2026-03-19 03:53:41,2026-03-19 03:53:45
8,Running,2026-03-19 03:53:45,2026-03-19 03:54:43
10,Running,2026-03-19 03:50:40,2026-03-19 03:54:45
10,Starved,2026-03-19 03:54:45,2026-03-19 03:54:47
8,Blocked,2026-03-19 03:54:43,2026-03-19 03:54:47
2,Running,2026-03-19 03:53:01,2026-03-19 03:54:50
2,Blocked,2026-03-19 03:54:50,2026-03-19 03:54:58
10,Running,2026-03-19 03:54:47,2026-03-19 03:55:44
8,Running,2026-03-19 03:54:47,2026-03-19 03:55:52
2,Running,2026-03-19 03:54:58,2026-03-19 03:55:55
10,Starved,2026-03-19 03:55:44,2026-03-19 03:56:02
8,Blocked,2026-03-19 03:55:52,2026-03-19 03:56:02
2,Blocked,2026-03-19 03:55:55,2026-03-19 03:56:04
2,Running,2026-03-19 03:56:04,2026-03-19 03:57:06
10,Running,2026-03-19 03:56:02,2026-03-19 03:57:07
8,Running,2026-03-19 03:56:02,2026-03-19 03:57:09
10,Starved,2026-03-19 03:57:07,2026-03-19 03:57:10
8,Blocked,2026-03-19 03:57:09,2026-03-19 03:57:10
2,Blocked,2026-03-19 03:57:06,2026-03-19 03:57:11
8,Running,2026-03-19 03:57:10,2026-03-19 03:57:58
10,Running,2026-03-19 03:57:10,2026-03-19 03:58:04
10,Starved,2026-03-19 03:58:04,2026-03-19 03:58:19
8,Blocked,2026-03-19 03:57:58,2026-03-19 03:58:19
12,Running,2026-03-19 03:31:43,2026-03-19 03:58:34
12,Starved,2026-03-19 03:58:34,2026-03-19 03:58:38
12,Running,2026-03-19 03:58:38,2026-03-19 03:59:30
12,Starved,2026-03-19 03:59:30,2026-03-19 03:59:38
2,Running,2026-03-19 03:57:11,2026-03-19 03:59:54
2,Blocked,2026-03-19 03:59:54,2026-03-19 04:00:00
12,Running,2026-03-19 03:59:38,2026-03-19 04:00:32
12,Starved,2026-03-19 04:00:32,2026-03-19 04:00:39
1,Running,2026-03-19 03:53:01,2026-03-19 04:01:11
1,Down,2026-03-19 04:01:11,2026-03-19 04:01:17
12,Running,2026-03-19 04:00:39,2026-03-19 04:01:39
12,Starved,2026-03-19 04:01:39,2026-03-19 04:01:44
12,Running,2026-03-19 04:01:44,2026-03-19 04:02:42
12,Starved,2026-03-19 04:02:42,2026-03-19 04:02:50
10,Running,2026-03-19 03:58:19,2026-03-19 04:03:09
10,Starved,2026-03-19 04:03:09,2026-03-19 04:03:11
2,Running,2026-03-19 04:00:00,2026-03-19 04:05:10
2,Blocked,2026-03-19 04:05:10,2026-03-19 04:05:12
2,Running,2026-03-19 04:05:12,2026-03-19 04:06:08
2,Blocked,2026-03-19 04:06:08,2026-03-19 04:06:17
2,Running,2026-03-19 04:06:17,2026-03-19 04:08:21
1,Running,2026-03-19 04:01:17,2026-03-19 04:08:22
2,Blocked,2026-03-19 04:08:21,2026-03-19 04:08:25
1,Blocked,2026-03-19 04:08:22,2026-03-19 04:08:25
1,Running,2026-03-19 04:08:25,2026-03-19 04:09:27
1,Blocked,2026-03-19 04:09:27,2026-03-19 04:09:31
11,Running,2026-03-19 03:30:52,2026-03-19 04:10:41
11,Starved,2026-03-19 04:10:41,2026-03-19 04:10:48
6,Running,2026-03-19 03:27:20,2026-03-19 04:11:25
6,Starved,2026-03-19 04:11:25,2026-03-19 04:11:25
7,Running,2026-03-19 03:51:08,2026-03-19 04:11:30
12,Running,2026-03-19 04:02:50,2026-03-19 04:11:46
12,Starved,2026-03-19 04:11:46,2026-03-19 04:11:51
2,Running,2026-03-19 04:08:25,2026-03-19 04:12:24
2,Blocked,2026-03-19 04:12:24,2026-03-19 04:12:27
6,Running,2026-03-19 04:11:25,2026-03-19 04:13:17
2,Running,2026-03-19 04:12:27,2026-03-19 04:13:20
6,Starved,2026-03-19 04:13:17,2026-03-19 04:13:29
2,Blocked,2026-03-19 04:13:20,2026-03-19 04:13:30
8,Running,2026-03-19 03:58:19,2026-03-19 04:13:36
8,Blocked,2026-03-19 04:13:36,2026-03-19 04:13:36
12,Running,2026-03-19 04:11:51,2026-03-19 04:13:45
11,Running,2026-03-19 04:10:48,2026-03-19 04:13:45
12,Starved,2026-03-19 04:13:45,2026-03-19 04:13:45
11,Starved,2026-03-19 04:13:45,2026-03-19 04:13:50
12,Running,2026-03-19 04:13:45,2026-03-19 04:14:46
12,Starved,2026-03-19 04:14:46,2026-03-19 04:14:53
2,Running,2026-03-19 04:13:30,2026-03-19 04:15:29
2,Blocked,2026-03-19 04:15:29,2026-03-19 04:15:36
12,Running,2026-03-19 04:14:53,2026-03-19 04:15:52
12,Starved,2026-03-19 04:15:52,2026-03-19 04:15:54
10,Running,2026-03-19 04:03:11,2026-03-19 04:16:44
8,Running,2026-03-19 04:13:36,2026-03-19 04:17:36
9,Running,2026-03-19 03:49:44,2026-03-19 04:17:38
12,Running,2026-03-19 04:15:54,2026-03-19 04:17:54
11,Running,2026-03-19 04:13:50,2026-03-19 04:17:57
12,Starved,2026-03-19 04:17:54,2026-03-19 04:17:57
7,Down,2026-03-19 04:11:30,2026-03-19 04:18:11
6,Running,2026-03-19 04:13:29,2026-03-19 04:18:28
12,Running,2026-03-19 04:17:57,2026-03-19 04:18:55
10,Down,2026-03-19 04:16:44,2026-03-19 04:19:06
11,Starved,2026-03-19 04:17:57,2026-03-19 04:20:04
6,Down,2026-03-19 04:18:28,2026-03-19 04:20:28
11,Running,2026-03-19 04:20:04,2026-03-19 04:20:54
12,Starved,2026-03-19 04:18:55,2026-03-19 04:20:54
10,Running,2026-03-19 04:19:06,2026-03-19 04:21:03
11,Starved,2026-03-19 04:20:54,2026-03-19 04:21:03
9,Down,2026-03-19 04:17:38,2026-03-19 04:21:44
8,Blocked,2026-03-19 04:17:36,2026-03-19 04:21:44
12,Running,2026-03-19 04:20:54,2026-03-19 04:21:51
11,Running,2026-03-19 04:21:03,2026-03-19 04:21:55
12,Starved,2026-03-19 04:21:51,2026-03-19 04:21:55
10,Starved,2026-03-19 04:21:03,2026-03-19 04:22:37
12,Running,2026-03-19 04:21:55,2026-03-19 04:22:55
10,Running,2026-03-19 04:22:37,2026-03-19 04:23:34
11,Starved,2026-03-19 04:21:55,2026-03-19 04:23:34
10,Starved,2026-03-19 04:23:34,2026-03-19 04:23:40
10,Running,2026-03-19 04:23:40,2026-03-19 04:24:37
12,Starved,2026-03-19 04:22:55,2026-03-19 04:24:37
10,Starved,2026-03-19 04:24:37,2026-03-19 04:24:42
5,Running,2026-03-19 03:14:42,2026-03-19 04:25:22
12,Running,2026-03-19 04:24:37,2026-03-19 04:25:31
8,Running,2026-03-19 04:21:44,2026-03-19 04:25:35
11,Running,2026-03-19 04:23:34,2026-03-19 04:25:38
12,Starved,2026-03-19 04:25:31,2026-03-19 04:25:38
10,Running,2026-03-19 04:24:42,2026-03-19 04:25:39
11,Starved,2026-03-19 04:25:38,2026-03-19 04:25:39
5,Starved,2026-03-19 04:25:22,2026-03-19 04:25:52
10,Starved,2026-03-19 04:25:39,2026-03-19 04:26:07
8,Blocked,2026-03-19 04:25:35,2026-03-19 04:26:07
11,Running,2026-03-19 04:25:39,2026-03-19 04:26:43
10,Running,2026-03-19 04:26:07,2026-03-19 04:27:04
11,Starved,2026-03-19 04:26:43,2026-03-19 04:27:04
8,Running,2026-03-19 04:26:07,2026-03-19 04:27:05
10,Starved,2026-03-19 04:27:04,2026-03-19 04:27:19
8,Blocked,2026-03-19 04:27:05,2026-03-19 04:27:19
12,Running,2026-03-19 04:25:38,2026-03-19 04:27:43
5,Running,2026-03-19 04:25:52,2026-03-19 04:27:52
5,Starved,2026-03-19 04:27:52,2026-03-19 04:27:56
11,Running,2026-03-19 04:27:04,2026-03-19 04:27:56
12,Starved,2026-03-19 04:27:43,2026-03-19 04:27:56
8,Running,2026-03-19 04:27:19,2026-03-19 04:28:17
10,Running,2026-03-19 04:27:19,2026-03-19 04:28:26
11,Starved,2026-03-19 04:27:56,2026-03-19 04:28:26
10,Starved,2026-03-19 04:28:26,2026-03-19 04:28:42
8,Blocked,2026-03-19 04:28:17,2026-03-19 04:28:42
5,Running,2026-03-19 04:27:56,2026-03-19 04:28:53
12,Running,2026-03-19 04:27:56,2026-03-19 04:28:54
5,Starved,2026-03-19 04:28:53,2026-03-19 04:29:06
11,Running,2026-03-19 04:28:26,2026-03-19 04:29:18
12,Starved,2026-03-19 04:28:54,2026-03-19 04:29:18
10,Running,2026-03-19 04:28:42,2026-03-19 04:29:34
11,Starved,2026-03-19 04:29:18,2026-03-19 04:29:34
10,Starved,2026-03-19 04:29:34,2026-03-19 04:29:36
12,Running,2026-03-19 04:29:18,2026-03-19 04:30:05
11,Running,2026-03-19 04:29:34,2026-03-19 04:30:30
12,Starved,2026-03-19 04:30:05,2026-03-19 04:30:30
8,Running,2026-03-19 04:28:42,2026-03-19 04:30:32
10,Running,2026-03-19 04:29:36,2026-03-19 04:30:35
11,Starved,2026-03-19 04:30:30,2026-03-19 04:30:35
10,Starved,2026-03-19 04:30:35,2026-03-19 04:30:38
8,Blocked,2026-03-19 04:30:32,2026-03-19 04:30:38
5,Running,2026-03-19 04:29:06,2026-03-19 04:30:55
5,Starved,2026-03-19 04:30:55,2026-03-19 04:31:29
12,Running,2026-03-19 04:30:30,2026-03-19 04:31:29
8,Running,2026-03-19 04:30:38,2026-03-19 04:31:37
10,Running,2026-03-19 04:30:38,2026-03-19 04:31:39
12,Starved,2026-03-19 04:31:29,2026-03-19 04:31:40
10,Starved,2026-03-19 04:31:39,2026-03-19 04:31:42
8,Blocked,2026-03-19 04:31:37,2026-03-19 04:31:42
5,Running,2026-03-19 04:31:29,2026-03-19 04:32:34
8,Running,2026-03-19 04:31:42,2026-03-19 04:32:38
10,Running,2026-03-19 04:31:42,2026-03-19 04:32:39
5,Starved,2026-03-19 04:32:34,2026-03-19 04:32:51
10,Starved,2026-03-19 04:32:39,2026-03-19 04:33:01
8,Blocked,2026-03-19 04:32:38,2026-03-19 04:33:01
11,Running,2026-03-19 04:30:35,2026-03-19 04:33:29
5,Running,2026-03-19 04:32:51,2026-03-19 04:33:47
11,Starved,2026-03-19 04:33:29,2026-03-19 04:34:06
5,Starved,2026-03-19 04:33:47,2026-03-19 04:34:06
12,Running,2026-03-19 04:31:40,2026-03-19 04:34:41
9,Running,2026-03-19 04:21:44,2026-03-19 04:34:54
5,Running,2026-03-19 04:34:06,2026-03-19 04:34:58
8,Running,2026-03-19 04:33:01,2026-03-19 04:35:00
1,Running,2026-03-19 04:09:31,2026-03-19 04:35:01
12,Starved,2026-03-19 04:34:41,2026-03-19 04:35:06
5,Starved,2026-03-19 04:34:58,2026-03-19 04:35:06
1,Blocked,2026-03-19 04:35:01,2026-03-19 04:35:09
1,Running,2026-03-19 04:35:09,2026-03-19 04:35:57
10,Running,2026-03-19 04:33:01,2026-03-19 04:36:00
12,Running,2026-03-19 04:35:06,2026-03-19 04:36:07
1,Blocked,2026-03-19 04:35:57,2026-03-19 04:36:12
12,Starved,2026-03-19 04:36:07,2026-03-19 04:36:16
9,Down,2026-03-19 04:34:54,2026-03-19 04:36:32
8,Blocked,2026-03-19 04:35:00,2026-03-19 04:36:32
5,Running,2026-03-19 04:35:06,2026-03-19 04:37:00
11,Running,2026-03-19 04:34:06,2026-03-19 04:37:18
8,Running,2026-03-19 04:36:32,2026-03-19 04:37:25
5,Starved,2026-03-19 04:37:00,2026-03-19 04:37:26
10,Starved,2026-03-19 04:36:00,2026-03-19 04:37:27
8,Blocked,2026-03-19 04:37:25,2026-03-19 04:37:27
12,Running,2026-03-19 04:36:16,2026-03-19 04:38:15
5,Running,2026-03-19 04:37:26,2026-03-19 04:38:20
5,Starved,2026-03-19 04:38:20,2026-03-19 04:38:23
10,Running,2026-03-19 04:37:27,2026-03-19 04:38:27
11,Starved,2026-03-19 04:37:18,2026-03-19 04:38:27
8,Running,2026-03-19 04:37:27,2026-03-19 04:38:34
10,Starved,2026-03-19 04:38:27,2026-03-19 04:38:44
8,Blocked,2026-03-19 04:38:34,2026-03-19 04:38:44
11,Running,2026-03-19 04:38:27,2026-03-19 04:39:30
12,Starved,2026-03-19 04:38:15,2026-03-19 04:39:30
11,Starved,2026-03-19 04:39:30,2026-03-19 04:39:53
12,Running,2026-03-19 04:39:30,2026-03-19 04:40:29
11,Running,2026-03-19 04:39:53,2026-03-19 04:40:52
12,Starved,2026-03-19 04:40:29,2026-03-19 04:40:52
11,Starved,2026-03-19 04:40:52,2026-03-19 04:41:00
5,Running,2026-03-19 04:38:23,2026-03-19 04:41:20
5,Starved,2026-03-19 04:41:20,2026-03-19 04:41:21
12,Running,2026-03-19 04:40:52,2026-03-19 04:41:49
8,Running,2026-03-19 04:38:44,2026-03-19 04:41:50
8,Blocked,2026-03-19 04:41:50,2026-03-19 04:41:51
12,Starved,2026-03-19 04:41:49,2026-03-19 04:42:03
8,Running,2026-03-19 04:41:51,2026-03-19 04:42:50
10,Running,2026-03-19 04:38:44,2026-03-19 04:42:58
12,Running,2026-03-19 04:42:03,2026-03-19 04:43:00
12,Starved,2026-03-19 04:43:00,2026-03-19 04:43:01
10,Starved,2026-03-19 04:42:58,2026-03-19 04:43:15
8,Blocked,2026-03-19 04:42:50,2026-03-19 04:43:15
11,Running,2026-03-19 04:41:00,2026-03-19 04:43:50
11,Starved,2026-03-19 04:43:50,2026-03-19 04:44:16
11,Running,2026-03-19 04:44:16,2026-03-19 04:46:19
11,Starved,2026-03-19 04:46:19,2026-03-19 04:46:19
8,Running,2026-03-19 04:43:15,2026-03-19 04:47:09
11,Running,2026-03-19 04:46:19,2026-03-19 04:47:12
8,Blocked,2026-03-19 04:47:09,2026-03-19 04:47:13
11,Starved,2026-03-19 04:47:12,2026-03-19 04:47:24
4,Running,2026-03-19 03:53:01,2026-03-19 04:47:31
10,Running,2026-03-19 04:43:15,2026-03-19 04:48:12
8,Running,2026-03-19 04:47:13,2026-03-19 04:48:16
10,Starved,2026-03-19 04:48:12,2026-03-19 04:48:22
8,Blocked,2026-03-19 04:48:16,2026-03-19 04:48:22
5,Running,2026-03-19 04:41:21,2026-03-19 04:48:34
2,Running,2026-03-19 04:15:36,2026-03-19 04:48:58
2,Blocked,2026-03-19 04:48:58,2026-03-19 04:48:58
11,Running,2026-03-19 04:47:24,2026-03-19 04:49:16
8,Running,2026-03-19 04:48:22,2026-03-19 04:49:19
4,Down,2026-03-19 04:47:31,2026-03-19 04:49:22
8,Blocked,2026-03-19 04:49:19,2026-03-19 04:49:26
11,Starved,2026-03-19 04:49:16,2026-03-19 04:49:26
6,Running,2026-03-19 04:20:28,2026-03-19 04:49:47
5,Starved,2026-03-19 04:48:34,2026-03-19 04:50:28
11,Running,2026-03-19 04:49:26,2026-03-19 04:50:29
11,Starved,2026-03-19 04:50:29,2026-03-19 04:50:31
5,Running,2026-03-19 04:50:28,2026-03-19 04:51:27
6,Starved,2026-03-19 04:49:47,2026-03-19 04:51:27
5,Starved,2026-03-19 04:51:27,2026-03-19 04:51:32
12,Running,2026-03-19 04:43:01,2026-03-19 04:51:35
11,Running,2026-03-19 04:50:31,2026-03-19 04:51:35
12,Starved,2026-03-19 04:51:35,2026-03-19 04:51:35
11,Starved,2026-03-19 04:51:35,2026-03-19 04:51:44
5,Running,2026-03-19 04:51:32,2026-03-19 04:52:26
12,Running,2026-03-19 04:51:35,2026-03-19 04:52:28
12,Starved,2026-03-19 04:52:28,2026-03-19 04:52:48
5,Starved,2026-03-19 04:52:26,2026-03-19 04:53:02
6,Running,2026-03-19 04:51:27,2026-03-19 04:53:20
8,Running,2026-03-19 04:49:26,2026-03-19 04:53:21
8,Blocked,2026-03-19 04:53:21,2026-03-19 04:53:25
12,Running,2026-03-19 04:52:48,2026-03-19 04:53:44
12,Starved,2026-03-19 04:53:44,2026-03-19 04:53:50
5,Running,2026-03-19 04:53:02,2026-03-19 04:54:04
6,Starved,2026-03-19 04:53:20,2026-03-19 04:54:04
5,Starved,2026-03-19 04:54:04,2026-03-19 04:54:13
6,Running,2026-03-19 04:54:04,2026-03-19 04:55:01
1,Running,2026-03-19 04:36:12,2026-03-19 04:55:10
1,Blocked,2026-03-19 04:55:10,2026-03-19 04:55:10
6,Starved,2026-03-19 04:55:01,2026-03-19 04:55:20
1,Running,2026-03-19 04:55:10,2026-03-19 04:56:09
1,Blocked,2026-03-19 04:56:09,2026-03-19 04:56:14
6,Running,2026-03-19 04:55:20,2026-03-19 04:56:20
6,Starved,2026-03-19 04:56:20,2026-03-19 04:56:22
1,Running,2026-03-19 04:56:14,2026-03-19 04:57:08
5,Running,2026-03-19 04:54:13,2026-03-19 04:57:09
1,Blocked,2026-03-19 04:57:08,2026-03-19 04:57:14
5,Starved,2026-03-19 04:57:09,2026-03-19 04:57:25
5,Running,2026-03-19 04:57:25,2026-03-19 04:58:22
5,Starved,2026-03-19 04:58:22,2026-03-19 04:58:33
12,Running,2026-03-19 04:53:50,2026-03-19 04:59:03
12,Starved,2026-03-19 04:59:03,2026-03-19 04:59:04
6,Running,2026-03-19 04:56:22,2026-03-19 04:59:28
6,Starved,2026-03-19 04:59:28,2026-03-19 04:59:30
6,Running,2026-03-19 04:59:30,2026-03-19 05:00:35
6,Starved,2026-03-19 05:00:35,2026-03-19 05:00:41
6,Running,2026-03-19 05:00:41,2026-03-19 05:01:30
6,Starved,2026-03-19 05:01:30,2026-03-19 05:01:48
12,Running,2026-03-19 04:59:04,2026-03-19 05:02:05
12,Starved,2026-03-19 05:02:05,2026-03-19 05:02:06
5,Running,2026-03-19 04:58:33,2026-03-19 05:02:43
5,Starved,2026-03-19 05:02:43,2026-03-19 05:02:50
12,Running,2026-03-19 05:02:06,2026-03-19 05:03:05
12,Starved,2026-03-19 05:03:05,2026-03-19 05:03:08
1,Running,2026-03-19 04:57:14,2026-03-19 05:03:13
8,Running,2026-03-19 04:53:25,2026-03-19 05:03:15
1,Blocked,2026-03-19 05:03:13,2026-03-19 05:03:18
10,Running,2026-03-19 04:48:22,2026-03-19 05:03:28
10,Starved,2026-03-19 05:03:28,2026-03-19 05:03:31
8,Blocked,2026-03-19 05:03:15,2026-03-19 05:03:31
6,Running,2026-03-19 05:01:48,2026-03-19 05:03:40
6,Starved,2026-03-19 05:03:40,2026-03-19 05:03:53
1,Running,2026-03-19 05:03:18,2026-03-19 05:04:06
1,Blocked,2026-03-19 05:04:06,2026-03-19 05:04:30
6,Running,2026-03-19 05:03:53,2026-03-19 05:04:48
5,Running,2026-03-19 05:02:50,2026-03-19 05:04:54
6,Starved,2026-03-19 05:04:48,2026-03-19 05:04:54
3,Running,2026-03-19 03:52:00,2026-03-19 05:04:57
5,Starved,2026-03-19 05:04:54,2026-03-19 05:05:01
3,Blocked,2026-03-19 05:04:57,2026-03-19 05:05:01
10,Running,2026-03-19 05:03:31,2026-03-19 05:05:26
8,Running,2026-03-19 05:03:31,2026-03-19 05:05:27
1,Running,2026-03-19 05:04:30,2026-03-19 05:05:29
1,Blocked,2026-03-19 05:05:29,2026-03-19 05:05:35
10,Starved,2026-03-19 05:05:26,2026-03-19 05:05:40
8,Blocked,2026-03-19 05:05:27,2026-03-19 05:05:40
5,Running,2026-03-19 05:05:01,2026-03-19 05:05:59
3,Running,2026-03-19 05:05:01,2026-03-19 05:06:03
5,Starved,2026-03-19 05:05:59,2026-03-19 05:06:04
3,Blocked,2026-03-19 05:06:03,2026-03-19 05:06:04
5,Running,2026-03-19 05:06:04,2026-03-19 05:07:02
5,Starved,2026-03-19 05:07:02,2026-03-19 05:07:08
8,Running,2026-03-19 05:05:40,2026-03-19 05:07:40
10,Running,2026-03-19 05:05:40,2026-03-19 05:07:50
10,Starved,2026-03-19 05:07:50,2026-03-19 05:07:54
8,Blocked,2026-03-19 05:07:40,2026-03-19 05:07:54
6,Running,2026-03-19 05:04:54,2026-03-19 05:07:57
5,Running,2026-03-19 05:07:08,2026-03-19 05:08:12
6,Starved,2026-03-19 05:07:57,2026-03-19 05:08:12
3,Running,2026-03-19 05:06:04,2026-03-19 05:08:17
5,Starved,2026-03-19 05:08:12,2026-03-19 05:08:27
3,Blocked,2026-03-19 05:08:17,2026-03-19 05:08:27
1,Running,2026-03-19 05:05:35,2026-03-19 05:08:31
1,Blocked,2026-03-19 05:08:31,2026-03-19 05:08:38
6,Running,2026-03-19 05:08:12,2026-03-19 05:09:03
3,Running,2026-03-19 05:08:27,2026-03-19 05:09:23
5,Running,2026-03-19 05:08:27,2026-03-19 05:09:28
6,Starved,2026-03-19 05:09:03,2026-03-19 05:09:28
1,Running,2026-03-19 05:08:38,2026-03-19 05:09:29
2,Running,2026-03-19 04:48:58,2026-03-19 05:09:34
5,Starved,2026-03-19 05:09:28,2026-03-19 05:09:38
3,Blocked,2026-03-19 05:09:23,2026-03-19 05:09:38
2,Blocked,2026-03-19 05:09:34,2026-03-19 05:09:38
1,Blocked,2026-03-19 05:09:29,2026-03-19 05:09:38
10,Running,2026-03-19 05:07:54,2026-03-19 05:09:46
10,Starved,2026-03-19 05:09:46,2026-03-19 05:09:48
3,Running,2026-03-19 05:09:38,2026-03-19 05:10:32
2,Running,2026-03-19 05:09:38,2026-03-19 05:10:34
6,Running,2026-03-19 05:09:28,2026-03-19 05:10:36
1,Running,2026-03-19 05:09:38,2026-03-19 05:10:37
10,Running,2026-03-19 05:09:48,2026-03-19 05:10:39
5,Running,2026-03-19 05:09:38,2026-03-19 05:10:40
6,Starved,2026-03-19 05:10:36,2026-03-19 05:10:40
5,Starved,2026-03-19 05:10:40,2026-03-19 05:10:42
3,Blocked,2026-03-19 05:10:32,2026-03-19 05:10:42
2,Blocked,2026-03-19 05:10:34,2026-03-19 05:10:42
1,Blocked,2026-03-19 05:10:37,2026-03-19 05:10:42
10,Starved,2026-03-19 05:10:39,2026-03-19 05:10:47
6,Running,2026-03-19 05:10:40,2026-03-19 05:11:30
10,Running,2026-03-19 05:10:47,2026-03-19 05:11:40
2,Running,2026-03-19 05:10:42,2026-03-19 05:11:41
3,Running,2026-03-19 05:10:42,2026-03-19 05:11:45
1,Running,2026-03-19 05:10:42,2026-03-19 05:11:48
5,Running,2026-03-19 05:10:42,2026-03-19 05:11:51
6,Starved,2026-03-19 05:11:30,2026-03-19 05:11:51
8,Running,2026-03-19 05:07:54,2026-03-19 05:11:58
10,Starved,2026-03-19 05:11:40,2026-03-19 05:12:10
8,Blocked,2026-03-19 05:11:58,2026-03-19 05:12:10
5,Starved,2026-03-19 05:11:51,2026-03-19 05:12:17
3,Blocked,2026-03-19 05:11:45,2026-03-19 05:12:17
2,Blocked,2026-03-19 05:11:41,2026-03-19 05:12:17
1,Blocked,2026-03-19 05:11:48,2026-03-19 05:12:17
6,Running,2026-03-19 05:11:51,2026-03-19 05:12:53
11,Running,2026-03-19 04:51:44,2026-03-19 05:13:00
8,Running,2026-03-19 05:12:10,2026-03-19 05:13:02
8,Blocked,2026-03-19 05:13:02,2026-03-19 05:13:08
5,Running,2026-03-19 05:12:17,2026-03-19 05:13:14
6,Starved,2026-03-19 05:12:53,2026-03-19 05:13:14
11,Starved,2026-03-19 05:13:00,2026-03-19 05:13:16
3,Running,2026-03-19 05:12:17,2026-03-19 05:13:16
1,Running,2026-03-19 05:12:17,2026-03-19 05:13:18
5,Starved,2026-03-19 05:13:14,2026-03-19 05:13:20
3,Blocked,2026-03-19 05:13:16,2026-03-19 05:13:20
1,Blocked,2026-03-19 05:13:18,2026-03-19 05:13:22
7,Running,2026-03-19 04:18:11,2026-03-19 05:13:37
6,Running,2026-03-19 05:13:14,2026-03-19 05:14:10
5,Running,2026-03-19 05:13:20,2026-03-19 05:14:13
3,Running,2026-03-19 05:13:20,2026-03-19 05:14:17
6,Down,2026-03-19 05:14:10,2026-03-19 05:14:18
5,Starved,2026-03-19 05:14:13,2026-03-19 05:14:23
3,Blocked,2026-03-19 05:14:17,2026-03-19 05:14:23
1,Running,2026-03-19 05:13:22,2026-03-19 05:14:25
1,Blocked,2026-03-19 05:14:25,2026-03-19 05:14:26
7,Down,2026-03-19 05:13:37,2026-03-19 05:14:28
5,Running,2026-03-19 05:14:23,2026-03-19 05:15:11
3,Running,2026-03-19 05:14:23,2026-03-19 05:15:17
12,Running,2026-03-19 05:03:08,2026-03-19 05:15:18
12,Starved,2026-03-19 05:15:18,2026-03-19 05:15:21
1,Running,2026-03-19 05:14:26,2026-03-19 05:15:22
5,Starved,2026-03-19 05:15:11,2026-03-19 05:15:30
3,Blocked,2026-03-19 05:15:17,2026-03-19 05:15:30
1,Blocked,2026-03-19 05:15:22,2026-03-19 05:15:35
5,Running,2026-03-19 05:15:30,2026-03-19 05:16:18
2,Running,2026-03-19 05:12:17,2026-03-19 05:16:28
3,Running,2026-03-19 05:15:30,2026-03-19 05:16:29
5,Starved,2026-03-19 05:16:18,2026-03-19 05:16:31
3,Blocked,2026-03-19 05:16:29,2026-03-19 05:16:31
2,Blocked,2026-03-19 05:16:28,2026-03-19 05:16:31
10,Running,2026-03-19 05:12:10,2026-03-19 05:17:00
8,Running,2026-03-19 05:13:08,2026-03-19 05:17:01
10,Starved,2026-03-19 05:17:00,2026-03-19 05:17:18
8,Blocked,2026-03-19 05:17:01,2026-03-19 05:17:18
6,Running,2026-03-19 05:14:18,2026-03-19 05:17:21
3,Running,2026-03-19 05:16:31,2026-03-19 05:17:25
2,Running,2026-03-19 05:16:31,2026-03-19 05:17:32
5,Running,2026-03-19 05:16:31,2026-03-19 05:17:34
6,Starved,2026-03-19 05:17:21,2026-03-19 05:17:34
5,Starved,2026-03-19 05:17:34,2026-03-19 05:17:35
3,Blocked,2026-03-19 05:17:25,2026-03-19 05:17:35
2,Blocked,2026-03-19 05:17:32,2026-03-19 05:17:35
10,Running,2026-03-19 05:17:18,2026-03-19 05:18:16
12,Running,2026-03-19 05:15:21,2026-03-19 05:18:18
10,Starved,2026-03-19 05:18:16,2026-03-19 05:18:20
12,Starved,2026-03-19 05:18:18,2026-03-19 05:18:22
6,Running,2026-03-19 05:17:34,2026-03-19 05:18:28
5,Running,2026-03-19 05:17:35,2026-03-19 05:18:30
6,Starved,2026-03-19 05:18:28,2026-03-19 05:18:30
3,Running,2026-03-19 05:17:35,2026-03-19 05:18:32
2,Running,2026-03-19 05:17:35,2026-03-19 05:18:33
5,Starved,2026-03-19 05:18:30,2026-03-19 05:18:41
3,Blocked,2026-03-19 05:18:32,2026-03-19 05:18:41
2,Blocked,2026-03-19 05:18:33,2026-03-19 05:18:41
10,Running,2026-03-19 05:18:20,2026-03-19 05:19:16
8,Running,2026-03-19 05:17:18,2026-03-19 05:19:20
10,Starved,2026-03-19 05:19:16,2026-03-19 05:19:20
8,Blocked,2026-03-19 05:19:20,2026-03-19 05:19:20
6,Running,2026-03-19 05:18:30,2026-03-19 05:19:21
12,Running,2026-03-19 05:18:22,2026-03-19 05:19:21
12,Starved,2026-03-19 05:19:21,2026-03-19 05:19:22
3,Running,2026-03-19 05:18:41,2026-03-19 05:19:39
2,Running,2026-03-19 05:18:41,2026-03-19 05:19:41
5,Running,2026-03-19 05:18:41,2026-03-19 05:19:42
6,Starved,2026-03-19 05:19:21,2026-03-19 05:19:42
1,Running,2026-03-19 05:15:35,2026-03-19 05:19:46
5,Starved,2026-03-19 05:19:42,2026-03-19 05:19:49
3,Blocked,2026-03-19 05:19:39,2026-03-19 05:19:49
2,Blocked,2026-03-19 05:19:41,2026-03-19 05:19:49
1,Blocked,2026-03-19 05:19:46,2026-03-19 05:19:49
8,Running,2026-03-19 05:19:20,2026-03-19 05:20:10
8,Blocked,2026-03-19 05:20:10,2026-03-19 05:20:17
12,Running,2026-03-19 05:19:22,2026-03-19 05:20:18
11,Running,2026-03-19 05:13:16,2026-03-19 05:20:20
12,Starved,2026-03-19 05:20:18,2026-03-19 05:20:20
11,Starved,2026-03-19 05:20:20,2026-03-19 05:20:23
6,Running,2026-03-19 05:19:42,2026-03-19 05:20:36
2,Running,2026-03-19 05:19:49,2026-03-19 05:20:39
5,Running,2026-03-19 05:19:49,2026-03-19 05:20:42
6,Starved,2026-03-19 05:20:36,2026-03-19 05:20:42
3,Running,2026-03-19 05:19:49,2026-03-19 05:20:51
1,Running,2026-03-19 05:19:49,2026-03-19 05:20:52
10,Running,2026-03-19 05:19:20,2026-03-19 05:21:09
8,Running,2026-03-19 05:20:17,2026-03-19 05:21:09
10,Starved,2026-03-19 05:21:09,2026-03-19 05:21:15
8,Blocked,2026-03-19 05:21:09,2026-03-19 05:21:15
5,Starved,2026-03-19 05:20:42,2026-03-19 05:21:18
3,Blocked,2026-03-19 05:20:51,2026-03-19 05:21:18
2,Blocked,2026-03-19 05:20:39,2026-03-19 05:21:18
1,Blocked,2026-03-19 05:20:52,2026-03-19 05:21:18
12,Running,2026-03-19 05:20:20,2026-03-19 05:21:19
12,Starved,2026-03-19 05:21:19,2026-03-19 05:21:23
6,Running,2026-03-19 05:20:42,2026-03-19 05:21:53
10,Running,2026-03-19 05:21:15,2026-03-19 05:22:05
10,Starved,2026-03-19 05:22:05,2026-03-19 05:22:05
5,Running,2026-03-19 05:21:18,2026-03-19 05:22:15
6,Starved,2026-03-19 05:21:53,2026-03-19 05:22:15
3,Running,2026-03-19 05:21:18,2026-03-19 05:22:16
1,Running,2026-03-19 05:21:18,2026-03-19 05:22:16
12,Running,2026-03-19 05:21:23,2026-03-19 05:22:17
12,Starved,2026-03-19 05:22:17,2026-03-19 05:22:19
2,Running,2026-03-19 05:21:18,2026-03-19 05:22:19
5,Starved,2026-03-19 05:22:15,2026-03-19 05:22:37
3,Blocked,2026-03-19 05:22:16,2026-03-19 05:22:37
2,Blocked,2026-03-19 05:22:19,2026-03-19 05:22:37
1,Blocked,2026-03-19 05:22:16,2026-03-19 05:22:37
10,Running,2026-03-19 05:22:05,2026-03-19 05:23:02
8,Running,2026-03-19 05:21:15,2026-03-19 05:23:09
6,Running,2026-03-19 05:22:15,2026-03-19 05:23:14
12,Running,2026-03-19 05:22:19,2026-03-19 05:23:14
10,Starved,2026-03-19 05:23:02,2026-03-19 05:23:22
8,Blocked,2026-03-19 05:23:09,2026-03-19 05:23:22
2,Running,2026-03-19 05:22:37,2026-03-19 05:23:27
3,Running,2026-03-19 05:22:37,2026-03-19 05:23:30
3,Blocked,2026-03-19 05:23:30,2026-03-19 05:23:38
2,Blocked,2026-03-19 05:23:27,2026-03-19 05:23:38
6,Starved,2026-03-19 05:23:14,2026-03-19 05:23:39
12,Down,2026-03-19 05:23:14,2026-03-19 05:23:45
10,Running,2026-03-19 05:23:22,2026-03-19 05:24:20
8,Running,2026-03-19 05:23:22,2026-03-19 05:24:26
10,Starved,2026-03-19 05:24:20,2026-03-19 05:24:42
8,Blocked,2026-03-19 05:24:26,2026-03-19 05:24:42
8,Running,2026-03-19 05:24:42,2026-03-19 05:25:29
3,Running,2026-03-19 05:23:38,2026-03-19 05:25:30
11,Running,2026-03-19 05:20:23,2026-03-19 05:25:32
3,Blocked,2026-03-19 05:25:30,2026-03-19 05:25:40
6,Running,2026-03-19 05:23:39,2026-03-19 05:25:42
8,Blocked,2026-03-19 05:25:29,2026-03-19 05:25:42
6,Starved,2026-03-19 05:25:42,2026-03-19 05:25:43
1,Running,2026-03-19 05:22:37,2026-03-19 05:25:43
1,Blocked,2026-03-19 05:25:43,2026-03-19 05:25:45
11,Starved,2026-03-19 05:25:32,2026-03-19 05:25:48
12,Running,2026-03-19 05:23:45,2026-03-19 05:26:28
1,Running,2026-03-19 05:25:45,2026-03-19 05:26:35
11,Running,2026-03-19 05:25:48,2026-03-19 05:26:48
12,Starved,2026-03-19 05:26:28,2026-03-19 05:26:48
1,Blocked,2026-03-19 05:26:35,2026-03-19 05:26:52
3,Running,2026-03-19 05:25:40,2026-03-19 05:27:36
5,Running,2026-03-19 05:22:37,2026-03-19 05:27:40
1,Running,2026-03-19 05:26:52,2026-03-19 05:27:44
5,Starved,2026-03-19 05:27:40,2026-03-19 05:27:48
3,Blocked,2026-03-19 05:27:36,2026-03-19 05:27:48
1,Blocked,2026-03-19 05:27:44,2026-03-19 05:27:57
12,Running,2026-03-19 05:26:48,2026-03-19 05:28:00
6,Running,2026-03-19 05:25:43,2026-03-19 05:28:48
6,Starved,2026-03-19 05:28:48,2026-03-19 05:28:49
11,Down,2026-03-19 05:26:48,2026-03-19 05:29:09
6,Running,2026-03-19 05:28:49,2026-03-19 05:29:48
6,Starved,2026-03-19 05:29:48,2026-03-19 05:29:49
12,Starved,2026-03-19 05:28:00,2026-03-19 05:30:16
8,Running,2026-03-19 05:25:42,2026-03-19 05:30:52
10,Running,2026-03-19 05:24:42,2026-03-19 05:30:54
10,Starved,2026-03-19 05:30:54,2026-03-19 05:30:56
8,Blocked,2026-03-19 05:30:52,2026-03-19 05:30:56
3,Running,2026-03-19 05:27:48,2026-03-19 05:31:40
2,Running,2026-03-19 05:23:38,2026-03-19 05:31:43
5,Running,2026-03-19 05:27:48,2026-03-19 05:31:46
5,Starved,2026-03-19 05:31:46,2026-03-19 05:31:51
3,Blocked,2026-03-19 05:31:40,2026-03-19 05:31:51
2,Blocked,2026-03-19 05:31:43,2026-03-19 05:31:51
6,Running,2026-03-19 05:29:49,2026-03-19 05:32:55
1,Running,2026-03-19 05:27:57,2026-03-19 05:32:57
6,Starved,2026-03-19 05:32:55,2026-03-19 05:32:58
1,Blocked,2026-03-19 05:32:57,2026-03-19 05:32:59
12,Running,2026-03-19 05:30:16,2026-03-19 05:33:14
12,Starved,2026-03-19 05:33:14,2026-03-19 05:33:17
10,Running,2026-03-19 05:30:56,2026-03-19 05:33:43
6,Running,2026-03-19 05:32:58,2026-03-19 05:33:45
4,Running,2026-03-19 04:49:22,2026-03-19 05:33:50
2,Running,2026-03-19 05:31:51,2026-03-19 05:33:55
6,Starved,2026-03-19 05:33:45,2026-03-19 05:33:56
3,Running,2026-03-19 05:31:51,2026-03-19 05:33:57
10,Starved,2026-03-19 05:33:43,2026-03-19 05:34:00
1,Running,2026-03-19 05:32:59,2026-03-19 05:34:08
5,Running,2026-03-19 05:31:51,2026-03-19 05:34:53
10,Running,2026-03-19 05:34:00,2026-03-19 05:34:59
10,Starved,2026-03-19 05:34:59,2026-03-19 05:35:03
4,Down,2026-03-19 05:33:50,2026-03-19 05:35:51
3,Blocked,2026-03-19 05:33:57,2026-03-19 05:35:51
2,Blocked,2026-03-19 05:33:55,2026-03-19 05:35:51
1,Blocked,2026-03-19 05:34:08,2026-03-19 05:35:51
6,Running,2026-03-19 05:33:56,2026-03-19 05:35:55
9,Running,2026-03-19 04:36:32,2026-03-19 05:36:05
8,Running,2026-03-19 05:30:56,2026-03-19 05:36:13
9,Down,2026-03-19 05:36:05,2026-03-19 05:36:23
8,Blocked,2026-03-19 05:36:13,2026-03-19 05:36:23
1,Running,2026-03-19 05:35:51,2026-03-19 05:36:44
3,Running,2026-03-19 05:35:51,2026-03-19 05:36:46
2,Running,2026-03-19 05:35:51,2026-03-19 05:36:58
5,Starved,2026-03-19 05:34:53,2026-03-19 05:36:59
3,Blocked,2026-03-19 05:36:46,2026-03-19 05:36:59
2,Blocked,2026-03-19 05:36:58,2026-03-19 05:36:59
1,Blocked,2026-03-19 05:36:44,2026-03-19 05:36:59
10,Running,2026-03-19 05:35:03,2026-03-19 05:37:07
8,Running,2026-03-19 05:36:23,2026-03-19 05:37:25
10,Starved,2026-03-19 05:37:07,2026-03-19 05:37:30
8,Blocked,2026-03-19 05:37:25,2026-03-19 05:37:30
1,Running,2026-03-19 05:36:59,2026-03-19 05:37:53
2,Running,2026-03-19 05:36:59,2026-03-19 05:37:56
5,Running,2026-03-19 05:36:59,2026-03-19 05:37:58
6,Starved,2026-03-19 05:35:55,2026-03-19 05:37:58
3,Running,2026-03-19 05:36:59,2026-03-19 05:38:03
5,Starved,2026-03-19 05:37:58,2026-03-19 05:38:12
3,Blocked,2026-03-19 05:38:03,2026-03-19 05:38:12
2,Blocked,2026-03-19 05:37:56,2026-03-19 05:38:12
1,Blocked,2026-03-19 05:37:53,2026-03-19 05:38:12
6,Running,2026-03-19 05:37:58,2026-03-19 05:38:57
1,Running,2026-03-19 05:38:12,2026-03-19 05:39:07
2,Running,2026-03-19 05:38:12,2026-03-19 05:39:13
3,Running,2026-03-19 05:38:12,2026-03-19 05:39:14
5,Running,2026-03-19 05:38:12,2026-03-19 05:39:15
6,Starved,2026-03-19 05:38:57,2026-03-19 05:39:15
10,Running,2026-03-19 05:37:30,2026-03-19 05:39:27
5,Starved,2026-03-19 05:39:15,2026-03-19 05:39:27
3,Blocked,2026-03-19 05:39:14,2026-03-19 05:39:27
2,Blocked,2026-03-19 05:39:13,2026-03-19 05:39:27
1,Blocked,2026-03-19 05:39:07,2026-03-19 05:39:27
8,Running,2026-03-19 05:37:30,2026-03-19 05:39:37
10,Starved,2026-03-19 05:39:27,2026-03-19 05:39:53
8,Blocked,2026-03-19 05:39:37,2026-03-19 05:39:53
6,Running,2026-03-19 05:39:15,2026-03-19 05:40:03
1,Running,2026-03-19 05:39:27,2026-03-19 05:40:23
2,Running,2026-03-19 05:39:27,2026-03-19 05:40:24
5,Running,2026-03-19 05:39:27,2026-03-19 05:40:25
6,Starved,2026-03-19 05:40:03,2026-03-19 05:40:25
3,Running,2026-03-19 05:39:27,2026-03-19 05:40:31
8,Running,2026-03-19 05:39:53,2026-03-19 05:40:51
10,Running,2026-03-19 05:39:53,2026-03-19 05:40:57
5,Starved,2026-03-19 05:40:25,2026-03-19 05:41:01
3,Blocked,2026-03-19 05:40:31,2026-03-19 05:41:01
2,Blocked,2026-03-19 05:40:24,2026-03-19 05:41:01
1,Blocked,2026-03-19 05:40:23,2026-03-19 05:41:01
10,Starved,2026-03-19 05:40:57,2026-03-19 05:41:07
8,Blocked,2026-03-19 05:40:51,2026-03-19 05:41:07
6,Running,2026-03-19 05:40:25,2026-03-19 05:41:23
3,Running,2026-03-19 05:41:01,2026-03-19 05:41:56
5,Running,2026-03-19 05:41:01,2026-03-19 05:42:00
6,Starved,2026-03-19 05:41:23,2026-03-19 05:42:00
2,Running,2026-03-19 05:41:01,2026-03-19 05:42:01
1,Running,2026-03-19 05:41:01,2026-03-19 05:42:03
10,Running,2026-03-19 05:41:07,2026-03-19 05:42:09
8,Running,2026-03-19 05:41:07,2026-03-19 05:42:09
5,Starved,2026-03-19 05:42:00,2026-03-19 05:42:11
3,Blocked,2026-03-19 05:41:56,2026-03-19 05:42:11
2,Blocked,2026-03-19 05:42:01,2026-03-19 05:42:11
1,Blocked,2026-03-19 05:42:03,2026-03-19 05:42:11
10,Starved,2026-03-19 05:42:09,2026-03-19 05:42:16
8,Blocked,2026-03-19 05:42:09,2026-03-19 05:42:16
6,Running,2026-03-19 05:42:00,2026-03-19 05:42:56
2,Running,2026-03-19 05:42:11,2026-03-19 05:43:03
5,Running,2026-03-19 05:42:11,2026-03-19 05:43:07
6,Starved,2026-03-19 05:42:56,2026-03-19 05:43:07
3,Running,2026-03-19 05:42:11,2026-03-19 05:43:12
5,Starved,2026-03-19 05:43:07,2026-03-19 05:43:16
3,Blocked,2026-03-19 05:43:12,2026-03-19 05:43:16
2,Blocked,2026-03-19 05:43:03,2026-03-19 05:43:16
1,Running,2026-03-19 05:42:11,2026-03-19 05:43:20
10,Running,2026-03-19 05:42:16,2026-03-19 05:43:21
8,Running,2026-03-19 05:42:16,2026-03-19 05:43:23
10,Starved,2026-03-19 05:43:21,2026-03-19 05:43:41
8,Blocked,2026-03-19 05:43:23,2026-03-19 05:43:41
5,Running,2026-03-19 05:43:16,2026-03-19 05:44:10
3,Running,2026-03-19 05:43:16,2026-03-19 05:44:13
12,Running,2026-03-19 05:33:17,2026-03-19 05:44:27
10,Running,2026-03-19 05:43:41,2026-03-19 05:44:37
5,Starved,2026-03-19 05:44:10,2026-03-19 05:44:38
3,Blocked,2026-03-19 05:44:13,2026-03-19 05:44:38
8,Running,2026-03-19 05:43:41,2026-03-19 05:44:46
10,Starved,2026-03-19 05:44:37,2026-03-19 05:44:51
8,Blocked,2026-03-19 05:44:46,2026-03-19 05:44:51
6,Running,2026-03-19 05:43:07,2026-03-19 05:45:13
2,Down,2026-03-19 05:43:16,2026-03-19 05:45:14
1,Blocked,2026-03-19 05:43:20,2026-03-19 05:45:14
6,Starved,2026-03-19 05:45:13,2026-03-19 05:45:38
8,Running,2026-03-19 05:44:51,2026-03-19 05:45:44
10,Running,2026-03-19 05:44:51,2026-03-19 05:45:51
10,Starved,2026-03-19 05:45:51,2026-03-19 05:45:56
8,Blocked,2026-03-19 05:45:44,2026-03-19 05:45:56
6,Running,2026-03-19 05:45:38,2026-03-19 05:46:33
3,Running,2026-03-19 05:44:38,2026-03-19 05:46:41
5,Running,2026-03-19 05:44:38,2026-03-19 05:46:45
8,Running,2026-03-19 05:45:56,2026-03-19 05:46:57
8,Blocked,2026-03-19 05:46:57,2026-03-19 05:46:57
5,Starved,2026-03-19 05:46:45,2026-03-19 05:47:00
3,Blocked,2026-03-19 05:46:41,2026-03-19 05:47:00
12,Down,2026-03-19 05:44:27,2026-03-19 05:47:02
8,Running,2026-03-19 05:46:57,2026-03-19 05:47:50
11,Running,2026-03-19 05:29:09,2026-03-19 05:48:07
10,Running,2026-03-19 05:45:56,2026-03-19 05:48:09
11,Starved,2026-03-19 05:48:07,2026-03-19 05:48:09
10,Starved,2026-03-19 05:48:09,2026-03-19 05:48:16
8,Blocked,2026-03-19 05:47:50,2026-03-19 05:48:16
6,Down,2026-03-19 05:46:33,2026-03-19 05:48:36
5,Running,2026-03-19 05:47:00,2026-03-19 05:49:00
3,Running,2026-03-19 05:47:00,2026-03-19 05:49:03
7,Running,2026-03-19 05:14:28,2026-03-19 05:49:05
11,Running,2026-03-19 05:48:09,2026-03-19 05:49:08
8,Running,2026-03-19 05:48:16,2026-03-19 05:49:08
5,Starved,2026-03-19 05:49:00,2026-03-19 05:49:12
3,Blocked,2026-03-19 05:49:03,2026-03-19 05:49:12
10,Running,2026-03-19 05:48:16,2026-03-19 05:49:19
11,Starved,2026-03-19 05:49:08,2026-03-19 05:49:19
10,Starved,2026-03-19 05:49:19,2026-03-19 05:49:24
8,Blocked,2026-03-19 05:49:08,2026-03-19 05:49:24
7,Down,2026-03-19 05:49:05,2026-03-19 05:49:44
5,Running,2026-03-19 05:49:12,2026-03-19 05:50:08
3,Running,2026-03-19 05:49:12,2026-03-19 05:50:09
11,Running,2026-03-19 05:49:19,2026-03-19 05:50:12
4,Running,2026-03-19 05:35:51,2026-03-19 05:50:12
5,Starved,2026-03-19 05:50:08,2026-03-19 05:50:12
11,Starved,2026-03-19 05:50:12,2026-03-19 05:50:24
4,Down,2026-03-19 05:50:12,2026-03-19 05:50:29
3,Blocked,2026-03-19 05:50:09,2026-03-19 05:50:29
11,Running,2026-03-19 05:50:24,2026-03-19 05:51:18
10,Running,2026-03-19 05:49:24,2026-03-19 05:51:21
11,Starved,2026-03-19 05:51:18,2026-03-19 05:51:21
5,Running,2026-03-19 05:50:12,2026-03-19 05:51:22
5,Starved,2026-03-19 05:51:22,2026-03-19 05:51:27
10,Starved,2026-03-19 05:51:21,2026-03-19 05:51:31
5,Running,2026-03-19 05:51:27,2026-03-19 05:52:24
11,Running,2026-03-19 05:51:21,2026-03-19 05:52:25
11,Starved,2026-03-19 05:52:25,2026-03-19 05:52:32
3,Running,2026-03-19 05:50:29,2026-03-19 05:52:36
5,Starved,2026-03-19 05:52:24,2026-03-19 05:52:47
3,Blocked,2026-03-19 05:52:36,2026-03-19 05:52:47
11,Running,2026-03-19 05:52:32,2026-03-19 05:53:33
10,Running,2026-03-19 05:51:31,2026-03-19 05:53:35
11,Starved,2026-03-19 05:53:33,2026-03-19 05:53:35
8,Running,2026-03-19 05:49:24,2026-03-19 05:53:38
5,Running,2026-03-19 05:52:47,2026-03-19 05:53:42
2,Running,2026-03-19 05:45:14,2026-03-19 05:53:48
5,Starved,2026-03-19 05:53:42,2026-03-19 05:53:49
2,Blocked,2026-03-19 05:53:48,2026-03-19 05:53:53
10,Starved,2026-03-19 05:53:35,2026-03-19 05:53:57
8,Blocked,2026-03-19 05:53:38,2026-03-19 05:53:57
11,Running,2026-03-19 05:53:35,2026-03-19 05:54:26
5,Running,2026-03-19 05:53:49,2026-03-19 05:54:47
3,Running,2026-03-19 05:52:47,2026-03-19 05:54:51
2,Running,2026-03-19 05:53:53,2026-03-19 05:54:51
8,Running,2026-03-19 05:53:57,2026-03-19 05:54:57
5,Starved,2026-03-19 05:54:47,2026-03-19 05:55:00
3,Blocked,2026-03-19 05:54:51,2026-03-19 05:55:00
2,Blocked,2026-03-19 05:54:51,2026-03-19 05:55:00
8,Blocked,2026-03-19 05:54:57,2026-03-19 05:55:01
11,Starved,2026-03-19 05:54:26,2026-03-19 05:55:05
2,Running,2026-03-19 05:55:00,2026-03-19 05:55:55
11,Running,2026-03-19 05:55:05,2026-03-19 05:56:02
8,Running,2026-03-19 05:55:01,2026-03-19 05:56:02
2,Blocked,2026-03-19 05:55:55,2026-03-19 05:56:03
10,Running,2026-03-19 05:53:57,2026-03-19 05:56:04
11,Starved,2026-03-19 05:56:02,2026-03-19 05:56:04
10,Starved,2026-03-19 05:56:04,2026-03-19 05:56:05
8,Blocked,2026-03-19 05:56:02,2026-03-19 05:56:05
8,Running,2026-03-19 05:56:05,2026-03-19 05:56:56
1,Running,2026-03-19 05:45:14,2026-03-19 05:56:57
8,Blocked,2026-03-19 05:56:56,2026-03-19 05:56:58
1,Blocked,2026-03-19 05:56:57,2026-03-19 05:57:18
11,Running,2026-03-19 05:56:04,2026-03-19 05:58:04
6,Running,2026-03-19 05:48:36,2026-03-19 05:58:07
11,Starved,2026-03-19 05:58:04,2026-03-19 05:58:08
6,Starved,2026-03-19 05:58:07,2026-03-19 05:58:10
8,Running,2026-03-19 05:56:58,2026-03-19 05:58:57
6,Running,2026-03-19 05:58:10,2026-03-19 05:59:01
6,Starved,2026-03-19 05:59:01,2026-03-19 05:59:10
10,Running,2026-03-19 05:56:05,2026-03-19 05:59:10
10,Starved,2026-03-19 05:59:10,2026-03-19 05:59:28
8,Blocked,2026-03-19 05:58:57,2026-03-19 05:59:28
11,Running,2026-03-19 05:58:08,2026-03-19 06:00:15
8,Running,2026-03-19 05:59:28,2026-03-19 06:00:28
10,Running,2026-03-19 05:59:28,2026-03-19 06:00:29
11,Starved,2026-03-19 06:00:15,2026-03-19 06:00:29
10,Starved,2026-03-19 06:00:29,2026-03-19 06:00:43
8,Blocked,2026-03-19 06:00:28,2026-03-19 06:00:43
6,Running,2026-03-19 05:59:10,2026-03-19 06:01:06
6,Starved,2026-03-19 06:01:06,2026-03-19 06:01:09
11,Running,2026-03-19 06:00:29,2026-03-19 06:01:28
8,Running,2026-03-19 06:00:43,2026-03-19 06:01:39
10,Running,2026-03-19 06:00:43,2026-03-19 06:01:44
11,Starved,2026-03-19 06:01:28,2026-03-19 06:01:44
10,Starved,2026-03-19 06:01:44,2026-03-19 06:01:44
8,Blocked,2026-03-19 06:01:39,2026-03-19 06:01:44
3,Running,2026-03-19 05:55:00,2026-03-19 06:01:54
6,Running,2026-03-19 06:01:09,2026-03-19 06:01:59
2,Running,2026-03-19 05:56:03,2026-03-19 06:02:04
3,Blocked,2026-03-19 06:01:54,2026-03-19 06:02:06
2,Blocked,2026-03-19 06:02:04,2026-03-19 06:02:06
6,Starved,2026-03-19 06:01:59,2026-03-19 06:02:14
11,Running,2026-03-19 06:01:44,2026-03-19 06:02:37
8,Running,2026-03-19 06:01:44,2026-03-19 06:02:39
10,Running,2026-03-19 06:01:44,2026-03-19 06:02:41
11,Starved,2026-03-19 06:02:37,2026-03-19 06:02:41
10,Starved,2026-03-19 06:02:41,2026-03-19 06:02:42
8,Blocked,2026-03-19 06:02:39,2026-03-19 06:02:42
3,Running,2026-03-19 06:02:06,2026-03-19 06:03:01
2,Running,2026-03-19 06:02:06,2026-03-19 06:03:11
6,Running,2026-03-19 06:02:14,2026-03-19 06:03:11
5,Running,2026-03-19 05:55:00,2026-03-19 06:03:15
6,Starved,2026-03-19 06:03:11,2026-03-19 06:03:15
5,Starved,2026-03-19 06:03:15,2026-03-19 06:03:20
3,Blocked,2026-03-19 06:03:01,2026-03-19 06:03:20
2,Blocked,2026-03-19 06:03:11,2026-03-19 06:03:20
10,Running,2026-03-19 06:02:42,2026-03-19 06:03:40
10,Starved,2026-03-19 06:03:40,2026-03-19 06:03:43
6,Running,2026-03-19 06:03:15,2026-03-19 06:04:10
2,Running,2026-03-19 06:03:20,2026-03-19 06:04:16
3,Running,2026-03-19 06:03:20,2026-03-19 06:04:23
5,Running,2026-03-19 06:03:20,2026-03-19 06:04:30
6,Starved,2026-03-19 06:04:10,2026-03-19 06:04:30
5,Starved,2026-03-19 06:04:30,2026-03-19 06:04:35
3,Blocked,2026-03-19 06:04:23,2026-03-19 06:04:35
2,Blocked,2026-03-19 06:04:16,2026-03-19 06:04:35
11,Running,2026-03-19 06:02:41,2026-03-19 06:04:38
10,Running,2026-03-19 06:03:43,2026-03-19 06:04:44
11,Starved,2026-03-19 06:04:38,2026-03-19 06:04:44
10,Starved,2026-03-19 06:04:44,2026-03-19 06:05:00
5,Running,2026-03-19 06:04:35,2026-03-19 06:05:24
3,Running,2026-03-19 06:04:35,2026-03-19 06:05:25
2,Running,2026-03-19 06:04:35,2026-03-19 06:05:32
1,Running,2026-03-19 05:57:18,2026-03-19 06:05:40
11,Running,2026-03-19 06:04:44,2026-03-19 06:05:47
5,Starved,2026-03-19 06:05:24,2026-03-19 06:05:50
3,Blocked,2026-03-19 06:05:25,2026-03-19 06:05:50
2,Blocked,2026-03-19 06:05:32,2026-03-19 06:05:50
1,Blocked,2026-03-19 06:05:40,2026-03-19 06:05:50
10,Running,2026-03-19 06:05:00,2026-03-19 06:05:54
11,Starved,2026-03-19 06:05:47,2026-03-19 06:05:54
10,Starved,2026-03-19 06:05:54,2026-03-19 06:05:56
6,Running,2026-03-19 06:04:30,2026-03-19 06:06:30
11,Running,2026-03-19 06:05:54,2026-03-19 06:06:44
10,Running,2026-03-19 06:05:56,2026-03-19 06:06:46
11,Starved,2026-03-19 06:06:44,2026-03-19 06:06:46
5,Running,2026-03-19 06:05:50,2026-03-19 06:06:47
6,Starved,2026-03-19 06:06:30,2026-03-19 06:06:47
2,Running,2026-03-19 06:05:50,2026-03-19 06:06:50
10,Starved,2026-03-19 06:06:46,2026-03-19 06:06:52
1,Running,2026-03-19 06:05:50,2026-03-19 06:07:02
3,Running,2026-03-19 06:05:50,2026-03-19 06:07:02
5,Starved,2026-03-19 06:06:47,2026-03-19 06:07:05
3,Blocked,2026-03-19 06:07:02,2026-03-19 06:07:05
2,Blocked,2026-03-19 06:06:50,2026-03-19 06:07:05
1,Blocked,2026-03-19 06:07:02,2026-03-19 06:07:05
6,Running,2026-03-19 06:06:47,2026-03-19 06:07:40
11,Running,2026-03-19 06:06:46,2026-03-19 06:07:45
5,Running,2026-03-19 06:07:05,2026-03-19 06:07:54
6,Starved,2026-03-19 06:07:40,2026-03-19 06:07:54
5,Starved,2026-03-19 06:07:54,2026-03-19 06:07:57
11,Starved,2026-03-19 06:07:45,2026-03-19 06:07:58
1,Running,2026-03-19 06:07:05,2026-03-19 06:08:01
1,Blocked,2026-03-19 06:08:01,2026-03-19 06:08:06
6,Running,2026-03-19 06:07:54,2026-03-19 06:08:49
6,Starved,2026-03-19 06:08:49,2026-03-19 06:08:59
8,Down,2026-03-19 06:02:42,2026-03-19 06:08:59
2,Running,2026-03-19 06:07:05,2026-03-19 06:10:00
2,Blocked,2026-03-19 06:10:00,2026-03-19 06:10:07
4,Running,2026-03-19 05:50:29,2026-03-19 06:10:44
3,Running,2026-03-19 06:07:05,2026-03-19 06:10:59
2,Running,2026-03-19 06:10:07,2026-03-19 06:11:14
1,Running,2026-03-19 06:08:06,2026-03-19 06:11:25
5,Running,2026-03-19 06:07:57,2026-03-19 06:11:54
11,Running,2026-03-19 06:07:58,2026-03-19 06:12:00
11,Starved,2026-03-19 06:12:00,2026-03-19 06:12:04
6,Running,2026-03-19 06:08:59,2026-03-19 06:13:05
4,Down,2026-03-19 06:10:44,2026-03-19 06:14:59
3,Blocked,2026-03-19 06:10:59,2026-03-19 06:14:59
2,Blocked,2026-03-19 06:11:14,2026-03-19 06:14:59
1,Blocked,2026-03-19 06:11:25,2026-03-19 06:14:59
2,Running,2026-03-19 06:14:59,2026-03-19 06:15:55
1,Running,2026-03-19 06:14:59,2026-03-19 06:15:57
3,Running,2026-03-19 06:14:59,2026-03-19 06:15:58
4,Running,2026-03-19 06:14:59,2026-03-19 06:16:02
5,Starved,2026-03-19 06:11:54,2026-03-19 06:16:02
5,Running,2026-03-19 06:16:02,2026-03-19 06:17:05
6,Starved,2026-03-19 06:13:05,2026-03-19 06:17:05
6,Running,2026-03-19 06:17:05,2026-03-19 06:18:01
12,Running,2026-03-19 05:47:02,2026-03-19 06:19:20
12,Starved,2026-03-19 06:19:20,2026-03-19 06:19:33
12,Running,2026-03-19 06:19:33,2026-03-19 06:22:16
12,Starved,2026-03-19 06:22:16,2026-03-19 06:22:18
12,Running,2026-03-19 06:22:18,2026-03-19 06:23:17
12,Starved,2026-03-19 06:23:17,2026-03-19 06:23:17
12,Running,2026-03-19 06:23:17,2026-03-19 06:24:14
12,Starved,2026-03-19 06:24:14,2026-03-19 06:24:20
4,Down,2026-03-19 06:16:02,2026-03-19 06:24:46
3,Blocked,2026-03-19 06:15:58,2026-03-19 06:24:46
2,Blocked,2026-03-19 06:15:55,2026-03-19 06:24:46
12,Running,2026-03-19 06:24:20,2026-03-19 06:25:11
11,Running,2026-03-19 06:12:04,2026-03-19 06:25:14
12,Starved,2026-03-19 06:25:11,2026-03-19 06:25:14
11,Starved,2026-03-19 06:25:14,2026-03-19 06:25:23
5,Starved,2026-03-19 06:17:05,2026-03-19 06:25:42
12,Running,2026-03-19 06:25:14,2026-03-19 06:26:12
11,Running,2026-03-19 06:25:23,2026-03-19 06:26:14
12,Starved,2026-03-19 06:26:12,2026-03-19 06:26:14
11,Starved,2026-03-19 06:26:14,2026-03-19 06:26:15
5,Running,2026-03-19 06:25:42,2026-03-19 06:26:47
6,Starved,2026-03-19 06:18:01,2026-03-19 06:26:47
3,Running,2026-03-19 06:24:46,2026-03-19 06:27:01
5,Starved,2026-03-19 06:26:47,2026-03-19 06:27:04
3,Blocked,2026-03-19 06:27:01,2026-03-19 06:27:04
10,Running,2026-03-19 06:06:52,2026-03-19 06:27:15
10,Starved,2026-03-19 06:27:15,2026-03-19 06:27:19
2,Down,2026-03-19 06:24:46,2026-03-19 06:27:43
1,Blocked,2026-03-19 06:15:57,2026-03-19 06:27:43
6,Running,2026-03-19 06:26:47,2026-03-19 06:27:49
3,Running,2026-03-19 06:27:04,2026-03-19 06:28:00
5,Running,2026-03-19 06:27:04,2026-03-19 06:28:06
5,Starved,2026-03-19 06:28:06,2026-03-19 06:28:12
3,Blocked,2026-03-19 06:28:00,2026-03-19 06:28:12
12,Running,2026-03-19 06:26:14,2026-03-19 06:28:16
11,Running,2026-03-19 06:26:15,2026-03-19 06:28:17
12,Starved,2026-03-19 06:28:16,2026-03-19 06:28:17
11,Starved,2026-03-19 06:28:17,2026-03-19 06:28:23
12,Running,2026-03-19 06:28:17,2026-03-19 06:29:08
3,Running,2026-03-19 06:28:12,2026-03-19 06:29:10
5,Running,2026-03-19 06:28:12,2026-03-19 06:29:11
11,Running,2026-03-19 06:28:23,2026-03-19 06:29:16
12,Starved,2026-03-19 06:29:08,2026-03-19 06:29:16
11,Starved,2026-03-19 06:29:16,2026-03-19 06:29:28
5,Starved,2026-03-19 06:29:11,2026-03-19 06:29:43
3,Blocked,2026-03-19 06:29:10,2026-03-19 06:29:43
6,Down,2026-03-19 06:27:49,2026-03-19 06:29:48
12,Running,2026-03-19 06:29:16,2026-03-19 06:30:19
11,Running,2026-03-19 06:29:28,2026-03-19 06:30:24
12,Starved,2026-03-19 06:30:19,2026-03-19 06:30:24
11,Starved,2026-03-19 06:30:24,2026-03-19 06:30:32
5,Running,2026-03-19 06:29:43,2026-03-19 06:30:38
3,Running,2026-03-19 06:29:43,2026-03-19 06:30:39
5,Starved,2026-03-19 06:30:38,2026-03-19 06:30:43
3,Blocked,2026-03-19 06:30:39,2026-03-19 06:30:43
12,Running,2026-03-19 06:30:24,2026-03-19 06:31:20
11,Running,2026-03-19 06:30:32,2026-03-19 06:31:32
12,Starved,2026-03-19 06:31:20,2026-03-19 06:31:32
11,Starved,2026-03-19 06:31:32,2026-03-19 06:31:34
5,Running,2026-03-19 06:30:43,2026-03-19 06:31:39
1,Running,2026-03-19 06:27:43,2026-03-19 06:31:46
3,Running,2026-03-19 06:30:43,2026-03-19 06:31:47
1,Blocked,2026-03-19 06:31:46,2026-03-19 06:31:51
5,Starved,2026-03-19 06:31:39,2026-03-19 06:31:56
3,Blocked,2026-03-19 06:31:47,2026-03-19 06:31:56
12,Running,2026-03-19 06:31:32,2026-03-19 06:32:33
12,Starved,2026-03-19 06:32:33,2026-03-19 06:32:40
5,Running,2026-03-19 06:31:56,2026-03-19 06:32:47
1,Running,2026-03-19 06:31:51,2026-03-19 06:32:48
1,Blocked,2026-03-19 06:32:48,2026-03-19 06:32:52
5,Starved,2026-03-19 06:32:47,2026-03-19 06:33:03
1,Running,2026-03-19 06:32:52,2026-03-19 06:34:03
1,Blocked,2026-03-19 06:34:03,2026-03-19 06:34:05
5,Running,2026-03-19 06:33:03,2026-03-19 06:36:04
5,Starved,2026-03-19 06:36:04,2026-03-19 06:36:06
5,Running,2026-03-19 06:36:06,2026-03-19 06:37:02
5,Starved,2026-03-19 06:37:02,2026-03-19 06:37:07
5,Running,2026-03-19 06:37:07,2026-03-19 06:38:07
5,Starved,2026-03-19 06:38:07,2026-03-19 06:38:10
5,Running,2026-03-19 06:38:10,2026-03-19 06:39:09
5,Starved,2026-03-19 06:39:09,2026-03-19 06:39:20
3,Running,2026-03-19 06:31:56,2026-03-19 06:40:23
5,Running,2026-03-19 06:39:20,2026-03-19 06:40:24
5,Starved,2026-03-19 06:40:24,2026-03-19 06:40:33
3,Blocked,2026-03-19 06:40:23,2026-03-19 06:40:33
2,Running,2026-03-19 06:27:43,2026-03-19 06:40:54
1,Running,2026-03-19 06:34:05,2026-03-19 06:41:12
3,Running,2026-03-19 06:40:33,2026-03-19 06:41:37
5,Running,2026-03-19 06:40:33,2026-03-19 06:41:40
5,Starved,2026-03-19 06:41:40,2026-03-19 06:41:41
3,Blocked,2026-03-19 06:41:37,2026-03-19 06:41:41
3,Running,2026-03-19 06:41:41,2026-03-19 06:42:31
3,Blocked,2026-03-19 06:42:31,2026-03-19 06:42:46
11,Running,2026-03-19 06:31:34,2026-03-19 06:42:48
6,Running,2026-03-19 06:29:48,2026-03-19 06:42:48
6,Starved,2026-03-19 06:42:48,2026-03-19 06:42:50
6,Running,2026-03-19 06:42:50,2026-03-19 06:43:48
6,Starved,2026-03-19 06:43:48,2026-03-19 06:43:51
12,Running,2026-03-19 06:32:40,2026-03-19 06:44:02
10,Running,2026-03-19 06:27:19,2026-03-19 06:44:18
10,Starved,2026-03-19 06:44:18,2026-03-19 06:44:26
6,Running,2026-03-19 06:43:51,2026-03-19 06:44:46
3,Running,2026-03-19 06:42:46,2026-03-19 06:44:48
5,Running,2026-03-19 06:41:41,2026-03-19 06:44:56
6,Starved,2026-03-19 06:44:46,2026-03-19 06:44:56
5,Starved,2026-03-19 06:44:56,2026-03-19 06:45:10
3,Blocked,2026-03-19 06:44:48,2026-03-19 06:45:10
11,Down,2026-03-19 06:42:48,2026-03-19 06:45:43
6,Running,2026-03-19 06:44:56,2026-03-19 06:46:02
3,Running,2026-03-19 06:45:10,2026-03-19 06:46:06
5,Running,2026-03-19 06:45:10,2026-03-19 06:46:12
6,Starved,2026-03-19 06:46:02,2026-03-19 06:46:12
5,Starved,2026-03-19 06:46:12,2026-03-19 06:46:18
3,Blocked,2026-03-19 06:46:06,2026-03-19 06:46:18
12,Starved,2026-03-19 06:44:02,2026-03-19 06:46:54
6,Running,2026-03-19 06:46:12,2026-03-19 06:47:09
6,Starved,2026-03-19 06:47:09,2026-03-19 06:47:15
10,Running,2026-03-19 06:44:26,2026-03-19 06:47:21
10,Starved,2026-03-19 06:47:21,2026-03-19 06:47:28
12,Running,2026-03-19 06:46:54,2026-03-19 06:47:47
12,Starved,2026-03-19 06:47:47,2026-03-19 06:47:56
12,Running,2026-03-19 06:47:56,2026-03-19 06:48:52
12,Starved,2026-03-19 06:48:52,2026-03-19 06:48:54
5,Running,2026-03-19 06:46:18,2026-03-19 06:48:57
5,Starved,2026-03-19 06:48:57,2026-03-19 06:49:09
12,Running,2026-03-19 06:48:54,2026-03-19 06:50:03
6,Running,2026-03-19 06:47:15,2026-03-19 06:50:04
5,Running,2026-03-19 06:49:09,2026-03-19 06:50:08
6,Starved,2026-03-19 06:50:04,2026-03-19 06:50:08
5,Starved,2026-03-19 06:50:08,2026-03-19 06:50:20
6,Running,2026-03-19 06:50:08,2026-03-19 06:51:03
5,Running,2026-03-19 06:50:20,2026-03-19 06:51:21
6,Starved,2026-03-19 06:51:03,2026-03-19 06:51:21
5,Starved,2026-03-19 06:51:21,2026-03-19 06:51:28
10,Running,2026-03-19 06:47:28,2026-03-19 06:51:49
10,Starved,2026-03-19 06:51:49,2026-03-19 06:51:59
3,Down,2026-03-19 06:46:18,2026-03-19 06:52:01
6,Running,2026-03-19 06:51:21,2026-03-19 06:52:14
5,Running,2026-03-19 06:51:28,2026-03-19 06:52:24
5,Starved,2026-03-19 06:52:24,2026-03-19 06:52:25
6,Down,2026-03-19 06:52:14,2026-03-19 06:52:32
10,Running,2026-03-19 06:51:59,2026-03-19 06:52:52
10,Starved,2026-03-19 06:52:52,2026-03-19 06:52:52
10,Running,2026-03-19 06:52:52,2026-03-19 06:54:47
10,Starved,2026-03-19 06:54:47,2026-03-19 06:54:57
10,Running,2026-03-19 06:54:57,2026-03-19 06:56:02
10,Starved,2026-03-19 06:56:02,2026-03-19 06:56:03
2,Down,2026-03-19 06:40:54,2026-03-19 06:56:41
1,Blocked,2026-03-19 06:41:12,2026-03-19 06:56:41
8,Running,2026-03-19 06:08:59,2026-03-19 06:56:44
8,Down,2026-03-19 06:56:44,2026-03-19 06:57:16
3,Running,2026-03-19 06:52:01,2026-03-19 06:57:56
5,Running,2026-03-19 06:52:25,2026-03-19 06:58:18
5,Starved,2026-03-19 06:58:18,2026-03-19 06:58:27
1,Running,2026-03-19 06:56:41,2026-03-19 06:58:36
1,Blocked,2026-03-19 06:58:36,2026-03-19 06:58:47
12,Down,2026-03-19 06:50:03,2026-03-19 06:59:07
5,Running,2026-03-19 06:58:27,2026-03-19 06:59:36
5,Starved,2026-03-19 06:59:36,2026-03-19 06:59:42
10,Running,2026-03-19 06:56:03,2026-03-19 06:59:54
10,Starved,2026-03-19 06:59:54,2026-03-19 07:00:08
5,Running,2026-03-19 06:59:42,2026-03-19 07:00:50
5,Starved,2026-03-19 07:00:50,2026-03-19 07:01:01
5,Running,2026-03-19 07:01:01,2026-03-19 07:02:00
10,Running,2026-03-19 07:00:08,2026-03-19 07:02:04
10,Starved,2026-03-19 07:02:04,2026-03-19 07:02:06
5,Starved,2026-03-19 07:02:00,2026-03-19 07:02:14
10,Running,2026-03-19 07:02:06,2026-03-19 07:03:03
5,Running,2026-03-19 07:02:14,2026-03-19 07:03:11
4,Running,2026-03-19 06:24:46,2026-03-19 07:03:21
5,Starved,2026-03-19 07:03:11,2026-03-19 07:03:21
9,Running,2026-03-19 05:36:23,2026-03-19 07:03:42
10,Starved,2026-03-19 07:03:03,2026-03-19 07:03:42
5,Running,2026-03-19 07:03:21,2026-03-19 07:04:19
9,Down,2026-03-19 07:03:42,2026-03-19 07:04:21
10,Running,2026-03-19 07:03:42,2026-03-19 07:04:38
10,Starved,2026-03-19 07:04:38,2026-03-19 07:05:20
1,Running,2026-03-19 06:58:47,2026-03-19 07:05:34
1,Blocked,2026-03-19 07:05:34,2026-03-19 07:05:34
6,Running,2026-03-19 06:52:32,2026-03-19 07:05:35
10,Running,2026-03-19 07:05:20,2026-03-19 07:06:18
10,Starved,2026-03-19 07:06:18,2026-03-19 07:06:22
8,Running,2026-03-19 06:57:16,2026-03-19 07:07:20
10,Running,2026-03-19 07:06:22,2026-03-19 07:08:23
10,Starved,2026-03-19 07:08:23,2026-03-19 07:08:29
2,Running,2026-03-19 06:56:41,2026-03-19 07:08:36
1,Running,2026-03-19 07:05:34,2026-03-19 07:08:52
10,Running,2026-03-19 07:08:29,2026-03-19 07:09:21
10,Starved,2026-03-19 07:09:21,2026-03-19 07:09:33
9,Running,2026-03-19 07:04:21,2026-03-19 07:11:26
10,Running,2026-03-19 07:09:33,2026-03-19 07:12:36
8,Down,2026-03-19 07:07:20,2026-03-19 07:13:57
3,Down,2026-03-19 06:57:56,2026-03-19 07:14:37
2,Blocked,2026-03-19 07:08:36,2026-03-19 07:14:37
1,Blocked,2026-03-19 07:08:52,2026-03-19 07:14:37
9,Starved,2026-03-19 07:11:26,2026-03-19 07:14:45
11,Running,2026-03-19 06:45:43,2026-03-19 07:15:22
2,Running,2026-03-19 07:14:37,2026-03-19 07:15:37
4,Starved,2026-03-19 07:03:21,2026-03-19 07:15:37
2,Blocked,2026-03-19 07:15:37,2026-03-19 07:15:37
10,Starved,2026-03-19 07:12:36,2026-03-19 07:15:54
1,Running,2026-03-19 07:14:37,2026-03-19 07:16:37
1,Blocked,2026-03-19 07:16:37,2026-03-19 07:16:46
10,Running,2026-03-19 07:15:54,2026-03-19 07:16:48
11,Starved,2026-03-19 07:15:22,2026-03-19 07:16:48
5,Starved,2026-03-19 07:04:19,2026-03-19 07:16:50
10,Starved,2026-03-19 07:16:48,2026-03-19 07:17:02
11,Running,2026-03-19 07:16:48,2026-03-19 07:17:49
5,Running,2026-03-19 07:16:50,2026-03-19 07:17:51
6,Starved,2026-03-19 07:05:35,2026-03-19 07:17:51
5,Starved,2026-03-19 07:17:51,2026-03-19 07:17:52
10,Running,2026-03-19 07:17:02,2026-03-19 07:17:56
11,Starved,2026-03-19 07:17:49,2026-03-19 07:17:56
10,Starved,2026-03-19 07:17:56,2026-03-19 07:17:58
1,Running,2026-03-19 07:16:46,2026-03-19 07:18:44
1,Blocked,2026-03-19 07:18:44,2026-03-19 07:18:49
11,Running,2026-03-19 07:17:56,2026-03-19 07:18:54
11,Starved,2026-03-19 07:18:54,2026-03-19 07:18:56
5,Running,2026-03-19 07:17:52,2026-03-19 07:19:43
11,Running,2026-03-19 07:18:56,2026-03-19 07:19:57
10,Running,2026-03-19 07:17:58,2026-03-19 07:19:59
11,Starved,2026-03-19 07:19:57,2026-03-19 07:19:59
10,Starved,2026-03-19 07:19:59,2026-03-19 07:20:01
5,Starved,2026-03-19 07:19:43,2026-03-19 07:20:07
6,Running,2026-03-19 07:17:51,2026-03-19 07:20:49
11,Running,2026-03-19 07:19:59,2026-03-19 07:20:56
11,Starved,2026-03-19 07:20:56,2026-03-19 07:21:07
6,Starved,2026-03-19 07:20:49,2026-03-19 07:21:11
1,Running,2026-03-19 07:18:49,2026-03-19 07:21:43
1,Blocked,2026-03-19 07:21:43,2026-03-19 07:21:46
11,Running,2026-03-19 07:21:07,2026-03-19 07:21:57
11,Starved,2026-03-19 07:21:57,2026-03-19 07:22:11
6,Running,2026-03-19 07:21:11,2026-03-19 07:22:18
6,Starved,2026-03-19 07:22:18,2026-03-19 07:22:23
11,Running,2026-03-19 07:22:11,2026-03-19 07:23:07
11,Starved,2026-03-19 07:23:07,2026-03-19 07:23:19
6,Running,2026-03-19 07:22:23,2026-03-19 07:24:20
11,Running,2026-03-19 07:23:19,2026-03-19 07:24:20
2,Running,2026-03-19 07:15:37,2026-03-19 07:24:24
11,Starved,2026-03-19 07:24:20,2026-03-19 07:24:27
2,Blocked,2026-03-19 07:24:24,2026-03-19 07:24:28
6,Starved,2026-03-19 07:24:20,2026-03-19 07:24:30
2,Running,2026-03-19 07:24:28,2026-03-19 07:25:27
2,Blocked,2026-03-19 07:25:27,2026-03-19 07:25:30
6,Running,2026-03-19 07:24:30,2026-03-19 07:25:34
6,Starved,2026-03-19 07:25:34,2026-03-19 07:25:35
11,Running,2026-03-19 07:24:27,2026-03-19 07:26:27
2,Running,2026-03-19 07:25:30,2026-03-19 07:26:28
2,Blocked,2026-03-19 07:26:28,2026-03-19 07:26:29
11,Starved,2026-03-19 07:26:27,2026-03-19 07:26:30
2,Running,2026-03-19 07:26:29,2026-03-19 07:27:21
2,Blocked,2026-03-19 07:27:21,2026-03-19 07:27:24
11,Running,2026-03-19 07:26:30,2026-03-19 07:27:29
5,Running,2026-03-19 07:20:07,2026-03-19 07:27:30
5,Starved,2026-03-19 07:27:30,2026-03-19 07:27:34
11,Starved,2026-03-19 07:27:29,2026-03-19 07:27:38
2,Running,2026-03-19 07:27:24,2026-03-19 07:28:15
2,Blocked,2026-03-19 07:28:15,2026-03-19 07:28:18
6,Running,2026-03-19 07:25:35,2026-03-19 07:28:33
11,Running,2026-03-19 07:27:38,2026-03-19 07:28:35
5,Running,2026-03-19 07:27:34,2026-03-19 07:28:36
11,Starved,2026-03-19 07:28:35,2026-03-19 07:28:39
5,Starved,2026-03-19 07:28:36,2026-03-19 07:28:42
2,Running,2026-03-19 07:28:18,2026-03-19 07:29:09
2,Blocked,2026-03-19 07:29:09,2026-03-19 07:29:14
11,Running,2026-03-19 07:28:39,2026-03-19 07:29:39
5,Running,2026-03-19 07:28:42,2026-03-19 07:29:40
5,Starved,2026-03-19 07:29:40,2026-03-19 07:29:50
11,Starved,2026-03-19 07:29:39,2026-03-19 07:29:51
2,Running,2026-03-19 07:29:14,2026-03-19 07:30:09
2,Blocked,2026-03-19 07:30:09,2026-03-19 07:30:10
5,Running,2026-03-19 07:29:50,2026-03-19 07:30:46
5,Starved,2026-03-19 07:30:46,2026-03-19 07:30:53
2,Running,2026-03-19 07:30:10,2026-03-19 07:31:06
2,Blocked,2026-03-19 07:31:06,2026-03-19 07:31:18
5,Running,2026-03-19 07:30:53,2026-03-19 07:31:55
5,Starved,2026-03-19 07:31:55,2026-03-19 07:32:00
5,Running,2026-03-19 07:32:00,2026-03-19 07:33:01
5,Starved,2026-03-19 07:33:01,2026-03-19 07:33:10
2,Running,2026-03-19 07:31:18,2026-03-19 07:33:14
2,Blocked,2026-03-19 07:33:14,2026-03-19 07:33:20
5,Running,2026-03-19 07:33:10,2026-03-19 07:34:09
5,Starved,2026-03-19 07:34:09,2026-03-19 07:34:18
1,Running,2026-03-19 07:21:46,2026-03-19 07:35:07
2,Running,2026-03-19 07:33:20,2026-03-19 07:35:16
2,Blocked,2026-03-19 07:35:16,2026-03-19 07:35:16
5,Running,2026-03-19 07:34:18,2026-03-19 07:36:20
5,Starved,2026-03-19 07:36:20,2026-03-19 07:36:32
10,Running,2026-03-19 07:20:01,2026-03-19 07:37:20
5,Running,2026-03-19 07:36:32,2026-03-19 07:37:31
5,Starved,2026-03-19 07:37:31,2026-03-19 07:37:33
10,Starved,2026-03-19 07:37:20,2026-03-19 07:37:40
1,Down,2026-03-19 07:35:07,2026-03-19 07:38:26
5,Running,2026-03-19 07:37:33,2026-03-19 07:38:35
5,Starved,2026-03-19 07:38:35,2026-03-19 07:38:35
5,Running,2026-03-19 07:38:35,2026-03-19 07:39:31
5,Starved,2026-03-19 07:39:31,2026-03-19 07:39:52
5,Running,2026-03-19 07:39:52,2026-03-19 07:40:47
5,Starved,2026-03-19 07:40:47,2026-03-19 07:41:07
2,Running,2026-03-19 07:35:16,2026-03-19 07:41:18
2,Blocked,2026-03-19 07:41:18,2026-03-19 07:41:20
6,Down,2026-03-19 07:28:33,2026-03-19 07:41:24
5,Running,2026-03-19 07:41:07,2026-03-19 07:43:01
5,Starved,2026-03-19 07:43:01,2026-03-19 07:43:10
2,Running,2026-03-19 07:41:20,2026-03-19 07:43:18
2,Blocked,2026-03-19 07:43:18,2026-03-19 07:43:21
11,Running,2026-03-19 07:29:51,2026-03-19 07:43:47
11,Starved,2026-03-19 07:43:47,2026-03-19 07:43:49
5,Running,2026-03-19 07:43:10,2026-03-19 07:44:10
5,Starved,2026-03-19 07:44:10,2026-03-19 07:44:16
11,Running,2026-03-19 07:43:49,2026-03-19 07:45:33
11,Starved,2026-03-19 07:45:33,2026-03-19 07:45:37
11,Running,2026-03-19 07:45:37,2026-03-19 07:46:28
11,Starved,2026-03-19 07:46:28,2026-03-19 07:46:34
5,Running,2026-03-19 07:44:16,2026-03-19 07:47:22
5,Starved,2026-03-19 07:47:22,2026-03-19 07:47:29
10,Running,2026-03-19 07:37:40,2026-03-19 07:48:24
5,Running,2026-03-19 07:47:29,2026-03-19 07:48:27
10,Starved,2026-03-19 07:48:24,2026-03-19 07:48:30
5,Down,2026-03-19 07:48:27,2026-03-19 07:48:32
5,Starved,2026-03-19 07:48:32,2026-03-19 07:48:49
11,Running,2026-03-19 07:46:34,2026-03-19 07:49:25
11,Starved,2026-03-19 07:49:25,2026-03-19 07:49:35
5,Running,2026-03-19 07:48:49,2026-03-19 07:49:38
5,Starved,2026-03-19 07:49:38,2026-03-19 07:49:59
10,Running,2026-03-19 07:48:30,2026-03-19 07:50:30
10,Starved,2026-03-19 07:50:30,2026-03-19 07:50:34
5,Running,2026-03-19 07:49:59,2026-03-19 07:51:00
5,Starved,2026-03-19 07:51:00,2026-03-19 07:51:15
10,Running,2026-03-19 07:50:34,2026-03-19 07:51:21
10,Starved,2026-03-19 07:51:21,2026-03-19 07:52:07
5,Running,2026-03-19 07:51:15,2026-03-19 07:52:16
5,Starved,2026-03-19 07:52:16,2026-03-19 07:52:19
11,Running,2026-03-19 07:49:35,2026-03-19 07:52:35
11,Starved,2026-03-19 07:52:35,2026-03-19 07:53:03
2,Running,2026-03-19 07:43:21,2026-03-19 07:53:14
2,Blocked,2026-03-19 07:53:14,2026-03-19 07:53:21
11,Running,2026-03-19 07:53:03,2026-03-19 07:54:06
11,Starved,2026-03-19 07:54:06,2026-03-19 07:54:07
5,Running,2026-03-19 07:52:19,2026-03-19 07:54:27
5,Starved,2026-03-19 07:54:27,2026-03-19 07:54:35
11,Running,2026-03-19 07:54:07,2026-03-19 07:55:07
11,Starved,2026-03-19 07:55:07,2026-03-19 07:55:10
5,Running,2026-03-19 07:54:35,2026-03-19 07:55:24
5,Starved,2026-03-19 07:55:24,2026-03-19 07:55:32
5,Running,2026-03-19 07:55:32,2026-03-19 07:56:25
5,Starved,2026-03-19 07:56:25,2026-03-19 07:56:31
10,Running,2026-03-19 07:52:07,2026-03-19 07:57:04
10,Starved,2026-03-19 07:57:04,2026-03-19 07:57:11
10,Running,2026-03-19 07:57:11,2026-03-19 07:59:59
9,Running,2026-03-19 07:14:45,2026-03-19 08:00:03
10,Starved,2026-03-19 07:59:59,2026-03-19 08:00:03
5,Running,2026-03-19 07:56:31,2026-03-19 08:00:36
5,Starved,2026-03-19 08:00:36,2026-03-19 08:00:49
10,Running,2026-03-19 08:00:03,2026-03-19 08:01:03
11,Running,2026-03-19 07:55:10,2026-03-19 08:02:02
5,Running,2026-03-19 08:00:49,2026-03-19 08:03:39
5,Starved,2026-03-19 08:03:39,2026-03-19 08:03:42
5,Running,2026-03-19 08:03:42,2026-03-19 08:04:34
5,Starved,2026-03-19 08:04:34,2026-03-19 08:04:35
5,Running,2026-03-19 08:04:35,2026-03-19 08:05:34
5,Starved,2026-03-19 08:05:34,2026-03-19 08:05:35
5,Running,2026-03-19 08:05:35,2026-03-19 08:06:33
5,Starved,2026-03-19 08:06:33,2026-03-19 08:06:39
8,Running,2026-03-19 07:13:57,2026-03-19 08:06:57
5,Running,2026-03-19 08:06:39,2026-03-19 08:07:40
5,Starved,2026-03-19 08:07:40,2026-03-19 08:08:15
12,Running,2026-03-19 06:59:07,2026-03-19 08:08:52
5,Running,2026-03-19 08:08:15,2026-03-19 08:09:08
5,Starved,2026-03-19 08:09:08,2026-03-19 08:09:33
5,Running,2026-03-19 08:09:33,2026-03-19 08:10:24
5,Starved,2026-03-19 08:10:24,2026-03-19 08:11:06
7,Running,2026-03-19 05:49:44,2026-03-19 08:12:13
9,Down,2026-03-19 08:00:03,2026-03-19 08:16:33
8,Blocked,2026-03-19 08:06:57,2026-03-19 08:16:33
7,Blocked,2026-03-19 08:12:13,2026-03-19 08:16:33
10,Starved,2026-03-19 08:01:03,2026-03-19 08:17:35
7,Running,2026-03-19 08:16:33,2026-03-19 08:17:35
7,Blocked,2026-03-19 08:17:35,2026-03-19 08:17:41
8,Running,2026-03-19 08:16:33,2026-03-19 08:18:38
8,Blocked,2026-03-19 08:18:38,2026-03-19 08:18:40
11,Starved,2026-03-19 08:02:02,2026-03-19 08:18:48
7,Running,2026-03-19 08:17:41,2026-03-19 08:19:38
8,Running,2026-03-19 08:18:40,2026-03-19 08:19:39
10,Running,2026-03-19 08:17:35,2026-03-19 08:19:46
10,Starved,2026-03-19 08:19:46,2026-03-19 08:19:52
8,Blocked,2026-03-19 08:19:39,2026-03-19 08:19:52
7,Blocked,2026-03-19 08:19:38,2026-03-19 08:19:52
12,Starved,2026-03-19 08:08:52,2026-03-19 08:19:55
10,Running,2026-03-19 08:19:52,2026-03-19 08:20:45
8,Running,2026-03-19 08:19:52,2026-03-19 08:20:51
7,Running,2026-03-19 08:19:52,2026-03-19 08:20:52
10,Starved,2026-03-19 08:20:45,2026-03-19 08:20:58
8,Blocked,2026-03-19 08:20:51,2026-03-19 08:20:58
7,Blocked,2026-03-19 08:20:52,2026-03-19 08:20:58
11,Running,2026-03-19 08:18:48,2026-03-19 08:21:51
8,Running,2026-03-19 08:20:58,2026-03-19 08:21:54
8,Blocked,2026-03-19 08:21:54,2026-03-19 08:21:55
11,Starved,2026-03-19 08:21:51,2026-03-19 08:22:08
5,Running,2026-03-19 08:11:06,2026-03-19 08:22:11
5,Starved,2026-03-19 08:22:11,2026-03-19 08:22:25
12,Running,2026-03-19 08:19:55,2026-03-19 08:22:55
12,Starved,2026-03-19 08:22:55,2026-03-19 08:23:13
5,Running,2026-03-19 08:22:25,2026-03-19 08:23:36
5,Starved,2026-03-19 08:23:36,2026-03-19 08:23:46
10,Running,2026-03-19 08:20:58,2026-03-19 08:24:06
8,Running,2026-03-19 08:21:55,2026-03-19 08:24:08
12,Running,2026-03-19 08:23:13,2026-03-19 08:24:08
10,Starved,2026-03-19 08:24:06,2026-03-19 08:24:09
8,Blocked,2026-03-19 08:24:08,2026-03-19 08:24:09
12,Starved,2026-03-19 08:24:08,2026-03-19 08:24:12
10,Running,2026-03-19 08:24:09,2026-03-19 08:25:03
10,Starved,2026-03-19 08:25:03,2026-03-19 08:25:08
11,Running,2026-03-19 08:22:08,2026-03-19 08:26:08
11,Starved,2026-03-19 08:26:08,2026-03-19 08:26:08
5,Running,2026-03-19 08:23:46,2026-03-19 08:27:56
5,Starved,2026-03-19 08:27:56,2026-03-19 08:28:09
11,Running,2026-03-19 08:26:08,2026-03-19 08:30:01
8,Running,2026-03-19 08:24:09,2026-03-19 08:30:10
10,Running,2026-03-19 08:25:08,2026-03-19 08:30:10
11,Starved,2026-03-19 08:30:01,2026-03-19 08:30:10
10,Starved,2026-03-19 08:30:10,2026-03-19 08:30:19
8,Blocked,2026-03-19 08:30:10,2026-03-19 08:30:19
5,Running,2026-03-19 08:28:09,2026-03-19 08:30:22
5,Starved,2026-03-19 08:30:22,2026-03-19 08:30:23
11,Running,2026-03-19 08:30:10,2026-03-19 08:31:00
11,Starved,2026-03-19 08:31:00,2026-03-19 08:31:12
5,Running,2026-03-19 08:30:23,2026-03-19 08:31:23
5,Starved,2026-03-19 08:31:23,2026-03-19 08:31:24
11,Running,2026-03-19 08:31:12,2026-03-19 08:31:58
11,Starved,2026-03-19 08:31:58,2026-03-19 08:32:07
5,Running,2026-03-19 08:31:24,2026-03-19 08:32:21
5,Starved,2026-03-19 08:32:21,2026-03-19 08:32:48
5,Running,2026-03-19 08:32:48,2026-03-19 08:33:46
5,Starved,2026-03-19 08:33:46,2026-03-19 08:33:47
5,Running,2026-03-19 08:33:47,2026-03-19 08:34:47
5,Starved,2026-03-19 08:34:47,2026-03-19 08:34:50
8,Running,2026-03-19 08:30:19,2026-03-19 08:36:04
10,Running,2026-03-19 08:30:19,2026-03-19 08:36:08
10,Starved,2026-03-19 08:36:08,2026-03-19 08:36:08
8,Blocked,2026-03-19 08:36:04,2026-03-19 08:36:08
1,Running,2026-03-19 07:38:26,2026-03-19 08:36:43
10,Running,2026-03-19 08:36:08,2026-03-19 08:36:57
8,Running,2026-03-19 08:36:08,2026-03-19 08:37:13
10,Starved,2026-03-19 08:36:57,2026-03-19 08:37:21
8,Blocked,2026-03-19 08:37:13,2026-03-19 08:37:21
5,Running,2026-03-19 08:34:50,2026-03-19 08:37:43
5,Starved,2026-03-19 08:37:43,2026-03-19 08:38:02
8,Running,2026-03-19 08:37:21,2026-03-19 08:38:14
11,Running,2026-03-19 08:32:07,2026-03-19 08:38:14
8,Blocked,2026-03-19 08:38:14,2026-03-19 08:38:20
11,Starved,2026-03-19 08:38:14,2026-03-19 08:38:21
5,Running,2026-03-19 08:38:02,2026-03-19 08:39:03
5,Starved,2026-03-19 08:39:03,2026-03-19 08:39:03
11,Running,2026-03-19 08:38:21,2026-03-19 08:39:15
8,Running,2026-03-19 08:38:20,2026-03-19 08:39:21
8,Blocked,2026-03-19 08:39:21,2026-03-19 08:39:22
11,Starved,2026-03-19 08:39:15,2026-03-19 08:39:32
5,Running,2026-03-19 08:39:03,2026-03-19 08:40:08
12,Running,2026-03-19 08:24:12,2026-03-19 08:40:37
12,Starved,2026-03-19 08:40:37,2026-03-19 08:40:38
2,Running,2026-03-19 07:53:21,2026-03-19 08:41:17
11,Running,2026-03-19 08:39:32,2026-03-19 08:41:29
11,Starved,2026-03-19 08:41:29,2026-03-19 08:41:36
5,Down,2026-03-19 08:40:08,2026-03-19 08:44:42
8,Running,2026-03-19 08:39:22,2026-03-19 08:45:25
8,Blocked,2026-03-19 08:45:25,2026-03-19 08:45:26
11,Running,2026-03-19 08:41:36,2026-03-19 08:45:30
11,Starved,2026-03-19 08:45:30,2026-03-19 08:45:32
6,Running,2026-03-19 07:41:24,2026-03-19 08:45:46
6,Starved,2026-03-19 08:45:46,2026-03-19 08:45:49
8,Running,2026-03-19 08:45:26,2026-03-19 08:46:26
11,Running,2026-03-19 08:45:32,2026-03-19 08:46:28
10,Running,2026-03-19 08:37:21,2026-03-19 08:46:30
11,Starved,2026-03-19 08:46:28,2026-03-19 08:46:30
10,Starved,2026-03-19 08:46:30,2026-03-19 08:46:35
8,Blocked,2026-03-19 08:46:26,2026-03-19 08:46:35
1,Down,2026-03-19 08:36:43,2026-03-19 08:47:09
11,Running,2026-03-19 08:46:30,2026-03-19 08:47:20
8,Running,2026-03-19 08:46:35,2026-03-19 08:47:32
8,Blocked,2026-03-19 08:47:32,2026-03-19 08:47:36
11,Starved,2026-03-19 08:47:20,2026-03-19 08:47:41
2,Starved,2026-03-19 08:41:17,2026-03-19 08:48:23
10,Running,2026-03-19 08:46:35,2026-03-19 08:48:35
8,Running,2026-03-19 08:47:36,2026-03-19 08:48:37
6,Running,2026-03-19 08:45:49,2026-03-19 08:48:41
6,Starved,2026-03-19 08:48:41,2026-03-19 08:48:43
10,Starved,2026-03-19 08:48:35,2026-03-19 08:48:51
8,Blocked,2026-03-19 08:48:37,2026-03-19 08:48:51
2,Running,2026-03-19 08:48:23,2026-03-19 08:49:18
2,Starved,2026-03-19 08:49:18,2026-03-19 08:49:26
11,Running,2026-03-19 08:47:41,2026-03-19 08:49:43
8,Running,2026-03-19 08:48:51,2026-03-19 08:49:49
8,Blocked,2026-03-19 08:49:49,2026-03-19 08:49:51
12,Running,2026-03-19 08:40:38,2026-03-19 08:50:40
8,Running,2026-03-19 08:49:51,2026-03-19 08:50:45
8,Blocked,2026-03-19 08:50:45,2026-03-19 08:50:56
8,Running,2026-03-19 08:50:56,2026-03-19 08:53:52
8,Blocked,2026-03-19 08:53:52,2026-03-19 08:53:58
8,Running,2026-03-19 08:53:58,2026-03-19 08:54:58
8,Blocked,2026-03-19 08:54:58,2026-03-19 08:54:58
11,Down,2026-03-19 08:49:43,2026-03-19 08:55:08
8,Running,2026-03-19 08:54:58,2026-03-19 08:56:00
8,Blocked,2026-03-19 08:56:00,2026-03-19 08:56:01
3,Running,2026-03-19 07:14:37,2026-03-19 08:56:14
3,Blocked,2026-03-19 08:56:14,2026-03-19 08:56:14
12,Starved,2026-03-19 08:50:40,2026-03-19 08:56:18
8,Running,2026-03-19 08:56:01,2026-03-19 08:56:56
8,Blocked,2026-03-19 08:56:56,2026-03-19 08:57:13
3,Running,2026-03-19 08:56:14,2026-03-19 08:57:15
3,Blocked,2026-03-19 08:57:15,2026-03-19 08:57:21
8,Running,2026-03-19 08:57:13,2026-03-19 08:58:04
8,Blocked,2026-03-19 08:58:04,2026-03-19 08:58:10
3,Running,2026-03-19 08:57:21,2026-03-19 08:58:12
3,Blocked,2026-03-19 08:58:12,2026-03-19 08:58:13
1,Running,2026-03-19 08:47:09,2026-03-19 08:58:23
3,Running,2026-03-19 08:58:13,2026-03-19 08:59:08
8,Running,2026-03-19 08:58:10,2026-03-19 08:59:09
3,Blocked,2026-03-19 08:59:08,2026-03-19 08:59:15
12,Running,2026-03-19 08:56:18,2026-03-19 08:59:16
1,Down,2026-03-19 08:58:23,2026-03-19 08:59:19
10,Running,2026-03-19 08:48:51,2026-03-19 08:59:20
2,Running,2026-03-19 08:49:26,2026-03-19 08:59:44
10,Starved,2026-03-19 08:59:20,2026-03-19 08:59:44
8,Blocked,2026-03-19 08:59:09,2026-03-19 08:59:44
2,Starved,2026-03-19 08:59:44,2026-03-19 09:00:24
8,Running,2026-03-19 08:59:44,2026-03-19 09:00:31
10,Running,2026-03-19 08:59:44,2026-03-19 09:00:48
10,Starved,2026-03-19 09:00:48,2026-03-19 09:00:54
8,Blocked,2026-03-19 09:00:31,2026-03-19 09:00:54
3,Running,2026-03-19 08:59:15,2026-03-19 09:01:13
3,Blocked,2026-03-19 09:01:13,2026-03-19 09:01:20
2,Running,2026-03-19 09:00:24,2026-03-19 09:01:22
2,Starved,2026-03-19 09:01:22,2026-03-19 09:01:29
8,Running,2026-03-19 09:00:54,2026-03-19 09:01:50
10,Running,2026-03-19 09:00:54,2026-03-19 09:01:53
10,Starved,2026-03-19 09:01:53,2026-03-19 09:02:03
8,Blocked,2026-03-19 09:01:50,2026-03-19 09:02:03
10,Running,2026-03-19 09:02:03,2026-03-19 09:03:03
7,Running,2026-03-19 08:20:58,2026-03-19 09:03:13
3,Running,2026-03-19 09:01:20,2026-03-19 09:03:14
8,Running,2026-03-19 09:02:03,2026-03-19 09:03:15
10,Starved,2026-03-19 09:03:03,2026-03-19 09:03:20
8,Blocked,2026-03-19 09:03:15,2026-03-19 09:03:20
7,Blocked,2026-03-19 09:03:13,2026-03-19 09:03:20
3,Blocked,2026-03-19 09:03:14,2026-03-19 09:03:24
8,Running,2026-03-19 09:03:20,2026-03-19 09:04:17
7,Running,2026-03-19 09:03:20,2026-03-19 09:04:18
8,Blocked,2026-03-19 09:04:17,2026-03-19 09:04:21
7,Blocked,2026-03-19 09:04:18,2026-03-19 09:04:21
3,Running,2026-03-19 09:03:24,2026-03-19 09:04:26
3,Blocked,2026-03-19 09:04:26,2026-03-19 09:04:54
7,Running,2026-03-19 09:04:21,2026-03-19 09:05:17
10,Running,2026-03-19 09:03:20,2026-03-19 09:05:24
10,Starved,2026-03-19 09:05:24,2026-03-19 09:05:26
7,Blocked,2026-03-19 09:05:17,2026-03-19 09:05:32
3,Running,2026-03-19 09:04:54,2026-03-19 09:05:51
3,Blocked,2026-03-19 09:05:51,2026-03-19 09:05:57
10,Running,2026-03-19 09:05:26,2026-03-19 09:06:22
10,Starved,2026-03-19 09:06:22,2026-03-19 09:06:27
3,Running,2026-03-19 09:05:57,2026-03-19 09:06:59
3,Blocked,2026-03-19 09:06:59,2026-03-19 09:07:02
8,Running,2026-03-19 09:04:21,2026-03-19 09:07:25
10,Running,2026-03-19 09:06:27,2026-03-19 09:07:29
10,Starved,2026-03-19 09:07:29,2026-03-19 09:07:35
8,Blocked,2026-03-19 09:07:25,2026-03-19 09:07:35
12,Down,2026-03-19 08:59:16,2026-03-19 09:07:38
8,Running,2026-03-19 09:07:35,2026-03-19 09:09:24
8,Blocked,2026-03-19 09:09:24,2026-03-19 09:09:36
3,Running,2026-03-19 09:07:02,2026-03-19 09:11:12
3,Blocked,2026-03-19 09:11:12,2026-03-19 09:11:24
3,Running,2026-03-19 09:11:24,2026-03-19 09:12:22
3,Blocked,2026-03-19 09:12:22,2026-03-19 09:12:37
3,Running,2026-03-19 09:12:37,2026-03-19 09:13:34
3,Blocked,2026-03-19 09:13:34,2026-03-19 09:13:51
3,Running,2026-03-19 09:13:51,2026-03-19 09:14:49
3,Blocked,2026-03-19 09:14:49,2026-03-19 09:15:21
3,Running,2026-03-19 09:15:21,2026-03-19 09:16:20
8,Running,2026-03-19 09:09:36,2026-03-19 09:16:29
3,Blocked,2026-03-19 09:16:20,2026-03-19 09:16:40
8,Blocked,2026-03-19 09:16:29,2026-03-19 09:16:43
7,Running,2026-03-19 09:05:32,2026-03-19 09:16:55
12,Running,2026-03-19 09:07:38,2026-03-19 09:17:22
5,Running,2026-03-19 08:44:42,2026-03-19 09:18:32
3,Running,2026-03-19 09:16:40,2026-03-19 09:18:33
5,Starved,2026-03-19 09:18:32,2026-03-19 09:18:56
3,Blocked,2026-03-19 09:18:33,2026-03-19 09:18:56
12,Down,2026-03-19 09:17:22,2026-03-19 09:19:40
5,Running,2026-03-19 09:18:56,2026-03-19 09:19:48
8,Running,2026-03-19 09:16:43,2026-03-19 09:19:51
3,Running,2026-03-19 09:18:56,2026-03-19 09:19:51
8,Blocked,2026-03-19 09:19:51,2026-03-19 09:19:52
5,Starved,2026-03-19 09:19:48,2026-03-19 09:20:31
3,Blocked,2026-03-19 09:19:51,2026-03-19 09:20:31
8,Running,2026-03-19 09:19:52,2026-03-19 09:20:51
8,Blocked,2026-03-19 09:20:51,2026-03-19 09:21:07
5,Running,2026-03-19 09:20:31,2026-03-19 09:21:25
3,Running,2026-03-19 09:20:31,2026-03-19 09:21:32
3,Blocked,2026-03-19 09:21:32,2026-03-19 09:21:35
7,Down,2026-03-19 09:16:55,2026-03-19 09:21:55
3,Running,2026-03-19 09:21:35,2026-03-19 09:22:30
3,Blocked,2026-03-19 09:22:30,2026-03-19 09:22:44
6,Running,2026-03-19 08:48:43,2026-03-19 09:23:25
3,Running,2026-03-19 09:22:44,2026-03-19 09:23:39
3,Blocked,2026-03-19 09:23:39,2026-03-19 09:23:48
3,Running,2026-03-19 09:23:48,2026-03-19 09:24:45
3,Blocked,2026-03-19 09:24:45,2026-03-19 09:25:10
3,Running,2026-03-19 09:25:10,2026-03-19 09:26:10
3,Blocked,2026-03-19 09:26:10,2026-03-19 09:26:40
3,Running,2026-03-19 09:26:40,2026-03-19 09:27:35
3,Blocked,2026-03-19 09:27:35,2026-03-19 09:27:35
3,Running,2026-03-19 09:27:35,2026-03-19 09:28:37
3,Blocked,2026-03-19 09:28:37,2026-03-19 09:28:45
5,Down,2026-03-19 09:21:25,2026-03-19 09:30:18
3,Running,2026-03-19 09:28:45,2026-03-19 09:30:43
3,Blocked,2026-03-19 09:30:43,2026-03-19 09:30:48
6,Starved,2026-03-19 09:23:25,2026-03-19 09:31:17
3,Running,2026-03-19 09:30:48,2026-03-19 09:31:42
3,Blocked,2026-03-19 09:31:42,2026-03-19 09:31:42
3,Running,2026-03-19 09:31:42,2026-03-19 09:32:43
3,Blocked,2026-03-19 09:32:43,2026-03-19 09:32:51
6,Running,2026-03-19 09:31:17,2026-03-19 09:33:13
6,Starved,2026-03-19 09:33:13,2026-03-19 09:33:15
6,Running,2026-03-19 09:33:15,2026-03-19 09:34:11
6,Starved,2026-03-19 09:34:11,2026-03-19 09:34:11
8,Running,2026-03-19 09:21:07,2026-03-19 09:34:54
6,Running,2026-03-19 09:34:11,2026-03-19 09:34:56
8,Blocked,2026-03-19 09:34:54,2026-03-19 09:34:59
6,Starved,2026-03-19 09:34:56,2026-03-19 09:35:06
2,Running,2026-03-19 09:01:29,2026-03-19 09:35:20
8,Running,2026-03-19 09:34:59,2026-03-19 09:36:59
8,Blocked,2026-03-19 09:36:59,2026-03-19 09:36:59
2,Down,2026-03-19 09:35:20,2026-03-19 09:38:05
8,Running,2026-03-19 09:36:59,2026-03-19 09:38:53
10,Running,2026-03-19 09:07:35,2026-03-19 09:39:12
10,Starved,2026-03-19 09:39:12,2026-03-19 09:39:18
8,Blocked,2026-03-19 09:38:53,2026-03-19 09:39:18
10,Running,2026-03-19 09:39:18,2026-03-19 09:41:17
10,Starved,2026-03-19 09:41:17,2026-03-19 09:41:17
8,Running,2026-03-19 09:39:18,2026-03-19 09:44:18
10,Running,2026-03-19 09:41:17,2026-03-19 09:44:24
10,Starved,2026-03-19 09:44:24,2026-03-19 09:44:38
8,Blocked,2026-03-19 09:44:18,2026-03-19 09:44:38
3,Running,2026-03-19 09:32:51,2026-03-19 09:49:12
3,Blocked,2026-03-19 09:49:12,2026-03-19 09:49:18
10,Running,2026-03-19 09:44:38,2026-03-19 09:49:45
10,Down,2026-03-19 09:49:45,2026-03-19 09:49:56
3,Running,2026-03-19 09:49:18,2026-03-19 09:50:15
3,Blocked,2026-03-19 09:50:15,2026-03-19 09:50:39
3,Running,2026-03-19 09:50:39,2026-03-19 09:51:37
3,Blocked,2026-03-19 09:51:37,2026-03-19 09:51:47
7,Running,2026-03-19 09:21:55,2026-03-19 09:51:53
10,Running,2026-03-19 09:49:56,2026-03-19 09:51:57
3,Running,2026-03-19 09:51:47,2026-03-19 09:52:47
3,Blocked,2026-03-19 09:52:47,2026-03-19 09:52:59
3,Running,2026-03-19 09:52:59,2026-03-19 09:55:44
3,Blocked,2026-03-19 09:55:44,2026-03-19 09:55:46
11,Running,2026-03-19 08:55:08,2026-03-19 09:56:50
7,Down,2026-03-19 09:51:53,2026-03-19 09:57:31
3,Running,2026-03-19 09:55:46,2026-03-19 09:57:43
3,Blocked,2026-03-19 09:57:43,2026-03-19 09:57:50
10,Down,2026-03-19 09:51:57,2026-03-19 09:57:50
3,Running,2026-03-19 09:57:50,2026-03-19 09:58:51
11,Starved,2026-03-19 09:56:50,2026-03-19 09:58:56
3,Blocked,2026-03-19 09:58:51,2026-03-19 09:59:03
11,Running,2026-03-19 09:58:56,2026-03-19 09:59:55
11,Starved,2026-03-19 09:59:55,2026-03-19 09:59:59
3,Running,2026-03-19 09:59:03,2026-03-19 10:00:02
3,Blocked,2026-03-19 10:00:02,2026-03-19 10:00:16
11,Running,2026-03-19 09:59:59,2026-03-19 10:00:56
11,Starved,2026-03-19 10:00:56,2026-03-19 10:01:01
3,Running,2026-03-19 10:00:16,2026-03-19 10:01:17
3,Blocked,2026-03-19 10:01:17,2026-03-19 10:01:18
3,Running,2026-03-19 10:01:18,2026-03-19 10:02:19
3,Blocked,2026-03-19 10:02:19,2026-03-19 10:02:22
8,Running,2026-03-19 09:44:38,2026-03-19 10:02:30
8,Blocked,2026-03-19 10:02:30,2026-03-19 10:02:40
3,Running,2026-03-19 10:02:22,2026-03-19 10:03:16
3,Blocked,2026-03-19 10:03:16,2026-03-19 10:03:24
3,Running,2026-03-19 10:03:24,2026-03-19 10:04:17
3,Blocked,2026-03-19 10:04:17,2026-03-19 10:04:33
3,Running,2026-03-19 10:04:33,2026-03-19 10:05:26
3,Blocked,2026-03-19 10:05:26,2026-03-19 10:05:34
3,Running,2026-03-19 10:05:34,2026-03-19 10:06:39
8,Running,2026-03-19 10:02:40,2026-03-19 10:06:43
8,Blocked,2026-03-19 10:06:43,2026-03-19 10:06:46
3,Blocked,2026-03-19 10:06:39,2026-03-19 10:07:13
3,Running,2026-03-19 10:07:13,2026-03-19 10:08:13
3,Blocked,2026-03-19 10:08:13,2026-03-19 10:08:35
3,Running,2026-03-19 10:08:35,2026-03-19 10:10:39
3,Blocked,2026-03-19 10:10:39,2026-03-19 10:10:45
3,Running,2026-03-19 10:10:45,2026-03-19 10:12:43
3,Blocked,2026-03-19 10:12:43,2026-03-19 10:12:48
8,Running,2026-03-19 10:06:46,2026-03-19 10:13:07
8,Starved,2026-03-19 10:13:07,2026-03-19 10:13:29
4,Running,2026-03-19 07:15:37,2026-03-19 10:13:52
3,Running,2026-03-19 10:12:48,2026-03-19 10:13:59
8,Running,2026-03-19 10:13:29,2026-03-19 10:16:31
8,Starved,2026-03-19 10:16:31,2026-03-19 10:16:51
2,Running,2026-03-19 09:38:05,2026-03-19 10:17:09
8,Running,2026-03-19 10:16:51,2026-03-19 10:17:54
8,Starved,2026-03-19 10:17:54,2026-03-19 10:18:11
5,Running,2026-03-19 09:30:18,2026-03-19 10:18:36
8,Running,2026-03-19 10:18:11,2026-03-19 10:19:08
8,Starved,2026-03-19 10:19:08,2026-03-19 10:19:49
4,Down,2026-03-19 10:13:52,2026-03-19 10:20:32
3,Blocked,2026-03-19 10:13:59,2026-03-19 10:20:32
2,Blocked,2026-03-19 10:17:09,2026-03-19 10:20:32
6,Running,2026-03-19 09:35:06,2026-03-19 10:20:49
3,Running,2026-03-19 10:20:32,2026-03-19 10:21:33
2,Running,2026-03-19 10:20:32,2026-03-19 10:21:35
8,Running,2026-03-19 10:19:49,2026-03-19 10:21:44
8,Starved,2026-03-19 10:21:44,2026-03-19 10:21:49
5,Starved,2026-03-19 10:18:36,2026-03-19 10:22:03
3,Blocked,2026-03-19 10:21:33,2026-03-19 10:22:03
2,Blocked,2026-03-19 10:21:35,2026-03-19 10:22:03
8,Running,2026-03-19 10:21:49,2026-03-19 10:22:50
8,Starved,2026-03-19 10:22:50,2026-03-19 10:22:50
3,Running,2026-03-19 10:22:03,2026-03-19 10:23:02
2,Running,2026-03-19 10:22:03,2026-03-19 10:23:03
3,Blocked,2026-03-19 10:23:02,2026-03-19 10:23:06
2,Blocked,2026-03-19 10:23:03,2026-03-19 10:23:06
6,Starved,2026-03-19 10:20:49,2026-03-19 10:23:09
5,Running,2026-03-19 10:22:03,2026-03-19 10:24:03
2,Running,2026-03-19 10:23:06,2026-03-19 10:24:05
3,Running,2026-03-19 10:23:06,2026-03-19 10:24:17
5,Starved,2026-03-19 10:24:03,2026-03-19 10:24:18
3,Blocked,2026-03-19 10:24:17,2026-03-19 10:24:18
2,Blocked,2026-03-19 10:24:05,2026-03-19 10:24:18
3,Running,2026-03-19 10:24:18,2026-03-19 10:25:08
6,Running,2026-03-19 10:23:09,2026-03-19 10:25:12
5,Running,2026-03-19 10:24:18,2026-03-19 10:25:20
6,Starved,2026-03-19 10:25:12,2026-03-19 10:25:20
1,Running,2026-03-19 08:59:19,2026-03-19 10:25:21
2,Running,2026-03-19 10:24:18,2026-03-19 10:25:24
5,Starved,2026-03-19 10:25:20,2026-03-19 10:25:41
3,Blocked,2026-03-19 10:25:08,2026-03-19 10:25:41
2,Blocked,2026-03-19 10:25:24,2026-03-19 10:25:41
1,Blocked,2026-03-19 10:25:21,2026-03-19 10:25:41
8,Running,2026-03-19 10:22:50,2026-03-19 10:25:53
8,Starved,2026-03-19 10:25:53,2026-03-19 10:25:55
6,Running,2026-03-19 10:25:20,2026-03-19 10:26:22
3,Running,2026-03-19 10:25:41,2026-03-19 10:26:42
2,Running,2026-03-19 10:25:41,2026-03-19 10:26:46
1,Running,2026-03-19 10:25:41,2026-03-19 10:26:47
3,Blocked,2026-03-19 10:26:42,2026-03-19 10:26:51
2,Blocked,2026-03-19 10:26:46,2026-03-19 10:26:51
1,Blocked,2026-03-19 10:26:47,2026-03-19 10:26:51
6,Starved,2026-03-19 10:26:22,2026-03-19 10:26:55
3,Running,2026-03-19 10:26:51,2026-03-19 10:27:47
1,Running,2026-03-19 10:26:51,2026-03-19 10:27:50
2,Running,2026-03-19 10:26:51,2026-03-19 10:27:59
6,Running,2026-03-19 10:26:55,2026-03-19 10:28:04
5,Running,2026-03-19 10:25:41,2026-03-19 10:28:06
6,Starved,2026-03-19 10:28:04,2026-03-19 10:28:06
5,Starved,2026-03-19 10:28:06,2026-03-19 10:28:07
3,Blocked,2026-03-19 10:27:47,2026-03-19 10:28:07
2,Blocked,2026-03-19 10:27:59,2026-03-19 10:28:07
1,Blocked,2026-03-19 10:27:50,2026-03-19 10:28:07
8,Running,2026-03-19 10:25:55,2026-03-19 10:28:53
5,Running,2026-03-19 10:28:07,2026-03-19 10:29:05
2,Running,2026-03-19 10:28:07,2026-03-19 10:29:06
8,Starved,2026-03-19 10:28:53,2026-03-19 10:29:08
1,Running,2026-03-19 10:28:07,2026-03-19 10:29:11
3,Running,2026-03-19 10:28:07,2026-03-19 10:29:14
5,Starved,2026-03-19 10:29:05,2026-03-19 10:29:16
3,Blocked,2026-03-19 10:29:14,2026-03-19 10:29:16
2,Blocked,2026-03-19 10:29:06,2026-03-19 10:29:16
1,Blocked,2026-03-19 10:29:11,2026-03-19 10:29:16
6,Running,2026-03-19 10:28:06,2026-03-19 10:30:04
5,Running,2026-03-19 10:29:16,2026-03-19 10:30:08
6,Starved,2026-03-19 10:30:04,2026-03-19 10:30:08
2,Running,2026-03-19 10:29:16,2026-03-19 10:30:11
3,Running,2026-03-19 10:29:16,2026-03-19 10:30:12
8,Running,2026-03-19 10:29:08,2026-03-19 10:30:13
8,Starved,2026-03-19 10:30:13,2026-03-19 10:30:13
1,Running,2026-03-19 10:29:16,2026-03-19 10:30:15
5,Starved,2026-03-19 10:30:08,2026-03-19 10:30:28
3,Blocked,2026-03-19 10:30:12,2026-03-19 10:30:28
2,Blocked,2026-03-19 10:30:11,2026-03-19 10:30:28
1,Blocked,2026-03-19 10:30:15,2026-03-19 10:30:28
6,Running,2026-03-19 10:30:08,2026-03-19 10:31:04
8,Running,2026-03-19 10:30:13,2026-03-19 10:31:13
8,Starved,2026-03-19 10:31:13,2026-03-19 10:31:16
2,Running,2026-03-19 10:30:28,2026-03-19 10:31:24
3,Running,2026-03-19 10:30:28,2026-03-19 10:31:29
5,Running,2026-03-19 10:30:28,2026-03-19 10:31:30
6,Starved,2026-03-19 10:31:04,2026-03-19 10:31:30
1,Running,2026-03-19 10:30:28,2026-03-19 10:31:31
5,Starved,2026-03-19 10:31:30,2026-03-19 10:31:32
3,Blocked,2026-03-19 10:31:29,2026-03-19 10:31:32
2,Blocked,2026-03-19 10:31:24,2026-03-19 10:31:32
1,Blocked,2026-03-19 10:31:31,2026-03-19 10:31:32
2,Running,2026-03-19 10:31:32,2026-03-19 10:32:22
1,Running,2026-03-19 10:31:32,2026-03-19 10:32:28
6,Running,2026-03-19 10:31:30,2026-03-19 10:32:33
2,Blocked,2026-03-19 10:32:22,2026-03-19 10:32:37
1,Blocked,2026-03-19 10:32:28,2026-03-19 10:32:37
6,Starved,2026-03-19 10:32:33,2026-03-19 10:32:41
2,Running,2026-03-19 10:32:37,2026-03-19 10:33:29
3,Running,2026-03-19 10:31:32,2026-03-19 10:33:35
1,Running,2026-03-19 10:32:37,2026-03-19 10:33:38
5,Running,2026-03-19 10:31:32,2026-03-19 10:33:46
5,Starved,2026-03-19 10:33:46,2026-03-19 10:33:52
3,Blocked,2026-03-19 10:33:35,2026-03-19 10:33:52
2,Blocked,2026-03-19 10:33:29,2026-03-19 10:33:52
1,Blocked,2026-03-19 10:33:38,2026-03-19 10:33:52
3,Running,2026-03-19 10:33:52,2026-03-19 10:34:42
2,Running,2026-03-19 10:33:52,2026-03-19 10:34:45
5,Running,2026-03-19 10:33:52,2026-03-19 10:34:48
1,Running,2026-03-19 10:33:52,2026-03-19 10:35:03
5,Starved,2026-03-19 10:34:48,2026-03-19 10:35:09
3,Blocked,2026-03-19 10:34:42,2026-03-19 10:35:09
2,Blocked,2026-03-19 10:34:45,2026-03-19 10:35:09
1,Blocked,2026-03-19 10:35:03,2026-03-19 10:35:09
8,Running,2026-03-19 10:31:16,2026-03-19 10:35:17
8,Starved,2026-03-19 10:35:17,2026-03-19 10:35:27
5,Running,2026-03-19 10:35:09,2026-03-19 10:36:01
2,Running,2026-03-19 10:35:09,2026-03-19 10:36:02
5,Starved,2026-03-19 10:36:01,2026-03-19 10:36:04
2,Blocked,2026-03-19 10:36:02,2026-03-19 10:36:09
8,Running,2026-03-19 10:35:27,2026-03-19 10:36:28
8,Starved,2026-03-19 10:36:28,2026-03-19 10:36:28
6,Running,2026-03-19 10:32:41,2026-03-19 10:36:57
3,Running,2026-03-19 10:35:09,2026-03-19 10:37:10
2,Running,2026-03-19 10:36:09,2026-03-19 10:37:14
5,Running,2026-03-19 10:36:04,2026-03-19 10:37:15
6,Starved,2026-03-19 10:36:57,2026-03-19 10:37:15
5,Starved,2026-03-19 10:37:15,2026-03-19 10:37:25
3,Blocked,2026-03-19 10:37:10,2026-03-19 10:37:25
2,Blocked,2026-03-19 10:37:14,2026-03-19 10:37:25
8,Running,2026-03-19 10:36:28,2026-03-19 10:37:32
8,Starved,2026-03-19 10:37:32,2026-03-19 10:37:36
6,Running,2026-03-19 10:37:15,2026-03-19 10:38:19
6,Starved,2026-03-19 10:38:19,2026-03-19 10:38:20
8,Running,2026-03-19 10:37:36,2026-03-19 10:38:38
8,Starved,2026-03-19 10:38:38,2026-03-19 10:38:40
11,Running,2026-03-19 10:01:01,2026-03-19 10:39:03
11,Starved,2026-03-19 10:39:03,2026-03-19 10:39:04
2,Running,2026-03-19 10:37:25,2026-03-19 10:39:16
6,Running,2026-03-19 10:38:20,2026-03-19 10:39:17
6,Starved,2026-03-19 10:39:17,2026-03-19 10:39:19
2,Blocked,2026-03-19 10:39:16,2026-03-19 10:39:20
2,Running,2026-03-19 10:39:20,2026-03-19 10:40:15
5,Running,2026-03-19 10:37:25,2026-03-19 10:40:18
3,Running,2026-03-19 10:37:25,2026-03-19 10:40:23
5,Starved,2026-03-19 10:40:18,2026-03-19 10:40:35
3,Blocked,2026-03-19 10:40:23,2026-03-19 10:40:35
2,Blocked,2026-03-19 10:40:15,2026-03-19 10:40:35
8,Running,2026-03-19 10:38:40,2026-03-19 10:40:38
8,Starved,2026-03-19 10:40:38,2026-03-19 10:40:39
11,Running,2026-03-19 10:39:04,2026-03-19 10:41:09
11,Starved,2026-03-19 10:41:09,2026-03-19 10:41:11
6,Running,2026-03-19 10:39:19,2026-03-19 10:41:22
6,Starved,2026-03-19 10:41:22,2026-03-19 10:41:38
11,Running,2026-03-19 10:41:11,2026-03-19 10:41:59
11,Starved,2026-03-19 10:41:59,2026-03-19 10:42:12
2,Running,2026-03-19 10:40:35,2026-03-19 10:42:32
6,Running,2026-03-19 10:41:38,2026-03-19 10:42:40
2,Blocked,2026-03-19 10:42:32,2026-03-19 10:42:41
6,Starved,2026-03-19 10:42:40,2026-03-19 10:42:42
8,Running,2026-03-19 10:40:39,2026-03-19 10:43:36
6,Running,2026-03-19 10:42:42,2026-03-19 10:43:40
1,Running,2026-03-19 10:35:09,2026-03-19 10:43:42
3,Running,2026-03-19 10:40:35,2026-03-19 10:43:43
8,Starved,2026-03-19 10:43:36,2026-03-19 10:43:43
5,Running,2026-03-19 10:40:35,2026-03-19 10:43:43
6,Starved,2026-03-19 10:43:40,2026-03-19 10:43:43
2,Running,2026-03-19 10:42:41,2026-03-19 10:43:51
11,Running,2026-03-19 10:42:12,2026-03-19 10:44:08
11,Starved,2026-03-19 10:44:08,2026-03-19 10:44:12
5,Starved,2026-03-19 10:43:43,2026-03-19 10:44:19
3,Blocked,2026-03-19 10:43:43,2026-03-19 10:44:19
2,Blocked,2026-03-19 10:43:51,2026-03-19 10:44:19
1,Blocked,2026-03-19 10:43:42,2026-03-19 10:44:19
6,Running,2026-03-19 10:43:43,2026-03-19 10:44:36
8,Running,2026-03-19 10:43:43,2026-03-19 10:44:37
8,Starved,2026-03-19 10:44:37,2026-03-19 10:44:39
11,Running,2026-03-19 10:44:12,2026-03-19 10:45:11
11,Starved,2026-03-19 10:45:11,2026-03-19 10:45:12
6,Starved,2026-03-19 10:44:36,2026-03-19 10:45:29
8,Running,2026-03-19 10:44:39,2026-03-19 10:45:36
8,Starved,2026-03-19 10:45:36,2026-03-19 10:45:42
2,Running,2026-03-19 10:44:19,2026-03-19 10:46:11
2,Blocked,2026-03-19 10:46:11,2026-03-19 10:46:13
6,Running,2026-03-19 10:45:29,2026-03-19 10:46:24
6,Starved,2026-03-19 10:46:24,2026-03-19 10:46:30
2,Running,2026-03-19 10:46:13,2026-03-19 10:47:07
1,Running,2026-03-19 10:44:19,2026-03-19 10:47:14
2,Blocked,2026-03-19 10:47:07,2026-03-19 10:47:21
1,Blocked,2026-03-19 10:47:14,2026-03-19 10:47:21
11,Running,2026-03-19 10:45:12,2026-03-19 10:48:15
11,Starved,2026-03-19 10:48:15,2026-03-19 10:48:15
1,Running,2026-03-19 10:47:21,2026-03-19 10:48:20
1,Blocked,2026-03-19 10:48:20,2026-03-19 10:48:24
8,Running,2026-03-19 10:45:42,2026-03-19 10:48:43
8,Starved,2026-03-19 10:48:43,2026-03-19 10:48:45
3,Running,2026-03-19 10:44:19,2026-03-19 10:49:04
3,Blocked,2026-03-19 10:49:04,2026-03-19 10:49:09
6,Running,2026-03-19 10:46:30,2026-03-19 10:49:27
6,Starved,2026-03-19 10:49:27,2026-03-19 10:49:33
3,Running,2026-03-19 10:49:09,2026-03-19 10:50:02
2,Running,2026-03-19 10:47:21,2026-03-19 10:50:11
3,Blocked,2026-03-19 10:50:02,2026-03-19 10:50:12
2,Blocked,2026-03-19 10:50:11,2026-03-19 10:50:12
6,Running,2026-03-19 10:49:33,2026-03-19 10:50:31
6,Starved,2026-03-19 10:50:31,2026-03-19 10:50:32
2,Running,2026-03-19 10:50:12,2026-03-19 10:51:04
3,Running,2026-03-19 10:50:12,2026-03-19 10:51:07
3,Blocked,2026-03-19 10:51:07,2026-03-19 10:51:18
2,Blocked,2026-03-19 10:51:04,2026-03-19 10:51:18
6,Running,2026-03-19 10:50:32,2026-03-19 10:51:37
6,Starved,2026-03-19 10:51:37,2026-03-19 10:51:37
3,Running,2026-03-19 10:51:18,2026-03-19 10:52:20
3,Blocked,2026-03-19 10:52:20,2026-03-19 10:52:21
1,Running,2026-03-19 10:48:24,2026-03-19 10:52:27
1,Blocked,2026-03-19 10:52:27,2026-03-19 10:52:30
6,Running,2026-03-19 10:51:37,2026-03-19 10:52:36
6,Starved,2026-03-19 10:52:36,2026-03-19 10:52:46
11,Running,2026-03-19 10:48:15,2026-03-19 10:53:09
11,Starved,2026-03-19 10:53:09,2026-03-19 10:53:18
1,Running,2026-03-19 10:52:30,2026-03-19 10:53:30
1,Blocked,2026-03-19 10:53:30,2026-03-19 10:53:31
2,Running,2026-03-19 10:51:18,2026-03-19 10:54:29
1,Running,2026-03-19 10:53:31,2026-03-19 10:54:36
2,Blocked,2026-03-19 10:54:29,2026-03-19 10:54:39
1,Blocked,2026-03-19 10:54:36,2026-03-19 10:54:39
5,Running,2026-03-19 10:44:19,2026-03-19 10:55:26
5,Starved,2026-03-19 10:55:26,2026-03-19 10:55:33
3,Running,2026-03-19 10:52:21,2026-03-19 10:55:37
2,Running,2026-03-19 10:54:39,2026-03-19 10:55:38
1,Running,2026-03-19 10:54:39,2026-03-19 10:55:47
8,Running,2026-03-19 10:48:45,2026-03-19 10:56:04
8,Starved,2026-03-19 10:56:04,2026-03-19 10:56:05
3,Down,2026-03-19 10:55:37,2026-03-19 10:56:08
2,Blocked,2026-03-19 10:55:38,2026-03-19 10:56:08
1,Blocked,2026-03-19 10:55:47,2026-03-19 10:56:08
11,Running,2026-03-19 10:53:18,2026-03-19 10:56:17
11,Starved,2026-03-19 10:56:17,2026-03-19 10:56:21
8,Running,2026-03-19 10:56:05,2026-03-19 10:57:05
2,Running,2026-03-19 10:56:08,2026-03-19 10:57:06
2,Blocked,2026-03-19 10:57:06,2026-03-19 10:57:07
8,Starved,2026-03-19 10:57:05,2026-03-19 10:57:12
11,Running,2026-03-19 10:56:21,2026-03-19 10:57:22
11,Starved,2026-03-19 10:57:22,2026-03-19 10:57:23
2,Running,2026-03-19 10:57:07,2026-03-19 10:57:57
2,Blocked,2026-03-19 10:57:57,2026-03-19 10:58:06
8,Running,2026-03-19 10:57:12,2026-03-19 10:58:13
8,Starved,2026-03-19 10:58:13,2026-03-19 10:58:20
5,Running,2026-03-19 10:55:33,2026-03-19 10:58:44
5,Starved,2026-03-19 10:58:44,2026-03-19 10:59:02
2,Running,2026-03-19 10:58:06,2026-03-19 10:59:04
2,Blocked,2026-03-19 10:59:04,2026-03-19 10:59:10
8,Running,2026-03-19 10:58:20,2026-03-19 10:59:29
8,Starved,2026-03-19 10:59:29,2026-03-19 10:59:41
5,Running,2026-03-19 10:59:02,2026-03-19 11:00:08
2,Running,2026-03-19 10:59:10,2026-03-19 11:00:11
3,Running,2026-03-19 10:56:08,2026-03-19 11:00:16
1,Running,2026-03-19 10:56:08,2026-03-19 11:00:16
11,Running,2026-03-19 10:57:23,2026-03-19 11:00:18
5,Starved,2026-03-19 11:00:08,2026-03-19 11:00:35
3,Blocked,2026-03-19 11:00:16,2026-03-19 11:00:35
2,Blocked,2026-03-19 11:00:11,2026-03-19 11:00:35
1,Blocked,2026-03-19 11:00:16,2026-03-19 11:00:35
11,Down,2026-03-19 11:00:18,2026-03-19 11:00:51
6,Running,2026-03-19 10:52:46,2026-03-19 11:01:16
3,Running,2026-03-19 11:00:35,2026-03-19 11:01:25
5,Running,2026-03-19 11:00:35,2026-03-19 11:01:32
6,Starved,2026-03-19 11:01:16,2026-03-19 11:01:32
1,Running,2026-03-19 11:00:35,2026-03-19 11:01:34
2,Running,2026-03-19 11:00:35,2026-03-19 11:01:43
5,Starved,2026-03-19 11:01:32,2026-03-19 11:02:11
3,Blocked,2026-03-19 11:01:25,2026-03-19 11:02:11
2,Blocked,2026-03-19 11:01:43,2026-03-19 11:02:11
1,Blocked,2026-03-19 11:01:34,2026-03-19 11:02:11
6,Running,2026-03-19 11:01:32,2026-03-19 11:02:26
5,Running,2026-03-19 11:02:11,2026-03-19 11:03:09
6,Starved,2026-03-19 11:02:26,2026-03-19 11:03:09
5,Starved,2026-03-19 11:03:09,2026-03-19 11:03:10
1,Running,2026-03-19 11:02:11,2026-03-19 11:03:11
1,Blocked,2026-03-19 11:03:11,2026-03-19 11:03:22
5,Running,2026-03-19 11:03:10,2026-03-19 11:04:05
5,Starved,2026-03-19 11:04:05,2026-03-19 11:04:08
1,Running,2026-03-19 11:03:22,2026-03-19 11:04:21
1,Blocked,2026-03-19 11:04:21,2026-03-19 11:04:29
5,Running,2026-03-19 11:04:08,2026-03-19 11:05:01
3,Running,2026-03-19 11:02:11,2026-03-19 11:05:09
1,Running,2026-03-19 11:04:29,2026-03-19 11:05:28
5,Starved,2026-03-19 11:05:01,2026-03-19 11:05:34
3,Blocked,2026-03-19 11:05:09,2026-03-19 11:05:34
1,Blocked,2026-03-19 11:05:28,2026-03-19 11:05:41
6,Running,2026-03-19 11:03:09,2026-03-19 11:06:06
5,Running,2026-03-19 11:05:34,2026-03-19 11:06:27
6,Starved,2026-03-19 11:06:06,2026-03-19 11:06:27
5,Starved,2026-03-19 11:06:27,2026-03-19 11:06:31
8,Running,2026-03-19 10:59:41,2026-03-19 11:06:35
8,Starved,2026-03-19 11:06:35,2026-03-19 11:06:57
2,Running,2026-03-19 11:02:11,2026-03-19 11:07:26
6,Running,2026-03-19 11:06:27,2026-03-19 11:07:26
3,Running,2026-03-19 11:05:34,2026-03-19 11:07:32
1,Running,2026-03-19 11:05:41,2026-03-19 11:07:34
5,Running,2026-03-19 11:06:31,2026-03-19 11:07:40
6,Starved,2026-03-19 11:07:26,2026-03-19 11:07:40
5,Starved,2026-03-19 11:07:40,2026-03-19 11:07:46
3,Blocked,2026-03-19 11:07:32,2026-03-19 11:07:46
2,Blocked,2026-03-19 11:07:26,2026-03-19 11:07:46
1,Blocked,2026-03-19 11:07:34,2026-03-19 11:07:46
3,Running,2026-03-19 11:07:46,2026-03-19 11:08:39
6,Running,2026-03-19 11:07:40,2026-03-19 11:08:40
5,Running,2026-03-19 11:07:46,2026-03-19 11:08:43
6,Starved,2026-03-19 11:08:40,2026-03-19 11:08:43
1,Running,2026-03-19 11:07:46,2026-03-19 11:08:50
2,Running,2026-03-19 11:07:46,2026-03-19 11:08:52
5,Starved,2026-03-19 11:08:43,2026-03-19 11:08:55
3,Blocked,2026-03-19 11:08:39,2026-03-19 11:08:55
2,Blocked,2026-03-19 11:08:52,2026-03-19 11:08:55
1,Blocked,2026-03-19 11:08:50,2026-03-19 11:08:55
8,Running,2026-03-19 11:06:57,2026-03-19 11:09:02
8,Starved,2026-03-19 11:09:02,2026-03-19 11:09:06
3,Running,2026-03-19 11:08:55,2026-03-19 11:09:48
6,Running,2026-03-19 11:08:43,2026-03-19 11:09:50
5,Running,2026-03-19 11:08:55,2026-03-19 11:09:53
6,Starved,2026-03-19 11:09:50,2026-03-19 11:09:53
1,Running,2026-03-19 11:08:55,2026-03-19 11:09:59
2,Running,2026-03-19 11:08:55,2026-03-19 11:10:01
8,Running,2026-03-19 11:09:06,2026-03-19 11:10:12
5,Starved,2026-03-19 11:09:53,2026-03-19 11:10:13
3,Blocked,2026-03-19 11:09:48,2026-03-19 11:10:13
2,Blocked,2026-03-19 11:10:01,2026-03-19 11:10:13
1,Blocked,2026-03-19 11:09:59,2026-03-19 11:10:13
8,Starved,2026-03-19 11:10:12,2026-03-19 11:10:30
6,Running,2026-03-19 11:09:53,2026-03-19 11:10:54
1,Running,2026-03-19 11:10:13,2026-03-19 11:11:03
3,Running,2026-03-19 11:10:13,2026-03-19 11:11:08
5,Running,2026-03-19 11:10:13,2026-03-19 11:11:08
6,Starved,2026-03-19 11:10:54,2026-03-19 11:11:08
2,Running,2026-03-19 11:10:13,2026-03-19 11:11:14
8,Running,2026-03-19 11:10:30,2026-03-19 11:11:28
8,Starved,2026-03-19 11:11:28,2026-03-19 11:11:36
5,Starved,2026-03-19 11:11:08,2026-03-19 11:11:41
3,Blocked,2026-03-19 11:11:08,2026-03-19 11:11:41
2,Blocked,2026-03-19 11:11:14,2026-03-19 11:11:41
1,Blocked,2026-03-19 11:11:03,2026-03-19 11:11:41
6,Running,2026-03-19 11:11:08,2026-03-19 11:12:14
8,Running,2026-03-19 11:11:36,2026-03-19 11:12:32
1,Running,2026-03-19 11:11:41,2026-03-19 11:12:36
3,Running,2026-03-19 11:11:41,2026-03-19 11:12:41
8,Starved,2026-03-19 11:12:32,2026-03-19 11:12:45
5,Running,2026-03-19 11:11:41,2026-03-19 11:12:45
6,Starved,2026-03-19 11:12:14,2026-03-19 11:12:45
2,Running,2026-03-19 11:11:41,2026-03-19 11:12:47
5,Starved,2026-03-19 11:12:45,2026-03-19 11:13:03
3,Blocked,2026-03-19 11:12:41,2026-03-19 11:13:03
2,Blocked,2026-03-19 11:12:47,2026-03-19 11:13:03
1,Blocked,2026-03-19 11:12:36,2026-03-19 11:13:03
6,Running,2026-03-19 11:12:45,2026-03-19 11:13:36
1,Running,2026-03-19 11:13:03,2026-03-19 11:13:57
5,Running,2026-03-19 11:13:03,2026-03-19 11:13:58
6,Starved,2026-03-19 11:13:36,2026-03-19 11:13:58
5,Starved,2026-03-19 11:13:58,2026-03-19 11:14:01
2,Running,2026-03-19 11:13:03,2026-03-19 11:14:07
2,Blocked,2026-03-19 11:14:07,2026-03-19 11:14:10
1,Blocked,2026-03-19 11:13:57,2026-03-19 11:14:10
8,Running,2026-03-19 11:12:45,2026-03-19 11:14:42
8,Starved,2026-03-19 11:14:42,2026-03-19 11:14:47
6,Running,2026-03-19 11:13:58,2026-03-19 11:14:49
5,Running,2026-03-19 11:14:01,2026-03-19 11:14:58
6,Starved,2026-03-19 11:14:49,2026-03-19 11:14:58
1,Running,2026-03-19 11:14:10,2026-03-19 11:15:01
5,Starved,2026-03-19 11:14:58,2026-03-19 11:15:03
2,Running,2026-03-19 11:14:10,2026-03-19 11:15:10
2,Blocked,2026-03-19 11:15:10,2026-03-19 11:15:18
1,Blocked,2026-03-19 11:15:01,2026-03-19 11:15:18
8,Running,2026-03-19 11:14:47,2026-03-19 11:15:44
8,Starved,2026-03-19 11:15:44,2026-03-19 11:15:48
5,Running,2026-03-19 11:15:03,2026-03-19 11:15:57
5,Starved,2026-03-19 11:15:57,2026-03-19 11:16:04
1,Running,2026-03-19 11:15:18,2026-03-19 11:16:16
2,Running,2026-03-19 11:15:18,2026-03-19 11:16:18
2,Blocked,2026-03-19 11:16:18,2026-03-19 11:16:24
1,Blocked,2026-03-19 11:16:16,2026-03-19 11:16:24
8,Running,2026-03-19 11:15:48,2026-03-19 11:16:39
8,Starved,2026-03-19 11:16:39,2026-03-19 11:16:52
5,Running,2026-03-19 11:16:04,2026-03-19 11:17:06
5,Starved,2026-03-19 11:17:06,2026-03-19 11:17:14
2,Running,2026-03-19 11:16:24,2026-03-19 11:17:20
1,Running,2026-03-19 11:16:24,2026-03-19 11:17:25
2,Blocked,2026-03-19 11:17:20,2026-03-19 11:17:33
1,Blocked,2026-03-19 11:17:25,2026-03-19 11:17:33
8,Running,2026-03-19 11:16:52,2026-03-19 11:17:48
8,Starved,2026-03-19 11:17:48,2026-03-19 11:18:04
6,Running,2026-03-19 11:14:58,2026-03-19 11:18:16
5,Running,2026-03-19 11:17:14,2026-03-19 11:18:17
6,Starved,2026-03-19 11:18:16,2026-03-19 11:18:17
5,Starved,2026-03-19 11:18:17,2026-03-19 11:18:20
1,Running,2026-03-19 11:17:33,2026-03-19 11:18:30
2,Running,2026-03-19 11:17:33,2026-03-19 11:18:34
2,Blocked,2026-03-19 11:18:34,2026-03-19 11:18:34
1,Blocked,2026-03-19 11:18:30,2026-03-19 11:18:34
8,Running,2026-03-19 11:18:04,2026-03-19 11:19:03
6,Running,2026-03-19 11:18:17,2026-03-19 11:19:08
8,Starved,2026-03-19 11:19:03,2026-03-19 11:19:25
6,Starved,2026-03-19 11:19:08,2026-03-19 11:19:27
1,Running,2026-03-19 11:18:34,2026-03-19 11:19:34
1,Blocked,2026-03-19 11:19:34,2026-03-19 11:19:45
8,Running,2026-03-19 11:19:25,2026-03-19 11:20:29
8,Starved,2026-03-19 11:20:29,2026-03-19 11:20:33
1,Running,2026-03-19 11:19:45,2026-03-19 11:20:34
2,Running,2026-03-19 11:18:34,2026-03-19 11:20:40
2,Blocked,2026-03-19 11:20:40,2026-03-19 11:20:55
1,Blocked,2026-03-19 11:20:34,2026-03-19 11:20:55
5,Running,2026-03-19 11:18:20,2026-03-19 11:21:15
5,Starved,2026-03-19 11:21:15,2026-03-19 11:21:23
8,Running,2026-03-19 11:20:33,2026-03-19 11:21:30
8,Starved,2026-03-19 11:21:30,2026-03-19 11:21:43
1,Running,2026-03-19 11:20:55,2026-03-19 11:21:45
11,Running,2026-03-19 11:00:51,2026-03-19 11:21:47
1,Blocked,2026-03-19 11:21:45,2026-03-19 11:21:57
1,Running,2026-03-19 11:21:57,2026-03-19 11:22:54
2,Running,2026-03-19 11:20:55,2026-03-19 11:22:54
2,Blocked,2026-03-19 11:22:54,2026-03-19 11:22:57
1,Blocked,2026-03-19 11:22:54,2026-03-19 11:22:57
11,Down,2026-03-19 11:21:47,2026-03-19 11:23:09
5,Running,2026-03-19 11:21:23,2026-03-19 11:26:32
5,Starved,2026-03-19 11:26:32,2026-03-19 11:26:33
6,Running,2026-03-19 11:19:27,2026-03-19 11:27:27
3,Running,2026-03-19 11:13:03,2026-03-19 11:27:28
8,Running,2026-03-19 11:21:43,2026-03-19 11:27:32
5,Running,2026-03-19 11:26:33,2026-03-19 11:27:34
6,Starved,2026-03-19 11:27:27,2026-03-19 11:27:34
5,Starved,2026-03-19 11:27:34,2026-03-19 11:27:36
3,Blocked,2026-03-19 11:27:28,2026-03-19 11:27:36
8,Starved,2026-03-19 11:27:32,2026-03-19 11:27:57
3,Running,2026-03-19 11:27:36,2026-03-19 11:28:27
5,Running,2026-03-19 11:27:36,2026-03-19 11:28:27
5,Starved,2026-03-19 11:28:27,2026-03-19 11:28:46
3,Blocked,2026-03-19 11:28:27,2026-03-19 11:28:46
8,Running,2026-03-19 11:27:57,2026-03-19 11:28:49
8,Starved,2026-03-19 11:28:49,2026-03-19 11:28:56
6,Running,2026-03-19 11:27:34,2026-03-19 11:29:33
8,Running,2026-03-19 11:28:56,2026-03-19 11:29:56
6,Starved,2026-03-19 11:29:33,2026-03-19 11:29:59
8,Starved,2026-03-19 11:29:56,2026-03-19 11:30:00
6,Running,2026-03-19 11:29:59,2026-03-19 11:30:56
6,Starved,2026-03-19 11:30:56,2026-03-19 11:30:59
3,Running,2026-03-19 11:28:46,2026-03-19 11:31:45
3,Blocked,2026-03-19 11:31:45,2026-03-19 11:31:52
8,Running,2026-03-19 11:30:00,2026-03-19 11:31:58
8,Starved,2026-03-19 11:31:58,2026-03-19 11:32:05
2,Running,2026-03-19 11:22:57,2026-03-19 11:32:49
3,Running,2026-03-19 11:31:52,2026-03-19 11:32:54
3,Blocked,2026-03-19 11:32:54,2026-03-19 11:32:56
2,Blocked,2026-03-19 11:32:49,2026-03-19 11:32:56
8,Running,2026-03-19 11:32:05,2026-03-19 11:33:01
8,Starved,2026-03-19 11:33:01,2026-03-19 11:33:07
3,Running,2026-03-19 11:32:56,2026-03-19 11:33:48
3,Blocked,2026-03-19 11:33:48,2026-03-19 11:33:51
2,Running,2026-03-19 11:32:56,2026-03-19 11:33:57
1,Running,2026-03-19 11:22:57,2026-03-19 11:34:27
3,Running,2026-03-19 11:33:51,2026-03-19 11:34:45
8,Running,2026-03-19 11:33:07,2026-03-19 11:34:56
8,Starved,2026-03-19 11:34:56,2026-03-19 11:35:02
5,Running,2026-03-19 11:28:46,2026-03-19 11:35:05
5,Starved,2026-03-19 11:35:05,2026-03-19 11:35:10
3,Blocked,2026-03-19 11:34:45,2026-03-19 11:35:10
6,Running,2026-03-19 11:30:59,2026-03-19 11:36:10
6,Starved,2026-03-19 11:36:10,2026-03-19 11:36:15
2,Down,2026-03-19 11:33:57,2026-03-19 11:36:28
1,Blocked,2026-03-19 11:34:27,2026-03-19 11:36:28
1,Running,2026-03-19 11:36:28,2026-03-19 11:37:30
1,Blocked,2026-03-19 11:37:30,2026-03-19 11:37:32
5,Running,2026-03-19 11:35:10,2026-03-19 11:38:15
1,Running,2026-03-19 11:37:32,2026-03-19 11:38:26
3,Running,2026-03-19 11:35:10,2026-03-19 11:38:29
1,Blocked,2026-03-19 11:38:26,2026-03-19 11:38:30
5,Starved,2026-03-19 11:38:15,2026-03-19 11:38:43
3,Blocked,2026-03-19 11:38:29,2026-03-19 11:38:43
9,Running,2026-03-19 08:16:33,2026-03-19 11:38:46
11,Running,2026-03-19 11:23:09,2026-03-19 11:39:04
6,Running,2026-03-19 11:36:15,2026-03-19 11:39:21
5,Running,2026-03-19 11:38:43,2026-03-19 11:39:41
6,Starved,2026-03-19 11:39:21,2026-03-19 11:39:41
3,Running,2026-03-19 11:38:43,2026-03-19 11:39:46
8,Running,2026-03-19 11:35:02,2026-03-19 11:40:00
5,Starved,2026-03-19 11:39:41,2026-03-19 11:40:08
3,Blocked,2026-03-19 11:39:46,2026-03-19 11:40:08
8,Starved,2026-03-19 11:40:00,2026-03-19 11:40:09
6,Running,2026-03-19 11:39:41,2026-03-19 11:40:30
9,Down,2026-03-19 11:38:46,2026-03-19 11:40:48
6,Starved,2026-03-19 11:40:30,2026-03-19 11:41:06
8,Running,2026-03-19 11:40:09,2026-03-19 11:41:11
8,Starved,2026-03-19 11:41:11,2026-03-19 11:41:15
5,Running,2026-03-19 11:40:08,2026-03-19 11:43:01
5,Starved,2026-03-19 11:43:01,2026-03-19 11:43:05
8,Running,2026-03-19 11:41:15,2026-03-19 11:43:18
8,Starved,2026-03-19 11:43:18,2026-03-19 11:43:39
5,Running,2026-03-19 11:43:05,2026-03-19 11:43:53
5,Starved,2026-03-19 11:43:53,2026-03-19 11:44:03
8,Running,2026-03-19 11:43:39,2026-03-19 11:44:26
6,Running,2026-03-19 11:41:06,2026-03-19 11:44:57
8,Starved,2026-03-19 11:44:26,2026-03-19 11:45:02
6,Starved,2026-03-19 11:44:57,2026-03-19 11:45:10
10,Running,2026-03-19 09:57:50,2026-03-19 11:45:50
12,Running,2026-03-19 09:19:40,2026-03-19 11:46:23
8,Running,2026-03-19 11:45:02,2026-03-19 11:47:01
8,Starved,2026-03-19 11:47:01,2026-03-19 11:47:02
8,Running,2026-03-19 11:47:02,2026-03-19 11:48:07
5,Running,2026-03-19 11:44:03,2026-03-19 11:48:12
3,Running,2026-03-19 11:40:08,2026-03-19 11:48:14
5,Starved,2026-03-19 11:48:12,2026-03-19 11:48:16
3,Blocked,2026-03-19 11:48:14,2026-03-19 11:48:16
8,Starved,2026-03-19 11:48:07,2026-03-19 11:48:25
5,Running,2026-03-19 11:48:16,2026-03-19 11:49:12
3,Running,2026-03-19 11:48:16,2026-03-19 11:49:14
5,Starved,2026-03-19 11:49:12,2026-03-19 11:49:19
3,Blocked,2026-03-19 11:49:14,2026-03-19 11:49:19
8,Running,2026-03-19 11:48:25,2026-03-19 11:49:28
8,Starved,2026-03-19 11:49:28,2026-03-19 11:49:31
8,Running,2026-03-19 11:49:31,2026-03-19 11:50:33
8,Starved,2026-03-19 11:50:33,2026-03-19 11:50:46
5,Running,2026-03-19 11:49:19,2026-03-19 11:51:17
5,Starved,2026-03-19 11:51:17,2026-03-19 11:51:27
8,Running,2026-03-19 11:50:46,2026-03-19 11:51:43
8,Starved,2026-03-19 11:51:43,2026-03-19 11:51:52
6,Running,2026-03-19 11:45:10,2026-03-19 11:52:17
3,Running,2026-03-19 11:49:19,2026-03-19 11:52:20
5,Running,2026-03-19 11:51:27,2026-03-19 11:52:37
6,Starved,2026-03-19 11:52:17,2026-03-19 11:52:37
8,Running,2026-03-19 11:51:52,2026-03-19 11:52:53
5,Starved,2026-03-19 11:52:37,2026-03-19 11:52:53
3,Blocked,2026-03-19 11:52:20,2026-03-19 11:52:53
8,Starved,2026-03-19 11:52:53,2026-03-19 11:53:02
9,Running,2026-03-19 11:40:48,2026-03-19 11:53:39
6,Running,2026-03-19 11:52:37,2026-03-19 11:53:42
3,Running,2026-03-19 11:52:53,2026-03-19 11:53:56
8,Running,2026-03-19 11:53:02,2026-03-19 11:53:59
5,Running,2026-03-19 11:52:53,2026-03-19 11:53:59
6,Starved,2026-03-19 11:53:42,2026-03-19 11:53:59
11,Down,2026-03-19 11:39:04,2026-03-19 11:54:03
10,Blocked,2026-03-19 11:45:50,2026-03-19 11:54:03
9,Blocked,2026-03-19 11:53:39,2026-03-19 11:54:03
5,Starved,2026-03-19 11:53:59,2026-03-19 11:54:19
3,Blocked,2026-03-19 11:53:56,2026-03-19 11:54:19
8,Starved,2026-03-19 11:53:59,2026-03-19 11:54:39
6,Running,2026-03-19 11:53:59,2026-03-19 11:54:57
9,Running,2026-03-19 11:54:03,2026-03-19 11:55:05
10,Running,2026-03-19 11:54:03,2026-03-19 11:55:05
3,Running,2026-03-19 11:54:19,2026-03-19 11:55:07
12,Starved,2026-03-19 11:46:23,2026-03-19 11:55:07
10,Blocked,2026-03-19 11:55:05,2026-03-19 11:55:07
9,Blocked,2026-03-19 11:55:05,2026-03-19 11:55:07
5,Running,2026-03-19 11:54:19,2026-03-19 11:55:12
6,Starved,2026-03-19 11:54:57,2026-03-19 11:55:12
5,Starved,2026-03-19 11:55:12,2026-03-19 11:55:20
3,Blocked,2026-03-19 11:55:07,2026-03-19 11:55:20
8,Running,2026-03-19 11:54:39,2026-03-19 11:55:40
8,Starved,2026-03-19 11:55:40,2026-03-19 11:55:52
9,Running,2026-03-19 11:55:07,2026-03-19 11:56:02
10,Running,2026-03-19 11:55:07,2026-03-19 11:56:08
12,Running,2026-03-19 11:55:07,2026-03-19 11:56:08
6,Running,2026-03-19 11:55:12,2026-03-19 11:56:12
12,Starved,2026-03-19 11:56:08,2026-03-19 11:56:15
10,Blocked,2026-03-19 11:56:08,2026-03-19 11:56:15
9,Blocked,2026-03-19 11:56:02,2026-03-19 11:56:15
6,Starved,2026-03-19 11:56:12,2026-03-19 11:56:24
8,Running,2026-03-19 11:55:52,2026-03-19 11:56:54
8,Starved,2026-03-19 11:56:54,2026-03-19 11:57:00
10,Running,2026-03-19 11:56:15,2026-03-19 11:57:07
10,Blocked,2026-03-19 11:57:07,2026-03-19 11:57:10
3,Running,2026-03-19 11:55:20,2026-03-19 11:57:14
5,Running,2026-03-19 11:55:20,2026-03-19 11:57:17
5,Starved,2026-03-19 11:57:17,2026-03-19 11:57:26
3,Blocked,2026-03-19 11:57:14,2026-03-19 11:57:26
8,Running,2026-03-19 11:57:00,2026-03-19 11:57:54
8,Starved,2026-03-19 11:57:54,2026-03-19 11:57:55
5,Running,2026-03-19 11:57:26,2026-03-19 11:58:22
2,Running,2026-03-19 11:36:28,2026-03-19 11:58:26
3,Running,2026-03-19 11:57:26,2026-03-19 11:58:27
5,Starved,2026-03-19 11:58:22,2026-03-19 11:58:28
3,Blocked,2026-03-19 11:58:27,2026-03-19 11:58:28
2,Blocked,2026-03-19 11:58:26,2026-03-19 11:58:28
2,Running,2026-03-19 11:58:28,2026-03-19 11:59:29
3,Running,2026-03-19 11:58:28,2026-03-19 11:59:30
6,Running,2026-03-19 11:56:24,2026-03-19 11:59:36
5,Running,2026-03-19 11:58:28,2026-03-19 11:59:37
6,Starved,2026-03-19 11:59:36,2026-03-19 11:59:37
1,Running,2026-03-19 11:38:30,2026-03-19 11:59:43
8,Running,2026-03-19 11:57:55,2026-03-19 11:59:50
8,Starved,2026-03-19 11:59:50,2026-03-19 11:59:53
5,Starved,2026-03-19 11:59:37,2026-03-19 12:00:04
3,Blocked,2026-03-19 11:59:30,2026-03-19 12:00:04
2,Blocked,2026-03-19 11:59:29,2026-03-19 12:00:04
1,Blocked,2026-03-19 11:59:43,2026-03-19 12:00:04
6,Running,2026-03-19 11:59:37,2026-03-19 12:00:36
2,Running,2026-03-19 12:00:04,2026-03-19 12:00:51
3,Running,2026-03-19 12:00:04,2026-03-19 12:01:03
5,Running,2026-03-19 12:00:04,2026-03-19 12:01:10
6,Starved,2026-03-19 12:00:36,2026-03-19 12:01:10
1,Running,2026-03-19 12:00:04,2026-03-19 12:01:13
5,Starved,2026-03-19 12:01:10,2026-03-19 12:01:35
3,Blocked,2026-03-19 12:01:03,2026-03-19 12:01:35
2,Blocked,2026-03-19 12:00:51,2026-03-19 12:01:35
1,Blocked,2026-03-19 12:01:13,2026-03-19 12:01:35
8,Running,2026-03-19 11:59:53,2026-03-19 12:01:54
8,Starved,2026-03-19 12:01:54,2026-03-19 12:01:55
6,Running,2026-03-19 12:01:10,2026-03-19 12:02:06
1,Running,2026-03-19 12:01:35,2026-03-19 12:02:36
3,Running,2026-03-19 12:01:35,2026-03-19 12:02:37
5,Running,2026-03-19 12:01:35,2026-03-19 12:02:37
6,Starved,2026-03-19 12:02:06,2026-03-19 12:02:37
2,Running,2026-03-19 12:01:35,2026-03-19 12:02:41
4,Running,2026-03-19 10:20:32,2026-03-19 12:02:43
5,Starved,2026-03-19 12:02:37,2026-03-19 12:02:43
8,Running,2026-03-19 12:01:55,2026-03-19 12:02:47
8,Starved,2026-03-19 12:02:47,2026-03-19 12:03:01
5,Running,2026-03-19 12:02:43,2026-03-19 12:03:45
4,Down,2026-03-19 12:02:43,2026-03-19 12:03:51
3,Blocked,2026-03-19 12:02:37,2026-03-19 12:03:51
2,Blocked,2026-03-19 12:02:41,2026-03-19 12:03:51
1,Blocked,2026-03-19 12:02:36,2026-03-19 12:03:51
8,Running,2026-03-19 12:03:01,2026-03-19 12:04:03
8,Starved,2026-03-19 12:04:03,2026-03-19 12:04:06
2,Running,2026-03-19 12:03:51,2026-03-19 12:04:46
6,Running,2026-03-19 12:02:37,2026-03-19 12:04:48
5,Starved,2026-03-19 12:03:45,2026-03-19 12:04:52
8,Running,2026-03-19 12:04:06,2026-03-19 12:04:58
2,Blocked,2026-03-19 12:04:46,2026-03-19 12:04:59
8,Starved,2026-03-19 12:04:58,2026-03-19 12:05:14
3,Running,2026-03-19 12:03:51,2026-03-19 12:05:50
3,Blocked,2026-03-19 12:05:50,2026-03-19 12:05:55
6,Starved,2026-03-19 12:04:48,2026-03-19 12:06:00
8,Running,2026-03-19 12:05:14,2026-03-19 12:06:14
8,Starved,2026-03-19 12:06:14,2026-03-19 12:06:22
3,Running,2026-03-19 12:05:55,2026-03-19 12:06:46
5,Running,2026-03-19 12:04:52,2026-03-19 12:06:49
2,Running,2026-03-19 12:04:59,2026-03-19 12:06:57
5,Starved,2026-03-19 12:06:49,2026-03-19 12:06:57
3,Blocked,2026-03-19 12:06:46,2026-03-19 12:06:57
2,Blocked,2026-03-19 12:06:57,2026-03-19 12:06:57
8,Running,2026-03-19 12:06:22,2026-03-19 12:07:18
8,Starved,2026-03-19 12:07:18,2026-03-19 12:07:27
6,Running,2026-03-19 12:06:00,2026-03-19 12:07:53
5,Running,2026-03-19 12:06:57,2026-03-19 12:07:54
6,Starved,2026-03-19 12:07:53,2026-03-19 12:07:54
2,Running,2026-03-19 12:06:57,2026-03-19 12:07:54
5,Starved,2026-03-19 12:07:54,2026-03-19 12:07:57
2,Blocked,2026-03-19 12:07:54,2026-03-19 12:07:58
2,Running,2026-03-19 12:07:58,2026-03-19 12:08:49
6,Running,2026-03-19 12:07:54,2026-03-19 12:08:53
3,Running,2026-03-19 12:06:57,2026-03-19 12:09:01
12,Running,2026-03-19 11:56:15,2026-03-19 12:09:01
3,Blocked,2026-03-19 12:09:01,2026-03-19 12:09:03
2,Blocked,2026-03-19 12:08:49,2026-03-19 12:09:03
6,Starved,2026-03-19 12:08:53,2026-03-19 12:09:04
12,Starved,2026-03-19 12:09:01,2026-03-19 12:09:06
2,Running,2026-03-19 12:09:03,2026-03-19 12:09:57
3,Running,2026-03-19 12:09:03,2026-03-19 12:09:58
6,Running,2026-03-19 12:09:04,2026-03-19 12:10:04
5,Running,2026-03-19 12:07:57,2026-03-19 12:10:06
6,Starved,2026-03-19 12:10:04,2026-03-19 12:10:06
1,Running,2026-03-19 12:03:51,2026-03-19 12:10:11
5,Starved,2026-03-19 12:10:06,2026-03-19 12:10:13
3,Blocked,2026-03-19 12:09:58,2026-03-19 12:10:13
2,Blocked,2026-03-19 12:09:57,2026-03-19 12:10:13
1,Blocked,2026-03-19 12:10:11,2026-03-19 12:10:13
8,Running,2026-03-19 12:07:27,2026-03-19 12:10:27
8,Starved,2026-03-19 12:10:27,2026-03-19 12:10:28
1,Running,2026-03-19 12:10:13,2026-03-19 12:11:09
2,Running,2026-03-19 12:10:13,2026-03-19 12:11:09
6,Running,2026-03-19 12:10:06,2026-03-19 12:11:10
3,Running,2026-03-19 12:10:13,2026-03-19 12:11:11
5,Running,2026-03-19 12:10:13,2026-03-19 12:11:12
6,Starved,2026-03-19 12:11:10,2026-03-19 12:11:12
8,Running,2026-03-19 12:10:28,2026-03-19 12:11:37
8,Starved,2026-03-19 12:11:37,2026-03-19 12:11:38
5,Starved,2026-03-19 12:11:12,2026-03-19 12:11:44
3,Blocked,2026-03-19 12:11:11,2026-03-19 12:11:44
2,Blocked,2026-03-19 12:11:09,2026-03-19 12:11:44
1,Blocked,2026-03-19 12:11:09,2026-03-19 12:11:44
6,Running,2026-03-19 12:11:12,2026-03-19 12:12:04
5,Running,2026-03-19 12:11:44,2026-03-19 12:12:38
6,Starved,2026-03-19 12:12:04,2026-03-19 12:12:38
1,Running,2026-03-19 12:11:44,2026-03-19 12:12:38
3,Running,2026-03-19 12:11:44,2026-03-19 12:12:42
2,Running,2026-03-19 12:11:44,2026-03-19 12:12:51
5,Starved,2026-03-19 12:12:38,2026-03-19 12:13:23
3,Blocked,2026-03-19 12:12:42,2026-03-19 12:13:23
2,Blocked,2026-03-19 12:12:51,2026-03-19 12:13:23
1,Blocked,2026-03-19 12:12:38,2026-03-19 12:13:23
6,Running,2026-03-19 12:12:38,2026-03-19 12:13:41
12,Running,2026-03-19 12:09:06,2026-03-19 12:13:52
12,Starved,2026-03-19 12:13:52,2026-03-19 12:13:59
5,Running,2026-03-19 12:13:23,2026-03-19 12:14:15
6,Starved,2026-03-19 12:13:41,2026-03-19 12:14:15
5,Starved,2026-03-19 12:14:15,2026-03-19 12:14:17
1,Running,2026-03-19 12:13:23,2026-03-19 12:14:23
2,Running,2026-03-19 12:13:23,2026-03-19 12:14:25
2,Blocked,2026-03-19 12:14:25,2026-03-19 12:14:36
1,Blocked,2026-03-19 12:14:23,2026-03-19 12:14:36
6,Running,2026-03-19 12:14:15,2026-03-19 12:15:17
6,Starved,2026-03-19 12:15:17,2026-03-19 12:15:24
2,Running,2026-03-19 12:14:36,2026-03-19 12:15:29
1,Running,2026-03-19 12:14:36,2026-03-19 12:15:37
2,Blocked,2026-03-19 12:15:29,2026-03-19 12:15:38
1,Blocked,2026-03-19 12:15:37,2026-03-19 12:15:38
6,Running,2026-03-19 12:15:24,2026-03-19 12:16:22
6,Starved,2026-03-19 12:16:22,2026-03-19 12:16:30
8,Running,2026-03-19 12:11:38,2026-03-19 12:16:35
1,Running,2026-03-19 12:15:38,2026-03-19 12:16:35
8,Starved,2026-03-19 12:16:35,2026-03-19 12:16:36
1,Blocked,2026-03-19 12:16:35,2026-03-19 12:16:48
8,Running,2026-03-19 12:16:36,2026-03-19 12:17:25
6,Running,2026-03-19 12:16:30,2026-03-19 12:17:32
5,Running,2026-03-19 12:14:17,2026-03-19 12:17:34
6,Starved,2026-03-19 12:17:32,2026-03-19 12:17:34
3,Running,2026-03-19 12:13:23,2026-03-19 12:17:36
8,Starved,2026-03-19 12:17:25,2026-03-19 12:17:43
2,Running,2026-03-19 12:15:38,2026-03-19 12:17:45
5,Starved,2026-03-19 12:17:34,2026-03-19 12:17:48
3,Blocked,2026-03-19 12:17:36,2026-03-19 12:17:48
2,Blocked,2026-03-19 12:17:45,2026-03-19 12:17:48
9,Running,2026-03-19 11:56:15,2026-03-19 12:17:54
9,Down,2026-03-19 12:17:54,2026-03-19 12:18:19
6,Running,2026-03-19 12:17:34,2026-03-19 12:18:30
8,Running,2026-03-19 12:17:43,2026-03-19 12:18:37
5,Running,2026-03-19 12:17:48,2026-03-19 12:18:42
6,Starved,2026-03-19 12:18:30,2026-03-19 12:18:42
1,Running,2026-03-19 12:16:48,2026-03-19 12:18:43
2,Running,2026-03-19 12:17:48,2026-03-19 12:18:45
3,Running,2026-03-19 12:17:48,2026-03-19 12:18:46
12,Running,2026-03-19 12:13:59,2026-03-19 12:18:49
8,Starved,2026-03-19 12:18:37,2026-03-19 12:18:50
5,Starved,2026-03-19 12:18:42,2026-03-19 12:18:55
3,Blocked,2026-03-19 12:18:46,2026-03-19 12:18:55
2,Blocked,2026-03-19 12:18:45,2026-03-19 12:18:55
1,Blocked,2026-03-19 12:18:43,2026-03-19 12:18:55
12,Starved,2026-03-19 12:18:49,2026-03-19 12:18:57
6,Running,2026-03-19 12:18:42,2026-03-19 12:19:43
5,Running,2026-03-19 12:18:55,2026-03-19 12:19:45
6,Starved,2026-03-19 12:19:43,2026-03-19 12:19:45
2,Running,2026-03-19 12:18:55,2026-03-19 12:19:52
3,Running,2026-03-19 12:18:55,2026-03-19 12:20:00
5,Starved,2026-03-19 12:19:45,2026-03-19 12:20:29
3,Blocked,2026-03-19 12:20:00,2026-03-19 12:20:29
2,Blocked,2026-03-19 12:19:52,2026-03-19 12:20:29
6,Running,2026-03-19 12:19:45,2026-03-19 12:20:41
5,Running,2026-03-19 12:20:29,2026-03-19 12:21:16
6,Starved,2026-03-19 12:20:41,2026-03-19 12:21:16
3,Running,2026-03-19 12:20:29,2026-03-19 12:21:34
2,Running,2026-03-19 12:20:29,2026-03-19 12:21:36
5,Starved,2026-03-19 12:21:16,2026-03-19 12:21:55
3,Blocked,2026-03-19 12:21:34,2026-03-19 12:21:55
2,Blocked,2026-03-19 12:21:36,2026-03-19 12:21:55
8,Running,2026-03-19 12:18:50,2026-03-19 12:22:04
8,Starved,2026-03-19 12:22:04,2026-03-19 12:22:15
6,Running,2026-03-19 12:21:16,2026-03-19 12:22:26
2,Running,2026-03-19 12:21:55,2026-03-19 12:22:48
6,Starved,2026-03-19 12:22:26,2026-03-19 12:22:51
2,Blocked,2026-03-19 12:22:48,2026-03-19 12:22:55
1,Down,2026-03-19 12:18:55,2026-03-19 12:22:58
6,Running,2026-03-19 12:22:51,2026-03-19 12:23:41
5,Running,2026-03-19 12:21:55,2026-03-19 12:23:48
6,Starved,2026-03-19 12:23:41,2026-03-19 12:23:48
3,Running,2026-03-19 12:21:55,2026-03-19 12:23:49
2,Running,2026-03-19 12:22:55,2026-03-19 12:23:50
5,Starved,2026-03-19 12:23:48,2026-03-19 12:23:59
3,Blocked,2026-03-19 12:23:49,2026-03-19 12:23:59
2,Blocked,2026-03-19 12:23:50,2026-03-19 12:23:59
6,Running,2026-03-19 12:23:48,2026-03-19 12:24:41
3,Running,2026-03-19 12:23:59,2026-03-19 12:24:51
5,Running,2026-03-19 12:23:59,2026-03-19 12:24:51
6,Starved,2026-03-19 12:24:41,2026-03-19 12:24:51
5,Starved,2026-03-19 12:24:51,2026-03-19 12:25:01
3,Blocked,2026-03-19 12:24:51,2026-03-19 12:25:01
8,Running,2026-03-19 12:22:15,2026-03-19 12:25:24
8,Starved,2026-03-19 12:25:24,2026-03-19 12:25:38
6,Running,2026-03-19 12:24:51,2026-03-19 12:25:46
6,Starved,2026-03-19 12:25:46,2026-03-19 12:26:02
2,Running,2026-03-19 12:23:59,2026-03-19 12:27:04
2,Blocked,2026-03-19 12:27:04,2026-03-19 12:27:12
8,Running,2026-03-19 12:25:38,2026-03-19 12:27:29
8,Starved,2026-03-19 12:27:29,2026-03-19 12:27:40
6,Running,2026-03-19 12:26:02,2026-03-19 12:28:05
5,Running,2026-03-19 12:25:01,2026-03-19 12:28:08
6,Starved,2026-03-19 12:28:05,2026-03-19 12:28:08
2,Running,2026-03-19 12:27:12,2026-03-19 12:28:13
3,Running,2026-03-19 12:25:01,2026-03-19 12:28:14
5,Starved,2026-03-19 12:28:08,2026-03-19 12:28:19
3,Blocked,2026-03-19 12:28:14,2026-03-19 12:28:19
2,Blocked,2026-03-19 12:28:13,2026-03-19 12:28:19
8,Running,2026-03-19 12:27:40,2026-03-19 12:28:41
8,Starved,2026-03-19 12:28:41,2026-03-19 12:28:46
6,Running,2026-03-19 12:28:08,2026-03-19 12:29:08
3,Running,2026-03-19 12:28:19,2026-03-19 12:29:18
2,Running,2026-03-19 12:28:19,2026-03-19 12:29:18
5,Running,2026-03-19 12:28:19,2026-03-19 12:29:21
6,Starved,2026-03-19 12:29:08,2026-03-19 12:29:21
5,Starved,2026-03-19 12:29:21,2026-03-19 12:29:36
3,Blocked,2026-03-19 12:29:18,2026-03-19 12:29:36
8,Running,2026-03-19 12:28:46,2026-03-19 12:29:46
8,Starved,2026-03-19 12:29:46,2026-03-19 12:29:47
6,Running,2026-03-19 12:29:21,2026-03-19 12:30:26
5,Running,2026-03-19 12:29:36,2026-03-19 12:30:27
6,Starved,2026-03-19 12:30:26,2026-03-19 12:30:27
8,Running,2026-03-19 12:29:47,2026-03-19 12:30:40
5,Starved,2026-03-19 12:30:27,2026-03-19 12:30:43
8,Starved,2026-03-19 12:30:40,2026-03-19 12:30:51
6,Running,2026-03-19 12:30:27,2026-03-19 12:31:25
1,Running,2026-03-19 12:22:58,2026-03-19 12:31:40
5,Running,2026-03-19 12:30:43,2026-03-19 12:31:41
6,Starved,2026-03-19 12:31:25,2026-03-19 12:31:41
5,Starved,2026-03-19 12:31:41,2026-03-19 12:31:49
8,Running,2026-03-19 12:30:51,2026-03-19 12:31:49
8,Starved,2026-03-19 12:31:49,2026-03-19 12:31:57
3,Down,2026-03-19 12:29:36,2026-03-19 12:32:28
2,Blocked,2026-03-19 12:29:18,2026-03-19 12:32:28
1,Blocked,2026-03-19 12:31:40,2026-03-19 12:32:28
6,Running,2026-03-19 12:31:41,2026-03-19 12:32:38
5,Running,2026-03-19 12:31:49,2026-03-19 12:32:38
6,Starved,2026-03-19 12:32:38,2026-03-19 12:32:38
5,Starved,2026-03-19 12:32:38,2026-03-19 12:32:49
8,Running,2026-03-19 12:31:57,2026-03-19 12:32:54
8,Starved,2026-03-19 12:32:54,2026-03-19 12:32:57
2,Running,2026-03-19 12:32:28,2026-03-19 12:33:17
2,Blocked,2026-03-19 12:33:17,2026-03-19 12:33:24
6,Running,2026-03-19 12:32:38,2026-03-19 12:33:42
8,Running,2026-03-19 12:32:57,2026-03-19 12:33:48
6,Starved,2026-03-19 12:33:42,2026-03-19 12:33:58
8,Starved,2026-03-19 12:33:48,2026-03-19 12:34:05
1,Running,2026-03-19 12:32:28,2026-03-19 12:34:23
1,Blocked,2026-03-19 12:34:23,2026-03-19 12:34:31
8,Running,2026-03-19 12:34:05,2026-03-19 12:34:52
6,Running,2026-03-19 12:33:58,2026-03-19 12:34:52
6,Starved,2026-03-19 12:34:52,2026-03-19 12:34:56
8,Starved,2026-03-19 12:34:52,2026-03-19 12:35:11
1,Running,2026-03-19 12:34:31,2026-03-19 12:35:38
1,Blocked,2026-03-19 12:35:38,2026-03-19 12:35:38
5,Running,2026-03-19 12:32:49,2026-03-19 12:35:47
8,Running,2026-03-19 12:35:11,2026-03-19 12:35:58
5,Starved,2026-03-19 12:35:47,2026-03-19 12:36:01
1,Running,2026-03-19 12:35:38,2026-03-19 12:36:31
1,Blocked,2026-03-19 12:36:31,2026-03-19 12:36:35
8,Starved,2026-03-19 12:35:58,2026-03-19 12:36:39
5,Running,2026-03-19 12:36:01,2026-03-19 12:36:58
5,Starved,2026-03-19 12:36:58,2026-03-19 12:36:59
1,Running,2026-03-19 12:36:35,2026-03-19 12:37:36
1,Blocked,2026-03-19 12:37:36,2026-03-19 12:37:40
8,Running,2026-03-19 12:36:39,2026-03-19 12:37:40
8,Starved,2026-03-19 12:37:40,2026-03-19 12:37:49
5,Running,2026-03-19 12:36:59,2026-03-19 12:37:50
5,Starved,2026-03-19 12:37:50,2026-03-19 12:38:27
1,Running,2026-03-19 12:37:40,2026-03-19 12:38:30
1,Blocked,2026-03-19 12:38:30,2026-03-19 12:38:47
8,Running,2026-03-19 12:37:49,2026-03-19 12:38:55
8,Starved,2026-03-19 12:38:55,2026-03-19 12:38:55
6,Running,2026-03-19 12:34:56,2026-03-19 12:39:05
5,Running,2026-03-19 12:38:27,2026-03-19 12:39:26
6,Starved,2026-03-19 12:39:05,2026-03-19 12:39:26
8,Running,2026-03-19 12:38:55,2026-03-19 12:40:01
5,Starved,2026-03-19 12:39:26,2026-03-19 12:40:08
8,Starved,2026-03-19 12:40:01,2026-03-19 12:40:09
6,Running,2026-03-19 12:39:26,2026-03-19 12:40:29
1,Running,2026-03-19 12:38:47,2026-03-19 12:40:43
1,Blocked,2026-03-19 12:40:43,2026-03-19 12:40:54
6,Starved,2026-03-19 12:40:29,2026-03-19 12:41:09
8,Running,2026-03-19 12:40:09,2026-03-19 12:41:14
8,Starved,2026-03-19 12:41:14,2026-03-19 12:41:16
1,Running,2026-03-19 12:40:54,2026-03-19 12:41:48
1,Blocked,2026-03-19 12:41:48,2026-03-19 12:41:53
6,Running,2026-03-19 12:41:09,2026-03-19 12:42:09
6,Starved,2026-03-19 12:42:09,2026-03-19 12:42:12
8,Running,2026-03-19 12:41:16,2026-03-19 12:42:17
8,Starved,2026-03-19 12:42:17,2026-03-19 12:42:42
6,Running,2026-03-19 12:42:12,2026-03-19 12:43:02
6,Starved,2026-03-19 12:43:02,2026-03-19 12:43:18
8,Running,2026-03-19 12:42:42,2026-03-19 12:43:46
2,Running,2026-03-19 12:33:24,2026-03-19 12:43:53
8,Starved,2026-03-19 12:43:46,2026-03-19 12:43:58
1,Running,2026-03-19 12:41:53,2026-03-19 12:44:00
2,Blocked,2026-03-19 12:43:53,2026-03-19 12:44:04
1,Blocked,2026-03-19 12:44:00,2026-03-19 12:44:04
6,Running,2026-03-19 12:43:18,2026-03-19 12:44:21
6,Starved,2026-03-19 12:44:21,2026-03-19 12:44:28
1,Running,2026-03-19 12:44:04,2026-03-19 12:45:00
2,Running,2026-03-19 12:44:04,2026-03-19 12:45:03
2,Blocked,2026-03-19 12:45:03,2026-03-19 12:45:13
1,Blocked,2026-03-19 12:45:00,2026-03-19 12:45:13
6,Running,2026-03-19 12:44:28,2026-03-19 12:45:34
5,Running,2026-03-19 12:40:08,2026-03-19 12:45:36
6,Starved,2026-03-19 12:45:34,2026-03-19 12:45:36
5,Starved,2026-03-19 12:45:36,2026-03-19 12:45:59
12,Running,2026-03-19 12:18:57,2026-03-19 12:45:59
6,Running,2026-03-19 12:45:36,2026-03-19 12:46:27
5,Running,2026-03-19 12:45:59,2026-03-19 12:46:55
6,Starved,2026-03-19 12:46:27,2026-03-19 12:46:55
2,Running,2026-03-19 12:45:13,2026-03-19 12:46:59
2,Blocked,2026-03-19 12:46:59,2026-03-19 12:47:07
5,Starved,2026-03-19 12:46:55,2026-03-19 12:47:11
8,Running,2026-03-19 12:43:58,2026-03-19 12:47:41
8,Starved,2026-03-19 12:47:41,2026-03-19 12:47:49
6,Running,2026-03-19 12:46:55,2026-03-19 12:47:53
5,Running,2026-03-19 12:47:11,2026-03-19 12:48:06
6,Starved,2026-03-19 12:47:53,2026-03-19 12:48:06
2,Running,2026-03-19 12:47:07,2026-03-19 12:48:09
2,Blocked,2026-03-19 12:48:09,2026-03-19 12:48:16
5,Starved,2026-03-19 12:48:06,2026-03-19 12:48:17
8,Running,2026-03-19 12:47:49,2026-03-19 12:48:52
8,Starved,2026-03-19 12:48:52,2026-03-19 12:48:54
5,Running,2026-03-19 12:48:17,2026-03-19 12:49:04
5,Starved,2026-03-19 12:49:04,2026-03-19 12:49:22
2,Running,2026-03-19 12:48:16,2026-03-19 12:50:10
6,Running,2026-03-19 12:48:06,2026-03-19 12:50:16
2,Blocked,2026-03-19 12:50:10,2026-03-19 12:50:17
5,Running,2026-03-19 12:49:22,2026-03-19 12:50:26
6,Starved,2026-03-19 12:50:16,2026-03-19 12:50:26
5,Starved,2026-03-19 12:50:26,2026-03-19 12:50:39
8,Running,2026-03-19 12:48:54,2026-03-19 12:51:08
8,Starved,2026-03-19 12:51:08,2026-03-19 12:51:15
2,Running,2026-03-19 12:50:17,2026-03-19 12:51:19
2,Blocked,2026-03-19 12:51:19,2026-03-19 12:51:25
6,Running,2026-03-19 12:50:26,2026-03-19 12:51:25
5,Running,2026-03-19 12:50:39,2026-03-19 12:51:35
6,Starved,2026-03-19 12:51:25,2026-03-19 12:51:35
1,Running,2026-03-19 12:45:13,2026-03-19 12:51:36
5,Starved,2026-03-19 12:51:35,2026-03-19 12:51:37
8,Running,2026-03-19 12:51:15,2026-03-19 12:52:11
6,Running,2026-03-19 12:51:35,2026-03-19 12:52:36
6,Starved,2026-03-19 12:52:36,2026-03-19 12:52:37
8,Starved,2026-03-19 12:52:11,2026-03-19 12:52:43
10,Running,2026-03-19 11:57:10,2026-03-19 12:52:51
8,Running,2026-03-19 12:52:43,2026-03-19 12:53:40
8,Starved,2026-03-19 12:53:40,2026-03-19 12:54:11
10,Down,2026-03-19 12:52:51,2026-03-19 12:54:16
2,Running,2026-03-19 12:51:25,2026-03-19 12:54:18
12,Down,2026-03-19 12:45:59,2026-03-19 12:54:22
2,Blocked,2026-03-19 12:54:18,2026-03-19 12:54:23
5,Running,2026-03-19 12:51:37,2026-03-19 12:54:43
5,Starved,2026-03-19 12:54:43,2026-03-19 12:54:54
6,Running,2026-03-19 12:52:37,2026-03-19 12:55:51
5,Running,2026-03-19 12:54:54,2026-03-19 12:55:53
6,Starved,2026-03-19 12:55:51,2026-03-19 12:55:53
5,Starved,2026-03-19 12:55:53,2026-03-19 12:55:54
8,Running,2026-03-19 12:54:11,2026-03-19 12:56:18
8,Starved,2026-03-19 12:56:18,2026-03-19 12:56:18
6,Running,2026-03-19 12:55:53,2026-03-19 12:56:47
5,Running,2026-03-19 12:55:54,2026-03-19 12:56:53
6,Starved,2026-03-19 12:56:47,2026-03-19 12:56:53
5,Starved,2026-03-19 12:56:53,2026-03-19 12:56:55
3,Running,2026-03-19 12:32:28,2026-03-19 12:57:18
2,Running,2026-03-19 12:54:23,2026-03-19 12:57:18
8,Running,2026-03-19 12:56:18,2026-03-19 12:57:21
8,Starved,2026-03-19 12:57:21,2026-03-19 12:57:27
8,Running,2026-03-19 12:57:27,2026-03-19 12:58:21
8,Starved,2026-03-19 12:58:21,2026-03-19 12:58:38
5,Running,2026-03-19 12:56:55,2026-03-19 12:58:50
5,Starved,2026-03-19 12:58:50,2026-03-19 12:58:52
1,Down,2026-03-19 12:51:36,2026-03-19 12:59:02
5,Running,2026-03-19 12:58:52,2026-03-19 12:59:54
5,Starved,2026-03-19 12:59:54,2026-03-19 12:59:59
8,Running,2026-03-19 12:58:38,2026-03-19 13:00:49
5,Running,2026-03-19 12:59:59,2026-03-19 13:00:52
5,Starved,2026-03-19 13:00:52,2026-03-19 13:01:10
8,Starved,2026-03-19 13:00:49,2026-03-19 13:01:11
6,Running,2026-03-19 12:56:53,2026-03-19 13:02:04
8,Running,2026-03-19 13:01:11,2026-03-19 13:02:13
6,Starved,2026-03-19 13:02:04,2026-03-19 13:02:14
8,Starved,2026-03-19 13:02:13,2026-03-19 13:02:40
5,Running,2026-03-19 13:01:10,2026-03-19 13:03:07
5,Starved,2026-03-19 13:03:07,2026-03-19 13:03:31
6,Running,2026-03-19 13:02:14,2026-03-19 13:04:28
6,Starved,2026-03-19 13:04:28,2026-03-19 13:04:33
8,Running,2026-03-19 13:02:40,2026-03-19 13:04:35
8,Starved,2026-03-19 13:04:35,2026-03-19 13:04:37
1,Running,2026-03-19 12:59:02,2026-03-19 13:04:51
8,Running,2026-03-19 13:04:37,2026-03-19 13:05:27
8,Starved,2026-03-19 13:05:27,2026-03-19 13:05:46
5,Running,2026-03-19 13:03:31,2026-03-19 13:06:18
5,Starved,2026-03-19 13:06:18,2026-03-19 13:06:41
4,Running,2026-03-19 12:03:51,2026-03-19 13:07:37
6,Running,2026-03-19 13:04:33,2026-03-19 13:07:38
6,Starved,2026-03-19 13:07:38,2026-03-19 13:07:49
8,Running,2026-03-19 13:05:46,2026-03-19 13:08:41
5,Running,2026-03-19 13:06:41,2026-03-19 13:08:46
8,Starved,2026-03-19 13:08:41,2026-03-19 13:08:46
8,Running,2026-03-19 13:08:46,2026-03-19 13:09:49
8,Starved,2026-03-19 13:09:49,2026-03-19 13:10:04
6,Running,2026-03-19 13:07:49,2026-03-19 13:10:04
8,Running,2026-03-19 13:10:04,2026-03-19 13:12:03
8,Starved,2026-03-19 13:12:03,2026-03-19 13:12:10
3,Down,2026-03-19 12:57:18,2026-03-19 13:12:27
2,Blocked,2026-03-19 12:57:18,2026-03-19 13:12:27
4,Starved,2026-03-19 13:07:37,2026-03-19 13:13:36
8,Running,2026-03-19 13:12:10,2026-03-19 13:14:03
8,Starved,2026-03-19 13:14:03,2026-03-19 13:14:15
5,Starved,2026-03-19 13:08:46,2026-03-19 13:14:41
8,Running,2026-03-19 13:14:15,2026-03-19 13:15:04
8,Starved,2026-03-19 13:15:04,2026-03-19 13:15:12
10,Running,2026-03-19 12:54:16,2026-03-19 13:15:34
6,Starved,2026-03-19 13:10:04,2026-03-19 13:15:50
8,Running,2026-03-19 13:15:12,2026-03-19 13:17:06
10,Down,2026-03-19 13:15:34,2026-03-19 13:17:11
8,Starved,2026-03-19 13:17:06,2026-03-19 13:17:18
6,Running,2026-03-19 13:15:50,2026-03-19 13:17:55
5,Running,2026-03-19 13:14:41,2026-03-19 13:17:56
6,Starved,2026-03-19 13:17:55,2026-03-19 13:17:56
8,Running,2026-03-19 13:17:18,2026-03-19 13:18:24
8,Starved,2026-03-19 13:18:24,2026-03-19 13:18:31
5,Starved,2026-03-19 13:17:56,2026-03-19 13:18:33
6,Running,2026-03-19 13:17:56,2026-03-19 13:18:57
5,Running,2026-03-19 13:18:33,2026-03-19 13:19:31
6,Starved,2026-03-19 13:18:57,2026-03-19 13:19:31
8,Running,2026-03-19 13:18:31,2026-03-19 13:19:38
5,Starved,2026-03-19 13:19:31,2026-03-19 13:19:45
8,Starved,2026-03-19 13:19:38,2026-03-19 13:19:56
6,Running,2026-03-19 13:19:31,2026-03-19 13:20:28
6,Starved,2026-03-19 13:20:28,2026-03-19 13:20:48
8,Running,2026-03-19 13:19:56,2026-03-19 13:20:54
8,Starved,2026-03-19 13:20:54,2026-03-19 13:20:56
6,Running,2026-03-19 13:20:48,2026-03-19 13:21:39
6,Starved,2026-03-19 13:21:39,2026-03-19 13:21:44
8,Running,2026-03-19 13:20:56,2026-03-19 13:21:48
8,Starved,2026-03-19 13:21:48,2026-03-19 13:21:57
6,Running,2026-03-19 13:21:44,2026-03-19 13:22:39
6,Starved,2026-03-19 13:22:39,2026-03-19 13:22:43
8,Running,2026-03-19 13:21:57,2026-03-19 13:22:45
8,Starved,2026-03-19 13:22:45,2026-03-19 13:23:03
6,Running,2026-03-19 13:22:43,2026-03-19 13:23:40
5,Running,2026-03-19 13:19:45,2026-03-19 13:23:47
6,Starved,2026-03-19 13:23:40,2026-03-19 13:23:47
8,Running,2026-03-19 13:23:03,2026-03-19 13:24:00
8,Starved,2026-03-19 13:24:00,2026-03-19 13:24:17
5,Starved,2026-03-19 13:23:47,2026-03-19 13:24:19
6,Running,2026-03-19 13:23:47,2026-03-19 13:24:49
8,Running,2026-03-19 13:24:17,2026-03-19 13:25:11
6,Starved,2026-03-19 13:24:49,2026-03-19 13:25:29
8,Starved,2026-03-19 13:25:11,2026-03-19 13:25:48
2,Down,2026-03-19 13:12:27,2026-03-19 13:26:14
1,Blocked,2026-03-19 13:04:51,2026-03-19 13:26:14
6,Running,2026-03-19 13:25:29,2026-03-19 13:26:24
6,Starved,2026-03-19 13:26:24,2026-03-19 13:26:26
8,Running,2026-03-19 13:25:48,2026-03-19 13:26:44
8,Starved,2026-03-19 13:26:44,2026-03-19 13:26:50
1,Running,2026-03-19 13:26:14,2026-03-19 13:27:11
1,Blocked,2026-03-19 13:27:11,2026-03-19 13:27:17
6,Running,2026-03-19 13:26:26,2026-03-19 13:27:18
6,Starved,2026-03-19 13:27:18,2026-03-19 13:27:28
5,Running,2026-03-19 13:24:19,2026-03-19 13:28:27
5,Starved,2026-03-19 13:28:27,2026-03-19 13:28:31
1,Running,2026-03-19 13:27:17,2026-03-19 13:29:12
1,Blocked,2026-03-19 13:29:12,2026-03-19 13:29:29
5,Running,2026-03-19 13:28:31,2026-03-19 13:29:29
5,Starved,2026-03-19 13:29:29,2026-03-19 13:29:52
8,Running,2026-03-19 13:26:50,2026-03-19 13:29:53
8,Starved,2026-03-19 13:29:53,2026-03-19 13:30:17
1,Running,2026-03-19 13:29:29,2026-03-19 13:30:21
1,Blocked,2026-03-19 13:30:21,2026-03-19 13:30:26
6,Running,2026-03-19 13:27:28,2026-03-19 13:30:39
5,Running,2026-03-19 13:29:52,2026-03-19 13:30:49
6,Starved,2026-03-19 13:30:39,2026-03-19 13:30:49
5,Starved,2026-03-19 13:30:49,2026-03-19 13:30:52
6,Running,2026-03-19 13:30:49,2026-03-19 13:31:46
5,Running,2026-03-19 13:30:52,2026-03-19 13:31:55
6,Starved,2026-03-19 13:31:46,2026-03-19 13:31:55
5,Starved,2026-03-19 13:31:55,2026-03-19 13:31:57
6,Running,2026-03-19 13:31:55,2026-03-19 13:33:01
5,Running,2026-03-19 13:31:57,2026-03-19 13:33:02
6,Starved,2026-03-19 13:33:01,2026-03-19 13:33:02
5,Starved,2026-03-19 13:33:02,2026-03-19 13:33:12
6,Running,2026-03-19 13:33:02,2026-03-19 13:34:03
5,Running,2026-03-19 13:33:12,2026-03-19 13:34:12
6,Starved,2026-03-19 13:34:03,2026-03-19 13:34:12
1,Running,2026-03-19 13:30:26,2026-03-19 13:34:17
5,Starved,2026-03-19 13:34:12,2026-03-19 13:34:17
1,Blocked,2026-03-19 13:34:17,2026-03-19 13:34:22
8,Running,2026-03-19 13:30:17,2026-03-19 13:34:34
8,Starved,2026-03-19 13:34:34,2026-03-19 13:34:53
6,Running,2026-03-19 13:34:12,2026-03-19 13:35:17
5,Running,2026-03-19 13:34:17,2026-03-19 13:35:19
6,Starved,2026-03-19 13:35:17,2026-03-19 13:35:19
5,Starved,2026-03-19 13:35:19,2026-03-19 13:35:31
8,Running,2026-03-19 13:34:53,2026-03-19 13:35:53
8,Starved,2026-03-19 13:35:53,2026-03-19 13:35:58
1,Running,2026-03-19 13:34:22,2026-03-19 13:36:00
1,Blocked,2026-03-19 13:36:00,2026-03-19 13:36:02
6,Running,2026-03-19 13:35:19,2026-03-19 13:36:21
6,Starved,2026-03-19 13:36:21,2026-03-19 13:36:34
1,Running,2026-03-19 13:36:02,2026-03-19 13:36:55
1,Blocked,2026-03-19 13:36:55,2026-03-19 13:37:02
5,Running,2026-03-19 13:35:31,2026-03-19 13:37:36
5,Starved,2026-03-19 13:37:36,2026-03-19 13:37:48
1,Running,2026-03-19 13:37:02,2026-03-19 13:37:50
1,Blocked,2026-03-19 13:37:50,2026-03-19 13:38:02
5,Running,2026-03-19 13:37:48,2026-03-19 13:38:48
5,Starved,2026-03-19 13:38:48,2026-03-19 13:39:08
6,Running,2026-03-19 13:36:34,2026-03-19 13:39:50
5,Running,2026-03-19 13:39:08,2026-03-19 13:40:07
6,Starved,2026-03-19 13:39:50,2026-03-19 13:40:07
5,Starved,2026-03-19 13:40:07,2026-03-19 13:40:19
6,Running,2026-03-19 13:40:07,2026-03-19 13:41:03
6,Starved,2026-03-19 13:41:03,2026-03-19 13:41:26
5,Running,2026-03-19 13:40:19,2026-03-19 13:42:24
5,Starved,2026-03-19 13:42:24,2026-03-19 13:42:52
6,Running,2026-03-19 13:41:26,2026-03-19 13:43:39
5,Running,2026-03-19 13:42:52,2026-03-19 13:43:58
6,Starved,2026-03-19 13:43:39,2026-03-19 13:43:58
6,Running,2026-03-19 13:43:58,2026-03-19 13:44:58
8,Running,2026-03-19 13:35:58,2026-03-19 13:46:09
8,Starved,2026-03-19 13:46:09,2026-03-19 13:46:17
5,Down,2026-03-19 13:43:58,2026-03-19 13:47:09
2,Running,2026-03-19 13:26:14,2026-03-19 13:48:02
6,Starved,2026-03-19 13:44:58,2026-03-19 13:48:09
8,Running,2026-03-19 13:46:17,2026-03-19 13:48:13
8,Starved,2026-03-19 13:48:13,2026-03-19 13:48:21
1,Running,2026-03-19 13:38:02,2026-03-19 13:48:35
2,Down,2026-03-19 13:48:02,2026-03-19 13:48:53
1,Blocked,2026-03-19 13:48:35,2026-03-19 13:48:53
3,Running,2026-03-19 13:12:27,2026-03-19 13:49:37
3,Starved,2026-03-19 13:49:37,2026-03-19 13:49:52
1,Running,2026-03-19 13:48:53,2026-03-19 13:50:55
3,Running,2026-03-19 13:49:52,2026-03-19 13:51:01
3,Starved,2026-03-19 13:51:01,2026-03-19 13:51:01
1,Blocked,2026-03-19 13:50:55,2026-03-19 13:51:01
3,Running,2026-03-19 13:51:01,2026-03-19 13:51:55
1,Running,2026-03-19 13:51:01,2026-03-19 13:52:00
3,Starved,2026-03-19 13:51:55,2026-03-19 13:52:03
1,Blocked,2026-03-19 13:52:00,2026-03-19 13:52:03
8,Running,2026-03-19 13:48:21,2026-03-19 13:52:32
8,Starved,2026-03-19 13:52:32,2026-03-19 13:52:32
1,Running,2026-03-19 13:52:03,2026-03-19 13:52:56
1,Blocked,2026-03-19 13:52:56,2026-03-19 13:52:57
8,Running,2026-03-19 13:52:32,2026-03-19 13:53:21
8,Starved,2026-03-19 13:53:21,2026-03-19 13:53:24
1,Running,2026-03-19 13:52:57,2026-03-19 13:53:49
1,Blocked,2026-03-19 13:53:49,2026-03-19 13:53:52
1,Running,2026-03-19 13:53:52,2026-03-19 13:54:54
3,Running,2026-03-19 13:52:03,2026-03-19 13:54:59
3,Starved,2026-03-19 13:54:59,2026-03-19 13:55:05
1,Blocked,2026-03-19 13:54:54,2026-03-19 13:55:05
8,Running,2026-03-19 13:53:24,2026-03-19 13:55:25
8,Starved,2026-03-19 13:55:25,2026-03-19 13:55:28
1,Running,2026-03-19 13:55:05,2026-03-19 13:55:59
1,Blocked,2026-03-19 13:55:59,2026-03-19 13:56:04
8,Running,2026-03-19 13:55:28,2026-03-19 13:56:23
8,Starved,2026-03-19 13:56:23,2026-03-19 13:56:47
1,Running,2026-03-19 13:56:04,2026-03-19 13:56:57
1,Blocked,2026-03-19 13:56:57,2026-03-19 13:57:13
8,Running,2026-03-19 13:56:47,2026-03-19 13:57:41
8,Starved,2026-03-19 13:57:41,2026-03-19 13:57:58
1,Running,2026-03-19 13:57:13,2026-03-19 13:58:18
3,Running,2026-03-19 13:55:05,2026-03-19 13:58:21
3,Starved,2026-03-19 13:58:21,2026-03-19 13:58:25
1,Blocked,2026-03-19 13:58:18,2026-03-19 13:58:25
8,Running,2026-03-19 13:57:58,2026-03-19 13:58:59
8,Starved,2026-03-19 13:58:59,2026-03-19 13:59:16
3,Running,2026-03-19 13:58:25,2026-03-19 13:59:27
8,Running,2026-03-19 13:59:16,2026-03-19 14:00:03
8,Starved,2026-03-19 14:00:03,2026-03-19 14:00:21
8,Running,2026-03-19 14:00:21,2026-03-19 14:01:24
8,Starved,2026-03-19 14:01:24,2026-03-19 14:01:26
1,Running,2026-03-19 13:58:25,2026-03-19 14:01:27
1,Blocked,2026-03-19 14:01:27,2026-03-19 14:01:28
8,Running,2026-03-19 14:01:26,2026-03-19 14:02:19
1,Running,2026-03-19 14:01:28,2026-03-19 14:02:23
1,Blocked,2026-03-19 14:02:23,2026-03-19 14:02:27
8,Starved,2026-03-19 14:02:19,2026-03-19 14:02:32
1,Running,2026-03-19 14:02:27,2026-03-19 14:03:22
3,Down,2026-03-19 13:59:27,2026-03-19 14:03:27
1,Blocked,2026-03-19 14:03:22,2026-03-19 14:03:29
1,Running,2026-03-19 14:03:29,2026-03-19 14:04:20
1,Blocked,2026-03-19 14:04:20,2026-03-19 14:04:27
1,Running,2026-03-19 14:04:27,2026-03-19 14:05:23
1,Blocked,2026-03-19 14:05:23,2026-03-19 14:05:24
5,Running,2026-03-19 13:47:09,2026-03-19 14:05:25
5,Starved,2026-03-19 14:05:25,2026-03-19 14:05:32
5,Running,2026-03-19 14:05:32,2026-03-19 14:06:33
8,Running,2026-03-19 14:02:32,2026-03-19 14:06:35
8,Starved,2026-03-19 14:06:35,2026-03-19 14:06:44
5,Starved,2026-03-19 14:06:33,2026-03-19 14:07:00
8,Running,2026-03-19 14:06:44,2026-03-19 14:07:33
5,Running,2026-03-19 14:07:00,2026-03-19 14:07:59
5,Starved,2026-03-19 14:07:59,2026-03-19 14:08:02
1,Running,2026-03-19 14:05:24,2026-03-19 14:08:14
1,Blocked,2026-03-19 14:08:14,2026-03-19 14:08:23
5,Running,2026-03-19 14:08:02,2026-03-19 14:09:06
5,Starved,2026-03-19 14:09:06,2026-03-19 14:09:18
9,Running,2026-03-19 12:18:19,2026-03-19 14:10:03
5,Running,2026-03-19 14:09:18,2026-03-19 14:10:14
5,Starved,2026-03-19 14:10:14,2026-03-19 14:10:17
5,Running,2026-03-19 14:10:17,2026-03-19 14:11:23
5,Starved,2026-03-19 14:11:23,2026-03-19 14:11:52
8,Down,2026-03-19 14:07:33,2026-03-19 14:11:54
6,Running,2026-03-19 13:48:09,2026-03-19 14:12:30
9,Starved,2026-03-19 14:10:03,2026-03-19 14:12:52
5,Running,2026-03-19 14:11:52,2026-03-19 14:12:53
6,Starved,2026-03-19 14:12:30,2026-03-19 14:12:53
5,Starved,2026-03-19 14:12:53,2026-03-19 14:12:54
5,Running,2026-03-19 14:12:54,2026-03-19 14:13:46
5,Starved,2026-03-19 14:13:46,2026-03-19 14:14:01
6,Running,2026-03-19 14:12:53,2026-03-19 14:14:56
6,Starved,2026-03-19 14:14:56,2026-03-19 14:15:04
6,Running,2026-03-19 14:15:04,2026-03-19 14:15:59
5,Running,2026-03-19 14:14:01,2026-03-19 14:16:00
6,Starved,2026-03-19 14:15:59,2026-03-19 14:16:00
5,Starved,2026-03-19 14:16:00,2026-03-19 14:16:27
6,Running,2026-03-19 14:16:00,2026-03-19 14:17:01
6,Starved,2026-03-19 14:17:01,2026-03-19 14:17:29
5,Running,2026-03-19 14:16:27,2026-03-19 14:18:22
5,Starved,2026-03-19 14:18:22,2026-03-19 14:18:40
6,Running,2026-03-19 14:17:29,2026-03-19 14:19:19
6,Starved,2026-03-19 14:19:19,2026-03-19 14:19:45
1,Running,2026-03-19 14:08:23,2026-03-19 14:20:12
1,Blocked,2026-03-19 14:20:12,2026-03-19 14:20:13
6,Running,2026-03-19 14:19:45,2026-03-19 14:20:40
6,Starved,2026-03-19 14:20:40,2026-03-19 14:20:44
1,Running,2026-03-19 14:20:13,2026-03-19 14:21:12
1,Blocked,2026-03-19 14:21:12,2026-03-19 14:21:22
6,Running,2026-03-19 14:20:44,2026-03-19 14:21:36
10,Running,2026-03-19 13:17:11,2026-03-19 14:21:43
6,Starved,2026-03-19 14:21:36,2026-03-19 14:21:49
7,Running,2026-03-19 09:57:31,2026-03-19 14:22:13
5,Running,2026-03-19 14:18:40,2026-03-19 14:23:50
5,Starved,2026-03-19 14:23:50,2026-03-19 14:24:15
11,Running,2026-03-19 11:54:03,2026-03-19 14:24:52
6,Running,2026-03-19 14:21:49,2026-03-19 14:24:57
6,Starved,2026-03-19 14:24:57,2026-03-19 14:25:17
1,Running,2026-03-19 14:21:22,2026-03-19 14:25:29
1,Blocked,2026-03-19 14:25:29,2026-03-19 14:25:35
8,Running,2026-03-19 14:11:54,2026-03-19 14:25:57
5,Running,2026-03-19 14:24:15,2026-03-19 14:26:12
5,Starved,2026-03-19 14:26:12,2026-03-19 14:26:17
9,Running,2026-03-19 14:12:52,2026-03-19 14:26:25
1,Running,2026-03-19 14:25:35,2026-03-19 14:26:34
1,Blocked,2026-03-19 14:26:34,2026-03-19 14:26:39
10,Down,2026-03-19 14:21:43,2026-03-19 14:27:09
6,Running,2026-03-19 14:25:17,2026-03-19 14:27:10
6,Starved,2026-03-19 14:27:10,2026-03-19 14:27:17
11,Starved,2026-03-19 14:24:52,2026-03-19 14:28:01
5,Running,2026-03-19 14:26:17,2026-03-19 14:28:19
5,Starved,2026-03-19 14:28:19,2026-03-19 14:28:19
6,Running,2026-03-19 14:27:17,2026-03-19 14:29:18
5,Running,2026-03-19 14:28:19,2026-03-19 14:29:25
6,Starved,2026-03-19 14:29:18,2026-03-19 14:29:25
5,Starved,2026-03-19 14:29:25,2026-03-19 14:29:44
6,Running,2026-03-19 14:29:25,2026-03-19 14:30:22
6,Starved,2026-03-19 14:30:22,2026-03-19 14:30:55
6,Running,2026-03-19 14:30:55,2026-03-19 14:31:51
6,Starved,2026-03-19 14:31:51,2026-03-19 14:31:54
6,Running,2026-03-19 14:31:54,2026-03-19 14:32:53
6,Starved,2026-03-19 14:32:53,2026-03-19 14:32:56
10,Running,2026-03-19 14:27:09,2026-03-19 14:33:15
11,Running,2026-03-19 14:28:01,2026-03-19 14:34:15
7,Down,2026-03-19 14:22:13,2026-03-19 14:35:21
9,Down,2026-03-19 14:26:25,2026-03-19 14:36:13
8,Starved,2026-03-19 14:25:57,2026-03-19 14:36:27
6,Running,2026-03-19 14:32:56,2026-03-19 14:37:00
6,Starved,2026-03-19 14:37:00,2026-03-19 14:37:00
10,Starved,2026-03-19 14:33:15,2026-03-19 14:37:13
8,Running,2026-03-19 14:36:27,2026-03-19 14:37:26
1,Running,2026-03-19 14:26:39,2026-03-19 14:37:33
8,Starved,2026-03-19 14:37:26,2026-03-19 14:37:34
1,Blocked,2026-03-19 14:37:33,2026-03-19 14:37:41
10,Running,2026-03-19 14:37:13,2026-03-19 14:38:12
11,Starved,2026-03-19 14:34:15,2026-03-19 14:38:12
10,Starved,2026-03-19 14:38:12,2026-03-19 14:38:14
8,Running,2026-03-19 14:37:34,2026-03-19 14:38:29
8,Starved,2026-03-19 14:38:29,2026-03-19 14:38:48
5,Running,2026-03-19 14:29:44,2026-03-19 14:38:53
5,Starved,2026-03-19 14:38:53,2026-03-19 14:39:04
11,Running,2026-03-19 14:38:12,2026-03-19 14:39:14
11,Starved,2026-03-19 14:39:14,2026-03-19 14:39:17
6,Running,2026-03-19 14:37:00,2026-03-19 14:40:03
5,Running,2026-03-19 14:39:04,2026-03-19 14:40:04
6,Starved,2026-03-19 14:40:03,2026-03-19 14:40:04
5,Starved,2026-03-19 14:40:04,2026-03-19 14:40:07
10,Running,2026-03-19 14:38:14,2026-03-19 14:40:07
10,Starved,2026-03-19 14:40:07,2026-03-19 14:40:17
1,Running,2026-03-19 14:37:41,2026-03-19 14:40:39
1,Blocked,2026-03-19 14:40:39,2026-03-19 14:40:44
6,Running,2026-03-19 14:40:04,2026-03-19 14:40:53
5,Running,2026-03-19 14:40:07,2026-03-19 14:41:07
6,Starved,2026-03-19 14:40:53,2026-03-19 14:41:07
10,Running,2026-03-19 14:40:17,2026-03-19 14:41:10
5,Starved,2026-03-19 14:41:07,2026-03-19 14:41:11
10,Starved,2026-03-19 14:41:10,2026-03-19 14:41:14
1,Running,2026-03-19 14:40:44,2026-03-19 14:41:44
1,Blocked,2026-03-19 14:41:44,2026-03-19 14:41:48
8,Running,2026-03-19 14:38:48,2026-03-19 14:42:00
6,Running,2026-03-19 14:41:07,2026-03-19 14:42:01
11,Running,2026-03-19 14:39:17,2026-03-19 14:42:05
5,Running,2026-03-19 14:41:11,2026-03-19 14:42:07
6,Starved,2026-03-19 14:42:01,2026-03-19 14:42:07
10,Running,2026-03-19 14:41:14,2026-03-19 14:42:10
11,Starved,2026-03-19 14:42:05,2026-03-19 14:42:10
5,Starved,2026-03-19 14:42:07,2026-03-19 14:42:11
10,Starved,2026-03-19 14:42:10,2026-03-19 14:42:13
8,Starved,2026-03-19 14:42:00,2026-03-19 14:42:17
6,Running,2026-03-19 14:42:07,2026-03-19 14:42:56
5,Running,2026-03-19 14:42:11,2026-03-19 14:43:07
6,Starved,2026-03-19 14:42:56,2026-03-19 14:43:07
5,Starved,2026-03-19 14:43:07,2026-03-19 14:43:08
10,Running,2026-03-19 14:42:13,2026-03-19 14:43:09
8,Running,2026-03-19 14:42:17,2026-03-19 14:43:17
10,Starved,2026-03-19 14:43:09,2026-03-19 14:43:20
8,Starved,2026-03-19 14:43:17,2026-03-19 14:43:31
6,Running,2026-03-19 14:43:07,2026-03-19 14:43:59
11,Running,2026-03-19 14:42:10,2026-03-19 14:44:04
5,Running,2026-03-19 14:43:08,2026-03-19 14:44:14
6,Starved,2026-03-19 14:43:59,2026-03-19 14:44:14
5,Starved,2026-03-19 14:44:14,2026-03-19 14:44:16
10,Running,2026-03-19 14:43:20,2026-03-19 14:44:23
11,Starved,2026-03-19 14:44:04,2026-03-19 14:44:23
8,Running,2026-03-19 14:43:31,2026-03-19 14:44:35
8,Starved,2026-03-19 14:44:35,2026-03-19 14:44:41
10,Starved,2026-03-19 14:44:23,2026-03-19 14:44:48
6,Running,2026-03-19 14:44:14,2026-03-19 14:45:14
5,Running,2026-03-19 14:44:16,2026-03-19 14:45:24
6,Starved,2026-03-19 14:45:14,2026-03-19 14:45:24
11,Running,2026-03-19 14:44:23,2026-03-19 14:45:25
5,Starved,2026-03-19 14:45:24,2026-03-19 14:45:33
8,Running,2026-03-19 14:44:41,2026-03-19 14:45:41
10,Running,2026-03-19 14:44:48,2026-03-19 14:45:46
11,Starved,2026-03-19 14:45:25,2026-03-19 14:45:46
10,Starved,2026-03-19 14:45:46,2026-03-19 14:45:51
8,Starved,2026-03-19 14:45:41,2026-03-19 14:45:53
6,Running,2026-03-19 14:45:24,2026-03-19 14:46:15
6,Starved,2026-03-19 14:46:15,2026-03-19 14:46:32
10,Running,2026-03-19 14:45:51,2026-03-19 14:46:44
9,Running,2026-03-19 14:36:13,2026-03-19 14:46:46
10,Starved,2026-03-19 14:46:44,2026-03-19 14:46:46
9,Starved,2026-03-19 14:46:46,2026-03-19 14:47:02
10,Running,2026-03-19 14:46:46,2026-03-19 14:47:49
8,Running,2026-03-19 14:45:53,2026-03-19 14:47:57
8,Starved,2026-03-19 14:47:57,2026-03-19 14:47:58
1,Running,2026-03-19 14:41:48,2026-03-19 14:48:02
1,Blocked,2026-03-19 14:48:02,2026-03-19 14:48:13
10,Starved,2026-03-19 14:47:49,2026-03-19 14:48:16
5,Running,2026-03-19 14:45:33,2026-03-19 14:48:28
5,Starved,2026-03-19 14:48:28,2026-03-19 14:48:50
11,Running,2026-03-19 14:45:46,2026-03-19 14:48:56
1,Running,2026-03-19 14:48:13,2026-03-19 14:49:01
1,Blocked,2026-03-19 14:49:01,2026-03-19 14:49:17
11,Starved,2026-03-19 14:48:56,2026-03-19 14:49:24
6,Running,2026-03-19 14:46:32,2026-03-19 14:49:53
8,Running,2026-03-19 14:47:58,2026-03-19 14:49:57
5,Running,2026-03-19 14:48:50,2026-03-19 14:49:58
6,Starved,2026-03-19 14:49:53,2026-03-19 14:49:58
11,Running,2026-03-19 14:49:24,2026-03-19 14:50:24
8,Starved,2026-03-19 14:49:57,2026-03-19 14:50:26
11,Starved,2026-03-19 14:50:24,2026-03-19 14:50:27
6,Running,2026-03-19 14:49:58,2026-03-19 14:50:55
9,Running,2026-03-19 14:47:02,2026-03-19 14:51:18
11,Running,2026-03-19 14:50:27,2026-03-19 14:51:24
8,Running,2026-03-19 14:50:26,2026-03-19 14:51:30
9,Starved,2026-03-19 14:51:18,2026-03-19 14:51:30
11,Starved,2026-03-19 14:51:24,2026-03-19 14:51:32
8,Starved,2026-03-19 14:51:30,2026-03-19 14:51:48
10,Running,2026-03-19 14:48:16,2026-03-19 14:52:27
8,Running,2026-03-19 14:51:48,2026-03-19 14:52:45
10,Starved,2026-03-19 14:52:27,2026-03-19 14:52:47
8,Starved,2026-03-19 14:52:45,2026-03-19 14:52:59
11,Running,2026-03-19 14:51:32,2026-03-19 14:53:24
10,Running,2026-03-19 14:52:47,2026-03-19 14:53:46
11,Starved,2026-03-19 14:53:24,2026-03-19 14:53:46
8,Running,2026-03-19 14:52:59,2026-03-19 14:53:59
10,Starved,2026-03-19 14:53:46,2026-03-19 14:54:06
8,Starved,2026-03-19 14:53:59,2026-03-19 14:54:13
11,Running,2026-03-19 14:53:46,2026-03-19 14:54:48
9,Running,2026-03-19 14:51:30,2026-03-19 14:55:07
8,Running,2026-03-19 14:54:13,2026-03-19 14:55:08
9,Starved,2026-03-19 14:55:07,2026-03-19 14:55:08
11,Starved,2026-03-19 14:54:48,2026-03-19 14:55:13
8,Starved,2026-03-19 14:55:08,2026-03-19 14:55:15
10,Running,2026-03-19 14:54:06,2026-03-19 14:56:09
8,Running,2026-03-19 14:55:15,2026-03-19 14:56:14
10,Starved,2026-03-19 14:56:09,2026-03-19 14:56:27
8,Starved,2026-03-19 14:56:14,2026-03-19 14:56:34
10,Running,2026-03-19 14:56:27,2026-03-19 14:57:14
8,Running,2026-03-19 14:56:34,2026-03-19 14:57:26
3,Running,2026-03-19 14:03:27,2026-03-19 14:57:31
8,Starved,2026-03-19 14:57:26,2026-03-19 14:57:33
10,Starved,2026-03-19 14:57:14,2026-03-19 14:57:33
3,Blocked,2026-03-19 14:57:31,2026-03-19 14:57:39
10,Running,2026-03-19 14:57:33,2026-03-19 14:58:24
8,Running,2026-03-19 14:57:33,2026-03-19 14:58:25
8,Starved,2026-03-19 14:58:25,2026-03-19 14:58:47
10,Starved,2026-03-19 14:58:24,2026-03-19 14:58:56
1,Running,2026-03-19 14:49:17,2026-03-19 14:59:11
1,Blocked,2026-03-19 14:59:11,2026-03-19 14:59:13
11,Running,2026-03-19 14:55:13,2026-03-19 14:59:30
3,Running,2026-03-19 14:57:39,2026-03-19 14:59:42
8,Running,2026-03-19 14:58:47,2026-03-19 14:59:45
10,Running,2026-03-19 14:58:56,2026-03-19 14:59:48
11,Starved,2026-03-19 14:59:30,2026-03-19 14:59:48
8,Starved,2026-03-19 14:59:45,2026-03-19 14:59:51
3,Blocked,2026-03-19 14:59:42,2026-03-19 14:59:58
10,Starved,2026-03-19 14:59:48,2026-03-19 15:00:01
1,Running,2026-03-19 14:59:13,2026-03-19 15:00:14
1,Blocked,2026-03-19 15:00:14,2026-03-19 15:00:16
3,Running,2026-03-19 14:59:58,2026-03-19 15:00:49
3,Blocked,2026-03-19 15:00:49,2026-03-19 15:00:51
8,Running,2026-03-19 14:59:51,2026-03-19 15:00:55
11,Running,2026-03-19 14:59:48,2026-03-19 15:00:55
10,Running,2026-03-19 15:00:01,2026-03-19 15:00:57
11,Starved,2026-03-19 15:00:55,2026-03-19 15:00:57
10,Starved,2026-03-19 15:00:57,2026-03-19 15:01:03
5,Down,2026-03-19 14:49:58,2026-03-19 15:01:13
8,Starved,2026-03-19 15:00:55,2026-03-19 15:01:22
3,Down,2026-03-19 15:00:51,2026-03-19 15:01:35
11,Running,2026-03-19 15:00:57,2026-03-19 15:01:54
10,Running,2026-03-19 15:01:03,2026-03-19 15:02:01
11,Starved,2026-03-19 15:01:54,2026-03-19 15:02:01
9,Running,2026-03-19 14:55:08,2026-03-19 15:02:03
10,Starved,2026-03-19 15:02:01,2026-03-19 15:02:03
6,Starved,2026-03-19 14:50:55,2026-03-19 15:02:10
8,Running,2026-03-19 15:01:22,2026-03-19 15:02:28
9,Starved,2026-03-19 15:02:03,2026-03-19 15:02:28
8,Starved,2026-03-19 15:02:28,2026-03-19 15:02:33
10,Running,2026-03-19 15:02:03,2026-03-19 15:03:00
5,Running,2026-03-19 15:01:13,2026-03-19 15:03:00
10,Starved,2026-03-19 15:03:00,2026-03-19 15:03:44
12,Running,2026-03-19 12:54:22,2026-03-19 15:03:54
11,Running,2026-03-19 15:02:01,2026-03-19 15:04:06
12,Starved,2026-03-19 15:03:54,2026-03-19 15:04:06
6,Running,2026-03-19 15:02:10,2026-03-19 15:04:11
10,Running,2026-03-19 15:03:44,2026-03-19 15:04:39
11,Starved,2026-03-19 15:04:06,2026-03-19 15:04:39
8,Running,2026-03-19 15:02:33,2026-03-19 15:04:41
10,Starved,2026-03-19 15:04:39,2026-03-19 15:04:45
8,Starved,2026-03-19 15:04:41,2026-03-19 15:04:48
12,Running,2026-03-19 15:04:06,2026-03-19 15:05:13
5,Down,2026-03-19 15:03:00,2026-03-19 15:05:13
10,Running,2026-03-19 15:04:45,2026-03-19 15:05:38
12,Starved,2026-03-19 15:05:13,2026-03-19 15:05:43
10,Starved,2026-03-19 15:05:38,2026-03-19 15:05:56
6,Starved,2026-03-19 15:04:11,2026-03-19 15:06:18
11,Running,2026-03-19 15:04:39,2026-03-19 15:06:38
11,Starved,2026-03-19 15:06:38,2026-03-19 15:06:57
3,Running,2026-03-19 15:01:35,2026-03-19 15:07:16
3,Blocked,2026-03-19 15:07:16,2026-03-19 15:07:23
8,Running,2026-03-19 15:04:48,2026-03-19 15:07:44
8,Starved,2026-03-19 15:07:44,2026-03-19 15:07:51
12,Running,2026-03-19 15:05:43,2026-03-19 15:07:53
11,Running,2026-03-19 15:06:57,2026-03-19 15:08:03
12,Starved,2026-03-19 15:07:53,2026-03-19 15:08:03
11,Starved,2026-03-19 15:08:03,2026-03-19 15:08:04
6,Running,2026-03-19 15:06:18,2026-03-19 15:08:08
6,Starved,2026-03-19 15:08:08,2026-03-19 15:08:11
3,Running,2026-03-19 15:07:23,2026-03-19 15:08:26
3,Blocked,2026-03-19 15:08:26,2026-03-19 15:08:29
8,Running,2026-03-19 15:07:51,2026-03-19 15:08:51
10,Running,2026-03-19 15:05:56,2026-03-19 15:08:58
6,Running,2026-03-19 15:08:11,2026-03-19 15:09:01
10,Starved,2026-03-19 15:08:58,2026-03-19 15:09:01
8,Starved,2026-03-19 15:08:51,2026-03-19 15:09:06
6,Starved,2026-03-19 15:09:01,2026-03-19 15:09:07
10,Running,2026-03-19 15:09:01,2026-03-19 15:09:50
9,Running,2026-03-19 15:02:28,2026-03-19 15:09:59
10,Starved,2026-03-19 15:09:50,2026-03-19 15:09:59
9,Starved,2026-03-19 15:09:59,2026-03-19 15:10:08
6,Running,2026-03-19 15:09:07,2026-03-19 15:10:57
6,Starved,2026-03-19 15:10:57,2026-03-19 15:10:57
10,Running,2026-03-19 15:09:59,2026-03-19 15:10:57
3,Running,2026-03-19 15:08:29,2026-03-19 15:11:15
10,Starved,2026-03-19 15:10:57,2026-03-19 15:11:34
4,Running,2026-03-19 13:13:36,2026-03-19 15:11:37
11,Running,2026-03-19 15:08:04,2026-03-19 15:12:03
11,Starved,2026-03-19 15:12:03,2026-03-19 15:12:39
12,Running,2026-03-19 15:08:03,2026-03-19 15:13:01
9,Running,2026-03-19 15:10:08,2026-03-19 15:13:24
9,Starved,2026-03-19 15:13:24,2026-03-19 15:13:29
11,Running,2026-03-19 15:12:39,2026-03-19 15:13:31
12,Starved,2026-03-19 15:13:01,2026-03-19 15:13:31
11,Starved,2026-03-19 15:13:31,2026-03-19 15:13:40
6,Running,2026-03-19 15:10:57,2026-03-19 15:14:02
6,Starved,2026-03-19 15:14:02,2026-03-19 15:14:07
9,Running,2026-03-19 15:13:29,2026-03-19 15:14:21
12,Running,2026-03-19 15:13:31,2026-03-19 15:14:25
9,Starved,2026-03-19 15:14:21,2026-03-19 15:14:30
11,Running,2026-03-19 15:13:40,2026-03-19 15:14:40
12,Starved,2026-03-19 15:14:25,2026-03-19 15:14:40
11,Starved,2026-03-19 15:14:40,2026-03-19 15:14:53
12,Running,2026-03-19 15:14:40,2026-03-19 15:15:41
12,Starved,2026-03-19 15:15:41,2026-03-19 15:15:58
8,Running,2026-03-19 15:09:06,2026-03-19 15:16:25
8,Starved,2026-03-19 15:16:25,2026-03-19 15:16:27
12,Running,2026-03-19 15:15:58,2026-03-19 15:16:59
11,Running,2026-03-19 15:14:53,2026-03-19 15:16:59
12,Starved,2026-03-19 15:16:59,2026-03-19 15:16:59
11,Starved,2026-03-19 15:16:59,2026-03-19 15:17:01
12,Running,2026-03-19 15:16:59,2026-03-19 15:17:52
12,Starved,2026-03-19 15:17:52,2026-03-19 15:18:03
11,Running,2026-03-19 15:17:01,2026-03-19 15:18:59
11,Starved,2026-03-19 15:18:59,2026-03-19 15:19:09
1,Running,2026-03-19 15:00:16,2026-03-19 15:19:11
1,Blocked,2026-03-19 15:19:11,2026-03-19 15:19:20
8,Running,2026-03-19 15:16:27,2026-03-19 15:20:26
8,Starved,2026-03-19 15:20:26,2026-03-19 15:20:31
8,Running,2026-03-19 15:20:31,2026-03-19 15:21:33
7,Running,2026-03-19 14:35:21,2026-03-19 15:21:40
8,Starved,2026-03-19 15:21:33,2026-03-19 15:21:40
2,Running,2026-03-19 13:48:53,2026-03-19 15:21:58
1,Running,2026-03-19 15:19:20,2026-03-19 15:22:20
9,Running,2026-03-19 15:14:30,2026-03-19 15:22:32
8,Running,2026-03-19 15:21:40,2026-03-19 15:22:45
9,Starved,2026-03-19 15:22:32,2026-03-19 15:22:45
4,Down,2026-03-19 15:11:37,2026-03-19 15:22:53
3,Blocked,2026-03-19 15:11:15,2026-03-19 15:22:53
5,Running,2026-03-19 15:05:13,2026-03-19 15:23:03
7,Down,2026-03-19 15:21:40,2026-03-19 15:23:45
9,Running,2026-03-19 15:22:45,2026-03-19 15:23:46
5,Starved,2026-03-19 15:23:03,2026-03-19 15:23:52
6,Running,2026-03-19 15:14:07,2026-03-19 15:24:31
5,Running,2026-03-19 15:23:52,2026-03-19 15:24:48
6,Starved,2026-03-19 15:24:31,2026-03-19 15:24:48
10,Running,2026-03-19 15:11:34,2026-03-19 15:24:55
8,Starved,2026-03-19 15:22:45,2026-03-19 15:24:57
5,Starved,2026-03-19 15:24:48,2026-03-19 15:25:01
6,Running,2026-03-19 15:24:48,2026-03-19 15:25:41
8,Running,2026-03-19 15:24:57,2026-03-19 15:25:51
9,Starved,2026-03-19 15:23:46,2026-03-19 15:25:51
8,Starved,2026-03-19 15:25:51,2026-03-19 15:26:00
6,Starved,2026-03-19 15:25:41,2026-03-19 15:26:03
11,Running,2026-03-19 15:19:09,2026-03-19 15:26:28
3,Down,2026-03-19 15:22:53,2026-03-19 15:26:44
2,Blocked,2026-03-19 15:21:58,2026-03-19 15:26:44
9,Running,2026-03-19 15:25:51,2026-03-19 15:26:50
10,Starved,2026-03-19 15:24:55,2026-03-19 15:26:50
9,Starved,2026-03-19 15:26:50,2026-03-19 15:27:02
12,Running,2026-03-19 15:18:03,2026-03-19 15:27:36
10,Running,2026-03-19 15:26:50,2026-03-19 15:27:49
11,Starved,2026-03-19 15:26:28,2026-03-19 15:27:49
10,Starved,2026-03-19 15:27:49,2026-03-19 15:28:08
11,Running,2026-03-19 15:27:49,2026-03-19 15:28:47
12,Starved,2026-03-19 15:27:36,2026-03-19 15:28:47
10,Running,2026-03-19 15:28:08,2026-03-19 15:29:09
11,Starved,2026-03-19 15:28:47,2026-03-19 15:29:09
10,Starved,2026-03-19 15:29:09,2026-03-19 15:29:17
12,Running,2026-03-19 15:28:47,2026-03-19 15:29:54
5,Running,2026-03-19 15:25:01,2026-03-19 15:30:05
11,Running,2026-03-19 15:29:09,2026-03-19 15:30:12
12,Starved,2026-03-19 15:29:54,2026-03-19 15:30:12
11,Starved,2026-03-19 15:30:12,2026-03-19 15:30:20
5,Starved,2026-03-19 15:30:05,2026-03-19 15:30:24
11,Running,2026-03-19 15:30:20,2026-03-19 15:31:07
10,Running,2026-03-19 15:29:17,2026-03-19 15:31:12
11,Starved,2026-03-19 15:31:07,2026-03-19 15:31:12
10,Starved,2026-03-19 15:31:12,2026-03-19 15:31:22
5,Running,2026-03-19 15:30:24,2026-03-19 15:31:26
5,Starved,2026-03-19 15:31:26,2026-03-19 15:31:53
11,Running,2026-03-19 15:31:12,2026-03-19 15:32:10
10,Running,2026-03-19 15:31:22,2026-03-19 15:32:19
11,Starved,2026-03-19 15:32:10,2026-03-19 15:32:19
10,Starved,2026-03-19 15:32:19,2026-03-19 15:32:22
6,Running,2026-03-19 15:26:03,2026-03-19 15:32:41
5,Running,2026-03-19 15:31:53,2026-03-19 15:33:01
6,Starved,2026-03-19 15:32:41,2026-03-19 15:33:01
11,Running,2026-03-19 15:32:19,2026-03-19 15:33:18
2,Down,2026-03-19 15:26:44,2026-03-19 15:33:27
1,Blocked,2026-03-19 15:22:20,2026-03-19 15:33:27
11,Starved,2026-03-19 15:33:18,2026-03-19 15:33:29
6,Running,2026-03-19 15:33:01,2026-03-19 15:34:03
10,Running,2026-03-19 15:32:22,2026-03-19 15:34:21
10,Starved,2026-03-19 15:34:21,2026-03-19 15:34:24
12,Running,2026-03-19 15:30:12,2026-03-19 15:34:27
12,Starved,2026-03-19 15:34:27,2026-03-19 15:34:30
10,Running,2026-03-19 15:34:24,2026-03-19 15:35:22
10,Starved,2026-03-19 15:35:22,2026-03-19 15:35:23
8,Running,2026-03-19 15:26:00,2026-03-19 15:35:50
10,Running,2026-03-19 15:35:23,2026-03-19 15:36:16
8,Starved,2026-03-19 15:35:50,2026-03-19 15:36:19
10,Starved,2026-03-19 15:36:16,2026-03-19 15:36:34
8,Running,2026-03-19 15:36:19,2026-03-19 15:37:17
11,Running,2026-03-19 15:33:29,2026-03-19 15:37:24
8,Starved,2026-03-19 15:37:17,2026-03-19 15:37:26
11,Starved,2026-03-19 15:37:24,2026-03-19 15:37:29
8,Running,2026-03-19 15:37:26,2026-03-19 15:38:22
11,Running,2026-03-19 15:37:29,2026-03-19 15:38:25
8,Starved,2026-03-19 15:38:22,2026-03-19 15:38:34
10,Running,2026-03-19 15:36:34,2026-03-19 15:38:35
11,Starved,2026-03-19 15:38:25,2026-03-19 15:38:35
10,Starved,2026-03-19 15:38:35,2026-03-19 15:38:56
11,Running,2026-03-19 15:38:35,2026-03-19 15:39:34
11,Starved,2026-03-19 15:39:34,2026-03-19 15:40:05
8,Running,2026-03-19 15:38:34,2026-03-19 15:40:40
12,Running,2026-03-19 15:34:30,2026-03-19 15:40:42
8,Starved,2026-03-19 15:40:40,2026-03-19 15:40:51
11,Running,2026-03-19 15:40:05,2026-03-19 15:41:07
12,Starved,2026-03-19 15:40:42,2026-03-19 15:41:07
10,Running,2026-03-19 15:38:56,2026-03-19 15:41:10
11,Starved,2026-03-19 15:41:07,2026-03-19 15:41:10
10,Starved,2026-03-19 15:41:10,2026-03-19 15:41:12
11,Running,2026-03-19 15:41:10,2026-03-19 15:42:13
11,Starved,2026-03-19 15:42:13,2026-03-19 15:42:16
8,Running,2026-03-19 15:40:51,2026-03-19 15:42:52
8,Starved,2026-03-19 15:42:52,2026-03-19 15:43:04
12,Running,2026-03-19 15:41:07,2026-03-19 15:43:09
12,Starved,2026-03-19 15:43:09,2026-03-19 15:43:14
5,Down,2026-03-19 15:33:01,2026-03-19 15:43:34
1,Running,2026-03-19 15:33:27,2026-03-19 15:44:02
12,Running,2026-03-19 15:43:14,2026-03-19 15:44:03
1,Blocked,2026-03-19 15:44:02,2026-03-19 15:44:08
12,Starved,2026-03-19 15:44:03,2026-03-19 15:44:22
6,Starved,2026-03-19 15:34:03,2026-03-19 15:44:38
8,Running,2026-03-19 15:43:04,2026-03-19 15:45:10
12,Running,2026-03-19 15:44:22,2026-03-19 15:45:20
8,Starved,2026-03-19 15:45:10,2026-03-19 15:45:21
10,Running,2026-03-19 15:41:12,2026-03-19 15:45:22
12,Starved,2026-03-19 15:45:20,2026-03-19 15:45:28
6,Running,2026-03-19 15:44:38,2026-03-19 15:45:35
10,Starved,2026-03-19 15:45:22,2026-03-19 15:45:49
1,Running,2026-03-19 15:44:08,2026-03-19 15:46:06
1,Blocked,2026-03-19 15:46:06,2026-03-19 15:46:12
12,Running,2026-03-19 15:45:28,2026-03-19 15:46:21
11,Running,2026-03-19 15:42:16,2026-03-19 15:46:24
12,Starved,2026-03-19 15:46:21,2026-03-19 15:46:24
10,Running,2026-03-19 15:45:49,2026-03-19 15:46:44
11,Starved,2026-03-19 15:46:24,2026-03-19 15:46:44
10,Starved,2026-03-19 15:46:44,2026-03-19 15:46:53
1,Running,2026-03-19 15:46:12,2026-03-19 15:47:12
12,Running,2026-03-19 15:46:24,2026-03-19 15:47:13
1,Blocked,2026-03-19 15:47:12,2026-03-19 15:47:17
11,Running,2026-03-19 15:46:44,2026-03-19 15:47:43
12,Starved,2026-03-19 15:47:13,2026-03-19 15:47:43
10,Running,2026-03-19 15:46:53,2026-03-19 15:47:58
11,Starved,2026-03-19 15:47:43,2026-03-19 15:47:58
10,Starved,2026-03-19 15:47:58,2026-03-19 15:48:09
1,Running,2026-03-19 15:47:17,2026-03-19 15:48:10
1,Blocked,2026-03-19 15:48:10,2026-03-19 15:48:20
8,Running,2026-03-19 15:45:21,2026-03-19 15:48:21
8,Starved,2026-03-19 15:48:21,2026-03-19 15:48:25
12,Running,2026-03-19 15:47:43,2026-03-19 15:48:44
11,Running,2026-03-19 15:47:58,2026-03-19 15:48:58
12,Starved,2026-03-19 15:48:44,2026-03-19 15:48:58
10,Running,2026-03-19 15:48:09,2026-03-19 15:49:01
11,Starved,2026-03-19 15:48:58,2026-03-19 15:49:01
10,Starved,2026-03-19 15:49:01,2026-03-19 15:49:09
1,Running,2026-03-19 15:48:20,2026-03-19 15:49:18
1,Blocked,2026-03-19 15:49:18,2026-03-19 15:49:18
8,Running,2026-03-19 15:48:25,2026-03-19 15:49:19
8,Starved,2026-03-19 15:49:19,2026-03-19 15:49:23
12,Running,2026-03-19 15:48:58,2026-03-19 15:50:01
11,Running,2026-03-19 15:49:01,2026-03-19 15:50:04
12,Starved,2026-03-19 15:50:01,2026-03-19 15:50:04
10,Running,2026-03-19 15:49:09,2026-03-19 15:50:07
11,Starved,2026-03-19 15:50:04,2026-03-19 15:50:07
10,Starved,2026-03-19 15:50:07,2026-03-19 15:50:12
8,Running,2026-03-19 15:49:23,2026-03-19 15:50:18
8,Starved,2026-03-19 15:50:18,2026-03-19 15:50:34
12,Running,2026-03-19 15:50:04,2026-03-19 15:51:01
11,Running,2026-03-19 15:50:07,2026-03-19 15:51:07
12,Starved,2026-03-19 15:51:01,2026-03-19 15:51:07
11,Down,2026-03-19 15:51:07,2026-03-19 15:51:48
12,Running,2026-03-19 15:51:07,2026-03-19 15:51:56
6,Down,2026-03-19 15:45:35,2026-03-19 15:52:08
10,Running,2026-03-19 15:50:12,2026-03-19 15:52:13
10,Starved,2026-03-19 15:52:13,2026-03-19 15:52:15
8,Running,2026-03-19 15:50:34,2026-03-19 15:52:38
8,Starved,2026-03-19 15:52:38,2026-03-19 15:52:43
12,Starved,2026-03-19 15:51:56,2026-03-19 15:52:57
8,Running,2026-03-19 15:52:43,2026-03-19 15:53:35
8,Starved,2026-03-19 15:53:35,2026-03-19 15:53:35
12,Running,2026-03-19 15:52:57,2026-03-19 15:53:54
12,Starved,2026-03-19 15:53:54,2026-03-19 15:53:59
1,Running,2026-03-19 15:49:18,2026-03-19 15:54:26
1,Blocked,2026-03-19 15:54:26,2026-03-19 15:54:27
8,Running,2026-03-19 15:53:35,2026-03-19 15:54:40
8,Starved,2026-03-19 15:54:40,2026-03-19 15:54:45
12,Running,2026-03-19 15:53:59,2026-03-19 15:55:03
10,Running,2026-03-19 15:52:15,2026-03-19 15:55:07
12,Starved,2026-03-19 15:55:03,2026-03-19 15:55:08
10,Starved,2026-03-19 15:55:07,2026-03-19 15:55:29
12,Running,2026-03-19 15:55:08,2026-03-19 15:56:06
12,Starved,2026-03-19 15:56:06,2026-03-19 15:56:12
8,Running,2026-03-19 15:54:45,2026-03-19 15:56:58
12,Running,2026-03-19 15:56:12,2026-03-19 15:57:01
12,Starved,2026-03-19 15:57:01,2026-03-19 15:57:17
8,Starved,2026-03-19 15:56:58,2026-03-19 15:57:25
10,Running,2026-03-19 15:55:29,2026-03-19 15:57:32
10,Starved,2026-03-19 15:57:32,2026-03-19 15:57:33
12,Running,2026-03-19 15:57:17,2026-03-19 15:58:10
12,Starved,2026-03-19 15:58:10,2026-03-19 15:58:14
8,Running,2026-03-19 15:57:25,2026-03-19 15:59:20
8,Starved,2026-03-19 15:59:20,2026-03-19 15:59:22
10,Running,2026-03-19 15:57:33,2026-03-19 15:59:27
10,Starved,2026-03-19 15:59:27,2026-03-19 15:59:52
3,Running,2026-03-19 15:26:44,2026-03-19 16:01:17
8,Running,2026-03-19 15:59:22,2026-03-19 16:01:20
8,Starved,2026-03-19 16:01:20,2026-03-19 16:01:20
3,Blocked,2026-03-19 16:01:17,2026-03-19 16:01:30
11,Running,2026-03-19 15:51:48,2026-03-19 16:01:56
10,Running,2026-03-19 15:59:52,2026-03-19 16:01:58
11,Starved,2026-03-19 16:01:56,2026-03-19 16:01:58
10,Starved,2026-03-19 16:01:58,2026-03-19 16:01:59
3,Running,2026-03-19 16:01:30,2026-03-19 16:02:34
11,Running,2026-03-19 16:01:58,2026-03-19 16:02:55
11,Starved,2026-03-19 16:02:55,2026-03-19 16:03:00
3,Blocked,2026-03-19 16:02:34,2026-03-19 16:03:01
8,Running,2026-03-19 16:01:20,2026-03-19 16:04:04
8,Starved,2026-03-19 16:04:04,2026-03-19 16:04:39
3,Running,2026-03-19 16:03:01,2026-03-19 16:04:53
3,Blocked,2026-03-19 16:04:53,2026-03-19 16:05:20
8,Running,2026-03-19 16:04:39,2026-03-19 16:05:33
8,Starved,2026-03-19 16:05:33,2026-03-19 16:05:54
11,Running,2026-03-19 16:03:00,2026-03-19 16:06:04
11,Starved,2026-03-19 16:06:04,2026-03-19 16:06:05
8,Running,2026-03-19 16:05:54,2026-03-19 16:06:50
8,Starved,2026-03-19 16:06:50,2026-03-19 16:06:54
11,Running,2026-03-19 16:06:05,2026-03-19 16:07:06
10,Running,2026-03-19 16:01:59,2026-03-19 16:07:09
11,Starved,2026-03-19 16:07:06,2026-03-19 16:07:09
3,Running,2026-03-19 16:05:20,2026-03-19 16:07:17
3,Blocked,2026-03-19 16:07:17,2026-03-19 16:07:30
9,Running,2026-03-19 15:27:02,2026-03-19 16:07:57
9,Starved,2026-03-19 16:07:57,2026-03-19 16:07:59
11,Running,2026-03-19 16:07:09,2026-03-19 16:08:05
9,Running,2026-03-19 16:07:59,2026-03-19 16:09:00
9,Starved,2026-03-19 16:09:00,2026-03-19 16:09:06
12,Running,2026-03-19 15:58:14,2026-03-19 16:09:38
9,Running,2026-03-19 16:09:06,2026-03-19 16:10:03
9,Starved,2026-03-19 16:10:03,2026-03-19 16:10:13
3,Running,2026-03-19 16:07:30,2026-03-19 16:10:33
3,Blocked,2026-03-19 16:10:33,2026-03-19 16:10:54
9,Running,2026-03-19 16:10:13,2026-03-19 16:11:03
9,Starved,2026-03-19 16:11:03,2026-03-19 16:11:14
3,Running,2026-03-19 16:10:54,2026-03-19 16:11:45
3,Blocked,2026-03-19 16:11:45,2026-03-19 16:12:03
3,Running,2026-03-19 16:12:03,2026-03-19 16:12:59
3,Blocked,2026-03-19 16:12:59,2026-03-19 16:13:11
3,Running,2026-03-19 16:13:11,2026-03-19 16:14:14
3,Blocked,2026-03-19 16:14:14,2026-03-19 16:14:38
1,Running,2026-03-19 15:54:27,2026-03-19 16:14:55
10,Down,2026-03-19 16:07:09,2026-03-19 16:15:16
3,Running,2026-03-19 16:14:38,2026-03-19 16:15:42
3,Blocked,2026-03-19 16:15:42,2026-03-19 16:15:46
1,Down,2026-03-19 16:14:55,2026-03-19 16:16:06
11,Starved,2026-03-19 16:08:05,2026-03-19 16:16:17
3,Running,2026-03-19 16:15:46,2026-03-19 16:16:38
3,Blocked,2026-03-19 16:16:38,2026-03-19 16:16:51
9,Running,2026-03-19 16:11:14,2026-03-19 16:17:14
9,Blocked,2026-03-19 16:17:14,2026-03-19 16:17:18
12,Starved,2026-03-19 16:09:38,2026-03-19 16:17:22
9,Starved,2026-03-19 16:17:18,2026-03-19 16:17:35
3,Running,2026-03-19 16:16:51,2026-03-19 16:17:51
12,Running,2026-03-19 16:17:22,2026-03-19 16:18:15
3,Blocked,2026-03-19 16:17:51,2026-03-19 16:18:20
12,Starved,2026-03-19 16:18:15,2026-03-19 16:18:26
9,Running,2026-03-19 16:17:35,2026-03-19 16:18:34
9,Starved,2026-03-19 16:18:34,2026-03-19 16:18:35
9,Running,2026-03-19 16:18:35,2026-03-19 16:19:34
9,Starved,2026-03-19 16:19:34,2026-03-19 16:19:41
3,Running,2026-03-19 16:18:20,2026-03-19 16:20:26
3,Blocked,2026-03-19 16:20:26,2026-03-19 16:20:39
9,Running,2026-03-19 16:19:41,2026-03-19 16:20:44
9,Starved,2026-03-19 16:20:44,2026-03-19 16:20:48
3,Running,2026-03-19 16:20:39,2026-03-19 16:21:48
3,Blocked,2026-03-19 16:21:48,2026-03-19 16:21:53
3,Running,2026-03-19 16:21:53,2026-03-19 16:22:52
3,Blocked,2026-03-19 16:22:52,2026-03-19 16:23:00
9,Running,2026-03-19 16:20:48,2026-03-19 16:23:40
3,Running,2026-03-19 16:23:00,2026-03-19 16:23:48
9,Starved,2026-03-19 16:23:40,2026-03-19 16:23:52
3,Blocked,2026-03-19 16:23:48,2026-03-19 16:24:30
9,Running,2026-03-19 16:23:52,2026-03-19 16:24:51
9,Starved,2026-03-19 16:24:51,2026-03-19 16:24:59
9,Running,2026-03-19 16:24:59,2026-03-19 16:25:50
11,Running,2026-03-19 16:16:17,2026-03-19 16:25:53
11,Starved,2026-03-19 16:25:53,2026-03-19 16:25:53
9,Starved,2026-03-19 16:25:50,2026-03-19 16:26:02
11,Running,2026-03-19 16:25:53,2026-03-19 16:26:49
11,Starved,2026-03-19 16:26:49,2026-03-19 16:26:51
9,Running,2026-03-19 16:26:02,2026-03-19 16:27:02
8,Running,2026-03-19 16:06:54,2026-03-19 16:27:08
9,Starved,2026-03-19 16:27:02,2026-03-19 16:27:08
8,Starved,2026-03-19 16:27:08,2026-03-19 16:27:26
3,Running,2026-03-19 16:24:30,2026-03-19 16:27:32
11,Running,2026-03-19 16:26:51,2026-03-19 16:27:38
11,Starved,2026-03-19 16:27:38,2026-03-19 16:27:48
3,Blocked,2026-03-19 16:27:32,2026-03-19 16:27:58
9,Running,2026-03-19 16:27:08,2026-03-19 16:27:59
8,Running,2026-03-19 16:27:26,2026-03-19 16:28:29
9,Starved,2026-03-19 16:27:59,2026-03-19 16:28:29
8,Starved,2026-03-19 16:28:29,2026-03-19 16:28:36
11,Running,2026-03-19 16:27:48,2026-03-19 16:28:48
11,Starved,2026-03-19 16:28:48,2026-03-19 16:28:50
3,Running,2026-03-19 16:27:58,2026-03-19 16:29:03
3,Blocked,2026-03-19 16:29:03,2026-03-19 16:29:05
8,Running,2026-03-19 16:28:36,2026-03-19 16:29:27
8,Starved,2026-03-19 16:29:27,2026-03-19 16:29:29
8,Running,2026-03-19 16:29:29,2026-03-19 16:30:25
8,Starved,2026-03-19 16:30:25,2026-03-19 16:30:48
6,Running,2026-03-19 15:52:08,2026-03-19 16:30:49
3,Running,2026-03-19 16:29:05,2026-03-19 16:31:11
3,Blocked,2026-03-19 16:31:11,2026-03-19 16:31:28
8,Running,2026-03-19 16:30:48,2026-03-19 16:31:41
8,Starved,2026-03-19 16:31:41,2026-03-19 16:31:56
3,Running,2026-03-19 16:31:28,2026-03-19 16:32:28
3,Blocked,2026-03-19 16:32:28,2026-03-19 16:32:34
3,Running,2026-03-19 16:32:34,2026-03-19 16:33:25
3,Blocked,2026-03-19 16:33:25,2026-03-19 16:33:44
8,Running,2026-03-19 16:31:56,2026-03-19 16:33:48
8,Starved,2026-03-19 16:33:48,2026-03-19 16:33:53
3,Running,2026-03-19 16:33:44,2026-03-19 16:34:38
3,Blocked,2026-03-19 16:34:38,2026-03-19 16:34:46
8,Running,2026-03-19 16:33:53,2026-03-19 16:34:50
8,Starved,2026-03-19 16:34:50,2026-03-19 16:35:17
9,Running,2026-03-19 16:28:29,2026-03-19 16:36:15
9,Starved,2026-03-19 16:36:15,2026-03-19 16:36:21
3,Running,2026-03-19 16:34:46,2026-03-19 16:36:37
3,Blocked,2026-03-19 16:36:37,2026-03-19 16:36:41
8,Running,2026-03-19 16:35:17,2026-03-19 16:37:11
8,Starved,2026-03-19 16:37:11,2026-03-19 16:37:21
11,Running,2026-03-19 16:28:50,2026-03-19 16:38:43
11,Starved,2026-03-19 16:38:43,2026-03-19 16:38:44
3,Running,2026-03-19 16:36:41,2026-03-19 16:38:52
3,Blocked,2026-03-19 16:38:52,2026-03-19 16:39:08
8,Running,2026-03-19 16:37:21,2026-03-19 16:39:30
8,Starved,2026-03-19 16:39:30,2026-03-19 16:39:31
11,Running,2026-03-19 16:38:44,2026-03-19 16:39:39
11,Starved,2026-03-19 16:39:39,2026-03-19 16:39:49
3,Running,2026-03-19 16:39:08,2026-03-19 16:40:00
5,Running,2026-03-19 15:43:34,2026-03-19 16:40:03
8,Running,2026-03-19 16:39:31,2026-03-19 16:40:22
3,Blocked,2026-03-19 16:40:00,2026-03-19 16:40:22
8,Starved,2026-03-19 16:40:22,2026-03-19 16:40:36
3,Running,2026-03-19 16:40:22,2026-03-19 16:41:13
3,Blocked,2026-03-19 16:41:13,2026-03-19 16:41:31
3,Running,2026-03-19 16:41:31,2026-03-19 16:42:35
8,Running,2026-03-19 16:40:36,2026-03-19 16:42:40
8,Starved,2026-03-19 16:42:40,2026-03-19 16:42:58
3,Blocked,2026-03-19 16:42:35,2026-03-19 16:43:02
6,Down,2026-03-19 16:30:49,2026-03-19 16:43:42
5,Blocked,2026-03-19 16:40:03,2026-03-19 16:43:42
8,Running,2026-03-19 16:42:58,2026-03-19 16:43:51
3,Running,2026-03-19 16:43:02,2026-03-19 16:43:57
3,Blocked,2026-03-19 16:43:57,2026-03-19 16:44:02
8,Starved,2026-03-19 16:43:51,2026-03-19 16:44:04
8,Running,2026-03-19 16:44:04,2026-03-19 16:45:01
8,Starved,2026-03-19 16:45:01,2026-03-19 16:45:36
9,Running,2026-03-19 16:36:21,2026-03-19 16:46:21
8,Running,2026-03-19 16:45:36,2026-03-19 16:46:32
9,Starved,2026-03-19 16:46:21,2026-03-19 16:46:32
12,Running,2026-03-19 16:18:26,2026-03-19 16:47:02
8,Starved,2026-03-19 16:46:32,2026-03-19 16:47:08
12,Starved,2026-03-19 16:47:02,2026-03-19 16:47:08
9,Running,2026-03-19 16:46:32,2026-03-19 16:47:39
12,Running,2026-03-19 16:47:08,2026-03-19 16:48:10
12,Starved,2026-03-19 16:48:10,2026-03-19 16:48:10
9,Starved,2026-03-19 16:47:39,2026-03-19 16:48:15
8,Running,2026-03-19 16:47:08,2026-03-19 16:49:03
8,Starved,2026-03-19 16:49:03,2026-03-19 16:49:15
4,Running,2026-03-19 15:22:53,2026-03-19 16:50:02
3,Running,2026-03-19 16:44:02,2026-03-19 16:50:19
8,Running,2026-03-19 16:49:15,2026-03-19 16:50:20
8,Starved,2026-03-19 16:50:20,2026-03-19 16:50:33
2,Running,2026-03-19 15:33:27,2026-03-19 16:50:41
9,Running,2026-03-19 16:48:15,2026-03-19 16:51:31
8,Running,2026-03-19 16:50:33,2026-03-19 16:51:34
9,Starved,2026-03-19 16:51:31,2026-03-19 16:51:34
8,Starved,2026-03-19 16:51:34,2026-03-19 16:51:35
1,Running,2026-03-19 16:16:06,2026-03-19 16:51:39
4,Down,2026-03-19 16:50:02,2026-03-19 16:51:42
3,Blocked,2026-03-19 16:50:19,2026-03-19 16:51:42
2,Blocked,2026-03-19 16:50:41,2026-03-19 16:51:42
1,Blocked,2026-03-19 16:51:39,2026-03-19 16:51:42
12,Running,2026-03-19 16:48:10,2026-03-19 16:52:12
12,Starved,2026-03-19 16:52:12,2026-03-19 16:52:18
1,Running,2026-03-19 16:51:42,2026-03-19 16:52:38
8,Running,2026-03-19 16:51:35,2026-03-19 16:52:38
2,Running,2026-03-19 16:51:42,2026-03-19 16:52:45
3,Running,2026-03-19 16:51:42,2026-03-19 16:52:51
3,Blocked,2026-03-19 16:52:51,2026-03-19 16:52:56
2,Blocked,2026-03-19 16:52:45,2026-03-19 16:52:56
1,Blocked,2026-03-19 16:52:38,2026-03-19 16:52:56
8,Starved,2026-03-19 16:52:38,2026-03-19 16:52:57
12,Running,2026-03-19 16:52:18,2026-03-19 16:53:13
12,Starved,2026-03-19 16:53:13,2026-03-19 16:53:23
9,Running,2026-03-19 16:51:34,2026-03-19 16:53:37
5,Running,2026-03-19 16:43:42,2026-03-19 16:53:39
5,Blocked,2026-03-19 16:53:39,2026-03-19 16:53:40
10,Running,2026-03-19 16:15:16,2026-03-19 16:53:40
2,Running,2026-03-19 16:52:56,2026-03-19 16:53:53
1,Running,2026-03-19 16:52:56,2026-03-19 16:53:55
2,Blocked,2026-03-19 16:53:53,2026-03-19 16:54:02
1,Blocked,2026-03-19 16:53:55,2026-03-19 16:54:02
9,Starved,2026-03-19 16:53:37,2026-03-19 16:54:04
5,Running,2026-03-19 16:53:40,2026-03-19 16:54:41
5,Blocked,2026-03-19 16:54:41,2026-03-19 16:54:42
8,Running,2026-03-19 16:52:57,2026-03-19 16:54:56
2,Running,2026-03-19 16:54:02,2026-03-19 16:55:03
2,Blocked,2026-03-19 16:55:03,2026-03-19 16:55:06
8,Starved,2026-03-19 16:54:56,2026-03-19 16:55:08
10,Down,2026-03-19 16:53:40,2026-03-19 16:55:23
11,Running,2026-03-19 16:39:49,2026-03-19 16:55:26
2,Running,2026-03-19 16:55:06,2026-03-19 16:56:03
1,Running,2026-03-19 16:54:02,2026-03-19 16:56:03
2,Blocked,2026-03-19 16:56:03,2026-03-19 16:56:11
1,Blocked,2026-03-19 16:56:03,2026-03-19 16:56:11
8,Running,2026-03-19 16:55:08,2026-03-19 16:56:20
11,Starved,2026-03-19 16:55:26,2026-03-19 16:56:22
8,Starved,2026-03-19 16:56:20,2026-03-19 16:56:23
12,Running,2026-03-19 16:53:23,2026-03-19 16:56:36
11,Running,2026-03-19 16:56:22,2026-03-19 16:57:13
12,Starved,2026-03-19 16:56:36,2026-03-19 16:57:13
11,Starved,2026-03-19 16:57:13,2026-03-19 16:57:15
3,Running,2026-03-19 16:52:56,2026-03-19 16:57:16
2,Running,2026-03-19 16:56:11,2026-03-19 16:57:17
9,Running,2026-03-19 16:54:04,2026-03-19 16:57:18
1,Running,2026-03-19 16:56:11,2026-03-19 16:57:23
3,Blocked,2026-03-19 16:57:16,2026-03-19 16:57:24
2,Blocked,2026-03-19 16:57:17,2026-03-19 16:57:24
1,Blocked,2026-03-19 16:57:23,2026-03-19 16:57:24
9,Starved,2026-03-19 16:57:18,2026-03-19 16:57:26
12,Running,2026-03-19 16:57:13,2026-03-19 16:58:10
11,Running,2026-03-19 16:57:15,2026-03-19 16:58:19
12,Starved,2026-03-19 16:58:10,2026-03-19 16:58:19
2,Running,2026-03-19 16:57:24,2026-03-19 16:58:22
11,Starved,2026-03-19 16:58:19,2026-03-19 16:58:22
3,Running,2026-03-19 16:57:24,2026-03-19 16:58:23
1,Running,2026-03-19 16:57:24,2026-03-19 16:58:25
3,Blocked,2026-03-19 16:58:23,2026-03-19 16:58:34
2,Blocked,2026-03-19 16:58:22,2026-03-19 16:58:34
1,Blocked,2026-03-19 16:58:25,2026-03-19 16:58:34
11,Running,2026-03-19 16:58:22,2026-03-19 16:59:17
11,Starved,2026-03-19 16:59:17,2026-03-19 16:59:18
8,Running,2026-03-19 16:56:23,2026-03-19 16:59:28
3,Running,2026-03-19 16:58:34,2026-03-19 16:59:33
1,Running,2026-03-19 16:58:34,2026-03-19 16:59:33
2,Running,2026-03-19 16:58:34,2026-03-19 16:59:34
8,Starved,2026-03-19 16:59:28,2026-03-19 16:59:51
3,Blocked,2026-03-19 16:59:33,2026-03-19 17:00:01
2,Blocked,2026-03-19 16:59:34,2026-03-19 17:00:01
1,Blocked,2026-03-19 16:59:33,2026-03-19 17:00:01
11,Running,2026-03-19 16:59:18,2026-03-19 17:00:12
11,Starved,2026-03-19 17:00:12,2026-03-19 17:00:13
9,Running,2026-03-19 16:57:26,2026-03-19 17:00:40
2,Running,2026-03-19 17:00:01,2026-03-19 17:00:52
3,Running,2026-03-19 17:00:01,2026-03-19 17:00:57
9,Starved,2026-03-19 17:00:40,2026-03-19 17:01:01
3,Blocked,2026-03-19 17:00:57,2026-03-19 17:01:04
2,Blocked,2026-03-19 17:00:52,2026-03-19 17:01:04
2,Running,2026-03-19 17:01:04,2026-03-19 17:01:55
3,Running,2026-03-19 17:01:04,2026-03-19 17:02:02
1,Running,2026-03-19 17:00:01,2026-03-19 17:02:05
12,Running,2026-03-19 16:58:19,2026-03-19 17:02:13
3,Blocked,2026-03-19 17:02:02,2026-03-19 17:02:13
2,Blocked,2026-03-19 17:01:55,2026-03-19 17:02:13
1,Blocked,2026-03-19 17:02:05,2026-03-19 17:02:13
8,Running,2026-03-19 16:59:51,2026-03-19 17:02:50
8,Starved,2026-03-19 17:02:50,2026-03-19 17:02:51
2,Running,2026-03-19 17:02:13,2026-03-19 17:03:11
3,Running,2026-03-19 17:02:13,2026-03-19 17:03:12
1,Running,2026-03-19 17:02:13,2026-03-19 17:03:18
3,Blocked,2026-03-19 17:03:12,2026-03-19 17:03:25
2,Blocked,2026-03-19 17:03:11,2026-03-19 17:03:25
1,Blocked,2026-03-19 17:03:18,2026-03-19 17:03:25
8,Running,2026-03-19 17:02:51,2026-03-19 17:03:44
8,Starved,2026-03-19 17:03:44,2026-03-19 17:03:51
3,Running,2026-03-19 17:03:25,2026-03-19 17:04:27
1,Running,2026-03-19 17:03:25,2026-03-19 17:04:27
3,Blocked,2026-03-19 17:04:27,2026-03-19 17:04:31
1,Blocked,2026-03-19 17:04:27,2026-03-19 17:04:34
5,Running,2026-03-19 16:54:42,2026-03-19 17:04:35
8,Running,2026-03-19 17:03:51,2026-03-19 17:04:45
8,Starved,2026-03-19 17:04:45,2026-03-19 17:04:47
5,Blocked,2026-03-19 17:04:35,2026-03-19 17:04:47
1,Down,2026-03-19 17:04:34,2026-03-19 17:05:05
2,Running,2026-03-19 17:03:25,2026-03-19 17:05:34
3,Running,2026-03-19 17:04:31,2026-03-19 17:05:37
8,Running,2026-03-19 17:04:47,2026-03-19 17:05:48
8,Starved,2026-03-19 17:05:48,2026-03-19 17:05:54
3,Blocked,2026-03-19 17:05:37,2026-03-19 17:05:56
2,Blocked,2026-03-19 17:05:34,2026-03-19 17:05:56
3,Running,2026-03-19 17:05:56,2026-03-19 17:06:48
5,Running,2026-03-19 17:04:47,2026-03-19 17:06:56
2,Running,2026-03-19 17:05:56,2026-03-19 17:06:57
5,Blocked,2026-03-19 17:06:56,2026-03-19 17:06:59
3,Blocked,2026-03-19 17:06:48,2026-03-19 17:07:17
2,Blocked,2026-03-19 17:06:57,2026-03-19 17:07:17
11,Running,2026-03-19 17:00:13,2026-03-19 17:07:21
8,Running,2026-03-19 17:05:54,2026-03-19 17:07:42
8,Starved,2026-03-19 17:07:42,2026-03-19 17:07:49
5,Running,2026-03-19 17:06:59,2026-03-19 17:07:55
5,Blocked,2026-03-19 17:07:55,2026-03-19 17:07:55
3,Running,2026-03-19 17:07:17,2026-03-19 17:08:12
3,Blocked,2026-03-19 17:08:12,2026-03-19 17:08:12
8,Running,2026-03-19 17:07:49,2026-03-19 17:08:41
8,Starved,2026-03-19 17:08:41,2026-03-19 17:08:54
3,Running,2026-03-19 17:08:12,2026-03-19 17:09:04
2,Running,2026-03-19 17:07:17,2026-03-19 17:09:19
1,Running,2026-03-19 17:05:05,2026-03-19 17:09:20
3,Blocked,2026-03-19 17:09:04,2026-03-19 17:09:25
2,Blocked,2026-03-19 17:09:19,2026-03-19 17:09:25
1,Blocked,2026-03-19 17:09:20,2026-03-19 17:09:25
8,Running,2026-03-19 17:08:54,2026-03-19 17:10:00
8,Starved,2026-03-19 17:10:00,2026-03-19 17:10:05
1,Running,2026-03-19 17:09:25,2026-03-19 17:10:22
11,Down,2026-03-19 17:07:21,2026-03-19 17:10:23
1,Blocked,2026-03-19 17:10:22,2026-03-19 17:10:31
9,Running,2026-03-19 17:01:01,2026-03-19 17:10:55
5,Running,2026-03-19 17:07:55,2026-03-19 17:10:59
5,Blocked,2026-03-19 17:10:59,2026-03-19 17:11:08
9,Starved,2026-03-19 17:10:55,2026-03-19 17:11:12
3,Running,2026-03-19 17:09:25,2026-03-19 17:11:24
2,Running,2026-03-19 17:09:25,2026-03-19 17:11:30
3,Blocked,2026-03-19 17:11:24,2026-03-19 17:11:31
2,Blocked,2026-03-19 17:11:30,2026-03-19 17:11:31
5,Running,2026-03-19 17:11:08,2026-03-19 17:12:10
5,Blocked,2026-03-19 17:12:10,2026-03-19 17:12:12
2,Running,2026-03-19 17:11:31,2026-03-19 17:12:26
2,Blocked,2026-03-19 17:12:26,2026-03-19 17:12:36
5,Running,2026-03-19 17:12:12,2026-03-19 17:13:14
5,Blocked,2026-03-19 17:13:14,2026-03-19 17:13:17
9,Running,2026-03-19 17:11:12,2026-03-19 17:13:23
8,Running,2026-03-19 17:10:05,2026-03-19 17:13:24
9,Starved,2026-03-19 17:13:23,2026-03-19 17:13:24
8,Starved,2026-03-19 17:13:24,2026-03-19 17:13:24
12,Down,2026-03-19 17:02:13,2026-03-19 17:13:54
8,Running,2026-03-19 17:13:24,2026-03-19 17:14:23
2,Running,2026-03-19 17:12:36,2026-03-19 17:14:29
3,Running,2026-03-19 17:11:31,2026-03-19 17:14:31
8,Starved,2026-03-19 17:14:23,2026-03-19 17:14:32
3,Blocked,2026-03-19 17:14:31,2026-03-19 17:14:41
2,Blocked,2026-03-19 17:14:29,2026-03-19 17:14:41
8,Running,2026-03-19 17:14:32,2026-03-19 17:15:26
2,Running,2026-03-19 17:14:41,2026-03-19 17:15:37
3,Running,2026-03-19 17:14:41,2026-03-19 17:15:37
3,Blocked,2026-03-19 17:15:37,2026-03-19 17:15:38
2,Blocked,2026-03-19 17:15:37,2026-03-19 17:15:38
8,Starved,2026-03-19 17:15:26,2026-03-19 17:15:41
2,Running,2026-03-19 17:15:38,2026-03-19 17:16:33
1,Running,2026-03-19 17:10:31,2026-03-19 17:16:34
8,Running,2026-03-19 17:15:41,2026-03-19 17:16:36
3,Running,2026-03-19 17:15:38,2026-03-19 17:16:36
3,Blocked,2026-03-19 17:16:36,2026-03-19 17:16:48
2,Blocked,2026-03-19 17:16:33,2026-03-19 17:16:48
1,Blocked,2026-03-19 17:16:34,2026-03-19 17:16:48
8,Starved,2026-03-19 17:16:36,2026-03-19 17:16:50
2,Running,2026-03-19 17:16:48,2026-03-19 17:17:53
8,Running,2026-03-19 17:16:50,2026-03-19 17:17:54
1,Running,2026-03-19 17:16:48,2026-03-19 17:17:56
2,Blocked,2026-03-19 17:17:53,2026-03-19 17:17:56
1,Blocked,2026-03-19 17:17:56,2026-03-19 17:17:56
8,Starved,2026-03-19 17:17:54,2026-03-19 17:17:59
8,Running,2026-03-19 17:17:59,2026-03-19 17:18:47
1,Running,2026-03-19 17:17:56,2026-03-19 17:18:57
2,Running,2026-03-19 17:17:56,2026-03-19 17:18:57
2,Blocked,2026-03-19 17:18:57,2026-03-19 17:18:57
1,Blocked,2026-03-19 17:18:57,2026-03-19 17:18:57
8,Starved,2026-03-19 17:18:47,2026-03-19 17:19:03
2,Running,2026-03-19 17:18:57,2026-03-19 17:19:47
1,Running,2026-03-19 17:18:57,2026-03-19 17:19:58
2,Blocked,2026-03-19 17:19:47,2026-03-19 17:20:03
1,Blocked,2026-03-19 17:19:58,2026-03-19 17:20:03
1,Running,2026-03-19 17:20:03,2026-03-19 17:20:58
5,Running,2026-03-19 17:13:17,2026-03-19 17:20:59
1,Blocked,2026-03-19 17:20:58,2026-03-19 17:21:04
5,Blocked,2026-03-19 17:20:59,2026-03-19 17:21:05
8,Running,2026-03-19 17:19:03,2026-03-19 17:21:08
8,Starved,2026-03-19 17:21:08,2026-03-19 17:21:30
5,Running,2026-03-19 17:21:05,2026-03-19 17:22:06
5,Blocked,2026-03-19 17:22:06,2026-03-19 17:22:06
9,Running,2026-03-19 17:13:24,2026-03-19 17:22:10
12,Running,2026-03-19 17:13:54,2026-03-19 17:22:26
8,Running,2026-03-19 17:21:30,2026-03-19 17:22:40
9,Starved,2026-03-19 17:22:10,2026-03-19 17:22:40
8,Starved,2026-03-19 17:22:40,2026-03-19 17:22:58
5,Running,2026-03-19 17:22:06,2026-03-19 17:23:03
5,Blocked,2026-03-19 17:23:03,2026-03-19 17:23:08
9,Running,2026-03-19 17:22:40,2026-03-19 17:23:54
9,Starved,2026-03-19 17:23:54,2026-03-19 17:23:56
2,Running,2026-03-19 17:20:03,2026-03-19 17:24:56
5,Running,2026-03-19 17:23:08,2026-03-19 17:25:01
1,Running,2026-03-19 17:21:04,2026-03-19 17:25:01
3,Running,2026-03-19 17:16:48,2026-03-19 17:25:01
5,Starved,2026-03-19 17:25:01,2026-03-19 17:25:13
3,Blocked,2026-03-19 17:25:01,2026-03-19 17:25:13
2,Blocked,2026-03-19 17:24:56,2026-03-19 17:25:13
1,Blocked,2026-03-19 17:25:01,2026-03-19 17:25:13
5,Running,2026-03-19 17:25:13,2026-03-19 17:26:07
5,Starved,2026-03-19 17:26:07,2026-03-19 17:26:17
1,Running,2026-03-19 17:25:13,2026-03-19 17:26:17
2,Running,2026-03-19 17:25:13,2026-03-19 17:26:18
2,Blocked,2026-03-19 17:26:18,2026-03-19 17:26:19
1,Blocked,2026-03-19 17:26:17,2026-03-19 17:26:19
9,Running,2026-03-19 17:23:56,2026-03-19 17:27:09
9,Starved,2026-03-19 17:27:09,2026-03-19 17:27:10
1,Running,2026-03-19 17:26:19,2026-03-19 17:27:13
3,Running,2026-03-19 17:25:13,2026-03-19 17:27:16
3,Blocked,2026-03-19 17:27:16,2026-03-19 17:27:17
12,Down,2026-03-19 17:22:26,2026-03-19 17:27:23
2,Running,2026-03-19 17:26:19,2026-03-19 17:27:23
3,Running,2026-03-19 17:27:17,2026-03-19 17:28:15
3,Blocked,2026-03-19 17:28:15,2026-03-19 17:28:19
2,Down,2026-03-19 17:27:23,2026-03-19 17:28:40
1,Blocked,2026-03-19 17:27:13,2026-03-19 17:28:40
8,Running,2026-03-19 17:22:58,2026-03-19 17:28:56
8,Starved,2026-03-19 17:28:56,2026-03-19 17:29:13
3,Running,2026-03-19 17:28:19,2026-03-19 17:29:17
5,Running,2026-03-19 17:26:17,2026-03-19 17:29:19
5,Starved,2026-03-19 17:29:19,2026-03-19 17:29:37
3,Blocked,2026-03-19 17:29:17,2026-03-19 17:29:37
1,Running,2026-03-19 17:28:40,2026-03-19 17:29:45
1,Blocked,2026-03-19 17:29:45,2026-03-19 17:29:49
8,Running,2026-03-19 17:29:13,2026-03-19 17:30:06
8,Starved,2026-03-19 17:30:06,2026-03-19 17:30:15
5,Running,2026-03-19 17:29:37,2026-03-19 17:30:34
5,Starved,2026-03-19 17:30:34,2026-03-19 17:30:45
8,Running,2026-03-19 17:30:15,2026-03-19 17:31:15
8,Starved,2026-03-19 17:31:15,2026-03-19 17:31:27
5,Running,2026-03-19 17:30:45,2026-03-19 17:31:46
3,Running,2026-03-19 17:29:37,2026-03-19 17:31:46
5,Starved,2026-03-19 17:31:46,2026-03-19 17:31:46
3,Blocked,2026-03-19 17:31:46,2026-03-19 17:31:46
8,Running,2026-03-19 17:31:27,2026-03-19 17:32:25
8,Starved,2026-03-19 17:32:25,2026-03-19 17:32:25
5,Running,2026-03-19 17:31:46,2026-03-19 17:32:41
3,Running,2026-03-19 17:31:46,2026-03-19 17:32:43
5,Starved,2026-03-19 17:32:41,2026-03-19 17:32:44
3,Blocked,2026-03-19 17:32:43,2026-03-19 17:32:44
8,Running,2026-03-19 17:32:25,2026-03-19 17:33:33
8,Starved,2026-03-19 17:33:33,2026-03-19 17:33:40
3,Running,2026-03-19 17:32:44,2026-03-19 17:33:42
5,Running,2026-03-19 17:32:44,2026-03-19 17:33:46
5,Starved,2026-03-19 17:33:46,2026-03-19 17:33:48
3,Blocked,2026-03-19 17:33:42,2026-03-19 17:33:48
9,Running,2026-03-19 17:27:10,2026-03-19 17:34:32
8,Running,2026-03-19 17:33:40,2026-03-19 17:34:42
9,Starved,2026-03-19 17:34:32,2026-03-19 17:34:42
8,Starved,2026-03-19 17:34:42,2026-03-19 17:35:05
5,Running,2026-03-19 17:33:48,2026-03-19 17:35:41
3,Running,2026-03-19 17:33:48,2026-03-19 17:35:44
5,Starved,2026-03-19 17:35:41,2026-03-19 17:35:49
3,Blocked,2026-03-19 17:35:44,2026-03-19 17:35:49
9,Running,2026-03-19 17:34:42,2026-03-19 17:35:50
8,Running,2026-03-19 17:35:05,2026-03-19 17:36:05
8,Starved,2026-03-19 17:36:05,2026-03-19 17:36:11
3,Running,2026-03-19 17:35:49,2026-03-19 17:36:48
5,Running,2026-03-19 17:35:49,2026-03-19 17:36:50
12,Running,2026-03-19 17:27:23,2026-03-19 17:36:52
5,Starved,2026-03-19 17:36:50,2026-03-19 17:36:58
3,Blocked,2026-03-19 17:36:48,2026-03-19 17:36:58
10,Running,2026-03-19 16:55:23,2026-03-19 17:37:29
11,Running,2026-03-19 17:10:23,2026-03-19 17:38:12
5,Running,2026-03-19 17:36:58,2026-03-19 17:39:00
3,Running,2026-03-19 17:36:58,2026-03-19 17:39:02
2,Running,2026-03-19 17:28:40,2026-03-19 17:39:18
5,Starved,2026-03-19 17:39:00,2026-03-19 17:39:26
3,Blocked,2026-03-19 17:39:02,2026-03-19 17:39:26
2,Blocked,2026-03-19 17:39:18,2026-03-19 17:39:26
8,Running,2026-03-19 17:36:11,2026-03-19 17:40:03
8,Starved,2026-03-19 17:40:03,2026-03-19 17:40:04
5,Running,2026-03-19 17:39:26,2026-03-19 17:40:18
5,Starved,2026-03-19 17:40:18,2026-03-19 17:40:28
2,Running,2026-03-19 17:39:26,2026-03-19 17:40:31
2,Blocked,2026-03-19 17:40:31,2026-03-19 17:40:31
2,Running,2026-03-19 17:40:31,2026-03-19 17:41:36
2,Blocked,2026-03-19 17:41:36,2026-03-19 17:41:36
5,Running,2026-03-19 17:40:28,2026-03-19 17:42:28
2,Running,2026-03-19 17:41:36,2026-03-19 17:42:32
12,Down,2026-03-19 17:36:52,2026-03-19 17:42:36
11,Blocked,2026-03-19 17:38:12,2026-03-19 17:42:36
5,Starved,2026-03-19 17:42:28,2026-03-19 17:42:38
2,Blocked,2026-03-19 17:42:32,2026-03-19 17:42:39
2,Running,2026-03-19 17:42:39,2026-03-19 17:43:29
9,Down,2026-03-19 17:35:50,2026-03-19 17:43:33
5,Running,2026-03-19 17:42:38,2026-03-19 17:43:34
11,Running,2026-03-19 17:42:36,2026-03-19 17:43:38
11,Blocked,2026-03-19 17:43:38,2026-03-19 17:43:41
3,Running,2026-03-19 17:39:26,2026-03-19 17:43:44
5,Starved,2026-03-19 17:43:34,2026-03-19 17:43:57
3,Blocked,2026-03-19 17:43:44,2026-03-19 17:43:57
2,Blocked,2026-03-19 17:43:29,2026-03-19 17:43:57
8,Running,2026-03-19 17:40:04,2026-03-19 17:44:02
8,Starved,2026-03-19 17:44:02,2026-03-19 17:44:03
11,Running,2026-03-19 17:43:41,2026-03-19 17:44:32
11,Blocked,2026-03-19 17:44:32,2026-03-19 17:44:42
10,Starved,2026-03-19 17:37:29,2026-03-19 17:44:53
5,Running,2026-03-19 17:43:57,2026-03-19 17:44:54
5,Starved,2026-03-19 17:44:54,2026-03-19 17:44:55
2,Running,2026-03-19 17:43:57,2026-03-19 17:44:57
2,Blocked,2026-03-19 17:44:57,2026-03-19 17:44:58
8,Running,2026-03-19 17:44:03,2026-03-19 17:45:01
8,Starved,2026-03-19 17:45:01,2026-03-19 17:45:07
5,Running,2026-03-19 17:44:55,2026-03-19 17:45:48
5,Starved,2026-03-19 17:45:48,2026-03-19 17:45:53
2,Running,2026-03-19 17:44:58,2026-03-19 17:45:59
2,Blocked,2026-03-19 17:45:59,2026-03-19 17:46:08
2,Running,2026-03-19 17:46:08,2026-03-19 17:47:00
8,Running,2026-03-19 17:45:07,2026-03-19 17:47:01
8,Starved,2026-03-19 17:47:01,2026-03-19 17:47:02
2,Blocked,2026-03-19 17:47:00,2026-03-19 17:47:09
5,Running,2026-03-19 17:45:53,2026-03-19 17:47:45
10,Running,2026-03-19 17:44:53,2026-03-19 17:47:53
5,Starved,2026-03-19 17:47:45,2026-03-19 17:47:54
8,Running,2026-03-19 17:47:02,2026-03-19 17:47:56
10,Starved,2026-03-19 17:47:53,2026-03-19 17:48:00
8,Blocked,2026-03-19 17:47:56,2026-03-19 17:48:00
11,Down,2026-03-19 17:44:42,2026-03-19 17:48:23
5,Running,2026-03-19 17:47:54,2026-03-19 17:49:52
3,Running,2026-03-19 17:43:57,2026-03-19 17:50:05
5,Starved,2026-03-19 17:49:52,2026-03-19 17:50:10
3,Blocked,2026-03-19 17:50:05,2026-03-19 17:50:10
10,Running,2026-03-19 17:48:00,2026-03-19 17:50:47
10,Starved,2026-03-19 17:50:47,2026-03-19 17:51:01
5,Running,2026-03-19 17:50:10,2026-03-19 17:51:08
3,Running,2026-03-19 17:50:10,2026-03-19 17:51:15
5,Starved,2026-03-19 17:51:08,2026-03-19 17:51:18
3,Blocked,2026-03-19 17:51:15,2026-03-19 17:51:18
1,Running,2026-03-19 17:29:49,2026-03-19 17:51:19
1,Blocked,2026-03-19 17:51:19,2026-03-19 17:51:23
3,Running,2026-03-19 17:51:18,2026-03-19 17:52:17
2,Running,2026-03-19 17:47:09,2026-03-19 17:52:17
1,Running,2026-03-19 17:51:23,2026-03-19 17:52:23
5,Running,2026-03-19 17:51:18,2026-03-19 17:52:24
5,Starved,2026-03-19 17:52:24,2026-03-19 17:52:40
3,Blocked,2026-03-19 17:52:17,2026-03-19 17:52:40
2,Blocked,2026-03-19 17:52:17,2026-03-19 17:52:40
1,Blocked,2026-03-19 17:52:23,2026-03-19 17:52:40
10,Running,2026-03-19 17:51:01,2026-03-19 17:52:55
10,Starved,2026-03-19 17:52:55,2026-03-19 17:52:57
5,Running,2026-03-19 17:52:40,2026-03-19 17:53:35
2,Running,2026-03-19 17:52:40,2026-03-19 17:53:36
3,Running,2026-03-19 17:52:40,2026-03-19 17:53:45
1,Running,2026-03-19 17:52:40,2026-03-19 17:53:48
5,Starved,2026-03-19 17:53:35,2026-03-19 17:53:48
3,Blocked,2026-03-19 17:53:45,2026-03-19 17:53:48
2,Blocked,2026-03-19 17:53:36,2026-03-19 17:53:48
1,Blocked,2026-03-19 17:53:48,2026-03-19 17:53:48
10,Running,2026-03-19 17:52:57,2026-03-19 17:53:48
10,Starved,2026-03-19 17:53:48,2026-03-19 17:54:01
2,Running,2026-03-19 17:53:48,2026-03-19 17:54:42
5,Running,2026-03-19 17:53:48,2026-03-19 17:54:45
5,Starved,2026-03-19 17:54:45,2026-03-19 17:54:50
2,Blocked,2026-03-19 17:54:42,2026-03-19 17:54:51
3,Running,2026-03-19 17:53:48,2026-03-19 17:55:46
5,Running,2026-03-19 17:54:50,2026-03-19 17:55:56
1,Running,2026-03-19 17:53:48,2026-03-19 17:55:58
2,Running,2026-03-19 17:54:51,2026-03-19 17:55:59
10,Running,2026-03-19 17:54:01,2026-03-19 17:56:07
10,Starved,2026-03-19 17:56:07,2026-03-19 17:56:07
5,Starved,2026-03-19 17:55:56,2026-03-19 17:56:20
3,Blocked,2026-03-19 17:55:46,2026-03-19 17:56:20
2,Blocked,2026-03-19 17:55:59,2026-03-19 17:56:20
1,Blocked,2026-03-19 17:55:58,2026-03-19 17:56:20
10,Running,2026-03-19 17:56:07,2026-03-19 17:57:04
10,Starved,2026-03-19 17:57:04,2026-03-19 17:57:05
3,Running,2026-03-19 17:56:20,2026-03-19 17:57:15
5,Running,2026-03-19 17:56:20,2026-03-19 17:57:16
5,Starved,2026-03-19 17:57:16,2026-03-19 17:57:16
3,Blocked,2026-03-19 17:57:15,2026-03-19 17:57:16
8,Running,2026-03-19 17:48:00,2026-03-19 17:57:23
8,Starved,2026-03-19 17:57:23,2026-03-19 17:57:42
5,Running,2026-03-19 17:57:16,2026-03-19 17:58:13
2,Running,2026-03-19 17:56:20,2026-03-19 17:58:18
3,Running,2026-03-19 17:57:16,2026-03-19 17:58:21
1,Running,2026-03-19 17:56:20,2026-03-19 17:58:25
5,Starved,2026-03-19 17:58:13,2026-03-19 17:58:33
3,Blocked,2026-03-19 17:58:21,2026-03-19 17:58:33
2,Blocked,2026-03-19 17:58:18,2026-03-19 17:58:33
1,Blocked,2026-03-19 17:58:25,2026-03-19 17:58:33
8,Running,2026-03-19 17:57:42,2026-03-19 17:58:41
8,Starved,2026-03-19 17:58:41,2026-03-19 17:58:43
5,Running,2026-03-19 17:58:33,2026-03-19 17:59:31
3,Running,2026-03-19 17:58:33,2026-03-19 17:59:31
1,Running,2026-03-19 17:58:33,2026-03-19 17:59:36
5,Starved,2026-03-19 17:59:31,2026-03-19 17:59:37
3,Blocked,2026-03-19 17:59:31,2026-03-19 17:59:37
1,Blocked,2026-03-19 17:59:36,2026-03-19 17:59:42
8,Running,2026-03-19 17:58:43,2026-03-19 17:59:47
8,Starved,2026-03-19 17:59:47,2026-03-19 17:59:56
2,Running,2026-03-19 17:58:33,2026-03-19 18:00:29
1,Running,2026-03-19 17:59:42,2026-03-19 18:00:33
3,Running,2026-03-19 17:59:37,2026-03-19 18:00:34
3,Blocked,2026-03-19 18:00:34,2026-03-19 18:00:36
2,Blocked,2026-03-19 18:00:29,2026-03-19 18:00:36
1,Blocked,2026-03-19 18:00:33,2026-03-19 18:00:36
8,Running,2026-03-19 17:59:56,2026-03-19 18:00:47
8,Starved,2026-03-19 18:00:47,2026-03-19 18:00:48
1,Running,2026-03-19 18:00:36,2026-03-19 18:01:32
3,Running,2026-03-19 18:00:36,2026-03-19 18:01:33
5,Running,2026-03-19 17:59:37,2026-03-19 18:01:37
2,Running,2026-03-19 18:00:36,2026-03-19 18:01:38
5,Starved,2026-03-19 18:01:37,2026-03-19 18:01:43
3,Blocked,2026-03-19 18:01:33,2026-03-19 18:01:43
2,Blocked,2026-03-19 18:01:38,2026-03-19 18:01:43
1,Blocked,2026-03-19 18:01:32,2026-03-19 18:01:43
2,Running,2026-03-19 18:01:43,2026-03-19 18:02:38
1,Running,2026-03-19 18:01:43,2026-03-19 18:02:41
3,Running,2026-03-19 18:01:43,2026-03-19 18:02:51
8,Running,2026-03-19 18:00:48,2026-03-19 18:02:52
3,Blocked,2026-03-19 18:02:51,2026-03-19 18:02:53
2,Blocked,2026-03-19 18:02:38,2026-03-19 18:02:53
1,Blocked,2026-03-19 18:02:41,2026-03-19 18:02:53
8,Starved,2026-03-19 18:02:52,2026-03-19 18:02:54
10,Running,2026-03-19 17:57:05,2026-03-19 18:03:05
10,Starved,2026-03-19 18:03:05,2026-03-19 18:03:24
5,Running,2026-03-19 18:01:43,2026-03-19 18:03:51
8,Running,2026-03-19 18:02:54,2026-03-19 18:03:51
5,Starved,2026-03-19 18:03:51,2026-03-19 18:03:53
2,Running,2026-03-19 18:02:53,2026-03-19 18:03:55
1,Running,2026-03-19 18:02:53,2026-03-19 18:03:55
8,Starved,2026-03-19 18:03:51,2026-03-19 18:03:57
2,Blocked,2026-03-19 18:03:55,2026-03-19 18:03:58
1,Blocked,2026-03-19 18:03:55,2026-03-19 18:03:58
8,Running,2026-03-19 18:03:57,2026-03-19 18:04:50
5,Running,2026-03-19 18:03:53,2026-03-19 18:04:52
2,Running,2026-03-19 18:03:58,2026-03-19 18:04:52
3,Running,2026-03-19 18:02:53,2026-03-19 18:04:53
5,Starved,2026-03-19 18:04:52,2026-03-19 18:05:00
3,Blocked,2026-03-19 18:04:53,2026-03-19 18:05:00
2,Blocked,2026-03-19 18:04:52,2026-03-19 18:05:00
8,Starved,2026-03-19 18:04:50,2026-03-19 18:05:07
5,Running,2026-03-19 18:05:00,2026-03-19 18:05:52
3,Running,2026-03-19 18:05:00,2026-03-19 18:05:54
2,Running,2026-03-19 18:05:00,2026-03-19 18:06:02
1,Running,2026-03-19 18:03:58,2026-03-19 18:06:06
10,Running,2026-03-19 18:03:24,2026-03-19 18:06:13
10,Starved,2026-03-19 18:06:13,2026-03-19 18:06:24
5,Starved,2026-03-19 18:05:52,2026-03-19 18:06:29
3,Blocked,2026-03-19 18:05:54,2026-03-19 18:06:29
2,Blocked,2026-03-19 18:06:02,2026-03-19 18:06:29
1,Blocked,2026-03-19 18:06:06,2026-03-19 18:06:29
8,Running,2026-03-19 18:05:07,2026-03-19 18:07:07
8,Starved,2026-03-19 18:07:07,2026-03-19 18:07:12
5,Running,2026-03-19 18:06:29,2026-03-19 18:07:19
10,Running,2026-03-19 18:06:24,2026-03-19 18:07:19
5,Starved,2026-03-19 18:07:19,2026-03-19 18:07:25
1,Running,2026-03-19 18:06:29,2026-03-19 18:07:25
2,Running,2026-03-19 18:06:29,2026-03-19 18:07:33
2,Blocked,2026-03-19 18:07:33,2026-03-19 18:07:33
1,Blocked,2026-03-19 18:07:25,2026-03-19 18:07:33
10,Starved,2026-03-19 18:07:19,2026-03-19 18:07:39
8,Running,2026-03-19 18:07:12,2026-03-19 18:08:11
8,Starved,2026-03-19 18:08:11,2026-03-19 18:08:13
5,Running,2026-03-19 18:07:25,2026-03-19 18:08:26
5,Starved,2026-03-19 18:08:26,2026-03-19 18:08:27
2,Running,2026-03-19 18:07:33,2026-03-19 18:08:33
1,Running,2026-03-19 18:07:33,2026-03-19 18:08:37
2,Blocked,2026-03-19 18:08:33,2026-03-19 18:08:40
1,Blocked,2026-03-19 18:08:37,2026-03-19 18:08:40
1,Running,2026-03-19 18:08:40,2026-03-19 18:09:34
5,Running,2026-03-19 18:08:27,2026-03-19 18:09:36
2,Running,2026-03-19 18:08:40,2026-03-19 18:09:39
3,Running,2026-03-19 18:06:29,2026-03-19 18:09:44
5,Starved,2026-03-19 18:09:36,2026-03-19 18:09:45
3,Blocked,2026-03-19 18:09:44,2026-03-19 18:09:45
2,Blocked,2026-03-19 18:09:39,2026-03-19 18:09:45
1,Blocked,2026-03-19 18:09:34,2026-03-19 18:09:45
8,Running,2026-03-19 18:08:13,2026-03-19 18:10:16
8,Starved,2026-03-19 18:10:16,2026-03-19 18:10:19
1,Running,2026-03-19 18:09:45,2026-03-19 18:10:44
2,Running,2026-03-19 18:09:45,2026-03-19 18:10:46
2,Blocked,2026-03-19 18:10:46,2026-03-19 18:10:52
1,Blocked,2026-03-19 18:10:44,2026-03-19 18:10:52
8,Running,2026-03-19 18:10:19,2026-03-19 18:11:18
1,Running,2026-03-19 18:10:52,2026-03-19 18:11:49
1,Blocked,2026-03-19 18:11:49,2026-03-19 18:11:55
3,Running,2026-03-19 18:09:45,2026-03-19 18:12:36
3,Blocked,2026-03-19 18:12:36,2026-03-19 18:12:47
3,Running,2026-03-19 18:12:47,2026-03-19 18:13:40
5,Running,2026-03-19 18:09:45,2026-03-19 18:13:50
2,Running,2026-03-19 18:10:52,2026-03-19 18:13:52
1,Running,2026-03-19 18:11:55,2026-03-19 18:13:59
5,Starved,2026-03-19 18:13:50,2026-03-19 18:14:09
3,Blocked,2026-03-19 18:13:40,2026-03-19 18:14:09
2,Blocked,2026-03-19 18:13:52,2026-03-19 18:14:09
1,Blocked,2026-03-19 18:13:59,2026-03-19 18:14:09
8,Down,2026-03-19 18:11:18,2026-03-19 18:14:51
1,Running,2026-03-19 18:14:09,2026-03-19 18:14:59
2,Running,2026-03-19 18:14:09,2026-03-19 18:15:04
5,Running,2026-03-19 18:14:09,2026-03-19 18:15:07
5,Starved,2026-03-19 18:15:07,2026-03-19 18:15:11
2,Blocked,2026-03-19 18:15:04,2026-03-19 18:15:13
1,Blocked,2026-03-19 18:14:59,2026-03-19 18:15:13
1,Running,2026-03-19 18:15:13,2026-03-19 18:16:07
1,Blocked,2026-03-19 18:16:07,2026-03-19 18:16:17
5,Running,2026-03-19 18:15:11,2026-03-19 18:16:54
5,Starved,2026-03-19 18:16:54,2026-03-19 18:17:10
1,Running,2026-03-19 18:16:17,2026-03-19 18:17:14
1,Blocked,2026-03-19 18:17:14,2026-03-19 18:17:18
3,Running,2026-03-19 18:14:09,2026-03-19 18:18:10
5,Running,2026-03-19 18:17:10,2026-03-19 18:18:11
2,Running,2026-03-19 18:15:13,2026-03-19 18:18:18
1,Running,2026-03-19 18:17:18,2026-03-19 18:18:27
5,Starved,2026-03-19 18:18:11,2026-03-19 18:18:36
3,Blocked,2026-03-19 18:18:10,2026-03-19 18:18:36
2,Blocked,2026-03-19 18:18:18,2026-03-19 18:18:36
1,Blocked,2026-03-19 18:18:27,2026-03-19 18:18:36
1,Running,2026-03-19 18:18:36,2026-03-19 18:19:25
5,Running,2026-03-19 18:18:36,2026-03-19 18:19:30
2,Running,2026-03-19 18:18:36,2026-03-19 18:19:33
3,Running,2026-03-19 18:18:36,2026-03-19 18:19:42
5,Starved,2026-03-19 18:19:30,2026-03-19 18:19:50
3,Blocked,2026-03-19 18:19:42,2026-03-19 18:19:50
2,Blocked,2026-03-19 18:19:33,2026-03-19 18:19:50
1,Blocked,2026-03-19 18:19:25,2026-03-19 18:19:50
5,Running,2026-03-19 18:19:50,2026-03-19 18:20:49
2,Running,2026-03-19 18:19:50,2026-03-19 18:20:51
1,Running,2026-03-19 18:19:50,2026-03-19 18:20:53
3,Running,2026-03-19 18:19:50,2026-03-19 18:20:55
5,Starved,2026-03-19 18:20:49,2026-03-19 18:21:02
3,Blocked,2026-03-19 18:20:55,2026-03-19 18:21:02
2,Blocked,2026-03-19 18:20:51,2026-03-19 18:21:02
1,Blocked,2026-03-19 18:20:53,2026-03-19 18:21:02
3,Running,2026-03-19 18:21:02,2026-03-19 18:22:01
1,Running,2026-03-19 18:21:02,2026-03-19 18:22:02
5,Running,2026-03-19 18:21:02,2026-03-19 18:22:04
2,Running,2026-03-19 18:21:02,2026-03-19 18:22:12
5,Starved,2026-03-19 18:22:04,2026-03-19 18:22:14
3,Blocked,2026-03-19 18:22:01,2026-03-19 18:22:14
2,Blocked,2026-03-19 18:22:12,2026-03-19 18:22:14
1,Blocked,2026-03-19 18:22:02,2026-03-19 18:22:14
5,Running,2026-03-19 18:22:14,2026-03-19 18:23:11
3,Running,2026-03-19 18:22:14,2026-03-19 18:23:12
2,Running,2026-03-19 18:22:14,2026-03-19 18:23:13
5,Starved,2026-03-19 18:23:11,2026-03-19 18:23:16
3,Blocked,2026-03-19 18:23:12,2026-03-19 18:23:16
2,Blocked,2026-03-19 18:23:13,2026-03-19 18:23:16
2,Running,2026-03-19 18:23:16,2026-03-19 18:24:13
3,Running,2026-03-19 18:23:16,2026-03-19 18:24:17
5,Running,2026-03-19 18:23:16,2026-03-19 18:24:20
1,Running,2026-03-19 18:22:14,2026-03-19 18:24:26
5,Starved,2026-03-19 18:24:20,2026-03-19 18:24:40
3,Blocked,2026-03-19 18:24:17,2026-03-19 18:24:40
2,Blocked,2026-03-19 18:24:13,2026-03-19 18:24:40
1,Blocked,2026-03-19 18:24:26,2026-03-19 18:24:40
2,Running,2026-03-19 18:24:40,2026-03-19 18:25:33
2,Blocked,2026-03-19 18:25:33,2026-03-19 18:25:34
2,Running,2026-03-19 18:25:34,2026-03-19 18:26:44
1,Running,2026-03-19 18:24:40,2026-03-19 18:26:49
10,Running,2026-03-19 18:07:39,2026-03-19 18:26:53
10,Starved,2026-03-19 18:26:53,2026-03-19 18:26:56
10,Running,2026-03-19 18:26:56,2026-03-19 18:27:53
10,Starved,2026-03-19 18:27:53,2026-03-19 18:27:53
2,Down,2026-03-19 18:26:44,2026-03-19 18:28:31
1,Blocked,2026-03-19 18:26:49,2026-03-19 18:28:31
10,Running,2026-03-19 18:27:53,2026-03-19 18:28:55
10,Starved,2026-03-19 18:28:55,2026-03-19 18:29:18
1,Running,2026-03-19 18:28:31,2026-03-19 18:30:12
1,Blocked,2026-03-19 18:30:12,2026-03-19 18:30:16
3,Running,2026-03-19 18:24:40,2026-03-19 18:30:53
10,Running,2026-03-19 18:29:18,2026-03-19 18:31:25
10,Starved,2026-03-19 18:31:25,2026-03-19 18:31:31
5,Running,2026-03-19 18:24:40,2026-03-19 18:31:39
5,Starved,2026-03-19 18:31:39,2026-03-19 18:32:04
10,Running,2026-03-19 18:31:31,2026-03-19 18:32:23
1,Running,2026-03-19 18:30:16,2026-03-19 18:32:24
2,Running,2026-03-19 18:28:31,2026-03-19 18:32:26
10,Starved,2026-03-19 18:32:23,2026-03-19 18:32:55
3,Down,2026-03-19 18:30:53,2026-03-19 18:32:59
2,Blocked,2026-03-19 18:32:26,2026-03-19 18:32:59
1,Blocked,2026-03-19 18:32:24,2026-03-19 18:32:59
5,Running,2026-03-19 18:32:04,2026-03-19 18:33:04
5,Starved,2026-03-19 18:33:04,2026-03-19 18:33:16
1,Running,2026-03-19 18:32:59,2026-03-19 18:33:57
1,Blocked,2026-03-19 18:33:57,2026-03-19 18:33:59
5,Running,2026-03-19 18:33:16,2026-03-19 18:34:14
4,Running,2026-03-19 16:51:42,2026-03-19 18:34:22
5,Starved,2026-03-19 18:34:14,2026-03-19 18:34:22
2,Running,2026-03-19 18:32:59,2026-03-19 18:34:49
1,Running,2026-03-19 18:33:59,2026-03-19 18:34:52
2,Blocked,2026-03-19 18:34:49,2026-03-19 18:34:55
1,Blocked,2026-03-19 18:34:52,2026-03-19 18:34:55
5,Running,2026-03-19 18:34:22,2026-03-19 18:35:24
2,Running,2026-03-19 18:34:55,2026-03-19 18:35:58
1,Running,2026-03-19 18:34:55,2026-03-19 18:35:58
3,Running,2026-03-19 18:32:59,2026-03-19 18:36:00
4,Down,2026-03-19 18:34:22,2026-03-19 18:37:23
3,Blocked,2026-03-19 18:36:00,2026-03-19 18:37:23
2,Blocked,2026-03-19 18:35:58,2026-03-19 18:37:23
1,Blocked,2026-03-19 18:35:58,2026-03-19 18:37:23
2,Running,2026-03-19 18:37:23,2026-03-19 18:38:15
3,Running,2026-03-19 18:37:23,2026-03-19 18:38:22
1,Running,2026-03-19 18:37:23,2026-03-19 18:38:24
5,Starved,2026-03-19 18:35:24,2026-03-19 18:38:33
3,Blocked,2026-03-19 18:38:22,2026-03-19 18:38:33
2,Blocked,2026-03-19 18:38:15,2026-03-19 18:38:33
1,Blocked,2026-03-19 18:38:24,2026-03-19 18:38:33
3,Running,2026-03-19 18:38:33,2026-03-19 18:39:33
3,Blocked,2026-03-19 18:39:33,2026-03-19 18:39:34
1,Running,2026-03-19 18:38:33,2026-03-19 18:41:40
1,Blocked,2026-03-19 18:41:40,2026-03-19 18:41:44
4,Running,2026-03-19 18:37:23,2026-03-19 18:42:30
3,Running,2026-03-19 18:39:34,2026-03-19 18:42:32
1,Running,2026-03-19 18:41:44,2026-03-19 18:42:42
2,Running,2026-03-19 18:38:33,2026-03-19 18:42:47
5,Running,2026-03-19 18:38:33,2026-03-19 18:43:44
4,Down,2026-03-19 18:42:30,2026-03-19 18:44:19
3,Blocked,2026-03-19 18:42:32,2026-03-19 18:44:19
2,Blocked,2026-03-19 18:42:47,2026-03-19 18:44:19
1,Blocked,2026-03-19 18:42:42,2026-03-19 18:44:19
3,Running,2026-03-19 18:44:19,2026-03-19 18:45:17
2,Running,2026-03-19 18:44:19,2026-03-19 18:45:17
1,Running,2026-03-19 18:44:19,2026-03-19 18:45:25
8,Running,2026-03-19 18:14:51,2026-03-19 18:45:28
5,Starved,2026-03-19 18:43:44,2026-03-19 18:45:30
3,Blocked,2026-03-19 18:45:17,2026-03-19 18:45:30
2,Blocked,2026-03-19 18:45:17,2026-03-19 18:45:30
1,Blocked,2026-03-19 18:45:25,2026-03-19 18:45:30
5,Running,2026-03-19 18:45:30,2026-03-19 18:46:29
2,Running,2026-03-19 18:45:30,2026-03-19 18:46:30
3,Running,2026-03-19 18:45:30,2026-03-19 18:46:32
1,Running,2026-03-19 18:45:30,2026-03-19 18:46:33
5,Starved,2026-03-19 18:46:29,2026-03-19 18:46:44
3,Blocked,2026-03-19 18:46:32,2026-03-19 18:46:44
2,Blocked,2026-03-19 18:46:30,2026-03-19 18:46:44
1,Blocked,2026-03-19 18:46:33,2026-03-19 18:46:44
8,Down,2026-03-19 18:45:28,2026-03-19 18:47:15
1,Running,2026-03-19 18:46:44,2026-03-19 18:47:38
5,Running,2026-03-19 18:46:44,2026-03-19 18:47:40
2,Running,2026-03-19 18:46:44,2026-03-19 18:47:44
3,Running,2026-03-19 18:46:44,2026-03-19 18:47:44
5,Starved,2026-03-19 18:47:40,2026-03-19 18:48:03
3,Blocked,2026-03-19 18:47:44,2026-03-19 18:48:03
2,Blocked,2026-03-19 18:47:44,2026-03-19 18:48:03
1,Blocked,2026-03-19 18:47:38,2026-03-19 18:48:03
1,Running,2026-03-19 18:48:03,2026-03-19 18:48:53
2,Running,2026-03-19 18:48:03,2026-03-19 18:49:02
3,Running,2026-03-19 18:48:03,2026-03-19 18:49:03
5,Running,2026-03-19 18:48:03,2026-03-19 18:49:11
5,Starved,2026-03-19 18:49:11,2026-03-19 18:49:42
3,Blocked,2026-03-19 18:49:03,2026-03-19 18:49:42
2,Blocked,2026-03-19 18:49:02,2026-03-19 18:49:42
1,Blocked,2026-03-19 18:48:53,2026-03-19 18:49:42
3,Running,2026-03-19 18:49:42,2026-03-19 18:50:33
1,Running,2026-03-19 18:49:42,2026-03-19 18:50:34
2,Running,2026-03-19 18:49:42,2026-03-19 18:50:35
5,Running,2026-03-19 18:49:42,2026-03-19 18:50:39
6,Running,2026-03-19 16:43:42,2026-03-19 18:50:55
5,Starved,2026-03-19 18:50:39,2026-03-19 18:51:20
3,Blocked,2026-03-19 18:50:33,2026-03-19 18:51:20
2,Blocked,2026-03-19 18:50:35,2026-03-19 18:51:20
1,Blocked,2026-03-19 18:50:34,2026-03-19 18:51:20
1,Running,2026-03-19 18:51:20,2026-03-19 18:52:13
2,Running,2026-03-19 18:51:20,2026-03-19 18:52:17
3,Running,2026-03-19 18:51:20,2026-03-19 18:52:20
5,Running,2026-03-19 18:51:20,2026-03-19 18:52:26
5,Starved,2026-03-19 18:52:26,2026-03-19 18:52:29
3,Blocked,2026-03-19 18:52:20,2026-03-19 18:52:29
2,Blocked,2026-03-19 18:52:17,2026-03-19 18:52:29
1,Blocked,2026-03-19 18:52:13,2026-03-19 18:52:29
6,Down,2026-03-19 18:50:55,2026-03-19 18:53:00
5,Running,2026-03-19 18:52:29,2026-03-19 18:53:24
1,Running,2026-03-19 18:52:29,2026-03-19 18:53:26
2,Running,2026-03-19 18:52:29,2026-03-19 18:53:31
3,Running,2026-03-19 18:52:29,2026-03-19 18:53:40
5,Starved,2026-03-19 18:53:24,2026-03-19 18:53:55
3,Blocked,2026-03-19 18:53:40,2026-03-19 18:53:55
2,Blocked,2026-03-19 18:53:31,2026-03-19 18:53:55
1,Blocked,2026-03-19 18:53:26,2026-03-19 18:53:55
10,Running,2026-03-19 18:32:55,2026-03-19 18:54:45
10,Starved,2026-03-19 18:54:45,2026-03-19 18:54:50
3,Running,2026-03-19 18:53:55,2026-03-19 18:54:56
1,Running,2026-03-19 18:53:55,2026-03-19 18:54:57
2,Running,2026-03-19 18:53:55,2026-03-19 18:55:03
5,Running,2026-03-19 18:53:55,2026-03-19 18:55:07
5,Starved,2026-03-19 18:55:07,2026-03-19 18:55:08
3,Blocked,2026-03-19 18:54:56,2026-03-19 18:55:08
2,Blocked,2026-03-19 18:55:03,2026-03-19 18:55:08
1,Blocked,2026-03-19 18:54:57,2026-03-19 18:55:08
10,Running,2026-03-19 18:54:50,2026-03-19 18:55:45
10,Starved,2026-03-19 18:55:45,2026-03-19 18:55:49
5,Running,2026-03-19 18:55:08,2026-03-19 18:56:00
2,Running,2026-03-19 18:55:08,2026-03-19 18:56:02
5,Starved,2026-03-19 18:56:00,2026-03-19 18:56:07
2,Blocked,2026-03-19 18:56:02,2026-03-19 18:56:14
11,Running,2026-03-19 17:48:23,2026-03-19 18:56:33
10,Running,2026-03-19 18:55:49,2026-03-19 18:56:46
10,Starved,2026-03-19 18:56:46,2026-03-19 18:56:58
5,Running,2026-03-19 18:56:07,2026-03-19 18:57:07
3,Running,2026-03-19 18:55:08,2026-03-19 18:57:11
1,Running,2026-03-19 18:55:08,2026-03-19 18:57:18
2,Running,2026-03-19 18:56:14,2026-03-19 18:57:21
8,Running,2026-03-19 18:47:15,2026-03-19 18:57:33
11,Down,2026-03-19 18:56:33,2026-03-19 18:57:34
8,Starved,2026-03-19 18:57:33,2026-03-19 18:57:35
5,Starved,2026-03-19 18:57:07,2026-03-19 18:57:36
3,Blocked,2026-03-19 18:57:11,2026-03-19 18:57:36
2,Blocked,2026-03-19 18:57:21,2026-03-19 18:57:36
1,Blocked,2026-03-19 18:57:18,2026-03-19 18:57:36
1,Running,2026-03-19 18:57:36,2026-03-19 18:58:29
5,Running,2026-03-19 18:57:36,2026-03-19 18:58:32
3,Running,2026-03-19 18:57:36,2026-03-19 18:58:35
5,Starved,2026-03-19 18:58:32,2026-03-19 18:58:36
3,Blocked,2026-03-19 18:58:35,2026-03-19 18:58:36
8,Running,2026-03-19 18:57:35,2026-03-19 18:58:37
1,Blocked,2026-03-19 18:58:29,2026-03-19 18:58:41
8,Starved,2026-03-19 18:58:37,2026-03-19 18:59:03
10,Running,2026-03-19 18:56:58,2026-03-19 18:59:08
10,Starved,2026-03-19 18:59:08,2026-03-19 18:59:13
2,Running,2026-03-19 18:57:36,2026-03-19 18:59:33
3,Running,2026-03-19 18:58:36,2026-03-19 18:59:40
5,Running,2026-03-19 18:58:36,2026-03-19 18:59:43
1,Running,2026-03-19 18:58:41,2026-03-19 18:59:43
5,Starved,2026-03-19 18:59:43,2026-03-19 18:59:48
3,Blocked,2026-03-19 18:59:40,2026-03-19 18:59:48
2,Blocked,2026-03-19 18:59:33,2026-03-19 18:59:48
1,Blocked,2026-03-19 18:59:43,2026-03-19 18:59:48
8,Running,2026-03-19 18:59:03,2026-03-19 19:00:06
8,Starved,2026-03-19 19:00:06,2026-03-19 19:00:32
2,Running,2026-03-19 18:59:48,2026-03-19 19:00:39
1,Running,2026-03-19 18:59:48,2026-03-19 19:00:44
2,Blocked,2026-03-19 19:00:39,2026-03-19 19:00:45
1,Blocked,2026-03-19 19:00:44,2026-03-19 19:00:45
10,Running,2026-03-19 18:59:13,2026-03-19 19:01:09
10,Starved,2026-03-19 19:01:09,2026-03-19 19:01:15
1,Running,2026-03-19 19:00:45,2026-03-19 19:01:43
2,Running,2026-03-19 19:00:45,2026-03-19 19:01:43
3,Running,2026-03-19 18:59:48,2026-03-19 19:01:47
5,Running,2026-03-19 18:59:48,2026-03-19 19:01:51
5,Starved,2026-03-19 19:01:51,2026-03-19 19:01:55
3,Blocked,2026-03-19 19:01:47,2026-03-19 19:01:55
2,Blocked,2026-03-19 19:01:43,2026-03-19 19:01:55
1,Blocked,2026-03-19 19:01:43,2026-03-19 19:01:55
2,Running,2026-03-19 19:01:55,2026-03-19 19:02:43
2,Blocked,2026-03-19 19:02:43,2026-03-19 19:02:57
8,Running,2026-03-19 19:00:32,2026-03-19 19:03:32
8,Starved,2026-03-19 19:03:32,2026-03-19 19:03:33
5,Running,2026-03-19 19:01:55,2026-03-19 19:03:44
2,Running,2026-03-19 19:02:57,2026-03-19 19:03:58
1,Running,2026-03-19 19:01:55,2026-03-19 19:04:00
3,Running,2026-03-19 19:01:55,2026-03-19 19:04:03
5,Starved,2026-03-19 19:03:44,2026-03-19 19:04:11
3,Blocked,2026-03-19 19:04:03,2026-03-19 19:04:11
2,Blocked,2026-03-19 19:03:58,2026-03-19 19:04:11
1,Blocked,2026-03-19 19:04:00,2026-03-19 19:04:11
2,Running,2026-03-19 19:04:11,2026-03-19 19:05:07
1,Running,2026-03-19 19:04:11,2026-03-19 19:05:07
5,Running,2026-03-19 19:04:11,2026-03-19 19:05:13
5,Starved,2026-03-19 19:05:13,2026-03-19 19:05:19
2,Blocked,2026-03-19 19:05:07,2026-03-19 19:05:25
1,Blocked,2026-03-19 19:05:07,2026-03-19 19:05:25
7,Running,2026-03-19 15:23:45,2026-03-19 19:05:30
7,Down,2026-03-19 19:05:30,2026-03-19 19:06:02
5,Running,2026-03-19 19:05:19,2026-03-19 19:06:11
2,Running,2026-03-19 19:05:25,2026-03-19 19:06:16
3,Running,2026-03-19 19:04:11,2026-03-19 19:06:18
5,Starved,2026-03-19 19:06:11,2026-03-19 19:06:21
3,Blocked,2026-03-19 19:06:18,2026-03-19 19:06:21
2,Blocked,2026-03-19 19:06:16,2026-03-19 19:06:21
10,Running,2026-03-19 19:01:15,2026-03-19 19:06:22
10,Starved,2026-03-19 19:06:22,2026-03-19 19:06:27
8,Running,2026-03-19 19:03:33,2026-03-19 19:06:30
8,Starved,2026-03-19 19:06:30,2026-03-19 19:06:53
10,Running,2026-03-19 19:06:27,2026-03-19 19:07:15
2,Running,2026-03-19 19:06:21,2026-03-19 19:07:18
2,Blocked,2026-03-19 19:07:18,2026-03-19 19:07:27
10,Starved,2026-03-19 19:07:15,2026-03-19 19:07:49
8,Running,2026-03-19 19:06:53,2026-03-19 19:07:52
8,Starved,2026-03-19 19:07:52,2026-03-19 19:08:02
2,Running,2026-03-19 19:07:27,2026-03-19 19:08:23
1,Running,2026-03-19 19:05:25,2026-03-19 19:08:29
2,Blocked,2026-03-19 19:08:23,2026-03-19 19:08:30
1,Blocked,2026-03-19 19:08:29,2026-03-19 19:08:30
8,Running,2026-03-19 19:08:02,2026-03-19 19:09:08
8,Starved,2026-03-19 19:09:08,2026-03-19 19:09:10
3,Running,2026-03-19 19:06:21,2026-03-19 19:09:21
5,Running,2026-03-19 19:06:21,2026-03-19 19:09:28
2,Running,2026-03-19 19:08:30,2026-03-19 19:09:30
5,Starved,2026-03-19 19:09:28,2026-03-19 19:09:31
3,Blocked,2026-03-19 19:09:21,2026-03-19 19:09:31
2,Blocked,2026-03-19 19:09:30,2026-03-19 19:09:31
8,Running,2026-03-19 19:09:10,2026-03-19 19:10:13
2,Running,2026-03-19 19:09:31,2026-03-19 19:10:32
2,Blocked,2026-03-19 19:10:32,2026-03-19 19:10:32
8,Starved,2026-03-19 19:10:13,2026-03-19 19:10:40
10,Running,2026-03-19 19:07:49,2026-03-19 19:10:51
10,Starved,2026-03-19 19:10:51,2026-03-19 19:11:00
2,Running,2026-03-19 19:10:32,2026-03-19 19:11:24
2,Blocked,2026-03-19 19:11:24,2026-03-19 19:11:29
6,Running,2026-03-19 18:53:00,2026-03-19 19:11:30
6,Starved,2026-03-19 19:11:30,2026-03-19 19:11:33
8,Running,2026-03-19 19:10:40,2026-03-19 19:11:33
8,Starved,2026-03-19 19:11:33,2026-03-19 19:12:07
1,Running,2026-03-19 19:08:30,2026-03-19 19:12:25
6,Running,2026-03-19 19:11:33,2026-03-19 19:12:28
1,Blocked,2026-03-19 19:12:25,2026-03-19 19:12:29
6,Starved,2026-03-19 19:12:28,2026-03-19 19:12:30
8,Running,2026-03-19 19:12:07,2026-03-19 19:13:09
3,Running,2026-03-19 19:09:31,2026-03-19 19:13:25
5,Running,2026-03-19 19:09:31,2026-03-19 19:13:27
2,Running,2026-03-19 19:11:29,2026-03-19 19:13:30
8,Starved,2026-03-19 19:13:09,2026-03-19 19:13:31
5,Starved,2026-03-19 19:13:27,2026-03-19 19:13:33
3,Blocked,2026-03-19 19:13:25,2026-03-19 19:13:33
2,Blocked,2026-03-19 19:13:30,2026-03-19 19:13:33
5,Running,2026-03-19 19:13:33,2026-03-19 19:14:25
8,Running,2026-03-19 19:13:31,2026-03-19 19:14:28
2,Running,2026-03-19 19:13:33,2026-03-19 19:14:29
8,Starved,2026-03-19 19:14:28,2026-03-19 19:14:32
3,Running,2026-03-19 19:13:33,2026-03-19 19:14:35
5,Starved,2026-03-19 19:14:25,2026-03-19 19:14:36
3,Blocked,2026-03-19 19:14:35,2026-03-19 19:14:36
2,Blocked,2026-03-19 19:14:29,2026-03-19 19:14:36
1,Running,2026-03-19 19:12:29,2026-03-19 19:14:38
6,Running,2026-03-19 19:12:30,2026-03-19 19:15:21
8,Running,2026-03-19 19:14:32,2026-03-19 19:15:29
6,Starved,2026-03-19 19:15:21,2026-03-19 19:15:38
2,Running,2026-03-19 19:14:36,2026-03-19 19:15:39
2,Blocked,2026-03-19 19:15:39,2026-03-19 19:15:39
8,Starved,2026-03-19 19:15:29,2026-03-19 19:15:42
5,Running,2026-03-19 19:14:36,2026-03-19 19:16:28
3,Running,2026-03-19 19:14:36,2026-03-19 19:16:29
2,Running,2026-03-19 19:15:39,2026-03-19 19:16:30
8,Running,2026-03-19 19:15:42,2026-03-19 19:16:36
1,Down,2026-03-19 19:14:38,2026-03-19 19:16:51
5,Starved,2026-03-19 19:16:28,2026-03-19 19:16:54
3,Blocked,2026-03-19 19:16:29,2026-03-19 19:16:54
2,Blocked,2026-03-19 19:16:30,2026-03-19 19:16:54
6,Running,2026-03-19 19:15:38,2026-03-19 19:17:29
5,Running,2026-03-19 19:16:54,2026-03-19 19:17:50
6,Starved,2026-03-19 19:17:29,2026-03-19 19:17:50
10,Running,2026-03-19 19:11:00,2026-03-19 19:17:57
2,Running,2026-03-19 19:16:54,2026-03-19 19:18:00
5,Starved,2026-03-19 19:17:50,2026-03-19 19:18:02
2,Blocked,2026-03-19 19:18:00,2026-03-19 19:18:03
10,Starved,2026-03-19 19:17:57,2026-03-19 19:18:08
6,Running,2026-03-19 19:17:50,2026-03-19 19:18:57
3,Running,2026-03-19 19:16:54,2026-03-19 19:19:03
5,Running,2026-03-19 19:18:02,2026-03-19 19:19:04
6,Starved,2026-03-19 19:18:57,2026-03-19 19:19:04
2,Running,2026-03-19 19:18:03,2026-03-19 19:19:04
5,Starved,2026-03-19 19:19:04,2026-03-19 19:19:07
3,Blocked,2026-03-19 19:19:03,2026-03-19 19:19:07
2,Blocked,2026-03-19 19:19:04,2026-03-19 19:19:07
10,Running,2026-03-19 19:18:08,2026-03-19 19:19:11
10,Starved,2026-03-19 19:19:11,2026-03-19 19:19:27
6,Running,2026-03-19 19:19:04,2026-03-19 19:20:06
2,Running,2026-03-19 19:19:07,2026-03-19 19:20:06
6,Starved,2026-03-19 19:20:06,2026-03-19 19:20:16
2,Blocked,2026-03-19 19:20:06,2026-03-19 19:20:21
6,Running,2026-03-19 19:20:16,2026-03-19 19:21:09
6,Starved,2026-03-19 19:21:09,2026-03-19 19:21:17
10,Running,2026-03-19 19:19:27,2026-03-19 19:21:23
9,Running,2026-03-19 17:43:33,2026-03-19 19:21:29
10,Starved,2026-03-19 19:21:23,2026-03-19 19:21:29
8,Down,2026-03-19 19:16:36,2026-03-19 19:21:45
2,Running,2026-03-19 19:20:21,2026-03-19 19:22:26
10,Running,2026-03-19 19:21:29,2026-03-19 19:22:31
2,Blocked,2026-03-19 19:22:26,2026-03-19 19:22:32
9,Starved,2026-03-19 19:21:29,2026-03-19 19:22:41
6,Running,2026-03-19 19:21:17,2026-03-19 19:23:09
5,Running,2026-03-19 19:19:07,2026-03-19 19:23:10
6,Starved,2026-03-19 19:23:09,2026-03-19 19:23:10
2,Running,2026-03-19 19:22:32,2026-03-19 19:23:27
3,Running,2026-03-19 19:19:07,2026-03-19 19:23:34
11,Running,2026-03-19 18:57:34,2026-03-19 19:23:34
5,Starved,2026-03-19 19:23:10,2026-03-19 19:23:36
3,Blocked,2026-03-19 19:23:34,2026-03-19 19:23:36
2,Blocked,2026-03-19 19:23:27,2026-03-19 19:23:36
9,Running,2026-03-19 19:22:41,2026-03-19 19:23:47
10,Starved,2026-03-19 19:22:31,2026-03-19 19:23:47
9,Starved,2026-03-19 19:23:47,2026-03-19 19:23:50
6,Running,2026-03-19 19:23:10,2026-03-19 19:24:18
3,Running,2026-03-19 19:23:36,2026-03-19 19:24:38
2,Running,2026-03-19 19:23:36,2026-03-19 19:24:41
10,Running,2026-03-19 19:23:47,2026-03-19 19:24:42
11,Starved,2026-03-19 19:23:34,2026-03-19 19:24:42
5,Running,2026-03-19 19:23:36,2026-03-19 19:24:42
6,Starved,2026-03-19 19:24:18,2026-03-19 19:24:42
9,Running,2026-03-19 19:23:50,2026-03-19 19:24:53
10,Starved,2026-03-19 19:24:42,2026-03-19 19:24:53
9,Starved,2026-03-19 19:24:53,2026-03-19 19:24:55
5,Starved,2026-03-19 19:24:42,2026-03-19 19:24:58
3,Blocked,2026-03-19 19:24:38,2026-03-19 19:24:58
2,Blocked,2026-03-19 19:24:41,2026-03-19 19:24:58
11,Running,2026-03-19 19:24:42,2026-03-19 19:25:35
6,Running,2026-03-19 19:24:42,2026-03-19 19:25:44
10,Running,2026-03-19 19:24:53,2026-03-19 19:25:53
11,Starved,2026-03-19 19:25:35,2026-03-19 19:25:53
3,Running,2026-03-19 19:24:58,2026-03-19 19:25:55
2,Running,2026-03-19 19:24:58,2026-03-19 19:26:02
5,Running,2026-03-19 19:24:58,2026-03-19 19:26:06
6,Starved,2026-03-19 19:25:44,2026-03-19 19:26:06
10,Starved,2026-03-19 19:25:53,2026-03-19 19:26:08
5,Starved,2026-03-19 19:26:06,2026-03-19 19:26:28
3,Blocked,2026-03-19 19:25:55,2026-03-19 19:26:28
2,Blocked,2026-03-19 19:26:02,2026-03-19 19:26:28
11,Running,2026-03-19 19:25:53,2026-03-19 19:26:53
6,Running,2026-03-19 19:26:06,2026-03-19 19:26:57
10,Running,2026-03-19 19:26:08,2026-03-19 19:27:05
11,Starved,2026-03-19 19:26:53,2026-03-19 19:27:05
10,Starved,2026-03-19 19:27:05,2026-03-19 19:27:15
2,Running,2026-03-19 19:26:28,2026-03-19 19:27:22
2,Blocked,2026-03-19 19:27:22,2026-03-19 19:27:35
6,Starved,2026-03-19 19:26:57,2026-03-19 19:27:38
11,Running,2026-03-19 19:27:05,2026-03-19 19:28:02
11,Starved,2026-03-19 19:28:02,2026-03-19 19:28:20
2,Running,2026-03-19 19:27:35,2026-03-19 19:28:28
2,Blocked,2026-03-19 19:28:28,2026-03-19 19:28:32
11,Running,2026-03-19 19:28:20,2026-03-19 19:29:05
10,Running,2026-03-19 19:27:15,2026-03-19 19:29:16
11,Starved,2026-03-19 19:29:05,2026-03-19 19:29:16
10,Starved,2026-03-19 19:29:16,2026-03-19 19:29:25
2,Running,2026-03-19 19:28:32,2026-03-19 19:29:31
2,Blocked,2026-03-19 19:29:31,2026-03-19 19:29:36
11,Running,2026-03-19 19:29:16,2026-03-19 19:30:07
5,Running,2026-03-19 19:26:28,2026-03-19 19:30:24
5,Starved,2026-03-19 19:30:24,2026-03-19 19:30:28
11,Starved,2026-03-19 19:30:07,2026-03-19 19:30:28
11,Running,2026-03-19 19:30:28,2026-03-19 19:31:22
11,Starved,2026-03-19 19:31:22,2026-03-19 19:31:31
10,Running,2026-03-19 19:29:25,2026-03-19 19:32:27
10,Starved,2026-03-19 19:32:27,2026-03-19 19:32:32
6,Running,2026-03-19 19:27:38,2026-03-19 19:32:32
6,Starved,2026-03-19 19:32:32,2026-03-19 19:32:40
10,Running,2026-03-19 19:32:32,2026-03-19 19:33:23
6,Running,2026-03-19 19:32:40,2026-03-19 19:33:32
10,Starved,2026-03-19 19:33:23,2026-03-19 19:33:34
6,Starved,2026-03-19 19:33:32,2026-03-19 19:33:34
5,Running,2026-03-19 19:30:28,2026-03-19 19:34:28
11,Running,2026-03-19 19:31:31,2026-03-19 19:34:32
11,Starved,2026-03-19 19:34:32,2026-03-19 19:34:35
2,Running,2026-03-19 19:29:36,2026-03-19 19:34:36
5,Starved,2026-03-19 19:34:28,2026-03-19 19:34:37
2,Blocked,2026-03-19 19:34:36,2026-03-19 19:34:43
6,Running,2026-03-19 19:33:34,2026-03-19 19:35:30
5,Running,2026-03-19 19:34:37,2026-03-19 19:35:31
6,Starved,2026-03-19 19:35:30,2026-03-19 19:35:31
11,Running,2026-03-19 19:34:35,2026-03-19 19:35:35
11,Starved,2026-03-19 19:35:35,2026-03-19 19:35:40
3,Running,2026-03-19 19:26:28,2026-03-19 19:35:41
5,Starved,2026-03-19 19:35:31,2026-03-19 19:35:41
3,Blocked,2026-03-19 19:35:41,2026-03-19 19:35:41
6,Running,2026-03-19 19:35:31,2026-03-19 19:36:28
5,Running,2026-03-19 19:35:41,2026-03-19 19:36:32
6,Starved,2026-03-19 19:36:28,2026-03-19 19:36:32
3,Running,2026-03-19 19:35:41,2026-03-19 19:36:45
2,Running,2026-03-19 19:34:43,2026-03-19 19:36:48
5,Starved,2026-03-19 19:36:32,2026-03-19 19:36:50
3,Blocked,2026-03-19 19:36:45,2026-03-19 19:36:50
2,Blocked,2026-03-19 19:36:48,2026-03-19 19:36:50
6,Running,2026-03-19 19:36:32,2026-03-19 19:37:38
2,Running,2026-03-19 19:36:50,2026-03-19 19:37:50
6,Starved,2026-03-19 19:37:38,2026-03-19 19:37:56
2,Blocked,2026-03-19 19:37:50,2026-03-19 19:37:59
1,Running,2026-03-19 19:16:51,2026-03-19 19:38:03
1,Down,2026-03-19 19:38:03,2026-03-19 19:38:17
5,Running,2026-03-19 19:36:50,2026-03-19 19:39:46
2,Running,2026-03-19 19:37:59,2026-03-19 19:39:49
5,Starved,2026-03-19 19:39:46,2026-03-19 19:40:02
2,Blocked,2026-03-19 19:39:49,2026-03-19 19:40:03
6,Running,2026-03-19 19:37:56,2026-03-19 19:40:47
5,Running,2026-03-19 19:40:02,2026-03-19 19:40:55
6,Starved,2026-03-19 19:40:47,2026-03-19 19:40:55
5,Starved,2026-03-19 19:40:55,2026-03-19 19:40:56
2,Running,2026-03-19 19:40:03,2026-03-19 19:41:00
2,Blocked,2026-03-19 19:41:00,2026-03-19 19:41:10
6,Running,2026-03-19 19:40:55,2026-03-19 19:41:49
5,Running,2026-03-19 19:40:56,2026-03-19 19:41:52
6,Starved,2026-03-19 19:41:49,2026-03-19 19:41:52
5,Starved,2026-03-19 19:41:52,2026-03-19 19:42:07
2,Running,2026-03-19 19:41:10,2026-03-19 19:42:16
2,Blocked,2026-03-19 19:42:16,2026-03-19 19:42:17
6,Running,2026-03-19 19:41:52,2026-03-19 19:42:54
5,Running,2026-03-19 19:42:07,2026-03-19 19:42:58
6,Starved,2026-03-19 19:42:54,2026-03-19 19:42:58
5,Starved,2026-03-19 19:42:58,2026-03-19 19:43:04
6,Running,2026-03-19 19:42:58,2026-03-19 19:43:54
6,Starved,2026-03-19 19:43:54,2026-03-19 19:44:07
10,Running,2026-03-19 19:33:34,2026-03-19 19:45:04
6,Running,2026-03-19 19:44:07,2026-03-19 19:45:06
2,Running,2026-03-19 19:42:17,2026-03-19 19:45:13
10,Starved,2026-03-19 19:45:04,2026-03-19 19:45:13
6,Starved,2026-03-19 19:45:06,2026-03-19 19:45:14
2,Blocked,2026-03-19 19:45:13,2026-03-19 19:45:19
6,Running,2026-03-19 19:45:14,2026-03-19 19:46:09
2,Running,2026-03-19 19:45:19,2026-03-19 19:46:15
6,Starved,2026-03-19 19:46:09,2026-03-19 19:46:16
2,Blocked,2026-03-19 19:46:15,2026-03-19 19:46:22
10,Running,2026-03-19 19:45:13,2026-03-19 19:49:16
10,Starved,2026-03-19 19:49:16,2026-03-19 19:49:21
3,Running,2026-03-19 19:36:50,2026-03-19 19:50:13
5,Running,2026-03-19 19:43:04,2026-03-19 19:50:14
5,Starved,2026-03-19 19:50:14,2026-03-19 19:50:17
3,Blocked,2026-03-19 19:50:13,2026-03-19 19:50:17
10,Running,2026-03-19 19:49:21,2026-03-19 19:50:32
10,Starved,2026-03-19 19:50:32,2026-03-19 19:50:41
3,Running,2026-03-19 19:50:17,2026-03-19 19:51:13
2,Running,2026-03-19 19:46:22,2026-03-19 19:51:20
5,Running,2026-03-19 19:50:17,2026-03-19 19:51:21
5,Starved,2026-03-19 19:51:21,2026-03-19 19:51:23
3,Blocked,2026-03-19 19:51:13,2026-03-19 19:51:23
2,Blocked,2026-03-19 19:51:20,2026-03-19 19:51:23
10,Running,2026-03-19 19:50:41,2026-03-19 19:51:36
10,Starved,2026-03-19 19:51:36,2026-03-19 19:52:06
2,Running,2026-03-19 19:51:23,2026-03-19 19:52:21
3,Running,2026-03-19 19:51:23,2026-03-19 19:52:22
5,Running,2026-03-19 19:51:23,2026-03-19 19:52:25
1,Running,2026-03-19 19:38:17,2026-03-19 19:52:42
5,Starved,2026-03-19 19:52:25,2026-03-19 19:52:45
3,Blocked,2026-03-19 19:52:22,2026-03-19 19:52:45
2,Blocked,2026-03-19 19:52:21,2026-03-19 19:52:45
1,Blocked,2026-03-19 19:52:42,2026-03-19 19:52:45
11,Running,2026-03-19 19:35:40,2026-03-19 19:52:52
10,Running,2026-03-19 19:52:06,2026-03-19 19:53:11
11,Starved,2026-03-19 19:52:52,2026-03-19 19:53:11
10,Starved,2026-03-19 19:53:11,2026-03-19 19:53:37
5,Running,2026-03-19 19:52:45,2026-03-19 19:53:38
1,Running,2026-03-19 19:52:45,2026-03-19 19:53:40
2,Running,2026-03-19 19:52:45,2026-03-19 19:53:40
3,Running,2026-03-19 19:52:45,2026-03-19 19:53:41
5,Starved,2026-03-19 19:53:38,2026-03-19 19:53:44
3,Blocked,2026-03-19 19:53:41,2026-03-19 19:53:44
2,Blocked,2026-03-19 19:53:40,2026-03-19 19:53:44
1,Blocked,2026-03-19 19:53:40,2026-03-19 19:53:44
11,Running,2026-03-19 19:53:11,2026-03-19 19:54:03
1,Running,2026-03-19 19:53:44,2026-03-19 19:54:40
3,Running,2026-03-19 19:53:44,2026-03-19 19:54:42
6,Running,2026-03-19 19:46:16,2026-03-19 19:54:42
10,Running,2026-03-19 19:53:37,2026-03-19 19:54:46
11,Starved,2026-03-19 19:54:03,2026-03-19 19:54:46
5,Running,2026-03-19 19:53:44,2026-03-19 19:54:49
6,Starved,2026-03-19 19:54:42,2026-03-19 19:54:49
2,Running,2026-03-19 19:53:44,2026-03-19 19:54:50
5,Starved,2026-03-19 19:54:49,2026-03-19 19:55:02
3,Blocked,2026-03-19 19:54:42,2026-03-19 19:55:02
2,Blocked,2026-03-19 19:54:50,2026-03-19 19:55:02
1,Blocked,2026-03-19 19:54:40,2026-03-19 19:55:02
11,Running,2026-03-19 19:54:46,2026-03-19 19:55:48
2,Running,2026-03-19 19:55:02,2026-03-19 19:55:50
6,Running,2026-03-19 19:54:49,2026-03-19 19:55:53
3,Running,2026-03-19 19:55:02,2026-03-19 19:55:55
1,Running,2026-03-19 19:55:02,2026-03-19 19:55:59
5,Running,2026-03-19 19:55:02,2026-03-19 19:56:00
6,Starved,2026-03-19 19:55:53,2026-03-19 19:56:00
5,Starved,2026-03-19 19:56:00,2026-03-19 19:56:12
3,Blocked,2026-03-19 19:55:55,2026-03-19 19:56:12
2,Blocked,2026-03-19 19:55:50,2026-03-19 19:56:12
1,Blocked,2026-03-19 19:55:59,2026-03-19 19:56:12
10,Down,2026-03-19 19:54:46,2026-03-19 19:56:32
8,Running,2026-03-19 19:21:45,2026-03-19 19:56:51
8,Starved,2026-03-19 19:56:51,2026-03-19 19:56:52
6,Running,2026-03-19 19:56:00,2026-03-19 19:56:56
5,Running,2026-03-19 19:56:12,2026-03-19 19:57:05
6,Starved,2026-03-19 19:56:56,2026-03-19 19:57:05
1,Running,2026-03-19 19:56:12,2026-03-19 19:57:09
3,Running,2026-03-19 19:56:12,2026-03-19 19:57:10
5,Starved,2026-03-19 19:57:05,2026-03-19 19:57:16
3,Blocked,2026-03-19 19:57:10,2026-03-19 19:57:16
1,Blocked,2026-03-19 19:57:09,2026-03-19 19:57:17
11,Starved,2026-03-19 19:55:48,2026-03-19 19:57:30
6,Running,2026-03-19 19:57:05,2026-03-19 19:57:56
3,Running,2026-03-19 19:57:16,2026-03-19 19:58:11
5,Running,2026-03-19 19:57:16,2026-03-19 19:58:12
6,Starved,2026-03-19 19:57:56,2026-03-19 19:58:12
1,Running,2026-03-19 19:57:17,2026-03-19 19:58:18
2,Running,2026-03-19 19:56:12,2026-03-19 19:58:19
11,Running,2026-03-19 19:57:30,2026-03-19 19:58:22
5,Starved,2026-03-19 19:58:12,2026-03-19 19:58:31
3,Blocked,2026-03-19 19:58:11,2026-03-19 19:58:31
2,Blocked,2026-03-19 19:58:19,2026-03-19 19:58:31
1,Blocked,2026-03-19 19:58:18,2026-03-19 19:58:31
11,Starved,2026-03-19 19:58:22,2026-03-19 19:58:36
6,Running,2026-03-19 19:58:12,2026-03-19 19:59:00
11,Running,2026-03-19 19:58:36,2026-03-19 19:59:33
1,Running,2026-03-19 19:58:31,2026-03-19 19:59:33
2,Running,2026-03-19 19:58:31,2026-03-19 19:59:33
3,Running,2026-03-19 19:58:31,2026-03-19 19:59:36
5,Running,2026-03-19 19:58:31,2026-03-19 19:59:36
6,Starved,2026-03-19 19:59:00,2026-03-19 19:59:36
11,Starved,2026-03-19 19:59:33,2026-03-19 19:59:45
5,Starved,2026-03-19 19:59:36,2026-03-19 19:59:54
3,Blocked,2026-03-19 19:59:36,2026-03-19 19:59:54
2,Blocked,2026-03-19 19:59:33,2026-03-19 19:59:54
1,Blocked,2026-03-19 19:59:33,2026-03-19 19:59:54
6,Running,2026-03-19 19:59:36,2026-03-19 20:00:38
5,Running,2026-03-19 19:59:54,2026-03-19 20:00:48
6,Starved,2026-03-19 20:00:38,2026-03-19 20:00:48
3,Running,2026-03-19 19:59:54,2026-03-19 20:00:51
2,Running,2026-03-19 19:59:54,2026-03-19 20:00:54
1,Running,2026-03-19 19:59:54,2026-03-19 20:01:01
5,Starved,2026-03-19 20:00:48,2026-03-19 20:01:04
3,Blocked,2026-03-19 20:00:51,2026-03-19 20:01:04
2,Blocked,2026-03-19 20:00:54,2026-03-19 20:01:04
1,Blocked,2026-03-19 20:01:01,2026-03-19 20:01:04
11,Running,2026-03-19 19:59:45,2026-03-19 20:01:38
11,Starved,2026-03-19 20:01:38,2026-03-19 20:01:52
6,Running,2026-03-19 20:00:48,2026-03-19 20:01:55
1,Running,2026-03-19 20:01:04,2026-03-19 20:02:02
5,Running,2026-03-19 20:01:04,2026-03-19 20:02:02
6,Starved,2026-03-19 20:01:55,2026-03-19 20:02:02
5,Starved,2026-03-19 20:02:02,2026-03-19 20:02:04
2,Running,2026-03-19 20:01:04,2026-03-19 20:02:06
2,Blocked,2026-03-19 20:02:06,2026-03-19 20:02:11
1,Blocked,2026-03-19 20:02:02,2026-03-19 20:02:11
11,Running,2026-03-19 20:01:52,2026-03-19 20:02:48
11,Starved,2026-03-19 20:02:48,2026-03-19 20:02:53
6,Running,2026-03-19 20:02:02,2026-03-19 20:03:07
1,Running,2026-03-19 20:02:11,2026-03-19 20:03:07
6,Starved,2026-03-19 20:03:07,2026-03-19 20:03:09
2,Running,2026-03-19 20:02:11,2026-03-19 20:03:12
2,Blocked,2026-03-19 20:03:12,2026-03-19 20:03:13
1,Blocked,2026-03-19 20:03:07,2026-03-19 20:03:13
11,Running,2026-03-19 20:02:53,2026-03-19 20:03:48
11,Starved,2026-03-19 20:03:48,2026-03-19 20:03:50
8,Running,2026-03-19 19:56:52,2026-03-19 20:03:50
8,Starved,2026-03-19 20:03:50,2026-03-19 20:03:56
2,Running,2026-03-19 20:03:13,2026-03-19 20:04:11
1,Running,2026-03-19 20:03:13,2026-03-19 20:04:12
6,Running,2026-03-19 20:03:09,2026-03-19 20:04:14
6,Starved,2026-03-19 20:04:14,2026-03-19 20:04:20
2,Blocked,2026-03-19 20:04:11,2026-03-19 20:04:20
1,Blocked,2026-03-19 20:04:12,2026-03-19 20:04:20
11,Running,2026-03-19 20:03:50,2026-03-19 20:04:45
8,Running,2026-03-19 20:03:56,2026-03-19 20:04:56
8,Starved,2026-03-19 20:04:56,2026-03-19 20:04:56
11,Starved,2026-03-19 20:04:45,2026-03-19 20:04:58
3,Running,2026-03-19 20:01:04,2026-03-19 20:05:18
1,Running,2026-03-19 20:04:20,2026-03-19 20:05:20
6,Running,2026-03-19 20:04:20,2026-03-19 20:05:21
2,Running,2026-03-19 20:04:20,2026-03-19 20:05:28
5,Running,2026-03-19 20:02:04,2026-03-19 20:05:29
6,Starved,2026-03-19 20:05:21,2026-03-19 20:05:29
5,Starved,2026-03-19 20:05:29,2026-03-19 20:05:30
3,Blocked,2026-03-19 20:05:18,2026-03-19 20:05:30
2,Blocked,2026-03-19 20:05:28,2026-03-19 20:05:30
1,Blocked,2026-03-19 20:05:20,2026-03-19 20:05:30
1,Running,2026-03-19 20:05:30,2026-03-19 20:06:21
3,Running,2026-03-19 20:05:30,2026-03-19 20:06:21
6,Running,2026-03-19 20:05:29,2026-03-19 20:06:24
3,Blocked,2026-03-19 20:06:21,2026-03-19 20:06:39
6,Starved,2026-03-19 20:06:24,2026-03-19 20:06:41
1,Blocked,2026-03-19 20:06:21,2026-03-19 20:06:43
3,Running,2026-03-19 20:06:39,2026-03-19 20:07:37
3,Blocked,2026-03-19 20:07:37,2026-03-19 20:07:42
8,Running,2026-03-19 20:04:56,2026-03-19 20:07:47
1,Running,2026-03-19 20:06:43,2026-03-19 20:07:48
2,Running,2026-03-19 20:05:30,2026-03-19 20:07:48
8,Starved,2026-03-19 20:07:47,2026-03-19 20:07:54
2,Down,2026-03-19 20:07:48,2026-03-19 20:08:16
1,Blocked,2026-03-19 20:07:48,2026-03-19 20:08:16
5,Running,2026-03-19 20:05:30,2026-03-19 20:08:36
3,Running,2026-03-19 20:07:42,2026-03-19 20:08:42
5,Starved,2026-03-19 20:08:36,2026-03-19 20:08:47
3,Blocked,2026-03-19 20:08:42,2026-03-19 20:08:47
8,Running,2026-03-19 20:07:54,2026-03-19 20:08:54
8,Starved,2026-03-19 20:08:54,2026-03-19 20:09:00
11,Running,2026-03-19 20:04:58,2026-03-19 20:09:00
11,Starved,2026-03-19 20:09:00,2026-03-19 20:09:02
5,Running,2026-03-19 20:08:47,2026-03-19 20:09:49
3,Running,2026-03-19 20:08:47,2026-03-19 20:09:52
5,Starved,2026-03-19 20:09:49,2026-03-19 20:09:53
3,Blocked,2026-03-19 20:09:52,2026-03-19 20:09:53
8,Running,2026-03-19 20:09:00,2026-03-19 20:09:54
8,Starved,2026-03-19 20:09:54,2026-03-19 20:09:57
3,Running,2026-03-19 20:09:53,2026-03-19 20:10:47
5,Running,2026-03-19 20:09:53,2026-03-19 20:10:52
5,Starved,2026-03-19 20:10:52,2026-03-19 20:10:58
3,Blocked,2026-03-19 20:10:47,2026-03-19 20:10:58
6,Running,2026-03-19 20:06:41,2026-03-19 20:11:44
3,Running,2026-03-19 20:10:58,2026-03-19 20:11:52
3,Blocked,2026-03-19 20:11:52,2026-03-19 20:11:55
6,Starved,2026-03-19 20:11:44,2026-03-19 20:11:59
8,Running,2026-03-19 20:09:57,2026-03-19 20:12:08
8,Starved,2026-03-19 20:12:08,2026-03-19 20:12:13
6,Running,2026-03-19 20:11:59,2026-03-19 20:13:00
6,Starved,2026-03-19 20:13:00,2026-03-19 20:13:00
8,Running,2026-03-19 20:12:13,2026-03-19 20:13:04
8,Starved,2026-03-19 20:13:04,2026-03-19 20:13:17
5,Running,2026-03-19 20:10:58,2026-03-19 20:13:52
2,Running,2026-03-19 20:08:16,2026-03-19 20:13:55
3,Running,2026-03-19 20:11:55,2026-03-19 20:14:07
5,Starved,2026-03-19 20:13:52,2026-03-19 20:14:22
3,Blocked,2026-03-19 20:14:07,2026-03-19 20:14:22
2,Blocked,2026-03-19 20:13:55,2026-03-19 20:14:22
8,Running,2026-03-19 20:13:17,2026-03-19 20:14:24
8,Starved,2026-03-19 20:14:24,2026-03-19 20:14:36
6,Running,2026-03-19 20:13:00,2026-03-19 20:14:53
2,Running,2026-03-19 20:14:22,2026-03-19 20:15:13
5,Running,2026-03-19 20:14:22,2026-03-19 20:15:21
6,Starved,2026-03-19 20:14:53,2026-03-19 20:15:21
5,Starved,2026-03-19 20:15:21,2026-03-19 20:15:30
2,Blocked,2026-03-19 20:15:13,2026-03-19 20:15:33
6,Running,2026-03-19 20:15:21,2026-03-19 20:16:12
5,Running,2026-03-19 20:15:30,2026-03-19 20:16:19
6,Starved,2026-03-19 20:16:12,2026-03-19 20:16:19
3,Running,2026-03-19 20:14:22,2026-03-19 20:16:26
1,Running,2026-03-19 20:08:16,2026-03-19 20:16:34
2,Running,2026-03-19 20:15:33,2026-03-19 20:16:38
8,Running,2026-03-19 20:14:36,2026-03-19 20:16:39
8,Starved,2026-03-19 20:16:39,2026-03-19 20:16:50
5,Starved,2026-03-19 20:16:19,2026-03-19 20:16:58
3,Blocked,2026-03-19 20:16:26,2026-03-19 20:16:58
2,Blocked,2026-03-19 20:16:38,2026-03-19 20:16:58
1,Blocked,2026-03-19 20:16:34,2026-03-19 20:16:58
6,Running,2026-03-19 20:16:19,2026-03-19 20:17:33
2,Running,2026-03-19 20:16:58,2026-03-19 20:17:50
1,Running,2026-03-19 20:16:58,2026-03-19 20:17:55
5,Running,2026-03-19 20:16:58,2026-03-19 20:17:55
6,Starved,2026-03-19 20:17:33,2026-03-19 20:17:55
3,Running,2026-03-19 20:16:58,2026-03-19 20:18:04
5,Starved,2026-03-19 20:17:55,2026-03-19 20:18:10
3,Blocked,2026-03-19 20:18:04,2026-03-19 20:18:10
2,Blocked,2026-03-19 20:17:50,2026-03-19 20:18:10
1,Blocked,2026-03-19 20:17:55,2026-03-19 20:18:10
6,Running,2026-03-19 20:17:55,2026-03-19 20:18:48
11,Running,2026-03-19 20:09:02,2026-03-19 20:18:53
11,Starved,2026-03-19 20:18:53,2026-03-19 20:19:01
5,Running,2026-03-19 20:18:10,2026-03-19 20:19:03
6,Starved,2026-03-19 20:18:48,2026-03-19 20:19:03
5,Starved,2026-03-19 20:19:03,2026-03-19 20:19:06
11,Running,2026-03-19 20:19:01,2026-03-19 20:20:03
2,Running,2026-03-19 20:18:10,2026-03-19 20:20:12
2,Blocked,2026-03-19 20:20:12,2026-03-19 20:20:12
11,Starved,2026-03-19 20:20:03,2026-03-19 20:20:14
8,Running,2026-03-19 20:16:50,2026-03-19 20:20:41
2,Running,2026-03-19 20:20:12,2026-03-19 20:21:06
11,Running,2026-03-19 20:20:14,2026-03-19 20:21:09
1,Running,2026-03-19 20:18:10,2026-03-19 20:21:12
6,Running,2026-03-19 20:19:03,2026-03-19 20:21:12
6,Starved,2026-03-19 20:21:12,2026-03-19 20:21:13
8,Starved,2026-03-19 20:20:41,2026-03-19 20:21:15
11,Starved,2026-03-19 20:21:09,2026-03-19 20:21:16
2,Blocked,2026-03-19 20:21:06,2026-03-19 20:21:22
1,Blocked,2026-03-19 20:21:12,2026-03-19 20:21:22
6,Running,2026-03-19 20:21:13,2026-03-19 20:22:07
8,Running,2026-03-19 20:21:15,2026-03-19 20:22:13
1,Running,2026-03-19 20:21:22,2026-03-19 20:22:18
1,Blocked,2026-03-19 20:22:18,2026-03-19 20:22:22
6,Starved,2026-03-19 20:22:07,2026-03-19 20:22:23
8,Starved,2026-03-19 20:22:13,2026-03-19 20:22:27
5,Running,2026-03-19 20:19:06,2026-03-19 20:23:12
5,Starved,2026-03-19 20:23:12,2026-03-19 20:23:13
2,Running,2026-03-19 20:21:22,2026-03-19 20:23:18
1,Running,2026-03-19 20:22:22,2026-03-19 20:23:22
2,Blocked,2026-03-19 20:23:18,2026-03-19 20:23:22
1,Blocked,2026-03-19 20:23:22,2026-03-19 20:23:22
8,Running,2026-03-19 20:22:27,2026-03-19 20:23:31
8,Starved,2026-03-19 20:23:31,2026-03-19 20:23:32
5,Running,2026-03-19 20:23:13,2026-03-19 20:24:10
5,Starved,2026-03-19 20:24:10,2026-03-19 20:24:14
1,Running,2026-03-19 20:23:22,2026-03-19 20:24:15
1,Blocked,2026-03-19 20:24:15,2026-03-19 20:24:28
5,Running,2026-03-19 20:24:14,2026-03-19 20:26:08
3,Running,2026-03-19 20:18:10,2026-03-19 20:26:17
5,Starved,2026-03-19 20:26:08,2026-03-19 20:26:19
3,Blocked,2026-03-19 20:26:17,2026-03-19 20:26:19
8,Running,2026-03-19 20:23:32,2026-03-19 20:26:30
8,Starved,2026-03-19 20:26:30,2026-03-19 20:27:00
5,Running,2026-03-19 20:26:19,2026-03-19 20:27:15
3,Running,2026-03-19 20:26:19,2026-03-19 20:27:17
2,Running,2026-03-19 20:23:22,2026-03-19 20:27:29
1,Running,2026-03-19 20:24:28,2026-03-19 20:27:39
5,Starved,2026-03-19 20:27:15,2026-03-19 20:27:46
3,Blocked,2026-03-19 20:27:17,2026-03-19 20:27:46
2,Blocked,2026-03-19 20:27:29,2026-03-19 20:27:46
1,Blocked,2026-03-19 20:27:39,2026-03-19 20:27:46
8,Running,2026-03-19 20:27:00,2026-03-19 20:27:50
8,Starved,2026-03-19 20:27:50,2026-03-19 20:28:07
6,Running,2026-03-19 20:22:23,2026-03-19 20:28:19
3,Running,2026-03-19 20:27:46,2026-03-19 20:28:39
5,Running,2026-03-19 20:27:46,2026-03-19 20:28:41
6,Starved,2026-03-19 20:28:19,2026-03-19 20:28:41
2,Running,2026-03-19 20:27:46,2026-03-19 20:28:51
1,Running,2026-03-19 20:27:46,2026-03-19 20:28:55
8,Running,2026-03-19 20:28:07,2026-03-19 20:29:03
5,Starved,2026-03-19 20:28:41,2026-03-19 20:29:09
3,Blocked,2026-03-19 20:28:39,2026-03-19 20:29:09
2,Blocked,2026-03-19 20:28:51,2026-03-19 20:29:09
1,Blocked,2026-03-19 20:28:55,2026-03-19 20:29:09
8,Starved,2026-03-19 20:29:03,2026-03-19 20:29:16
6,Running,2026-03-19 20:28:41,2026-03-19 20:29:38
5,Running,2026-03-19 20:29:09,2026-03-19 20:30:06
6,Starved,2026-03-19 20:29:38,2026-03-19 20:30:06
1,Running,2026-03-19 20:29:09,2026-03-19 20:30:12
3,Running,2026-03-19 20:29:09,2026-03-19 20:30:12
2,Running,2026-03-19 20:29:09,2026-03-19 20:30:17
5,Starved,2026-03-19 20:30:06,2026-03-19 20:30:18
3,Blocked,2026-03-19 20:30:12,2026-03-19 20:30:18
2,Blocked,2026-03-19 20:30:17,2026-03-19 20:30:18
1,Blocked,2026-03-19 20:30:12,2026-03-19 20:30:18
6,Running,2026-03-19 20:30:06,2026-03-19 20:31:04
3,Running,2026-03-19 20:30:18,2026-03-19 20:31:11
2,Running,2026-03-19 20:30:18,2026-03-19 20:31:14
8,Running,2026-03-19 20:29:16,2026-03-19 20:31:15
8,Starved,2026-03-19 20:31:15,2026-03-19 20:31:18
1,Running,2026-03-19 20:30:18,2026-03-19 20:31:20
3,Blocked,2026-03-19 20:31:11,2026-03-19 20:31:26
2,Blocked,2026-03-19 20:31:14,2026-03-19 20:31:26
1,Blocked,2026-03-19 20:31:20,2026-03-19 20:31:26
6,Starved,2026-03-19 20:31:04,2026-03-19 20:31:27
8,Running,2026-03-19 20:31:18,2026-03-19 20:32:19
3,Running,2026-03-19 20:31:26,2026-03-19 20:32:20
6,Running,2026-03-19 20:31:27,2026-03-19 20:32:24
8,Starved,2026-03-19 20:32:19,2026-03-19 20:32:26
5,Running,2026-03-19 20:30:18,2026-03-19 20:32:26
6,Starved,2026-03-19 20:32:24,2026-03-19 20:32:26
10,Running,2026-03-19 19:56:32,2026-03-19 20:32:26
1,Running,2026-03-19 20:31:26,2026-03-19 20:32:30
2,Running,2026-03-19 20:31:26,2026-03-19 20:32:33
5,Starved,2026-03-19 20:32:26,2026-03-19 20:32:36
3,Blocked,2026-03-19 20:32:20,2026-03-19 20:32:36
2,Blocked,2026-03-19 20:32:33,2026-03-19 20:32:36
1,Blocked,2026-03-19 20:32:30,2026-03-19 20:32:36
6,Running,2026-03-19 20:32:26,2026-03-19 20:33:24
8,Running,2026-03-19 20:32:26,2026-03-19 20:33:26
2,Running,2026-03-19 20:32:36,2026-03-19 20:33:27
8,Starved,2026-03-19 20:33:26,2026-03-19 20:33:28
1,Running,2026-03-19 20:32:36,2026-03-19 20:33:31
6,Starved,2026-03-19 20:33:24,2026-03-19 20:33:36
2,Blocked,2026-03-19 20:33:27,2026-03-19 20:33:42
1,Blocked,2026-03-19 20:33:31,2026-03-19 20:33:42
11,Running,2026-03-19 20:21:16,2026-03-19 20:34:21
8,Running,2026-03-19 20:33:28,2026-03-19 20:34:29
8,Starved,2026-03-19 20:34:29,2026-03-19 20:34:29
1,Running,2026-03-19 20:33:42,2026-03-19 20:34:39
1,Blocked,2026-03-19 20:34:39,2026-03-19 20:34:47
10,Down,2026-03-19 20:32:26,2026-03-19 20:35:09
8,Running,2026-03-19 20:34:29,2026-03-19 20:35:20
8,Starved,2026-03-19 20:35:20,2026-03-19 20:35:53
11,Starved,2026-03-19 20:34:21,2026-03-19 20:36:10
5,Running,2026-03-19 20:32:36,2026-03-19 20:36:29
5,Starved,2026-03-19 20:36:29,2026-03-19 20:36:30
2,Running,2026-03-19 20:33:42,2026-03-19 20:36:34
2,Blocked,2026-03-19 20:36:34,2026-03-19 20:36:41
8,Running,2026-03-19 20:35:53,2026-03-19 20:36:56
8,Starved,2026-03-19 20:36:56,2026-03-19 20:37:09
11,Running,2026-03-19 20:36:10,2026-03-19 20:37:15
11,Starved,2026-03-19 20:37:15,2026-03-19 20:37:16
6,Running,2026-03-19 20:33:36,2026-03-19 20:37:22
6,Starved,2026-03-19 20:37:22,2026-03-19 20:37:31
2,Running,2026-03-19 20:36:41,2026-03-19 20:37:38
2,Blocked,2026-03-19 20:37:38,2026-03-19 20:37:48
8,Running,2026-03-19 20:37:09,2026-03-19 20:38:07
11,Running,2026-03-19 20:37:16,2026-03-19 20:38:13
11,Starved,2026-03-19 20:38:13,2026-03-19 20:38:15
8,Starved,2026-03-19 20:38:07,2026-03-19 20:38:26
6,Running,2026-03-19 20:37:31,2026-03-19 20:38:28
6,Starved,2026-03-19 20:38:28,2026-03-19 20:38:35
2,Running,2026-03-19 20:37:48,2026-03-19 20:38:43
2,Blocked,2026-03-19 20:38:43,2026-03-19 20:38:47
11,Running,2026-03-19 20:38:15,2026-03-19 20:39:13
11,Starved,2026-03-19 20:39:13,2026-03-19 20:39:18
6,Running,2026-03-19 20:38:35,2026-03-19 20:39:34
6,Starved,2026-03-19 20:39:34,2026-03-19 20:39:36
2,Running,2026-03-19 20:38:47,2026-03-19 20:39:41
2,Blocked,2026-03-19 20:39:41,2026-03-19 20:39:46
11,Running,2026-03-19 20:39:18,2026-03-19 20:40:19
8,Running,2026-03-19 20:38:26,2026-03-19 20:40:24
8,Starved,2026-03-19 20:40:24,2026-03-19 20:40:24
11,Starved,2026-03-19 20:40:19,2026-03-19 20:40:29
2,Running,2026-03-19 20:39:46,2026-03-19 20:40:43
2,Blocked,2026-03-19 20:40:43,2026-03-19 20:40:46
1,Running,2026-03-19 20:34:47,2026-03-19 20:41:08
8,Running,2026-03-19 20:40:24,2026-03-19 20:41:14
8,Starved,2026-03-19 20:41:14,2026-03-19 20:41:20
11,Running,2026-03-19 20:40:29,2026-03-19 20:41:34
11,Starved,2026-03-19 20:41:34,2026-03-19 20:41:35
2,Running,2026-03-19 20:40:46,2026-03-19 20:41:44
2,Blocked,2026-03-19 20:41:44,2026-03-19 20:41:48
2,Down,2026-03-19 20:41:48,2026-03-19 20:41:48
8,Running,2026-03-19 20:41:20,2026-03-19 20:42:18
1,Down,2026-03-19 20:41:08,2026-03-19 20:42:24
8,Starved,2026-03-19 20:42:18,2026-03-19 20:42:26
11,Running,2026-03-19 20:41:35,2026-03-19 20:42:34
5,Running,2026-03-19 20:36:30,2026-03-19 20:43:20
12,Running,2026-03-19 17:42:36,2026-03-19 20:43:22
5,Starved,2026-03-19 20:43:20,2026-03-19 20:43:25
8,Running,2026-03-19 20:42:26,2026-03-19 20:43:27
8,Starved,2026-03-19 20:43:27,2026-03-19 20:43:35
2,Running,2026-03-19 20:41:48,2026-03-19 20:43:51
5,Running,2026-03-19 20:43:25,2026-03-19 20:44:18
8,Running,2026-03-19 20:43:35,2026-03-19 20:44:39
5,Starved,2026-03-19 20:44:18,2026-03-19 20:44:41
8,Starved,2026-03-19 20:44:39,2026-03-19 20:44:50
1,Running,2026-03-19 20:42:24,2026-03-19 20:45:06
5,Running,2026-03-19 20:44:41,2026-03-19 20:46:37
3,Running,2026-03-19 20:32:36,2026-03-19 20:46:40
5,Starved,2026-03-19 20:46:37,2026-03-19 20:46:51
3,Blocked,2026-03-19 20:46:40,2026-03-19 20:46:51
12,Down,2026-03-19 20:43:22,2026-03-19 20:47:17
5,Running,2026-03-19 20:46:51,2026-03-19 20:47:46
3,Running,2026-03-19 20:46:51,2026-03-19 20:47:56
8,Running,2026-03-19 20:44:50,2026-03-19 20:48:04
5,Starved,2026-03-19 20:47:46,2026-03-19 20:48:05
3,Blocked,2026-03-19 20:47:56,2026-03-19 20:48:05
8,Starved,2026-03-19 20:48:04,2026-03-19 20:48:07
3,Running,2026-03-19 20:48:05,2026-03-19 20:48:55
8,Running,2026-03-19 20:48:07,2026-03-19 20:48:57
3,Blocked,2026-03-19 20:48:55,2026-03-19 20:49:00
6,Running,2026-03-19 20:39:36,2026-03-19 20:49:03
6,Starved,2026-03-19 20:49:03,2026-03-19 20:49:05
8,Starved,2026-03-19 20:48:57,2026-03-19 20:49:25
12,Running,2026-03-19 20:47:17,2026-03-19 20:49:39
6,Running,2026-03-19 20:49:05,2026-03-19 20:50:06
6,Starved,2026-03-19 20:50:06,2026-03-19 20:50:10
8,Running,2026-03-19 20:49:25,2026-03-19 20:50:34
8,Starved,2026-03-19 20:50:34,2026-03-19 20:50:47
11,Down,2026-03-19 20:42:34,2026-03-19 20:50:56
3,Running,2026-03-19 20:49:00,2026-03-19 20:51:09
6,Running,2026-03-19 20:50:10,2026-03-19 20:51:11
5,Running,2026-03-19 20:48:05,2026-03-19 20:51:15
6,Starved,2026-03-19 20:51:11,2026-03-19 20:51:15
5,Starved,2026-03-19 20:51:15,2026-03-19 20:51:15
3,Blocked,2026-03-19 20:51:09,2026-03-19 20:51:15
8,Running,2026-03-19 20:50:47,2026-03-19 20:51:40
12,Starved,2026-03-19 20:49:39,2026-03-19 20:51:56
8,Starved,2026-03-19 20:51:40,2026-03-19 20:51:58
5,Running,2026-03-19 20:51:15,2026-03-19 20:52:19
3,Running,2026-03-19 20:51:15,2026-03-19 20:52:19
5,Starved,2026-03-19 20:52:19,2026-03-19 20:52:21
3,Blocked,2026-03-19 20:52:19,2026-03-19 20:52:21
8,Running,2026-03-19 20:51:58,2026-03-19 20:52:58
8,Starved,2026-03-19 20:52:58,2026-03-19 20:53:04
6,Running,2026-03-19 20:51:15,2026-03-19 20:53:18
6,Starved,2026-03-19 20:53:18,2026-03-19 20:53:22
6,Running,2026-03-19 20:53:22,2026-03-19 20:54:16
8,Running,2026-03-19 20:53:04,2026-03-19 20:54:16
8,Starved,2026-03-19 20:54:16,2026-03-19 20:54:17
5,Running,2026-03-19 20:52:21,2026-03-19 20:54:18
6,Starved,2026-03-19 20:54:16,2026-03-19 20:54:18
8,Running,2026-03-19 20:54:17,2026-03-19 20:55:14
8,Starved,2026-03-19 20:55:14,2026-03-19 20:55:24
6,Running,2026-03-19 20:54:18,2026-03-19 20:55:28
3,Running,2026-03-19 20:52:21,2026-03-19 20:57:23
3,Down,2026-03-19 20:57:23,2026-03-19 20:57:57
9,Running,2026-03-19 19:24:55,2026-03-19 20:59:12
5,Down,2026-03-19 20:54:18,2026-03-19 20:59:23
2,Down,2026-03-19 20:43:51,2026-03-19 20:59:23
1,Blocked,2026-03-19 20:45:06,2026-03-19 20:59:23
3,Running,2026-03-19 20:57:57,2026-03-19 21:00:08
3,Starved,2026-03-19 21:00:08,2026-03-19 21:00:25
6,Starved,2026-03-19 20:55:28,2026-03-19 21:00:27
7,Running,2026-03-19 19:06:02,2026-03-19 21:00:30
3,Running,2026-03-19 21:00:25,2026-03-19 21:01:25
1,Running,2026-03-19 20:59:23,2026-03-19 21:01:28
3,Starved,2026-03-19 21:01:25,2026-03-19 21:01:28
1,Blocked,2026-03-19 21:01:28,2026-03-19 21:01:28
6,Running,2026-03-19 21:00:27,2026-03-19 21:01:31
6,Starved,2026-03-19 21:01:31,2026-03-19 21:01:32
10,Running,2026-03-19 20:35:09,2026-03-19 21:01:38
8,Running,2026-03-19 20:55:24,2026-03-19 21:01:52
7,Down,2026-03-19 21:00:30,2026-03-19 21:01:58
3,Running,2026-03-19 21:01:28,2026-03-19 21:02:23
1,Running,2026-03-19 21:01:28,2026-03-19 21:02:24
3,Starved,2026-03-19 21:02:23,2026-03-19 21:02:28
1,Blocked,2026-03-19 21:02:24,2026-03-19 21:02:28
6,Running,2026-03-19 21:01:32,2026-03-19 21:02:35
6,Starved,2026-03-19 21:02:35,2026-03-19 21:02:37
8,Starved,2026-03-19 21:01:52,2026-03-19 21:02:51
2,Running,2026-03-19 20:59:23,2026-03-19 21:03:18
6,Running,2026-03-19 21:02:37,2026-03-19 21:03:25
6,Starved,2026-03-19 21:03:25,2026-03-19 21:03:32
1,Running,2026-03-19 21:02:28,2026-03-19 21:03:33
3,Running,2026-03-19 21:02:28,2026-03-19 21:04:25
6,Running,2026-03-19 21:03:32,2026-03-19 21:04:26
6,Starved,2026-03-19 21:04:26,2026-03-19 21:04:34
12,Running,2026-03-19 20:51:56,2026-03-19 21:05:47
12,Starved,2026-03-19 21:05:47,2026-03-19 21:05:49
12,Running,2026-03-19 21:05:49,2026-03-19 21:06:48
12,Starved,2026-03-19 21:06:48,2026-03-19 21:06:51
2,Down,2026-03-19 21:03:18,2026-03-19 21:07:49
1,Blocked,2026-03-19 21:03:33,2026-03-19 21:07:49
9,Down,2026-03-19 20:59:12,2026-03-19 21:07:50
8,Running,2026-03-19 21:02:51,2026-03-19 21:08:00
8,Starved,2026-03-19 21:08:00,2026-03-19 21:08:20
10,Starved,2026-03-19 21:01:38,2026-03-19 21:08:46
3,Starved,2026-03-19 21:04:25,2026-03-19 21:08:48
3,Running,2026-03-19 21:08:48,2026-03-19 21:09:38
12,Running,2026-03-19 21:06:51,2026-03-19 21:09:46
3,Starved,2026-03-19 21:09:38,2026-03-19 21:09:46
12,Starved,2026-03-19 21:09:46,2026-03-19 21:09:50
12,Running,2026-03-19 21:09:50,2026-03-19 21:10:44
3,Running,2026-03-19 21:09:46,2026-03-19 21:10:44
12,Starved,2026-03-19 21:10:44,2026-03-19 21:10:47
3,Starved,2026-03-19 21:10:44,2026-03-19 21:10:57
6,Running,2026-03-19 21:04:34,2026-03-19 21:11:23
6,Starved,2026-03-19 21:11:23,2026-03-19 21:11:25
3,Running,2026-03-19 21:10:57,2026-03-19 21:11:59
1,Running,2026-03-19 21:07:49,2026-03-19 21:12:02
3,Starved,2026-03-19 21:11:59,2026-03-19 21:12:05
1,Blocked,2026-03-19 21:12:02,2026-03-19 21:12:05
6,Running,2026-03-19 21:11:25,2026-03-19 21:12:19
8,Running,2026-03-19 21:08:20,2026-03-19 21:12:24
8,Starved,2026-03-19 21:12:24,2026-03-19 21:12:25
6,Starved,2026-03-19 21:12:19,2026-03-19 21:12:30
3,Running,2026-03-19 21:12:05,2026-03-19 21:13:00
3,Starved,2026-03-19 21:13:00,2026-03-19 21:13:01
8,Running,2026-03-19 21:12:25,2026-03-19 21:13:25
8,Starved,2026-03-19 21:13:25,2026-03-19 21:13:29
5,Running,2026-03-19 20:59:23,2026-03-19 21:13:35
3,Running,2026-03-19 21:13:01,2026-03-19 21:13:54
3,Starved,2026-03-19 21:13:54,2026-03-19 21:14:06
8,Running,2026-03-19 21:13:29,2026-03-19 21:14:24
8,Starved,2026-03-19 21:14:24,2026-03-19 21:14:38
6,Running,2026-03-19 21:12:30,2026-03-19 21:14:48
8,Running,2026-03-19 21:14:38,2026-03-19 21:15:38
8,Starved,2026-03-19 21:15:38,2026-03-19 21:15:44
8,Running,2026-03-19 21:15:44,2026-03-19 21:16:47
8,Starved,2026-03-19 21:16:47,2026-03-19 21:16:55
3,Running,2026-03-19 21:14:06,2026-03-19 21:17:04
3,Starved,2026-03-19 21:17:04,2026-03-19 21:17:05
5,Down,2026-03-19 21:13:35,2026-03-19 21:17:31
8,Running,2026-03-19 21:16:55,2026-03-19 21:17:54
8,Starved,2026-03-19 21:17:54,2026-03-19 21:17:57
10,Running,2026-03-19 21:08:46,2026-03-19 21:18:13
10,Starved,2026-03-19 21:18:13,2026-03-19 21:18:18
6,Starved,2026-03-19 21:14:48,2026-03-19 21:18:31
8,Running,2026-03-19 21:17:57,2026-03-19 21:19:00
8,Starved,2026-03-19 21:19:00,2026-03-19 21:19:05
3,Running,2026-03-19 21:17:05,2026-03-19 21:19:05
3,Starved,2026-03-19 21:19:05,2026-03-19 21:19:10
6,Running,2026-03-19 21:18:31,2026-03-19 21:19:22
6,Starved,2026-03-19 21:19:22,2026-03-19 21:19:30
12,Running,2026-03-19 21:10:47,2026-03-19 21:20:01
8,Running,2026-03-19 21:19:05,2026-03-19 21:20:02
12,Starved,2026-03-19 21:20:01,2026-03-19 21:20:05
8,Starved,2026-03-19 21:20:02,2026-03-19 21:20:12
10,Running,2026-03-19 21:18:18,2026-03-19 21:20:18
6,Running,2026-03-19 21:19:30,2026-03-19 21:20:23
10,Starved,2026-03-19 21:20:18,2026-03-19 21:20:29
6,Starved,2026-03-19 21:20:23,2026-03-19 21:20:29
12,Running,2026-03-19 21:20:05,2026-03-19 21:20:57
12,Starved,2026-03-19 21:20:57,2026-03-19 21:21:07
1,Running,2026-03-19 21:12:05,2026-03-19 21:21:15
8,Running,2026-03-19 21:20:12,2026-03-19 21:21:20
8,Starved,2026-03-19 21:21:20,2026-03-19 21:21:20
10,Running,2026-03-19 21:20:29,2026-03-19 21:21:22
10,Starved,2026-03-19 21:21:22,2026-03-19 21:21:26
12,Running,2026-03-19 21:21:07,2026-03-19 21:22:05
12,Starved,2026-03-19 21:22:05,2026-03-19 21:22:11
1,Down,2026-03-19 21:21:15,2026-03-19 21:22:22
12,Running,2026-03-19 21:22:11,2026-03-19 21:23:10
12,Starved,2026-03-19 21:23:10,2026-03-19 21:23:11
3,Running,2026-03-19 21:19:10,2026-03-19 21:23:17
10,Running,2026-03-19 21:21:26,2026-03-19 21:23:34
10,Starved,2026-03-19 21:23:34,2026-03-19 21:23:35
8,Running,2026-03-19 21:21:20,2026-03-19 21:24:16
8,Starved,2026-03-19 21:24:16,2026-03-19 21:24:29
10,Running,2026-03-19 21:23:35,2026-03-19 21:24:33
10,Starved,2026-03-19 21:24:33,2026-03-19 21:24:39
8,Running,2026-03-19 21:24:29,2026-03-19 21:27:31
8,Starved,2026-03-19 21:27:31,2026-03-19 21:27:36
10,Running,2026-03-19 21:24:39,2026-03-19 21:28:37
10,Starved,2026-03-19 21:28:37,2026-03-19 21:28:41
6,Running,2026-03-19 21:20:29,2026-03-19 21:28:43
6,Starved,2026-03-19 21:28:43,2026-03-19 21:28:50
8,Running,2026-03-19 21:27:36,2026-03-19 21:29:28
8,Starved,2026-03-19 21:29:28,2026-03-19 21:29:32
6,Running,2026-03-19 21:28:50,2026-03-19 21:29:45
6,Starved,2026-03-19 21:29:45,2026-03-19 21:29:47
4,Running,2026-03-19 18:44:19,2026-03-19 21:30:04
8,Running,2026-03-19 21:29:32,2026-03-19 21:30:30
8,Starved,2026-03-19 21:30:30,2026-03-19 21:30:37
10,Running,2026-03-19 21:28:41,2026-03-19 21:30:43
6,Running,2026-03-19 21:29:47,2026-03-19 21:30:43
6,Starved,2026-03-19 21:30:43,2026-03-19 21:30:45
10,Starved,2026-03-19 21:30:43,2026-03-19 21:30:48
6,Running,2026-03-19 21:30:45,2026-03-19 21:31:37
6,Starved,2026-03-19 21:31:37,2026-03-19 21:31:53
6,Running,2026-03-19 21:31:53,2026-03-19 21:32:54
6,Starved,2026-03-19 21:32:54,2026-03-19 21:33:01
10,Running,2026-03-19 21:30:48,2026-03-19 21:33:35
8,Running,2026-03-19 21:30:37,2026-03-19 21:33:40
10,Starved,2026-03-19 21:33:35,2026-03-19 21:33:48
7,Running,2026-03-19 21:01:58,2026-03-19 21:33:50
8,Starved,2026-03-19 21:33:40,2026-03-19 21:33:50
6,Running,2026-03-19 21:33:01,2026-03-19 21:33:59
6,Starved,2026-03-19 21:33:59,2026-03-19 21:34:03
10,Running,2026-03-19 21:33:48,2026-03-19 21:34:38
6,Running,2026-03-19 21:34:03,2026-03-19 21:34:55
10,Starved,2026-03-19 21:34:38,2026-03-19 21:34:59
6,Starved,2026-03-19 21:34:55,2026-03-19 21:35:01
8,Running,2026-03-19 21:33:50,2026-03-19 21:35:02
12,Running,2026-03-19 21:23:11,2026-03-19 21:35:27
12,Starved,2026-03-19 21:35:27,2026-03-19 21:35:32
2,Running,2026-03-19 21:07:49,2026-03-19 21:36:38
10,Running,2026-03-19 21:34:59,2026-03-19 21:36:59
10,Starved,2026-03-19 21:36:59,2026-03-19 21:37:01
1,Running,2026-03-19 21:22:22,2026-03-19 21:37:52
5,Running,2026-03-19 21:17:31,2026-03-19 21:37:55
10,Running,2026-03-19 21:37:01,2026-03-19 21:37:59
10,Starved,2026-03-19 21:37:59,2026-03-19 21:38:03
10,Running,2026-03-19 21:38:03,2026-03-19 21:38:58
10,Starved,2026-03-19 21:38:58,2026-03-19 21:39:03
6,Running,2026-03-19 21:35:01,2026-03-19 21:39:06
10,Running,2026-03-19 21:39:03,2026-03-19 21:41:08
10,Starved,2026-03-19 21:41:08,2026-03-19 21:41:19
11,Running,2026-03-19 20:50:56,2026-03-19 21:42:17
11,Starved,2026-03-19 21:42:17,2026-03-19 21:42:22
9,Running,2026-03-19 21:07:50,2026-03-19 21:43:15
10,Running,2026-03-19 21:41:19,2026-03-19 21:44:17
12,Running,2026-03-19 21:35:32,2026-03-19 21:44:30
12,Starved,2026-03-19 21:44:30,2026-03-19 21:44:30
12,Running,2026-03-19 21:44:30,2026-03-19 21:45:20
11,Running,2026-03-19 21:42:22,2026-03-19 21:45:28
12,Starved,2026-03-19 21:45:20,2026-03-19 21:45:28
12,Running,2026-03-19 21:45:28,2026-03-19 21:46:34
3,Down,2026-03-19 21:23:17,2026-03-19 21:47:35
2,Blocked,2026-03-19 21:36:38,2026-03-19 21:47:35
1,Blocked,2026-03-19 21:37:52,2026-03-19 21:47:35
4,Starved,2026-03-19 21:30:04,2026-03-19 21:48:22
4,Running,2026-03-19 21:48:22,2026-03-19 21:49:20
5,Starved,2026-03-19 21:37:55,2026-03-19 21:49:20
4,Starved,2026-03-19 21:49:20,2026-03-19 21:49:20
1,Running,2026-03-19 21:47:35,2026-03-19 21:49:32
2,Running,2026-03-19 21:47:35,2026-03-19 21:49:38
5,Running,2026-03-19 21:49:20,2026-03-19 21:50:13
6,Starved,2026-03-19 21:39:06,2026-03-19 21:50:13
5,Starved,2026-03-19 21:50:13,2026-03-19 21:50:33
6,Running,2026-03-19 21:50:13,2026-03-19 21:51:11
6,Starved,2026-03-19 21:51:11,2026-03-19 21:51:42
6,Running,2026-03-19 21:51:42,2026-03-19 21:52:37
7,Down,2026-03-19 21:33:50,2026-03-19 21:52:42
6,Starved,2026-03-19 21:52:37,2026-03-19 21:52:48
8,Starved,2026-03-19 21:35:02,2026-03-19 21:53:34
9,Starved,2026-03-19 21:43:15,2026-03-19 21:54:32
5,Running,2026-03-19 21:50:33,2026-03-19 21:54:49
5,Starved,2026-03-19 21:54:49,2026-03-19 21:54:52
10,Starved,2026-03-19 21:44:17,2026-03-19 21:55:37
6,Running,2026-03-19 21:52:48,2026-03-19 21:55:52
6,Starved,2026-03-19 21:55:52,2026-03-19 21:55:54
2,Down,2026-03-19 21:49:38,2026-03-19 21:55:56
1,Blocked,2026-03-19 21:49:32,2026-03-19 21:55:56
8,Running,2026-03-19 21:53:34,2026-03-19 21:56:29
10,Running,2026-03-19 21:55:37,2026-03-19 21:56:31
11,Starved,2026-03-19 21:45:28,2026-03-19 21:56:31
10,Starved,2026-03-19 21:56:31,2026-03-19 21:56:42
8,Starved,2026-03-19 21:56:29,2026-03-19 21:56:43
5,Running,2026-03-19 21:54:52,2026-03-19 21:56:48
1,Running,2026-03-19 21:55:56,2026-03-19 21:56:56
1,Blocked,2026-03-19 21:56:56,2026-03-19 21:57:02
5,Starved,2026-03-19 21:56:48,2026-03-19 21:57:02
11,Running,2026-03-19 21:56:31,2026-03-19 21:57:22
12,Starved,2026-03-19 21:46:34,2026-03-19 21:57:22
9,Running,2026-03-19 21:54:32,2026-03-19 21:57:47
11,Starved,2026-03-19 21:57:22,2026-03-19 21:57:50
6,Running,2026-03-19 21:55:54,2026-03-19 21:57:52
9,Starved,2026-03-19 21:57:47,2026-03-19 21:57:52
6,Starved,2026-03-19 21:57:52,2026-03-19 21:58:07
12,Running,2026-03-19 21:57:22,2026-03-19 21:58:28
11,Running,2026-03-19 21:57:50,2026-03-19 21:58:41
12,Starved,2026-03-19 21:58:28,2026-03-19 21:58:41
10,Running,2026-03-19 21:56:42,2026-03-19 21:58:48
11,Starved,2026-03-19 21:58:41,2026-03-19 21:58:48
9,Running,2026-03-19 21:57:52,2026-03-19 21:58:53
10,Starved,2026-03-19 21:58:48,2026-03-19 21:58:53
9,Starved,2026-03-19 21:58:53,2026-03-19 21:58:57
5,Running,2026-03-19 21:57:02,2026-03-19 21:59:10
5,Starved,2026-03-19 21:59:10,2026-03-19 21:59:39
9,Running,2026-03-19 21:58:57,2026-03-19 21:59:43
12,Running,2026-03-19 21:58:41,2026-03-19 21:59:47
11,Running,2026-03-19 21:58:48,2026-03-19 21:59:52
12,Starved,2026-03-19 21:59:47,2026-03-19 21:59:52
9,Starved,2026-03-19 21:59:43,2026-03-19 21:59:55
11,Starved,2026-03-19 21:59:52,2026-03-19 21:59:56
6,Running,2026-03-19 21:58:07,2026-03-19 22:00:15
5,Running,2026-03-19 21:59:39,2026-03-19 22:00:34
6,Starved,2026-03-19 22:00:15,2026-03-19 22:00:34
5,Starved,2026-03-19 22:00:34,2026-03-19 22:00:46
12,Running,2026-03-19 21:59:52,2026-03-19 22:00:49
11,Running,2026-03-19 21:59:56,2026-03-19 22:00:55
12,Starved,2026-03-19 22:00:49,2026-03-19 22:00:55
11,Starved,2026-03-19 22:00:55,2026-03-19 22:00:57
6,Running,2026-03-19 22:00:34,2026-03-19 22:01:31
9,Running,2026-03-19 21:59:55,2026-03-19 22:01:47
6,Starved,2026-03-19 22:01:31,2026-03-19 22:01:50
9,Starved,2026-03-19 22:01:47,2026-03-19 22:01:55
11,Running,2026-03-19 22:00:57,2026-03-19 22:01:58
11,Starved,2026-03-19 22:01:58,2026-03-19 22:02:06
5,Running,2026-03-19 22:00:46,2026-03-19 22:02:38
12,Running,2026-03-19 22:00:55,2026-03-19 22:03:04
5,Starved,2026-03-19 22:02:38,2026-03-19 22:03:08
12,Starved,2026-03-19 22:03:04,2026-03-19 22:03:10
6,Running,2026-03-19 22:01:50,2026-03-19 22:03:46
8,Running,2026-03-19 21:56:43,2026-03-19 22:03:50
8,Starved,2026-03-19 22:03:50,2026-03-19 22:03:53
10,Running,2026-03-19 21:58:53,2026-03-19 22:03:57
10,Starved,2026-03-19 22:03:57,2026-03-19 22:03:59
5,Running,2026-03-19 22:03:08,2026-03-19 22:04:12
6,Starved,2026-03-19 22:03:46,2026-03-19 22:04:12
5,Starved,2026-03-19 22:04:12,2026-03-19 22:04:16
6,Running,2026-03-19 22:04:12,2026-03-19 22:05:03
5,Running,2026-03-19 22:04:16,2026-03-19 22:05:14
6,Starved,2026-03-19 22:05:03,2026-03-19 22:05:14
5,Starved,2026-03-19 22:05:14,2026-03-19 22:05:29
3,Running,2026-03-19 21:47:35,2026-03-19 22:05:37
11,Running,2026-03-19 22:02:06,2026-03-19 22:06:00
10,Running,2026-03-19 22:03:59,2026-03-19 22:06:10
11,Starved,2026-03-19 22:06:00,2026-03-19 22:06:10
10,Starved,2026-03-19 22:06:10,2026-03-19 22:06:14
6,Running,2026-03-19 22:05:14,2026-03-19 22:06:15
6,Starved,2026-03-19 22:06:15,2026-03-19 22:06:36
11,Running,2026-03-19 22:06:10,2026-03-19 22:07:05
10,Running,2026-03-19 22:06:14,2026-03-19 22:07:07
11,Starved,2026-03-19 22:07:05,2026-03-19 22:07:07
10,Starved,2026-03-19 22:07:07,2026-03-19 22:07:14
6,Running,2026-03-19 22:06:36,2026-03-19 22:07:30
5,Running,2026-03-19 22:05:29,2026-03-19 22:07:37
6,Starved,2026-03-19 22:07:30,2026-03-19 22:07:37
5,Starved,2026-03-19 22:07:37,2026-03-19 22:07:42
11,Running,2026-03-19 22:07:07,2026-03-19 22:08:10
11,Starved,2026-03-19 22:08:10,2026-03-19 22:08:18
5,Running,2026-03-19 22:07:42,2026-03-19 22:08:31
4,Running,2026-03-19 21:49:20,2026-03-19 22:08:34
5,Starved,2026-03-19 22:08:31,2026-03-19 22:08:34
9,Running,2026-03-19 22:01:55,2026-03-19 22:08:58
11,Running,2026-03-19 22:08:18,2026-03-19 22:09:06
11,Starved,2026-03-19 22:09:06,2026-03-19 22:09:10
8,Running,2026-03-19 22:03:53,2026-03-19 22:09:10
9,Starved,2026-03-19 22:08:58,2026-03-19 22:09:10
8,Starved,2026-03-19 22:09:10,2026-03-19 22:09:23
6,Running,2026-03-19 22:07:37,2026-03-19 22:09:28
5,Running,2026-03-19 22:08:34,2026-03-19 22:09:33
6,Starved,2026-03-19 22:09:28,2026-03-19 22:09:33
12,Running,2026-03-19 22:03:10,2026-03-19 22:10:06
10,Running,2026-03-19 22:07:14,2026-03-19 22:10:15
12,Starved,2026-03-19 22:10:06,2026-03-19 22:10:16
9,Running,2026-03-19 22:09:10,2026-03-19 22:10:21
10,Starved,2026-03-19 22:10:15,2026-03-19 22:10:21
8,Running,2026-03-19 22:09:23,2026-03-19 22:10:25
9,Starved,2026-03-19 22:10:21,2026-03-19 22:10:25
6,Running,2026-03-19 22:09:33,2026-03-19 22:10:26
8,Starved,2026-03-19 22:10:25,2026-03-19 22:10:41
12,Running,2026-03-19 22:10:16,2026-03-19 22:11:20
10,Running,2026-03-19 22:10:21,2026-03-19 22:11:24
12,Starved,2026-03-19 22:11:20,2026-03-19 22:11:29
2,Running,2026-03-19 21:55:56,2026-03-19 22:11:30
9,Running,2026-03-19 22:10:25,2026-03-19 22:11:38
10,Starved,2026-03-19 22:11:24,2026-03-19 22:11:38
9,Starved,2026-03-19 22:11:38,2026-03-19 22:11:46
1,Running,2026-03-19 21:57:02,2026-03-19 22:11:57
12,Running,2026-03-19 22:11:29,2026-03-19 22:12:29
11,Running,2026-03-19 22:09:10,2026-03-19 22:12:34
12,Starved,2026-03-19 22:12:29,2026-03-19 22:12:34
10,Running,2026-03-19 22:11:38,2026-03-19 22:12:39
11,Starved,2026-03-19 22:12:34,2026-03-19 22:12:39
10,Starved,2026-03-19 22:12:39,2026-03-19 22:13:15
12,Running,2026-03-19 22:12:34,2026-03-19 22:13:37
11,Running,2026-03-19 22:12:39,2026-03-19 22:13:51
12,Starved,2026-03-19 22:13:37,2026-03-19 22:13:51
10,Running,2026-03-19 22:13:15,2026-03-19 22:14:16
11,Starved,2026-03-19 22:13:51,2026-03-19 22:14:16
10,Starved,2026-03-19 22:14:16,2026-03-19 22:14:17
12,Running,2026-03-19 22:13:51,2026-03-19 22:14:47
11,Running,2026-03-19 22:14:16,2026-03-19 22:15:14
12,Starved,2026-03-19 22:14:47,2026-03-19 22:15:14
10,Running,2026-03-19 22:14:17,2026-03-19 22:15:24
11,Starved,2026-03-19 22:15:14,2026-03-19 22:15:24
10,Starved,2026-03-19 22:15:24,2026-03-19 22:15:28
12,Running,2026-03-19 22:15:14,2026-03-19 22:16:05
11,Running,2026-03-19 22:15:24,2026-03-19 22:16:28
12,Starved,2026-03-19 22:16:05,2026-03-19 22:16:28
10,Running,2026-03-19 22:15:28,2026-03-19 22:16:36
11,Starved,2026-03-19 22:16:28,2026-03-19 22:16:36
10,Starved,2026-03-19 22:16:36,2026-03-19 22:16:50
12,Running,2026-03-19 22:16:28,2026-03-19 22:17:20
11,Running,2026-03-19 22:16:36,2026-03-19 22:17:28
12,Starved,2026-03-19 22:17:20,2026-03-19 22:17:28
8,Running,2026-03-19 22:10:41,2026-03-19 22:17:46
8,Starved,2026-03-19 22:17:46,2026-03-19 22:17:49
11,Starved,2026-03-19 22:17:28,2026-03-19 22:17:52
12,Running,2026-03-19 22:17:28,2026-03-19 22:18:25
11,Running,2026-03-19 22:17:52,2026-03-19 22:18:48
12,Starved,2026-03-19 22:18:25,2026-03-19 22:18:48
3,Down,2026-03-19 22:05:37,2026-03-19 22:18:49
2,Blocked,2026-03-19 22:11:30,2026-03-19 22:18:49
1,Blocked,2026-03-19 22:11:57,2026-03-19 22:18:49
8,Running,2026-03-19 22:17:49,2026-03-19 22:18:52
8,Starved,2026-03-19 22:18:52,2026-03-19 22:18:52
11,Starved,2026-03-19 22:18:48,2026-03-19 22:18:55
12,Running,2026-03-19 22:18:48,2026-03-19 22:19:38
2,Running,2026-03-19 22:18:49,2026-03-19 22:19:38
4,Starved,2026-03-19 22:08:34,2026-03-19 22:19:46
2,Blocked,2026-03-19 22:19:38,2026-03-19 22:19:46
11,Running,2026-03-19 22:18:55,2026-03-19 22:19:51
12,Starved,2026-03-19 22:19:38,2026-03-19 22:19:51
1,Running,2026-03-19 22:18:49,2026-03-19 22:20:01
8,Running,2026-03-19 22:18:52,2026-03-19 22:20:01
8,Starved,2026-03-19 22:20:01,2026-03-19 22:20:02
11,Starved,2026-03-19 22:19:51,2026-03-19 22:20:08
12,Running,2026-03-19 22:19:51,2026-03-19 22:20:42
5,Starved,2026-03-19 22:09:33,2026-03-19 22:20:58
8,Running,2026-03-19 22:20:02,2026-03-19 22:21:09
12,Starved,2026-03-19 22:20:42,2026-03-19 22:21:09
8,Starved,2026-03-19 22:21:09,2026-03-19 22:21:21
2,Running,2026-03-19 22:19:46,2026-03-19 22:21:42
2,Blocked,2026-03-19 22:21:42,2026-03-19 22:21:46
5,Running,2026-03-19 22:20:58,2026-03-19 22:22:04
6,Starved,2026-03-19 22:10:26,2026-03-19 22:22:04
12,Running,2026-03-19 22:21:09,2026-03-19 22:22:10
8,Running,2026-03-19 22:21:21,2026-03-19 22:22:13
12,Starved,2026-03-19 22:22:10,2026-03-19 22:22:14
5,Starved,2026-03-19 22:22:04,2026-03-19 22:22:20
1,Down,2026-03-19 22:20:01,2026-03-19 22:22:27
2,Running,2026-03-19 22:21:46,2026-03-19 22:22:40
2,Blocked,2026-03-19 22:22:40,2026-03-19 22:22:45
8,Starved,2026-03-19 22:22:13,2026-03-19 22:22:49
6,Running,2026-03-19 22:22:04,2026-03-19 22:22:56
12,Running,2026-03-19 22:22:14,2026-03-19 22:23:15
12,Starved,2026-03-19 22:23:15,2026-03-19 22:23:18
5,Running,2026-03-19 22:22:20,2026-03-19 22:23:28
6,Starved,2026-03-19 22:22:56,2026-03-19 22:23:28
2,Running,2026-03-19 22:22:45,2026-03-19 22:23:35
2,Blocked,2026-03-19 22:23:35,2026-03-19 22:23:45
5,Starved,2026-03-19 22:23:28,2026-03-19 22:23:51
9,Running,2026-03-19 22:11:46,2026-03-19 22:23:51
8,Running,2026-03-19 22:22:49,2026-03-19 22:23:55
9,Starved,2026-03-19 22:23:51,2026-03-19 22:23:55
8,Starved,2026-03-19 22:23:55,2026-03-19 22:24:00
6,Running,2026-03-19 22:23:28,2026-03-19 22:24:30
2,Running,2026-03-19 22:23:45,2026-03-19 22:24:43
2,Blocked,2026-03-19 22:24:43,2026-03-19 22:24:50
6,Starved,2026-03-19 22:24:30,2026-03-19 22:24:55
10,Running,2026-03-19 22:16:50,2026-03-19 22:25:01
9,Running,2026-03-19 22:23:55,2026-03-19 22:25:03
10,Starved,2026-03-19 22:25:01,2026-03-19 22:25:03
8,Running,2026-03-19 22:24:00,2026-03-19 22:25:07
9,Starved,2026-03-19 22:25:03,2026-03-19 22:25:07
7,Running,2026-03-19 21:52:42,2026-03-19 22:25:08
8,Starved,2026-03-19 22:25:07,2026-03-19 22:25:08
12,Running,2026-03-19 22:23:18,2026-03-19 22:25:20
12,Starved,2026-03-19 22:25:20,2026-03-19 22:25:24
7,Down,2026-03-19 22:25:08,2026-03-19 22:25:30
2,Running,2026-03-19 22:24:50,2026-03-19 22:25:45
5,Running,2026-03-19 22:23:51,2026-03-19 22:25:51
2,Blocked,2026-03-19 22:25:45,2026-03-19 22:25:55
5,Starved,2026-03-19 22:25:51,2026-03-19 22:25:59
9,Running,2026-03-19 22:25:07,2026-03-19 22:26:04
8,Running,2026-03-19 22:25:08,2026-03-19 22:26:06
9,Starved,2026-03-19 22:26:04,2026-03-19 22:26:06
12,Running,2026-03-19 22:25:24,2026-03-19 22:26:17
12,Starved,2026-03-19 22:26:17,2026-03-19 22:26:32
5,Running,2026-03-19 22:25:59,2026-03-19 22:26:52
5,Starved,2026-03-19 22:26:52,2026-03-19 22:26:58
9,Running,2026-03-19 22:26:06,2026-03-19 22:26:58
8,Starved,2026-03-19 22:26:06,2026-03-19 22:27:01
2,Running,2026-03-19 22:25:55,2026-03-19 22:27:53
2,Blocked,2026-03-19 22:27:53,2026-03-19 22:28:01
8,Running,2026-03-19 22:27:01,2026-03-19 22:28:09
9,Starved,2026-03-19 22:26:58,2026-03-19 22:28:09
8,Starved,2026-03-19 22:28:09,2026-03-19 22:28:09
10,Running,2026-03-19 22:25:03,2026-03-19 22:28:16
12,Running,2026-03-19 22:26:32,2026-03-19 22:28:27
12,Starved,2026-03-19 22:28:27,2026-03-19 22:28:41
2,Running,2026-03-19 22:28:01,2026-03-19 22:28:51
5,Running,2026-03-19 22:26:58,2026-03-19 22:28:59
8,Running,2026-03-19 22:28:09,2026-03-19 22:29:00
5,Starved,2026-03-19 22:28:59,2026-03-19 22:29:04
8,Starved,2026-03-19 22:29:00,2026-03-19 22:29:04
2,Blocked,2026-03-19 22:28:51,2026-03-19 22:29:04
10,Starved,2026-03-19 22:28:16,2026-03-19 22:29:31
11,Running,2026-03-19 22:20:08,2026-03-19 22:29:34
2,Running,2026-03-19 22:29:04,2026-03-19 22:30:02
5,Running,2026-03-19 22:29:04,2026-03-19 22:30:07
2,Blocked,2026-03-19 22:30:02,2026-03-19 22:30:08
5,Starved,2026-03-19 22:30:07,2026-03-19 22:30:09
12,Running,2026-03-19 22:28:41,2026-03-19 22:30:31
11,Starved,2026-03-19 22:29:34,2026-03-19 22:30:40
2,Running,2026-03-19 22:30:08,2026-03-19 22:31:10
6,Running,2026-03-19 22:24:55,2026-03-19 22:31:10
6,Starved,2026-03-19 22:31:10,2026-03-19 22:31:13
2,Blocked,2026-03-19 22:31:10,2026-03-19 22:31:18
11,Running,2026-03-19 22:30:40,2026-03-19 22:31:35
12,Starved,2026-03-19 22:30:31,2026-03-19 22:31:35
11,Starved,2026-03-19 22:31:35,2026-03-19 22:31:40
6,Running,2026-03-19 22:31:13,2026-03-19 22:32:14
6,Starved,2026-03-19 22:32:14,2026-03-19 22:32:16
6,Running,2026-03-19 22:32:16,2026-03-19 22:33:19
6,Starved,2026-03-19 22:33:19,2026-03-19 22:33:20
8,Running,2026-03-19 22:29:04,2026-03-19 22:33:21
8,Starved,2026-03-19 22:33:21,2026-03-19 22:33:22
12,Running,2026-03-19 22:31:35,2026-03-19 22:33:35
11,Running,2026-03-19 22:31:40,2026-03-19 22:33:41
12,Starved,2026-03-19 22:33:35,2026-03-19 22:33:41
11,Starved,2026-03-19 22:33:41,2026-03-19 22:33:42
8,Running,2026-03-19 22:33:22,2026-03-19 22:34:20
8,Starved,2026-03-19 22:34:20,2026-03-19 22:34:38
12,Running,2026-03-19 22:33:41,2026-03-19 22:34:42
12,Starved,2026-03-19 22:34:42,2026-03-19 22:34:44
9,Running,2026-03-19 22:28:09,2026-03-19 22:35:19
5,Running,2026-03-19 22:30:09,2026-03-19 22:35:22
5,Starved,2026-03-19 22:35:22,2026-03-19 22:35:30
8,Running,2026-03-19 22:34:38,2026-03-19 22:35:37
9,Starved,2026-03-19 22:35:19,2026-03-19 22:35:37
11,Running,2026-03-19 22:33:42,2026-03-19 22:35:44
11,Starved,2026-03-19 22:35:44,2026-03-19 22:35:57
8,Starved,2026-03-19 22:35:37,2026-03-19 22:36:00
5,Running,2026-03-19 22:35:30,2026-03-19 22:36:22
5,Starved,2026-03-19 22:36:22,2026-03-19 22:36:36
11,Running,2026-03-19 22:35:57,2026-03-19 22:36:45
9,Running,2026-03-19 22:35:37,2026-03-19 22:36:51
11,Starved,2026-03-19 22:36:45,2026-03-19 22:36:52
8,Running,2026-03-19 22:36:00,2026-03-19 22:36:57
9,Starved,2026-03-19 22:36:51,2026-03-19 22:36:57
8,Starved,2026-03-19 22:36:57,2026-03-19 22:37:09
6,Running,2026-03-19 22:33:20,2026-03-19 22:37:38
5,Running,2026-03-19 22:36:36,2026-03-19 22:37:39
6,Starved,2026-03-19 22:37:38,2026-03-19 22:37:39
12,Running,2026-03-19 22:34:44,2026-03-19 22:37:40
11,Running,2026-03-19 22:36:52,2026-03-19 22:37:52
12,Starved,2026-03-19 22:37:40,2026-03-19 22:37:52
10,Running,2026-03-19 22:29:31,2026-03-19 22:37:55
11,Starved,2026-03-19 22:37:52,2026-03-19 22:37:55
5,Starved,2026-03-19 22:37:39,2026-03-19 22:38:01
10,Starved,2026-03-19 22:37:55,2026-03-19 22:38:22
6,Running,2026-03-19 22:37:39,2026-03-19 22:38:39
12,Running,2026-03-19 22:37:52,2026-03-19 22:38:47
11,Running,2026-03-19 22:37:55,2026-03-19 22:39:01
12,Starved,2026-03-19 22:38:47,2026-03-19 22:39:01
5,Running,2026-03-19 22:38:01,2026-03-19 22:39:02
6,Starved,2026-03-19 22:38:39,2026-03-19 22:39:02
10,Running,2026-03-19 22:38:22,2026-03-19 22:39:20
11,Starved,2026-03-19 22:39:01,2026-03-19 22:39:20
10,Starved,2026-03-19 22:39:20,2026-03-19 22:39:23
6,Running,2026-03-19 22:39:02,2026-03-19 22:39:53
12,Running,2026-03-19 22:39:01,2026-03-19 22:39:54
5,Down,2026-03-19 22:39:02,2026-03-19 22:40:22
11,Running,2026-03-19 22:39:20,2026-03-19 22:40:23
12,Starved,2026-03-19 22:39:54,2026-03-19 22:40:23
10,Running,2026-03-19 22:39:23,2026-03-19 22:40:30
11,Starved,2026-03-19 22:40:23,2026-03-19 22:40:30
10,Starved,2026-03-19 22:40:30,2026-03-19 22:40:33
6,Starved,2026-03-19 22:39:53,2026-03-19 22:41:13
12,Running,2026-03-19 22:40:23,2026-03-19 22:41:24
11,Running,2026-03-19 22:40:30,2026-03-19 22:41:32
12,Starved,2026-03-19 22:41:24,2026-03-19 22:41:32
11,Starved,2026-03-19 22:41:32,2026-03-19 22:41:35
8,Running,2026-03-19 22:37:09,2026-03-19 22:42:05
8,Starved,2026-03-19 22:42:05,2026-03-19 22:42:12
11,Running,2026-03-19 22:41:35,2026-03-19 22:42:29
10,Running,2026-03-19 22:40:33,2026-03-19 22:42:31
11,Starved,2026-03-19 22:42:29,2026-03-19 22:42:31
10,Starved,2026-03-19 22:42:31,2026-03-19 22:42:38
8,Running,2026-03-19 22:42:12,2026-03-19 22:43:13
8,Starved,2026-03-19 22:43:13,2026-03-19 22:43:17
11,Running,2026-03-19 22:42:31,2026-03-19 22:43:26
11,Starved,2026-03-19 22:43:26,2026-03-19 22:43:42
12,Running,2026-03-19 22:41:32,2026-03-19 22:44:33
11,Running,2026-03-19 22:43:42,2026-03-19 22:44:46
12,Starved,2026-03-19 22:44:33,2026-03-19 22:44:46
10,Running,2026-03-19 22:42:38,2026-03-19 22:44:50
11,Starved,2026-03-19 22:44:46,2026-03-19 22:44:50
10,Starved,2026-03-19 22:44:50,2026-03-19 22:44:50
8,Running,2026-03-19 22:43:17,2026-03-19 22:45:23
8,Starved,2026-03-19 22:45:23,2026-03-19 22:45:31
12,Running,2026-03-19 22:44:46,2026-03-19 22:45:47
10,Running,2026-03-19 22:44:50,2026-03-19 22:45:47
12,Starved,2026-03-19 22:45:47,2026-03-19 22:45:52
10,Starved,2026-03-19 22:45:47,2026-03-19 22:45:58
6,Running,2026-03-19 22:41:13,2026-03-19 22:46:14
6,Starved,2026-03-19 22:46:14,2026-03-19 22:46:17
8,Running,2026-03-19 22:45:31,2026-03-19 22:46:18
11,Running,2026-03-19 22:44:50,2026-03-19 22:46:44
8,Starved,2026-03-19 22:46:18,2026-03-19 22:46:46
11,Starved,2026-03-19 22:46:44,2026-03-19 22:46:54
8,Running,2026-03-19 22:46:46,2026-03-19 22:47:41
8,Starved,2026-03-19 22:47:41,2026-03-19 22:47:46
12,Running,2026-03-19 22:45:52,2026-03-19 22:47:47
11,Running,2026-03-19 22:46:54,2026-03-19 22:47:50
12,Starved,2026-03-19 22:47:47,2026-03-19 22:47:50
11,Starved,2026-03-19 22:47:50,2026-03-19 22:48:01
12,Running,2026-03-19 22:47:50,2026-03-19 22:48:53
10,Running,2026-03-19 22:45:58,2026-03-19 22:48:53
9,Running,2026-03-19 22:36:57,2026-03-19 22:48:55
10,Starved,2026-03-19 22:48:53,2026-03-19 22:48:55
9,Starved,2026-03-19 22:48:55,2026-03-19 22:48:55
12,Starved,2026-03-19 22:48:53,2026-03-19 22:49:12
6,Running,2026-03-19 22:46:17,2026-03-19 22:49:17
6,Starved,2026-03-19 22:49:17,2026-03-19 22:49:20
8,Running,2026-03-19 22:47:46,2026-03-19 22:49:48
10,Running,2026-03-19 22:48:55,2026-03-19 22:49:55
10,Starved,2026-03-19 22:49:55,2026-03-19 22:49:59
8,Starved,2026-03-19 22:49:48,2026-03-19 22:50:06
6,Running,2026-03-19 22:49:20,2026-03-19 22:50:11
6,Starved,2026-03-19 22:50:11,2026-03-19 22:50:28
10,Running,2026-03-19 22:49:59,2026-03-19 22:50:57
9,Running,2026-03-19 22:48:55,2026-03-19 22:51:07
10,Starved,2026-03-19 22:50:57,2026-03-19 22:51:07
9,Starved,2026-03-19 22:51:07,2026-03-19 22:51:14
6,Running,2026-03-19 22:50:28,2026-03-19 22:51:22
6,Starved,2026-03-19 22:51:22,2026-03-19 22:51:30
10,Running,2026-03-19 22:51:07,2026-03-19 22:52:04
12,Running,2026-03-19 22:49:12,2026-03-19 22:52:16
12,Starved,2026-03-19 22:52:16,2026-03-19 22:52:18
6,Running,2026-03-19 22:51:30,2026-03-19 22:52:23
6,Starved,2026-03-19 22:52:23,2026-03-19 22:52:33
10,Starved,2026-03-19 22:52:04,2026-03-19 22:52:34
8,Running,2026-03-19 22:50:06,2026-03-19 22:53:06
8,Starved,2026-03-19 22:53:06,2026-03-19 22:53:08
11,Running,2026-03-19 22:48:01,2026-03-19 22:53:19
10,Running,2026-03-19 22:52:34,2026-03-19 22:53:33
11,Starved,2026-03-19 22:53:19,2026-03-19 22:53:33
10,Starved,2026-03-19 22:53:33,2026-03-19 22:53:38
8,Running,2026-03-19 22:53:08,2026-03-19 22:54:08
8,Starved,2026-03-19 22:54:08,2026-03-19 22:54:11
12,Running,2026-03-19 22:52:18,2026-03-19 22:54:17
10,Running,2026-03-19 22:53:38,2026-03-19 22:54:27
10,Starved,2026-03-19 22:54:27,2026-03-19 22:54:38
12,Starved,2026-03-19 22:54:17,2026-03-19 22:54:39
8,Running,2026-03-19 22:54:11,2026-03-19 22:55:06
8,Starved,2026-03-19 22:55:06,2026-03-19 22:55:10
6,Running,2026-03-19 22:52:33,2026-03-19 22:55:30
6,Starved,2026-03-19 22:55:30,2026-03-19 22:55:33
12,Running,2026-03-19 22:54:39,2026-03-19 22:55:38
11,Running,2026-03-19 22:53:33,2026-03-19 22:55:40
12,Starved,2026-03-19 22:55:38,2026-03-19 22:55:40
11,Starved,2026-03-19 22:55:40,2026-03-19 22:55:42
8,Running,2026-03-19 22:55:10,2026-03-19 22:56:12
6,Running,2026-03-19 22:55:33,2026-03-19 22:56:22
6,Starved,2026-03-19 22:56:22,2026-03-19 22:56:26
8,Starved,2026-03-19 22:56:12,2026-03-19 22:56:31
8,Running,2026-03-19 22:56:31,2026-03-19 22:57:33
8,Starved,2026-03-19 22:57:33,2026-03-19 22:57:34
11,Running,2026-03-19 22:55:42,2026-03-19 22:57:37
11,Starved,2026-03-19 22:57:37,2026-03-19 22:57:40
8,Running,2026-03-19 22:57:34,2026-03-19 22:58:29
8,Starved,2026-03-19 22:58:29,2026-03-19 22:58:44
10,Running,2026-03-19 22:54:38,2026-03-19 22:58:44
10,Starved,2026-03-19 22:58:44,2026-03-19 22:58:56
6,Running,2026-03-19 22:56:26,2026-03-19 22:59:32
8,Running,2026-03-19 22:58:44,2026-03-19 22:59:36
5,Running,2026-03-19 22:40:22,2026-03-19 22:59:42
6,Starved,2026-03-19 22:59:32,2026-03-19 22:59:42
8,Starved,2026-03-19 22:59:36,2026-03-19 22:59:50
11,Running,2026-03-19 22:57:40,2026-03-19 22:59:52
10,Running,2026-03-19 22:58:56,2026-03-19 22:59:53
11,Starved,2026-03-19 22:59:52,2026-03-19 22:59:53
10,Starved,2026-03-19 22:59:53,2026-03-19 22:59:54
5,Starved,2026-03-19 22:59:42,2026-03-19 22:59:56
6,Running,2026-03-19 22:59:42,2026-03-19 23:00:35
8,Running,2026-03-19 22:59:50,2026-03-19 23:00:46
8,Starved,2026-03-19 23:00:46,2026-03-19 23:00:47
5,Running,2026-03-19 22:59:56,2026-03-19 23:00:52
6,Starved,2026-03-19 23:00:35,2026-03-19 23:00:52
11,Running,2026-03-19 22:59:53,2026-03-19 23:00:56
10,Running,2026-03-19 22:59:54,2026-03-19 23:00:59
11,Starved,2026-03-19 23:00:56,2026-03-19 23:00:59
5,Starved,2026-03-19 23:00:52,2026-03-19 23:01:05
10,Starved,2026-03-19 23:00:59,2026-03-19 23:01:17
12,Running,2026-03-19 22:55:40,2026-03-19 23:01:54
8,Running,2026-03-19 23:00:47,2026-03-19 23:01:55
11,Running,2026-03-19 23:00:59,2026-03-19 23:01:58
12,Starved,2026-03-19 23:01:54,2026-03-19 23:01:58
6,Running,2026-03-19 23:00:52,2026-03-19 23:01:59
8,Starved,2026-03-19 23:01:55,2026-03-19 23:02:00
5,Running,2026-03-19 23:01:05,2026-03-19 23:02:02
6,Starved,2026-03-19 23:01:59,2026-03-19 23:02:02
10,Running,2026-03-19 23:01:17,2026-03-19 23:02:06
11,Starved,2026-03-19 23:01:58,2026-03-19 23:02:06
10,Starved,2026-03-19 23:02:06,2026-03-19 23:02:12
5,Starved,2026-03-19 23:02:02,2026-03-19 23:02:13
6,Running,2026-03-19 23:02:02,2026-03-19 23:02:54
12,Running,2026-03-19 23:01:58,2026-03-19 23:02:58
11,Running,2026-03-19 23:02:06,2026-03-19 23:03:01
12,Starved,2026-03-19 23:02:58,2026-03-19 23:03:01
8,Running,2026-03-19 23:02:00,2026-03-19 23:03:05
5,Running,2026-03-19 23:02:13,2026-03-19 23:03:13
6,Starved,2026-03-19 23:02:54,2026-03-19 23:03:13
11,Starved,2026-03-19 23:03:01,2026-03-19 23:03:15
8,Starved,2026-03-19 23:03:05,2026-03-19 23:03:16
5,Down,2026-03-19 23:03:13,2026-03-19 23:03:30
9,Running,2026-03-19 22:51:14,2026-03-19 23:03:59
12,Running,2026-03-19 23:03:01,2026-03-19 23:04:01
6,Running,2026-03-19 23:03:13,2026-03-19 23:04:05
8,Running,2026-03-19 23:03:16,2026-03-19 23:04:07
9,Starved,2026-03-19 23:03:59,2026-03-19 23:04:07
11,Running,2026-03-19 23:03:15,2026-03-19 23:04:16
12,Starved,2026-03-19 23:04:01,2026-03-19 23:04:16
8,Starved,2026-03-19 23:04:07,2026-03-19 23:04:17
11,Starved,2026-03-19 23:04:16,2026-03-19 23:04:23
5,Running,2026-03-19 23:03:30,2026-03-19 23:04:29
6,Starved,2026-03-19 23:04:05,2026-03-19 23:04:29
5,Starved,2026-03-19 23:04:29,2026-03-19 23:04:36
12,Running,2026-03-19 23:04:16,2026-03-19 23:05:16
11,Running,2026-03-19 23:04:23,2026-03-19 23:05:19
12,Starved,2026-03-19 23:05:16,2026-03-19 23:05:19
10,Running,2026-03-19 23:02:12,2026-03-19 23:05:20
11,Starved,2026-03-19 23:05:19,2026-03-19 23:05:20
8,Running,2026-03-19 23:04:17,2026-03-19 23:05:27
10,Starved,2026-03-19 23:05:20,2026-03-19 23:05:28
6,Running,2026-03-19 23:04:29,2026-03-19 23:05:29
5,Running,2026-03-19 23:04:36,2026-03-19 23:05:33
6,Starved,2026-03-19 23:05:29,2026-03-19 23:05:33
5,Starved,2026-03-19 23:05:33,2026-03-19 23:05:38
8,Starved,2026-03-19 23:05:27,2026-03-19 23:05:42
12,Running,2026-03-19 23:05:19,2026-03-19 23:06:19
11,Running,2026-03-19 23:05:20,2026-03-19 23:06:24
12,Starved,2026-03-19 23:06:19,2026-03-19 23:06:24
9,Running,2026-03-19 23:04:07,2026-03-19 23:06:29
6,Running,2026-03-19 23:05:33,2026-03-19 23:06:35
11,Starved,2026-03-19 23:06:24,2026-03-19 23:06:39
8,Running,2026-03-19 23:05:42,2026-03-19 23:06:40
9,Starved,2026-03-19 23:06:29,2026-03-19 23:06:40
6,Starved,2026-03-19 23:06:35,2026-03-19 23:06:42
8,Starved,2026-03-19 23:06:40,2026-03-19 23:06:45
12,Running,2026-03-19 23:06:24,2026-03-19 23:07:26
6,Running,2026-03-19 23:06:42,2026-03-19 23:07:39
6,Starved,2026-03-19 23:07:39,2026-03-19 23:07:46
10,Running,2026-03-19 23:05:28,2026-03-19 23:07:51
12,Starved,2026-03-19 23:07:26,2026-03-19 23:07:51
10,Starved,2026-03-19 23:07:51,2026-03-19 23:08:01
6,Running,2026-03-19 23:07:46,2026-03-19 23:08:41
11,Running,2026-03-19 23:06:39,2026-03-19 23:08:48
6,Starved,2026-03-19 23:08:41,2026-03-19 23:08:50
11,Starved,2026-03-19 23:08:48,2026-03-19 23:09:08
5,Running,2026-03-19 23:05:38,2026-03-19 23:09:41
5,Starved,2026-03-19 23:09:41,2026-03-19 23:09:43
8,Running,2026-03-19 23:06:45,2026-03-19 23:09:48
8,Starved,2026-03-19 23:09:48,2026-03-19 23:09:48
12,Running,2026-03-19 23:07:51,2026-03-19 23:09:57
11,Running,2026-03-19 23:09:08,2026-03-19 23:10:08
12,Starved,2026-03-19 23:09:57,2026-03-19 23:10:08
11,Starved,2026-03-19 23:10:08,2026-03-19 23:10:17
5,Running,2026-03-19 23:09:43,2026-03-19 23:10:40
5,Starved,2026-03-19 23:10:40,2026-03-19 23:10:44
11,Running,2026-03-19 23:10:17,2026-03-19 23:11:11
11,Starved,2026-03-19 23:11:11,2026-03-19 23:11:15
8,Running,2026-03-19 23:09:48,2026-03-19 23:11:44
8,Starved,2026-03-19 23:11:44,2026-03-19 23:11:55
5,Running,2026-03-19 23:10:44,2026-03-19 23:12:39
5,Starved,2026-03-19 23:12:39,2026-03-19 23:12:46
11,Running,2026-03-19 23:11:15,2026-03-19 23:13:05
11,Starved,2026-03-19 23:13:05,2026-03-19 23:13:17
5,Running,2026-03-19 23:12:46,2026-03-19 23:13:43
5,Starved,2026-03-19 23:13:43,2026-03-19 23:13:49
8,Running,2026-03-19 23:11:55,2026-03-19 23:13:59
8,Starved,2026-03-19 23:13:59,2026-03-19 23:14:02
10,Running,2026-03-19 23:08:01,2026-03-19 23:14:17
10,Starved,2026-03-19 23:14:17,2026-03-19 23:14:19
5,Running,2026-03-19 23:13:49,2026-03-19 23:14:46
8,Running,2026-03-19 23:14:02,2026-03-19 23:15:05
5,Starved,2026-03-19 23:14:46,2026-03-19 23:15:05
8,Starved,2026-03-19 23:15:05,2026-03-19 23:15:13
11,Running,2026-03-19 23:13:17,2026-03-19 23:15:15
10,Running,2026-03-19 23:14:19,2026-03-19 23:15:22
11,Starved,2026-03-19 23:15:15,2026-03-19 23:15:22
6,Running,2026-03-19 23:08:50,2026-03-19 23:15:51
5,Running,2026-03-19 23:15:05,2026-03-19 23:15:59
6,Starved,2026-03-19 23:15:51,2026-03-19 23:15:59
9,Running,2026-03-19 23:06:40,2026-03-19 23:16:02
8,Running,2026-03-19 23:15:13,2026-03-19 23:16:09
9,Starved,2026-03-19 23:16:02,2026-03-19 23:16:09
5,Starved,2026-03-19 23:15:59,2026-03-19 23:16:11
12,Running,2026-03-19 23:10:08,2026-03-19 23:16:17
8,Starved,2026-03-19 23:16:09,2026-03-19 23:16:22
11,Running,2026-03-19 23:15:22,2026-03-19 23:16:23
12,Starved,2026-03-19 23:16:17,2026-03-19 23:16:23
10,Down,2026-03-19 23:15:22,2026-03-19 23:16:29
6,Running,2026-03-19 23:15:59,2026-03-19 23:17:06
9,Running,2026-03-19 23:16:09,2026-03-19 23:17:08
9,Starved,2026-03-19 23:17:08,2026-03-19 23:17:16
5,Running,2026-03-19 23:16:11,2026-03-19 23:17:21
6,Starved,2026-03-19 23:17:06,2026-03-19 23:17:21
5,Starved,2026-03-19 23:17:21,2026-03-19 23:17:24
12,Running,2026-03-19 23:16:23,2026-03-19 23:17:25
11,Starved,2026-03-19 23:16:23,2026-03-19 23:17:31
8,Running,2026-03-19 23:16:22,2026-03-19 23:18:07
8,Starved,2026-03-19 23:18:07,2026-03-19 23:18:16
6,Running,2026-03-19 23:17:21,2026-03-19 23:18:19
5,Running,2026-03-19 23:17:24,2026-03-19 23:18:22
6,Starved,2026-03-19 23:18:19,2026-03-19 23:18:22
12,Starved,2026-03-19 23:17:25,2026-03-19 23:18:31
5,Starved,2026-03-19 23:18:22,2026-03-19 23:18:44
6,Running,2026-03-19 23:18:22,2026-03-19 23:19:24
5,Running,2026-03-19 23:18:44,2026-03-19 23:19:41
6,Starved,2026-03-19 23:19:24,2026-03-19 23:19:41
5,Starved,2026-03-19 23:19:41,2026-03-19 23:19:47
2,Running,2026-03-19 22:31:18,2026-03-19 23:20:20
9,Running,2026-03-19 23:17:16,2026-03-19 23:20:23
9,Starved,2026-03-19 23:20:23,2026-03-19 23:20:24
12,Running,2026-03-19 23:18:31,2026-03-19 23:20:37
12,Starved,2026-03-19 23:20:37,2026-03-19 23:20:37
6,Running,2026-03-19 23:19:41,2026-03-19 23:20:39
5,Running,2026-03-19 23:19:47,2026-03-19 23:20:45
6,Starved,2026-03-19 23:20:39,2026-03-19 23:20:45
1,Running,2026-03-19 22:22:27,2026-03-19 23:20:47
5,Starved,2026-03-19 23:20:45,2026-03-19 23:21:00
12,Running,2026-03-19 23:20:37,2026-03-19 23:21:31
6,Running,2026-03-19 23:20:45,2026-03-19 23:21:41
12,Starved,2026-03-19 23:21:31,2026-03-19 23:21:43
5,Running,2026-03-19 23:21:00,2026-03-19 23:21:59
6,Starved,2026-03-19 23:21:41,2026-03-19 23:21:59
5,Starved,2026-03-19 23:21:59,2026-03-19 23:22:02
2,Down,2026-03-19 23:20:20,2026-03-19 23:22:05
1,Blocked,2026-03-19 23:20:47,2026-03-19 23:22:05
6,Running,2026-03-19 23:21:59,2026-03-19 23:22:53
1,Running,2026-03-19 23:22:05,2026-03-19 23:23:04
5,Running,2026-03-19 23:22:02,2026-03-19 23:23:05
6,Starved,2026-03-19 23:22:53,2026-03-19 23:23:05
1,Blocked,2026-03-19 23:23:04,2026-03-19 23:23:13
5,Starved,2026-03-19 23:23:05,2026-03-19 23:23:21
12,Running,2026-03-19 23:21:43,2026-03-19 23:23:41
12,Starved,2026-03-19 23:23:41,2026-03-19 23:23:42
6,Running,2026-03-19 23:23:05,2026-03-19 23:24:01
1,Running,2026-03-19 23:23:13,2026-03-19 23:24:10
1,Blocked,2026-03-19 23:24:10,2026-03-19 23:24:14
7,Running,2026-03-19 22:25:30,2026-03-19 23:24:19
5,Running,2026-03-19 23:23:21,2026-03-19 23:24:28
6,Starved,2026-03-19 23:24:01,2026-03-19 23:24:28
5,Starved,2026-03-19 23:24:28,2026-03-19 23:24:30
1,Running,2026-03-19 23:24:14,2026-03-19 23:25:14
1,Blocked,2026-03-19 23:25:14,2026-03-19 23:25:16
6,Running,2026-03-19 23:24:28,2026-03-19 23:25:24
8,Running,2026-03-19 23:18:16,2026-03-19 23:25:35
6,Starved,2026-03-19 23:25:24,2026-03-19 23:25:37
5,Running,2026-03-19 23:24:30,2026-03-19 23:26:30
9,Running,2026-03-19 23:20:24,2026-03-19 23:26:43
5,Starved,2026-03-19 23:26:30,2026-03-19 23:26:44
1,Running,2026-03-19 23:25:16,2026-03-19 23:27:09
1,Blocked,2026-03-19 23:27:09,2026-03-19 23:27:22
5,Running,2026-03-19 23:26:44,2026-03-19 23:27:38
5,Starved,2026-03-19 23:27:38,2026-03-19 23:27:47
10,Running,2026-03-19 23:16:29,2026-03-19 23:28:14
1,Running,2026-03-19 23:27:22,2026-03-19 23:28:23
1,Blocked,2026-03-19 23:28:23,2026-03-19 23:28:28
6,Running,2026-03-19 23:25:37,2026-03-19 23:28:38
5,Running,2026-03-19 23:27:47,2026-03-19 23:28:46
6,Starved,2026-03-19 23:28:38,2026-03-19 23:28:46
5,Starved,2026-03-19 23:28:46,2026-03-19 23:28:47
11,Running,2026-03-19 23:17:31,2026-03-19 23:29:33
7,Down,2026-03-19 23:24:19,2026-03-19 23:29:39
5,Running,2026-03-19 23:28:47,2026-03-19 23:29:48
5,Starved,2026-03-19 23:29:48,2026-03-19 23:30:00
1,Running,2026-03-19 23:28:28,2026-03-19 23:30:29
1,Blocked,2026-03-19 23:30:29,2026-03-19 23:30:33
6,Running,2026-03-19 23:28:46,2026-03-19 23:30:49
5,Running,2026-03-19 23:30:00,2026-03-19 23:30:49
6,Starved,2026-03-19 23:30:49,2026-03-19 23:30:49
12,Running,2026-03-19 23:23:42,2026-03-19 23:30:54
5,Starved,2026-03-19 23:30:49,2026-03-19 23:31:01
8,Starved,2026-03-19 23:25:35,2026-03-19 23:31:01
1,Running,2026-03-19 23:30:33,2026-03-19 23:31:33
1,Blocked,2026-03-19 23:31:33,2026-03-19 23:31:38
6,Running,2026-03-19 23:30:49,2026-03-19 23:31:40
5,Running,2026-03-19 23:31:01,2026-03-19 23:31:54
6,Starved,2026-03-19 23:31:40,2026-03-19 23:31:54
5,Starved,2026-03-19 23:31:54,2026-03-19 23:32:03
8,Running,2026-03-19 23:31:01,2026-03-19 23:32:05
9,Starved,2026-03-19 23:26:43,2026-03-19 23:32:05
8,Starved,2026-03-19 23:32:05,2026-03-19 23:32:06
1,Running,2026-03-19 23:31:38,2026-03-19 23:32:26
1,Blocked,2026-03-19 23:32:26,2026-03-19 23:32:40
6,Running,2026-03-19 23:31:54,2026-03-19 23:32:52
5,Running,2026-03-19 23:32:03,2026-03-19 23:32:57
6,Starved,2026-03-19 23:32:52,2026-03-19 23:32:57
9,Running,2026-03-19 23:32:05,2026-03-19 23:32:58
10,Starved,2026-03-19 23:28:14,2026-03-19 23:32:58
9,Starved,2026-03-19 23:32:58,2026-03-19 23:33:11
1,Running,2026-03-19 23:32:40,2026-03-19 23:33:33
5,Starved,2026-03-19 23:32:57,2026-03-19 23:33:39
1,Blocked,2026-03-19 23:33:33,2026-03-19 23:33:40
6,Running,2026-03-19 23:32:57,2026-03-19 23:33:53
10,Running,2026-03-19 23:32:58,2026-03-19 23:33:56
11,Starved,2026-03-19 23:29:33,2026-03-19 23:33:56
8,Running,2026-03-19 23:32:06,2026-03-19 23:34:11
8,Starved,2026-03-19 23:34:11,2026-03-19 23:34:13
10,Starved,2026-03-19 23:33:56,2026-03-19 23:34:15
6,Starved,2026-03-19 23:33:53,2026-03-19 23:34:41
11,Running,2026-03-19 23:33:56,2026-03-19 23:34:45
12,Starved,2026-03-19 23:30:54,2026-03-19 23:34:45
8,Running,2026-03-19 23:34:13,2026-03-19 23:35:06
11,Starved,2026-03-19 23:34:45,2026-03-19 23:35:18
8,Starved,2026-03-19 23:35:06,2026-03-19 23:35:32
1,Running,2026-03-19 23:33:40,2026-03-19 23:35:33
12,Running,2026-03-19 23:34:45,2026-03-19 23:35:35
1,Blocked,2026-03-19 23:35:33,2026-03-19 23:35:36
6,Running,2026-03-19 23:34:41,2026-03-19 23:35:40
5,Running,2026-03-19 23:33:39,2026-03-19 23:35:43
6,Starved,2026-03-19 23:35:40,2026-03-19 23:35:43
5,Starved,2026-03-19 23:35:43,2026-03-19 23:35:48
9,Running,2026-03-19 23:33:11,2026-03-19 23:36:05
11,Running,2026-03-19 23:35:18,2026-03-19 23:36:13
12,Starved,2026-03-19 23:35:35,2026-03-19 23:36:13
11,Starved,2026-03-19 23:36:13,2026-03-19 23:36:18
8,Running,2026-03-19 23:35:32,2026-03-19 23:36:33
9,Starved,2026-03-19 23:36:05,2026-03-19 23:36:33
8,Starved,2026-03-19 23:36:33,2026-03-19 23:36:39
6,Running,2026-03-19 23:35:43,2026-03-19 23:36:49
6,Starved,2026-03-19 23:36:49,2026-03-19 23:36:52
12,Running,2026-03-19 23:36:13,2026-03-19 23:37:03
10,Running,2026-03-19 23:34:15,2026-03-19 23:37:09
12,Starved,2026-03-19 23:37:03,2026-03-19 23:37:31
3,Running,2026-03-19 22:18:49,2026-03-19 23:37:42
8,Running,2026-03-19 23:36:39,2026-03-19 23:37:43
8,Starved,2026-03-19 23:37:43,2026-03-19 23:37:44
5,Running,2026-03-19 23:35:48,2026-03-19 23:37:51
10,Starved,2026-03-19 23:37:09,2026-03-19 23:37:51
5,Starved,2026-03-19 23:37:51,2026-03-19 23:37:55
3,Blocked,2026-03-19 23:37:42,2026-03-19 23:37:55
8,Running,2026-03-19 23:37:44,2026-03-19 23:38:31
12,Running,2026-03-19 23:37:31,2026-03-19 23:38:33
11,Running,2026-03-19 23:36:18,2026-03-19 23:38:36
12,Starved,2026-03-19 23:38:33,2026-03-19 23:38:36
8,Starved,2026-03-19 23:38:31,2026-03-19 23:38:49
10,Running,2026-03-19 23:37:51,2026-03-19 23:38:49
11,Starved,2026-03-19 23:38:36,2026-03-19 23:38:49
3,Running,2026-03-19 23:37:55,2026-03-19 23:38:55
10,Starved,2026-03-19 23:38:49,2026-03-19 23:38:55
6,Running,2026-03-19 23:36:52,2026-03-19 23:39:00
5,Running,2026-03-19 23:37:55,2026-03-19 23:39:00
6,Starved,2026-03-19 23:39:00,2026-03-19 23:39:00
5,Starved,2026-03-19 23:39:00,2026-03-19 23:39:11
3,Blocked,2026-03-19 23:38:55,2026-03-19 23:39:11
12,Running,2026-03-19 23:38:36,2026-03-19 23:39:28
8,Running,2026-03-19 23:38:49,2026-03-19 23:39:41
6,Running,2026-03-19 23:39:00,2026-03-19 23:39:56
12,Starved,2026-03-19 23:39:28,2026-03-19 23:40:00
3,Running,2026-03-19 23:39:11,2026-03-19 23:40:08
8,Starved,2026-03-19 23:39:41,2026-03-19 23:40:11
5,Running,2026-03-19 23:39:11,2026-03-19 23:40:11
6,Starved,2026-03-19 23:39:56,2026-03-19 23:40:11
5,Starved,2026-03-19 23:40:11,2026-03-19 23:40:40
3,Blocked,2026-03-19 23:40:08,2026-03-19 23:40:40
9,Running,2026-03-19 23:36:33,2026-03-19 23:40:46
6,Running,2026-03-19 23:40:11,2026-03-19 23:41:00
12,Running,2026-03-19 23:40:00,2026-03-19 23:41:00
11,Running,2026-03-19 23:38:49,2026-03-19 23:41:03
12,Starved,2026-03-19 23:41:00,2026-03-19 23:41:03
11,Starved,2026-03-19 23:41:03,2026-03-19 23:41:03
5,Running,2026-03-19 23:40:40,2026-03-19 23:41:29
6,Starved,2026-03-19 23:41:00,2026-03-19 23:41:29
3,Running,2026-03-19 23:40:40,2026-03-19 23:41:41
11,Running,2026-03-19 23:41:03,2026-03-19 23:41:56
10,Running,2026-03-19 23:38:55,2026-03-19 23:42:04
11,Starved,2026-03-19 23:41:56,2026-03-19 23:42:04
5,Starved,2026-03-19 23:41:29,2026-03-19 23:42:16
3,Blocked,2026-03-19 23:41:41,2026-03-19 23:42:16
8,Running,2026-03-19 23:40:11,2026-03-19 23:42:17
8,Starved,2026-03-19 23:42:17,2026-03-19 23:42:27
6,Running,2026-03-19 23:41:29,2026-03-19 23:42:29
12,Running,2026-03-19 23:41:03,2026-03-19 23:42:52
3,Running,2026-03-19 23:42:16,2026-03-19 23:43:08
11,Running,2026-03-19 23:42:04,2026-03-19 23:43:12
12,Starved,2026-03-19 23:42:52,2026-03-19 23:43:12
3,Blocked,2026-03-19 23:43:08,2026-03-19 23:43:21
8,Running,2026-03-19 23:42:27,2026-03-19 23:43:22
6,Starved,2026-03-19 23:42:29,2026-03-19 23:43:26
8,Starved,2026-03-19 23:43:22,2026-03-19 23:43:31
9,Down,2026-03-19 23:40:46,2026-03-19 23:43:40
12,Running,2026-03-19 23:43:12,2026-03-19 23:44:07
3,Running,2026-03-19 23:43:21,2026-03-19 23:44:18
3,Blocked,2026-03-19 23:44:18,2026-03-19 23:44:19
6,Running,2026-03-19 23:43:26,2026-03-19 23:44:20
6,Starved,2026-03-19 23:44:20,2026-03-19 23:44:26
10,Starved,2026-03-19 23:42:04,2026-03-19 23:45:00
6,Running,2026-03-19 23:44:26,2026-03-19 23:45:14
6,Starved,2026-03-19 23:45:14,2026-03-19 23:45:21
11,Starved,2026-03-19 23:43:12,2026-03-19 23:46:01
6,Running,2026-03-19 23:45:21,2026-03-19 23:46:18
6,Starved,2026-03-19 23:46:18,2026-03-19 23:46:21
8,Running,2026-03-19 23:43:31,2026-03-19 23:46:38
8,Starved,2026-03-19 23:46:38,2026-03-19 23:46:39
6,Running,2026-03-19 23:46:21,2026-03-19 23:47:12
12,Starved,2026-03-19 23:44:07,2026-03-19 23:47:13
6,Starved,2026-03-19 23:47:12,2026-03-19 23:47:20
8,Running,2026-03-19 23:46:39,2026-03-19 23:47:39
8,Starved,2026-03-19 23:47:39,2026-03-19 23:47:49
10,Running,2026-03-19 23:45:00,2026-03-19 23:47:59
10,Starved,2026-03-19 23:47:59,2026-03-19 23:48:02
2,Running,2026-03-19 23:22:05,2026-03-19 23:48:33
8,Running,2026-03-19 23:47:49,2026-03-19 23:48:43
1,Running,2026-03-19 23:35:36,2026-03-19 23:48:46
8,Starved,2026-03-19 23:48:43,2026-03-19 23:48:52
6,Running,2026-03-19 23:47:20,2026-03-19 23:49:20
6,Starved,2026-03-19 23:49:20,2026-03-19 23:49:28
8,Running,2026-03-19 23:48:52,2026-03-19 23:49:46
8,Starved,2026-03-19 23:49:46,2026-03-19 23:50:19
6,Running,2026-03-19 23:49:28,2026-03-19 23:50:26
5,Running,2026-03-19 23:42:16,2026-03-19 23:50:30
6,Starved,2026-03-19 23:50:26,2026-03-19 23:50:30
3,Running,2026-03-19 23:44:19,2026-03-19 23:50:31
5,Starved,2026-03-19 23:50:30,2026-03-19 23:50:31
3,Blocked,2026-03-19 23:50:31,2026-03-19 23:50:31
11,Running,2026-03-19 23:46:01,2026-03-19 23:51:09
11,Starved,2026-03-19 23:51:09,2026-03-19 23:51:09
8,Running,2026-03-19 23:50:19,2026-03-19 23:51:16
12,Running,2026-03-19 23:47:13,2026-03-19 23:51:17
8,Starved,2026-03-19 23:51:16,2026-03-19 23:51:18
5,Running,2026-03-19 23:50:31,2026-03-19 23:51:26
3,Running,2026-03-19 23:50:31,2026-03-19 23:51:30
5,Starved,2026-03-19 23:51:26,2026-03-19 23:51:39
3,Blocked,2026-03-19 23:51:30,2026-03-19 23:51:39
11,Running,2026-03-19 23:51:09,2026-03-19 23:52:05
11,Starved,2026-03-19 23:52:05,2026-03-19 23:52:05
6,Running,2026-03-19 23:50:30,2026-03-19 23:52:28
2,Down,2026-03-19 23:48:33,2026-03-19 23:52:34
1,Blocked,2026-03-19 23:48:46,2026-03-19 23:52:34
3,Running,2026-03-19 23:51:39,2026-03-19 23:52:38
5,Running,2026-03-19 23:51:39,2026-03-19 23:52:39
6,Starved,2026-03-19 23:52:28,2026-03-19 23:52:39
5,Starved,2026-03-19 23:52:39,2026-03-19 23:52:54
3,Blocked,2026-03-19 23:52:38,2026-03-19 23:52:54
10,Running,2026-03-19 23:48:02,2026-03-19 23:52:55
10,Starved,2026-03-19 23:52:55,2026-03-19 23:53:03
8,Running,2026-03-19 23:51:18,2026-03-19 23:53:14
12,Down,2026-03-19 23:51:17,2026-03-19 23:53:16
8,Starved,2026-03-19 23:53:14,2026-03-19 23:53:21
6,Running,2026-03-19 23:52:39,2026-03-19 23:53:37
5,Running,2026-03-19 23:52:54,2026-03-19 23:53:48
6,Starved,2026-03-19 23:53:37,2026-03-19 23:53:48
3,Running,2026-03-19 23:52:54,2026-03-19 23:53:50
10,Running,2026-03-19 23:53:03,2026-03-19 23:53:54
5,Starved,2026-03-19 23:53:48,2026-03-19 23:54:06
3,Blocked,2026-03-19 23:53:50,2026-03-19 23:54:06
8,Running,2026-03-19 23:53:21,2026-03-19 23:54:12
1,Running,2026-03-19 23:52:34,2026-03-19 23:54:24
8,Starved,2026-03-19 23:54:12,2026-03-19 23:54:24
1,Blocked,2026-03-19 23:54:24,2026-03-19 23:54:25
10,Starved,2026-03-19 23:53:54,2026-03-19 23:54:28
6,Running,2026-03-19 23:53:48,2026-03-19 23:54:56
3,Running,2026-03-19 23:54:06,2026-03-19 23:55:02
5,Running,2026-03-19 23:54:06,2026-03-19 23:55:06
6,Starved,2026-03-19 23:54:56,2026-03-19 23:55:06
4,Running,2026-03-19 22:19:46,2026-03-19 23:55:06
5,Starved,2026-03-19 23:55:06,2026-03-19 23:55:06
11,Running,2026-03-19 23:52:05,2026-03-19 23:55:17
8,Running,2026-03-19 23:54:24,2026-03-19 23:55:22
10,Running,2026-03-19 23:54:28,2026-03-19 23:55:24
11,Starved,2026-03-19 23:55:17,2026-03-19 23:55:24
8,Starved,2026-03-19 23:55:22,2026-03-19 23:55:30
10,Starved,2026-03-19 23:55:24,2026-03-19 23:55:31
6,Running,2026-03-19 23:55:06,2026-03-19 23:56:06
5,Running,2026-03-19 23:55:06,2026-03-19 23:56:08
6,Starved,2026-03-19 23:56:06,2026-03-19 23:56:08
11,Running,2026-03-19 23:55:24,2026-03-19 23:56:24
11,Starved,2026-03-19 23:56:24,2026-03-19 23:56:29
8,Running,2026-03-19 23:55:30,2026-03-19 23:56:30
8,Starved,2026-03-19 23:56:30,2026-03-19 23:57:02
6,Running,2026-03-19 23:56:08,2026-03-19 23:57:13
9,Running,2026-03-19 23:43:40,2026-03-19 23:57:17
8,Running,2026-03-19 23:57:02,2026-03-19 23:57:57
11,Running,2026-03-19 23:56:29,2026-03-19 23:58:21
10,Running,2026-03-19 23:55:31,2026-03-19 23:58:31
11,Starved,2026-03-19 23:58:21,2026-03-19 23:58:31
8,Starved,2026-03-19 23:57:57,2026-03-19 23:58:36
4,Down,2026-03-19 23:55:06,2026-03-19 23:58:47
3,Blocked,2026-03-19 23:55:02,2026-03-19 23:58:47
1,Running,2026-03-19 23:54:25,2026-03-19 23:59:24
1,Blocked,2026-03-19 23:59:24,2026-03-19 23:59:26
11,Running,2026-03-19 23:58:31,2026-03-19 23:59:27
5,Starved,2026-03-19 23:56:08,2026-03-19 23:59:44
1,Running,2026-03-19 23:59:26,2026-03-20 00:00:16
1,Blocked,2026-03-20 00:00:16,2026-03-20 00:00:20
5,Running,2026-03-19 23:59:44,2026-03-20 00:00:43
6,Starved,2026-03-19 23:57:13,2026-03-20 00:00:43
3,Running,2026-03-19 23:58:47,2026-03-20 00:00:44
5,Starved,2026-03-20 00:00:43,2026-03-20 00:01:25
3,Blocked,2026-03-20 00:00:44,2026-03-20 00:01:25
9,Down,2026-03-19 23:57:17,2026-03-20 00:01:28
6,Running,2026-03-20 00:00:43,2026-03-20 00:01:42
12,Running,2026-03-19 23:53:16,2026-03-20 00:02:18
5,Running,2026-03-20 00:01:25,2026-03-20 00:02:19
10,Starved,2026-03-19 23:58:31,2026-03-20 00:02:27
3,Running,2026-03-20 00:01:25,2026-03-20 00:02:32
5,Starved,2026-03-20 00:02:19,2026-03-20 00:02:43
3,Blocked,2026-03-20 00:02:32,2026-03-20 00:02:43
10,Running,2026-03-20 00:02:27,2026-03-20 00:03:27
11,Starved,2026-03-19 23:59:27,2026-03-20 00:03:27
10,Starved,2026-03-20 00:03:27,2026-03-20 00:03:30
3,Running,2026-03-20 00:02:43,2026-03-20 00:03:33
5,Running,2026-03-20 00:02:43,2026-03-20 00:03:36
5,Starved,2026-03-20 00:03:36,2026-03-20 00:04:05
3,Blocked,2026-03-20 00:03:33,2026-03-20 00:04:05
11,Running,2026-03-20 00:03:27,2026-03-20 00:04:25
12,Starved,2026-03-20 00:02:18,2026-03-20 00:04:25
10,Running,2026-03-20 00:03:30,2026-03-20 00:04:29
11,Starved,2026-03-20 00:04:25,2026-03-20 00:04:29
8,Running,2026-03-19 23:58:36,2026-03-20 00:04:32
8,Starved,2026-03-20 00:04:32,2026-03-20 00:04:45
10,Starved,2026-03-20 00:04:29,2026-03-20 00:04:52
5,Running,2026-03-20 00:04:05,2026-03-20 00:04:59
5,Starved,2026-03-20 00:04:59,2026-03-20 00:05:01
12,Running,2026-03-20 00:04:25,2026-03-20 00:05:21
11,Running,2026-03-20 00:04:29,2026-03-20 00:05:25
12,Starved,2026-03-20 00:05:21,2026-03-20 00:05:25
8,Running,2026-03-20 00:04:45,2026-03-20 00:05:45
10,Running,2026-03-20 00:04:52,2026-03-20 00:05:46
11,Starved,2026-03-20 00:05:25,2026-03-20 00:05:46
5,Running,2026-03-20 00:05:01,2026-03-20 00:05:58
8,Starved,2026-03-20 00:05:45,2026-03-20 00:06:03
5,Starved,2026-03-20 00:05:58,2026-03-20 00:06:07
10,Starved,2026-03-20 00:05:46,2026-03-20 00:06:16
12,Running,2026-03-20 00:05:25,2026-03-20 00:06:32
6,Down,2026-03-20 00:01:42,2026-03-20 00:06:44
11,Running,2026-03-20 00:05:46,2026-03-20 00:06:46
12,Starved,2026-03-20 00:06:32,2026-03-20 00:06:46
8,Running,2026-03-20 00:06:03,2026-03-20 00:06:55
3,Running,2026-03-20 00:04:05,2026-03-20 00:06:57
8,Starved,2026-03-20 00:06:55,2026-03-20 00:07:02
3,Blocked,2026-03-20 00:06:57,2026-03-20 00:07:02
10,Running,2026-03-20 00:06:16,2026-03-20 00:07:07
11,Starved,2026-03-20 00:06:46,2026-03-20 00:07:07
10,Starved,2026-03-20 00:07:07,2026-03-20 00:07:14
12,Running,2026-03-20 00:06:46,2026-03-20 00:07:49
5,Running,2026-03-20 00:06:07,2026-03-20 00:07:59
5,Starved,2026-03-20 00:07:59,2026-03-20 00:08:02
8,Running,2026-03-20 00:07:02,2026-03-20 00:08:03
10,Running,2026-03-20 00:07:14,2026-03-20 00:08:06
12,Starved,2026-03-20 00:07:49,2026-03-20 00:08:06
8,Starved,2026-03-20 00:08:03,2026-03-20 00:08:09
9,Running,2026-03-20 00:01:28,2026-03-20 00:08:16
10,Starved,2026-03-20 00:08:06,2026-03-20 00:08:16
11,Running,2026-03-20 00:07:07,2026-03-20 00:09:02
8,Running,2026-03-20 00:08:09,2026-03-20 00:09:03
5,Running,2026-03-20 00:08:02,2026-03-20 00:09:09
3,Running,2026-03-20 00:07:02,2026-03-20 00:09:11
10,Running,2026-03-20 00:08:16,2026-03-20 00:09:11
11,Starved,2026-03-20 00:09:02,2026-03-20 00:09:11
5,Starved,2026-03-20 00:09:09,2026-03-20 00:09:20
3,Blocked,2026-03-20 00:09:11,2026-03-20 00:09:20
8,Starved,2026-03-20 00:09:03,2026-03-20 00:09:25
11,Running,2026-03-20 00:09:11,2026-03-20 00:10:06
3,Running,2026-03-20 00:09:20,2026-03-20 00:10:13
5,Running,2026-03-20 00:09:20,2026-03-20 00:10:19
8,Running,2026-03-20 00:09:25,2026-03-20 00:10:22
5,Starved,2026-03-20 00:10:19,2026-03-20 00:10:27
3,Blocked,2026-03-20 00:10:13,2026-03-20 00:10:27
8,Starved,2026-03-20 00:10:22,2026-03-20 00:10:38
12,Running,2026-03-20 00:08:06,2026-03-20 00:11:09
5,Running,2026-03-20 00:10:27,2026-03-20 00:11:20
3,Running,2026-03-20 00:10:27,2026-03-20 00:11:24
5,Starved,2026-03-20 00:11:20,2026-03-20 00:11:28
3,Blocked,2026-03-20 00:11:24,2026-03-20 00:11:28
8,Running,2026-03-20 00:10:38,2026-03-20 00:11:44
5,Running,2026-03-20 00:11:28,2026-03-20 00:12:19
3,Running,2026-03-20 00:11:28,2026-03-20 00:12:26
5,Starved,2026-03-20 00:12:19,2026-03-20 00:12:30
3,Blocked,2026-03-20 00:12:26,2026-03-20 00:12:30
6,Running,2026-03-20 00:06:44,2026-03-20 00:12:58
6,Down,2026-03-20 00:12:58,2026-03-20 00:13:21
5,Running,2026-03-20 00:12:30,2026-03-20 00:13:28
5,Starved,2026-03-20 00:13:28,2026-03-20 00:13:31
3,Running,2026-03-20 00:12:30,2026-03-20 00:14:24
5,Running,2026-03-20 00:13:31,2026-03-20 00:14:30
5,Starved,2026-03-20 00:14:30,2026-03-20 00:15:05
3,Blocked,2026-03-20 00:14:24,2026-03-20 00:15:05
5,Running,2026-03-20 00:15:05,2026-03-20 00:16:04
3,Running,2026-03-20 00:15:05,2026-03-20 00:16:04
2,Running,2026-03-19 23:52:34,2026-03-20 00:16:15
5,Starved,2026-03-20 00:16:04,2026-03-20 00:16:36
3,Blocked,2026-03-20 00:16:04,2026-03-20 00:16:36
2,Blocked,2026-03-20 00:16:15,2026-03-20 00:16:36
9,Down,2026-03-20 00:08:16,2026-03-20 00:16:58
8,Blocked,2026-03-20 00:11:44,2026-03-20 00:16:58
3,Running,2026-03-20 00:16:36,2026-03-20 00:17:35
5,Running,2026-03-20 00:16:36,2026-03-20 00:17:35
2,Running,2026-03-20 00:16:36,2026-03-20 00:17:35
5,Starved,2026-03-20 00:17:35,2026-03-20 00:17:45
3,Blocked,2026-03-20 00:17:35,2026-03-20 00:17:45
2,Blocked,2026-03-20 00:17:35,2026-03-20 00:17:45
8,Running,2026-03-20 00:16:58,2026-03-20 00:17:56
10,Starved,2026-03-20 00:09:11,2026-03-20 00:18:07
8,Blocked,2026-03-20 00:17:56,2026-03-20 00:18:07
1,Running,2026-03-20 00:00:20,2026-03-20 00:18:50
1,Blocked,2026-03-20 00:18:50,2026-03-20 00:18:53
8,Running,2026-03-20 00:18:07,2026-03-20 00:18:59
10,Running,2026-03-20 00:18:07,2026-03-20 00:19:17
11,Starved,2026-03-20 00:10:06,2026-03-20 00:19:17
10,Starved,2026-03-20 00:19:17,2026-03-20 00:19:19
8,Blocked,2026-03-20 00:18:59,2026-03-20 00:19:19
5,Running,2026-03-20 00:17:45,2026-03-20 00:19:47
1,Running,2026-03-20 00:18:53,2026-03-20 00:19:48
2,Running,2026-03-20 00:17:45,2026-03-20 00:19:50
3,Running,2026-03-20 00:17:45,2026-03-20 00:19:53
5,Starved,2026-03-20 00:19:47,2026-03-20 00:19:59
3,Blocked,2026-03-20 00:19:53,2026-03-20 00:19:59
2,Blocked,2026-03-20 00:19:50,2026-03-20 00:19:59
1,Blocked,2026-03-20 00:19:48,2026-03-20 00:19:59
11,Running,2026-03-20 00:19:17,2026-03-20 00:20:10
12,Starved,2026-03-20 00:11:09,2026-03-20 00:20:10
10,Running,2026-03-20 00:19:19,2026-03-20 00:20:12
11,Starved,2026-03-20 00:20:10,2026-03-20 00:20:12
8,Running,2026-03-20 00:19:19,2026-03-20 00:20:24
10,Starved,2026-03-20 00:20:12,2026-03-20 00:20:26
8,Blocked,2026-03-20 00:20:24,2026-03-20 00:20:26
5,Running,2026-03-20 00:19:59,2026-03-20 00:20:46
3,Running,2026-03-20 00:19:59,2026-03-20 00:20:58
12,Running,2026-03-20 00:20:10,2026-03-20 00:21:02
1,Running,2026-03-20 00:19:59,2026-03-20 00:21:04
11,Running,2026-03-20 00:20:12,2026-03-20 00:21:05
2,Running,2026-03-20 00:19:59,2026-03-20 00:21:05
5,Starved,2026-03-20 00:20:46,2026-03-20 00:21:14
3,Blocked,2026-03-20 00:20:58,2026-03-20 00:21:14
2,Blocked,2026-03-20 00:21:05,2026-03-20 00:21:14
1,Blocked,2026-03-20 00:21:04,2026-03-20 00:21:14
10,Running,2026-03-20 00:20:26,2026-03-20 00:21:19
11,Starved,2026-03-20 00:21:05,2026-03-20 00:21:19
8,Running,2026-03-20 00:20:26,2026-03-20 00:21:23
10,Starved,2026-03-20 00:21:19,2026-03-20 00:21:28
8,Blocked,2026-03-20 00:21:23,2026-03-20 00:21:28
12,Down,2026-03-20 00:21:02,2026-03-20 00:21:42
1,Running,2026-03-20 00:21:14,2026-03-20 00:22:09
5,Running,2026-03-20 00:21:14,2026-03-20 00:22:12
11,Running,2026-03-20 00:21:19,2026-03-20 00:22:14
2,Running,2026-03-20 00:21:14,2026-03-20 00:22:16
5,Starved,2026-03-20 00:22:12,2026-03-20 00:22:17
3,Running,2026-03-20 00:21:14,2026-03-20 00:22:25
10,Running,2026-03-20 00:21:28,2026-03-20 00:22:28
11,Starved,2026-03-20 00:22:14,2026-03-20 00:22:28
8,Running,2026-03-20 00:21:28,2026-03-20 00:22:33
10,Starved,2026-03-20 00:22:28,2026-03-20 00:22:39
8,Blocked,2026-03-20 00:22:33,2026-03-20 00:22:39
5,Running,2026-03-20 00:22:17,2026-03-20 00:23:18
5,Starved,2026-03-20 00:23:18,2026-03-20 00:23:31
10,Running,2026-03-20 00:22:39,2026-03-20 00:23:32
12,Running,2026-03-20 00:21:42,2026-03-20 00:23:44
12,Starved,2026-03-20 00:23:44,2026-03-20 00:23:45
10,Starved,2026-03-20 00:23:32,2026-03-20 00:23:45
3,Down,2026-03-20 00:22:25,2026-03-20 00:24:04
2,Blocked,2026-03-20 00:22:16,2026-03-20 00:24:04
1,Blocked,2026-03-20 00:22:09,2026-03-20 00:24:04
5,Running,2026-03-20 00:23:31,2026-03-20 00:24:27
12,Running,2026-03-20 00:23:45,2026-03-20 00:24:40
5,Starved,2026-03-20 00:24:27,2026-03-20 00:24:43
8,Running,2026-03-20 00:22:39,2026-03-20 00:24:45
11,Running,2026-03-20 00:22:28,2026-03-20 00:24:47
12,Starved,2026-03-20 00:24:40,2026-03-20 00:24:47
8,Blocked,2026-03-20 00:24:45,2026-03-20 00:24:50
11,Starved,2026-03-20 00:24:47,2026-03-20 00:24:55
5,Running,2026-03-20 00:24:43,2026-03-20 00:25:33
5,Starved,2026-03-20 00:25:33,2026-03-20 00:25:36
12,Running,2026-03-20 00:24:47,2026-03-20 00:25:39
12,Starved,2026-03-20 00:25:39,2026-03-20 00:26:03
11,Running,2026-03-20 00:24:55,2026-03-20 00:26:47
11,Starved,2026-03-20 00:26:47,2026-03-20 00:26:50
2,Running,2026-03-20 00:24:04,2026-03-20 00:26:57
2,Blocked,2026-03-20 00:26:57,2026-03-20 00:27:00
2,Running,2026-03-20 00:27:00,2026-03-20 00:27:55
2,Blocked,2026-03-20 00:27:55,2026-03-20 00:28:03
5,Running,2026-03-20 00:25:36,2026-03-20 00:28:36
5,Starved,2026-03-20 00:28:36,2026-03-20 00:28:39
1,Running,2026-03-20 00:24:04,2026-03-20 00:29:23
10,Running,2026-03-20 00:23:45,2026-03-20 00:29:43
10,Starved,2026-03-20 00:29:43,2026-03-20 00:29:44
1,Down,2026-03-20 00:29:23,2026-03-20 00:29:54
5,Running,2026-03-20 00:28:39,2026-03-20 00:30:27
5,Starved,2026-03-20 00:30:27,2026-03-20 00:30:35
8,Running,2026-03-20 00:24:50,2026-03-20 00:30:38
11,Running,2026-03-20 00:26:50,2026-03-20 00:30:44
10,Running,2026-03-20 00:29:44,2026-03-20 00:30:47
11,Starved,2026-03-20 00:30:44,2026-03-20 00:30:47
10,Starved,2026-03-20 00:30:47,2026-03-20 00:30:53
8,Blocked,2026-03-20 00:30:38,2026-03-20 00:30:53
5,Running,2026-03-20 00:30:35,2026-03-20 00:31:27
5,Starved,2026-03-20 00:31:27,2026-03-20 00:31:31
11,Running,2026-03-20 00:30:47,2026-03-20 00:31:44
8,Running,2026-03-20 00:30:53,2026-03-20 00:31:46
10,Running,2026-03-20 00:30:53,2026-03-20 00:31:51
11,Starved,2026-03-20 00:31:44,2026-03-20 00:31:51
1,Running,2026-03-20 00:29:54,2026-03-20 00:31:51
2,Running,2026-03-20 00:28:03,2026-03-20 00:32:04
2,Blocked,2026-03-20 00:32:04,2026-03-20 00:32:05
10,Starved,2026-03-20 00:31:51,2026-03-20 00:32:06
8,Blocked,2026-03-20 00:31:46,2026-03-20 00:32:06
11,Running,2026-03-20 00:31:51,2026-03-20 00:32:52
2,Running,2026-03-20 00:32:05,2026-03-20 00:32:59
2,Blocked,2026-03-20 00:32:59,2026-03-20 00:33:03
10,Running,2026-03-20 00:32:06,2026-03-20 00:33:07
11,Starved,2026-03-20 00:32:52,2026-03-20 00:33:07
10,Starved,2026-03-20 00:33:07,2026-03-20 00:33:11
1,Down,2026-03-20 00:31:51,2026-03-20 00:33:40
12,Running,2026-03-20 00:26:03,2026-03-20 00:33:57
2,Running,2026-03-20 00:33:03,2026-03-20 00:34:03
2,Blocked,2026-03-20 00:34:03,2026-03-20 00:34:04
11,Running,2026-03-20 00:33:07,2026-03-20 00:34:06
12,Starved,2026-03-20 00:33:57,2026-03-20 00:34:06
11,Starved,2026-03-20 00:34:06,2026-03-20 00:34:12
12,Running,2026-03-20 00:34:06,2026-03-20 00:35:00
11,Running,2026-03-20 00:34:12,2026-03-20 00:35:07
12,Starved,2026-03-20 00:35:00,2026-03-20 00:35:07
10,Running,2026-03-20 00:33:11,2026-03-20 00:35:11
11,Starved,2026-03-20 00:35:07,2026-03-20 00:35:11
8,Running,2026-03-20 00:32:06,2026-03-20 00:35:13
10,Starved,2026-03-20 00:35:11,2026-03-20 00:35:14
8,Blocked,2026-03-20 00:35:13,2026-03-20 00:35:14
12,Running,2026-03-20 00:35:07,2026-03-20 00:36:08
10,Running,2026-03-20 00:35:14,2026-03-20 00:36:09
8,Running,2026-03-20 00:35:14,2026-03-20 00:36:11
12,Starved,2026-03-20 00:36:08,2026-03-20 00:36:15
10,Starved,2026-03-20 00:36:09,2026-03-20 00:36:24
8,Blocked,2026-03-20 00:36:11,2026-03-20 00:36:24
10,Running,2026-03-20 00:36:24,2026-03-20 00:37:19
8,Running,2026-03-20 00:36:24,2026-03-20 00:37:23
10,Starved,2026-03-20 00:37:19,2026-03-20 00:37:28
8,Blocked,2026-03-20 00:37:23,2026-03-20 00:37:28
12,Running,2026-03-20 00:36:15,2026-03-20 00:38:21
11,Running,2026-03-20 00:35:11,2026-03-20 00:38:22
12,Starved,2026-03-20 00:38:21,2026-03-20 00:38:22
8,Running,2026-03-20 00:37:28,2026-03-20 00:38:32
10,Running,2026-03-20 00:37:28,2026-03-20 00:38:32
10,Starved,2026-03-20 00:38:32,2026-03-20 00:38:36
8,Blocked,2026-03-20 00:38:32,2026-03-20 00:38:36
5,Running,2026-03-20 00:31:31,2026-03-20 00:38:44
5,Starved,2026-03-20 00:38:44,2026-03-20 00:39:12
8,Running,2026-03-20 00:38:36,2026-03-20 00:39:25
12,Running,2026-03-20 00:38:22,2026-03-20 00:39:29
10,Running,2026-03-20 00:38:36,2026-03-20 00:39:35
10,Starved,2026-03-20 00:39:35,2026-03-20 00:39:36
8,Blocked,2026-03-20 00:39:25,2026-03-20 00:39:36
5,Running,2026-03-20 00:39:12,2026-03-20 00:40:03
2,Running,2026-03-20 00:34:04,2026-03-20 00:40:04
5,Starved,2026-03-20 00:40:03,2026-03-20 00:40:08
2,Blocked,2026-03-20 00:40:04,2026-03-20 00:40:17
2,Running,2026-03-20 00:40:17,2026-03-20 00:41:13
5,Running,2026-03-20 00:40:08,2026-03-20 00:41:14
11,Down,2026-03-20 00:38:22,2026-03-20 00:41:21
2,Blocked,2026-03-20 00:41:13,2026-03-20 00:41:23
5,Starved,2026-03-20 00:41:14,2026-03-20 00:41:44
1,Running,2026-03-20 00:33:40,2026-03-20 00:41:48
12,Starved,2026-03-20 00:39:29,2026-03-20 00:42:15
2,Running,2026-03-20 00:41:23,2026-03-20 00:42:18
2,Blocked,2026-03-20 00:42:18,2026-03-20 00:42:26
6,Running,2026-03-20 00:13:21,2026-03-20 00:42:39
8,Running,2026-03-20 00:39:36,2026-03-20 00:42:42
5,Running,2026-03-20 00:41:44,2026-03-20 00:42:48
6,Starved,2026-03-20 00:42:39,2026-03-20 00:42:48
10,Running,2026-03-20 00:39:36,2026-03-20 00:42:56
7,Running,2026-03-19 23:29:39,2026-03-20 00:42:57
10,Starved,2026-03-20 00:42:56,2026-03-20 00:42:58
8,Blocked,2026-03-20 00:42:42,2026-03-20 00:42:58
5,Starved,2026-03-20 00:42:48,2026-03-20 00:43:05
12,Running,2026-03-20 00:42:15,2026-03-20 00:43:19
12,Starved,2026-03-20 00:43:19,2026-03-20 00:43:21
2,Running,2026-03-20 00:42:26,2026-03-20 00:43:25
2,Blocked,2026-03-20 00:43:25,2026-03-20 00:43:35
6,Running,2026-03-20 00:42:48,2026-03-20 00:43:49
8,Running,2026-03-20 00:42:58,2026-03-20 00:44:00
10,Running,2026-03-20 00:42:58,2026-03-20 00:44:00
5,Running,2026-03-20 00:43:05,2026-03-20 00:44:03
6,Starved,2026-03-20 00:43:49,2026-03-20 00:44:03
5,Starved,2026-03-20 00:44:03,2026-03-20 00:44:18
10,Starved,2026-03-20 00:44:00,2026-03-20 00:44:19
8,Blocked,2026-03-20 00:44:00,2026-03-20 00:44:19
12,Running,2026-03-20 00:43:21,2026-03-20 00:44:19
12,Starved,2026-03-20 00:44:19,2026-03-20 00:44:24
6,Running,2026-03-20 00:44:03,2026-03-20 00:44:54
8,Running,2026-03-20 00:44:19,2026-03-20 00:45:17
10,Running,2026-03-20 00:44:19,2026-03-20 00:45:19
5,Running,2026-03-20 00:44:18,2026-03-20 00:45:20
6,Starved,2026-03-20 00:44:54,2026-03-20 00:45:20
10,Starved,2026-03-20 00:45:19,2026-03-20 00:45:24
8,Blocked,2026-03-20 00:45:17,2026-03-20 00:45:24
2,Running,2026-03-20 00:43:35,2026-03-20 00:45:27
5,Starved,2026-03-20 00:45:20,2026-03-20 00:45:39
2,Blocked,2026-03-20 00:45:27,2026-03-20 00:45:45
6,Running,2026-03-20 00:45:20,2026-03-20 00:46:18
12,Running,2026-03-20 00:44:24,2026-03-20 00:46:22
12,Starved,2026-03-20 00:46:22,2026-03-20 00:46:23
5,Running,2026-03-20 00:45:39,2026-03-20 00:46:38
6,Starved,2026-03-20 00:46:18,2026-03-20 00:46:38
2,Running,2026-03-20 00:45:45,2026-03-20 00:46:39
3,Running,2026-03-20 00:24:04,2026-03-20 00:46:50
5,Starved,2026-03-20 00:46:38,2026-03-20 00:46:51
3,Blocked,2026-03-20 00:46:50,2026-03-20 00:46:51
2,Blocked,2026-03-20 00:46:39,2026-03-20 00:46:51
7,Down,2026-03-20 00:42:57,2026-03-20 00:47:04
8,Running,2026-03-20 00:45:24,2026-03-20 00:47:28
10,Running,2026-03-20 00:45:24,2026-03-20 00:47:37
10,Starved,2026-03-20 00:47:37,2026-03-20 00:47:39
8,Blocked,2026-03-20 00:47:28,2026-03-20 00:47:39
6,Running,2026-03-20 00:46:38,2026-03-20 00:47:41
5,Running,2026-03-20 00:46:51,2026-03-20 00:47:48
6,Starved,2026-03-20 00:47:41,2026-03-20 00:47:48
3,Running,2026-03-20 00:46:51,2026-03-20 00:47:56
2,Running,2026-03-20 00:46:51,2026-03-20 00:47:57
5,Starved,2026-03-20 00:47:48,2026-03-20 00:48:02
3,Blocked,2026-03-20 00:47:56,2026-03-20 00:48:02
2,Blocked,2026-03-20 00:47:57,2026-03-20 00:48:02
1,Down,2026-03-20 00:41:48,2026-03-20 00:48:10
12,Running,2026-03-20 00:46:23,2026-03-20 00:48:18
12,Starved,2026-03-20 00:48:18,2026-03-20 00:48:24
10,Running,2026-03-20 00:47:39,2026-03-20 00:48:31
8,Running,2026-03-20 00:47:39,2026-03-20 00:48:47
10,Starved,2026-03-20 00:48:31,2026-03-20 00:48:48
8,Blocked,2026-03-20 00:48:47,2026-03-20 00:48:48
6,Running,2026-03-20 00:47:48,2026-03-20 00:48:50
3,Running,2026-03-20 00:48:02,2026-03-20 00:48:50
5,Running,2026-03-20 00:48:02,2026-03-20 00:48:54
6,Starved,2026-03-20 00:48:50,2026-03-20 00:48:54
2,Running,2026-03-20 00:48:02,2026-03-20 00:49:09
5,Starved,2026-03-20 00:48:54,2026-03-20 00:49:10
3,Blocked,2026-03-20 00:48:50,2026-03-20 00:49:10
2,Blocked,2026-03-20 00:49:09,2026-03-20 00:49:10
2,Starved,2026-03-20 00:49:10,2026-03-20 00:49:14
12,Running,2026-03-20 00:48:24,2026-03-20 00:49:20
12,Starved,2026-03-20 00:49:20,2026-03-20 00:49:28
6,Running,2026-03-20 00:48:54,2026-03-20 00:49:53
5,Running,2026-03-20 00:49:10,2026-03-20 00:50:05
6,Starved,2026-03-20 00:49:53,2026-03-20 00:50:05
3,Running,2026-03-20 00:49:10,2026-03-20 00:50:10
2,Running,2026-03-20 00:49:14,2026-03-20 00:50:13
5,Starved,2026-03-20 00:50:05,2026-03-20 00:50:26
3,Blocked,2026-03-20 00:50:10,2026-03-20 00:50:26
2,Blocked,2026-03-20 00:50:13,2026-03-20 00:50:26
11,Running,2026-03-20 00:41:21,2026-03-20 00:50:36
10,Running,2026-03-20 00:48:48,2026-03-20 00:50:52
8,Running,2026-03-20 00:48:48,2026-03-20 00:50:53
6,Running,2026-03-20 00:50:05,2026-03-20 00:51:01
10,Starved,2026-03-20 00:50:52,2026-03-20 00:51:05
8,Blocked,2026-03-20 00:50:53,2026-03-20 00:51:05
5,Running,2026-03-20 00:50:26,2026-03-20 00:51:26
6,Starved,2026-03-20 00:51:01,2026-03-20 00:51:26
2,Running,2026-03-20 00:50:26,2026-03-20 00:51:27
5,Starved,2026-03-20 00:51:26,2026-03-20 00:51:31
2,Blocked,2026-03-20 00:51:27,2026-03-20 00:51:32
12,Running,2026-03-20 00:49:28,2026-03-20 00:51:40
6,Running,2026-03-20 00:51:26,2026-03-20 00:52:25
5,Running,2026-03-20 00:51:31,2026-03-20 00:52:25
6,Starved,2026-03-20 00:52:25,2026-03-20 00:52:25
3,Running,2026-03-20 00:50:26,2026-03-20 00:52:26
2,Running,2026-03-20 00:51:32,2026-03-20 00:52:27
5,Starved,2026-03-20 00:52:25,2026-03-20 00:52:33
3,Blocked,2026-03-20 00:52:26,2026-03-20 00:52:33
2,Blocked,2026-03-20 00:52:27,2026-03-20 00:52:33
6,Running,2026-03-20 00:52:25,2026-03-20 00:53:23
2,Running,2026-03-20 00:52:33,2026-03-20 00:53:27
2,Blocked,2026-03-20 00:53:27,2026-03-20 00:53:31
6,Starved,2026-03-20 00:53:23,2026-03-20 00:53:40
11,Down,2026-03-20 00:50:36,2026-03-20 00:53:45
2,Running,2026-03-20 00:53:31,2026-03-20 00:54:25
3,Running,2026-03-20 00:52:33,2026-03-20 00:54:32
6,Running,2026-03-20 00:53:40,2026-03-20 00:54:34
12,Starved,2026-03-20 00:51:40,2026-03-20 00:54:37
5,Running,2026-03-20 00:52:33,2026-03-20 00:54:37
6,Starved,2026-03-20 00:54:34,2026-03-20 00:54:37
5,Starved,2026-03-20 00:54:37,2026-03-20 00:54:50
3,Blocked,2026-03-20 00:54:32,2026-03-20 00:54:50
2,Blocked,2026-03-20 00:54:25,2026-03-20 00:54:50
6,Running,2026-03-20 00:54:37,2026-03-20 00:55:25
12,Running,2026-03-20 00:54:37,2026-03-20 00:55:35
12,Starved,2026-03-20 00:55:35,2026-03-20 00:55:43
2,Running,2026-03-20 00:54:50,2026-03-20 00:55:53
10,Running,2026-03-20 00:51:05,2026-03-20 00:55:55
10,Starved,2026-03-20 00:55:55,2026-03-20 00:55:56
2,Blocked,2026-03-20 00:55:53,2026-03-20 00:55:56
6,Starved,2026-03-20 00:55:25,2026-03-20 00:55:57
5,Running,2026-03-20 00:54:50,2026-03-20 00:56:49
3,Running,2026-03-20 00:54:50,2026-03-20 00:57:01
2,Running,2026-03-20 00:55:56,2026-03-20 00:57:03
5,Starved,2026-03-20 00:56:49,2026-03-20 00:57:04
3,Blocked,2026-03-20 00:57:01,2026-03-20 00:57:04
2,Blocked,2026-03-20 00:57:03,2026-03-20 00:57:04
10,Running,2026-03-20 00:55:56,2026-03-20 00:57:50
10,Starved,2026-03-20 00:57:50,2026-03-20 00:57:58
2,Running,2026-03-20 00:57:04,2026-03-20 00:58:06
2,Blocked,2026-03-20 00:58:06,2026-03-20 00:58:07
6,Running,2026-03-20 00:55:57,2026-03-20 00:58:07
6,Starved,2026-03-20 00:58:07,2026-03-20 00:58:11
6,Running,2026-03-20 00:58:11,2026-03-20 00:59:08
6,Starved,2026-03-20 00:59:08,2026-03-20 00:59:11
10,Running,2026-03-20 00:57:58,2026-03-20 00:59:46
10,Starved,2026-03-20 00:59:46,2026-03-20 00:59:56
6,Running,2026-03-20 00:59:11,2026-03-20 01:00:13
6,Starved,2026-03-20 01:00:13,2026-03-20 01:00:21
10,Running,2026-03-20 00:59:56,2026-03-20 01:00:49
10,Starved,2026-03-20 01:00:49,2026-03-20 01:00:57
6,Running,2026-03-20 01:00:21,2026-03-20 01:01:11
6,Starved,2026-03-20 01:01:11,2026-03-20 01:01:19
5,Running,2026-03-20 00:57:04,2026-03-20 01:02:14
2,Running,2026-03-20 00:58:07,2026-03-20 01:02:21
3,Running,2026-03-20 00:57:04,2026-03-20 01:02:26
5,Starved,2026-03-20 01:02:14,2026-03-20 01:02:26
3,Blocked,2026-03-20 01:02:26,2026-03-20 01:02:26
2,Blocked,2026-03-20 01:02:21,2026-03-20 01:02:26
10,Running,2026-03-20 01:00:57,2026-03-20 01:03:01
10,Starved,2026-03-20 01:03:01,2026-03-20 01:03:02
5,Running,2026-03-20 01:02:26,2026-03-20 01:03:19
3,Running,2026-03-20 01:02:26,2026-03-20 01:03:28
2,Running,2026-03-20 01:02:26,2026-03-20 01:03:30
5,Starved,2026-03-20 01:03:19,2026-03-20 01:03:32
3,Blocked,2026-03-20 01:03:28,2026-03-20 01:03:32
2,Blocked,2026-03-20 01:03:30,2026-03-20 01:03:32
6,Running,2026-03-20 01:01:19,2026-03-20 01:04:17
5,Running,2026-03-20 01:03:32,2026-03-20 01:04:27
6,Starved,2026-03-20 01:04:17,2026-03-20 01:04:27
3,Running,2026-03-20 01:03:32,2026-03-20 01:04:34
2,Running,2026-03-20 01:03:32,2026-03-20 01:04:37
5,Starved,2026-03-20 01:04:27,2026-03-20 01:04:39
3,Blocked,2026-03-20 01:04:34,2026-03-20 01:04:39
2,Blocked,2026-03-20 01:04:37,2026-03-20 01:04:39
6,Running,2026-03-20 01:04:27,2026-03-20 01:05:27
2,Running,2026-03-20 01:04:39,2026-03-20 01:05:40
6,Starved,2026-03-20 01:05:27,2026-03-20 01:05:41
2,Blocked,2026-03-20 01:05:40,2026-03-20 01:05:55
10,Running,2026-03-20 01:03:02,2026-03-20 01:06:02
10,Starved,2026-03-20 01:06:02,2026-03-20 01:06:33
6,Running,2026-03-20 01:05:41,2026-03-20 01:06:43
6,Starved,2026-03-20 01:06:43,2026-03-20 01:06:47
2,Running,2026-03-20 01:05:55,2026-03-20 01:06:55
2,Blocked,2026-03-20 01:06:55,2026-03-20 01:07:02
6,Running,2026-03-20 01:06:47,2026-03-20 01:07:45
5,Running,2026-03-20 01:04:39,2026-03-20 01:07:52
6,Starved,2026-03-20 01:07:45,2026-03-20 01:07:52
5,Starved,2026-03-20 01:07:52,2026-03-20 01:07:56
10,Running,2026-03-20 01:06:33,2026-03-20 01:08:40
6,Running,2026-03-20 01:07:52,2026-03-20 01:08:43
5,Running,2026-03-20 01:07:56,2026-03-20 01:08:51
6,Starved,2026-03-20 01:08:43,2026-03-20 01:08:51
8,Running,2026-03-20 00:51:05,2026-03-20 01:08:53
9,Running,2026-03-20 00:16:58,2026-03-20 01:08:55
10,Starved,2026-03-20 01:08:40,2026-03-20 01:08:55
5,Starved,2026-03-20 01:08:51,2026-03-20 01:08:56
2,Running,2026-03-20 01:07:02,2026-03-20 01:09:00
2,Blocked,2026-03-20 01:09:00,2026-03-20 01:09:07
5,Running,2026-03-20 01:08:56,2026-03-20 01:09:50
10,Running,2026-03-20 01:08:55,2026-03-20 01:09:59
3,Running,2026-03-20 01:04:39,2026-03-20 01:10:08
5,Starved,2026-03-20 01:09:50,2026-03-20 01:10:10
3,Blocked,2026-03-20 01:10:08,2026-03-20 01:10:10
6,Running,2026-03-20 01:08:51,2026-03-20 01:10:49
5,Running,2026-03-20 01:10:10,2026-03-20 01:11:03
6,Starved,2026-03-20 01:10:49,2026-03-20 01:11:03
3,Running,2026-03-20 01:10:10,2026-03-20 01:11:19
2,Running,2026-03-20 01:09:07,2026-03-20 01:11:21
5,Starved,2026-03-20 01:11:03,2026-03-20 01:11:22
3,Blocked,2026-03-20 01:11:19,2026-03-20 01:11:22
2,Blocked,2026-03-20 01:11:21,2026-03-20 01:11:22
6,Running,2026-03-20 01:11:03,2026-03-20 01:12:05
2,Running,2026-03-20 01:11:22,2026-03-20 01:12:10
9,Down,2026-03-20 01:08:55,2026-03-20 01:12:14
8,Blocked,2026-03-20 01:08:53,2026-03-20 01:12:14
6,Starved,2026-03-20 01:12:05,2026-03-20 01:12:25
2,Blocked,2026-03-20 01:12:10,2026-03-20 01:12:29
8,Running,2026-03-20 01:12:14,2026-03-20 01:13:08
2,Running,2026-03-20 01:12:29,2026-03-20 01:13:26
3,Running,2026-03-20 01:11:22,2026-03-20 01:13:27
6,Running,2026-03-20 01:12:25,2026-03-20 01:13:33
5,Running,2026-03-20 01:11:22,2026-03-20 01:13:35
6,Starved,2026-03-20 01:13:33,2026-03-20 01:13:35
11,Running,2026-03-20 00:53:45,2026-03-20 01:13:44
10,Starved,2026-03-20 01:09:59,2026-03-20 01:13:46
8,Blocked,2026-03-20 01:13:08,2026-03-20 01:13:46
5,Starved,2026-03-20 01:13:35,2026-03-20 01:13:46
3,Blocked,2026-03-20 01:13:27,2026-03-20 01:13:46
2,Blocked,2026-03-20 01:13:26,2026-03-20 01:13:46
6,Running,2026-03-20 01:13:35,2026-03-20 01:14:36
5,Running,2026-03-20 01:13:46,2026-03-20 01:14:38
6,Starved,2026-03-20 01:14:36,2026-03-20 01:14:38
11,Starved,2026-03-20 01:13:44,2026-03-20 01:14:44
3,Running,2026-03-20 01:13:46,2026-03-20 01:14:46
5,Starved,2026-03-20 01:14:38,2026-03-20 01:14:48
3,Blocked,2026-03-20 01:14:46,2026-03-20 01:14:48
12,Running,2026-03-20 00:55:43,2026-03-20 01:15:16
11,Running,2026-03-20 01:14:44,2026-03-20 01:15:38
12,Starved,2026-03-20 01:15:16,2026-03-20 01:15:38
8,Running,2026-03-20 01:13:46,2026-03-20 01:15:38
6,Running,2026-03-20 01:14:38,2026-03-20 01:15:41
8,Blocked,2026-03-20 01:15:38,2026-03-20 01:15:43
3,Running,2026-03-20 01:14:48,2026-03-20 01:15:45
11,Starved,2026-03-20 01:15:38,2026-03-20 01:15:46
5,Running,2026-03-20 01:14:48,2026-03-20 01:15:51
6,Starved,2026-03-20 01:15:41,2026-03-20 01:15:51
2,Running,2026-03-20 01:13:46,2026-03-20 01:15:56
5,Starved,2026-03-20 01:15:51,2026-03-20 01:15:56
3,Blocked,2026-03-20 01:15:45,2026-03-20 01:15:56
2,Blocked,2026-03-20 01:15:56,2026-03-20 01:15:56
12,Running,2026-03-20 01:15:38,2026-03-20 01:16:35
6,Running,2026-03-20 01:15:51,2026-03-20 01:16:49
12,Starved,2026-03-20 01:16:35,2026-03-20 01:16:50
5,Running,2026-03-20 01:15:56,2026-03-20 01:16:57
6,Starved,2026-03-20 01:16:49,2026-03-20 01:16:57
3,Running,2026-03-20 01:15:56,2026-03-20 01:16:59
2,Running,2026-03-20 01:15:56,2026-03-20 01:16:59
5,Starved,2026-03-20 01:16:57,2026-03-20 01:17:07
3,Blocked,2026-03-20 01:16:59,2026-03-20 01:17:07
2,Blocked,2026-03-20 01:16:59,2026-03-20 01:17:07
9,Running,2026-03-20 01:12:14,2026-03-20 01:17:37
8,Running,2026-03-20 01:15:43,2026-03-20 01:17:41
12,Running,2026-03-20 01:16:50,2026-03-20 01:17:47
12,Starved,2026-03-20 01:17:47,2026-03-20 01:17:52
6,Running,2026-03-20 01:16:57,2026-03-20 01:17:56
5,Running,2026-03-20 01:17:07,2026-03-20 01:17:59
6,Starved,2026-03-20 01:17:56,2026-03-20 01:17:59
2,Running,2026-03-20 01:17:07,2026-03-20 01:18:05
3,Running,2026-03-20 01:17:07,2026-03-20 01:18:06
5,Starved,2026-03-20 01:17:59,2026-03-20 01:18:34
3,Blocked,2026-03-20 01:18:06,2026-03-20 01:18:34
2,Blocked,2026-03-20 01:18:05,2026-03-20 01:18:34
12,Running,2026-03-20 01:17:52,2026-03-20 01:18:48
10,Running,2026-03-20 01:13:46,2026-03-20 01:18:52
12,Starved,2026-03-20 01:18:48,2026-03-20 01:19:00
6,Running,2026-03-20 01:17:59,2026-03-20 01:19:02
2,Running,2026-03-20 01:18:34,2026-03-20 01:19:26
7,Running,2026-03-20 00:47:04,2026-03-20 01:19:30
5,Running,2026-03-20 01:18:34,2026-03-20 01:19:31
6,Starved,2026-03-20 01:19:02,2026-03-20 01:19:31
3,Running,2026-03-20 01:18:34,2026-03-20 01:19:32
5,Starved,2026-03-20 01:19:31,2026-03-20 01:19:40
3,Blocked,2026-03-20 01:19:32,2026-03-20 01:19:40
2,Blocked,2026-03-20 01:19:26,2026-03-20 01:19:40
12,Running,2026-03-20 01:19:00,2026-03-20 01:20:00
11,Running,2026-03-20 01:15:46,2026-03-20 01:20:00
12,Starved,2026-03-20 01:20:00,2026-03-20 01:20:00
6,Running,2026-03-20 01:19:31,2026-03-20 01:20:37
3,Running,2026-03-20 01:19:40,2026-03-20 01:20:39
5,Running,2026-03-20 01:19:40,2026-03-20 01:20:44
6,Starved,2026-03-20 01:20:37,2026-03-20 01:20:44
2,Running,2026-03-20 01:19:40,2026-03-20 01:20:45
12,Running,2026-03-20 01:20:00,2026-03-20 01:20:56
7,Down,2026-03-20 01:19:30,2026-03-20 01:21:06
5,Starved,2026-03-20 01:20:44,2026-03-20 01:21:10
3,Blocked,2026-03-20 01:20:39,2026-03-20 01:21:10
2,Blocked,2026-03-20 01:20:45,2026-03-20 01:21:10
6,Running,2026-03-20 01:20:44,2026-03-20 01:21:47
3,Running,2026-03-20 01:21:10,2026-03-20 01:22:10
3,Blocked,2026-03-20 01:22:10,2026-03-20 01:22:10
6,Starved,2026-03-20 01:21:47,2026-03-20 01:22:12
3,Running,2026-03-20 01:22:10,2026-03-20 01:23:09
6,Running,2026-03-20 01:22:12,2026-03-20 01:23:12
2,Running,2026-03-20 01:21:10,2026-03-20 01:23:15
5,Running,2026-03-20 01:21:10,2026-03-20 01:23:19
6,Starved,2026-03-20 01:23:12,2026-03-20 01:23:19
5,Starved,2026-03-20 01:23:19,2026-03-20 01:23:22
3,Blocked,2026-03-20 01:23:09,2026-03-20 01:23:22
9,Down,2026-03-20 01:17:37,2026-03-20 01:23:44
8,Blocked,2026-03-20 01:17:41,2026-03-20 01:23:44
5,Running,2026-03-20 01:23:22,2026-03-20 01:24:15
5,Starved,2026-03-20 01:24:15,2026-03-20 01:24:27
8,Running,2026-03-20 01:23:44,2026-03-20 01:24:38
10,Starved,2026-03-20 01:18:52,2026-03-20 01:24:47
8,Blocked,2026-03-20 01:24:38,2026-03-20 01:24:47
10,Running,2026-03-20 01:24:47,2026-03-20 01:25:46
11,Starved,2026-03-20 01:20:00,2026-03-20 01:25:46
8,Running,2026-03-20 01:24:47,2026-03-20 01:25:50
10,Starved,2026-03-20 01:25:46,2026-03-20 01:26:11
8,Blocked,2026-03-20 01:25:50,2026-03-20 01:26:11
6,Running,2026-03-20 01:23:19,2026-03-20 01:26:21
6,Starved,2026-03-20 01:26:21,2026-03-20 01:26:33
11,Running,2026-03-20 01:25:46,2026-03-20 01:26:38
12,Starved,2026-03-20 01:20:56,2026-03-20 01:26:38
1,Running,2026-03-20 00:48:10,2026-03-20 01:26:44
11,Starved,2026-03-20 01:26:38,2026-03-20 01:27:06
6,Running,2026-03-20 01:26:33,2026-03-20 01:27:25
6,Starved,2026-03-20 01:27:25,2026-03-20 01:27:38
12,Running,2026-03-20 01:26:38,2026-03-20 01:27:45
11,Running,2026-03-20 01:27:06,2026-03-20 01:28:04
12,Starved,2026-03-20 01:27:45,2026-03-20 01:28:04
11,Starved,2026-03-20 01:28:04,2026-03-20 01:28:09
6,Running,2026-03-20 01:27:38,2026-03-20 01:28:36
6,Starved,2026-03-20 01:28:36,2026-03-20 01:28:51
12,Running,2026-03-20 01:28:04,2026-03-20 01:28:59
11,Running,2026-03-20 01:28:09,2026-03-20 01:29:02
12,Starved,2026-03-20 01:28:59,2026-03-20 01:29:02
3,Down,2026-03-20 01:23:22,2026-03-20 01:29:06
2,Blocked,2026-03-20 01:23:15,2026-03-20 01:29:06
1,Blocked,2026-03-20 01:26:44,2026-03-20 01:29:06
11,Starved,2026-03-20 01:29:02,2026-03-20 01:29:10
5,Running,2026-03-20 01:24:27,2026-03-20 01:29:47
12,Running,2026-03-20 01:29:02,2026-03-20 01:29:53
11,Running,2026-03-20 01:29:10,2026-03-20 01:30:02
12,Starved,2026-03-20 01:29:53,2026-03-20 01:30:02
8,Running,2026-03-20 01:26:11,2026-03-20 01:30:02
1,Running,2026-03-20 01:29:06,2026-03-20 01:30:07
1,Blocked,2026-03-20 01:30:07,2026-03-20 01:30:14
5,Starved,2026-03-20 01:29:47,2026-03-20 01:30:18
10,Running,2026-03-20 01:26:11,2026-03-20 01:30:18
11,Starved,2026-03-20 01:30:02,2026-03-20 01:30:18
10,Starved,2026-03-20 01:30:18,2026-03-20 01:30:23
8,Blocked,2026-03-20 01:30:02,2026-03-20 01:30:23
6,Running,2026-03-20 01:28:51,2026-03-20 01:30:57
12,Running,2026-03-20 01:30:02,2026-03-20 01:31:00
1,Running,2026-03-20 01:30:14,2026-03-20 01:31:10
1,Blocked,2026-03-20 01:31:10,2026-03-20 01:31:15
10,Running,2026-03-20 01:30:23,2026-03-20 01:31:15
5,Running,2026-03-20 01:30:18,2026-03-20 01:31:17
6,Starved,2026-03-20 01:30:57,2026-03-20 01:31:17
10,Starved,2026-03-20 01:31:15,2026-03-20 01:31:19
12,Starved,2026-03-20 01:31:00,2026-03-20 01:31:23
5,Starved,2026-03-20 01:31:17,2026-03-20 01:31:29
1,Running,2026-03-20 01:31:15,2026-03-20 01:32:04
6,Running,2026-03-20 01:31:17,2026-03-20 01:32:13
10,Running,2026-03-20 01:31:19,2026-03-20 01:32:16
5,Running,2026-03-20 01:31:29,2026-03-20 01:32:20
6,Starved,2026-03-20 01:32:13,2026-03-20 01:32:20
1,Blocked,2026-03-20 01:32:04,2026-03-20 01:32:21
10,Starved,2026-03-20 01:32:16,2026-03-20 01:32:21
12,Running,2026-03-20 01:31:23,2026-03-20 01:32:26
12,Starved,2026-03-20 01:32:26,2026-03-20 01:32:32
5,Starved,2026-03-20 01:32:20,2026-03-20 01:32:36
1,Running,2026-03-20 01:32:21,2026-03-20 01:33:10
3,Running,2026-03-20 01:29:06,2026-03-20 01:33:16
2,Running,2026-03-20 01:29:06,2026-03-20 01:33:26
12,Running,2026-03-20 01:32:32,2026-03-20 01:33:27
12,Starved,2026-03-20 01:33:27,2026-03-20 01:33:29
3,Down,2026-03-20 01:33:16,2026-03-20 01:33:34
2,Blocked,2026-03-20 01:33:26,2026-03-20 01:33:34
1,Blocked,2026-03-20 01:33:10,2026-03-20 01:33:34
11,Running,2026-03-20 01:30:18,2026-03-20 01:34:31
1,Running,2026-03-20 01:33:34,2026-03-20 01:34:32
6,Running,2026-03-20 01:32:20,2026-03-20 01:34:34
11,Starved,2026-03-20 01:34:31,2026-03-20 01:34:34
2,Running,2026-03-20 01:33:34,2026-03-20 01:34:36
2,Blocked,2026-03-20 01:34:36,2026-03-20 01:34:40
1,Blocked,2026-03-20 01:34:32,2026-03-20 01:34:40
5,Running,2026-03-20 01:32:36,2026-03-20 01:34:42
6,Starved,2026-03-20 01:34:34,2026-03-20 01:34:42
5,Down,2026-03-20 01:34:42,2026-03-20 01:35:27
12,Running,2026-03-20 01:33:29,2026-03-20 01:35:32
11,Running,2026-03-20 01:34:34,2026-03-20 01:35:32
12,Starved,2026-03-20 01:35:32,2026-03-20 01:35:32
11,Starved,2026-03-20 01:35:32,2026-03-20 01:35:33
1,Running,2026-03-20 01:34:40,2026-03-20 01:35:38
1,Blocked,2026-03-20 01:35:38,2026-03-20 01:35:39
6,Running,2026-03-20 01:34:42,2026-03-20 01:35:47
11,Running,2026-03-20 01:35:33,2026-03-20 01:36:25
11,Starved,2026-03-20 01:36:25,2026-03-20 01:36:36
6,Starved,2026-03-20 01:35:47,2026-03-20 01:36:36
12,Running,2026-03-20 01:35:32,2026-03-20 01:37:19
2,Running,2026-03-20 01:34:40,2026-03-20 01:37:25
2,Blocked,2026-03-20 01:37:25,2026-03-20 01:37:28
11,Running,2026-03-20 01:36:36,2026-03-20 01:37:38
12,Starved,2026-03-20 01:37:19,2026-03-20 01:37:38
11,Starved,2026-03-20 01:37:38,2026-03-20 01:37:44
2,Running,2026-03-20 01:37:28,2026-03-20 01:38:20
12,Running,2026-03-20 01:37:38,2026-03-20 01:38:35
2,Blocked,2026-03-20 01:38:20,2026-03-20 01:38:35
11,Running,2026-03-20 01:37:44,2026-03-20 01:38:39
12,Starved,2026-03-20 01:38:35,2026-03-20 01:38:39
11,Starved,2026-03-20 01:38:39,2026-03-20 01:38:47
12,Running,2026-03-20 01:38:39,2026-03-20 01:39:47
12,Starved,2026-03-20 01:39:47,2026-03-20 01:39:54
1,Running,2026-03-20 01:35:39,2026-03-20 01:40:32
1,Blocked,2026-03-20 01:40:32,2026-03-20 01:40:33
6,Running,2026-03-20 01:36:36,2026-03-20 01:40:36
6,Starved,2026-03-20 01:40:36,2026-03-20 01:40:40
11,Running,2026-03-20 01:38:47,2026-03-20 01:40:45
11,Starved,2026-03-20 01:40:45,2026-03-20 01:40:56
1,Running,2026-03-20 01:40:33,2026-03-20 01:41:20
1,Blocked,2026-03-20 01:41:20,2026-03-20 01:41:42
12,Running,2026-03-20 01:39:54,2026-03-20 01:41:49
12,Starved,2026-03-20 01:41:49,2026-03-20 01:41:56
1,Running,2026-03-20 01:41:42,2026-03-20 01:42:37
1,Blocked,2026-03-20 01:42:37,2026-03-20 01:42:39
12,Running,2026-03-20 01:41:56,2026-03-20 01:42:51
11,Running,2026-03-20 01:40:56,2026-03-20 01:42:54
12,Starved,2026-03-20 01:42:51,2026-03-20 01:42:54
10,Running,2026-03-20 01:32:21,2026-03-20 01:42:57
11,Starved,2026-03-20 01:42:54,2026-03-20 01:42:57
8,Running,2026-03-20 01:30:23,2026-03-20 01:43:02
10,Starved,2026-03-20 01:42:57,2026-03-20 01:43:04
8,Blocked,2026-03-20 01:43:02,2026-03-20 01:43:04
1,Running,2026-03-20 01:42:39,2026-03-20 01:43:32
1,Blocked,2026-03-20 01:43:32,2026-03-20 01:43:38
11,Running,2026-03-20 01:42:57,2026-03-20 01:43:45
8,Running,2026-03-20 01:43:04,2026-03-20 01:44:02
8,Blocked,2026-03-20 01:44:02,2026-03-20 01:44:03
11,Starved,2026-03-20 01:43:45,2026-03-20 01:44:09
8,Running,2026-03-20 01:44:03,2026-03-20 01:45:00
10,Running,2026-03-20 01:43:04,2026-03-20 01:45:03
12,Running,2026-03-20 01:42:54,2026-03-20 01:45:11
12,Starved,2026-03-20 01:45:11,2026-03-20 01:45:17
10,Starved,2026-03-20 01:45:03,2026-03-20 01:45:20
8,Blocked,2026-03-20 01:45:00,2026-03-20 01:45:20
12,Running,2026-03-20 01:45:17,2026-03-20 01:46:15
5,Running,2026-03-20 01:35:27,2026-03-20 01:46:16
8,Running,2026-03-20 01:45:20,2026-03-20 01:46:17
10,Running,2026-03-20 01:45:20,2026-03-20 01:46:18
12,Starved,2026-03-20 01:46:15,2026-03-20 01:46:21
10,Starved,2026-03-20 01:46:18,2026-03-20 01:46:27
8,Blocked,2026-03-20 01:46:17,2026-03-20 01:46:27
5,Starved,2026-03-20 01:46:16,2026-03-20 01:46:33
10,Running,2026-03-20 01:46:27,2026-03-20 01:47:20
10,Starved,2026-03-20 01:47:20,2026-03-20 01:47:26
5,Running,2026-03-20 01:46:33,2026-03-20 01:47:38
1,Running,2026-03-20 01:43:38,2026-03-20 01:47:52
1,Blocked,2026-03-20 01:47:52,2026-03-20 01:47:54
5,Starved,2026-03-20 01:47:38,2026-03-20 01:48:08
10,Running,2026-03-20 01:47:26,2026-03-20 01:48:20
8,Running,2026-03-20 01:46:27,2026-03-20 01:48:20
10,Starved,2026-03-20 01:48:20,2026-03-20 01:48:33
8,Blocked,2026-03-20 01:48:20,2026-03-20 01:48:33
6,Running,2026-03-20 01:40:40,2026-03-20 01:48:58
5,Running,2026-03-20 01:48:08,2026-03-20 01:49:06
6,Starved,2026-03-20 01:48:58,2026-03-20 01:49:06
5,Starved,2026-03-20 01:49:06,2026-03-20 01:49:23
11,Running,2026-03-20 01:44:09,2026-03-20 01:49:26
11,Starved,2026-03-20 01:49:26,2026-03-20 01:49:40
6,Running,2026-03-20 01:49:06,2026-03-20 01:50:09
6,Starved,2026-03-20 01:50:09,2026-03-20 01:50:21
11,Running,2026-03-20 01:49:40,2026-03-20 01:50:34
11,Starved,2026-03-20 01:50:34,2026-03-20 01:50:35
6,Running,2026-03-20 01:50:21,2026-03-20 01:51:22
6,Starved,2026-03-20 01:51:22,2026-03-20 01:51:22
10,Running,2026-03-20 01:48:33,2026-03-20 01:51:32
8,Running,2026-03-20 01:48:33,2026-03-20 01:51:37
10,Starved,2026-03-20 01:51:32,2026-03-20 01:51:38
8,Blocked,2026-03-20 01:51:37,2026-03-20 01:51:38
1,Running,2026-03-20 01:47:54,2026-03-20 01:52:12
1,Blocked,2026-03-20 01:52:12,2026-03-20 01:52:20
8,Running,2026-03-20 01:51:38,2026-03-20 01:52:33
10,Running,2026-03-20 01:51:38,2026-03-20 01:52:36
10,Starved,2026-03-20 01:52:36,2026-03-20 01:53:09
8,Blocked,2026-03-20 01:52:33,2026-03-20 01:53:09
6,Running,2026-03-20 01:51:22,2026-03-20 01:53:23
5,Running,2026-03-20 01:49:23,2026-03-20 01:53:27
6,Starved,2026-03-20 01:53:23,2026-03-20 01:53:27
11,Running,2026-03-20 01:50:35,2026-03-20 01:53:30
11,Starved,2026-03-20 01:53:30,2026-03-20 01:54:14
6,Running,2026-03-20 01:53:27,2026-03-20 01:54:27
12,Running,2026-03-20 01:46:21,2026-03-20 01:54:52
8,Running,2026-03-20 01:53:09,2026-03-20 01:55:06
10,Running,2026-03-20 01:53:09,2026-03-20 01:55:11
12,Starved,2026-03-20 01:54:52,2026-03-20 01:55:15
10,Starved,2026-03-20 01:55:11,2026-03-20 01:55:30
8,Blocked,2026-03-20 01:55:06,2026-03-20 01:55:30
12,Running,2026-03-20 01:55:15,2026-03-20 01:56:12
11,Running,2026-03-20 01:54:14,2026-03-20 01:56:18
12,Starved,2026-03-20 01:56:12,2026-03-20 01:56:18
11,Starved,2026-03-20 01:56:18,2026-03-20 01:56:38
12,Running,2026-03-20 01:56:18,2026-03-20 01:57:12
8,Running,2026-03-20 01:55:30,2026-03-20 01:57:25
10,Running,2026-03-20 01:55:30,2026-03-20 01:57:29
12,Starved,2026-03-20 01:57:12,2026-03-20 01:57:30
10,Starved,2026-03-20 01:57:29,2026-03-20 01:57:31
8,Blocked,2026-03-20 01:57:25,2026-03-20 01:57:31
5,Down,2026-03-20 01:53:27,2026-03-20 01:58:10
12,Running,2026-03-20 01:57:30,2026-03-20 01:58:28
10,Running,2026-03-20 01:57:31,2026-03-20 01:58:28
8,Running,2026-03-20 01:57:31,2026-03-20 01:58:32
12,Starved,2026-03-20 01:58:28,2026-03-20 01:58:34
10,Starved,2026-03-20 01:58:28,2026-03-20 01:58:40
8,Blocked,2026-03-20 01:58:32,2026-03-20 01:58:40
6,Starved,2026-03-20 01:54:27,2026-03-20 01:59:07
12,Running,2026-03-20 01:58:34,2026-03-20 01:59:24
8,Running,2026-03-20 01:58:40,2026-03-20 01:59:37
11,Running,2026-03-20 01:56:38,2026-03-20 01:59:38
12,Starved,2026-03-20 01:59:24,2026-03-20 01:59:38
10,Running,2026-03-20 01:58:40,2026-03-20 01:59:42
11,Starved,2026-03-20 01:59:38,2026-03-20 01:59:42
10,Starved,2026-03-20 01:59:42,2026-03-20 01:59:49
8,Blocked,2026-03-20 01:59:37,2026-03-20 01:59:49
6,Running,2026-03-20 01:59:07,2026-03-20 02:00:15
12,Running,2026-03-20 01:59:38,2026-03-20 02:00:34
11,Running,2026-03-20 01:59:42,2026-03-20 02:00:35
12,Starved,2026-03-20 02:00:34,2026-03-20 02:00:35
10,Running,2026-03-20 01:59:49,2026-03-20 02:00:40
11,Starved,2026-03-20 02:00:35,2026-03-20 02:00:40
10,Starved,2026-03-20 02:00:40,2026-03-20 02:00:42
11,Running,2026-03-20 02:00:40,2026-03-20 02:01:38
10,Running,2026-03-20 02:00:42,2026-03-20 02:01:42
11,Starved,2026-03-20 02:01:38,2026-03-20 02:01:42
8,Running,2026-03-20 01:59:49,2026-03-20 02:01:49
10,Starved,2026-03-20 02:01:42,2026-03-20 02:01:59
8,Blocked,2026-03-20 02:01:49,2026-03-20 02:01:59
11,Running,2026-03-20 02:01:42,2026-03-20 02:02:36
10,Running,2026-03-20 02:01:59,2026-03-20 02:02:50
11,Starved,2026-03-20 02:02:36,2026-03-20 02:02:50
8,Running,2026-03-20 02:01:59,2026-03-20 02:02:59
10,Starved,2026-03-20 02:02:50,2026-03-20 02:03:04
8,Blocked,2026-03-20 02:02:59,2026-03-20 02:03:04
3,Running,2026-03-20 01:33:34,2026-03-20 02:03:06
3,Blocked,2026-03-20 02:03:06,2026-03-20 02:03:10
12,Running,2026-03-20 02:00:35,2026-03-20 02:03:39
11,Running,2026-03-20 02:02:50,2026-03-20 02:03:49
12,Starved,2026-03-20 02:03:39,2026-03-20 02:03:49
10,Running,2026-03-20 02:03:04,2026-03-20 02:04:04
11,Starved,2026-03-20 02:03:49,2026-03-20 02:04:04
3,Running,2026-03-20 02:03:10,2026-03-20 02:04:06
8,Running,2026-03-20 02:03:04,2026-03-20 02:04:09
3,Blocked,2026-03-20 02:04:06,2026-03-20 02:04:09
10,Starved,2026-03-20 02:04:04,2026-03-20 02:04:16
8,Blocked,2026-03-20 02:04:09,2026-03-20 02:04:16
12,Running,2026-03-20 02:03:49,2026-03-20 02:04:43
11,Running,2026-03-20 02:04:04,2026-03-20 02:05:02
12,Starved,2026-03-20 02:04:43,2026-03-20 02:05:02
8,Running,2026-03-20 02:04:16,2026-03-20 02:05:11
3,Running,2026-03-20 02:04:09,2026-03-20 02:05:13
10,Running,2026-03-20 02:04:16,2026-03-20 02:05:13
11,Starved,2026-03-20 02:05:02,2026-03-20 02:05:13
3,Blocked,2026-03-20 02:05:13,2026-03-20 02:05:15
10,Starved,2026-03-20 02:05:13,2026-03-20 02:05:15
8,Blocked,2026-03-20 02:05:11,2026-03-20 02:05:15
12,Running,2026-03-20 02:05:02,2026-03-20 02:05:57
10,Running,2026-03-20 02:05:15,2026-03-20 02:06:05
12,Starved,2026-03-20 02:05:57,2026-03-20 02:06:17
3,Running,2026-03-20 02:05:15,2026-03-20 02:06:18
10,Starved,2026-03-20 02:06:05,2026-03-20 02:06:21
3,Blocked,2026-03-20 02:06:18,2026-03-20 02:06:22
7,Running,2026-03-20 01:21:06,2026-03-20 02:06:50
3,Running,2026-03-20 02:06:22,2026-03-20 02:07:18
12,Running,2026-03-20 02:06:17,2026-03-20 02:07:22
3,Blocked,2026-03-20 02:07:18,2026-03-20 02:07:27
11,Running,2026-03-20 02:05:13,2026-03-20 02:07:27
12,Starved,2026-03-20 02:07:22,2026-03-20 02:07:27
12,Running,2026-03-20 02:07:27,2026-03-20 02:08:23
3,Running,2026-03-20 02:07:27,2026-03-20 02:08:23
3,Blocked,2026-03-20 02:08:23,2026-03-20 02:08:38
10,Running,2026-03-20 02:06:21,2026-03-20 02:09:17
10,Starved,2026-03-20 02:09:17,2026-03-20 02:09:19
3,Running,2026-03-20 02:08:38,2026-03-20 02:09:35
2,Running,2026-03-20 01:38:35,2026-03-20 02:09:45
3,Blocked,2026-03-20 02:09:35,2026-03-20 02:10:00
2,Blocked,2026-03-20 02:09:45,2026-03-20 02:10:00
10,Running,2026-03-20 02:09:19,2026-03-20 02:10:16
11,Down,2026-03-20 02:07:27,2026-03-20 02:10:23
10,Starved,2026-03-20 02:10:16,2026-03-20 02:10:31
2,Running,2026-03-20 02:10:00,2026-03-20 02:11:03
2,Blocked,2026-03-20 02:11:03,2026-03-20 02:11:05
12,Starved,2026-03-20 02:08:23,2026-03-20 02:11:16
10,Running,2026-03-20 02:10:31,2026-03-20 02:11:27
8,Running,2026-03-20 02:05:15,2026-03-20 02:11:37
10,Starved,2026-03-20 02:11:27,2026-03-20 02:11:38
8,Blocked,2026-03-20 02:11:37,2026-03-20 02:11:38
2,Running,2026-03-20 02:11:05,2026-03-20 02:12:06
2,Blocked,2026-03-20 02:12:06,2026-03-20 02:12:06
12,Running,2026-03-20 02:11:16,2026-03-20 02:12:13
12,Starved,2026-03-20 02:12:13,2026-03-20 02:12:21
10,Running,2026-03-20 02:11:38,2026-03-20 02:12:33
10,Starved,2026-03-20 02:12:33,2026-03-20 02:12:37
3,Running,2026-03-20 02:10:00,2026-03-20 02:13:04
2,Running,2026-03-20 02:12:06,2026-03-20 02:13:10
5,Running,2026-03-20 01:58:10,2026-03-20 02:13:33
5,Starved,2026-03-20 02:13:33,2026-03-20 02:13:35
3,Blocked,2026-03-20 02:13:04,2026-03-20 02:13:35
2,Blocked,2026-03-20 02:13:10,2026-03-20 02:13:35
6,Down,2026-03-20 02:00:15,2026-03-20 02:13:35
9,Running,2026-03-20 01:23:44,2026-03-20 02:13:37
8,Running,2026-03-20 02:11:38,2026-03-20 02:13:38
12,Running,2026-03-20 02:12:21,2026-03-20 02:14:18
12,Starved,2026-03-20 02:14:18,2026-03-20 02:14:21
7,Starved,2026-03-20 02:06:50,2026-03-20 02:14:33
10,Running,2026-03-20 02:12:37,2026-03-20 02:14:40
1,Running,2026-03-20 01:52:20,2026-03-20 02:14:41
1,Blocked,2026-03-20 02:14:41,2026-03-20 02:14:44
9,Down,2026-03-20 02:13:37,2026-03-20 02:15:19
8,Blocked,2026-03-20 02:13:38,2026-03-20 02:15:19
1,Running,2026-03-20 02:14:44,2026-03-20 02:15:43
1,Blocked,2026-03-20 02:15:43,2026-03-20 02:15:46
10,Starved,2026-03-20 02:14:40,2026-03-20 02:16:10
12,Running,2026-03-20 02:14:21,2026-03-20 02:16:17
12,Starved,2026-03-20 02:16:17,2026-03-20 02:16:23
3,Running,2026-03-20 02:13:35,2026-03-20 02:16:35
2,Running,2026-03-20 02:13:35,2026-03-20 02:16:46
1,Running,2026-03-20 02:15:46,2026-03-20 02:16:47
5,Running,2026-03-20 02:13:35,2026-03-20 02:16:48
5,Starved,2026-03-20 02:16:48,2026-03-20 02:17:07
3,Blocked,2026-03-20 02:16:35,2026-03-20 02:17:07
2,Blocked,2026-03-20 02:16:46,2026-03-20 02:17:07
1,Blocked,2026-03-20 02:16:47,2026-03-20 02:17:07
2,Running,2026-03-20 02:17:07,2026-03-20 02:18:01
10,Running,2026-03-20 02:16:10,2026-03-20 02:18:08
3,Running,2026-03-20 02:17:07,2026-03-20 02:18:08
1,Running,2026-03-20 02:17:07,2026-03-20 02:18:10
10,Starved,2026-03-20 02:18:08,2026-03-20 02:18:12
5,Running,2026-03-20 02:17:07,2026-03-20 02:18:13
12,Running,2026-03-20 02:16:23,2026-03-20 02:18:18
12,Starved,2026-03-20 02:18:18,2026-03-20 02:18:25
5,Starved,2026-03-20 02:18:13,2026-03-20 02:18:38
3,Blocked,2026-03-20 02:18:08,2026-03-20 02:18:38
2,Blocked,2026-03-20 02:18:01,2026-03-20 02:18:38
1,Blocked,2026-03-20 02:18:10,2026-03-20 02:18:38
10,Running,2026-03-20 02:18:12,2026-03-20 02:19:06
10,Starved,2026-03-20 02:19:06,2026-03-20 02:19:10
12,Running,2026-03-20 02:18:25,2026-03-20 02:19:27
12,Starved,2026-03-20 02:19:27,2026-03-20 02:19:28
3,Running,2026-03-20 02:18:38,2026-03-20 02:19:38
5,Running,2026-03-20 02:18:38,2026-03-20 02:19:41
3,Blocked,2026-03-20 02:19:38,2026-03-20 02:19:41
1,Running,2026-03-20 02:18:38,2026-03-20 02:19:43
1,Blocked,2026-03-20 02:19:43,2026-03-20 02:19:44
6,Running,2026-03-20 02:13:35,2026-03-20 02:20:06
6,Down,2026-03-20 02:20:06,2026-03-20 02:20:23
12,Running,2026-03-20 02:19:28,2026-03-20 02:20:25
5,Down,2026-03-20 02:19:41,2026-03-20 02:20:29
12,Starved,2026-03-20 02:20:25,2026-03-20 02:20:32
1,Running,2026-03-20 02:19:44,2026-03-20 02:20:42
3,Running,2026-03-20 02:19:41,2026-03-20 02:20:44
3,Blocked,2026-03-20 02:20:44,2026-03-20 02:20:45
1,Blocked,2026-03-20 02:20:42,2026-03-20 02:20:49
10,Running,2026-03-20 02:19:10,2026-03-20 02:21:11
10,Starved,2026-03-20 02:21:11,2026-03-20 02:21:13
3,Running,2026-03-20 02:20:45,2026-03-20 02:21:42
2,Running,2026-03-20 02:18:38,2026-03-20 02:21:51
1,Running,2026-03-20 02:20:49,2026-03-20 02:22:00
3,Blocked,2026-03-20 02:21:42,2026-03-20 02:22:13
2,Blocked,2026-03-20 02:21:51,2026-03-20 02:22:13
1,Blocked,2026-03-20 02:22:00,2026-03-20 02:22:13
10,Running,2026-03-20 02:21:13,2026-03-20 02:22:14
8,Running,2026-03-20 02:15:19,2026-03-20 02:22:25
10,Starved,2026-03-20 02:22:14,2026-03-20 02:22:40
8,Blocked,2026-03-20 02:22:25,2026-03-20 02:22:40
2,Running,2026-03-20 02:22:13,2026-03-20 02:23:08
1,Running,2026-03-20 02:22:13,2026-03-20 02:23:16
3,Running,2026-03-20 02:22:13,2026-03-20 02:23:22
8,Running,2026-03-20 02:22:40,2026-03-20 02:23:31
5,Running,2026-03-20 02:20:29,2026-03-20 02:23:34
5,Starved,2026-03-20 02:23:34,2026-03-20 02:23:34
3,Blocked,2026-03-20 02:23:22,2026-03-20 02:23:34
2,Blocked,2026-03-20 02:23:08,2026-03-20 02:23:34
1,Blocked,2026-03-20 02:23:16,2026-03-20 02:23:34
8,Blocked,2026-03-20 02:23:31,2026-03-20 02:23:42
2,Running,2026-03-20 02:23:34,2026-03-20 02:24:27
5,Running,2026-03-20 02:23:34,2026-03-20 02:24:29
1,Running,2026-03-20 02:23:34,2026-03-20 02:24:33
3,Running,2026-03-20 02:23:34,2026-03-20 02:24:38
5,Starved,2026-03-20 02:24:29,2026-03-20 02:24:47
3,Blocked,2026-03-20 02:24:38,2026-03-20 02:24:47
2,Blocked,2026-03-20 02:24:27,2026-03-20 02:24:47
1,Blocked,2026-03-20 02:24:33,2026-03-20 02:24:47
5,Running,2026-03-20 02:24:47,2026-03-20 02:25:38
1,Running,2026-03-20 02:24:47,2026-03-20 02:25:41
3,Running,2026-03-20 02:24:47,2026-03-20 02:25:49
5,Starved,2026-03-20 02:25:38,2026-03-20 02:25:53
3,Blocked,2026-03-20 02:25:49,2026-03-20 02:25:53
1,Blocked,2026-03-20 02:25:41,2026-03-20 02:25:58
3,Running,2026-03-20 02:25:53,2026-03-20 02:26:54
5,Running,2026-03-20 02:25:53,2026-03-20 02:26:54
1,Running,2026-03-20 02:25:58,2026-03-20 02:27:04
5,Starved,2026-03-20 02:26:54,2026-03-20 02:27:13
3,Blocked,2026-03-20 02:26:54,2026-03-20 02:27:13
1,Blocked,2026-03-20 02:27:04,2026-03-20 02:27:15
3,Running,2026-03-20 02:27:13,2026-03-20 02:28:04
5,Running,2026-03-20 02:27:13,2026-03-20 02:28:13
1,Running,2026-03-20 02:27:15,2026-03-20 02:28:18
5,Starved,2026-03-20 02:28:13,2026-03-20 02:28:24
3,Blocked,2026-03-20 02:28:04,2026-03-20 02:28:24
1,Blocked,2026-03-20 02:28:18,2026-03-20 02:28:26
10,Running,2026-03-20 02:22:40,2026-03-20 02:28:51
10,Starved,2026-03-20 02:28:51,2026-03-20 02:28:54
3,Running,2026-03-20 02:28:24,2026-03-20 02:29:15
1,Running,2026-03-20 02:28:26,2026-03-20 02:29:20
3,Blocked,2026-03-20 02:29:15,2026-03-20 02:29:25
1,Blocked,2026-03-20 02:29:20,2026-03-20 02:29:28
10,Running,2026-03-20 02:28:54,2026-03-20 02:29:53
8,Running,2026-03-20 02:23:42,2026-03-20 02:29:55
10,Starved,2026-03-20 02:29:53,2026-03-20 02:30:09
8,Blocked,2026-03-20 02:29:55,2026-03-20 02:30:09
2,Running,2026-03-20 02:24:47,2026-03-20 02:30:18
2,Blocked,2026-03-20 02:30:18,2026-03-20 02:30:25
8,Running,2026-03-20 02:30:09,2026-03-20 02:30:58
10,Running,2026-03-20 02:30:09,2026-03-20 02:31:09
2,Running,2026-03-20 02:30:25,2026-03-20 02:31:19
5,Running,2026-03-20 02:28:24,2026-03-20 02:31:27
10,Starved,2026-03-20 02:31:09,2026-03-20 02:31:28
8,Blocked,2026-03-20 02:30:58,2026-03-20 02:31:28
3,Running,2026-03-20 02:29:25,2026-03-20 02:31:29
5,Starved,2026-03-20 02:31:27,2026-03-20 02:31:31
3,Blocked,2026-03-20 02:31:29,2026-03-20 02:31:31
2,Blocked,2026-03-20 02:31:19,2026-03-20 02:31:31
10,Running,2026-03-20 02:31:28,2026-03-20 02:32:24
2,Running,2026-03-20 02:31:31,2026-03-20 02:32:33
8,Running,2026-03-20 02:31:28,2026-03-20 02:32:33
5,Running,2026-03-20 02:31:31,2026-03-20 02:32:35
10,Starved,2026-03-20 02:32:24,2026-03-20 02:32:39
8,Blocked,2026-03-20 02:32:33,2026-03-20 02:32:39
3,Running,2026-03-20 02:31:31,2026-03-20 02:32:39
1,Running,2026-03-20 02:29:28,2026-03-20 02:32:47
5,Starved,2026-03-20 02:32:35,2026-03-20 02:32:53
3,Blocked,2026-03-20 02:32:39,2026-03-20 02:32:53
2,Blocked,2026-03-20 02:32:33,2026-03-20 02:32:53
1,Blocked,2026-03-20 02:32:47,2026-03-20 02:32:53
8,Running,2026-03-20 02:32:39,2026-03-20 02:33:35
10,Running,2026-03-20 02:32:39,2026-03-20 02:33:35
10,Starved,2026-03-20 02:33:35,2026-03-20 02:33:45
8,Blocked,2026-03-20 02:33:35,2026-03-20 02:33:45
2,Running,2026-03-20 02:32:53,2026-03-20 02:33:51
3,Running,2026-03-20 02:32:53,2026-03-20 02:33:51
1,Running,2026-03-20 02:32:53,2026-03-20 02:33:55
5,Running,2026-03-20 02:32:53,2026-03-20 02:34:00
5,Starved,2026-03-20 02:34:00,2026-03-20 02:34:23
3,Blocked,2026-03-20 02:33:51,2026-03-20 02:34:23
2,Blocked,2026-03-20 02:33:51,2026-03-20 02:34:23
1,Blocked,2026-03-20 02:33:55,2026-03-20 02:34:23
10,Running,2026-03-20 02:33:45,2026-03-20 02:34:37
8,Running,2026-03-20 02:33:45,2026-03-20 02:34:47
10,Starved,2026-03-20 02:34:37,2026-03-20 02:35:08
8,Blocked,2026-03-20 02:34:47,2026-03-20 02:35:08
5,Running,2026-03-20 02:34:23,2026-03-20 02:35:19
1,Running,2026-03-20 02:34:23,2026-03-20 02:35:23
5,Starved,2026-03-20 02:35:19,2026-03-20 02:35:23
1,Blocked,2026-03-20 02:35:23,2026-03-20 02:35:33
11,Running,2026-03-20 02:10:23,2026-03-20 02:35:40
8,Running,2026-03-20 02:35:08,2026-03-20 02:36:05
10,Running,2026-03-20 02:35:08,2026-03-20 02:36:06
11,Starved,2026-03-20 02:35:40,2026-03-20 02:36:06
10,Starved,2026-03-20 02:36:06,2026-03-20 02:36:08
8,Blocked,2026-03-20 02:36:05,2026-03-20 02:36:08
3,Running,2026-03-20 02:34:23,2026-03-20 02:36:20
3,Blocked,2026-03-20 02:36:20,2026-03-20 02:36:23
5,Running,2026-03-20 02:35:23,2026-03-20 02:36:30
1,Running,2026-03-20 02:35:33,2026-03-20 02:36:31
1,Blocked,2026-03-20 02:36:31,2026-03-20 02:36:37
12,Running,2026-03-20 02:20:32,2026-03-20 02:36:56
11,Running,2026-03-20 02:36:06,2026-03-20 02:37:10
12,Starved,2026-03-20 02:36:56,2026-03-20 02:37:10
11,Starved,2026-03-20 02:37:10,2026-03-20 02:37:12
3,Running,2026-03-20 02:36:23,2026-03-20 02:37:18
3,Blocked,2026-03-20 02:37:18,2026-03-20 02:37:20
1,Running,2026-03-20 02:36:37,2026-03-20 02:37:45
1,Blocked,2026-03-20 02:37:45,2026-03-20 02:37:47
5,Down,2026-03-20 02:36:30,2026-03-20 02:37:59
12,Running,2026-03-20 02:37:10,2026-03-20 02:38:09
3,Running,2026-03-20 02:37:20,2026-03-20 02:38:16
12,Starved,2026-03-20 02:38:09,2026-03-20 02:38:16
3,Blocked,2026-03-20 02:38:16,2026-03-20 02:38:20
1,Running,2026-03-20 02:37:47,2026-03-20 02:38:43
1,Blocked,2026-03-20 02:38:43,2026-03-20 02:38:54
11,Running,2026-03-20 02:37:12,2026-03-20 02:39:11
3,Running,2026-03-20 02:38:20,2026-03-20 02:39:22
11,Starved,2026-03-20 02:39:11,2026-03-20 02:39:23
4,Running,2026-03-19 23:58:47,2026-03-20 02:39:29
2,Running,2026-03-20 02:34:23,2026-03-20 02:39:53
1,Running,2026-03-20 02:38:54,2026-03-20 02:40:02
12,Running,2026-03-20 02:38:16,2026-03-20 02:40:11
11,Running,2026-03-20 02:39:23,2026-03-20 02:40:16
12,Starved,2026-03-20 02:40:11,2026-03-20 02:40:16
11,Starved,2026-03-20 02:40:16,2026-03-20 02:40:27
12,Running,2026-03-20 02:40:16,2026-03-20 02:41:12
11,Running,2026-03-20 02:40:27,2026-03-20 02:41:21
12,Starved,2026-03-20 02:41:12,2026-03-20 02:41:21
11,Starved,2026-03-20 02:41:21,2026-03-20 02:41:21
5,Running,2026-03-20 02:37:59,2026-03-20 02:42:03
8,Running,2026-03-20 02:36:08,2026-03-20 02:42:06
4,Down,2026-03-20 02:39:29,2026-03-20 02:42:10
3,Blocked,2026-03-20 02:39:22,2026-03-20 02:42:10
2,Blocked,2026-03-20 02:39:53,2026-03-20 02:42:10
1,Blocked,2026-03-20 02:40:02,2026-03-20 02:42:10
11,Running,2026-03-20 02:41:21,2026-03-20 02:42:13
10,Running,2026-03-20 02:36:08,2026-03-20 02:42:21
11,Starved,2026-03-20 02:42:13,2026-03-20 02:42:21
10,Starved,2026-03-20 02:42:21,2026-03-20 02:42:24
8,Blocked,2026-03-20 02:42:06,2026-03-20 02:42:24
3,Running,2026-03-20 02:42:10,2026-03-20 02:43:10
1,Running,2026-03-20 02:42:10,2026-03-20 02:43:10
2,Running,2026-03-20 02:42:10,2026-03-20 02:43:11
11,Running,2026-03-20 02:42:21,2026-03-20 02:43:19
5,Starved,2026-03-20 02:42:03,2026-03-20 02:43:20
3,Blocked,2026-03-20 02:43:10,2026-03-20 02:43:20
2,Blocked,2026-03-20 02:43:11,2026-03-20 02:43:20
1,Blocked,2026-03-20 02:43:10,2026-03-20 02:43:20
11,Starved,2026-03-20 02:43:19,2026-03-20 02:43:23
2,Running,2026-03-20 02:43:20,2026-03-20 02:44:12
1,Running,2026-03-20 02:43:20,2026-03-20 02:44:13
3,Running,2026-03-20 02:43:20,2026-03-20 02:44:15
10,Running,2026-03-20 02:42:24,2026-03-20 02:44:17
10,Starved,2026-03-20 02:44:17,2026-03-20 02:44:17
5,Running,2026-03-20 02:43:20,2026-03-20 02:44:21
5,Starved,2026-03-20 02:44:21,2026-03-20 02:44:26
3,Blocked,2026-03-20 02:44:15,2026-03-20 02:44:26
2,Blocked,2026-03-20 02:44:12,2026-03-20 02:44:26
1,Blocked,2026-03-20 02:44:13,2026-03-20 02:44:26
12,Running,2026-03-20 02:41:21,2026-03-20 02:44:27
12,Starved,2026-03-20 02:44:27,2026-03-20 02:44:29
10,Running,2026-03-20 02:44:17,2026-03-20 02:45:19
3,Running,2026-03-20 02:44:26,2026-03-20 02:45:20
1,Running,2026-03-20 02:44:26,2026-03-20 02:45:22
10,Starved,2026-03-20 02:45:19,2026-03-20 02:45:24
5,Running,2026-03-20 02:44:26,2026-03-20 02:45:29
2,Running,2026-03-20 02:44:26,2026-03-20 02:45:30
5,Starved,2026-03-20 02:45:29,2026-03-20 02:45:40
3,Blocked,2026-03-20 02:45:20,2026-03-20 02:45:40
2,Blocked,2026-03-20 02:45:30,2026-03-20 02:45:40
1,Blocked,2026-03-20 02:45:22,2026-03-20 02:45:40
10,Running,2026-03-20 02:45:24,2026-03-20 02:46:22
10,Starved,2026-03-20 02:46:22,2026-03-20 02:46:23
2,Running,2026-03-20 02:45:40,2026-03-20 02:46:35
1,Running,2026-03-20 02:45:40,2026-03-20 02:46:38
2,Blocked,2026-03-20 02:46:35,2026-03-20 02:46:47
1,Blocked,2026-03-20 02:46:38,2026-03-20 02:46:47
12,Running,2026-03-20 02:44:29,2026-03-20 02:47:33
12,Starved,2026-03-20 02:47:33,2026-03-20 02:47:38
5,Running,2026-03-20 02:45:40,2026-03-20 02:47:42
3,Running,2026-03-20 02:45:40,2026-03-20 02:47:47
1,Running,2026-03-20 02:46:47,2026-03-20 02:47:53
2,Running,2026-03-20 02:46:47,2026-03-20 02:47:54
5,Starved,2026-03-20 02:47:42,2026-03-20 02:47:57
3,Blocked,2026-03-20 02:47:47,2026-03-20 02:47:57
2,Blocked,2026-03-20 02:47:54,2026-03-20 02:47:57
1,Blocked,2026-03-20 02:47:53,2026-03-20 02:47:57
10,Running,2026-03-20 02:46:23,2026-03-20 02:48:18
12,Running,2026-03-20 02:47:38,2026-03-20 02:48:35
10,Starved,2026-03-20 02:48:18,2026-03-20 02:48:36
12,Starved,2026-03-20 02:48:35,2026-03-20 02:48:46
5,Running,2026-03-20 02:47:57,2026-03-20 02:48:46
2,Running,2026-03-20 02:47:57,2026-03-20 02:48:50
1,Running,2026-03-20 02:47:57,2026-03-20 02:48:52
3,Running,2026-03-20 02:47:57,2026-03-20 02:48:57
5,Starved,2026-03-20 02:48:46,2026-03-20 02:48:59
3,Blocked,2026-03-20 02:48:57,2026-03-20 02:48:59
2,Blocked,2026-03-20 02:48:50,2026-03-20 02:48:59
1,Blocked,2026-03-20 02:48:52,2026-03-20 02:48:59
10,Running,2026-03-20 02:48:36,2026-03-20 02:49:27
1,Running,2026-03-20 02:48:59,2026-03-20 02:49:49
8,Running,2026-03-20 02:42:24,2026-03-20 02:49:50
10,Starved,2026-03-20 02:49:27,2026-03-20 02:49:50
8,Blocked,2026-03-20 02:49:50,2026-03-20 02:49:50
3,Running,2026-03-20 02:48:59,2026-03-20 02:49:51
2,Running,2026-03-20 02:48:59,2026-03-20 02:49:53
5,Running,2026-03-20 02:48:59,2026-03-20 02:50:07
5,Starved,2026-03-20 02:50:07,2026-03-20 02:50:12
3,Blocked,2026-03-20 02:49:51,2026-03-20 02:50:12
2,Blocked,2026-03-20 02:49:53,2026-03-20 02:50:12
1,Blocked,2026-03-20 02:49:49,2026-03-20 02:50:12
11,Running,2026-03-20 02:43:23,2026-03-20 02:50:47
10,Running,2026-03-20 02:49:50,2026-03-20 02:50:49
11,Starved,2026-03-20 02:50:47,2026-03-20 02:50:49
10,Starved,2026-03-20 02:50:49,2026-03-20 02:50:50
5,Running,2026-03-20 02:50:12,2026-03-20 02:50:59
2,Running,2026-03-20 02:50:12,2026-03-20 02:51:04
3,Running,2026-03-20 02:50:12,2026-03-20 02:51:07
1,Running,2026-03-20 02:50:12,2026-03-20 02:51:11
5,Starved,2026-03-20 02:50:59,2026-03-20 02:51:47
3,Blocked,2026-03-20 02:51:07,2026-03-20 02:51:47
2,Blocked,2026-03-20 02:51:04,2026-03-20 02:51:47
1,Blocked,2026-03-20 02:51:11,2026-03-20 02:51:47
11,Running,2026-03-20 02:50:49,2026-03-20 02:51:51
8,Running,2026-03-20 02:49:50,2026-03-20 02:51:53
8,Blocked,2026-03-20 02:51:53,2026-03-20 02:51:56
11,Starved,2026-03-20 02:51:51,2026-03-20 02:51:56
2,Running,2026-03-20 02:51:47,2026-03-20 02:52:39
5,Running,2026-03-20 02:51:47,2026-03-20 02:52:42
3,Running,2026-03-20 02:51:47,2026-03-20 02:52:45
1,Running,2026-03-20 02:51:47,2026-03-20 02:52:50
8,Running,2026-03-20 02:51:56,2026-03-20 02:52:51
5,Starved,2026-03-20 02:52:42,2026-03-20 02:52:59
3,Blocked,2026-03-20 02:52:45,2026-03-20 02:52:59
2,Blocked,2026-03-20 02:52:39,2026-03-20 02:52:59
1,Blocked,2026-03-20 02:52:50,2026-03-20 02:52:59
12,Running,2026-03-20 02:48:46,2026-03-20 02:53:03
10,Running,2026-03-20 02:50:50,2026-03-20 02:53:06
10,Starved,2026-03-20 02:53:06,2026-03-20 02:53:12
8,Blocked,2026-03-20 02:52:51,2026-03-20 02:53:12
12,Starved,2026-03-20 02:53:03,2026-03-20 02:53:12
3,Running,2026-03-20 02:52:59,2026-03-20 02:53:54
5,Running,2026-03-20 02:52:59,2026-03-20 02:53:55
2,Running,2026-03-20 02:52:59,2026-03-20 02:53:56
1,Running,2026-03-20 02:52:59,2026-03-20 02:53:59
5,Starved,2026-03-20 02:53:55,2026-03-20 02:54:03
3,Blocked,2026-03-20 02:53:54,2026-03-20 02:54:03
2,Blocked,2026-03-20 02:53:56,2026-03-20 02:54:03
1,Blocked,2026-03-20 02:53:59,2026-03-20 02:54:03
5,Running,2026-03-20 02:54:03,2026-03-20 02:54:59
3,Running,2026-03-20 02:54:03,2026-03-20 02:55:00
5,Starved,2026-03-20 02:54:59,2026-03-20 02:55:01
3,Blocked,2026-03-20 02:55:00,2026-03-20 02:55:01
11,Running,2026-03-20 02:51:56,2026-03-20 02:55:11
11,Starved,2026-03-20 02:55:11,2026-03-20 02:55:16
2,Running,2026-03-20 02:54:03,2026-03-20 02:56:02
1,Running,2026-03-20 02:54:03,2026-03-20 02:56:04
2,Blocked,2026-03-20 02:56:02,2026-03-20 02:56:07
1,Blocked,2026-03-20 02:56:04,2026-03-20 02:56:07
10,Running,2026-03-20 02:53:12,2026-03-20 02:56:56
2,Running,2026-03-20 02:56:07,2026-03-20 02:57:02
5,Running,2026-03-20 02:55:01,2026-03-20 02:57:06
10,Starved,2026-03-20 02:56:56,2026-03-20 02:57:06
5,Starved,2026-03-20 02:57:06,2026-03-20 02:57:10
2,Blocked,2026-03-20 02:57:02,2026-03-20 02:57:16
8,Running,2026-03-20 02:53:12,2026-03-20 02:57:21
10,Running,2026-03-20 02:57:06,2026-03-20 02:58:02
10,Starved,2026-03-20 02:58:02,2026-03-20 02:58:22
8,Down,2026-03-20 02:57:21,2026-03-20 02:58:33
11,Running,2026-03-20 02:55:16,2026-03-20 02:59:01
11,Starved,2026-03-20 02:59:01,2026-03-20 02:59:27
9,Running,2026-03-20 02:15:19,2026-03-20 03:00:10
3,Running,2026-03-20 02:55:01,2026-03-20 03:00:12
3,Blocked,2026-03-20 03:00:12,2026-03-20 03:00:17
12,Running,2026-03-20 02:53:12,2026-03-20 03:00:17
12,Starved,2026-03-20 03:00:17,2026-03-20 03:00:25
1,Down,2026-03-20 02:56:07,2026-03-20 03:00:36
2,Running,2026-03-20 02:57:16,2026-03-20 03:01:06
2,Blocked,2026-03-20 03:01:06,2026-03-20 03:01:20
8,Running,2026-03-20 02:58:33,2026-03-20 03:01:22
10,Running,2026-03-20 02:58:22,2026-03-20 03:01:25
5,Running,2026-03-20 02:57:10,2026-03-20 03:02:20
3,Running,2026-03-20 03:00:17,2026-03-20 03:02:21
11,Running,2026-03-20 02:59:27,2026-03-20 03:02:24
2,Running,2026-03-20 03:01:20,2026-03-20 03:02:25
5,Starved,2026-03-20 03:02:20,2026-03-20 03:02:35
3,Blocked,2026-03-20 03:02:21,2026-03-20 03:02:35
2,Blocked,2026-03-20 03:02:25,2026-03-20 03:02:35
3,Running,2026-03-20 03:02:35,2026-03-20 03:03:27
5,Running,2026-03-20 03:02:35,2026-03-20 03:03:31
2,Running,2026-03-20 03:02:35,2026-03-20 03:03:35
5,Starved,2026-03-20 03:03:31,2026-03-20 03:03:37
3,Blocked,2026-03-20 03:03:27,2026-03-20 03:03:37
2,Blocked,2026-03-20 03:03:35,2026-03-20 03:03:37
12,Running,2026-03-20 03:00:25,2026-03-20 03:03:48
9,Down,2026-03-20 03:00:10,2026-03-20 03:04:29
8,Blocked,2026-03-20 03:01:22,2026-03-20 03:04:29
5,Running,2026-03-20 03:03:37,2026-03-20 03:04:38
2,Running,2026-03-20 03:03:37,2026-03-20 03:04:40
3,Running,2026-03-20 03:03:37,2026-03-20 03:04:50
5,Starved,2026-03-20 03:04:38,2026-03-20 03:04:59
3,Blocked,2026-03-20 03:04:50,2026-03-20 03:04:59
2,Blocked,2026-03-20 03:04:40,2026-03-20 03:04:59
8,Running,2026-03-20 03:04:29,2026-03-20 03:05:25
10,Starved,2026-03-20 03:01:25,2026-03-20 03:05:32
8,Blocked,2026-03-20 03:05:25,2026-03-20 03:05:32
10,Running,2026-03-20 03:05:32,2026-03-20 03:06:23
11,Starved,2026-03-20 03:02:24,2026-03-20 03:06:23
8,Running,2026-03-20 03:05:32,2026-03-20 03:06:25
10,Starved,2026-03-20 03:06:23,2026-03-20 03:06:47
8,Blocked,2026-03-20 03:06:25,2026-03-20 03:06:47
2,Running,2026-03-20 03:04:59,2026-03-20 03:06:59
2,Blocked,2026-03-20 03:06:59,2026-03-20 03:06:59
11,Running,2026-03-20 03:06:23,2026-03-20 03:07:19
12,Starved,2026-03-20 03:03:48,2026-03-20 03:07:19
10,Running,2026-03-20 03:06:47,2026-03-20 03:07:42
11,Starved,2026-03-20 03:07:19,2026-03-20 03:07:42
8,Running,2026-03-20 03:06:47,2026-03-20 03:07:54
10,Starved,2026-03-20 03:07:42,2026-03-20 03:07:55
8,Blocked,2026-03-20 03:07:54,2026-03-20 03:07:55
3,Running,2026-03-20 03:04:59,2026-03-20 03:07:58
2,Running,2026-03-20 03:06:59,2026-03-20 03:08:01
12,Running,2026-03-20 03:07:19,2026-03-20 03:08:26
11,Running,2026-03-20 03:07:42,2026-03-20 03:08:47
12,Starved,2026-03-20 03:08:26,2026-03-20 03:08:47
8,Running,2026-03-20 03:07:55,2026-03-20 03:08:50
8,Blocked,2026-03-20 03:08:50,2026-03-20 03:08:54
11,Starved,2026-03-20 03:08:47,2026-03-20 03:08:57
12,Running,2026-03-20 03:08:47,2026-03-20 03:09:52
12,Starved,2026-03-20 03:09:52,2026-03-20 03:10:03
5,Running,2026-03-20 03:04:59,2026-03-20 03:10:03
5,Starved,2026-03-20 03:10:03,2026-03-20 03:10:06
12,Running,2026-03-20 03:10:03,2026-03-20 03:10:58
12,Starved,2026-03-20 03:10:58,2026-03-20 03:11:09
1,Running,2026-03-20 03:00:36,2026-03-20 03:11:20
3,Down,2026-03-20 03:07:58,2026-03-20 03:11:34
2,Blocked,2026-03-20 03:08:01,2026-03-20 03:11:34
1,Blocked,2026-03-20 03:11:20,2026-03-20 03:11:34
12,Running,2026-03-20 03:11:09,2026-03-20 03:12:14
12,Starved,2026-03-20 03:12:14,2026-03-20 03:12:17
5,Running,2026-03-20 03:10:06,2026-03-20 03:12:17
1,Running,2026-03-20 03:11:34,2026-03-20 03:12:32
5,Starved,2026-03-20 03:12:17,2026-03-20 03:12:33
1,Blocked,2026-03-20 03:12:32,2026-03-20 03:12:41
5,Running,2026-03-20 03:12:33,2026-03-20 03:13:26
1,Running,2026-03-20 03:12:41,2026-03-20 03:13:33
10,Running,2026-03-20 03:07:55,2026-03-20 03:13:37
5,Starved,2026-03-20 03:13:26,2026-03-20 03:13:38
10,Starved,2026-03-20 03:13:37,2026-03-20 03:13:50
1,Blocked,2026-03-20 03:13:33,2026-03-20 03:13:52
10,Running,2026-03-20 03:13:50,2026-03-20 03:14:46
8,Running,2026-03-20 03:08:54,2026-03-20 03:14:53
1,Running,2026-03-20 03:13:52,2026-03-20 03:14:55
1,Blocked,2026-03-20 03:14:55,2026-03-20 03:14:56
10,Starved,2026-03-20 03:14:46,2026-03-20 03:14:57
8,Blocked,2026-03-20 03:14:53,2026-03-20 03:14:57
5,Running,2026-03-20 03:13:38,2026-03-20 03:15:39
5,Starved,2026-03-20 03:15:39,2026-03-20 03:15:50
11,Running,2026-03-20 03:08:57,2026-03-20 03:15:56
11,Starved,2026-03-20 03:15:56,2026-03-20 03:15:58
1,Running,2026-03-20 03:14:56,2026-03-20 03:16:02
1,Blocked,2026-03-20 03:16:02,2026-03-20 03:16:05
5,Running,2026-03-20 03:15:50,2026-03-20 03:16:43
5,Starved,2026-03-20 03:16:43,2026-03-20 03:16:51
8,Running,2026-03-20 03:14:57,2026-03-20 03:16:51
8,Blocked,2026-03-20 03:16:51,2026-03-20 03:16:54
5,Running,2026-03-20 03:16:51,2026-03-20 03:17:50
10,Running,2026-03-20 03:14:57,2026-03-20 03:17:51
5,Starved,2026-03-20 03:17:50,2026-03-20 03:17:54
10,Starved,2026-03-20 03:17:51,2026-03-20 03:17:57
1,Running,2026-03-20 03:16:05,2026-03-20 03:17:58
1,Blocked,2026-03-20 03:17:58,2026-03-20 03:18:11
10,Running,2026-03-20 03:17:57,2026-03-20 03:18:46
5,Running,2026-03-20 03:17:54,2026-03-20 03:18:48
5,Starved,2026-03-20 03:18:48,2026-03-20 03:18:51
8,Running,2026-03-20 03:16:54,2026-03-20 03:18:53
10,Starved,2026-03-20 03:18:46,2026-03-20 03:18:57
8,Blocked,2026-03-20 03:18:53,2026-03-20 03:18:57
10,Running,2026-03-20 03:18:57,2026-03-20 03:19:51
10,Starved,2026-03-20 03:19:51,2026-03-20 03:19:53
5,Running,2026-03-20 03:18:51,2026-03-20 03:19:58
5,Starved,2026-03-20 03:19:58,2026-03-20 03:20:02
10,Running,2026-03-20 03:19:53,2026-03-20 03:20:53
8,Running,2026-03-20 03:18:57,2026-03-20 03:20:58
10,Starved,2026-03-20 03:20:53,2026-03-20 03:21:01
8,Blocked,2026-03-20 03:20:58,2026-03-20 03:21:01
1,Running,2026-03-20 03:18:11,2026-03-20 03:21:02
1,Blocked,2026-03-20 03:21:02,2026-03-20 03:21:05
10,Running,2026-03-20 03:21:01,2026-03-20 03:21:58
10,Starved,2026-03-20 03:21:58,2026-03-20 03:22:00
10,Running,2026-03-20 03:22:00,2026-03-20 03:22:49
10,Starved,2026-03-20 03:22:49,2026-03-20 03:22:52
5,Running,2026-03-20 03:20:02,2026-03-20 03:22:59
5,Starved,2026-03-20 03:22:59,2026-03-20 03:23:24
10,Running,2026-03-20 03:22:52,2026-03-20 03:23:44
10,Starved,2026-03-20 03:23:44,2026-03-20 03:23:56
5,Running,2026-03-20 03:23:24,2026-03-20 03:24:20
5,Starved,2026-03-20 03:24:20,2026-03-20 03:24:56
5,Running,2026-03-20 03:24:56,2026-03-20 03:25:50
5,Starved,2026-03-20 03:25:50,2026-03-20 03:25:57
12,Running,2026-03-20 03:12:17,2026-03-20 03:27:21
12,Starved,2026-03-20 03:27:21,2026-03-20 03:27:22
5,Running,2026-03-20 03:25:57,2026-03-20 03:27:46
5,Starved,2026-03-20 03:27:46,2026-03-20 03:27:58
1,Running,2026-03-20 03:21:05,2026-03-20 03:28:14
12,Running,2026-03-20 03:27:22,2026-03-20 03:28:21
12,Starved,2026-03-20 03:28:21,2026-03-20 03:28:22
10,Running,2026-03-20 03:23:56,2026-03-20 03:28:48
10,Starved,2026-03-20 03:28:48,2026-03-20 03:28:49
5,Running,2026-03-20 03:27:58,2026-03-20 03:29:00
5,Starved,2026-03-20 03:29:00,2026-03-20 03:29:02
12,Running,2026-03-20 03:28:22,2026-03-20 03:30:17
12,Starved,2026-03-20 03:30:17,2026-03-20 03:30:21
5,Running,2026-03-20 03:29:02,2026-03-20 03:30:52
5,Starved,2026-03-20 03:30:52,2026-03-20 03:30:59
12,Running,2026-03-20 03:30:21,2026-03-20 03:31:24
12,Starved,2026-03-20 03:31:24,2026-03-20 03:31:30
12,Running,2026-03-20 03:31:30,2026-03-20 03:32:29
12,Starved,2026-03-20 03:32:29,2026-03-20 03:32:44
10,Running,2026-03-20 03:28:49,2026-03-20 03:32:57
1,Down,2026-03-20 03:28:14,2026-03-20 03:33:02
10,Starved,2026-03-20 03:32:57,2026-03-20 03:33:04
10,Running,2026-03-20 03:33:04,2026-03-20 03:33:55
10,Starved,2026-03-20 03:33:55,2026-03-20 03:34:00
5,Running,2026-03-20 03:30:59,2026-03-20 03:34:13
5,Starved,2026-03-20 03:34:13,2026-03-20 03:34:20
12,Running,2026-03-20 03:32:44,2026-03-20 03:34:41
12,Starved,2026-03-20 03:34:41,2026-03-20 03:34:45
10,Running,2026-03-20 03:34:00,2026-03-20 03:34:56
10,Starved,2026-03-20 03:34:56,2026-03-20 03:34:57
5,Running,2026-03-20 03:34:20,2026-03-20 03:35:19
5,Starved,2026-03-20 03:35:19,2026-03-20 03:35:28
12,Running,2026-03-20 03:34:45,2026-03-20 03:36:48
12,Starved,2026-03-20 03:36:48,2026-03-20 03:36:48
10,Running,2026-03-20 03:34:57,2026-03-20 03:36:51
10,Starved,2026-03-20 03:36:51,2026-03-20 03:36:57
5,Running,2026-03-20 03:35:28,2026-03-20 03:37:39
12,Running,2026-03-20 03:36:48,2026-03-20 03:37:41
5,Starved,2026-03-20 03:37:39,2026-03-20 03:37:45
12,Starved,2026-03-20 03:37:41,2026-03-20 03:37:49
8,Running,2026-03-20 03:21:01,2026-03-20 03:38:09
10,Running,2026-03-20 03:36:57,2026-03-20 03:38:51
10,Starved,2026-03-20 03:38:51,2026-03-20 03:38:54
7,Running,2026-03-20 02:14:33,2026-03-20 03:38:59
8,Down,2026-03-20 03:38:09,2026-03-20 03:39:19
12,Running,2026-03-20 03:37:49,2026-03-20 03:39:40
12,Starved,2026-03-20 03:39:40,2026-03-20 03:39:40
10,Running,2026-03-20 03:38:54,2026-03-20 03:39:54
10,Starved,2026-03-20 03:39:54,2026-03-20 03:39:57
7,Down,2026-03-20 03:38:59,2026-03-20 03:41:17
5,Running,2026-03-20 03:37:45,2026-03-20 03:42:34
6,Running,2026-03-20 02:20:23,2026-03-20 03:42:47
8,Running,2026-03-20 03:39:19,2026-03-20 03:42:50
5,Starved,2026-03-20 03:42:34,2026-03-20 03:42:59
8,Down,2026-03-20 03:42:50,2026-03-20 03:45:22
5,Running,2026-03-20 03:42:59,2026-03-20 03:46:12
5,Starved,2026-03-20 03:46:12,2026-03-20 03:46:22
10,Running,2026-03-20 03:39:57,2026-03-20 03:46:58
10,Starved,2026-03-20 03:46:58,2026-03-20 03:47:09
5,Running,2026-03-20 03:46:22,2026-03-20 03:47:21
3,Running,2026-03-20 03:11:34,2026-03-20 03:47:35
5,Starved,2026-03-20 03:47:21,2026-03-20 03:47:38
3,Blocked,2026-03-20 03:47:35,2026-03-20 03:47:38
5,Running,2026-03-20 03:47:38,2026-03-20 03:48:34
3,Running,2026-03-20 03:47:38,2026-03-20 03:48:40
5,Starved,2026-03-20 03:48:34,2026-03-20 03:48:55
3,Blocked,2026-03-20 03:48:40,2026-03-20 03:48:55
10,Running,2026-03-20 03:47:09,2026-03-20 03:49:05
10,Starved,2026-03-20 03:49:05,2026-03-20 03:49:14
10,Running,2026-03-20 03:49:14,2026-03-20 03:50:08
10,Starved,2026-03-20 03:50:08,2026-03-20 03:50:37
3,Running,2026-03-20 03:48:55,2026-03-20 03:51:03
5,Running,2026-03-20 03:48:55,2026-03-20 03:51:05
2,Running,2026-03-20 03:11:34,2026-03-20 03:51:08
5,Starved,2026-03-20 03:51:05,2026-03-20 03:51:34
3,Blocked,2026-03-20 03:51:03,2026-03-20 03:51:34
2,Blocked,2026-03-20 03:51:08,2026-03-20 03:51:34
11,Running,2026-03-20 03:15:58,2026-03-20 03:51:37
10,Running,2026-03-20 03:50:37,2026-03-20 03:51:42
11,Starved,2026-03-20 03:51:37,2026-03-20 03:51:42
10,Starved,2026-03-20 03:51:42,2026-03-20 03:51:57
3,Running,2026-03-20 03:51:34,2026-03-20 03:52:26
2,Running,2026-03-20 03:51:34,2026-03-20 03:52:30
3,Blocked,2026-03-20 03:52:26,2026-03-20 03:52:37
2,Blocked,2026-03-20 03:52:30,2026-03-20 03:52:37
11,Running,2026-03-20 03:51:42,2026-03-20 03:52:43
11,Starved,2026-03-20 03:52:43,2026-03-20 03:53:03
2,Running,2026-03-20 03:52:37,2026-03-20 03:53:32
3,Running,2026-03-20 03:52:37,2026-03-20 03:53:34
3,Blocked,2026-03-20 03:53:34,2026-03-20 03:53:43
2,Blocked,2026-03-20 03:53:32,2026-03-20 03:53:43
12,Running,2026-03-20 03:39:40,2026-03-20 03:53:50
10,Running,2026-03-20 03:51:57,2026-03-20 03:53:53
12,Starved,2026-03-20 03:53:50,2026-03-20 03:53:59
6,Down,2026-03-20 03:42:47,2026-03-20 03:54:06
5,Running,2026-03-20 03:51:34,2026-03-20 03:54:45
2,Running,2026-03-20 03:53:43,2026-03-20 03:54:47
3,Running,2026-03-20 03:53:43,2026-03-20 03:54:50
11,Running,2026-03-20 03:53:03,2026-03-20 03:54:56
5,Starved,2026-03-20 03:54:45,2026-03-20 03:55:10
3,Blocked,2026-03-20 03:54:50,2026-03-20 03:55:10
2,Blocked,2026-03-20 03:54:47,2026-03-20 03:55:10
10,Down,2026-03-20 03:53:53,2026-03-20 03:55:53
12,Running,2026-03-20 03:53:59,2026-03-20 03:56:03
2,Running,2026-03-20 03:55:10,2026-03-20 03:56:05
2,Blocked,2026-03-20 03:56:05,2026-03-20 03:56:12
11,Starved,2026-03-20 03:54:56,2026-03-20 03:56:55
2,Running,2026-03-20 03:56:12,2026-03-20 03:57:02
2,Blocked,2026-03-20 03:57:02,2026-03-20 03:57:13
12,Starved,2026-03-20 03:56:03,2026-03-20 03:58:03
3,Running,2026-03-20 03:55:10,2026-03-20 03:59:02
5,Running,2026-03-20 03:55:10,2026-03-20 03:59:08
2,Running,2026-03-20 03:57:13,2026-03-20 03:59:17
5,Starved,2026-03-20 03:59:08,2026-03-20 03:59:23
3,Blocked,2026-03-20 03:59:02,2026-03-20 03:59:23
2,Blocked,2026-03-20 03:59:17,2026-03-20 03:59:23
3,Running,2026-03-20 03:59:23,2026-03-20 04:00:08
5,Running,2026-03-20 03:59:23,2026-03-20 04:00:12
2,Running,2026-03-20 03:59:23,2026-03-20 04:00:13
5,Starved,2026-03-20 04:00:12,2026-03-20 04:00:41
3,Blocked,2026-03-20 04:00:08,2026-03-20 04:00:41
2,Blocked,2026-03-20 04:00:13,2026-03-20 04:00:41
2,Running,2026-03-20 04:00:41,2026-03-20 04:01:34
3,Running,2026-03-20 04:00:41,2026-03-20 04:01:41
5,Running,2026-03-20 04:00:41,2026-03-20 04:01:44
5,Starved,2026-03-20 04:01:44,2026-03-20 04:02:12
3,Blocked,2026-03-20 04:01:41,2026-03-20 04:02:12
2,Blocked,2026-03-20 04:01:34,2026-03-20 04:02:12
5,Running,2026-03-20 04:02:12,2026-03-20 04:03:07
5,Starved,2026-03-20 04:03:07,2026-03-20 04:03:14
2,Running,2026-03-20 04:02:12,2026-03-20 04:03:15
2,Blocked,2026-03-20 04:03:15,2026-03-20 04:03:20
11,Running,2026-03-20 03:56:55,2026-03-20 04:03:51
11,Starved,2026-03-20 04:03:51,2026-03-20 04:04:01
5,Running,2026-03-20 04:03:14,2026-03-20 04:04:15
3,Running,2026-03-20 04:02:12,2026-03-20 04:04:17
2,Running,2026-03-20 04:03:20,2026-03-20 04:04:19
5,Starved,2026-03-20 04:04:15,2026-03-20 04:04:22
3,Blocked,2026-03-20 04:04:17,2026-03-20 04:04:22
2,Blocked,2026-03-20 04:04:19,2026-03-20 04:04:22
5,Running,2026-03-20 04:04:22,2026-03-20 04:07:18
3,Running,2026-03-20 04:04:22,2026-03-20 04:07:26
2,Running,2026-03-20 04:04:22,2026-03-20 04:07:31
5,Starved,2026-03-20 04:07:18,2026-03-20 04:07:38
3,Blocked,2026-03-20 04:07:26,2026-03-20 04:07:38
2,Blocked,2026-03-20 04:07:31,2026-03-20 04:07:38
3,Running,2026-03-20 04:07:38,2026-03-20 04:08:33
5,Running,2026-03-20 04:07:38,2026-03-20 04:08:35
5,Starved,2026-03-20 04:08:35,2026-03-20 04:08:39
3,Blocked,2026-03-20 04:08:33,2026-03-20 04:08:39
11,Running,2026-03-20 04:04:01,2026-03-20 04:09:01
11,Starved,2026-03-20 04:09:01,2026-03-20 04:09:03
3,Running,2026-03-20 04:08:39,2026-03-20 04:10:34
5,Running,2026-03-20 04:08:39,2026-03-20 04:10:34
5,Starved,2026-03-20 04:10:34,2026-03-20 04:10:35
3,Blocked,2026-03-20 04:10:34,2026-03-20 04:10:35
3,Running,2026-03-20 04:10:35,2026-03-20 04:11:31
3,Blocked,2026-03-20 04:11:31,2026-03-20 04:11:39
3,Running,2026-03-20 04:11:39,2026-03-20 04:12:33
2,Running,2026-03-20 04:07:38,2026-03-20 04:12:35
5,Running,2026-03-20 04:10:35,2026-03-20 04:12:36
5,Starved,2026-03-20 04:12:36,2026-03-20 04:12:37
3,Blocked,2026-03-20 04:12:33,2026-03-20 04:12:37
2,Blocked,2026-03-20 04:12:35,2026-03-20 04:12:37
5,Running,2026-03-20 04:12:37,2026-03-20 04:13:29
5,Starved,2026-03-20 04:13:29,2026-03-20 04:13:38
10,Running,2026-03-20 03:55:53,2026-03-20 04:14:58
10,Down,2026-03-20 04:14:58,2026-03-20 04:15:28
3,Running,2026-03-20 04:12:37,2026-03-20 04:15:38
5,Running,2026-03-20 04:13:38,2026-03-20 04:15:48
5,Starved,2026-03-20 04:15:48,2026-03-20 04:15:50
3,Blocked,2026-03-20 04:15:38,2026-03-20 04:15:50
2,Running,2026-03-20 04:12:37,2026-03-20 04:15:55
11,Running,2026-03-20 04:09:03,2026-03-20 04:16:24
11,Starved,2026-03-20 04:16:24,2026-03-20 04:16:25
3,Running,2026-03-20 04:15:50,2026-03-20 04:16:43
5,Running,2026-03-20 04:15:50,2026-03-20 04:16:53
5,Starved,2026-03-20 04:16:53,2026-03-20 04:16:58
3,Blocked,2026-03-20 04:16:43,2026-03-20 04:16:58
9,Running,2026-03-20 03:04:29,2026-03-20 04:17:11
11,Running,2026-03-20 04:16:25,2026-03-20 04:17:27
11,Starved,2026-03-20 04:17:27,2026-03-20 04:17:28
3,Running,2026-03-20 04:16:58,2026-03-20 04:17:53
3,Blocked,2026-03-20 04:17:53,2026-03-20 04:17:58
10,Running,2026-03-20 04:15:28,2026-03-20 04:18:26
12,Running,2026-03-20 03:58:03,2026-03-20 04:18:37
12,Starved,2026-03-20 04:18:37,2026-03-20 04:18:38
8,Running,2026-03-20 03:45:22,2026-03-20 04:18:49
3,Running,2026-03-20 04:17:58,2026-03-20 04:18:58
3,Blocked,2026-03-20 04:18:58,2026-03-20 04:18:59
1,Running,2026-03-20 03:33:02,2026-03-20 04:19:00
11,Running,2026-03-20 04:17:28,2026-03-20 04:19:36
3,Running,2026-03-20 04:18:59,2026-03-20 04:19:52
3,Blocked,2026-03-20 04:19:52,2026-03-20 04:19:56
9,Down,2026-03-20 04:17:11,2026-03-20 04:20:38
8,Blocked,2026-03-20 04:18:49,2026-03-20 04:20:38
12,Running,2026-03-20 04:18:38,2026-03-20 04:20:46
5,Running,2026-03-20 04:16:58,2026-03-20 04:20:47
3,Running,2026-03-20 04:19:56,2026-03-20 04:20:55
5,Starved,2026-03-20 04:20:47,2026-03-20 04:21:29
3,Blocked,2026-03-20 04:20:55,2026-03-20 04:21:29
2,Down,2026-03-20 04:15:55,2026-03-20 04:21:35
1,Blocked,2026-03-20 04:19:00,2026-03-20 04:21:35
8,Running,2026-03-20 04:20:38,2026-03-20 04:21:37
10,Starved,2026-03-20 04:18:26,2026-03-20 04:22:05
8,Blocked,2026-03-20 04:21:37,2026-03-20 04:22:05
5,Running,2026-03-20 04:21:29,2026-03-20 04:22:24
5,Starved,2026-03-20 04:22:24,2026-03-20 04:22:32
11,Starved,2026-03-20 04:19:36,2026-03-20 04:23:10
3,Running,2026-03-20 04:21:29,2026-03-20 04:23:21
5,Running,2026-03-20 04:22:32,2026-03-20 04:23:27
5,Starved,2026-03-20 04:23:27,2026-03-20 04:23:33
3,Blocked,2026-03-20 04:23:21,2026-03-20 04:23:33
12,Starved,2026-03-20 04:20:46,2026-03-20 04:24:15
8,Running,2026-03-20 04:22:05,2026-03-20 04:24:56
8,Blocked,2026-03-20 04:24:56,2026-03-20 04:25:08
11,Running,2026-03-20 04:23:10,2026-03-20 04:25:14
11,Starved,2026-03-20 04:25:14,2026-03-20 04:25:17
12,Running,2026-03-20 04:24:15,2026-03-20 04:26:09
12,Starved,2026-03-20 04:26:09,2026-03-20 04:26:19
1,Running,2026-03-20 04:21:35,2026-03-20 04:26:32
1,Blocked,2026-03-20 04:26:32,2026-03-20 04:26:34
5,Running,2026-03-20 04:23:33,2026-03-20 04:26:35
5,Starved,2026-03-20 04:26:35,2026-03-20 04:26:43
8,Running,2026-03-20 04:25:08,2026-03-20 04:27:03
8,Blocked,2026-03-20 04:27:03,2026-03-20 04:27:04
12,Running,2026-03-20 04:26:19,2026-03-20 04:27:14
12,Starved,2026-03-20 04:27:14,2026-03-20 04:27:20
1,Running,2026-03-20 04:26:34,2026-03-20 04:27:26
1,Blocked,2026-03-20 04:27:26,2026-03-20 04:27:31
5,Running,2026-03-20 04:26:43,2026-03-20 04:27:49
3,Running,2026-03-20 04:23:33,2026-03-20 04:27:52
5,Starved,2026-03-20 04:27:49,2026-03-20 04:27:53
3,Blocked,2026-03-20 04:27:52,2026-03-20 04:27:53
8,Running,2026-03-20 04:27:04,2026-03-20 04:27:58
8,Blocked,2026-03-20 04:27:58,2026-03-20 04:28:05
12,Running,2026-03-20 04:27:20,2026-03-20 04:28:15
12,Starved,2026-03-20 04:28:15,2026-03-20 04:28:16
5,Running,2026-03-20 04:27:53,2026-03-20 04:28:41
10,Running,2026-03-20 04:22:05,2026-03-20 04:29:00
3,Running,2026-03-20 04:27:53,2026-03-20 04:29:03
4,Running,2026-03-20 02:42:10,2026-03-20 04:29:07
5,Starved,2026-03-20 04:28:41,2026-03-20 04:29:07
8,Running,2026-03-20 04:28:05,2026-03-20 04:29:11
12,Running,2026-03-20 04:28:16,2026-03-20 04:29:18
12,Starved,2026-03-20 04:29:18,2026-03-20 04:29:20
10,Starved,2026-03-20 04:29:00,2026-03-20 04:29:33
8,Blocked,2026-03-20 04:29:11,2026-03-20 04:29:33
5,Running,2026-03-20 04:29:07,2026-03-20 04:30:04
11,Running,2026-03-20 04:25:17,2026-03-20 04:30:19
8,Running,2026-03-20 04:29:33,2026-03-20 04:30:26
10,Running,2026-03-20 04:29:33,2026-03-20 04:30:29
11,Starved,2026-03-20 04:30:19,2026-03-20 04:30:29
10,Starved,2026-03-20 04:30:29,2026-03-20 04:30:32
8,Blocked,2026-03-20 04:30:26,2026-03-20 04:30:32
12,Running,2026-03-20 04:29:20,2026-03-20 04:31:26
10,Running,2026-03-20 04:30:32,2026-03-20 04:31:28
12,Starved,2026-03-20 04:31:26,2026-03-20 04:31:30
8,Running,2026-03-20 04:30:32,2026-03-20 04:31:33
10,Starved,2026-03-20 04:31:28,2026-03-20 04:31:50
8,Blocked,2026-03-20 04:31:33,2026-03-20 04:31:50
4,Down,2026-03-20 04:29:07,2026-03-20 04:31:52
3,Blocked,2026-03-20 04:29:03,2026-03-20 04:31:52
12,Running,2026-03-20 04:31:30,2026-03-20 04:32:26
11,Running,2026-03-20 04:30:29,2026-03-20 04:32:39
12,Starved,2026-03-20 04:32:26,2026-03-20 04:32:39
3,Running,2026-03-20 04:31:52,2026-03-20 04:32:43
10,Running,2026-03-20 04:31:50,2026-03-20 04:32:49
11,Starved,2026-03-20 04:32:39,2026-03-20 04:32:49
10,Starved,2026-03-20 04:32:49,2026-03-20 04:32:54
5,Starved,2026-03-20 04:30:04,2026-03-20 04:32:59
3,Blocked,2026-03-20 04:32:43,2026-03-20 04:32:59
12,Running,2026-03-20 04:32:39,2026-03-20 04:33:44
10,Running,2026-03-20 04:32:54,2026-03-20 04:33:44
12,Starved,2026-03-20 04:33:44,2026-03-20 04:33:46
8,Running,2026-03-20 04:31:50,2026-03-20 04:33:48
10,Starved,2026-03-20 04:33:44,2026-03-20 04:33:55
8,Blocked,2026-03-20 04:33:48,2026-03-20 04:33:55
5,Running,2026-03-20 04:32:59,2026-03-20 04:33:56
3,Running,2026-03-20 04:32:59,2026-03-20 04:34:00
5,Starved,2026-03-20 04:33:56,2026-03-20 04:34:12
3,Blocked,2026-03-20 04:34:00,2026-03-20 04:34:12
11,Running,2026-03-20 04:32:49,2026-03-20 04:34:43
10,Running,2026-03-20 04:33:55,2026-03-20 04:34:51
11,Starved,2026-03-20 04:34:43,2026-03-20 04:34:51
10,Starved,2026-03-20 04:34:51,2026-03-20 04:34:51
1,Running,2026-03-20 04:27:31,2026-03-20 04:35:38
1,Blocked,2026-03-20 04:35:38,2026-03-20 04:35:42
8,Running,2026-03-20 04:33:55,2026-03-20 04:35:51
10,Running,2026-03-20 04:34:51,2026-03-20 04:35:54
10,Starved,2026-03-20 04:35:54,2026-03-20 04:35:58
8,Blocked,2026-03-20 04:35:51,2026-03-20 04:35:58
12,Running,2026-03-20 04:33:46,2026-03-20 04:36:00
12,Starved,2026-03-20 04:36:00,2026-03-20 04:36:05
8,Running,2026-03-20 04:35:58,2026-03-20 04:36:55
11,Running,2026-03-20 04:34:51,2026-03-20 04:36:57
10,Running,2026-03-20 04:35:58,2026-03-20 04:37:03
11,Starved,2026-03-20 04:36:57,2026-03-20 04:37:03
3,Running,2026-03-20 04:34:12,2026-03-20 04:37:21
10,Starved,2026-03-20 04:37:03,2026-03-20 04:37:22
8,Blocked,2026-03-20 04:36:55,2026-03-20 04:37:22
5,Running,2026-03-20 04:34:12,2026-03-20 04:37:24
5,Starved,2026-03-20 04:37:24,2026-03-20 04:37:25
3,Blocked,2026-03-20 04:37:21,2026-03-20 04:37:25
12,Running,2026-03-20 04:36:05,2026-03-20 04:38:00
11,Running,2026-03-20 04:37:03,2026-03-20 04:38:00
12,Starved,2026-03-20 04:38:00,2026-03-20 04:38:00
8,Running,2026-03-20 04:37:22,2026-03-20 04:38:17
8,Blocked,2026-03-20 04:38:17,2026-03-20 04:38:20
3,Running,2026-03-20 04:37:25,2026-03-20 04:38:22
5,Running,2026-03-20 04:37:25,2026-03-20 04:38:27
11,Starved,2026-03-20 04:38:00,2026-03-20 04:38:30
5,Starved,2026-03-20 04:38:27,2026-03-20 04:38:51
3,Blocked,2026-03-20 04:38:22,2026-03-20 04:38:51
12,Running,2026-03-20 04:38:00,2026-03-20 04:38:58
8,Running,2026-03-20 04:38:20,2026-03-20 04:39:18
8,Blocked,2026-03-20 04:39:18,2026-03-20 04:39:18
12,Starved,2026-03-20 04:38:58,2026-03-20 04:39:41
3,Running,2026-03-20 04:38:51,2026-03-20 04:39:43
5,Running,2026-03-20 04:38:51,2026-03-20 04:39:44
5,Starved,2026-03-20 04:39:44,2026-03-20 04:39:47
3,Blocked,2026-03-20 04:39:43,2026-03-20 04:39:47
8,Running,2026-03-20 04:39:18,2026-03-20 04:40:19
10,Running,2026-03-20 04:37:22,2026-03-20 04:40:24
10,Starved,2026-03-20 04:40:24,2026-03-20 04:40:27
8,Blocked,2026-03-20 04:40:19,2026-03-20 04:40:27
12,Running,2026-03-20 04:39:41,2026-03-20 04:40:40
12,Starved,2026-03-20 04:40:40,2026-03-20 04:40:42
8,Running,2026-03-20 04:40:27,2026-03-20 04:41:28
8,Blocked,2026-03-20 04:41:28,2026-03-20 04:41:32
12,Running,2026-03-20 04:40:42,2026-03-20 04:41:33
3,Running,2026-03-20 04:39:47,2026-03-20 04:41:38
12,Starved,2026-03-20 04:41:33,2026-03-20 04:41:40
5,Running,2026-03-20 04:39:47,2026-03-20 04:42:00
5,Starved,2026-03-20 04:42:00,2026-03-20 04:42:06
3,Blocked,2026-03-20 04:41:38,2026-03-20 04:42:06
8,Running,2026-03-20 04:41:32,2026-03-20 04:42:37
10,Running,2026-03-20 04:40:27,2026-03-20 04:42:41
10,Starved,2026-03-20 04:42:41,2026-03-20 04:42:44
8,Blocked,2026-03-20 04:42:37,2026-03-20 04:42:44
12,Running,2026-03-20 04:41:40,2026-03-20 04:42:44
12,Starved,2026-03-20 04:42:44,2026-03-20 04:42:47
5,Running,2026-03-20 04:42:06,2026-03-20 04:43:03
3,Running,2026-03-20 04:42:06,2026-03-20 04:43:05
5,Starved,2026-03-20 04:43:03,2026-03-20 04:43:11
3,Blocked,2026-03-20 04:43:05,2026-03-20 04:43:11
8,Running,2026-03-20 04:42:44,2026-03-20 04:43:39
10,Running,2026-03-20 04:42:44,2026-03-20 04:43:40
10,Starved,2026-03-20 04:43:40,2026-03-20 04:43:43
8,Blocked,2026-03-20 04:43:39,2026-03-20 04:43:43
12,Running,2026-03-20 04:42:47,2026-03-20 04:43:49
12,Starved,2026-03-20 04:43:49,2026-03-20 04:43:50
10,Running,2026-03-20 04:43:43,2026-03-20 04:44:35
10,Starved,2026-03-20 04:44:35,2026-03-20 04:44:38
3,Running,2026-03-20 04:43:11,2026-03-20 04:45:06
5,Running,2026-03-20 04:43:11,2026-03-20 04:45:09
5,Starved,2026-03-20 04:45:09,2026-03-20 04:45:22
3,Blocked,2026-03-20 04:45:06,2026-03-20 04:45:22
10,Running,2026-03-20 04:44:38,2026-03-20 04:45:36
10,Starved,2026-03-20 04:45:36,2026-03-20 04:45:38
3,Running,2026-03-20 04:45:22,2026-03-20 04:46:19
5,Running,2026-03-20 04:45:22,2026-03-20 04:46:21
10,Running,2026-03-20 04:45:38,2026-03-20 04:46:29
10,Starved,2026-03-20 04:46:29,2026-03-20 04:46:41
5,Starved,2026-03-20 04:46:21,2026-03-20 04:46:53
3,Blocked,2026-03-20 04:46:19,2026-03-20 04:46:53
10,Running,2026-03-20 04:46:41,2026-03-20 04:47:37
10,Starved,2026-03-20 04:47:37,2026-03-20 04:47:46
2,Running,2026-03-20 04:21:35,2026-03-20 04:47:50
2,Blocked,2026-03-20 04:47:50,2026-03-20 04:47:51
2,Running,2026-03-20 04:47:51,2026-03-20 04:48:47
3,Running,2026-03-20 04:46:53,2026-03-20 04:48:48
11,Running,2026-03-20 04:38:30,2026-03-20 04:48:50
11,Starved,2026-03-20 04:48:50,2026-03-20 04:48:58
3,Blocked,2026-03-20 04:48:48,2026-03-20 04:49:03
2,Blocked,2026-03-20 04:48:47,2026-03-20 04:49:03
11,Running,2026-03-20 04:48:58,2026-03-20 04:49:54
11,Starved,2026-03-20 04:49:54,2026-03-20 04:49:56
2,Running,2026-03-20 04:49:03,2026-03-20 04:49:57
3,Running,2026-03-20 04:49:03,2026-03-20 04:50:01
3,Blocked,2026-03-20 04:50:01,2026-03-20 04:50:03
2,Blocked,2026-03-20 04:49:57,2026-03-20 04:50:03
11,Running,2026-03-20 04:49:56,2026-03-20 04:50:51
8,Running,2026-03-20 04:43:43,2026-03-20 04:50:54
3,Running,2026-03-20 04:50:03,2026-03-20 04:50:55
10,Running,2026-03-20 04:47:46,2026-03-20 04:50:59
11,Starved,2026-03-20 04:50:51,2026-03-20 04:50:59
12,Running,2026-03-20 04:43:50,2026-03-20 04:51:05
3,Blocked,2026-03-20 04:50:55,2026-03-20 04:51:06
10,Starved,2026-03-20 04:50:59,2026-03-20 04:51:16
8,Blocked,2026-03-20 04:50:54,2026-03-20 04:51:16
11,Running,2026-03-20 04:50:59,2026-03-20 04:51:58
10,Running,2026-03-20 04:51:16,2026-03-20 04:52:07
11,Starved,2026-03-20 04:51:58,2026-03-20 04:52:07
2,Running,2026-03-20 04:50:03,2026-03-20 04:52:10
2,Blocked,2026-03-20 04:52:10,2026-03-20 04:52:11
8,Running,2026-03-20 04:51:16,2026-03-20 04:52:13
10,Starved,2026-03-20 04:52:07,2026-03-20 04:52:14
8,Blocked,2026-03-20 04:52:13,2026-03-20 04:52:14
11,Running,2026-03-20 04:52:07,2026-03-20 04:53:06
8,Running,2026-03-20 04:52:14,2026-03-20 04:53:10
10,Running,2026-03-20 04:52:14,2026-03-20 04:53:13
11,Starved,2026-03-20 04:53:06,2026-03-20 04:53:13
10,Starved,2026-03-20 04:53:13,2026-03-20 04:53:16
8,Blocked,2026-03-20 04:53:10,2026-03-20 04:53:16
10,Running,2026-03-20 04:53:16,2026-03-20 04:54:07
3,Running,2026-03-20 04:51:06,2026-03-20 04:54:09
2,Running,2026-03-20 04:52:11,2026-03-20 04:54:10
3,Blocked,2026-03-20 04:54:09,2026-03-20 04:54:12
2,Blocked,2026-03-20 04:54:10,2026-03-20 04:54:12
10,Starved,2026-03-20 04:54:07,2026-03-20 04:54:17
12,Down,2026-03-20 04:51:05,2026-03-20 04:54:55
11,Running,2026-03-20 04:53:13,2026-03-20 04:55:12
11,Starved,2026-03-20 04:55:12,2026-03-20 04:55:13
1,Running,2026-03-20 04:35:42,2026-03-20 04:55:14
1,Blocked,2026-03-20 04:55:14,2026-03-20 04:55:17
8,Running,2026-03-20 04:53:16,2026-03-20 04:56:00
10,Running,2026-03-20 04:54:17,2026-03-20 04:56:09
10,Starved,2026-03-20 04:56:09,2026-03-20 04:56:11
8,Blocked,2026-03-20 04:56:00,2026-03-20 04:56:11
2,Running,2026-03-20 04:54:12,2026-03-20 04:56:19
2,Blocked,2026-03-20 04:56:19,2026-03-20 04:56:22
10,Running,2026-03-20 04:56:11,2026-03-20 04:57:10
8,Running,2026-03-20 04:56:11,2026-03-20 04:57:14
2,Running,2026-03-20 04:56:22,2026-03-20 04:57:21
2,Blocked,2026-03-20 04:57:21,2026-03-20 04:57:26
10,Starved,2026-03-20 04:57:10,2026-03-20 04:57:29
8,Blocked,2026-03-20 04:57:14,2026-03-20 04:57:29
11,Running,2026-03-20 04:55:13,2026-03-20 04:58:17
8,Running,2026-03-20 04:57:29,2026-03-20 04:58:25
8,Blocked,2026-03-20 04:58:25,2026-03-20 04:58:26
11,Starved,2026-03-20 04:58:17,2026-03-20 04:58:27
5,Running,2026-03-20 04:46:53,2026-03-20 04:59:09
3,Running,2026-03-20 04:54:12,2026-03-20 04:59:11
5,Starved,2026-03-20 04:59:09,2026-03-20 04:59:11
3,Blocked,2026-03-20 04:59:11,2026-03-20 04:59:11
10,Running,2026-03-20 04:57:29,2026-03-20 04:59:19
10,Starved,2026-03-20 04:59:19,2026-03-20 04:59:31
5,Running,2026-03-20 04:59:11,2026-03-20 05:00:04
3,Running,2026-03-20 04:59:11,2026-03-20 05:00:18
3,Blocked,2026-03-20 05:00:18,2026-03-20 05:00:32
11,Running,2026-03-20 04:58:27,2026-03-20 05:00:34
11,Starved,2026-03-20 05:00:34,2026-03-20 05:00:38
3,Running,2026-03-20 05:00:32,2026-03-20 05:01:25
2,Running,2026-03-20 04:57:26,2026-03-20 05:01:28
3,Blocked,2026-03-20 05:01:25,2026-03-20 05:01:32
2,Blocked,2026-03-20 05:01:28,2026-03-20 05:01:32
2,Running,2026-03-20 05:01:32,2026-03-20 05:02:29
2,Blocked,2026-03-20 05:02:29,2026-03-20 05:02:30
6,Running,2026-03-20 03:54:06,2026-03-20 05:02:39
5,Down,2026-03-20 05:00:04,2026-03-20 05:03:15
2,Running,2026-03-20 05:02:30,2026-03-20 05:03:28
2,Blocked,2026-03-20 05:03:28,2026-03-20 05:03:30
6,Starved,2026-03-20 05:02:39,2026-03-20 05:04:17
2,Running,2026-03-20 05:03:30,2026-03-20 05:04:31
10,Running,2026-03-20 04:59:31,2026-03-20 05:04:34
1,Running,2026-03-20 04:55:17,2026-03-20 05:04:40
2,Blocked,2026-03-20 05:04:31,2026-03-20 05:04:41
1,Blocked,2026-03-20 05:04:40,2026-03-20 05:04:41
8,Running,2026-03-20 04:58:26,2026-03-20 05:04:41
10,Starved,2026-03-20 05:04:34,2026-03-20 05:04:54
8,Blocked,2026-03-20 05:04:41,2026-03-20 05:04:54
6,Running,2026-03-20 05:04:17,2026-03-20 05:05:06
6,Starved,2026-03-20 05:05:06,2026-03-20 05:05:13
1,Running,2026-03-20 05:04:41,2026-03-20 05:05:32
2,Running,2026-03-20 05:04:41,2026-03-20 05:05:36
2,Blocked,2026-03-20 05:05:36,2026-03-20 05:05:39
1,Blocked,2026-03-20 05:05:32,2026-03-20 05:05:39
11,Running,2026-03-20 05:00:38,2026-03-20 05:05:44
8,Running,2026-03-20 05:04:54,2026-03-20 05:05:52
10,Running,2026-03-20 05:04:54,2026-03-20 05:05:54
11,Starved,2026-03-20 05:05:44,2026-03-20 05:05:54
10,Starved,2026-03-20 05:05:54,2026-03-20 05:06:01
8,Blocked,2026-03-20 05:05:52,2026-03-20 05:06:01
2,Running,2026-03-20 05:05:39,2026-03-20 05:06:30
1,Running,2026-03-20 05:05:39,2026-03-20 05:06:30
11,Running,2026-03-20 05:05:54,2026-03-20 05:06:44
2,Blocked,2026-03-20 05:06:30,2026-03-20 05:06:45
1,Blocked,2026-03-20 05:06:30,2026-03-20 05:06:45
8,Running,2026-03-20 05:06:01,2026-03-20 05:07:00
10,Running,2026-03-20 05:06:01,2026-03-20 05:07:03
11,Starved,2026-03-20 05:06:44,2026-03-20 05:07:03
10,Starved,2026-03-20 05:07:03,2026-03-20 05:07:07
8,Blocked,2026-03-20 05:07:00,2026-03-20 05:07:07
1,Running,2026-03-20 05:06:45,2026-03-20 05:07:37
1,Blocked,2026-03-20 05:07:37,2026-03-20 05:07:43
8,Running,2026-03-20 05:07:07,2026-03-20 05:07:56
11,Running,2026-03-20 05:07:03,2026-03-20 05:07:58
10,Running,2026-03-20 05:07:07,2026-03-20 05:08:01
11,Starved,2026-03-20 05:07:58,2026-03-20 05:08:01
10,Starved,2026-03-20 05:08:01,2026-03-20 05:08:36
8,Blocked,2026-03-20 05:07:56,2026-03-20 05:08:36
11,Running,2026-03-20 05:08:01,2026-03-20 05:09:00
11,Starved,2026-03-20 05:09:00,2026-03-20 05:09:38
1,Running,2026-03-20 05:07:43,2026-03-20 05:09:41
1,Blocked,2026-03-20 05:09:41,2026-03-20 05:09:44
3,Running,2026-03-20 05:01:32,2026-03-20 05:10:38
1,Running,2026-03-20 05:09:44,2026-03-20 05:10:41
3,Blocked,2026-03-20 05:10:38,2026-03-20 05:10:48
1,Blocked,2026-03-20 05:10:41,2026-03-20 05:10:48
8,Running,2026-03-20 05:08:36,2026-03-20 05:11:33
11,Running,2026-03-20 05:09:38,2026-03-20 05:11:37
10,Running,2026-03-20 05:08:36,2026-03-20 05:11:41
11,Starved,2026-03-20 05:11:37,2026-03-20 05:11:41
1,Running,2026-03-20 05:10:48,2026-03-20 05:11:41
2,Running,2026-03-20 05:06:45,2026-03-20 05:11:41
10,Starved,2026-03-20 05:11:41,2026-03-20 05:11:43
8,Blocked,2026-03-20 05:11:33,2026-03-20 05:11:43
2,Blocked,2026-03-20 05:11:41,2026-03-20 05:11:47
1,Blocked,2026-03-20 05:11:41,2026-03-20 05:11:47
8,Running,2026-03-20 05:11:43,2026-03-20 05:12:34
10,Running,2026-03-20 05:11:43,2026-03-20 05:12:42
1,Running,2026-03-20 05:11:47,2026-03-20 05:12:54
1,Blocked,2026-03-20 05:12:54,2026-03-20 05:12:55
10,Starved,2026-03-20 05:12:42,2026-03-20 05:13:04
8,Blocked,2026-03-20 05:12:34,2026-03-20 05:13:04
3,Running,2026-03-20 05:10:48,2026-03-20 05:13:51
11,Running,2026-03-20 05:11:41,2026-03-20 05:13:51
10,Running,2026-03-20 05:13:04,2026-03-20 05:13:59
11,Starved,2026-03-20 05:13:51,2026-03-20 05:13:59
2,Running,2026-03-20 05:11:47,2026-03-20 05:14:01
1,Running,2026-03-20 05:12:55,2026-03-20 05:14:02
10,Starved,2026-03-20 05:13:59,2026-03-20 05:14:05
3,Blocked,2026-03-20 05:13:51,2026-03-20 05:14:16
2,Blocked,2026-03-20 05:14:01,2026-03-20 05:14:16
1,Blocked,2026-03-20 05:14:02,2026-03-20 05:14:16
10,Running,2026-03-20 05:14:05,2026-03-20 05:14:50
10,Starved,2026-03-20 05:14:50,2026-03-20 05:15:03
2,Running,2026-03-20 05:14:16,2026-03-20 05:15:18
2,Blocked,2026-03-20 05:15:18,2026-03-20 05:15:23
11,Running,2026-03-20 05:13:59,2026-03-20 05:16:01
10,Running,2026-03-20 05:15:03,2026-03-20 05:16:01
11,Starved,2026-03-20 05:16:01,2026-03-20 05:16:01
10,Starved,2026-03-20 05:16:01,2026-03-20 05:16:10
1,Running,2026-03-20 05:14:16,2026-03-20 05:16:20
2,Running,2026-03-20 05:15:23,2026-03-20 05:16:20
2,Blocked,2026-03-20 05:16:20,2026-03-20 05:16:27
1,Blocked,2026-03-20 05:16:20,2026-03-20 05:16:27
1,Running,2026-03-20 05:16:27,2026-03-20 05:17:24
3,Running,2026-03-20 05:14:16,2026-03-20 05:17:29
2,Running,2026-03-20 05:16:27,2026-03-20 05:17:30
3,Blocked,2026-03-20 05:17:29,2026-03-20 05:17:37
2,Blocked,2026-03-20 05:17:30,2026-03-20 05:17:37
1,Blocked,2026-03-20 05:17:24,2026-03-20 05:17:37
8,Running,2026-03-20 05:13:04,2026-03-20 05:18:05
8,Blocked,2026-03-20 05:18:05,2026-03-20 05:18:05
11,Running,2026-03-20 05:16:01,2026-03-20 05:18:12
11,Starved,2026-03-20 05:18:12,2026-03-20 05:18:17
2,Running,2026-03-20 05:17:37,2026-03-20 05:18:37
1,Running,2026-03-20 05:17:37,2026-03-20 05:18:38
2,Blocked,2026-03-20 05:18:37,2026-03-20 05:18:43
1,Blocked,2026-03-20 05:18:38,2026-03-20 05:18:43
8,Running,2026-03-20 05:18:05,2026-03-20 05:19:08
10,Running,2026-03-20 05:16:10,2026-03-20 05:19:09
10,Starved,2026-03-20 05:19:09,2026-03-20 05:19:15
8,Blocked,2026-03-20 05:19:08,2026-03-20 05:19:15
1,Running,2026-03-20 05:18:43,2026-03-20 05:19:44
1,Blocked,2026-03-20 05:19:44,2026-03-20 05:19:45
1,Running,2026-03-20 05:19:45,2026-03-20 05:20:37
2,Running,2026-03-20 05:18:43,2026-03-20 05:20:37
3,Running,2026-03-20 05:17:37,2026-03-20 05:20:45
3,Blocked,2026-03-20 05:20:45,2026-03-20 05:20:56
2,Blocked,2026-03-20 05:20:37,2026-03-20 05:20:56
1,Blocked,2026-03-20 05:20:37,2026-03-20 05:20:56
1,Running,2026-03-20 05:20:56,2026-03-20 05:21:55
2,Running,2026-03-20 05:20:56,2026-03-20 05:21:56
3,Running,2026-03-20 05:20:56,2026-03-20 05:21:59
3,Blocked,2026-03-20 05:21:59,2026-03-20 05:22:02
2,Blocked,2026-03-20 05:21:56,2026-03-20 05:22:02
1,Blocked,2026-03-20 05:21:55,2026-03-20 05:22:02
1,Running,2026-03-20 05:22:02,2026-03-20 05:22:55
2,Running,2026-03-20 05:22:02,2026-03-20 05:22:56
3,Running,2026-03-20 05:22:02,2026-03-20 05:23:03
10,Running,2026-03-20 05:19:15,2026-03-20 05:23:10
10,Starved,2026-03-20 05:23:10,2026-03-20 05:23:13
5,Running,2026-03-20 05:03:15,2026-03-20 05:23:23
5,Starved,2026-03-20 05:23:23,2026-03-20 05:23:33
3,Blocked,2026-03-20 05:23:03,2026-03-20 05:23:33
2,Blocked,2026-03-20 05:22:56,2026-03-20 05:23:33
1,Blocked,2026-03-20 05:22:55,2026-03-20 05:23:33
2,Running,2026-03-20 05:23:33,2026-03-20 05:24:24
5,Running,2026-03-20 05:23:33,2026-03-20 05:24:36
3,Running,2026-03-20 05:23:33,2026-03-20 05:24:39
1,Running,2026-03-20 05:23:33,2026-03-20 05:24:40
5,Starved,2026-03-20 05:24:36,2026-03-20 05:24:48
3,Blocked,2026-03-20 05:24:39,2026-03-20 05:24:48
2,Blocked,2026-03-20 05:24:24,2026-03-20 05:24:48
1,Blocked,2026-03-20 05:24:40,2026-03-20 05:24:48
8,Running,2026-03-20 05:19:15,2026-03-20 05:25:14
10,Running,2026-03-20 05:23:13,2026-03-20 05:25:25
10,Starved,2026-03-20 05:25:25,2026-03-20 05:25:26
8,Blocked,2026-03-20 05:25:14,2026-03-20 05:25:26
1,Running,2026-03-20 05:24:48,2026-03-20 05:25:44
2,Running,2026-03-20 05:24:48,2026-03-20 05:25:46
5,Running,2026-03-20 05:24:48,2026-03-20 05:25:48
3,Running,2026-03-20 05:24:48,2026-03-20 05:25:51
5,Starved,2026-03-20 05:25:48,2026-03-20 05:26:06
3,Blocked,2026-03-20 05:25:51,2026-03-20 05:26:06
2,Blocked,2026-03-20 05:25:46,2026-03-20 05:26:06
1,Blocked,2026-03-20 05:25:44,2026-03-20 05:26:06
6,Running,2026-03-20 05:05:13,2026-03-20 05:26:54
5,Running,2026-03-20 05:26:06,2026-03-20 05:26:58
6,Starved,2026-03-20 05:26:54,2026-03-20 05:26:58
5,Starved,2026-03-20 05:26:58,2026-03-20 05:27:09
1,Running,2026-03-20 05:26:06,2026-03-20 05:27:10
1,Blocked,2026-03-20 05:27:10,2026-03-20 05:27:17
6,Running,2026-03-20 05:26:58,2026-03-20 05:27:57
1,Running,2026-03-20 05:27:17,2026-03-20 05:28:06
6,Starved,2026-03-20 05:27:57,2026-03-20 05:28:09
1,Blocked,2026-03-20 05:28:06,2026-03-20 05:28:13
10,Running,2026-03-20 05:25:26,2026-03-20 05:28:16
10,Starved,2026-03-20 05:28:16,2026-03-20 05:28:26
6,Running,2026-03-20 05:28:09,2026-03-20 05:29:09
2,Running,2026-03-20 05:26:06,2026-03-20 05:29:10
5,Running,2026-03-20 05:27:09,2026-03-20 05:29:12
6,Starved,2026-03-20 05:29:09,2026-03-20 05:29:12
3,Running,2026-03-20 05:26:06,2026-03-20 05:29:18
1,Running,2026-03-20 05:28:13,2026-03-20 05:29:18
10,Running,2026-03-20 05:28:26,2026-03-20 05:29:23
8,Running,2026-03-20 05:25:26,2026-03-20 05:29:26
5,Starved,2026-03-20 05:29:12,2026-03-20 05:29:26
3,Blocked,2026-03-20 05:29:18,2026-03-20 05:29:26
2,Blocked,2026-03-20 05:29:10,2026-03-20 05:29:26
10,Starved,2026-03-20 05:29:23,2026-03-20 05:29:38
8,Blocked,2026-03-20 05:29:26,2026-03-20 05:29:38
6,Running,2026-03-20 05:29:12,2026-03-20 05:30:07
5,Running,2026-03-20 05:29:26,2026-03-20 05:30:19
6,Starved,2026-03-20 05:30:07,2026-03-20 05:30:19
5,Starved,2026-03-20 05:30:19,2026-03-20 05:30:21
8,Running,2026-03-20 05:29:38,2026-03-20 05:30:29
11,Running,2026-03-20 05:18:17,2026-03-20 05:30:32
10,Running,2026-03-20 05:29:38,2026-03-20 05:30:37
11,Starved,2026-03-20 05:30:32,2026-03-20 05:30:37
10,Starved,2026-03-20 05:30:37,2026-03-20 05:30:39
8,Blocked,2026-03-20 05:30:29,2026-03-20 05:30:39
8,Running,2026-03-20 05:30:39,2026-03-20 05:31:39
8,Blocked,2026-03-20 05:31:39,2026-03-20 05:31:40
2,Down,2026-03-20 05:29:26,2026-03-20 05:31:58
1,Blocked,2026-03-20 05:29:18,2026-03-20 05:31:58
5,Running,2026-03-20 05:30:21,2026-03-20 05:32:20
5,Starved,2026-03-20 05:32:20,2026-03-20 05:32:33
11,Running,2026-03-20 05:30:37,2026-03-20 05:32:45
11,Starved,2026-03-20 05:32:45,2026-03-20 05:32:47
1,Running,2026-03-20 05:31:58,2026-03-20 05:33:01
1,Blocked,2026-03-20 05:33:01,2026-03-20 05:33:01
6,Running,2026-03-20 05:30:19,2026-03-20 05:33:23
5,Running,2026-03-20 05:32:33,2026-03-20 05:33:25
6,Starved,2026-03-20 05:33:23,2026-03-20 05:33:25
3,Running,2026-03-20 05:29:26,2026-03-20 05:33:30
5,Starved,2026-03-20 05:33:25,2026-03-20 05:33:37
3,Blocked,2026-03-20 05:33:30,2026-03-20 05:33:37
8,Running,2026-03-20 05:31:40,2026-03-20 05:33:39
8,Blocked,2026-03-20 05:33:39,2026-03-20 05:33:47
11,Running,2026-03-20 05:32:47,2026-03-20 05:33:52
11,Starved,2026-03-20 05:33:52,2026-03-20 05:33:54
1,Running,2026-03-20 05:33:01,2026-03-20 05:33:57
1,Blocked,2026-03-20 05:33:57,2026-03-20 05:34:03
6,Running,2026-03-20 05:33:25,2026-03-20 05:34:22
5,Running,2026-03-20 05:33:37,2026-03-20 05:34:33
6,Starved,2026-03-20 05:34:22,2026-03-20 05:34:33
3,Running,2026-03-20 05:33:37,2026-03-20 05:34:39
8,Running,2026-03-20 05:33:47,2026-03-20 05:34:49
11,Running,2026-03-20 05:33:54,2026-03-20 05:34:52
8,Blocked,2026-03-20 05:34:49,2026-03-20 05:34:52
1,Running,2026-03-20 05:34:03,2026-03-20 05:34:56
11,Starved,2026-03-20 05:34:52,2026-03-20 05:35:01
5,Starved,2026-03-20 05:34:33,2026-03-20 05:35:01
3,Blocked,2026-03-20 05:34:39,2026-03-20 05:35:01
1,Blocked,2026-03-20 05:34:56,2026-03-20 05:35:12
6,Running,2026-03-20 05:34:33,2026-03-20 05:35:27
5,Running,2026-03-20 05:35:01,2026-03-20 05:35:55
6,Starved,2026-03-20 05:35:27,2026-03-20 05:35:55
3,Running,2026-03-20 05:35:01,2026-03-20 05:36:07
5,Starved,2026-03-20 05:35:55,2026-03-20 05:36:13
3,Blocked,2026-03-20 05:36:07,2026-03-20 05:36:13
1,Running,2026-03-20 05:35:12,2026-03-20 05:36:13
1,Blocked,2026-03-20 05:36:13,2026-03-20 05:36:21
6,Running,2026-03-20 05:35:55,2026-03-20 05:37:01
1,Running,2026-03-20 05:36:21,2026-03-20 05:37:11
1,Blocked,2026-03-20 05:37:11,2026-03-20 05:37:15
5,Running,2026-03-20 05:36:13,2026-03-20 05:37:19
6,Starved,2026-03-20 05:37:01,2026-03-20 05:37:19
5,Starved,2026-03-20 05:37:19,2026-03-20 05:37:33
11,Running,2026-03-20 05:35:01,2026-03-20 05:38:09
11,Starved,2026-03-20 05:38:09,2026-03-20 05:38:12
2,Running,2026-03-20 05:31:58,2026-03-20 05:38:15
6,Running,2026-03-20 05:37:19,2026-03-20 05:38:20
1,Running,2026-03-20 05:37:15,2026-03-20 05:38:23
5,Running,2026-03-20 05:37:33,2026-03-20 05:38:28
6,Starved,2026-03-20 05:38:20,2026-03-20 05:38:28
5,Starved,2026-03-20 05:38:28,2026-03-20 05:38:35
5,Running,2026-03-20 05:38:35,2026-03-20 05:39:27
5,Starved,2026-03-20 05:39:27,2026-03-20 05:39:29
8,Running,2026-03-20 05:34:52,2026-03-20 05:39:49
8,Blocked,2026-03-20 05:39:49,2026-03-20 05:39:58
5,Running,2026-03-20 05:39:29,2026-03-20 05:40:27
7,Running,2026-03-20 03:41:17,2026-03-20 05:40:29
5,Starved,2026-03-20 05:40:27,2026-03-20 05:40:39
8,Running,2026-03-20 05:39:58,2026-03-20 05:40:52
9,Running,2026-03-20 04:20:38,2026-03-20 05:41:03
9,Down,2026-03-20 05:41:03,2026-03-20 05:41:19
8,Blocked,2026-03-20 05:40:52,2026-03-20 05:41:19
6,Running,2026-03-20 05:38:28,2026-03-20 05:41:26
5,Running,2026-03-20 05:40:39,2026-03-20 05:41:42
6,Starved,2026-03-20 05:41:26,2026-03-20 05:41:42
5,Starved,2026-03-20 05:41:42,2026-03-20 05:41:44
10,Running,2026-03-20 05:30:39,2026-03-20 05:42:11
8,Running,2026-03-20 05:41:19,2026-03-20 05:42:12
10,Starved,2026-03-20 05:42:11,2026-03-20 05:42:20
8,Blocked,2026-03-20 05:42:12,2026-03-20 05:42:20
6,Running,2026-03-20 05:41:42,2026-03-20 05:42:52
5,Running,2026-03-20 05:41:44,2026-03-20 05:42:52
6,Starved,2026-03-20 05:42:52,2026-03-20 05:42:52
5,Starved,2026-03-20 05:42:52,2026-03-20 05:42:55
3,Down,2026-03-20 05:36:13,2026-03-20 05:42:57
2,Blocked,2026-03-20 05:38:15,2026-03-20 05:42:57
1,Blocked,2026-03-20 05:38:23,2026-03-20 05:42:57
10,Running,2026-03-20 05:42:20,2026-03-20 05:43:14
8,Running,2026-03-20 05:42:20,2026-03-20 05:43:18
10,Starved,2026-03-20 05:43:14,2026-03-20 05:43:20
8,Blocked,2026-03-20 05:43:18,2026-03-20 05:43:20
6,Running,2026-03-20 05:42:52,2026-03-20 05:43:47
5,Running,2026-03-20 05:42:55,2026-03-20 05:43:51
6,Starved,2026-03-20 05:43:47,2026-03-20 05:43:51
5,Starved,2026-03-20 05:43:51,2026-03-20 05:43:52
2,Running,2026-03-20 05:42:57,2026-03-20 05:43:54
2,Blocked,2026-03-20 05:43:54,2026-03-20 05:43:56
11,Running,2026-03-20 05:38:12,2026-03-20 05:44:16
11,Starved,2026-03-20 05:44:16,2026-03-20 05:44:18
5,Running,2026-03-20 05:43:52,2026-03-20 05:44:46
1,Running,2026-03-20 05:42:57,2026-03-20 05:44:58
1,Blocked,2026-03-20 05:44:58,2026-03-20 05:45:02
5,Starved,2026-03-20 05:44:46,2026-03-20 05:45:10
11,Running,2026-03-20 05:44:18,2026-03-20 05:45:12
11,Starved,2026-03-20 05:45:12,2026-03-20 05:45:17
8,Running,2026-03-20 05:43:20,2026-03-20 05:45:19
6,Running,2026-03-20 05:43:51,2026-03-20 05:45:55
1,Running,2026-03-20 05:45:02,2026-03-20 05:46:02
1,Blocked,2026-03-20 05:46:02,2026-03-20 05:46:03
5,Running,2026-03-20 05:45:10,2026-03-20 05:46:09
6,Starved,2026-03-20 05:45:55,2026-03-20 05:46:09
10,Running,2026-03-20 05:43:20,2026-03-20 05:46:20
5,Starved,2026-03-20 05:46:09,2026-03-20 05:46:21
10,Starved,2026-03-20 05:46:20,2026-03-20 05:46:33
1,Running,2026-03-20 05:46:03,2026-03-20 05:46:58
1,Blocked,2026-03-20 05:46:58,2026-03-20 05:47:08
5,Running,2026-03-20 05:46:21,2026-03-20 05:47:13
5,Starved,2026-03-20 05:47:13,2026-03-20 05:47:19
7,Down,2026-03-20 05:40:29,2026-03-20 05:47:21
11,Running,2026-03-20 05:45:17,2026-03-20 05:47:28
11,Starved,2026-03-20 05:47:28,2026-03-20 05:47:34
1,Running,2026-03-20 05:47:08,2026-03-20 05:48:02
1,Blocked,2026-03-20 05:48:02,2026-03-20 05:48:04
5,Running,2026-03-20 05:47:19,2026-03-20 05:48:07
5,Starved,2026-03-20 05:48:07,2026-03-20 05:48:19
10,Running,2026-03-20 05:46:33,2026-03-20 05:48:34
10,Starved,2026-03-20 05:48:34,2026-03-20 05:48:51
1,Running,2026-03-20 05:48:04,2026-03-20 05:48:55
2,Running,2026-03-20 05:43:56,2026-03-20 05:48:58
2,Blocked,2026-03-20 05:48:58,2026-03-20 05:49:00
1,Blocked,2026-03-20 05:48:55,2026-03-20 05:49:00
11,Running,2026-03-20 05:47:34,2026-03-20 05:49:45
10,Running,2026-03-20 05:48:51,2026-03-20 05:49:48
11,Starved,2026-03-20 05:49:45,2026-03-20 05:49:48
3,Running,2026-03-20 05:42:57,2026-03-20 05:49:57
2,Running,2026-03-20 05:49:00,2026-03-20 05:49:57
1,Running,2026-03-20 05:49:00,2026-03-20 05:50:00
10,Starved,2026-03-20 05:49:48,2026-03-20 05:50:02
6,Running,2026-03-20 05:46:09,2026-03-20 05:50:21
6,Starved,2026-03-20 05:50:21,2026-03-20 05:50:24
3,Down,2026-03-20 05:49:57,2026-03-20 05:50:44
2,Blocked,2026-03-20 05:49:57,2026-03-20 05:50:44
1,Blocked,2026-03-20 05:50:00,2026-03-20 05:50:44
11,Running,2026-03-20 05:49:48,2026-03-20 05:50:49
10,Running,2026-03-20 05:50:02,2026-03-20 05:51:02
11,Starved,2026-03-20 05:50:49,2026-03-20 05:51:02
5,Running,2026-03-20 05:48:19,2026-03-20 05:51:21
10,Starved,2026-03-20 05:51:02,2026-03-20 05:51:29
5,Starved,2026-03-20 05:51:21,2026-03-20 05:51:39
1,Running,2026-03-20 05:50:44,2026-03-20 05:51:45
1,Blocked,2026-03-20 05:51:45,2026-03-20 05:51:48
11,Running,2026-03-20 05:51:02,2026-03-20 05:51:58
11,Starved,2026-03-20 05:51:58,2026-03-20 05:52:29
6,Running,2026-03-20 05:50:24,2026-03-20 05:52:33
5,Running,2026-03-20 05:51:39,2026-03-20 05:52:39
6,Starved,2026-03-20 05:52:33,2026-03-20 05:52:39
5,Starved,2026-03-20 05:52:39,2026-03-20 05:52:44
10,Running,2026-03-20 05:51:29,2026-03-20 05:53:18
10,Starved,2026-03-20 05:53:18,2026-03-20 05:53:21
5,Running,2026-03-20 05:52:44,2026-03-20 05:53:42
1,Running,2026-03-20 05:51:48,2026-03-20 05:53:50
1,Blocked,2026-03-20 05:53:50,2026-03-20 05:53:51
5,Starved,2026-03-20 05:53:42,2026-03-20 05:53:52
10,Running,2026-03-20 05:53:21,2026-03-20 05:54:15
10,Starved,2026-03-20 05:54:15,2026-03-20 05:54:35
6,Running,2026-03-20 05:52:39,2026-03-20 05:54:51
5,Running,2026-03-20 05:53:52,2026-03-20 05:54:52
6,Starved,2026-03-20 05:54:51,2026-03-20 05:54:52
5,Starved,2026-03-20 05:54:52,2026-03-20 05:54:54
11,Running,2026-03-20 05:52:29,2026-03-20 05:55:25
9,Running,2026-03-20 05:41:19,2026-03-20 05:55:25
11,Starved,2026-03-20 05:55:25,2026-03-20 05:55:25
6,Running,2026-03-20 05:54:52,2026-03-20 05:55:45
6,Starved,2026-03-20 05:55:45,2026-03-20 05:55:58
10,Running,2026-03-20 05:54:35,2026-03-20 05:56:21
1,Running,2026-03-20 05:53:51,2026-03-20 05:56:46
1,Blocked,2026-03-20 05:56:46,2026-03-20 05:56:57
11,Running,2026-03-20 05:55:25,2026-03-20 05:57:43
5,Running,2026-03-20 05:54:54,2026-03-20 05:57:50
5,Starved,2026-03-20 05:57:50,2026-03-20 05:58:04
2,Running,2026-03-20 05:50:44,2026-03-20 05:58:46
2,Blocked,2026-03-20 05:58:46,2026-03-20 05:58:54
6,Running,2026-03-20 05:55:58,2026-03-20 05:58:59
5,Running,2026-03-20 05:58:04,2026-03-20 05:59:04
6,Starved,2026-03-20 05:58:59,2026-03-20 05:59:04
12,Running,2026-03-20 04:54:55,2026-03-20 05:59:06
5,Starved,2026-03-20 05:59:04,2026-03-20 05:59:33
2,Running,2026-03-20 05:58:54,2026-03-20 05:59:57
1,Running,2026-03-20 05:56:57,2026-03-20 05:59:58
1,Blocked,2026-03-20 05:59:58,2026-03-20 06:00:00
2,Blocked,2026-03-20 05:59:57,2026-03-20 06:00:00
3,Running,2026-03-20 05:50:44,2026-03-20 06:00:00
4,Running,2026-03-20 04:31:52,2026-03-20 06:00:00
5,Running,2026-03-20 05:59:33,2026-03-20 06:00:00
6,Running,2026-03-20 05:59:04,2026-03-20 06:00:00
7,Running,2026-03-20 05:47:21,2026-03-20 06:00:00
8,Down,2026-03-20 05:45:19,2026-03-20 06:00:00
9,Starved,2026-03-20 05:55:25,2026-03-20 06:00:00
10,Starved,2026-03-20 05:56:21,2026-03-20 06:00:00
11,Starved,2026-03-20 05:57:43,2026-03-20 06:00:00
12,Starved,2026-03-20 05:59:06,2026-03-20 06:00:00
