station,state,ts_start,ts_end
1,Starved,2026-03-18 06:00:00,2026-03-18 06:00:00
2,Starved,2026-03-18 06:00:00,2026-03-18 06:01:07
1,Running,2026-03-18 06:00:00,2026-03-18 06:01:58
1,Starved,2026-03-18 06:01:58,2026-03-18 06:02:00
3,Starved,2026-03-18 06:00:00,2026-03-18 06:02:06
3,Running,2026-03-18 06:02:06,2026-03-18 06:03:04
4,Starved,2026-03-18 06:00:00,2026-03-18 06:03:04
2,Running,2026-03-18 06:01:07,2026-03-18 06:03:06
3,Starved,2026-03-18 06:03:04,2026-03-18 06:03:06
2,Starved,2026-03-18 06:03:06,2026-03-18 06:03:06
4,Running,2026-03-18 06:03:04,2026-03-18 06:04:08
5,Starved,2026-03-18 06:00:00,2026-03-18 06:04:08
4,Starved,2026-03-18 06:04:08,2026-03-18 06:04:19
5,Running,2026-03-18 06:04:08,2026-03-18 06:05:08
6,Starved,2026-03-18 06:00:00,2026-03-18 06:05:08
4,Running,2026-03-18 06:04:19,2026-03-18 06:05:24
5,Starved,2026-03-18 06:05:08,2026-03-18 06:05:24
4,Starved,2026-03-18 06:05:24,2026-03-18 06:05:24
6,Running,2026-03-18 06:05:08,2026-03-18 06:06:07
7,Starved,2026-03-18 06:00:00,2026-03-18 06:06:07
5,Running,2026-03-18 06:05:24,2026-03-18 06:06:24
6,Starved,2026-03-18 06:06:07,2026-03-18 06:06:24
5,Starved,2026-03-18 06:06:24,2026-03-18 06:06:28
7,Running,2026-03-18 06:06:07,2026-03-18 06:07:00
8,Starved,2026-03-18 06:00:00,2026-03-18 06:07:00
6,Running,2026-03-18 06:06:24,2026-03-18 06:07:21
7,Starved,2026-03-18 06:07:00,2026-03-18 06:07:21
5,Running,2026-03-18 06:06:28,2026-03-18 06:07:30
6,Starved,2026-03-18 06:07:21,2026-03-18 06:07:30
5,Starved,2026-03-18 06:07:30,2026-03-18 06:07:52
8,Running,2026-03-18 06:07:00,2026-03-18 06:07:57
9,Starved,2026-03-18 06:00:00,2026-03-18 06:07:57
7,Running,2026-03-18 06:07:21,2026-03-18 06:08:21
8,Starved,2026-03-18 06:07:57,2026-03-18 06:08:21
6,Running,2026-03-18 06:07:30,2026-03-18 06:08:26
7,Starved,2026-03-18 06:08:21,2026-03-18 06:08:26
5,Running,2026-03-18 06:07:52,2026-03-18 06:08:46
6,Starved,2026-03-18 06:08:26,2026-03-18 06:08:46
5,Starved,2026-03-18 06:08:46,2026-03-18 06:08:53
9,Running,2026-03-18 06:07:57,2026-03-18 06:08:54
10,Starved,2026-03-18 06:00:00,2026-03-18 06:08:54
8,Running,2026-03-18 06:08:21,2026-03-18 06:09:18
9,Starved,2026-03-18 06:08:54,2026-03-18 06:09:18
7,Running,2026-03-18 06:08:26,2026-03-18 06:09:37
8,Starved,2026-03-18 06:09:18,2026-03-18 06:09:37
6,Running,2026-03-18 06:08:46,2026-03-18 06:09:44
7,Starved,2026-03-18 06:09:37,2026-03-18 06:09:44
1,Running,2026-03-18 06:02:00,2026-03-18 06:09:50
1,Starved,2026-03-18 06:09:50,2026-03-18 06:10:00
6,Starved,2026-03-18 06:09:44,2026-03-18 06:10:03
10,Running,2026-03-18 06:08:54,2026-03-18 06:10:09
11,Starved,2026-03-18 06:00:00,2026-03-18 06:10:09
9,Running,2026-03-18 06:09:18,2026-03-18 06:10:10
10,Starved,2026-03-18 06:10:09,2026-03-18 06:10:10
8,Running,2026-03-18 06:09:37,2026-03-18 06:10:42
9,Starved,2026-03-18 06:10:10,2026-03-18 06:10:42
7,Running,2026-03-18 06:09:44,2026-03-18 06:11:01
8,Starved,2026-03-18 06:10:42,2026-03-18 06:11:01
11,Running,2026-03-18 06:10:09,2026-03-18 06:11:05
12,Starved,2026-03-18 06:00:00,2026-03-18 06:11:05
6,Running,2026-03-18 06:10:03,2026-03-18 06:11:05
7,Starved,2026-03-18 06:11:01,2026-03-18 06:11:05
10,Running,2026-03-18 06:10:10,2026-03-18 06:11:06
11,Starved,2026-03-18 06:11:05,2026-03-18 06:11:06
5,Running,2026-03-18 06:08:53,2026-03-18 06:11:07
6,Starved,2026-03-18 06:11:05,2026-03-18 06:11:07
5,Starved,2026-03-18 06:11:07,2026-03-18 06:11:10
9,Running,2026-03-18 06:10:42,2026-03-18 06:11:53
10,Starved,2026-03-18 06:11:06,2026-03-18 06:11:53
12,Running,2026-03-18 06:11:05,2026-03-18 06:11:59
13,Starved,2026-03-18 06:00:00,2026-03-18 06:11:59
8,Running,2026-03-18 06:11:01,2026-03-18 06:12:06
9,Starved,2026-03-18 06:11:53,2026-03-18 06:12:06
11,Running,2026-03-18 06:11:06,2026-03-18 06:12:07
12,Starved,2026-03-18 06:11:59,2026-03-18 06:12:07
7,Running,2026-03-18 06:11:05,2026-03-18 06:12:12
8,Starved,2026-03-18 06:12:06,2026-03-18 06:12:12
7,Starved,2026-03-18 06:12:12,2026-03-18 06:12:13
13,Running,2026-03-18 06:11:59,2026-03-18 06:12:56
10,Running,2026-03-18 06:11:53,2026-03-18 06:13:04
11,Starved,2026-03-18 06:12:07,2026-03-18 06:13:04
7,Running,2026-03-18 06:12:13,2026-03-18 06:13:05
12,Running,2026-03-18 06:12:07,2026-03-18 06:13:07
13,Starved,2026-03-18 06:12:56,2026-03-18 06:13:07
6,Running,2026-03-18 06:11:07,2026-03-18 06:13:10
7,Starved,2026-03-18 06:13:05,2026-03-18 06:13:10
5,Running,2026-03-18 06:11:10,2026-03-18 06:13:14
6,Starved,2026-03-18 06:13:10,2026-03-18 06:13:14
10,Starved,2026-03-18 06:13:04,2026-03-18 06:13:24
5,Starved,2026-03-18 06:13:14,2026-03-18 06:13:26
11,Running,2026-03-18 06:13:04,2026-03-18 06:14:01
12,Starved,2026-03-18 06:13:07,2026-03-18 06:14:01
13,Running,2026-03-18 06:13:07,2026-03-18 06:14:04
6,Running,2026-03-18 06:13:14,2026-03-18 06:14:12
8,Running,2026-03-18 06:12:12,2026-03-18 06:14:17
10,Running,2026-03-18 06:13:24,2026-03-18 06:14:23
11,Starved,2026-03-18 06:14:01,2026-03-18 06:14:23
10,Starved,2026-03-18 06:14:23,2026-03-18 06:14:27
5,Running,2026-03-18 06:13:26,2026-03-18 06:14:28
6,Starved,2026-03-18 06:14:12,2026-03-18 06:14:28
5,Starved,2026-03-18 06:14:28,2026-03-18 06:14:31
7,Running,2026-03-18 06:13:10,2026-03-18 06:14:37
8,Starved,2026-03-18 06:14:17,2026-03-18 06:14:37
1,Running,2026-03-18 06:10:00,2026-03-18 06:14:51
1,Starved,2026-03-18 06:14:51,2026-03-18 06:15:00
12,Running,2026-03-18 06:14:01,2026-03-18 06:15:03
13,Starved,2026-03-18 06:14:04,2026-03-18 06:15:03
6,Running,2026-03-18 06:14:28,2026-03-18 06:15:20
11,Running,2026-03-18 06:14:23,2026-03-18 06:15:22
12,Starved,2026-03-18 06:15:03,2026-03-18 06:15:22
10,Running,2026-03-18 06:14:27,2026-03-18 06:15:28
11,Starved,2026-03-18 06:15:22,2026-03-18 06:15:28
9,Running,2026-03-18 06:12:06,2026-03-18 06:15:28
10,Starved,2026-03-18 06:15:28,2026-03-18 06:15:28
5,Running,2026-03-18 06:14:31,2026-03-18 06:15:33
6,Starved,2026-03-18 06:15:20,2026-03-18 06:15:33
8,Running,2026-03-18 06:14:37,2026-03-18 06:15:38
9,Starved,2026-03-18 06:15:28,2026-03-18 06:15:38
5,Starved,2026-03-18 06:15:33,2026-03-18 06:15:42
13,Running,2026-03-18 06:15:03,2026-03-18 06:16:04
10,Running,2026-03-18 06:15:28,2026-03-18 06:16:32
12,Running,2026-03-18 06:15:22,2026-03-18 06:16:34
13,Starved,2026-03-18 06:16:04,2026-03-18 06:16:34
12,Starved,2026-03-18 06:16:34,2026-03-18 06:16:38
6,Running,2026-03-18 06:15:33,2026-03-18 06:16:38
6,Starved,2026-03-18 06:16:38,2026-03-18 06:16:38
9,Running,2026-03-18 06:15:38,2026-03-18 06:16:50
10,Starved,2026-03-18 06:16:32,2026-03-18 06:16:50
13,Running,2026-03-18 06:16:34,2026-03-18 06:17:32
11,Running,2026-03-18 06:15:28,2026-03-18 06:17:32
13,Starved,2026-03-18 06:17:32,2026-03-18 06:17:40
6,Running,2026-03-18 06:16:38,2026-03-18 06:17:40
10,Running,2026-03-18 06:16:50,2026-03-18 06:17:45
11,Starved,2026-03-18 06:17:32,2026-03-18 06:17:45
6,Starved,2026-03-18 06:17:40,2026-03-18 06:17:48
7,Down,2026-03-18 06:14:37,2026-03-18 06:17:51
13,Running,2026-03-18 06:17:40,2026-03-18 06:18:35
11,Running,2026-03-18 06:17:45,2026-03-18 06:18:36
13,Starved,2026-03-18 06:18:35,2026-03-18 06:18:39
6,Running,2026-03-18 06:17:48,2026-03-18 06:18:47
6,Starved,2026-03-18 06:18:47,2026-03-18 06:18:51
1,Running,2026-03-18 06:15:00,2026-03-18 06:18:59
1,Starved,2026-03-18 06:18:59,2026-03-18 06:19:00
8,Starved,2026-03-18 06:15:38,2026-03-18 06:19:00
12,Running,2026-03-18 06:16:38,2026-03-18 06:19:44
5,Running,2026-03-18 06:15:42,2026-03-18 06:19:55
8,Running,2026-03-18 06:19:00,2026-03-18 06:20:02
9,Starved,2026-03-18 06:16:50,2026-03-18 06:20:02
8,Starved,2026-03-18 06:20:02,2026-03-18 06:20:16
13,Running,2026-03-18 06:18:39,2026-03-18 06:20:53
6,Running,2026-03-18 06:18:51,2026-03-18 06:20:59
1,Running,2026-03-18 06:19:00,2026-03-18 06:21:00
9,Running,2026-03-18 06:20:02,2026-03-18 06:21:01
10,Starved,2026-03-18 06:17:45,2026-03-18 06:21:01
3,Running,2026-03-18 06:03:06,2026-03-18 06:21:03
3,Starved,2026-03-18 06:21:03,2026-03-18 06:21:04
8,Running,2026-03-18 06:20:16,2026-03-18 06:21:10
9,Starved,2026-03-18 06:21:01,2026-03-18 06:21:10
8,Starved,2026-03-18 06:21:10,2026-03-18 06:21:16
9,Running,2026-03-18 06:21:10,2026-03-18 06:22:03
3,Running,2026-03-18 06:21:04,2026-03-18 06:22:05
2,Running,2026-03-18 06:03:06,2026-03-18 06:22:06
3,Starved,2026-03-18 06:22:05,2026-03-18 06:22:06
11,Starved,2026-03-18 06:18:36,2026-03-18 06:22:11
8,Running,2026-03-18 06:21:16,2026-03-18 06:22:20
9,Starved,2026-03-18 06:22:03,2026-03-18 06:22:20
5,Down,2026-03-18 06:19:55,2026-03-18 06:22:21
8,Starved,2026-03-18 06:22:20,2026-03-18 06:22:32
3,Running,2026-03-18 06:22:06,2026-03-18 06:22:59
10,Running,2026-03-18 06:21:01,2026-03-18 06:23:12
12,Starved,2026-03-18 06:19:44,2026-03-18 06:23:15
9,Running,2026-03-18 06:22:20,2026-03-18 06:23:16
10,Starved,2026-03-18 06:23:12,2026-03-18 06:23:16
6,Starved,2026-03-18 06:20:59,2026-03-18 06:23:25
8,Running,2026-03-18 06:22:32,2026-03-18 06:23:28
9,Starved,2026-03-18 06:23:16,2026-03-18 06:23:28
8,Starved,2026-03-18 06:23:28,2026-03-18 06:23:45
11,Running,2026-03-18 06:22:11,2026-03-18 06:24:06
10,Running,2026-03-18 06:23:16,2026-03-18 06:24:14
11,Starved,2026-03-18 06:24:06,2026-03-18 06:24:14
13,Starved,2026-03-18 06:20:53,2026-03-18 06:24:16
6,Running,2026-03-18 06:23:25,2026-03-18 06:24:24
9,Running,2026-03-18 06:23:28,2026-03-18 06:24:33
10,Starved,2026-03-18 06:24:14,2026-03-18 06:24:33
6,Starved,2026-03-18 06:24:24,2026-03-18 06:24:35
8,Running,2026-03-18 06:23:45,2026-03-18 06:24:38
9,Starved,2026-03-18 06:24:33,2026-03-18 06:24:38
8,Starved,2026-03-18 06:24:38,2026-03-18 06:24:45
11,Running,2026-03-18 06:24:14,2026-03-18 06:25:06
10,Running,2026-03-18 06:24:33,2026-03-18 06:25:29
11,Starved,2026-03-18 06:25:06,2026-03-18 06:25:29
8,Running,2026-03-18 06:24:45,2026-03-18 06:25:41
10,Starved,2026-03-18 06:25:29,2026-03-18 06:25:41
8,Starved,2026-03-18 06:25:41,2026-03-18 06:25:45
4,Running,2026-03-18 06:05:24,2026-03-18 06:26:11
12,Running,2026-03-18 06:23:15,2026-03-18 06:26:11
11,Running,2026-03-18 06:25:29,2026-03-18 06:26:37
12,Starved,2026-03-18 06:26:11,2026-03-18 06:26:37
9,Running,2026-03-18 06:24:38,2026-03-18 06:26:40
8,Running,2026-03-18 06:25:45,2026-03-18 06:26:41
9,Starved,2026-03-18 06:26:40,2026-03-18 06:26:41
11,Starved,2026-03-18 06:26:37,2026-03-18 06:26:44
8,Starved,2026-03-18 06:26:41,2026-03-18 06:26:45
13,Running,2026-03-18 06:24:16,2026-03-18 06:27:38
8,Running,2026-03-18 06:26:45,2026-03-18 06:27:41
12,Running,2026-03-18 06:26:37,2026-03-18 06:27:42
13,Starved,2026-03-18 06:27:38,2026-03-18 06:27:42
8,Starved,2026-03-18 06:27:41,2026-03-18 06:27:50
12,Starved,2026-03-18 06:27:42,2026-03-18 06:27:54
1,Down,2026-03-18 06:21:00,2026-03-18 06:28:12
13,Running,2026-03-18 06:27:42,2026-03-18 06:28:34
8,Running,2026-03-18 06:27:50,2026-03-18 06:28:50
11,Running,2026-03-18 06:26:44,2026-03-18 06:28:53
8,Starved,2026-03-18 06:28:50,2026-03-18 06:28:56
11,Starved,2026-03-18 06:28:53,2026-03-18 06:28:58
13,Starved,2026-03-18 06:28:34,2026-03-18 06:28:59
2,Starved,2026-03-18 06:22:06,2026-03-18 06:29:11
5,Running,2026-03-18 06:22:21,2026-03-18 06:29:21
9,Running,2026-03-18 06:26:41,2026-03-18 06:29:46
12,Running,2026-03-18 06:27:54,2026-03-18 06:29:55
12,Starved,2026-03-18 06:29:55,2026-03-18 06:29:57
9,Starved,2026-03-18 06:29:46,2026-03-18 06:30:00
2,Running,2026-03-18 06:29:11,2026-03-18 06:30:13
3,Starved,2026-03-18 06:22:59,2026-03-18 06:30:13
2,Starved,2026-03-18 06:30:13,2026-03-18 06:30:22
12,Running,2026-03-18 06:29:57,2026-03-18 06:30:47
11,Running,2026-03-18 06:28:58,2026-03-18 06:30:48
12,Starved,2026-03-18 06:30:47,2026-03-18 06:30:48
6,Running,2026-03-18 06:24:35,2026-03-18 06:30:50
10,Running,2026-03-18 06:25:41,2026-03-18 06:30:55
11,Starved,2026-03-18 06:30:48,2026-03-18 06:30:55
9,Running,2026-03-18 06:30:00,2026-03-18 06:30:59
10,Starved,2026-03-18 06:30:55,2026-03-18 06:30:59
8,Running,2026-03-18 06:28:56,2026-03-18 06:30:59
9,Starved,2026-03-18 06:30:59,2026-03-18 06:30:59
8,Starved,2026-03-18 06:30:59,2026-03-18 06:31:00
3,Running,2026-03-18 06:30:13,2026-03-18 06:31:16
4,Starved,2026-03-18 06:26:11,2026-03-18 06:31:16
3,Starved,2026-03-18 06:31:16,2026-03-18 06:31:27
12,Running,2026-03-18 06:30:48,2026-03-18 06:31:45
10,Running,2026-03-18 06:30:59,2026-03-18 06:31:53
12,Starved,2026-03-18 06:31:45,2026-03-18 06:32:02
8,Running,2026-03-18 06:31:00,2026-03-18 06:32:02
10,Starved,2026-03-18 06:31:53,2026-03-18 06:32:14
8,Starved,2026-03-18 06:32:02,2026-03-18 06:32:18
2,Running,2026-03-18 06:30:22,2026-03-18 06:32:20
2,Starved,2026-03-18 06:32:20,2026-03-18 06:32:20
4,Running,2026-03-18 06:31:16,2026-03-18 06:32:24
5,Starved,2026-03-18 06:29:21,2026-03-18 06:32:24
4,Starved,2026-03-18 06:32:24,2026-03-18 06:32:28
11,Running,2026-03-18 06:30:55,2026-03-18 06:32:52
13,Running,2026-03-18 06:28:59,2026-03-18 06:33:06
13,Starved,2026-03-18 06:33:06,2026-03-18 06:33:10
7,Running,2026-03-18 06:17:51,2026-03-18 06:33:14
9,Running,2026-03-18 06:30:59,2026-03-18 06:33:14
11,Starved,2026-03-18 06:32:52,2026-03-18 06:33:15
9,Starved,2026-03-18 06:33:14,2026-03-18 06:33:16
5,Running,2026-03-18 06:32:24,2026-03-18 06:33:23
6,Starved,2026-03-18 06:30:50,2026-03-18 06:33:23
5,Starved,2026-03-18 06:33:23,2026-03-18 06:33:42
13,Running,2026-03-18 06:33:10,2026-03-18 06:34:05
12,Running,2026-03-18 06:32:02,2026-03-18 06:34:10
13,Starved,2026-03-18 06:34:05,2026-03-18 06:34:10
10,Running,2026-03-18 06:32:14,2026-03-18 06:34:16
8,Running,2026-03-18 06:32:18,2026-03-18 06:34:16
12,Starved,2026-03-18 06:34:10,2026-03-18 06:34:17
6,Running,2026-03-18 06:33:23,2026-03-18 06:34:18
7,Starved,2026-03-18 06:33:14,2026-03-18 06:34:18
10,Starved,2026-03-18 06:34:16,2026-03-18 06:34:31
5,Running,2026-03-18 06:33:42,2026-03-18 06:34:43
6,Starved,2026-03-18 06:34:18,2026-03-18 06:34:43
5,Starved,2026-03-18 06:34:43,2026-03-18 06:34:56
13,Running,2026-03-18 06:34:10,2026-03-18 06:35:15
12,Running,2026-03-18 06:34:17,2026-03-18 06:35:17
13,Starved,2026-03-18 06:35:15,2026-03-18 06:35:17
11,Running,2026-03-18 06:33:15,2026-03-18 06:35:22
12,Starved,2026-03-18 06:35:17,2026-03-18 06:35:22
7,Running,2026-03-18 06:34:18,2026-03-18 06:35:22
8,Starved,2026-03-18 06:34:16,2026-03-18 06:35:22
10,Running,2026-03-18 06:34:31,2026-03-18 06:35:32
11,Starved,2026-03-18 06:35:22,2026-03-18 06:35:32
9,Running,2026-03-18 06:33:16,2026-03-18 06:35:34
10,Starved,2026-03-18 06:35:32,2026-03-18 06:35:34
6,Running,2026-03-18 06:34:43,2026-03-18 06:35:42
7,Starved,2026-03-18 06:35:22,2026-03-18 06:35:42
6,Starved,2026-03-18 06:35:42,2026-03-18 06:35:56
13,Running,2026-03-18 06:35:17,2026-03-18 06:36:10
8,Running,2026-03-18 06:35:22,2026-03-18 06:36:13
9,Starved,2026-03-18 06:35:34,2026-03-18 06:36:13
2,Running,2026-03-18 06:32:20,2026-03-18 06:36:19
12,Running,2026-03-18 06:35:22,2026-03-18 06:36:22
13,Starved,2026-03-18 06:36:10,2026-03-18 06:36:22
2,Starved,2026-03-18 06:36:19,2026-03-18 06:36:30
11,Running,2026-03-18 06:35:32,2026-03-18 06:36:31
12,Starved,2026-03-18 06:36:22,2026-03-18 06:36:31
10,Running,2026-03-18 06:35:34,2026-03-18 06:36:33
11,Starved,2026-03-18 06:36:31,2026-03-18 06:36:33
7,Running,2026-03-18 06:35:42,2026-03-18 06:36:50
8,Starved,2026-03-18 06:36:13,2026-03-18 06:36:50
6,Running,2026-03-18 06:35:56,2026-03-18 06:36:56
7,Starved,2026-03-18 06:36:50,2026-03-18 06:36:56
6,Starved,2026-03-18 06:36:56,2026-03-18 06:37:07
9,Running,2026-03-18 06:36:13,2026-03-18 06:37:08
10,Starved,2026-03-18 06:36:33,2026-03-18 06:37:08
2,Running,2026-03-18 06:36:30,2026-03-18 06:37:24
13,Running,2026-03-18 06:36:22,2026-03-18 06:37:25
12,Running,2026-03-18 06:36:31,2026-03-18 06:37:34
13,Starved,2026-03-18 06:37:25,2026-03-18 06:37:34
11,Running,2026-03-18 06:36:33,2026-03-18 06:37:35
12,Starved,2026-03-18 06:37:34,2026-03-18 06:37:35
2,Starved,2026-03-18 06:37:24,2026-03-18 06:37:36
8,Running,2026-03-18 06:36:50,2026-03-18 06:37:58
9,Starved,2026-03-18 06:37:08,2026-03-18 06:37:58
5,Running,2026-03-18 06:34:56,2026-03-18 06:38:01
10,Running,2026-03-18 06:37:08,2026-03-18 06:38:03
11,Starved,2026-03-18 06:37:35,2026-03-18 06:38:03
8,Starved,2026-03-18 06:37:58,2026-03-18 06:38:05
3,Running,2026-03-18 06:31:27,2026-03-18 06:38:29
12,Running,2026-03-18 06:37:35,2026-03-18 06:38:33
3,Starved,2026-03-18 06:38:29,2026-03-18 06:38:38
6,Running,2026-03-18 06:37:07,2026-03-18 06:38:57
11,Running,2026-03-18 06:38:03,2026-03-18 06:38:59
12,Starved,2026-03-18 06:38:33,2026-03-18 06:38:59
9,Running,2026-03-18 06:37:58,2026-03-18 06:39:00
10,Starved,2026-03-18 06:38:03,2026-03-18 06:39:00
8,Running,2026-03-18 06:38:05,2026-03-18 06:39:06
9,Starved,2026-03-18 06:39:00,2026-03-18 06:39:06
8,Starved,2026-03-18 06:39:06,2026-03-18 06:39:11
5,Down,2026-03-18 06:38:01,2026-03-18 06:39:17
2,Running,2026-03-18 06:37:36,2026-03-18 06:39:36
2,Starved,2026-03-18 06:39:36,2026-03-18 06:39:40
13,Running,2026-03-18 06:37:34,2026-03-18 06:39:43
12,Running,2026-03-18 06:38:59,2026-03-18 06:39:48
13,Starved,2026-03-18 06:39:43,2026-03-18 06:39:48
9,Running,2026-03-18 06:39:06,2026-03-18 06:39:54
11,Starved,2026-03-18 06:38:59,2026-03-18 06:39:55
8,Running,2026-03-18 06:39:11,2026-03-18 06:40:08
9,Starved,2026-03-18 06:39:54,2026-03-18 06:40:08
6,Starved,2026-03-18 06:38:57,2026-03-18 06:40:16
7,Running,2026-03-18 06:36:56,2026-03-18 06:40:25
8,Starved,2026-03-18 06:40:08,2026-03-18 06:40:25
13,Running,2026-03-18 06:39:48,2026-03-18 06:40:48
10,Running,2026-03-18 06:39:00,2026-03-18 06:40:54
12,Starved,2026-03-18 06:39:48,2026-03-18 06:40:58
9,Running,2026-03-18 06:40:08,2026-03-18 06:41:12
10,Starved,2026-03-18 06:40:54,2026-03-18 06:41:12
6,Running,2026-03-18 06:40:16,2026-03-18 06:41:14
7,Starved,2026-03-18 06:40:25,2026-03-18 06:41:14
6,Starved,2026-03-18 06:41:14,2026-03-18 06:41:20
8,Running,2026-03-18 06:40:25,2026-03-18 06:41:25
9,Starved,2026-03-18 06:41:12,2026-03-18 06:41:25
11,Running,2026-03-18 06:39:55,2026-03-18 06:42:01
13,Starved,2026-03-18 06:40:48,2026-03-18 06:42:02
7,Running,2026-03-18 06:41:14,2026-03-18 06:42:10
8,Starved,2026-03-18 06:41:25,2026-03-18 06:42:10
10,Running,2026-03-18 06:41:12,2026-03-18 06:42:13
11,Starved,2026-03-18 06:42:01,2026-03-18 06:42:13
9,Running,2026-03-18 06:41:25,2026-03-18 06:42:17
10,Starved,2026-03-18 06:42:13,2026-03-18 06:42:17
7,Starved,2026-03-18 06:42:10,2026-03-18 06:42:27
13,Running,2026-03-18 06:42:02,2026-03-18 06:42:54
12,Running,2026-03-18 06:40:58,2026-03-18 06:42:57
13,Starved,2026-03-18 06:42:54,2026-03-18 06:42:57
8,Running,2026-03-18 06:42:10,2026-03-18 06:43:06
9,Starved,2026-03-18 06:42:17,2026-03-18 06:43:06
11,Running,2026-03-18 06:42:13,2026-03-18 06:43:14
12,Starved,2026-03-18 06:42:57,2026-03-18 06:43:14
10,Running,2026-03-18 06:42:17,2026-03-18 06:43:24
11,Starved,2026-03-18 06:43:14,2026-03-18 06:43:24
8,Starved,2026-03-18 06:43:06,2026-03-18 06:43:38
13,Running,2026-03-18 06:42:57,2026-03-18 06:44:02
9,Running,2026-03-18 06:43:06,2026-03-18 06:44:16
10,Starved,2026-03-18 06:43:24,2026-03-18 06:44:16
12,Running,2026-03-18 06:43:14,2026-03-18 06:44:20
13,Starved,2026-03-18 06:44:02,2026-03-18 06:44:20
11,Running,2026-03-18 06:43:24,2026-03-18 06:44:23
12,Starved,2026-03-18 06:44:20,2026-03-18 06:44:23
9,Starved,2026-03-18 06:44:16,2026-03-18 06:44:52
13,Running,2026-03-18 06:44:20,2026-03-18 06:45:13
10,Running,2026-03-18 06:44:16,2026-03-18 06:45:14
11,Starved,2026-03-18 06:44:23,2026-03-18 06:45:14
12,Running,2026-03-18 06:44:23,2026-03-18 06:45:22
13,Starved,2026-03-18 06:45:13,2026-03-18 06:45:22
7,Running,2026-03-18 06:42:27,2026-03-18 06:45:23
3,Running,2026-03-18 06:38:38,2026-03-18 06:45:29
7,Starved,2026-03-18 06:45:23,2026-03-18 06:45:31
3,Starved,2026-03-18 06:45:29,2026-03-18 06:45:41
9,Running,2026-03-18 06:44:52,2026-03-18 06:45:51
10,Starved,2026-03-18 06:45:14,2026-03-18 06:45:51
9,Starved,2026-03-18 06:45:51,2026-03-18 06:45:53
11,Running,2026-03-18 06:45:14,2026-03-18 06:46:25
12,Starved,2026-03-18 06:45:22,2026-03-18 06:46:25
13,Running,2026-03-18 06:45:22,2026-03-18 06:46:31
11,Starved,2026-03-18 06:46:25,2026-03-18 06:46:51
12,Running,2026-03-18 06:46:25,2026-03-18 06:47:18
13,Starved,2026-03-18 06:46:31,2026-03-18 06:47:18
9,Running,2026-03-18 06:45:53,2026-03-18 06:47:48
8,Running,2026-03-18 06:43:38,2026-03-18 06:47:48
9,Starved,2026-03-18 06:47:48,2026-03-18 06:47:48
11,Running,2026-03-18 06:46:51,2026-03-18 06:47:56
12,Starved,2026-03-18 06:47:18,2026-03-18 06:47:56
8,Starved,2026-03-18 06:47:48,2026-03-18 06:47:56
11,Starved,2026-03-18 06:47:56,2026-03-18 06:47:57
13,Running,2026-03-18 06:47:18,2026-03-18 06:48:22
9,Running,2026-03-18 06:47:48,2026-03-18 06:48:41
9,Starved,2026-03-18 06:48:41,2026-03-18 06:49:03
12,Running,2026-03-18 06:47:56,2026-03-18 06:49:04
13,Starved,2026-03-18 06:48:22,2026-03-18 06:49:04
10,Running,2026-03-18 06:45:51,2026-03-18 06:49:57
9,Running,2026-03-18 06:49:03,2026-03-18 06:50:04
10,Starved,2026-03-18 06:49:57,2026-03-18 06:50:04
13,Running,2026-03-18 06:49:04,2026-03-18 06:50:07
8,Running,2026-03-18 06:47:56,2026-03-18 06:50:07
9,Starved,2026-03-18 06:50:04,2026-03-18 06:50:07
8,Starved,2026-03-18 06:50:07,2026-03-18 06:50:41
10,Running,2026-03-18 06:50:04,2026-03-18 06:50:58
9,Running,2026-03-18 06:50:07,2026-03-18 06:51:14
10,Starved,2026-03-18 06:50:58,2026-03-18 06:51:14
8,Running,2026-03-18 06:50:41,2026-03-18 06:51:45
9,Starved,2026-03-18 06:51:14,2026-03-18 06:51:45
8,Starved,2026-03-18 06:51:45,2026-03-18 06:51:48
11,Running,2026-03-18 06:47:57,2026-03-18 06:51:50
6,Running,2026-03-18 06:41:20,2026-03-18 06:52:15
6,Starved,2026-03-18 06:52:15,2026-03-18 06:52:24
10,Running,2026-03-18 06:51:14,2026-03-18 06:52:28
11,Starved,2026-03-18 06:51:50,2026-03-18 06:52:28
2,Running,2026-03-18 06:39:40,2026-03-18 06:52:34
2,Starved,2026-03-18 06:52:34,2026-03-18 06:52:38
10,Starved,2026-03-18 06:52:28,2026-03-18 06:53:16
6,Running,2026-03-18 06:52:24,2026-03-18 06:53:17
5,Running,2026-03-18 06:39:17,2026-03-18 06:53:27
6,Starved,2026-03-18 06:53:17,2026-03-18 06:53:27
5,Starved,2026-03-18 06:53:27,2026-03-18 06:53:29
11,Running,2026-03-18 06:52:28,2026-03-18 06:53:32
2,Running,2026-03-18 06:52:38,2026-03-18 06:53:33
2,Starved,2026-03-18 06:53:33,2026-03-18 06:53:45
8,Running,2026-03-18 06:51:48,2026-03-18 06:53:47
8,Starved,2026-03-18 06:53:47,2026-03-18 06:53:49
10,Running,2026-03-18 06:53:16,2026-03-18 06:54:13
11,Starved,2026-03-18 06:53:32,2026-03-18 06:54:13
10,Starved,2026-03-18 06:54:13,2026-03-18 06:54:13
2,Running,2026-03-18 06:53:45,2026-03-18 06:54:38
2,Starved,2026-03-18 06:54:38,2026-03-18 06:54:42
8,Running,2026-03-18 06:53:49,2026-03-18 06:54:48
8,Starved,2026-03-18 06:54:48,2026-03-18 06:54:49
10,Running,2026-03-18 06:54:13,2026-03-18 06:55:13
10,Starved,2026-03-18 06:55:13,2026-03-18 06:55:15
8,Running,2026-03-18 06:54:49,2026-03-18 06:55:49
8,Starved,2026-03-18 06:55:49,2026-03-18 06:55:54
10,Running,2026-03-18 06:55:15,2026-03-18 06:56:05
10,Starved,2026-03-18 06:56:05,2026-03-18 06:56:19
5,Running,2026-03-18 06:53:29,2026-03-18 06:56:22
12,Down,2026-03-18 06:49:04,2026-03-18 06:56:23
6,Running,2026-03-18 06:53:27,2026-03-18 06:56:29
5,Starved,2026-03-18 06:56:22,2026-03-18 06:56:29
10,Running,2026-03-18 06:56:19,2026-03-18 06:57:11
10,Starved,2026-03-18 06:57:11,2026-03-18 06:57:17
13,Starved,2026-03-18 06:50:07,2026-03-18 06:57:24
5,Running,2026-03-18 06:56:29,2026-03-18 06:57:24
5,Starved,2026-03-18 06:57:24,2026-03-18 06:57:34
8,Running,2026-03-18 06:55:54,2026-03-18 06:57:54
10,Running,2026-03-18 06:57:17,2026-03-18 06:58:06
8,Starved,2026-03-18 06:57:54,2026-03-18 06:58:08
10,Starved,2026-03-18 06:58:06,2026-03-18 06:58:16
13,Running,2026-03-18 06:57:24,2026-03-18 06:58:19
5,Running,2026-03-18 06:57:34,2026-03-18 06:58:32
5,Starved,2026-03-18 06:58:32,2026-03-18 06:59:02
9,Running,2026-03-18 06:51:45,2026-03-18 06:59:06
7,Running,2026-03-18 06:45:31,2026-03-18 06:59:10
11,Running,2026-03-18 06:54:13,2026-03-18 06:59:11
9,Starved,2026-03-18 06:59:06,2026-03-18 06:59:14
11,Starved,2026-03-18 06:59:11,2026-03-18 06:59:19
13,Down,2026-03-18 06:58:19,2026-03-18 06:59:22
11,Running,2026-03-18 06:59:19,2026-03-18 07:00:08
8,Running,2026-03-18 06:58:08,2026-03-18 07:00:09
11,Starved,2026-03-18 07:00:08,2026-03-18 07:00:20
5,Running,2026-03-18 06:59:02,2026-03-18 07:01:02
5,Starved,2026-03-18 07:01:02,2026-03-18 07:01:04
11,Running,2026-03-18 07:00:20,2026-03-18 07:01:12
10,Running,2026-03-18 06:58:16,2026-03-18 07:01:15
11,Starved,2026-03-18 07:01:12,2026-03-18 07:01:15
9,Running,2026-03-18 06:59:14,2026-03-18 07:01:18
10,Starved,2026-03-18 07:01:15,2026-03-18 07:01:18
3,Running,2026-03-18 06:45:41,2026-03-18 07:01:44
10,Running,2026-03-18 07:01:18,2026-03-18 07:02:18
11,Running,2026-03-18 07:01:15,2026-03-18 07:03:33
4,Running,2026-03-18 06:32:28,2026-03-18 07:05:09
6,Down,2026-03-18 06:56:29,2026-03-18 07:05:17
2,Running,2026-03-18 06:54:42,2026-03-18 07:05:36
2,Starved,2026-03-18 07:05:36,2026-03-18 07:05:39
7,Starved,2026-03-18 06:59:10,2026-03-18 07:06:11
5,Running,2026-03-18 07:01:04,2026-03-18 07:06:33
2,Running,2026-03-18 07:05:39,2026-03-18 07:06:37
2,Starved,2026-03-18 07:06:37,2026-03-18 07:06:42
7,Running,2026-03-18 07:06:11,2026-03-18 07:07:13
8,Starved,2026-03-18 07:00:09,2026-03-18 07:07:13
7,Starved,2026-03-18 07:07:13,2026-03-18 07:07:16
2,Running,2026-03-18 07:06:42,2026-03-18 07:07:39
2,Starved,2026-03-18 07:07:39,2026-03-18 07:07:56
8,Running,2026-03-18 07:07:13,2026-03-18 07:08:06
9,Starved,2026-03-18 07:01:18,2026-03-18 07:08:06
7,Running,2026-03-18 07:07:16,2026-03-18 07:08:14
8,Starved,2026-03-18 07:08:06,2026-03-18 07:08:14
7,Starved,2026-03-18 07:08:14,2026-03-18 07:08:21
9,Running,2026-03-18 07:08:06,2026-03-18 07:09:10
10,Starved,2026-03-18 07:02:18,2026-03-18 07:09:10
8,Running,2026-03-18 07:08:14,2026-03-18 07:09:19
9,Starved,2026-03-18 07:09:10,2026-03-18 07:09:19
7,Running,2026-03-18 07:08:21,2026-03-18 07:09:20
8,Starved,2026-03-18 07:09:19,2026-03-18 07:09:20
7,Starved,2026-03-18 07:09:20,2026-03-18 07:09:24
8,Running,2026-03-18 07:09:20,2026-03-18 07:10:11
10,Running,2026-03-18 07:09:10,2026-03-18 07:10:15
11,Starved,2026-03-18 07:03:33,2026-03-18 07:10:15
10,Starved,2026-03-18 07:10:15,2026-03-18 07:10:18
3,Down,2026-03-18 07:01:44,2026-03-18 07:10:28
13,Running,2026-03-18 06:59:22,2026-03-18 07:10:36
7,Running,2026-03-18 07:09:24,2026-03-18 07:10:43
8,Starved,2026-03-18 07:10:11,2026-03-18 07:10:43
12,Running,2026-03-18 06:56:23,2026-03-18 07:10:44
13,Starved,2026-03-18 07:10:36,2026-03-18 07:10:44
11,Running,2026-03-18 07:10:15,2026-03-18 07:11:11
12,Starved,2026-03-18 07:10:44,2026-03-18 07:11:11
10,Running,2026-03-18 07:10:18,2026-03-18 07:11:19
11,Starved,2026-03-18 07:11:11,2026-03-18 07:11:19
9,Running,2026-03-18 07:09:19,2026-03-18 07:11:25
10,Starved,2026-03-18 07:11:19,2026-03-18 07:11:25
4,Starved,2026-03-18 07:05:09,2026-03-18 07:11:30
8,Running,2026-03-18 07:10:43,2026-03-18 07:11:43
9,Starved,2026-03-18 07:11:25,2026-03-18 07:11:43
13,Running,2026-03-18 07:10:44,2026-03-18 07:11:43
12,Running,2026-03-18 07:11:11,2026-03-18 07:12:09
13,Starved,2026-03-18 07:11:43,2026-03-18 07:12:09
11,Running,2026-03-18 07:11:19,2026-03-18 07:12:10
12,Starved,2026-03-18 07:12:09,2026-03-18 07:12:10
4,Running,2026-03-18 07:11:30,2026-03-18 07:12:21
5,Starved,2026-03-18 07:06:33,2026-03-18 07:12:21
4,Starved,2026-03-18 07:12:21,2026-03-18 07:12:24
10,Running,2026-03-18 07:11:25,2026-03-18 07:12:29
11,Starved,2026-03-18 07:12:10,2026-03-18 07:12:29
9,Running,2026-03-18 07:11:43,2026-03-18 07:12:58
10,Starved,2026-03-18 07:12:29,2026-03-18 07:12:58
13,Running,2026-03-18 07:12:09,2026-03-18 07:13:04
12,Running,2026-03-18 07:12:10,2026-03-18 07:13:06
13,Starved,2026-03-18 07:13:04,2026-03-18 07:13:06
5,Running,2026-03-18 07:12:21,2026-03-18 07:13:20
11,Running,2026-03-18 07:12:29,2026-03-18 07:13:22
12,Starved,2026-03-18 07:13:06,2026-03-18 07:13:22
5,Starved,2026-03-18 07:13:20,2026-03-18 07:13:32
10,Running,2026-03-18 07:12:58,2026-03-18 07:14:05
11,Starved,2026-03-18 07:13:22,2026-03-18 07:14:05
13,Running,2026-03-18 07:13:06,2026-03-18 07:14:05
12,Running,2026-03-18 07:13:22,2026-03-18 07:14:21
13,Starved,2026-03-18 07:14:05,2026-03-18 07:14:21
5,Running,2026-03-18 07:13:32,2026-03-18 07:14:23
5,Starved,2026-03-18 07:14:23,2026-03-18 07:15:04
11,Running,2026-03-18 07:14:05,2026-03-18 07:15:08
12,Starved,2026-03-18 07:14:21,2026-03-18 07:15:08
13,Running,2026-03-18 07:14:21,2026-03-18 07:15:24
5,Running,2026-03-18 07:15:04,2026-03-18 07:16:09
5,Starved,2026-03-18 07:16:09,2026-03-18 07:16:13
12,Running,2026-03-18 07:15:08,2026-03-18 07:16:13
13,Starved,2026-03-18 07:15:24,2026-03-18 07:16:13
5,Running,2026-03-18 07:16:13,2026-03-18 07:17:06
13,Running,2026-03-18 07:16:13,2026-03-18 07:17:07
5,Starved,2026-03-18 07:17:06,2026-03-18 07:17:15
5,Running,2026-03-18 07:17:15,2026-03-18 07:18:09
5,Starved,2026-03-18 07:18:09,2026-03-18 07:18:21
5,Running,2026-03-18 07:18:21,2026-03-18 07:19:15
5,Starved,2026-03-18 07:19:15,2026-03-18 07:19:22
5,Running,2026-03-18 07:19:22,2026-03-18 07:20:19
5,Starved,2026-03-18 07:20:19,2026-03-18 07:20:48
5,Running,2026-03-18 07:20:48,2026-03-18 07:21:46
6,Running,2026-03-18 07:05:17,2026-03-18 07:23:22
7,Down,2026-03-18 07:10:43,2026-03-18 07:28:21
5,Down,2026-03-18 07:21:46,2026-03-18 07:28:31
6,Starved,2026-03-18 07:23:22,2026-03-18 07:29:28
8,Starved,2026-03-18 07:11:43,2026-03-18 07:29:29
6,Running,2026-03-18 07:29:28,2026-03-18 07:30:26
8,Running,2026-03-18 07:29:29,2026-03-18 07:30:33
9,Starved,2026-03-18 07:12:58,2026-03-18 07:30:33
4,Running,2026-03-18 07:12:24,2026-03-18 07:31:08
9,Running,2026-03-18 07:30:33,2026-03-18 07:31:45
10,Starved,2026-03-18 07:14:05,2026-03-18 07:31:45
4,Down,2026-03-18 07:31:08,2026-03-18 07:31:50
10,Running,2026-03-18 07:31:45,2026-03-18 07:32:40
11,Starved,2026-03-18 07:15:08,2026-03-18 07:32:40
11,Running,2026-03-18 07:32:40,2026-03-18 07:33:44
12,Starved,2026-03-18 07:16:13,2026-03-18 07:33:44
6,Down,2026-03-18 07:30:26,2026-03-18 07:33:46
12,Running,2026-03-18 07:33:44,2026-03-18 07:34:44
13,Starved,2026-03-18 07:17:07,2026-03-18 07:34:44
13,Running,2026-03-18 07:34:44,2026-03-18 07:35:33
11,Down,2026-03-18 07:33:44,2026-03-18 07:36:48
13,Down,2026-03-18 07:35:33,2026-03-18 07:37:07
7,Running,2026-03-18 07:28:21,2026-03-18 07:44:38
8,Down,2026-03-18 07:30:33,2026-03-18 07:45:51
7,Blocked,2026-03-18 07:44:38,2026-03-18 07:45:51
9,Starved,2026-03-18 07:31:45,2026-03-18 07:46:56
10,Starved,2026-03-18 07:32:40,2026-03-18 07:47:54
10,Running,2026-03-18 07:47:54,2026-03-18 07:48:53
11,Starved,2026-03-18 07:36:48,2026-03-18 07:48:53
11,Running,2026-03-18 07:48:53,2026-03-18 07:49:55
12,Starved,2026-03-18 07:34:44,2026-03-18 07:49:55
12,Running,2026-03-18 07:49:55,2026-03-18 07:51:00
13,Starved,2026-03-18 07:37:07,2026-03-18 07:51:00
13,Running,2026-03-18 07:51:00,2026-03-18 07:52:06
10,Down,2026-03-18 07:48:53,2026-03-18 07:54:40
11,Starved,2026-03-18 07:49:55,2026-03-18 07:55:40
11,Running,2026-03-18 07:55:40,2026-03-18 07:56:39
12,Starved,2026-03-18 07:51:00,2026-03-18 07:56:39
11,Starved,2026-03-18 07:56:39,2026-03-18 07:56:40
12,Running,2026-03-18 07:56:39,2026-03-18 07:57:36
13,Starved,2026-03-18 07:52:06,2026-03-18 07:57:36
11,Running,2026-03-18 07:56:40,2026-03-18 07:57:39
12,Starved,2026-03-18 07:57:36,2026-03-18 07:57:39
11,Starved,2026-03-18 07:57:39,2026-03-18 07:57:45
11,Running,2026-03-18 07:57:45,2026-03-18 07:58:42
11,Starved,2026-03-18 07:58:42,2026-03-18 07:58:45
9,Running,2026-03-18 07:46:56,2026-03-18 07:58:59
9,Starved,2026-03-18 07:58:59,2026-03-18 07:59:02
12,Running,2026-03-18 07:57:39,2026-03-18 07:59:37
11,Running,2026-03-18 07:58:45,2026-03-18 07:59:45
12,Starved,2026-03-18 07:59:37,2026-03-18 07:59:45
11,Starved,2026-03-18 07:59:45,2026-03-18 07:59:51
1,Running,2026-03-18 06:28:12,2026-03-18 08:00:19
4,Running,2026-03-18 07:31:50,2026-03-18 08:00:21
12,Running,2026-03-18 07:59:45,2026-03-18 08:00:42
11,Running,2026-03-18 07:59:51,2026-03-18 08:00:43
12,Starved,2026-03-18 08:00:42,2026-03-18 08:00:43
11,Starved,2026-03-18 08:00:43,2026-03-18 08:00:48
1,Down,2026-03-18 08:00:19,2026-03-18 08:01:33
12,Running,2026-03-18 08:00:43,2026-03-18 08:01:36
12,Starved,2026-03-18 08:01:36,2026-03-18 08:01:52
2,Running,2026-03-18 07:07:56,2026-03-18 08:02:29
2,Starved,2026-03-18 08:02:29,2026-03-18 08:02:34
6,Running,2026-03-18 07:33:46,2026-03-18 08:02:53
7,Running,2026-03-18 07:45:51,2026-03-18 08:03:20
12,Running,2026-03-18 08:01:52,2026-03-18 08:03:48
12,Starved,2026-03-18 08:03:48,2026-03-18 08:03:53
5,Running,2026-03-18 07:28:31,2026-03-18 08:03:56
3,Running,2026-03-18 07:10:28,2026-03-18 08:04:10
12,Running,2026-03-18 08:03:53,2026-03-18 08:06:00
12,Starved,2026-03-18 08:06:00,2026-03-18 08:06:04
4,Down,2026-03-18 08:00:21,2026-03-18 08:06:13
3,Blocked,2026-03-18 08:04:10,2026-03-18 08:06:13
6,Down,2026-03-18 08:02:53,2026-03-18 08:06:25
12,Running,2026-03-18 08:06:04,2026-03-18 08:07:07
12,Starved,2026-03-18 08:07:07,2026-03-18 08:07:09
3,Running,2026-03-18 08:06:13,2026-03-18 08:07:14
5,Starved,2026-03-18 08:03:56,2026-03-18 08:07:25
3,Blocked,2026-03-18 08:07:14,2026-03-18 08:07:25
5,Running,2026-03-18 08:07:25,2026-03-18 08:08:23
3,Running,2026-03-18 08:07:25,2026-03-18 08:08:27
5,Starved,2026-03-18 08:08:23,2026-03-18 08:08:42
3,Blocked,2026-03-18 08:08:27,2026-03-18 08:08:42
3,Running,2026-03-18 08:08:42,2026-03-18 08:09:39
3,Blocked,2026-03-18 08:09:39,2026-03-18 08:09:44
5,Running,2026-03-18 08:08:42,2026-03-18 08:10:36
5,Starved,2026-03-18 08:10:36,2026-03-18 08:10:47
5,Running,2026-03-18 08:10:47,2026-03-18 08:11:49
3,Running,2026-03-18 08:09:44,2026-03-18 08:11:53
5,Starved,2026-03-18 08:11:49,2026-03-18 08:11:59
3,Blocked,2026-03-18 08:11:53,2026-03-18 08:11:59
8,Running,2026-03-18 07:45:51,2026-03-18 08:15:02
12,Running,2026-03-18 08:07:09,2026-03-18 08:15:47
5,Running,2026-03-18 08:11:59,2026-03-18 08:15:54
5,Starved,2026-03-18 08:15:54,2026-03-18 08:15:58
11,Running,2026-03-18 08:00:48,2026-03-18 08:16:02
12,Starved,2026-03-18 08:15:47,2026-03-18 08:16:02
11,Starved,2026-03-18 08:16:02,2026-03-18 08:16:02
7,Down,2026-03-18 08:03:20,2026-03-18 08:16:36
12,Running,2026-03-18 08:16:02,2026-03-18 08:16:59
5,Running,2026-03-18 08:15:58,2026-03-18 08:17:01
5,Starved,2026-03-18 08:17:01,2026-03-18 08:17:01
12,Starved,2026-03-18 08:16:59,2026-03-18 08:17:14
9,Running,2026-03-18 07:59:02,2026-03-18 08:17:28
8,Starved,2026-03-18 08:15:02,2026-03-18 08:17:40
5,Running,2026-03-18 08:17:01,2026-03-18 08:17:59
5,Starved,2026-03-18 08:17:59,2026-03-18 08:18:04
13,Running,2026-03-18 07:57:36,2026-03-18 08:18:09
12,Running,2026-03-18 08:17:14,2026-03-18 08:18:15
13,Starved,2026-03-18 08:18:09,2026-03-18 08:18:15
12,Starved,2026-03-18 08:18:15,2026-03-18 08:18:25
9,Starved,2026-03-18 08:17:28,2026-03-18 08:18:40
13,Running,2026-03-18 08:18:15,2026-03-18 08:19:12
12,Running,2026-03-18 08:18:25,2026-03-18 08:19:24
13,Starved,2026-03-18 08:19:12,2026-03-18 08:19:24
12,Starved,2026-03-18 08:19:24,2026-03-18 08:19:28
9,Running,2026-03-18 08:18:40,2026-03-18 08:19:34
9,Starved,2026-03-18 08:19:34,2026-03-18 08:19:41
5,Running,2026-03-18 08:18:04,2026-03-18 08:19:57
3,Running,2026-03-18 08:11:59,2026-03-18 08:20:16
5,Starved,2026-03-18 08:19:57,2026-03-18 08:20:24
3,Blocked,2026-03-18 08:20:16,2026-03-18 08:20:24
12,Running,2026-03-18 08:19:28,2026-03-18 08:20:25
12,Starved,2026-03-18 08:20:25,2026-03-18 08:20:28
9,Running,2026-03-18 08:19:41,2026-03-18 08:20:52
9,Starved,2026-03-18 08:20:52,2026-03-18 08:20:52
3,Running,2026-03-18 08:20:24,2026-03-18 08:21:19
3,Blocked,2026-03-18 08:21:19,2026-03-18 08:21:23
12,Running,2026-03-18 08:20:28,2026-03-18 08:21:28
12,Starved,2026-03-18 08:21:28,2026-03-18 08:21:35
8,Running,2026-03-18 08:17:40,2026-03-18 08:21:46
8,Starved,2026-03-18 08:21:46,2026-03-18 08:21:46
3,Running,2026-03-18 08:21:23,2026-03-18 08:22:23
12,Running,2026-03-18 08:21:35,2026-03-18 08:22:24
3,Blocked,2026-03-18 08:22:23,2026-03-18 08:22:28
12,Starved,2026-03-18 08:22:24,2026-03-18 08:22:28
8,Running,2026-03-18 08:21:46,2026-03-18 08:22:45
8,Starved,2026-03-18 08:22:45,2026-03-18 08:22:54
12,Running,2026-03-18 08:22:28,2026-03-18 08:23:25
5,Running,2026-03-18 08:20:24,2026-03-18 08:23:26
3,Running,2026-03-18 08:22:28,2026-03-18 08:23:29
12,Starved,2026-03-18 08:23:25,2026-03-18 08:23:34
8,Running,2026-03-18 08:22:54,2026-03-18 08:23:48
5,Starved,2026-03-18 08:23:26,2026-03-18 08:23:54
3,Blocked,2026-03-18 08:23:29,2026-03-18 08:23:54
8,Starved,2026-03-18 08:23:48,2026-03-18 08:24:01
12,Running,2026-03-18 08:23:34,2026-03-18 08:24:24
12,Starved,2026-03-18 08:24:24,2026-03-18 08:24:38
9,Running,2026-03-18 08:20:52,2026-03-18 08:24:51
5,Running,2026-03-18 08:23:54,2026-03-18 08:24:55
3,Running,2026-03-18 08:23:54,2026-03-18 08:24:56
8,Running,2026-03-18 08:24:01,2026-03-18 08:24:58
9,Starved,2026-03-18 08:24:51,2026-03-18 08:24:58
8,Starved,2026-03-18 08:24:58,2026-03-18 08:25:11
5,Starved,2026-03-18 08:24:55,2026-03-18 08:25:16
3,Blocked,2026-03-18 08:24:56,2026-03-18 08:25:16
13,Running,2026-03-18 08:19:24,2026-03-18 08:25:29
13,Starved,2026-03-18 08:25:29,2026-03-18 08:25:36
9,Running,2026-03-18 08:24:58,2026-03-18 08:25:59
3,Running,2026-03-18 08:25:16,2026-03-18 08:26:09
8,Running,2026-03-18 08:25:11,2026-03-18 08:26:10
9,Starved,2026-03-18 08:25:59,2026-03-18 08:26:10
5,Running,2026-03-18 08:25:16,2026-03-18 08:26:13
5,Starved,2026-03-18 08:26:13,2026-03-18 08:26:15
3,Blocked,2026-03-18 08:26:09,2026-03-18 08:26:15
8,Starved,2026-03-18 08:26:10,2026-03-18 08:26:25
9,Running,2026-03-18 08:26:10,2026-03-18 08:27:04
3,Running,2026-03-18 08:26:15,2026-03-18 08:27:09
5,Running,2026-03-18 08:26:15,2026-03-18 08:27:11
8,Running,2026-03-18 08:26:25,2026-03-18 08:27:16
9,Starved,2026-03-18 08:27:04,2026-03-18 08:27:16
5,Starved,2026-03-18 08:27:11,2026-03-18 08:27:18
3,Blocked,2026-03-18 08:27:09,2026-03-18 08:27:18
8,Starved,2026-03-18 08:27:16,2026-03-18 08:27:38
13,Running,2026-03-18 08:25:36,2026-03-18 08:27:39
13,Starved,2026-03-18 08:27:39,2026-03-18 08:27:39
3,Running,2026-03-18 08:27:18,2026-03-18 08:28:14
9,Running,2026-03-18 08:27:16,2026-03-18 08:28:15
5,Running,2026-03-18 08:27:18,2026-03-18 08:28:24
5,Starved,2026-03-18 08:28:24,2026-03-18 08:28:24
3,Blocked,2026-03-18 08:28:14,2026-03-18 08:28:24
12,Running,2026-03-18 08:24:38,2026-03-18 08:28:35
12,Starved,2026-03-18 08:28:35,2026-03-18 08:28:40
9,Starved,2026-03-18 08:28:15,2026-03-18 08:28:44
5,Running,2026-03-18 08:28:24,2026-03-18 08:29:18
3,Running,2026-03-18 08:28:24,2026-03-18 08:29:28
13,Running,2026-03-18 08:27:39,2026-03-18 08:29:38
13,Starved,2026-03-18 08:29:38,2026-03-18 08:29:42
5,Starved,2026-03-18 08:29:18,2026-03-18 08:29:44
3,Blocked,2026-03-18 08:29:28,2026-03-18 08:29:44
13,Running,2026-03-18 08:29:42,2026-03-18 08:30:42
13,Starved,2026-03-18 08:30:42,2026-03-18 08:30:46
13,Running,2026-03-18 08:30:46,2026-03-18 08:31:44
13,Starved,2026-03-18 08:31:44,2026-03-18 08:31:46
1,Running,2026-03-18 08:01:33,2026-03-18 08:32:14
13,Running,2026-03-18 08:31:46,2026-03-18 08:32:37
12,Running,2026-03-18 08:28:40,2026-03-18 08:32:40
13,Starved,2026-03-18 08:32:37,2026-03-18 08:32:40
12,Starved,2026-03-18 08:32:40,2026-03-18 08:32:50
3,Running,2026-03-18 08:29:44,2026-03-18 08:32:54
5,Running,2026-03-18 08:29:44,2026-03-18 08:32:55
5,Starved,2026-03-18 08:32:55,2026-03-18 08:33:10
3,Blocked,2026-03-18 08:32:54,2026-03-18 08:33:10
13,Running,2026-03-18 08:32:40,2026-03-18 08:33:40
2,Running,2026-03-18 08:02:34,2026-03-18 08:33:50
12,Running,2026-03-18 08:32:50,2026-03-18 08:33:50
13,Starved,2026-03-18 08:33:40,2026-03-18 08:33:50
12,Starved,2026-03-18 08:33:50,2026-03-18 08:33:58
3,Running,2026-03-18 08:33:10,2026-03-18 08:34:05
5,Running,2026-03-18 08:33:10,2026-03-18 08:34:09
9,Running,2026-03-18 08:28:44,2026-03-18 08:34:11
9,Starved,2026-03-18 08:34:11,2026-03-18 08:34:13
5,Starved,2026-03-18 08:34:09,2026-03-18 08:34:26
3,Blocked,2026-03-18 08:34:05,2026-03-18 08:34:26
12,Running,2026-03-18 08:33:58,2026-03-18 08:34:46
12,Starved,2026-03-18 08:34:46,2026-03-18 08:34:55
9,Running,2026-03-18 08:34:13,2026-03-18 08:35:04
9,Starved,2026-03-18 08:35:04,2026-03-18 08:35:19
3,Running,2026-03-18 08:34:26,2026-03-18 08:35:19
6,Running,2026-03-18 08:06:25,2026-03-18 08:35:20
3,Blocked,2026-03-18 08:35:19,2026-03-18 08:35:30
6,Starved,2026-03-18 08:35:20,2026-03-18 08:35:34
13,Running,2026-03-18 08:33:50,2026-03-18 08:35:55
13,Starved,2026-03-18 08:35:55,2026-03-18 08:36:00
12,Running,2026-03-18 08:34:55,2026-03-18 08:36:57
12,Starved,2026-03-18 08:36:57,2026-03-18 08:37:09
8,Running,2026-03-18 08:27:38,2026-03-18 08:37:12
8,Starved,2026-03-18 08:37:12,2026-03-18 08:37:13
13,Running,2026-03-18 08:36:00,2026-03-18 08:38:01
1,Down,2026-03-18 08:32:14,2026-03-18 08:38:11
9,Running,2026-03-18 08:35:19,2026-03-18 08:38:15
13,Starved,2026-03-18 08:38:01,2026-03-18 08:38:16
8,Running,2026-03-18 08:37:13,2026-03-18 08:38:18
9,Starved,2026-03-18 08:38:15,2026-03-18 08:38:18
8,Starved,2026-03-18 08:38:18,2026-03-18 08:38:20
2,Starved,2026-03-18 08:33:50,2026-03-18 08:39:06
13,Running,2026-03-18 08:38:16,2026-03-18 08:39:14
13,Starved,2026-03-18 08:39:14,2026-03-18 08:39:15
8,Running,2026-03-18 08:38:20,2026-03-18 08:39:16
8,Starved,2026-03-18 08:39:16,2026-03-18 08:39:24
5,Running,2026-03-18 08:34:26,2026-03-18 08:39:26
5,Starved,2026-03-18 08:39:26,2026-03-18 08:39:30
2,Running,2026-03-18 08:39:06,2026-03-18 08:40:04
12,Running,2026-03-18 08:37:09,2026-03-18 08:40:05
12,Starved,2026-03-18 08:40:05,2026-03-18 08:40:07
8,Running,2026-03-18 08:39:24,2026-03-18 08:40:25
8,Starved,2026-03-18 08:40:25,2026-03-18 08:40:29
5,Running,2026-03-18 08:39:30,2026-03-18 08:40:34
5,Starved,2026-03-18 08:40:34,2026-03-18 08:40:35
5,Running,2026-03-18 08:40:35,2026-03-18 08:41:26
10,Running,2026-03-18 07:54:40,2026-03-18 08:41:43
6,Running,2026-03-18 08:35:34,2026-03-18 08:42:27
9,Running,2026-03-18 08:38:18,2026-03-18 08:42:29
9,Starved,2026-03-18 08:42:29,2026-03-18 08:42:34
13,Running,2026-03-18 08:39:15,2026-03-18 08:43:04
11,Running,2026-03-18 08:16:02,2026-03-18 08:43:05
13,Starved,2026-03-18 08:43:04,2026-03-18 08:43:15
8,Running,2026-03-18 08:40:29,2026-03-18 08:43:28
8,Starved,2026-03-18 08:43:28,2026-03-18 08:43:34
12,Running,2026-03-18 08:40:07,2026-03-18 08:44:07
8,Running,2026-03-18 08:43:34,2026-03-18 08:44:35
8,Starved,2026-03-18 08:44:35,2026-03-18 08:44:39
13,Running,2026-03-18 08:43:15,2026-03-18 08:45:09
3,Running,2026-03-18 08:35:30,2026-03-18 08:45:30
3,Blocked,2026-03-18 08:45:30,2026-03-18 08:45:39
10,Down,2026-03-18 08:41:43,2026-03-18 08:45:39
8,Running,2026-03-18 08:44:39,2026-03-18 08:45:39
8,Starved,2026-03-18 08:45:39,2026-03-18 08:45:57
11,Starved,2026-03-18 08:43:05,2026-03-18 08:46:41
9,Running,2026-03-18 08:42:34,2026-03-18 08:46:45
9,Starved,2026-03-18 08:46:45,2026-03-18 08:47:02
2,Down,2026-03-18 08:40:04,2026-03-18 08:47:26
12,Starved,2026-03-18 08:44:07,2026-03-18 08:47:42
3,Running,2026-03-18 08:45:39,2026-03-18 08:47:46
3,Blocked,2026-03-18 08:47:46,2026-03-18 08:47:52
9,Running,2026-03-18 08:47:02,2026-03-18 08:48:01
8,Running,2026-03-18 08:45:57,2026-03-18 08:48:07
9,Starved,2026-03-18 08:48:01,2026-03-18 08:48:07
8,Starved,2026-03-18 08:48:07,2026-03-18 08:48:19
5,Down,2026-03-18 08:41:26,2026-03-18 08:48:33
12,Running,2026-03-18 08:47:42,2026-03-18 08:48:34
13,Starved,2026-03-18 08:45:09,2026-03-18 08:48:34
3,Running,2026-03-18 08:47:52,2026-03-18 08:48:50
12,Starved,2026-03-18 08:48:34,2026-03-18 08:48:52
9,Running,2026-03-18 08:48:07,2026-03-18 08:49:06
3,Blocked,2026-03-18 08:48:50,2026-03-18 08:49:29
6,Starved,2026-03-18 08:42:27,2026-03-18 08:49:30
9,Starved,2026-03-18 08:49:06,2026-03-18 08:49:33
13,Running,2026-03-18 08:48:34,2026-03-18 08:49:34
10,Running,2026-03-18 08:45:39,2026-03-18 08:49:43
13,Starved,2026-03-18 08:49:34,2026-03-18 08:49:52
3,Running,2026-03-18 08:49:29,2026-03-18 08:50:23
6,Running,2026-03-18 08:49:30,2026-03-18 08:50:23
6,Starved,2026-03-18 08:50:23,2026-03-18 08:50:27
9,Running,2026-03-18 08:49:33,2026-03-18 08:50:31
9,Starved,2026-03-18 08:50:31,2026-03-18 08:50:39
3,Blocked,2026-03-18 08:50:23,2026-03-18 08:50:41
11,Running,2026-03-18 08:46:41,2026-03-18 08:50:58
13,Running,2026-03-18 08:49:52,2026-03-18 08:51:01
13,Starved,2026-03-18 08:51:01,2026-03-18 08:51:06
6,Running,2026-03-18 08:50:27,2026-03-18 08:51:19
6,Starved,2026-03-18 08:51:19,2026-03-18 08:51:26
3,Running,2026-03-18 08:50:41,2026-03-18 08:51:30
3,Blocked,2026-03-18 08:51:30,2026-03-18 08:52:06
13,Running,2026-03-18 08:51:06,2026-03-18 08:52:08
12,Running,2026-03-18 08:48:52,2026-03-18 08:52:11
13,Starved,2026-03-18 08:52:08,2026-03-18 08:52:11
6,Running,2026-03-18 08:51:26,2026-03-18 08:52:23
6,Starved,2026-03-18 08:52:23,2026-03-18 08:52:31
9,Running,2026-03-18 08:50:39,2026-03-18 08:52:36
10,Down,2026-03-18 08:49:43,2026-03-18 08:53:16
9,Blocked,2026-03-18 08:52:36,2026-03-18 08:53:16
13,Running,2026-03-18 08:52:11,2026-03-18 08:53:20
11,Starved,2026-03-18 08:50:58,2026-03-18 08:54:17
8,Running,2026-03-18 08:48:19,2026-03-18 08:54:24
8,Starved,2026-03-18 08:54:24,2026-03-18 08:54:35
12,Starved,2026-03-18 08:52:11,2026-03-18 08:55:16
8,Running,2026-03-18 08:54:35,2026-03-18 08:55:26
8,Starved,2026-03-18 08:55:26,2026-03-18 08:55:54
11,Running,2026-03-18 08:54:17,2026-03-18 08:56:09
13,Starved,2026-03-18 08:53:20,2026-03-18 08:56:10
11,Starved,2026-03-18 08:56:09,2026-03-18 08:56:11
11,Running,2026-03-18 08:56:11,2026-03-18 08:57:06
11,Starved,2026-03-18 08:57:06,2026-03-18 08:57:11
13,Running,2026-03-18 08:56:10,2026-03-18 08:58:03
12,Running,2026-03-18 08:55:16,2026-03-18 08:58:03
13,Starved,2026-03-18 08:58:03,2026-03-18 08:58:03
11,Running,2026-03-18 08:57:11,2026-03-18 08:58:04
11,Starved,2026-03-18 08:58:04,2026-03-18 08:58:12
6,Running,2026-03-18 08:52:31,2026-03-18 08:58:27
6,Starved,2026-03-18 08:58:27,2026-03-18 08:58:31
13,Running,2026-03-18 08:58:03,2026-03-18 08:58:52
11,Running,2026-03-18 08:58:12,2026-03-18 08:59:06
11,Starved,2026-03-18 08:59:06,2026-03-18 08:59:10
6,Running,2026-03-18 08:58:31,2026-03-18 08:59:27
6,Starved,2026-03-18 08:59:27,2026-03-18 08:59:28
8,Running,2026-03-18 08:55:54,2026-03-18 09:00:06
3,Running,2026-03-18 08:52:06,2026-03-18 09:00:14
8,Starved,2026-03-18 09:00:06,2026-03-18 09:00:15
3,Blocked,2026-03-18 09:00:14,2026-03-18 09:00:15
12,Down,2026-03-18 08:58:03,2026-03-18 09:00:26
8,Running,2026-03-18 09:00:15,2026-03-18 09:01:13
3,Running,2026-03-18 09:00:15,2026-03-18 09:01:13
3,Blocked,2026-03-18 09:01:13,2026-03-18 09:01:22
8,Starved,2026-03-18 09:01:13,2026-03-18 09:01:23
13,Starved,2026-03-18 08:58:52,2026-03-18 09:01:29
8,Running,2026-03-18 09:01:23,2026-03-18 09:02:13
8,Starved,2026-03-18 09:02:13,2026-03-18 09:02:21
13,Running,2026-03-18 09:01:29,2026-03-18 09:02:22
8,Running,2026-03-18 09:02:21,2026-03-18 09:03:18
8,Starved,2026-03-18 09:03:18,2026-03-18 09:03:37
8,Running,2026-03-18 09:03:37,2026-03-18 09:04:36
6,Running,2026-03-18 08:59:28,2026-03-18 09:04:39
6,Starved,2026-03-18 09:04:39,2026-03-18 09:04:42
8,Starved,2026-03-18 09:04:36,2026-03-18 09:04:47
8,Running,2026-03-18 09:04:47,2026-03-18 09:05:39
10,Running,2026-03-18 08:53:16,2026-03-18 09:05:49
7,Running,2026-03-18 08:16:36,2026-03-18 09:05:51
8,Starved,2026-03-18 09:05:39,2026-03-18 09:05:51
1,Running,2026-03-18 08:38:11,2026-03-18 09:05:56
13,Down,2026-03-18 09:02:22,2026-03-18 09:05:58
1,Blocked,2026-03-18 09:05:56,2026-03-18 09:05:58
1,Running,2026-03-18 09:05:58,2026-03-18 09:06:50
8,Running,2026-03-18 09:05:51,2026-03-18 09:06:58
1,Blocked,2026-03-18 09:06:50,2026-03-18 09:07:00
11,Running,2026-03-18 08:59:10,2026-03-18 09:07:08
9,Running,2026-03-18 08:53:16,2026-03-18 09:07:17
4,Running,2026-03-18 08:06:13,2026-03-18 09:08:44
3,Running,2026-03-18 09:01:22,2026-03-18 09:08:51
12,Running,2026-03-18 09:00:26,2026-03-18 09:10:20
7,Down,2026-03-18 09:05:51,2026-03-18 09:10:24
8,Starved,2026-03-18 09:06:58,2026-03-18 09:11:25
6,Running,2026-03-18 09:04:42,2026-03-18 09:12:32
10,Down,2026-03-18 09:05:49,2026-03-18 09:12:36
9,Blocked,2026-03-18 09:07:17,2026-03-18 09:12:36
6,Starved,2026-03-18 09:12:32,2026-03-18 09:12:37
4,Down,2026-03-18 09:08:44,2026-03-18 09:12:51
3,Blocked,2026-03-18 09:08:51,2026-03-18 09:12:51
11,Starved,2026-03-18 09:07:08,2026-03-18 09:13:24
6,Running,2026-03-18 09:12:37,2026-03-18 09:13:39
6,Starved,2026-03-18 09:13:39,2026-03-18 09:13:42
3,Running,2026-03-18 09:12:51,2026-03-18 09:13:51
3,Blocked,2026-03-18 09:13:51,2026-03-18 09:14:05
11,Running,2026-03-18 09:13:24,2026-03-18 09:14:22
12,Starved,2026-03-18 09:10:20,2026-03-18 09:14:22
11,Starved,2026-03-18 09:14:22,2026-03-18 09:14:28
13,Running,2026-03-18 09:05:58,2026-03-18 09:14:35
6,Running,2026-03-18 09:13:42,2026-03-18 09:14:37
6,Starved,2026-03-18 09:14:37,2026-03-18 09:14:44
11,Running,2026-03-18 09:14:28,2026-03-18 09:15:22
11,Starved,2026-03-18 09:15:22,2026-03-18 09:15:26
12,Running,2026-03-18 09:14:22,2026-03-18 09:15:29
13,Starved,2026-03-18 09:14:35,2026-03-18 09:15:29
6,Running,2026-03-18 09:14:44,2026-03-18 09:15:44
6,Starved,2026-03-18 09:15:44,2026-03-18 09:15:52
3,Running,2026-03-18 09:14:05,2026-03-18 09:15:53
3,Blocked,2026-03-18 09:15:53,2026-03-18 09:15:57
8,Running,2026-03-18 09:11:25,2026-03-18 09:16:24
11,Running,2026-03-18 09:15:26,2026-03-18 09:16:26
8,Starved,2026-03-18 09:16:24,2026-03-18 09:16:31
11,Starved,2026-03-18 09:16:26,2026-03-18 09:16:31
13,Running,2026-03-18 09:15:29,2026-03-18 09:16:37
2,Running,2026-03-18 08:47:26,2026-03-18 09:16:42
3,Running,2026-03-18 09:15:57,2026-03-18 09:16:52
3,Blocked,2026-03-18 09:16:52,2026-03-18 09:17:00
1,Running,2026-03-18 09:07:00,2026-03-18 09:17:07
11,Running,2026-03-18 09:16:31,2026-03-18 09:17:26
8,Running,2026-03-18 09:16:31,2026-03-18 09:17:31
8,Starved,2026-03-18 09:17:31,2026-03-18 09:17:32
11,Starved,2026-03-18 09:17:26,2026-03-18 09:17:39
12,Down,2026-03-18 09:15:29,2026-03-18 09:18:22
8,Running,2026-03-18 09:17:32,2026-03-18 09:18:35
8,Starved,2026-03-18 09:18:35,2026-03-18 09:18:36
3,Running,2026-03-18 09:17:00,2026-03-18 09:19:01
13,Starved,2026-03-18 09:16:37,2026-03-18 09:19:21
8,Running,2026-03-18 09:18:36,2026-03-18 09:19:28
3,Blocked,2026-03-18 09:19:01,2026-03-18 09:19:39
7,Running,2026-03-18 09:10:24,2026-03-18 09:19:43
8,Starved,2026-03-18 09:19:28,2026-03-18 09:19:43
2,Down,2026-03-18 09:16:42,2026-03-18 09:20:07
1,Blocked,2026-03-18 09:17:07,2026-03-18 09:20:07
3,Running,2026-03-18 09:19:39,2026-03-18 09:20:43
5,Running,2026-03-18 08:48:33,2026-03-18 09:20:49
8,Running,2026-03-18 09:19:43,2026-03-18 09:20:53
5,Starved,2026-03-18 09:20:49,2026-03-18 09:21:02
3,Blocked,2026-03-18 09:20:43,2026-03-18 09:21:02
3,Running,2026-03-18 09:21:02,2026-03-18 09:21:53
3,Blocked,2026-03-18 09:21:53,2026-03-18 09:22:00
6,Running,2026-03-18 09:15:52,2026-03-18 09:23:13
6,Starved,2026-03-18 09:23:13,2026-03-18 09:23:13
9,Running,2026-03-18 09:12:36,2026-03-18 09:23:17
6,Running,2026-03-18 09:23:13,2026-03-18 09:24:09
6,Starved,2026-03-18 09:24:09,2026-03-18 09:24:15
5,Running,2026-03-18 09:21:02,2026-03-18 09:25:11
5,Starved,2026-03-18 09:25:11,2026-03-18 09:25:11
7,Down,2026-03-18 09:19:43,2026-03-18 09:25:11
5,Running,2026-03-18 09:25:11,2026-03-18 09:26:11
8,Starved,2026-03-18 09:20:53,2026-03-18 09:26:11
5,Starved,2026-03-18 09:26:11,2026-03-18 09:26:12
8,Running,2026-03-18 09:26:11,2026-03-18 09:27:09
9,Starved,2026-03-18 09:23:17,2026-03-18 09:27:09
5,Running,2026-03-18 09:26:12,2026-03-18 09:27:12
5,Starved,2026-03-18 09:27:12,2026-03-18 09:27:15
8,Starved,2026-03-18 09:27:09,2026-03-18 09:27:17
9,Running,2026-03-18 09:27:09,2026-03-18 09:28:07
9,Starved,2026-03-18 09:28:07,2026-03-18 09:28:27
8,Running,2026-03-18 09:27:17,2026-03-18 09:29:15
8,Starved,2026-03-18 09:29:15,2026-03-18 09:29:37
9,Running,2026-03-18 09:28:27,2026-03-18 09:30:28
8,Running,2026-03-18 09:29:37,2026-03-18 09:30:30
8,Starved,2026-03-18 09:30:30,2026-03-18 09:30:41
8,Running,2026-03-18 09:30:41,2026-03-18 09:31:45
9,Down,2026-03-18 09:30:28,2026-03-18 09:31:47
3,Running,2026-03-18 09:22:00,2026-03-18 09:32:04
3,Blocked,2026-03-18 09:32:04,2026-03-18 09:32:06
8,Starved,2026-03-18 09:31:45,2026-03-18 09:32:06
6,Running,2026-03-18 09:24:15,2026-03-18 09:32:23
6,Starved,2026-03-18 09:32:23,2026-03-18 09:32:27
3,Running,2026-03-18 09:32:06,2026-03-18 09:32:57
3,Blocked,2026-03-18 09:32:57,2026-03-18 09:33:02
6,Running,2026-03-18 09:32:27,2026-03-18 09:33:30
6,Starved,2026-03-18 09:33:30,2026-03-18 09:33:34
3,Running,2026-03-18 09:33:02,2026-03-18 09:33:58
6,Running,2026-03-18 09:33:34,2026-03-18 09:34:29
3,Blocked,2026-03-18 09:33:58,2026-03-18 09:34:29
6,Starved,2026-03-18 09:34:29,2026-03-18 09:34:30
6,Running,2026-03-18 09:34:30,2026-03-18 09:35:21
3,Running,2026-03-18 09:34:29,2026-03-18 09:35:28
3,Blocked,2026-03-18 09:35:28,2026-03-18 09:35:37
6,Starved,2026-03-18 09:35:21,2026-03-18 09:35:37
11,Running,2026-03-18 09:17:39,2026-03-18 09:36:38
11,Starved,2026-03-18 09:36:38,2026-03-18 09:36:39
6,Running,2026-03-18 09:35:37,2026-03-18 09:37:27
11,Running,2026-03-18 09:36:39,2026-03-18 09:37:32
11,Starved,2026-03-18 09:37:32,2026-03-18 09:37:37
6,Starved,2026-03-18 09:37:27,2026-03-18 09:37:37
5,Running,2026-03-18 09:27:15,2026-03-18 09:38:31
11,Running,2026-03-18 09:37:37,2026-03-18 09:38:38
3,Running,2026-03-18 09:35:37,2026-03-18 09:38:42
11,Starved,2026-03-18 09:38:38,2026-03-18 09:38:45
5,Starved,2026-03-18 09:38:31,2026-03-18 09:38:48
3,Blocked,2026-03-18 09:38:42,2026-03-18 09:38:48
6,Running,2026-03-18 09:37:37,2026-03-18 09:39:39
3,Running,2026-03-18 09:38:48,2026-03-18 09:39:47
5,Running,2026-03-18 09:38:48,2026-03-18 09:39:58
6,Starved,2026-03-18 09:39:39,2026-03-18 09:39:58
3,Blocked,2026-03-18 09:39:47,2026-03-18 09:40:04
11,Running,2026-03-18 09:38:45,2026-03-18 09:40:42
11,Starved,2026-03-18 09:40:42,2026-03-18 09:40:46
6,Running,2026-03-18 09:39:58,2026-03-18 09:40:54
3,Running,2026-03-18 09:40:04,2026-03-18 09:41:04
3,Blocked,2026-03-18 09:41:04,2026-03-18 09:41:13
8,Running,2026-03-18 09:32:06,2026-03-18 09:41:16
8,Starved,2026-03-18 09:41:16,2026-03-18 09:41:29
5,Down,2026-03-18 09:39:58,2026-03-18 09:42:01
3,Running,2026-03-18 09:41:13,2026-03-18 09:42:16
3,Blocked,2026-03-18 09:42:16,2026-03-18 09:42:19
8,Running,2026-03-18 09:41:29,2026-03-18 09:42:20
8,Starved,2026-03-18 09:42:20,2026-03-18 09:42:24
6,Starved,2026-03-18 09:40:54,2026-03-18 09:42:55
8,Running,2026-03-18 09:42:24,2026-03-18 09:43:20
8,Starved,2026-03-18 09:43:20,2026-03-18 09:43:29
8,Running,2026-03-18 09:43:29,2026-03-18 09:44:31
8,Starved,2026-03-18 09:44:31,2026-03-18 09:44:34
6,Running,2026-03-18 09:42:55,2026-03-18 09:44:54
6,Starved,2026-03-18 09:44:54,2026-03-18 09:45:04
3,Running,2026-03-18 09:42:19,2026-03-18 09:45:29
3,Blocked,2026-03-18 09:45:29,2026-03-18 09:45:49
8,Running,2026-03-18 09:44:34,2026-03-18 09:46:38
3,Running,2026-03-18 09:45:49,2026-03-18 09:46:48
8,Starved,2026-03-18 09:46:38,2026-03-18 09:46:51
3,Blocked,2026-03-18 09:46:48,2026-03-18 09:46:55
3,Running,2026-03-18 09:46:55,2026-03-18 09:47:51
8,Running,2026-03-18 09:46:51,2026-03-18 09:47:58
8,Starved,2026-03-18 09:47:58,2026-03-18 09:48:03
3,Blocked,2026-03-18 09:47:51,2026-03-18 09:48:07
6,Running,2026-03-18 09:45:04,2026-03-18 09:48:08
6,Starved,2026-03-18 09:48:08,2026-03-18 09:48:12
3,Running,2026-03-18 09:48:07,2026-03-18 09:49:03
3,Blocked,2026-03-18 09:49:03,2026-03-18 09:49:20
8,Running,2026-03-18 09:48:03,2026-03-18 09:50:07
5,Running,2026-03-18 09:42:01,2026-03-18 09:50:11
8,Starved,2026-03-18 09:50:07,2026-03-18 09:50:13
5,Down,2026-03-18 09:50:11,2026-03-18 09:50:16
13,Running,2026-03-18 09:19:21,2026-03-18 09:50:22
13,Starved,2026-03-18 09:50:22,2026-03-18 09:50:23
3,Running,2026-03-18 09:49:20,2026-03-18 09:51:24
3,Blocked,2026-03-18 09:51:24,2026-03-18 09:51:44
3,Running,2026-03-18 09:51:44,2026-03-18 09:53:40
3,Blocked,2026-03-18 09:53:40,2026-03-18 09:53:41
3,Running,2026-03-18 09:53:41,2026-03-18 09:54:44
3,Blocked,2026-03-18 09:54:44,2026-03-18 09:54:49
3,Running,2026-03-18 09:54:49,2026-03-18 09:55:58
3,Blocked,2026-03-18 09:55:58,2026-03-18 09:56:03
8,Running,2026-03-18 09:50:13,2026-03-18 09:56:32
8,Starved,2026-03-18 09:56:32,2026-03-18 09:56:53
3,Running,2026-03-18 09:56:03,2026-03-18 09:57:07
6,Running,2026-03-18 09:48:12,2026-03-18 09:57:16
5,Running,2026-03-18 09:50:16,2026-03-18 09:57:18
6,Starved,2026-03-18 09:57:16,2026-03-18 09:57:18
5,Starved,2026-03-18 09:57:18,2026-03-18 09:57:31
3,Blocked,2026-03-18 09:57:07,2026-03-18 09:57:31
6,Running,2026-03-18 09:57:18,2026-03-18 09:58:20
10,Running,2026-03-18 09:12:36,2026-03-18 09:58:20
3,Running,2026-03-18 09:57:31,2026-03-18 09:58:22
5,Running,2026-03-18 09:57:31,2026-03-18 09:58:33
6,Starved,2026-03-18 09:58:20,2026-03-18 09:58:33
10,Starved,2026-03-18 09:58:20,2026-03-18 09:58:34
5,Starved,2026-03-18 09:58:33,2026-03-18 09:58:35
3,Blocked,2026-03-18 09:58:22,2026-03-18 09:58:35
7,Running,2026-03-18 09:25:11,2026-03-18 09:58:45
7,Down,2026-03-18 09:58:45,2026-03-18 09:58:57
5,Running,2026-03-18 09:58:35,2026-03-18 09:59:25
10,Running,2026-03-18 09:58:34,2026-03-18 09:59:32
3,Running,2026-03-18 09:58:35,2026-03-18 09:59:34
10,Starved,2026-03-18 09:59:32,2026-03-18 09:59:42
8,Running,2026-03-18 09:56:53,2026-03-18 10:00:05
5,Starved,2026-03-18 09:59:25,2026-03-18 10:00:07
3,Blocked,2026-03-18 09:59:34,2026-03-18 10:00:07
8,Starved,2026-03-18 10:00:05,2026-03-18 10:00:07
6,Running,2026-03-18 09:58:33,2026-03-18 10:00:27
3,Running,2026-03-18 10:00:07,2026-03-18 10:01:07
8,Running,2026-03-18 10:00:07,2026-03-18 10:01:08
8,Starved,2026-03-18 10:01:08,2026-03-18 10:01:10
3,Blocked,2026-03-18 10:01:07,2026-03-18 10:01:11
6,Starved,2026-03-18 10:00:27,2026-03-18 10:01:14
10,Running,2026-03-18 09:59:42,2026-03-18 10:01:43
10,Starved,2026-03-18 10:01:43,2026-03-18 10:01:44
8,Running,2026-03-18 10:01:10,2026-03-18 10:02:06
8,Starved,2026-03-18 10:02:06,2026-03-18 10:02:08
6,Running,2026-03-18 10:01:14,2026-03-18 10:02:12
6,Starved,2026-03-18 10:02:12,2026-03-18 10:02:17
10,Running,2026-03-18 10:01:44,2026-03-18 10:02:39
10,Starved,2026-03-18 10:02:39,2026-03-18 10:02:40
10,Running,2026-03-18 10:02:40,2026-03-18 10:03:39
10,Starved,2026-03-18 10:03:39,2026-03-18 10:03:39
8,Running,2026-03-18 10:02:08,2026-03-18 10:04:09
8,Starved,2026-03-18 10:04:09,2026-03-18 10:04:14
10,Running,2026-03-18 10:03:39,2026-03-18 10:04:36
10,Starved,2026-03-18 10:04:36,2026-03-18 10:04:47
4,Running,2026-03-18 09:12:51,2026-03-18 10:05:16
3,Running,2026-03-18 10:01:11,2026-03-18 10:05:21
10,Running,2026-03-18 10:04:47,2026-03-18 10:05:39
10,Starved,2026-03-18 10:05:39,2026-03-18 10:05:45
5,Running,2026-03-18 10:00:07,2026-03-18 10:06:10
10,Running,2026-03-18 10:05:45,2026-03-18 10:06:40
10,Starved,2026-03-18 10:06:40,2026-03-18 10:06:52
4,Down,2026-03-18 10:05:16,2026-03-18 10:07:20
3,Blocked,2026-03-18 10:05:21,2026-03-18 10:07:20
6,Running,2026-03-18 10:02:17,2026-03-18 10:07:26
10,Running,2026-03-18 10:06:52,2026-03-18 10:07:44
10,Starved,2026-03-18 10:07:44,2026-03-18 10:07:50
3,Running,2026-03-18 10:07:20,2026-03-18 10:08:15
5,Starved,2026-03-18 10:06:10,2026-03-18 10:08:40
3,Blocked,2026-03-18 10:08:15,2026-03-18 10:08:40
11,Running,2026-03-18 09:40:46,2026-03-18 10:08:58
11,Starved,2026-03-18 10:08:58,2026-03-18 10:09:00
5,Running,2026-03-18 10:08:40,2026-03-18 10:09:35
6,Starved,2026-03-18 10:07:26,2026-03-18 10:09:35
3,Running,2026-03-18 10:08:40,2026-03-18 10:09:43
5,Starved,2026-03-18 10:09:35,2026-03-18 10:09:51
3,Blocked,2026-03-18 10:09:43,2026-03-18 10:09:51
6,Running,2026-03-18 10:09:35,2026-03-18 10:10:43
3,Running,2026-03-18 10:09:51,2026-03-18 10:10:51
11,Running,2026-03-18 10:09:00,2026-03-18 10:10:53
3,Blocked,2026-03-18 10:10:51,2026-03-18 10:10:55
6,Starved,2026-03-18 10:10:43,2026-03-18 10:11:00
11,Starved,2026-03-18 10:10:53,2026-03-18 10:11:02
10,Running,2026-03-18 10:07:50,2026-03-18 10:12:57
10,Starved,2026-03-18 10:12:57,2026-03-18 10:13:09
5,Running,2026-03-18 10:09:51,2026-03-18 10:13:52
3,Running,2026-03-18 10:10:55,2026-03-18 10:14:00
11,Running,2026-03-18 10:11:02,2026-03-18 10:14:05
5,Starved,2026-03-18 10:13:52,2026-03-18 10:14:09
3,Blocked,2026-03-18 10:14:00,2026-03-18 10:14:09
11,Starved,2026-03-18 10:14:05,2026-03-18 10:14:22
5,Running,2026-03-18 10:14:09,2026-03-18 10:14:59
3,Running,2026-03-18 10:14:09,2026-03-18 10:15:01
3,Blocked,2026-03-18 10:15:01,2026-03-18 10:15:10
6,Running,2026-03-18 10:11:00,2026-03-18 10:16:04
3,Running,2026-03-18 10:15:10,2026-03-18 10:16:14
3,Blocked,2026-03-18 10:16:14,2026-03-18 10:16:18
8,Running,2026-03-18 10:04:14,2026-03-18 10:18:26
3,Running,2026-03-18 10:16:18,2026-03-18 10:18:29
8,Starved,2026-03-18 10:18:26,2026-03-18 10:18:31
3,Blocked,2026-03-18 10:18:29,2026-03-18 10:18:44
13,Running,2026-03-18 09:50:23,2026-03-18 10:18:47
13,Starved,2026-03-18 10:18:47,2026-03-18 10:18:47
2,Running,2026-03-18 09:20:07,2026-03-18 10:19:43
13,Running,2026-03-18 10:18:47,2026-03-18 10:19:47
13,Starved,2026-03-18 10:19:47,2026-03-18 10:19:47
2,Blocked,2026-03-18 10:19:43,2026-03-18 10:19:48
8,Running,2026-03-18 10:18:31,2026-03-18 10:20:35
2,Running,2026-03-18 10:19:48,2026-03-18 10:20:45
2,Blocked,2026-03-18 10:20:45,2026-03-18 10:20:59
8,Starved,2026-03-18 10:20:35,2026-03-18 10:20:59
1,Running,2026-03-18 09:20:07,2026-03-18 10:21:43
2,Running,2026-03-18 10:20:59,2026-03-18 10:21:54
13,Running,2026-03-18 10:19:47,2026-03-18 10:21:55
13,Starved,2026-03-18 10:21:55,2026-03-18 10:22:00
2,Blocked,2026-03-18 10:21:54,2026-03-18 10:22:01
1,Down,2026-03-18 10:21:43,2026-03-18 10:22:15
10,Running,2026-03-18 10:13:09,2026-03-18 10:22:17
10,Starved,2026-03-18 10:22:17,2026-03-18 10:22:24
2,Running,2026-03-18 10:22:01,2026-03-18 10:22:53
3,Running,2026-03-18 10:18:44,2026-03-18 10:23:00
5,Down,2026-03-18 10:14:59,2026-03-18 10:23:06
10,Running,2026-03-18 10:22:24,2026-03-18 10:23:20
3,Blocked,2026-03-18 10:23:00,2026-03-18 10:23:32
2,Blocked,2026-03-18 10:22:53,2026-03-18 10:23:32
10,Starved,2026-03-18 10:23:20,2026-03-18 10:23:39
6,Starved,2026-03-18 10:16:04,2026-03-18 10:24:01
3,Running,2026-03-18 10:23:32,2026-03-18 10:24:26
2,Running,2026-03-18 10:23:32,2026-03-18 10:24:33
3,Blocked,2026-03-18 10:24:26,2026-03-18 10:24:35
2,Blocked,2026-03-18 10:24:33,2026-03-18 10:24:35
8,Running,2026-03-18 10:20:59,2026-03-18 10:25:02
13,Running,2026-03-18 10:22:00,2026-03-18 10:25:05
13,Starved,2026-03-18 10:25:05,2026-03-18 10:25:08
8,Starved,2026-03-18 10:25:02,2026-03-18 10:25:10
3,Running,2026-03-18 10:24:35,2026-03-18 10:25:33
2,Running,2026-03-18 10:24:35,2026-03-18 10:25:34
11,Running,2026-03-18 10:14:22,2026-03-18 10:25:39
11,Starved,2026-03-18 10:25:39,2026-03-18 10:25:40
3,Blocked,2026-03-18 10:25:33,2026-03-18 10:25:45
2,Blocked,2026-03-18 10:25:34,2026-03-18 10:25:45
8,Running,2026-03-18 10:25:10,2026-03-18 10:26:10
8,Starved,2026-03-18 10:26:10,2026-03-18 10:26:20
11,Running,2026-03-18 10:25:40,2026-03-18 10:26:33
3,Running,2026-03-18 10:25:45,2026-03-18 10:26:36
11,Starved,2026-03-18 10:26:33,2026-03-18 10:26:40
2,Running,2026-03-18 10:25:45,2026-03-18 10:26:43
3,Blocked,2026-03-18 10:26:36,2026-03-18 10:26:59
2,Blocked,2026-03-18 10:26:43,2026-03-18 10:26:59
8,Running,2026-03-18 10:26:20,2026-03-18 10:27:23
8,Starved,2026-03-18 10:27:23,2026-03-18 10:27:25
10,Running,2026-03-18 10:23:39,2026-03-18 10:27:39
10,Starved,2026-03-18 10:27:39,2026-03-18 10:27:48
3,Running,2026-03-18 10:26:59,2026-03-18 10:27:56
2,Running,2026-03-18 10:26:59,2026-03-18 10:28:01
3,Blocked,2026-03-18 10:27:56,2026-03-18 10:28:13
2,Blocked,2026-03-18 10:28:01,2026-03-18 10:28:13
10,Running,2026-03-18 10:27:48,2026-03-18 10:28:43
13,Running,2026-03-18 10:25:08,2026-03-18 10:28:58
10,Starved,2026-03-18 10:28:43,2026-03-18 10:28:59
13,Starved,2026-03-18 10:28:58,2026-03-18 10:29:01
2,Running,2026-03-18 10:28:13,2026-03-18 10:29:05
3,Running,2026-03-18 10:28:13,2026-03-18 10:29:09
3,Blocked,2026-03-18 10:29:09,2026-03-18 10:29:14
2,Blocked,2026-03-18 10:29:05,2026-03-18 10:29:14
8,Running,2026-03-18 10:27:25,2026-03-18 10:29:24
8,Starved,2026-03-18 10:29:24,2026-03-18 10:29:30
11,Running,2026-03-18 10:26:40,2026-03-18 10:29:42
11,Starved,2026-03-18 10:29:42,2026-03-18 10:29:54
13,Running,2026-03-18 10:29:01,2026-03-18 10:30:13
3,Running,2026-03-18 10:29:14,2026-03-18 10:30:16
13,Starved,2026-03-18 10:30:13,2026-03-18 10:30:16
2,Running,2026-03-18 10:29:14,2026-03-18 10:30:17
3,Blocked,2026-03-18 10:30:16,2026-03-18 10:30:19
2,Blocked,2026-03-18 10:30:17,2026-03-18 10:30:19
8,Running,2026-03-18 10:29:30,2026-03-18 10:30:32
8,Starved,2026-03-18 10:30:32,2026-03-18 10:30:33
2,Running,2026-03-18 10:30:19,2026-03-18 10:31:26
3,Running,2026-03-18 10:30:19,2026-03-18 10:31:29
3,Blocked,2026-03-18 10:31:29,2026-03-18 10:31:29
2,Blocked,2026-03-18 10:31:26,2026-03-18 10:31:29
8,Running,2026-03-18 10:30:33,2026-03-18 10:31:33
8,Starved,2026-03-18 10:31:33,2026-03-18 10:31:38
11,Running,2026-03-18 10:29:54,2026-03-18 10:31:55
11,Starved,2026-03-18 10:31:55,2026-03-18 10:31:56
2,Running,2026-03-18 10:31:29,2026-03-18 10:32:32
3,Running,2026-03-18 10:31:29,2026-03-18 10:32:33
3,Blocked,2026-03-18 10:32:33,2026-03-18 10:32:34
2,Blocked,2026-03-18 10:32:32,2026-03-18 10:32:34
9,Running,2026-03-18 09:31:47,2026-03-18 10:32:37
9,Starved,2026-03-18 10:32:37,2026-03-18 10:32:43
11,Running,2026-03-18 10:31:56,2026-03-18 10:32:48
11,Starved,2026-03-18 10:32:48,2026-03-18 10:32:58
3,Running,2026-03-18 10:32:34,2026-03-18 10:33:24
2,Running,2026-03-18 10:32:34,2026-03-18 10:33:34
8,Running,2026-03-18 10:31:38,2026-03-18 10:33:35
3,Blocked,2026-03-18 10:33:24,2026-03-18 10:34:01
2,Blocked,2026-03-18 10:33:34,2026-03-18 10:34:01
8,Starved,2026-03-18 10:33:35,2026-03-18 10:34:09
12,Running,2026-03-18 09:18:22,2026-03-18 10:34:15
9,Running,2026-03-18 10:32:43,2026-03-18 10:34:48
3,Running,2026-03-18 10:34:01,2026-03-18 10:34:52
3,Blocked,2026-03-18 10:34:52,2026-03-18 10:35:03
11,Running,2026-03-18 10:32:58,2026-03-18 10:35:06
9,Starved,2026-03-18 10:34:48,2026-03-18 10:35:12
11,Starved,2026-03-18 10:35:06,2026-03-18 10:35:13
13,Running,2026-03-18 10:30:16,2026-03-18 10:35:24
11,Running,2026-03-18 10:35:13,2026-03-18 10:36:12
10,Running,2026-03-18 10:28:59,2026-03-18 10:36:15
11,Starved,2026-03-18 10:36:12,2026-03-18 10:36:15
10,Starved,2026-03-18 10:36:15,2026-03-18 10:36:32
2,Running,2026-03-18 10:34:01,2026-03-18 10:37:04
3,Running,2026-03-18 10:35:03,2026-03-18 10:37:16
11,Running,2026-03-18 10:36:15,2026-03-18 10:37:24
3,Blocked,2026-03-18 10:37:16,2026-03-18 10:37:33
2,Blocked,2026-03-18 10:37:04,2026-03-18 10:37:33
10,Running,2026-03-18 10:36:32,2026-03-18 10:37:36
11,Starved,2026-03-18 10:37:24,2026-03-18 10:37:36
10,Starved,2026-03-18 10:37:36,2026-03-18 10:37:38
8,Running,2026-03-18 10:34:09,2026-03-18 10:38:05
8,Starved,2026-03-18 10:38:05,2026-03-18 10:38:10
3,Running,2026-03-18 10:37:33,2026-03-18 10:38:25
3,Blocked,2026-03-18 10:38:25,2026-03-18 10:38:33
11,Running,2026-03-18 10:37:36,2026-03-18 10:38:34
11,Starved,2026-03-18 10:38:34,2026-03-18 10:38:39
8,Running,2026-03-18 10:38:10,2026-03-18 10:39:17
3,Running,2026-03-18 10:38:33,2026-03-18 10:39:24
8,Starved,2026-03-18 10:39:17,2026-03-18 10:39:27
1,Running,2026-03-18 10:22:15,2026-03-18 10:39:39
3,Blocked,2026-03-18 10:39:24,2026-03-18 10:39:39
1,Blocked,2026-03-18 10:39:39,2026-03-18 10:39:50
9,Running,2026-03-18 10:35:12,2026-03-18 10:40:19
8,Running,2026-03-18 10:39:27,2026-03-18 10:40:30
9,Starved,2026-03-18 10:40:19,2026-03-18 10:40:30
3,Running,2026-03-18 10:39:39,2026-03-18 10:40:41
3,Blocked,2026-03-18 10:40:41,2026-03-18 10:40:44
8,Starved,2026-03-18 10:40:30,2026-03-18 10:40:45
12,Down,2026-03-18 10:34:15,2026-03-18 10:40:52
10,Running,2026-03-18 10:37:38,2026-03-18 10:41:30
9,Running,2026-03-18 10:40:30,2026-03-18 10:41:34
10,Starved,2026-03-18 10:41:30,2026-03-18 10:41:34
3,Running,2026-03-18 10:40:44,2026-03-18 10:41:45
2,Running,2026-03-18 10:37:33,2026-03-18 10:41:49
3,Blocked,2026-03-18 10:41:45,2026-03-18 10:41:50
2,Blocked,2026-03-18 10:41:49,2026-03-18 10:41:50
8,Running,2026-03-18 10:40:45,2026-03-18 10:41:51
9,Starved,2026-03-18 10:41:34,2026-03-18 10:41:51
8,Starved,2026-03-18 10:41:51,2026-03-18 10:41:55
13,Starved,2026-03-18 10:35:24,2026-03-18 10:41:57
10,Running,2026-03-18 10:41:34,2026-03-18 10:42:39
3,Running,2026-03-18 10:41:50,2026-03-18 10:42:47
8,Running,2026-03-18 10:41:55,2026-03-18 10:42:48
1,Running,2026-03-18 10:39:50,2026-03-18 10:42:49
3,Blocked,2026-03-18 10:42:47,2026-03-18 10:42:53
1,Blocked,2026-03-18 10:42:49,2026-03-18 10:42:56
8,Starved,2026-03-18 10:42:48,2026-03-18 10:42:56
13,Running,2026-03-18 10:41:57,2026-03-18 10:42:59
13,Starved,2026-03-18 10:42:59,2026-03-18 10:43:03
10,Starved,2026-03-18 10:42:39,2026-03-18 10:43:03
1,Running,2026-03-18 10:42:56,2026-03-18 10:43:51
8,Running,2026-03-18 10:42:56,2026-03-18 10:43:51
11,Running,2026-03-18 10:38:39,2026-03-18 10:43:54
8,Starved,2026-03-18 10:43:51,2026-03-18 10:43:59
3,Running,2026-03-18 10:42:53,2026-03-18 10:44:00
3,Blocked,2026-03-18 10:44:00,2026-03-18 10:44:03
1,Blocked,2026-03-18 10:43:51,2026-03-18 10:44:08
13,Running,2026-03-18 10:43:03,2026-03-18 10:44:09
11,Starved,2026-03-18 10:43:54,2026-03-18 10:44:13
13,Starved,2026-03-18 10:44:09,2026-03-18 10:44:15
3,Running,2026-03-18 10:44:03,2026-03-18 10:45:04
1,Running,2026-03-18 10:44:08,2026-03-18 10:45:05
11,Running,2026-03-18 10:44:13,2026-03-18 10:45:09
2,Running,2026-03-18 10:41:50,2026-03-18 10:45:14
3,Blocked,2026-03-18 10:45:04,2026-03-18 10:45:15
2,Blocked,2026-03-18 10:45:14,2026-03-18 10:45:15
1,Blocked,2026-03-18 10:45:05,2026-03-18 10:45:15
11,Starved,2026-03-18 10:45:09,2026-03-18 10:45:22
9,Running,2026-03-18 10:41:51,2026-03-18 10:46:06
3,Running,2026-03-18 10:45:15,2026-03-18 10:46:07
1,Running,2026-03-18 10:45:15,2026-03-18 10:46:11
2,Running,2026-03-18 10:45:15,2026-03-18 10:46:11
9,Starved,2026-03-18 10:46:06,2026-03-18 10:46:13
3,Blocked,2026-03-18 10:46:07,2026-03-18 10:46:24
2,Blocked,2026-03-18 10:46:11,2026-03-18 10:46:24
1,Blocked,2026-03-18 10:46:11,2026-03-18 10:46:24
10,Running,2026-03-18 10:43:03,2026-03-18 10:47:11
9,Running,2026-03-18 10:46:13,2026-03-18 10:47:14
10,Starved,2026-03-18 10:47:11,2026-03-18 10:47:14
9,Starved,2026-03-18 10:47:14,2026-03-18 10:47:16
1,Running,2026-03-18 10:46:24,2026-03-18 10:47:24
13,Running,2026-03-18 10:44:15,2026-03-18 10:47:26
13,Starved,2026-03-18 10:47:26,2026-03-18 10:47:28
1,Blocked,2026-03-18 10:47:24,2026-03-18 10:47:28
10,Running,2026-03-18 10:47:14,2026-03-18 10:48:13
3,Running,2026-03-18 10:46:24,2026-03-18 10:48:14
3,Blocked,2026-03-18 10:48:14,2026-03-18 10:48:19
13,Running,2026-03-18 10:47:28,2026-03-18 10:48:22
13,Starved,2026-03-18 10:48:22,2026-03-18 10:48:28
10,Starved,2026-03-18 10:48:13,2026-03-18 10:48:32
1,Running,2026-03-18 10:47:28,2026-03-18 10:49:18
3,Running,2026-03-18 10:48:19,2026-03-18 10:49:23
11,Running,2026-03-18 10:45:22,2026-03-18 10:49:24
13,Running,2026-03-18 10:48:28,2026-03-18 10:49:27
10,Running,2026-03-18 10:48:32,2026-03-18 10:49:28
11,Starved,2026-03-18 10:49:24,2026-03-18 10:49:28
3,Blocked,2026-03-18 10:49:23,2026-03-18 10:49:30
10,Starved,2026-03-18 10:49:28,2026-03-18 10:49:32
1,Blocked,2026-03-18 10:49:18,2026-03-18 10:49:32
13,Starved,2026-03-18 10:49:27,2026-03-18 10:49:35
8,Running,2026-03-18 10:43:59,2026-03-18 10:50:26
11,Running,2026-03-18 10:49:28,2026-03-18 10:50:26
8,Starved,2026-03-18 10:50:26,2026-03-18 10:50:28
3,Running,2026-03-18 10:49:30,2026-03-18 10:50:29
1,Running,2026-03-18 10:49:32,2026-03-18 10:50:32
13,Running,2026-03-18 10:49:35,2026-03-18 10:50:35
3,Blocked,2026-03-18 10:50:29,2026-03-18 10:50:35
11,Starved,2026-03-18 10:50:26,2026-03-18 10:50:37
13,Starved,2026-03-18 10:50:35,2026-03-18 10:50:41
1,Blocked,2026-03-18 10:50:32,2026-03-18 10:50:47
9,Running,2026-03-18 10:47:16,2026-03-18 10:51:33
3,Running,2026-03-18 10:50:35,2026-03-18 10:51:39
9,Starved,2026-03-18 10:51:33,2026-03-18 10:51:40
2,Running,2026-03-18 10:46:24,2026-03-18 10:51:47
3,Blocked,2026-03-18 10:51:39,2026-03-18 10:51:49
2,Blocked,2026-03-18 10:51:47,2026-03-18 10:51:49
10,Running,2026-03-18 10:49:32,2026-03-18 10:52:38
3,Running,2026-03-18 10:51:49,2026-03-18 10:52:39
2,Running,2026-03-18 10:51:49,2026-03-18 10:52:48
1,Running,2026-03-18 10:50:47,2026-03-18 10:52:54
3,Blocked,2026-03-18 10:52:39,2026-03-18 10:52:55
2,Blocked,2026-03-18 10:52:48,2026-03-18 10:52:55
1,Blocked,2026-03-18 10:52:54,2026-03-18 10:52:55
10,Starved,2026-03-18 10:52:38,2026-03-18 10:52:57
8,Running,2026-03-18 10:50:28,2026-03-18 10:53:37
10,Running,2026-03-18 10:52:57,2026-03-18 10:53:44
10,Starved,2026-03-18 10:53:44,2026-03-18 10:53:49
8,Starved,2026-03-18 10:53:37,2026-03-18 10:53:51
2,Running,2026-03-18 10:52:55,2026-03-18 10:53:52
3,Running,2026-03-18 10:52:55,2026-03-18 10:53:52
1,Running,2026-03-18 10:52:55,2026-03-18 10:53:54
3,Blocked,2026-03-18 10:53:52,2026-03-18 10:54:26
2,Blocked,2026-03-18 10:53:52,2026-03-18 10:54:26
1,Blocked,2026-03-18 10:53:54,2026-03-18 10:54:26
10,Running,2026-03-18 10:53:49,2026-03-18 10:54:47
8,Running,2026-03-18 10:53:51,2026-03-18 10:54:48
10,Starved,2026-03-18 10:54:47,2026-03-18 10:54:51
8,Starved,2026-03-18 10:54:48,2026-03-18 10:55:17
2,Running,2026-03-18 10:54:26,2026-03-18 10:55:22
1,Running,2026-03-18 10:54:26,2026-03-18 10:55:31
2,Blocked,2026-03-18 10:55:22,2026-03-18 10:55:36
1,Blocked,2026-03-18 10:55:31,2026-03-18 10:55:36
11,Running,2026-03-18 10:50:37,2026-03-18 10:55:48
10,Running,2026-03-18 10:54:51,2026-03-18 10:55:49
11,Starved,2026-03-18 10:55:48,2026-03-18 10:55:49
9,Running,2026-03-18 10:51:40,2026-03-18 10:56:05
10,Starved,2026-03-18 10:55:49,2026-03-18 10:56:05
8,Running,2026-03-18 10:55:17,2026-03-18 10:56:13
9,Starved,2026-03-18 10:56:05,2026-03-18 10:56:13
8,Starved,2026-03-18 10:56:13,2026-03-18 10:56:23
2,Running,2026-03-18 10:55:36,2026-03-18 10:56:27
2,Blocked,2026-03-18 10:56:27,2026-03-18 10:56:43
13,Running,2026-03-18 10:50:41,2026-03-18 10:56:48
10,Running,2026-03-18 10:56:05,2026-03-18 10:56:54
12,Running,2026-03-18 10:40:52,2026-03-18 10:57:10
8,Running,2026-03-18 10:56:23,2026-03-18 10:57:27
8,Starved,2026-03-18 10:57:27,2026-03-18 10:57:29
10,Starved,2026-03-18 10:56:54,2026-03-18 10:57:36
11,Running,2026-03-18 10:55:49,2026-03-18 10:57:46
8,Running,2026-03-18 10:57:29,2026-03-18 10:58:33
11,Starved,2026-03-18 10:57:46,2026-03-18 10:58:38
8,Starved,2026-03-18 10:58:33,2026-03-18 10:58:59
3,Running,2026-03-18 10:54:26,2026-03-18 10:59:18
9,Running,2026-03-18 10:56:13,2026-03-18 10:59:28
3,Blocked,2026-03-18 10:59:18,2026-03-18 10:59:37
1,Running,2026-03-18 10:55:36,2026-03-18 10:59:38
8,Running,2026-03-18 10:58:59,2026-03-18 11:00:04
9,Starved,2026-03-18 10:59:28,2026-03-18 11:00:04
1,Down,2026-03-18 10:59:38,2026-03-18 11:00:10
8,Starved,2026-03-18 11:00:04,2026-03-18 11:00:26
10,Running,2026-03-18 10:57:36,2026-03-18 11:00:33
2,Running,2026-03-18 10:56:43,2026-03-18 11:00:40
2,Blocked,2026-03-18 11:00:40,2026-03-18 11:00:43
5,Running,2026-03-18 10:23:06,2026-03-18 11:00:53
9,Running,2026-03-18 11:00:04,2026-03-18 11:01:28
10,Starved,2026-03-18 11:00:33,2026-03-18 11:01:28
9,Starved,2026-03-18 11:01:28,2026-03-18 11:01:28
11,Running,2026-03-18 10:58:38,2026-03-18 11:01:41
5,Down,2026-03-18 11:00:53,2026-03-18 11:02:08
6,Running,2026-03-18 10:24:01,2026-03-18 11:02:28
10,Running,2026-03-18 11:01:28,2026-03-18 11:02:34
11,Starved,2026-03-18 11:01:41,2026-03-18 11:02:34
10,Starved,2026-03-18 11:02:34,2026-03-18 11:02:37
3,Running,2026-03-18 10:59:37,2026-03-18 11:02:43
2,Running,2026-03-18 11:00:43,2026-03-18 11:02:49
1,Running,2026-03-18 11:00:10,2026-03-18 11:02:53
3,Blocked,2026-03-18 11:02:43,2026-03-18 11:03:00
2,Blocked,2026-03-18 11:02:49,2026-03-18 11:03:00
1,Blocked,2026-03-18 11:02:53,2026-03-18 11:03:00
6,Starved,2026-03-18 11:02:28,2026-03-18 11:03:08
10,Running,2026-03-18 11:02:37,2026-03-18 11:03:31
10,Starved,2026-03-18 11:03:31,2026-03-18 11:03:34
12,Down,2026-03-18 10:57:10,2026-03-18 11:03:46
1,Running,2026-03-18 11:03:00,2026-03-18 11:04:07
1,Blocked,2026-03-18 11:04:07,2026-03-18 11:04:11
11,Running,2026-03-18 11:02:34,2026-03-18 11:04:24
10,Running,2026-03-18 11:03:34,2026-03-18 11:04:29
11,Starved,2026-03-18 11:04:24,2026-03-18 11:04:29
9,Running,2026-03-18 11:01:28,2026-03-18 11:04:35
10,Starved,2026-03-18 11:04:29,2026-03-18 11:04:35
8,Running,2026-03-18 11:00:26,2026-03-18 11:04:37
9,Starved,2026-03-18 11:04:35,2026-03-18 11:04:37
8,Starved,2026-03-18 11:04:37,2026-03-18 11:04:41
2,Running,2026-03-18 11:03:00,2026-03-18 11:05:02
2,Blocked,2026-03-18 11:05:02,2026-03-18 11:05:04
11,Running,2026-03-18 11:04:29,2026-03-18 11:05:29
10,Running,2026-03-18 11:04:35,2026-03-18 11:05:32
11,Starved,2026-03-18 11:05:29,2026-03-18 11:05:32
9,Running,2026-03-18 11:04:37,2026-03-18 11:05:37
10,Starved,2026-03-18 11:05:32,2026-03-18 11:05:37
8,Running,2026-03-18 11:04:41,2026-03-18 11:05:44
9,Starved,2026-03-18 11:05:37,2026-03-18 11:05:44
2,Running,2026-03-18 11:05:04,2026-03-18 11:05:54
8,Starved,2026-03-18 11:05:44,2026-03-18 11:06:06
3,Running,2026-03-18 11:03:00,2026-03-18 11:06:09
3,Blocked,2026-03-18 11:06:09,2026-03-18 11:06:14
2,Blocked,2026-03-18 11:05:54,2026-03-18 11:06:14
11,Running,2026-03-18 11:05:32,2026-03-18 11:06:24
10,Running,2026-03-18 11:05:37,2026-03-18 11:06:45
11,Starved,2026-03-18 11:06:24,2026-03-18 11:06:45
9,Running,2026-03-18 11:05:44,2026-03-18 11:06:52
10,Starved,2026-03-18 11:06:45,2026-03-18 11:06:52
2,Running,2026-03-18 11:06:14,2026-03-18 11:07:07
9,Starved,2026-03-18 11:06:52,2026-03-18 11:07:09
3,Running,2026-03-18 11:06:14,2026-03-18 11:07:12
1,Running,2026-03-18 11:04:11,2026-03-18 11:07:19
3,Blocked,2026-03-18 11:07:12,2026-03-18 11:07:33
2,Blocked,2026-03-18 11:07:07,2026-03-18 11:07:33
1,Blocked,2026-03-18 11:07:19,2026-03-18 11:07:33
11,Running,2026-03-18 11:06:45,2026-03-18 11:07:40
10,Running,2026-03-18 11:06:52,2026-03-18 11:07:44
11,Starved,2026-03-18 11:07:40,2026-03-18 11:07:44
10,Starved,2026-03-18 11:07:44,2026-03-18 11:08:25
2,Running,2026-03-18 11:07:33,2026-03-18 11:08:26
1,Running,2026-03-18 11:07:33,2026-03-18 11:08:29
2,Blocked,2026-03-18 11:08:26,2026-03-18 11:08:30
1,Blocked,2026-03-18 11:08:29,2026-03-18 11:08:30
11,Running,2026-03-18 11:07:44,2026-03-18 11:08:50
8,Running,2026-03-18 11:06:06,2026-03-18 11:09:17
3,Running,2026-03-18 11:07:33,2026-03-18 11:09:19
13,Down,2026-03-18 10:56:48,2026-03-18 11:09:20
3,Blocked,2026-03-18 11:09:19,2026-03-18 11:09:25
11,Starved,2026-03-18 11:08:50,2026-03-18 11:09:26
8,Starved,2026-03-18 11:09:17,2026-03-18 11:09:34
1,Running,2026-03-18 11:08:30,2026-03-18 11:10:18
3,Running,2026-03-18 11:09:25,2026-03-18 11:10:21
9,Running,2026-03-18 11:07:09,2026-03-18 11:10:21
11,Running,2026-03-18 11:09:26,2026-03-18 11:10:24
3,Blocked,2026-03-18 11:10:21,2026-03-18 11:10:29
9,Starved,2026-03-18 11:10:21,2026-03-18 11:10:32
1,Blocked,2026-03-18 11:10:18,2026-03-18 11:10:37
11,Starved,2026-03-18 11:10:24,2026-03-18 11:10:39
3,Running,2026-03-18 11:10:29,2026-03-18 11:11:31
10,Running,2026-03-18 11:08:25,2026-03-18 11:11:34
1,Running,2026-03-18 11:10:37,2026-03-18 11:11:36
2,Running,2026-03-18 11:08:30,2026-03-18 11:11:36
3,Blocked,2026-03-18 11:11:31,2026-03-18 11:11:36
2,Blocked,2026-03-18 11:11:36,2026-03-18 11:11:36
1,Blocked,2026-03-18 11:11:36,2026-03-18 11:11:36
10,Starved,2026-03-18 11:11:34,2026-03-18 11:11:55
3,Running,2026-03-18 11:11:36,2026-03-18 11:12:27
11,Running,2026-03-18 11:10:39,2026-03-18 11:12:28
2,Running,2026-03-18 11:11:36,2026-03-18 11:12:31
1,Running,2026-03-18 11:11:36,2026-03-18 11:12:40
3,Blocked,2026-03-18 11:12:27,2026-03-18 11:12:49
2,Blocked,2026-03-18 11:12:31,2026-03-18 11:12:49
1,Blocked,2026-03-18 11:12:40,2026-03-18 11:12:49
11,Starved,2026-03-18 11:12:28,2026-03-18 11:12:56
3,Running,2026-03-18 11:12:49,2026-03-18 11:13:38
2,Running,2026-03-18 11:12:49,2026-03-18 11:13:40
9,Running,2026-03-18 11:10:32,2026-03-18 11:13:48
9,Starved,2026-03-18 11:13:48,2026-03-18 11:13:48
1,Running,2026-03-18 11:12:49,2026-03-18 11:13:53
3,Blocked,2026-03-18 11:13:38,2026-03-18 11:13:56
2,Blocked,2026-03-18 11:13:40,2026-03-18 11:13:56
1,Blocked,2026-03-18 11:13:53,2026-03-18 11:13:56
8,Running,2026-03-18 11:09:34,2026-03-18 11:14:49
1,Running,2026-03-18 11:13:56,2026-03-18 11:14:53
8,Starved,2026-03-18 11:14:49,2026-03-18 11:14:53
3,Running,2026-03-18 11:13:56,2026-03-18 11:14:58
2,Running,2026-03-18 11:13:56,2026-03-18 11:14:59
3,Blocked,2026-03-18 11:14:58,2026-03-18 11:15:16
2,Blocked,2026-03-18 11:14:59,2026-03-18 11:15:16
1,Blocked,2026-03-18 11:14:53,2026-03-18 11:15:16
10,Running,2026-03-18 11:11:55,2026-03-18 11:15:49
10,Starved,2026-03-18 11:15:49,2026-03-18 11:15:58
3,Running,2026-03-18 11:15:16,2026-03-18 11:16:06
2,Running,2026-03-18 11:15:16,2026-03-18 11:16:12
1,Running,2026-03-18 11:15:16,2026-03-18 11:16:17
3,Blocked,2026-03-18 11:16:06,2026-03-18 11:16:21
2,Blocked,2026-03-18 11:16:12,2026-03-18 11:16:21
1,Blocked,2026-03-18 11:16:17,2026-03-18 11:16:21
11,Running,2026-03-18 11:12:56,2026-03-18 11:17:03
10,Running,2026-03-18 11:15:58,2026-03-18 11:17:04
10,Starved,2026-03-18 11:17:04,2026-03-18 11:17:06
1,Running,2026-03-18 11:16:21,2026-03-18 11:17:20
2,Running,2026-03-18 11:16:21,2026-03-18 11:17:21
3,Running,2026-03-18 11:16:21,2026-03-18 11:17:25
3,Blocked,2026-03-18 11:17:25,2026-03-18 11:17:46
2,Blocked,2026-03-18 11:17:21,2026-03-18 11:17:46
1,Blocked,2026-03-18 11:17:20,2026-03-18 11:17:46
9,Running,2026-03-18 11:13:48,2026-03-18 11:18:00
8,Running,2026-03-18 11:14:53,2026-03-18 11:18:05
9,Starved,2026-03-18 11:18:00,2026-03-18 11:18:05
8,Starved,2026-03-18 11:18:05,2026-03-18 11:18:17
3,Running,2026-03-18 11:17:46,2026-03-18 11:18:45
2,Running,2026-03-18 11:17:46,2026-03-18 11:18:47
1,Running,2026-03-18 11:17:46,2026-03-18 11:18:53
9,Running,2026-03-18 11:18:05,2026-03-18 11:18:54
3,Blocked,2026-03-18 11:18:45,2026-03-18 11:18:59
2,Blocked,2026-03-18 11:18:47,2026-03-18 11:18:59
1,Blocked,2026-03-18 11:18:53,2026-03-18 11:18:59
8,Running,2026-03-18 11:18:17,2026-03-18 11:19:16
9,Starved,2026-03-18 11:18:54,2026-03-18 11:19:16
8,Starved,2026-03-18 11:19:16,2026-03-18 11:19:20
2,Running,2026-03-18 11:18:59,2026-03-18 11:19:48
3,Running,2026-03-18 11:18:59,2026-03-18 11:19:50
1,Running,2026-03-18 11:18:59,2026-03-18 11:19:59
3,Blocked,2026-03-18 11:19:50,2026-03-18 11:20:06
2,Blocked,2026-03-18 11:19:48,2026-03-18 11:20:06
1,Blocked,2026-03-18 11:19:59,2026-03-18 11:20:06
10,Running,2026-03-18 11:17:06,2026-03-18 11:20:13
9,Running,2026-03-18 11:19:16,2026-03-18 11:20:13
9,Starved,2026-03-18 11:20:13,2026-03-18 11:20:30
3,Running,2026-03-18 11:20:06,2026-03-18 11:21:03
2,Running,2026-03-18 11:20:06,2026-03-18 11:21:04
1,Running,2026-03-18 11:20:06,2026-03-18 11:21:06
3,Blocked,2026-03-18 11:21:03,2026-03-18 11:21:15
2,Blocked,2026-03-18 11:21:04,2026-03-18 11:21:15
1,Blocked,2026-03-18 11:21:06,2026-03-18 11:21:15
9,Running,2026-03-18 11:20:30,2026-03-18 11:21:27
8,Running,2026-03-18 11:19:20,2026-03-18 11:21:35
9,Starved,2026-03-18 11:21:27,2026-03-18 11:21:35
8,Starved,2026-03-18 11:21:35,2026-03-18 11:21:35
2,Running,2026-03-18 11:21:15,2026-03-18 11:22:10
3,Running,2026-03-18 11:21:15,2026-03-18 11:22:15
1,Down,2026-03-18 11:21:15,2026-03-18 11:22:15
9,Running,2026-03-18 11:21:35,2026-03-18 11:22:25
9,Starved,2026-03-18 11:22:25,2026-03-18 11:22:38
5,Running,2026-03-18 11:02:08,2026-03-18 11:22:40
5,Starved,2026-03-18 11:22:40,2026-03-18 11:22:41
3,Blocked,2026-03-18 11:22:15,2026-03-18 11:22:41
2,Blocked,2026-03-18 11:22:10,2026-03-18 11:22:41
8,Running,2026-03-18 11:21:35,2026-03-18 11:23:37
2,Running,2026-03-18 11:22:41,2026-03-18 11:23:45
2,Blocked,2026-03-18 11:23:45,2026-03-18 11:23:49
8,Starved,2026-03-18 11:23:37,2026-03-18 11:23:51
9,Running,2026-03-18 11:22:38,2026-03-18 11:24:32
11,Down,2026-03-18 11:17:03,2026-03-18 11:24:39
2,Running,2026-03-18 11:23:49,2026-03-18 11:24:49
8,Running,2026-03-18 11:23:51,2026-03-18 11:24:52
9,Starved,2026-03-18 11:24:32,2026-03-18 11:24:52
2,Blocked,2026-03-18 11:24:49,2026-03-18 11:25:00
8,Starved,2026-03-18 11:24:52,2026-03-18 11:25:07
5,Running,2026-03-18 11:22:41,2026-03-18 11:25:42
5,Starved,2026-03-18 11:25:42,2026-03-18 11:25:43
9,Running,2026-03-18 11:24:52,2026-03-18 11:25:52
8,Running,2026-03-18 11:25:07,2026-03-18 11:25:58
9,Starved,2026-03-18 11:25:52,2026-03-18 11:25:58
2,Running,2026-03-18 11:25:00,2026-03-18 11:26:01
2,Blocked,2026-03-18 11:26:01,2026-03-18 11:26:09
8,Starved,2026-03-18 11:25:58,2026-03-18 11:26:19
5,Running,2026-03-18 11:25:43,2026-03-18 11:26:44
9,Running,2026-03-18 11:25:58,2026-03-18 11:26:55
3,Running,2026-03-18 11:22:41,2026-03-18 11:26:57
2,Running,2026-03-18 11:26:09,2026-03-18 11:27:06
1,Running,2026-03-18 11:22:15,2026-03-18 11:27:11
5,Starved,2026-03-18 11:26:44,2026-03-18 11:27:11
3,Blocked,2026-03-18 11:26:57,2026-03-18 11:27:11
2,Blocked,2026-03-18 11:27:06,2026-03-18 11:27:11
1,Blocked,2026-03-18 11:27:11,2026-03-18 11:27:11
9,Starved,2026-03-18 11:26:55,2026-03-18 11:27:21
6,Running,2026-03-18 11:03:08,2026-03-18 11:27:59
3,Running,2026-03-18 11:27:11,2026-03-18 11:28:10
3,Blocked,2026-03-18 11:28:10,2026-03-18 11:28:14
6,Starved,2026-03-18 11:27:59,2026-03-18 11:28:16
11,Running,2026-03-18 11:24:39,2026-03-18 11:28:38
6,Running,2026-03-18 11:28:16,2026-03-18 11:29:13
5,Running,2026-03-18 11:27:11,2026-03-18 11:29:14
6,Starved,2026-03-18 11:29:13,2026-03-18 11:29:14
2,Running,2026-03-18 11:27:11,2026-03-18 11:29:17
3,Running,2026-03-18 11:28:14,2026-03-18 11:29:21
1,Running,2026-03-18 11:27:11,2026-03-18 11:29:28
5,Starved,2026-03-18 11:29:14,2026-03-18 11:29:28
3,Blocked,2026-03-18 11:29:21,2026-03-18 11:29:28
2,Blocked,2026-03-18 11:29:17,2026-03-18 11:29:28
1,Blocked,2026-03-18 11:29:28,2026-03-18 11:29:28
9,Running,2026-03-18 11:27:21,2026-03-18 11:29:45
10,Down,2026-03-18 11:20:13,2026-03-18 11:29:55
9,Blocked,2026-03-18 11:29:45,2026-03-18 11:29:55
6,Running,2026-03-18 11:29:14,2026-03-18 11:30:18
9,Down,2026-03-18 11:29:55,2026-03-18 11:30:24
2,Running,2026-03-18 11:29:28,2026-03-18 11:30:30
3,Running,2026-03-18 11:29:28,2026-03-18 11:30:34
1,Running,2026-03-18 11:29:28,2026-03-18 11:30:34
5,Running,2026-03-18 11:29:28,2026-03-18 11:30:35
6,Starved,2026-03-18 11:30:18,2026-03-18 11:30:35
5,Starved,2026-03-18 11:30:35,2026-03-18 11:30:50
3,Blocked,2026-03-18 11:30:34,2026-03-18 11:30:50
2,Blocked,2026-03-18 11:30:30,2026-03-18 11:30:50
1,Blocked,2026-03-18 11:30:34,2026-03-18 11:30:50
11,Starved,2026-03-18 11:28:38,2026-03-18 11:30:51
8,Running,2026-03-18 11:26:19,2026-03-18 11:31:27
6,Running,2026-03-18 11:30:35,2026-03-18 11:31:29
8,Starved,2026-03-18 11:31:27,2026-03-18 11:31:35
2,Running,2026-03-18 11:30:50,2026-03-18 11:31:43
3,Running,2026-03-18 11:30:50,2026-03-18 11:31:46
5,Running,2026-03-18 11:30:50,2026-03-18 11:31:47
6,Starved,2026-03-18 11:31:29,2026-03-18 11:31:47
5,Starved,2026-03-18 11:31:47,2026-03-18 11:31:55
3,Blocked,2026-03-18 11:31:46,2026-03-18 11:31:55
2,Blocked,2026-03-18 11:31:43,2026-03-18 11:31:55
8,Running,2026-03-18 11:31:35,2026-03-18 11:32:35
8,Starved,2026-03-18 11:32:35,2026-03-18 11:32:36
3,Running,2026-03-18 11:31:55,2026-03-18 11:32:50
6,Running,2026-03-18 11:31:47,2026-03-18 11:32:51
5,Running,2026-03-18 11:31:55,2026-03-18 11:32:53
6,Starved,2026-03-18 11:32:51,2026-03-18 11:32:53
2,Running,2026-03-18 11:31:55,2026-03-18 11:33:07
5,Starved,2026-03-18 11:32:53,2026-03-18 11:33:17
3,Blocked,2026-03-18 11:32:50,2026-03-18 11:33:17
2,Blocked,2026-03-18 11:33:07,2026-03-18 11:33:17
1,Down,2026-03-18 11:30:50,2026-03-18 11:33:19
6,Running,2026-03-18 11:32:53,2026-03-18 11:33:51
5,Running,2026-03-18 11:33:17,2026-03-18 11:34:13
6,Starved,2026-03-18 11:33:51,2026-03-18 11:34:13
3,Running,2026-03-18 11:33:17,2026-03-18 11:34:23
5,Starved,2026-03-18 11:34:13,2026-03-18 11:34:25
3,Blocked,2026-03-18 11:34:23,2026-03-18 11:34:25
8,Running,2026-03-18 11:32:36,2026-03-18 11:34:39
8,Starved,2026-03-18 11:34:39,2026-03-18 11:35:03
6,Running,2026-03-18 11:34:13,2026-03-18 11:35:05
3,Running,2026-03-18 11:34:25,2026-03-18 11:35:18
5,Running,2026-03-18 11:34:25,2026-03-18 11:35:20
6,Starved,2026-03-18 11:35:05,2026-03-18 11:35:20
5,Starved,2026-03-18 11:35:20,2026-03-18 11:35:25
3,Blocked,2026-03-18 11:35:18,2026-03-18 11:35:25
1,Running,2026-03-18 11:33:19,2026-03-18 11:36:14
3,Running,2026-03-18 11:35:25,2026-03-18 11:36:18
5,Running,2026-03-18 11:35:25,2026-03-18 11:36:19
2,Running,2026-03-18 11:33:17,2026-03-18 11:36:27
5,Starved,2026-03-18 11:36:19,2026-03-18 11:36:54
3,Blocked,2026-03-18 11:36:18,2026-03-18 11:36:54
2,Blocked,2026-03-18 11:36:27,2026-03-18 11:36:54
8,Running,2026-03-18 11:35:03,2026-03-18 11:37:10
8,Starved,2026-03-18 11:37:10,2026-03-18 11:37:22
6,Running,2026-03-18 11:35:20,2026-03-18 11:37:28
11,Running,2026-03-18 11:30:51,2026-03-18 11:37:46
11,Starved,2026-03-18 11:37:46,2026-03-18 11:37:48
3,Running,2026-03-18 11:36:54,2026-03-18 11:37:49
2,Running,2026-03-18 11:36:54,2026-03-18 11:37:50
5,Running,2026-03-18 11:36:54,2026-03-18 11:37:56
6,Starved,2026-03-18 11:37:28,2026-03-18 11:37:56
5,Starved,2026-03-18 11:37:56,2026-03-18 11:37:57
3,Blocked,2026-03-18 11:37:49,2026-03-18 11:37:57
2,Blocked,2026-03-18 11:37:50,2026-03-18 11:37:57
8,Running,2026-03-18 11:37:22,2026-03-18 11:38:16
8,Starved,2026-03-18 11:38:16,2026-03-18 11:38:28
11,Running,2026-03-18 11:37:48,2026-03-18 11:38:40
11,Starved,2026-03-18 11:38:40,2026-03-18 11:38:50
5,Running,2026-03-18 11:37:57,2026-03-18 11:38:50
3,Running,2026-03-18 11:37:57,2026-03-18 11:38:58
2,Running,2026-03-18 11:37:57,2026-03-18 11:38:59
5,Starved,2026-03-18 11:38:50,2026-03-18 11:39:21
3,Blocked,2026-03-18 11:38:58,2026-03-18 11:39:21
2,Blocked,2026-03-18 11:38:59,2026-03-18 11:39:21
8,Running,2026-03-18 11:38:28,2026-03-18 11:39:23
8,Starved,2026-03-18 11:39:23,2026-03-18 11:39:30
6,Running,2026-03-18 11:37:56,2026-03-18 11:39:43
11,Running,2026-03-18 11:38:50,2026-03-18 11:39:44
11,Starved,2026-03-18 11:39:44,2026-03-18 11:39:57
2,Running,2026-03-18 11:39:21,2026-03-18 11:40:15
3,Running,2026-03-18 11:39:21,2026-03-18 11:40:16
5,Running,2026-03-18 11:39:21,2026-03-18 11:40:23
6,Starved,2026-03-18 11:39:43,2026-03-18 11:40:23
5,Starved,2026-03-18 11:40:23,2026-03-18 11:40:24
3,Blocked,2026-03-18 11:40:16,2026-03-18 11:40:24
2,Blocked,2026-03-18 11:40:15,2026-03-18 11:40:24
8,Running,2026-03-18 11:39:30,2026-03-18 11:40:30
8,Starved,2026-03-18 11:40:30,2026-03-18 11:40:32
12,Running,2026-03-18 11:03:46,2026-03-18 11:40:55
11,Running,2026-03-18 11:39:57,2026-03-18 11:40:57
12,Starved,2026-03-18 11:40:55,2026-03-18 11:40:57
11,Starved,2026-03-18 11:40:57,2026-03-18 11:40:58
2,Running,2026-03-18 11:40:24,2026-03-18 11:41:19
3,Running,2026-03-18 11:40:24,2026-03-18 11:41:20
6,Running,2026-03-18 11:40:23,2026-03-18 11:41:22
5,Running,2026-03-18 11:40:24,2026-03-18 11:41:29
6,Starved,2026-03-18 11:41:22,2026-03-18 11:41:29
5,Starved,2026-03-18 11:41:29,2026-03-18 11:41:52
3,Blocked,2026-03-18 11:41:20,2026-03-18 11:41:52
2,Blocked,2026-03-18 11:41:19,2026-03-18 11:41:52
12,Running,2026-03-18 11:40:57,2026-03-18 11:42:00
12,Starved,2026-03-18 11:42:00,2026-03-18 11:42:02
1,Down,2026-03-18 11:36:14,2026-03-18 11:42:04
6,Running,2026-03-18 11:41:29,2026-03-18 11:42:39
2,Running,2026-03-18 11:41:52,2026-03-18 11:42:42
12,Running,2026-03-18 11:42:02,2026-03-18 11:42:58
12,Starved,2026-03-18 11:42:58,2026-03-18 11:43:01
6,Starved,2026-03-18 11:42:39,2026-03-18 11:43:01
2,Blocked,2026-03-18 11:42:42,2026-03-18 11:43:03
8,Running,2026-03-18 11:40:32,2026-03-18 11:43:35
8,Starved,2026-03-18 11:43:35,2026-03-18 11:43:42
12,Running,2026-03-18 11:43:01,2026-03-18 11:43:56
11,Running,2026-03-18 11:40:58,2026-03-18 11:43:58
12,Starved,2026-03-18 11:43:56,2026-03-18 11:43:58
6,Running,2026-03-18 11:43:01,2026-03-18 11:43:58
11,Starved,2026-03-18 11:43:58,2026-03-18 11:43:59
2,Running,2026-03-18 11:43:03,2026-03-18 11:44:01
6,Starved,2026-03-18 11:43:58,2026-03-18 11:44:07
2,Blocked,2026-03-18 11:44:01,2026-03-18 11:44:08
8,Running,2026-03-18 11:43:42,2026-03-18 11:44:38
8,Starved,2026-03-18 11:44:38,2026-03-18 11:44:57
11,Running,2026-03-18 11:43:59,2026-03-18 11:45:01
6,Running,2026-03-18 11:44:07,2026-03-18 11:45:01
11,Starved,2026-03-18 11:45:01,2026-03-18 11:45:04
6,Starved,2026-03-18 11:45:01,2026-03-18 11:45:11
3,Running,2026-03-18 11:41:52,2026-03-18 11:45:54
3,Blocked,2026-03-18 11:45:54,2026-03-18 11:45:56
8,Running,2026-03-18 11:44:57,2026-03-18 11:46:46
6,Running,2026-03-18 11:45:11,2026-03-18 11:47:00
6,Starved,2026-03-18 11:47:00,2026-03-18 11:47:05
8,Down,2026-03-18 11:46:46,2026-03-18 11:47:42
3,Running,2026-03-18 11:45:56,2026-03-18 11:47:56
5,Running,2026-03-18 11:41:52,2026-03-18 11:48:04
9,Running,2026-03-18 11:30:24,2026-03-18 11:48:13
2,Running,2026-03-18 11:44:08,2026-03-18 11:48:14
5,Starved,2026-03-18 11:48:04,2026-03-18 11:48:28
3,Blocked,2026-03-18 11:47:56,2026-03-18 11:48:28
2,Blocked,2026-03-18 11:48:14,2026-03-18 11:48:28
9,Starved,2026-03-18 11:48:13,2026-03-18 11:48:37
6,Running,2026-03-18 11:47:05,2026-03-18 11:49:13
2,Running,2026-03-18 11:48:28,2026-03-18 11:49:25
5,Running,2026-03-18 11:48:28,2026-03-18 11:49:27
6,Starved,2026-03-18 11:49:13,2026-03-18 11:49:27
3,Running,2026-03-18 11:48:28,2026-03-18 11:49:28
5,Starved,2026-03-18 11:49:27,2026-03-18 11:49:45
3,Blocked,2026-03-18 11:49:28,2026-03-18 11:49:45
2,Blocked,2026-03-18 11:49:25,2026-03-18 11:49:45
6,Running,2026-03-18 11:49:27,2026-03-18 11:50:20
3,Running,2026-03-18 11:49:45,2026-03-18 11:50:43
5,Running,2026-03-18 11:49:45,2026-03-18 11:50:46
6,Starved,2026-03-18 11:50:20,2026-03-18 11:50:46
2,Running,2026-03-18 11:49:45,2026-03-18 11:50:47
5,Starved,2026-03-18 11:50:46,2026-03-18 11:50:52
3,Blocked,2026-03-18 11:50:43,2026-03-18 11:50:52
2,Blocked,2026-03-18 11:50:47,2026-03-18 11:50:52
8,Running,2026-03-18 11:47:42,2026-03-18 11:51:28
8,Starved,2026-03-18 11:51:28,2026-03-18 11:51:38
6,Running,2026-03-18 11:50:46,2026-03-18 11:51:42
3,Running,2026-03-18 11:50:52,2026-03-18 11:51:50
5,Running,2026-03-18 11:50:52,2026-03-18 11:51:51
6,Starved,2026-03-18 11:51:42,2026-03-18 11:51:51
2,Running,2026-03-18 11:50:52,2026-03-18 11:51:53
11,Running,2026-03-18 11:45:04,2026-03-18 11:52:02
5,Starved,2026-03-18 11:51:51,2026-03-18 11:52:04
3,Blocked,2026-03-18 11:51:50,2026-03-18 11:52:04
2,Blocked,2026-03-18 11:51:53,2026-03-18 11:52:04
11,Starved,2026-03-18 11:52:02,2026-03-18 11:52:07
9,Running,2026-03-18 11:48:37,2026-03-18 11:52:17
8,Running,2026-03-18 11:51:38,2026-03-18 11:52:40
8,Starved,2026-03-18 11:52:40,2026-03-18 11:52:40
6,Running,2026-03-18 11:51:51,2026-03-18 11:52:52
11,Running,2026-03-18 11:52:07,2026-03-18 11:52:56
3,Running,2026-03-18 11:52:04,2026-03-18 11:53:01
11,Starved,2026-03-18 11:52:56,2026-03-18 11:53:04
5,Running,2026-03-18 11:52:04,2026-03-18 11:53:13
6,Starved,2026-03-18 11:52:52,2026-03-18 11:53:13
2,Running,2026-03-18 11:52:04,2026-03-18 11:53:13
5,Starved,2026-03-18 11:53:13,2026-03-18 11:53:15
3,Blocked,2026-03-18 11:53:01,2026-03-18 11:53:15
2,Blocked,2026-03-18 11:53:13,2026-03-18 11:53:15
8,Running,2026-03-18 11:52:40,2026-03-18 11:53:40
11,Running,2026-03-18 11:53:04,2026-03-18 11:53:57
6,Running,2026-03-18 11:53:13,2026-03-18 11:54:04
5,Running,2026-03-18 11:53:15,2026-03-18 11:54:07
6,Starved,2026-03-18 11:54:04,2026-03-18 11:54:07
11,Starved,2026-03-18 11:53:57,2026-03-18 11:54:08
2,Running,2026-03-18 11:53:15,2026-03-18 11:54:12
8,Starved,2026-03-18 11:53:40,2026-03-18 11:54:13
3,Running,2026-03-18 11:53:15,2026-03-18 11:54:14
5,Starved,2026-03-18 11:54:07,2026-03-18 11:54:16
3,Blocked,2026-03-18 11:54:14,2026-03-18 11:54:16
2,Blocked,2026-03-18 11:54:12,2026-03-18 11:54:16
6,Running,2026-03-18 11:54:07,2026-03-18 11:55:02
2,Running,2026-03-18 11:54:16,2026-03-18 11:55:09
3,Running,2026-03-18 11:54:16,2026-03-18 11:55:19
11,Running,2026-03-18 11:54:08,2026-03-18 11:55:20
5,Running,2026-03-18 11:54:16,2026-03-18 11:55:20
6,Starved,2026-03-18 11:55:02,2026-03-18 11:55:20
5,Starved,2026-03-18 11:55:20,2026-03-18 11:55:21
3,Blocked,2026-03-18 11:55:19,2026-03-18 11:55:21
2,Blocked,2026-03-18 11:55:09,2026-03-18 11:55:21
3,Running,2026-03-18 11:55:21,2026-03-18 11:56:13
5,Running,2026-03-18 11:55:21,2026-03-18 11:56:18
2,Running,2026-03-18 11:55:21,2026-03-18 11:56:18
5,Starved,2026-03-18 11:56:18,2026-03-18 11:56:30
3,Blocked,2026-03-18 11:56:13,2026-03-18 11:56:30
2,Blocked,2026-03-18 11:56:18,2026-03-18 11:56:30
12,Running,2026-03-18 11:43:58,2026-03-18 11:56:43
8,Running,2026-03-18 11:54:13,2026-03-18 11:57:13
8,Starved,2026-03-18 11:57:13,2026-03-18 11:57:18
3,Running,2026-03-18 11:56:30,2026-03-18 11:57:26
3,Blocked,2026-03-18 11:57:26,2026-03-18 11:57:26
6,Running,2026-03-18 11:55:20,2026-03-18 11:57:29
6,Starved,2026-03-18 11:57:29,2026-03-18 11:57:30
8,Running,2026-03-18 11:57:18,2026-03-18 11:58:10
8,Starved,2026-03-18 11:58:10,2026-03-18 11:58:28
3,Running,2026-03-18 11:57:26,2026-03-18 11:59:18
10,Running,2026-03-18 11:29:55,2026-03-18 11:59:18
5,Running,2026-03-18 11:56:30,2026-03-18 11:59:18
5,Starved,2026-03-18 11:59:18,2026-03-18 11:59:38
3,Blocked,2026-03-18 11:59:18,2026-03-18 11:59:38
6,Running,2026-03-18 11:57:30,2026-03-18 12:00:31
8,Running,2026-03-18 11:58:28,2026-03-18 12:00:37
2,Running,2026-03-18 11:56:30,2026-03-18 12:00:39
6,Starved,2026-03-18 12:00:31,2026-03-18 12:00:39
2,Blocked,2026-03-18 12:00:39,2026-03-18 12:00:42
5,Running,2026-03-18 11:59:38,2026-03-18 12:01:35
2,Running,2026-03-18 12:00:42,2026-03-18 12:01:39
3,Running,2026-03-18 11:59:38,2026-03-18 12:01:51
5,Starved,2026-03-18 12:01:35,2026-03-18 12:01:54
3,Blocked,2026-03-18 12:01:51,2026-03-18 12:01:54
2,Blocked,2026-03-18 12:01:39,2026-03-18 12:01:54
11,Down,2026-03-18 11:55:20,2026-03-18 12:02:18
6,Running,2026-03-18 12:00:39,2026-03-18 12:02:33
1,Running,2026-03-18 11:42:04,2026-03-18 12:02:39
2,Running,2026-03-18 12:01:54,2026-03-18 12:02:54
2,Blocked,2026-03-18 12:02:54,2026-03-18 12:02:58
1,Down,2026-03-18 12:02:39,2026-03-18 12:03:00
6,Starved,2026-03-18 12:02:33,2026-03-18 12:03:07
12,Starved,2026-03-18 11:56:43,2026-03-18 12:03:14
2,Running,2026-03-18 12:02:58,2026-03-18 12:04:00
2,Blocked,2026-03-18 12:04:00,2026-03-18 12:04:08
6,Running,2026-03-18 12:03:07,2026-03-18 12:05:04
6,Starved,2026-03-18 12:05:04,2026-03-18 12:05:08
6,Running,2026-03-18 12:05:08,2026-03-18 12:06:09
6,Starved,2026-03-18 12:06:09,2026-03-18 12:06:11
11,Running,2026-03-18 12:02:18,2026-03-18 12:07:00
3,Running,2026-03-18 12:01:54,2026-03-18 12:07:03
3,Blocked,2026-03-18 12:07:03,2026-03-18 12:07:09
12,Running,2026-03-18 12:03:14,2026-03-18 12:08:07
9,Down,2026-03-18 11:52:17,2026-03-18 12:09:11
8,Blocked,2026-03-18 12:00:37,2026-03-18 12:09:11
13,Running,2026-03-18 11:09:20,2026-03-18 12:09:35
8,Running,2026-03-18 12:09:11,2026-03-18 12:10:12
10,Starved,2026-03-18 11:59:18,2026-03-18 12:10:16
8,Blocked,2026-03-18 12:10:12,2026-03-18 12:10:16
3,Running,2026-03-18 12:07:09,2026-03-18 12:10:17
2,Running,2026-03-18 12:04:08,2026-03-18 12:10:20
5,Running,2026-03-18 12:01:54,2026-03-18 12:10:22
5,Starved,2026-03-18 12:10:22,2026-03-18 12:10:46
3,Blocked,2026-03-18 12:10:17,2026-03-18 12:10:46
2,Blocked,2026-03-18 12:10:20,2026-03-18 12:10:46
10,Running,2026-03-18 12:10:16,2026-03-18 12:11:13
11,Starved,2026-03-18 12:07:00,2026-03-18 12:11:13
8,Running,2026-03-18 12:10:16,2026-03-18 12:11:23
10,Starved,2026-03-18 12:11:13,2026-03-18 12:11:24
8,Blocked,2026-03-18 12:11:23,2026-03-18 12:11:24
6,Running,2026-03-18 12:06:11,2026-03-18 12:11:32
2,Running,2026-03-18 12:10:46,2026-03-18 12:11:46
5,Running,2026-03-18 12:10:46,2026-03-18 12:11:50
6,Starved,2026-03-18 12:11:32,2026-03-18 12:11:50
3,Running,2026-03-18 12:10:46,2026-03-18 12:11:56
5,Starved,2026-03-18 12:11:50,2026-03-18 12:12:06
3,Blocked,2026-03-18 12:11:56,2026-03-18 12:12:06
2,Blocked,2026-03-18 12:11:46,2026-03-18 12:12:06
11,Running,2026-03-18 12:11:13,2026-03-18 12:12:13
12,Starved,2026-03-18 12:08:07,2026-03-18 12:12:13
8,Running,2026-03-18 12:11:24,2026-03-18 12:12:24
8,Blocked,2026-03-18 12:12:24,2026-03-18 12:12:26
11,Starved,2026-03-18 12:12:13,2026-03-18 12:12:32
6,Running,2026-03-18 12:11:50,2026-03-18 12:12:54
2,Running,2026-03-18 12:12:06,2026-03-18 12:13:03
6,Starved,2026-03-18 12:12:54,2026-03-18 12:13:09
2,Blocked,2026-03-18 12:13:03,2026-03-18 12:13:12
12,Running,2026-03-18 12:12:13,2026-03-18 12:13:19
13,Starved,2026-03-18 12:09:35,2026-03-18 12:13:19
11,Running,2026-03-18 12:12:32,2026-03-18 12:13:23
12,Starved,2026-03-18 12:13:19,2026-03-18 12:13:23
8,Running,2026-03-18 12:12:26,2026-03-18 12:13:24
10,Running,2026-03-18 12:11:24,2026-03-18 12:13:26
11,Starved,2026-03-18 12:13:23,2026-03-18 12:13:26
10,Starved,2026-03-18 12:13:26,2026-03-18 12:13:45
8,Blocked,2026-03-18 12:13:24,2026-03-18 12:13:45
6,Running,2026-03-18 12:13:09,2026-03-18 12:13:56
6,Starved,2026-03-18 12:13:56,2026-03-18 12:14:11
12,Running,2026-03-18 12:13:23,2026-03-18 12:14:17
11,Running,2026-03-18 12:13:26,2026-03-18 12:14:27
12,Starved,2026-03-18 12:14:17,2026-03-18 12:14:27
11,Starved,2026-03-18 12:14:27,2026-03-18 12:14:48
5,Running,2026-03-18 12:12:06,2026-03-18 12:15:02
2,Running,2026-03-18 12:13:12,2026-03-18 12:15:15
13,Running,2026-03-18 12:13:19,2026-03-18 12:15:17
3,Running,2026-03-18 12:12:06,2026-03-18 12:15:19
12,Running,2026-03-18 12:14:27,2026-03-18 12:15:26
13,Starved,2026-03-18 12:15:17,2026-03-18 12:15:26
8,Running,2026-03-18 12:13:45,2026-03-18 12:15:33
5,Starved,2026-03-18 12:15:02,2026-03-18 12:15:33
3,Blocked,2026-03-18 12:15:19,2026-03-18 12:15:33
2,Blocked,2026-03-18 12:15:15,2026-03-18 12:15:33
8,Blocked,2026-03-18 12:15:33,2026-03-18 12:15:34
12,Starved,2026-03-18 12:15:26,2026-03-18 12:15:55
6,Running,2026-03-18 12:14:11,2026-03-18 12:16:07
13,Running,2026-03-18 12:15:26,2026-03-18 12:16:21
2,Running,2026-03-18 12:15:33,2026-03-18 12:16:28
3,Running,2026-03-18 12:15:33,2026-03-18 12:16:31
5,Running,2026-03-18 12:15:33,2026-03-18 12:16:32
6,Starved,2026-03-18 12:16:07,2026-03-18 12:16:32
5,Starved,2026-03-18 12:16:32,2026-03-18 12:16:36
3,Blocked,2026-03-18 12:16:31,2026-03-18 12:16:36
2,Blocked,2026-03-18 12:16:28,2026-03-18 12:16:36
13,Starved,2026-03-18 12:16:21,2026-03-18 12:16:56
6,Running,2026-03-18 12:16:32,2026-03-18 12:17:25
8,Running,2026-03-18 12:15:34,2026-03-18 12:17:29
10,Running,2026-03-18 12:13:45,2026-03-18 12:17:31
5,Running,2026-03-18 12:16:36,2026-03-18 12:17:32
6,Starved,2026-03-18 12:17:25,2026-03-18 12:17:32
2,Running,2026-03-18 12:16:36,2026-03-18 12:17:43
9,Running,2026-03-18 12:09:11,2026-03-18 12:17:45
10,Starved,2026-03-18 12:17:31,2026-03-18 12:17:45
3,Running,2026-03-18 12:16:36,2026-03-18 12:17:49
5,Starved,2026-03-18 12:17:32,2026-03-18 12:17:49
3,Blocked,2026-03-18 12:17:49,2026-03-18 12:17:49
2,Blocked,2026-03-18 12:17:43,2026-03-18 12:17:49
9,Down,2026-03-18 12:17:45,2026-03-18 12:17:53
8,Blocked,2026-03-18 12:17:29,2026-03-18 12:17:53
13,Running,2026-03-18 12:16:56,2026-03-18 12:17:59
6,Running,2026-03-18 12:17:32,2026-03-18 12:18:24
5,Running,2026-03-18 12:17:49,2026-03-18 12:18:41
6,Starved,2026-03-18 12:18:24,2026-03-18 12:18:41
10,Running,2026-03-18 12:17:45,2026-03-18 12:18:44
2,Running,2026-03-18 12:17:49,2026-03-18 12:18:46
5,Starved,2026-03-18 12:18:41,2026-03-18 12:18:50
12,Running,2026-03-18 12:15:55,2026-03-18 12:18:51
2,Blocked,2026-03-18 12:18:46,2026-03-18 12:18:56
11,Running,2026-03-18 12:14:48,2026-03-18 12:18:57
12,Starved,2026-03-18 12:18:51,2026-03-18 12:18:57
8,Running,2026-03-18 12:17:53,2026-03-18 12:18:58
10,Starved,2026-03-18 12:18:44,2026-03-18 12:18:59
8,Blocked,2026-03-18 12:18:58,2026-03-18 12:18:59
6,Running,2026-03-18 12:18:41,2026-03-18 12:19:35
6,Starved,2026-03-18 12:19:35,2026-03-18 12:19:53
12,Running,2026-03-18 12:18:57,2026-03-18 12:20:03
13,Down,2026-03-18 12:17:59,2026-03-18 12:20:36
6,Running,2026-03-18 12:19:53,2026-03-18 12:20:41
5,Running,2026-03-18 12:18:50,2026-03-18 12:20:53
6,Starved,2026-03-18 12:20:41,2026-03-18 12:20:53
5,Starved,2026-03-18 12:20:53,2026-03-18 12:20:59
6,Running,2026-03-18 12:20:53,2026-03-18 12:21:46
10,Running,2026-03-18 12:18:59,2026-03-18 12:21:56
3,Running,2026-03-18 12:17:49,2026-03-18 12:22:02
10,Starved,2026-03-18 12:21:56,2026-03-18 12:22:07
5,Running,2026-03-18 12:20:59,2026-03-18 12:22:14
6,Starved,2026-03-18 12:21:46,2026-03-18 12:22:14
2,Running,2026-03-18 12:18:56,2026-03-18 12:22:16
5,Starved,2026-03-18 12:22:14,2026-03-18 12:22:30
3,Blocked,2026-03-18 12:22:02,2026-03-18 12:22:30
2,Blocked,2026-03-18 12:22:16,2026-03-18 12:22:30
6,Running,2026-03-18 12:22:14,2026-03-18 12:23:07
8,Running,2026-03-18 12:18:59,2026-03-18 12:23:09
10,Running,2026-03-18 12:22:07,2026-03-18 12:23:14
10,Starved,2026-03-18 12:23:14,2026-03-18 12:23:22
8,Blocked,2026-03-18 12:23:09,2026-03-18 12:23:22
3,Running,2026-03-18 12:22:30,2026-03-18 12:23:26
13,Running,2026-03-18 12:20:36,2026-03-18 12:23:28
2,Running,2026-03-18 12:22:30,2026-03-18 12:23:29
5,Running,2026-03-18 12:22:30,2026-03-18 12:23:30
6,Starved,2026-03-18 12:23:07,2026-03-18 12:23:30
5,Starved,2026-03-18 12:23:30,2026-03-18 12:23:41
3,Blocked,2026-03-18 12:23:26,2026-03-18 12:23:41
2,Blocked,2026-03-18 12:23:29,2026-03-18 12:23:41
8,Running,2026-03-18 12:23:22,2026-03-18 12:24:19
8,Blocked,2026-03-18 12:24:19,2026-03-18 12:24:19
6,Running,2026-03-18 12:23:30,2026-03-18 12:24:26
2,Running,2026-03-18 12:23:41,2026-03-18 12:24:36
2,Blocked,2026-03-18 12:24:36,2026-03-18 12:24:41
6,Starved,2026-03-18 12:24:26,2026-03-18 12:24:55
8,Running,2026-03-18 12:24:19,2026-03-18 12:25:23
10,Running,2026-03-18 12:23:22,2026-03-18 12:25:24
10,Starved,2026-03-18 12:25:24,2026-03-18 12:25:26
8,Blocked,2026-03-18 12:25:23,2026-03-18 12:25:26
3,Running,2026-03-18 12:23:41,2026-03-18 12:25:34
2,Running,2026-03-18 12:24:41,2026-03-18 12:25:39
3,Blocked,2026-03-18 12:25:34,2026-03-18 12:25:45
2,Blocked,2026-03-18 12:25:39,2026-03-18 12:25:45
10,Running,2026-03-18 12:25:26,2026-03-18 12:26:15
8,Running,2026-03-18 12:25:26,2026-03-18 12:26:36
3,Running,2026-03-18 12:25:45,2026-03-18 12:26:43
10,Starved,2026-03-18 12:26:15,2026-03-18 12:26:48
8,Blocked,2026-03-18 12:26:36,2026-03-18 12:26:48
1,Running,2026-03-18 12:03:00,2026-03-18 12:26:49
5,Running,2026-03-18 12:23:41,2026-03-18 12:26:50
2,Running,2026-03-18 12:25:45,2026-03-18 12:26:55
5,Starved,2026-03-18 12:26:50,2026-03-18 12:27:12
3,Blocked,2026-03-18 12:26:43,2026-03-18 12:27:12
2,Blocked,2026-03-18 12:26:55,2026-03-18 12:27:12
8,Running,2026-03-18 12:26:48,2026-03-18 12:27:49
8,Down,2026-03-18 12:27:49,2026-03-18 12:27:54
6,Running,2026-03-18 12:24:55,2026-03-18 12:28:06
2,Running,2026-03-18 12:27:12,2026-03-18 12:28:09
2,Blocked,2026-03-18 12:28:09,2026-03-18 12:28:18
5,Running,2026-03-18 12:27:12,2026-03-18 12:28:19
6,Starved,2026-03-18 12:28:06,2026-03-18 12:28:19
10,Running,2026-03-18 12:26:48,2026-03-18 12:28:35
8,Running,2026-03-18 12:27:54,2026-03-18 12:29:01
2,Running,2026-03-18 12:28:18,2026-03-18 12:29:07
8,Blocked,2026-03-18 12:29:01,2026-03-18 12:29:13
3,Running,2026-03-18 12:27:12,2026-03-18 12:29:18
6,Running,2026-03-18 12:28:19,2026-03-18 12:29:22
3,Blocked,2026-03-18 12:29:18,2026-03-18 12:29:33
2,Blocked,2026-03-18 12:29:07,2026-03-18 12:29:33
1,Down,2026-03-18 12:26:49,2026-03-18 12:29:52
2,Running,2026-03-18 12:29:33,2026-03-18 12:30:23
3,Running,2026-03-18 12:29:33,2026-03-18 12:30:29
3,Blocked,2026-03-18 12:30:29,2026-03-18 12:30:56
2,Blocked,2026-03-18 12:30:23,2026-03-18 12:30:56
8,Running,2026-03-18 12:29:13,2026-03-18 12:31:17
8,Blocked,2026-03-18 12:31:17,2026-03-18 12:31:21
5,Down,2026-03-18 12:28:19,2026-03-18 12:31:28
2,Running,2026-03-18 12:30:56,2026-03-18 12:31:51
3,Running,2026-03-18 12:30:56,2026-03-18 12:32:01
3,Blocked,2026-03-18 12:32:01,2026-03-18 12:32:26
2,Blocked,2026-03-18 12:31:51,2026-03-18 12:32:26
6,Starved,2026-03-18 12:29:22,2026-03-18 12:32:34
8,Running,2026-03-18 12:31:21,2026-03-18 12:33:15
8,Blocked,2026-03-18 12:33:15,2026-03-18 12:33:21
2,Running,2026-03-18 12:32:26,2026-03-18 12:33:28
2,Blocked,2026-03-18 12:33:28,2026-03-18 12:33:33
8,Running,2026-03-18 12:33:21,2026-03-18 12:34:17
8,Blocked,2026-03-18 12:34:17,2026-03-18 12:34:21
8,Running,2026-03-18 12:34:21,2026-03-18 12:35:17
8,Blocked,2026-03-18 12:35:17,2026-03-18 12:35:18
6,Running,2026-03-18 12:32:34,2026-03-18 12:35:40
6,Starved,2026-03-18 12:35:40,2026-03-18 12:35:50
2,Running,2026-03-18 12:33:33,2026-03-18 12:36:39
2,Blocked,2026-03-18 12:36:39,2026-03-18 12:36:44
6,Running,2026-03-18 12:35:50,2026-03-18 12:36:50
6,Starved,2026-03-18 12:36:50,2026-03-18 12:36:53
8,Running,2026-03-18 12:35:18,2026-03-18 12:37:18
9,Running,2026-03-18 12:17:53,2026-03-18 12:37:39
11,Down,2026-03-18 12:18:57,2026-03-18 12:37:46
10,Blocked,2026-03-18 12:28:35,2026-03-18 12:37:46
9,Blocked,2026-03-18 12:37:39,2026-03-18 12:37:46
8,Blocked,2026-03-18 12:37:18,2026-03-18 12:37:46
12,Starved,2026-03-18 12:20:03,2026-03-18 12:38:38
3,Running,2026-03-18 12:32:26,2026-03-18 12:38:39
3,Blocked,2026-03-18 12:38:39,2026-03-18 12:38:39
8,Running,2026-03-18 12:37:46,2026-03-18 12:38:56
8,Blocked,2026-03-18 12:38:56,2026-03-18 12:39:01
13,Starved,2026-03-18 12:23:28,2026-03-18 12:39:36
9,Running,2026-03-18 12:37:46,2026-03-18 12:39:56
9,Blocked,2026-03-18 12:39:56,2026-03-18 12:40:00
2,Running,2026-03-18 12:36:44,2026-03-18 12:40:41
2,Blocked,2026-03-18 12:40:41,2026-03-18 12:40:53
9,Running,2026-03-18 12:40:00,2026-03-18 12:41:05
9,Blocked,2026-03-18 12:41:05,2026-03-18 12:41:06
12,Running,2026-03-18 12:38:38,2026-03-18 12:41:23
12,Starved,2026-03-18 12:41:23,2026-03-18 12:41:24
2,Running,2026-03-18 12:40:53,2026-03-18 12:41:43
6,Running,2026-03-18 12:36:53,2026-03-18 12:41:44
6,Starved,2026-03-18 12:41:44,2026-03-18 12:41:47
2,Blocked,2026-03-18 12:41:43,2026-03-18 12:41:49
9,Running,2026-03-18 12:41:06,2026-03-18 12:42:06
9,Blocked,2026-03-18 12:42:06,2026-03-18 12:42:10
13,Running,2026-03-18 12:39:36,2026-03-18 12:42:37
13,Starved,2026-03-18 12:42:37,2026-03-18 12:42:38
9,Running,2026-03-18 12:42:10,2026-03-18 12:43:08
9,Blocked,2026-03-18 12:43:08,2026-03-18 12:43:13
6,Running,2026-03-18 12:41:47,2026-03-18 12:43:44
6,Starved,2026-03-18 12:43:44,2026-03-18 12:43:44
9,Running,2026-03-18 12:43:13,2026-03-18 12:44:11
9,Blocked,2026-03-18 12:44:11,2026-03-18 12:44:15
12,Running,2026-03-18 12:41:24,2026-03-18 12:44:33
12,Starved,2026-03-18 12:44:33,2026-03-18 12:44:37
8,Running,2026-03-18 12:39:01,2026-03-18 12:45:10
10,Running,2026-03-18 12:37:46,2026-03-18 12:45:15
9,Running,2026-03-18 12:44:15,2026-03-18 12:45:23
13,Running,2026-03-18 12:42:38,2026-03-18 12:45:30
12,Running,2026-03-18 12:44:37,2026-03-18 12:45:38
13,Starved,2026-03-18 12:45:30,2026-03-18 12:45:38
12,Starved,2026-03-18 12:45:38,2026-03-18 12:45:44
4,Running,2026-03-18 10:07:20,2026-03-18 12:45:57
3,Running,2026-03-18 12:38:39,2026-03-18 12:46:08
2,Running,2026-03-18 12:41:49,2026-03-18 12:46:11
13,Running,2026-03-18 12:45:38,2026-03-18 12:46:37
13,Starved,2026-03-18 12:46:37,2026-03-18 12:46:55
10,Down,2026-03-18 12:45:15,2026-03-18 12:47:09
9,Blocked,2026-03-18 12:45:23,2026-03-18 12:47:09
8,Blocked,2026-03-18 12:45:10,2026-03-18 12:47:09
13,Running,2026-03-18 12:46:55,2026-03-18 12:47:58
1,Running,2026-03-18 12:29:52,2026-03-18 12:47:59
13,Starved,2026-03-18 12:47:58,2026-03-18 12:47:59
8,Running,2026-03-18 12:47:09,2026-03-18 12:48:04
8,Blocked,2026-03-18 12:48:04,2026-03-18 12:48:13
5,Running,2026-03-18 12:31:28,2026-03-18 12:48:42
13,Running,2026-03-18 12:47:59,2026-03-18 12:49:06
13,Starved,2026-03-18 12:49:06,2026-03-18 12:49:09
6,Running,2026-03-18 12:43:44,2026-03-18 12:49:47
8,Running,2026-03-18 12:48:13,2026-03-18 12:50:16
8,Blocked,2026-03-18 12:50:16,2026-03-18 12:50:28
13,Running,2026-03-18 12:49:09,2026-03-18 12:51:02
13,Starved,2026-03-18 12:51:02,2026-03-18 12:51:11
8,Running,2026-03-18 12:50:28,2026-03-18 12:51:28
8,Blocked,2026-03-18 12:51:28,2026-03-18 12:51:29
13,Running,2026-03-18 12:51:11,2026-03-18 12:52:03
13,Starved,2026-03-18 12:52:03,2026-03-18 12:52:10
8,Running,2026-03-18 12:51:29,2026-03-18 12:52:41
8,Blocked,2026-03-18 12:52:41,2026-03-18 12:53:01
4,Down,2026-03-18 12:45:57,2026-03-18 12:53:13
3,Blocked,2026-03-18 12:46:08,2026-03-18 12:53:13
2,Blocked,2026-03-18 12:46:11,2026-03-18 12:53:13
1,Blocked,2026-03-18 12:47:59,2026-03-18 12:53:13
8,Running,2026-03-18 12:53:01,2026-03-18 12:53:57
8,Blocked,2026-03-18 12:53:57,2026-03-18 12:54:09
1,Running,2026-03-18 12:53:13,2026-03-18 12:54:13
2,Running,2026-03-18 12:53:13,2026-03-18 12:54:14
3,Running,2026-03-18 12:53:13,2026-03-18 12:54:18
5,Starved,2026-03-18 12:48:42,2026-03-18 12:54:28
3,Blocked,2026-03-18 12:54:18,2026-03-18 12:54:28
2,Blocked,2026-03-18 12:54:14,2026-03-18 12:54:28
1,Blocked,2026-03-18 12:54:13,2026-03-18 12:54:28
13,Running,2026-03-18 12:52:10,2026-03-18 12:55:08
13,Starved,2026-03-18 12:55:08,2026-03-18 12:55:12
5,Running,2026-03-18 12:54:28,2026-03-18 12:55:24
6,Starved,2026-03-18 12:49:47,2026-03-18 12:55:24
3,Running,2026-03-18 12:54:28,2026-03-18 12:55:26
1,Running,2026-03-18 12:54:28,2026-03-18 12:55:26
2,Running,2026-03-18 12:54:28,2026-03-18 12:55:31
5,Starved,2026-03-18 12:55:24,2026-03-18 12:56:05
3,Blocked,2026-03-18 12:55:26,2026-03-18 12:56:05
2,Blocked,2026-03-18 12:55:31,2026-03-18 12:56:05
1,Blocked,2026-03-18 12:55:26,2026-03-18 12:56:05
6,Running,2026-03-18 12:55:24,2026-03-18 12:56:33
6,Starved,2026-03-18 12:56:33,2026-03-18 12:56:59
2,Running,2026-03-18 12:56:05,2026-03-18 12:57:03
1,Running,2026-03-18 12:56:05,2026-03-18 12:57:07
2,Blocked,2026-03-18 12:57:03,2026-03-18 12:57:10
1,Blocked,2026-03-18 12:57:07,2026-03-18 12:57:10
1,Running,2026-03-18 12:57:10,2026-03-18 12:58:12
8,Running,2026-03-18 12:54:09,2026-03-18 12:58:14
2,Running,2026-03-18 12:57:10,2026-03-18 12:58:14
2,Blocked,2026-03-18 12:58:14,2026-03-18 12:58:18
1,Blocked,2026-03-18 12:58:12,2026-03-18 12:58:18
8,Blocked,2026-03-18 12:58:14,2026-03-18 12:58:19
12,Running,2026-03-18 12:45:44,2026-03-18 12:58:48
12,Starved,2026-03-18 12:58:48,2026-03-18 12:58:55
5,Running,2026-03-18 12:56:05,2026-03-18 12:58:56
5,Starved,2026-03-18 12:58:56,2026-03-18 12:59:05
1,Running,2026-03-18 12:58:18,2026-03-18 12:59:14
1,Blocked,2026-03-18 12:59:14,2026-03-18 12:59:17
8,Running,2026-03-18 12:58:19,2026-03-18 12:59:24
8,Blocked,2026-03-18 12:59:24,2026-03-18 12:59:25
6,Running,2026-03-18 12:56:59,2026-03-18 13:00:12
1,Running,2026-03-18 12:59:17,2026-03-18 13:00:16
3,Running,2026-03-18 12:56:05,2026-03-18 13:00:17
5,Running,2026-03-18 12:59:05,2026-03-18 13:00:17
6,Starved,2026-03-18 13:00:12,2026-03-18 13:00:17
2,Running,2026-03-18 12:58:18,2026-03-18 13:00:23
8,Running,2026-03-18 12:59:25,2026-03-18 13:00:28
12,Running,2026-03-18 12:58:55,2026-03-18 13:00:37
5,Starved,2026-03-18 13:00:17,2026-03-18 13:00:44
3,Blocked,2026-03-18 13:00:17,2026-03-18 13:00:44
2,Blocked,2026-03-18 13:00:23,2026-03-18 13:00:44
1,Blocked,2026-03-18 13:00:16,2026-03-18 13:00:44
8,Blocked,2026-03-18 13:00:28,2026-03-18 13:00:48
12,Starved,2026-03-18 13:00:37,2026-03-18 13:00:49
6,Running,2026-03-18 13:00:17,2026-03-18 13:01:11
1,Running,2026-03-18 13:00:44,2026-03-18 13:01:34
12,Running,2026-03-18 13:00:49,2026-03-18 13:01:44
6,Starved,2026-03-18 13:01:11,2026-03-18 13:01:46
12,Starved,2026-03-18 13:01:44,2026-03-18 13:01:47
8,Running,2026-03-18 13:00:48,2026-03-18 13:01:50
1,Blocked,2026-03-18 13:01:34,2026-03-18 13:01:57
8,Blocked,2026-03-18 13:01:50,2026-03-18 13:02:00
5,Running,2026-03-18 13:00:44,2026-03-18 13:02:44
12,Running,2026-03-18 13:01:47,2026-03-18 13:02:45
12,Starved,2026-03-18 13:02:45,2026-03-18 13:02:46
2,Running,2026-03-18 13:00:44,2026-03-18 13:02:51
8,Running,2026-03-18 13:02:00,2026-03-18 13:02:54
8,Blocked,2026-03-18 13:02:54,2026-03-18 13:02:55
1,Running,2026-03-18 13:01:57,2026-03-18 13:03:01
3,Running,2026-03-18 13:00:44,2026-03-18 13:03:03
5,Starved,2026-03-18 13:02:44,2026-03-18 13:03:05
3,Blocked,2026-03-18 13:03:03,2026-03-18 13:03:05
2,Blocked,2026-03-18 13:02:51,2026-03-18 13:03:05
1,Blocked,2026-03-18 13:03:01,2026-03-18 13:03:05
6,Running,2026-03-18 13:01:46,2026-03-18 13:03:55
2,Running,2026-03-18 13:03:05,2026-03-18 13:03:56
1,Running,2026-03-18 13:03:05,2026-03-18 13:03:59
5,Running,2026-03-18 13:03:05,2026-03-18 13:04:06
6,Starved,2026-03-18 13:03:55,2026-03-18 13:04:06
3,Running,2026-03-18 13:03:05,2026-03-18 13:04:08
5,Starved,2026-03-18 13:04:06,2026-03-18 13:04:27
3,Blocked,2026-03-18 13:04:08,2026-03-18 13:04:27
2,Blocked,2026-03-18 13:03:56,2026-03-18 13:04:27
1,Blocked,2026-03-18 13:03:59,2026-03-18 13:04:27
6,Running,2026-03-18 13:04:06,2026-03-18 13:05:00
2,Running,2026-03-18 13:04:27,2026-03-18 13:05:26
1,Running,2026-03-18 13:04:27,2026-03-18 13:05:26
6,Starved,2026-03-18 13:05:00,2026-03-18 13:05:31
2,Blocked,2026-03-18 13:05:26,2026-03-18 13:05:32
1,Blocked,2026-03-18 13:05:26,2026-03-18 13:05:32
12,Running,2026-03-18 13:02:46,2026-03-18 13:05:51
12,Starved,2026-03-18 13:05:51,2026-03-18 13:05:52
8,Running,2026-03-18 13:02:55,2026-03-18 13:06:06
8,Blocked,2026-03-18 13:06:06,2026-03-18 13:06:23
1,Running,2026-03-18 13:05:32,2026-03-18 13:06:26
1,Blocked,2026-03-18 13:06:26,2026-03-18 13:06:30
12,Running,2026-03-18 13:05:52,2026-03-18 13:06:55
12,Starved,2026-03-18 13:06:55,2026-03-18 13:06:57
8,Running,2026-03-18 13:06:23,2026-03-18 13:07:16
1,Running,2026-03-18 13:06:30,2026-03-18 13:07:23
6,Running,2026-03-18 13:05:31,2026-03-18 13:07:24
8,Blocked,2026-03-18 13:07:16,2026-03-18 13:07:28
6,Starved,2026-03-18 13:07:24,2026-03-18 13:07:29
1,Blocked,2026-03-18 13:07:23,2026-03-18 13:07:30
5,Running,2026-03-18 13:04:27,2026-03-18 13:08:19
5,Starved,2026-03-18 13:08:19,2026-03-18 13:08:20
1,Running,2026-03-18 13:07:30,2026-03-18 13:08:25
1,Blocked,2026-03-18 13:08:25,2026-03-18 13:08:26
5,Running,2026-03-18 13:08:20,2026-03-18 13:09:16
3,Running,2026-03-18 13:04:27,2026-03-18 13:09:16
1,Running,2026-03-18 13:08:26,2026-03-18 13:09:26
2,Running,2026-03-18 13:05:32,2026-03-18 13:09:27
5,Starved,2026-03-18 13:09:16,2026-03-18 13:09:43
3,Blocked,2026-03-18 13:09:16,2026-03-18 13:09:43
2,Blocked,2026-03-18 13:09:27,2026-03-18 13:09:43
1,Blocked,2026-03-18 13:09:26,2026-03-18 13:09:43
5,Running,2026-03-18 13:09:43,2026-03-18 13:10:34
3,Running,2026-03-18 13:09:43,2026-03-18 13:10:35
2,Running,2026-03-18 13:09:43,2026-03-18 13:10:39
1,Running,2026-03-18 13:09:43,2026-03-18 13:10:50
5,Starved,2026-03-18 13:10:34,2026-03-18 13:11:10
3,Blocked,2026-03-18 13:10:35,2026-03-18 13:11:10
2,Blocked,2026-03-18 13:10:39,2026-03-18 13:11:10
1,Blocked,2026-03-18 13:10:50,2026-03-18 13:11:10
13,Running,2026-03-18 12:55:12,2026-03-18 13:11:10
13,Starved,2026-03-18 13:11:10,2026-03-18 13:11:16
6,Running,2026-03-18 13:07:29,2026-03-18 13:11:33
1,Running,2026-03-18 13:11:10,2026-03-18 13:12:08
5,Running,2026-03-18 13:11:10,2026-03-18 13:12:09
6,Starved,2026-03-18 13:11:33,2026-03-18 13:12:09
3,Running,2026-03-18 13:11:10,2026-03-18 13:12:12
2,Running,2026-03-18 13:11:10,2026-03-18 13:12:15
3,Blocked,2026-03-18 13:12:12,2026-03-18 13:12:25
2,Blocked,2026-03-18 13:12:15,2026-03-18 13:12:25
1,Blocked,2026-03-18 13:12:08,2026-03-18 13:12:25
5,Down,2026-03-18 13:12:09,2026-03-18 13:12:41
12,Running,2026-03-18 13:06:57,2026-03-18 13:13:08
12,Starved,2026-03-18 13:13:08,2026-03-18 13:13:11
6,Running,2026-03-18 13:12:09,2026-03-18 13:13:14
1,Running,2026-03-18 13:12:25,2026-03-18 13:13:15
2,Running,2026-03-18 13:12:25,2026-03-18 13:13:19
3,Running,2026-03-18 13:12:25,2026-03-18 13:13:23
3,Blocked,2026-03-18 13:13:23,2026-03-18 13:13:24
2,Blocked,2026-03-18 13:13:19,2026-03-18 13:13:24
1,Blocked,2026-03-18 13:13:15,2026-03-18 13:13:24
6,Starved,2026-03-18 13:13:14,2026-03-18 13:13:49
2,Running,2026-03-18 13:13:24,2026-03-18 13:14:16
1,Running,2026-03-18 13:13:24,2026-03-18 13:14:20
3,Running,2026-03-18 13:13:24,2026-03-18 13:14:22
3,Blocked,2026-03-18 13:14:22,2026-03-18 13:14:22
2,Blocked,2026-03-18 13:14:16,2026-03-18 13:14:22
1,Blocked,2026-03-18 13:14:20,2026-03-18 13:14:22
8,Running,2026-03-18 13:07:28,2026-03-18 13:14:32
8,Blocked,2026-03-18 13:14:32,2026-03-18 13:14:34
1,Running,2026-03-18 13:14:22,2026-03-18 13:15:18
2,Running,2026-03-18 13:14:22,2026-03-18 13:15:23
2,Blocked,2026-03-18 13:15:23,2026-03-18 13:15:24
1,Blocked,2026-03-18 13:15:18,2026-03-18 13:15:24
8,Running,2026-03-18 13:14:34,2026-03-18 13:15:27
8,Blocked,2026-03-18 13:15:27,2026-03-18 13:15:33
1,Running,2026-03-18 13:15:24,2026-03-18 13:16:18
2,Running,2026-03-18 13:15:24,2026-03-18 13:16:18
2,Blocked,2026-03-18 13:16:18,2026-03-18 13:16:22
1,Blocked,2026-03-18 13:16:18,2026-03-18 13:16:22
8,Running,2026-03-18 13:15:33,2026-03-18 13:16:28
8,Blocked,2026-03-18 13:16:28,2026-03-18 13:16:53
2,Running,2026-03-18 13:16:22,2026-03-18 13:17:22
2,Blocked,2026-03-18 13:17:22,2026-03-18 13:17:24
2,Running,2026-03-18 13:17:24,2026-03-18 13:18:19
3,Running,2026-03-18 13:14:22,2026-03-18 13:18:23
1,Running,2026-03-18 13:16:22,2026-03-18 13:18:27
3,Blocked,2026-03-18 13:18:23,2026-03-18 13:18:36
2,Blocked,2026-03-18 13:18:19,2026-03-18 13:18:36
1,Blocked,2026-03-18 13:18:27,2026-03-18 13:18:36
8,Running,2026-03-18 13:16:53,2026-03-18 13:18:50
8,Blocked,2026-03-18 13:18:50,2026-03-18 13:18:52
3,Running,2026-03-18 13:18:36,2026-03-18 13:19:34
1,Running,2026-03-18 13:18:36,2026-03-18 13:19:35
2,Running,2026-03-18 13:18:36,2026-03-18 13:19:36
5,Running,2026-03-18 13:12:41,2026-03-18 13:19:49
5,Starved,2026-03-18 13:19:49,2026-03-18 13:19:56
3,Blocked,2026-03-18 13:19:34,2026-03-18 13:19:56
2,Blocked,2026-03-18 13:19:36,2026-03-18 13:19:56
1,Blocked,2026-03-18 13:19:35,2026-03-18 13:19:56
8,Running,2026-03-18 13:18:52,2026-03-18 13:19:58
8,Blocked,2026-03-18 13:19:58,2026-03-18 13:20:11
1,Running,2026-03-18 13:19:56,2026-03-18 13:20:54
1,Blocked,2026-03-18 13:20:54,2026-03-18 13:20:57
8,Running,2026-03-18 13:20:11,2026-03-18 13:21:05
8,Blocked,2026-03-18 13:21:05,2026-03-18 13:21:27
1,Running,2026-03-18 13:20:57,2026-03-18 13:21:47
6,Running,2026-03-18 13:13:49,2026-03-18 13:21:55
6,Starved,2026-03-18 13:21:55,2026-03-18 13:21:57
1,Blocked,2026-03-18 13:21:47,2026-03-18 13:21:59
1,Running,2026-03-18 13:21:59,2026-03-18 13:22:55
1,Blocked,2026-03-18 13:22:55,2026-03-18 13:22:57
13,Running,2026-03-18 13:11:16,2026-03-18 13:23:31
13,Starved,2026-03-18 13:23:31,2026-03-18 13:23:40
2,Running,2026-03-18 13:19:56,2026-03-18 13:23:57
1,Running,2026-03-18 13:22:57,2026-03-18 13:23:57
2,Blocked,2026-03-18 13:23:57,2026-03-18 13:23:58
1,Blocked,2026-03-18 13:23:57,2026-03-18 13:23:58
13,Running,2026-03-18 13:23:40,2026-03-18 13:24:37
13,Starved,2026-03-18 13:24:37,2026-03-18 13:24:39
1,Running,2026-03-18 13:23:58,2026-03-18 13:24:50
2,Running,2026-03-18 13:23:58,2026-03-18 13:24:53
2,Blocked,2026-03-18 13:24:53,2026-03-18 13:25:03
1,Blocked,2026-03-18 13:24:50,2026-03-18 13:25:03
13,Running,2026-03-18 13:24:39,2026-03-18 13:25:35
13,Starved,2026-03-18 13:25:35,2026-03-18 13:25:44
13,Running,2026-03-18 13:25:44,2026-03-18 13:27:44
13,Starved,2026-03-18 13:27:44,2026-03-18 13:27:48
1,Running,2026-03-18 13:25:03,2026-03-18 13:28:05
1,Blocked,2026-03-18 13:28:05,2026-03-18 13:28:10
13,Running,2026-03-18 13:27:48,2026-03-18 13:28:53
13,Starved,2026-03-18 13:28:53,2026-03-18 13:28:56
3,Running,2026-03-18 13:19:56,2026-03-18 13:29:37
5,Running,2026-03-18 13:19:56,2026-03-18 13:30:00
5,Starved,2026-03-18 13:30:00,2026-03-18 13:30:02
3,Blocked,2026-03-18 13:29:37,2026-03-18 13:30:02
5,Running,2026-03-18 13:30:02,2026-03-18 13:31:00
5,Starved,2026-03-18 13:31:00,2026-03-18 13:31:04
1,Running,2026-03-18 13:28:10,2026-03-18 13:31:23
13,Running,2026-03-18 13:28:56,2026-03-18 13:31:50
13,Starved,2026-03-18 13:31:50,2026-03-18 13:31:54
13,Running,2026-03-18 13:31:54,2026-03-18 13:32:53
13,Starved,2026-03-18 13:32:53,2026-03-18 13:32:57
5,Running,2026-03-18 13:31:04,2026-03-18 13:33:10
3,Running,2026-03-18 13:30:02,2026-03-18 13:33:11
5,Starved,2026-03-18 13:33:10,2026-03-18 13:33:18
3,Blocked,2026-03-18 13:33:11,2026-03-18 13:33:18
13,Running,2026-03-18 13:32:57,2026-03-18 13:34:00
13,Starved,2026-03-18 13:34:00,2026-03-18 13:34:05
6,Running,2026-03-18 13:21:57,2026-03-18 13:34:17
5,Running,2026-03-18 13:33:18,2026-03-18 13:34:25
6,Starved,2026-03-18 13:34:17,2026-03-18 13:34:25
3,Running,2026-03-18 13:33:18,2026-03-18 13:34:30
2,Running,2026-03-18 13:25:03,2026-03-18 13:34:38
5,Starved,2026-03-18 13:34:25,2026-03-18 13:34:43
3,Blocked,2026-03-18 13:34:30,2026-03-18 13:34:43
2,Blocked,2026-03-18 13:34:38,2026-03-18 13:34:43
6,Running,2026-03-18 13:34:25,2026-03-18 13:35:27
3,Running,2026-03-18 13:34:43,2026-03-18 13:35:35
5,Running,2026-03-18 13:34:43,2026-03-18 13:35:39
6,Starved,2026-03-18 13:35:27,2026-03-18 13:35:39
2,Running,2026-03-18 13:34:43,2026-03-18 13:35:42
5,Starved,2026-03-18 13:35:39,2026-03-18 13:35:53
3,Blocked,2026-03-18 13:35:35,2026-03-18 13:35:53
2,Blocked,2026-03-18 13:35:42,2026-03-18 13:35:53
13,Running,2026-03-18 13:34:05,2026-03-18 13:35:57
13,Starved,2026-03-18 13:35:57,2026-03-18 13:36:04
6,Running,2026-03-18 13:35:39,2026-03-18 13:36:37
3,Running,2026-03-18 13:35:53,2026-03-18 13:36:46
5,Running,2026-03-18 13:35:53,2026-03-18 13:36:48
6,Starved,2026-03-18 13:36:37,2026-03-18 13:36:48
2,Running,2026-03-18 13:35:53,2026-03-18 13:36:55
13,Running,2026-03-18 13:36:04,2026-03-18 13:37:03
5,Starved,2026-03-18 13:36:48,2026-03-18 13:37:09
3,Blocked,2026-03-18 13:36:46,2026-03-18 13:37:09
2,Blocked,2026-03-18 13:36:55,2026-03-18 13:37:09
13,Starved,2026-03-18 13:37:03,2026-03-18 13:37:11
6,Running,2026-03-18 13:36:48,2026-03-18 13:37:44
13,Running,2026-03-18 13:37:11,2026-03-18 13:37:59
13,Starved,2026-03-18 13:37:59,2026-03-18 13:37:59
2,Running,2026-03-18 13:37:09,2026-03-18 13:38:01
5,Running,2026-03-18 13:37:09,2026-03-18 13:38:06
6,Starved,2026-03-18 13:37:44,2026-03-18 13:38:06
3,Running,2026-03-18 13:37:09,2026-03-18 13:38:07
5,Starved,2026-03-18 13:38:06,2026-03-18 13:38:43
3,Blocked,2026-03-18 13:38:07,2026-03-18 13:38:43
2,Blocked,2026-03-18 13:38:01,2026-03-18 13:38:43
13,Running,2026-03-18 13:37:59,2026-03-18 13:38:55
13,Starved,2026-03-18 13:38:55,2026-03-18 13:39:03
6,Running,2026-03-18 13:38:06,2026-03-18 13:39:10
2,Running,2026-03-18 13:38:43,2026-03-18 13:39:34
3,Running,2026-03-18 13:38:43,2026-03-18 13:39:34
3,Blocked,2026-03-18 13:39:34,2026-03-18 13:39:45
2,Blocked,2026-03-18 13:39:34,2026-03-18 13:39:45
6,Starved,2026-03-18 13:39:10,2026-03-18 13:39:45
13,Running,2026-03-18 13:39:03,2026-03-18 13:40:04
13,Starved,2026-03-18 13:40:04,2026-03-18 13:40:10
5,Running,2026-03-18 13:38:43,2026-03-18 13:40:37
3,Running,2026-03-18 13:39:45,2026-03-18 13:40:47
2,Running,2026-03-18 13:39:45,2026-03-18 13:40:50
5,Starved,2026-03-18 13:40:37,2026-03-18 13:41:04
3,Blocked,2026-03-18 13:40:47,2026-03-18 13:41:04
2,Blocked,2026-03-18 13:40:50,2026-03-18 13:41:04
6,Running,2026-03-18 13:39:45,2026-03-18 13:41:44
5,Running,2026-03-18 13:41:04,2026-03-18 13:41:58
6,Starved,2026-03-18 13:41:44,2026-03-18 13:41:58
2,Running,2026-03-18 13:41:04,2026-03-18 13:42:03
3,Running,2026-03-18 13:41:04,2026-03-18 13:42:06
5,Starved,2026-03-18 13:41:58,2026-03-18 13:42:35
3,Blocked,2026-03-18 13:42:06,2026-03-18 13:42:35
2,Blocked,2026-03-18 13:42:03,2026-03-18 13:42:35
6,Running,2026-03-18 13:41:58,2026-03-18 13:42:56
3,Running,2026-03-18 13:42:35,2026-03-18 13:43:31
5,Running,2026-03-18 13:42:35,2026-03-18 13:43:36
6,Starved,2026-03-18 13:42:56,2026-03-18 13:43:36
5,Starved,2026-03-18 13:43:36,2026-03-18 13:43:38
3,Blocked,2026-03-18 13:43:31,2026-03-18 13:43:38
5,Running,2026-03-18 13:43:38,2026-03-18 13:44:34
5,Starved,2026-03-18 13:44:34,2026-03-18 13:44:41
6,Running,2026-03-18 13:43:36,2026-03-18 13:45:37
3,Running,2026-03-18 13:43:38,2026-03-18 13:45:39
3,Blocked,2026-03-18 13:45:39,2026-03-18 13:45:42
6,Starved,2026-03-18 13:45:37,2026-03-18 13:45:46
8,Running,2026-03-18 13:21:27,2026-03-18 13:46:43
6,Running,2026-03-18 13:45:46,2026-03-18 13:46:46
8,Blocked,2026-03-18 13:46:43,2026-03-18 13:46:48
3,Running,2026-03-18 13:45:42,2026-03-18 13:46:51
5,Running,2026-03-18 13:44:41,2026-03-18 13:46:54
6,Starved,2026-03-18 13:46:46,2026-03-18 13:46:54
5,Starved,2026-03-18 13:46:54,2026-03-18 13:47:01
3,Blocked,2026-03-18 13:46:51,2026-03-18 13:47:01
6,Running,2026-03-18 13:46:54,2026-03-18 13:47:47
5,Running,2026-03-18 13:47:01,2026-03-18 13:47:56
6,Starved,2026-03-18 13:47:47,2026-03-18 13:47:56
3,Running,2026-03-18 13:47:01,2026-03-18 13:48:02
5,Starved,2026-03-18 13:47:56,2026-03-18 13:48:07
3,Blocked,2026-03-18 13:48:02,2026-03-18 13:48:07
8,Running,2026-03-18 13:46:48,2026-03-18 13:49:01
6,Running,2026-03-18 13:47:56,2026-03-18 13:49:02
6,Starved,2026-03-18 13:49:02,2026-03-18 13:49:09
8,Blocked,2026-03-18 13:49:01,2026-03-18 13:49:09
7,Running,2026-03-18 09:58:57,2026-03-18 13:50:03
8,Running,2026-03-18 13:49:09,2026-03-18 13:50:06
7,Down,2026-03-18 13:50:03,2026-03-18 13:50:08
6,Running,2026-03-18 13:49:09,2026-03-18 13:50:10
5,Running,2026-03-18 13:48:07,2026-03-18 13:50:16
6,Starved,2026-03-18 13:50:10,2026-03-18 13:50:16
3,Running,2026-03-18 13:48:07,2026-03-18 13:50:21
8,Blocked,2026-03-18 13:50:06,2026-03-18 13:50:23
5,Starved,2026-03-18 13:50:16,2026-03-18 13:50:23
3,Blocked,2026-03-18 13:50:21,2026-03-18 13:50:23
8,Running,2026-03-18 13:50:23,2026-03-18 13:51:16
6,Running,2026-03-18 13:50:16,2026-03-18 13:51:17
3,Running,2026-03-18 13:50:23,2026-03-18 13:51:22
3,Blocked,2026-03-18 13:51:22,2026-03-18 13:51:22
6,Starved,2026-03-18 13:51:17,2026-03-18 13:51:31
8,Blocked,2026-03-18 13:51:16,2026-03-18 13:51:32
6,Running,2026-03-18 13:51:31,2026-03-18 13:52:31
6,Starved,2026-03-18 13:52:31,2026-03-18 13:52:39
6,Running,2026-03-18 13:52:39,2026-03-18 13:53:31
6,Starved,2026-03-18 13:53:31,2026-03-18 13:53:50
1,Down,2026-03-18 13:31:23,2026-03-18 13:54:11
6,Running,2026-03-18 13:53:50,2026-03-18 13:54:42
6,Starved,2026-03-18 13:54:42,2026-03-18 13:54:51
2,Starved,2026-03-18 13:42:35,2026-03-18 13:55:06
3,Running,2026-03-18 13:51:22,2026-03-18 13:55:29
6,Running,2026-03-18 13:54:51,2026-03-18 13:55:42
3,Blocked,2026-03-18 13:55:29,2026-03-18 13:55:50
6,Starved,2026-03-18 13:55:42,2026-03-18 13:55:52
3,Running,2026-03-18 13:55:50,2026-03-18 13:56:41
5,Running,2026-03-18 13:50:23,2026-03-18 13:56:43
5,Starved,2026-03-18 13:56:43,2026-03-18 13:56:53
3,Blocked,2026-03-18 13:56:41,2026-03-18 13:56:53
2,Running,2026-03-18 13:55:06,2026-03-18 13:57:11
2,Starved,2026-03-18 13:57:11,2026-03-18 13:57:15
6,Running,2026-03-18 13:55:52,2026-03-18 13:57:48
5,Running,2026-03-18 13:56:53,2026-03-18 13:57:56
6,Starved,2026-03-18 13:57:48,2026-03-18 13:57:56
3,Running,2026-03-18 13:56:53,2026-03-18 13:57:58
5,Starved,2026-03-18 13:57:56,2026-03-18 13:58:03
3,Blocked,2026-03-18 13:57:58,2026-03-18 13:58:03
6,Running,2026-03-18 13:57:56,2026-03-18 13:58:46
5,Running,2026-03-18 13:58:03,2026-03-18 13:59:00
6,Starved,2026-03-18 13:58:46,2026-03-18 13:59:00
5,Starved,2026-03-18 13:59:00,2026-03-18 13:59:06
2,Running,2026-03-18 13:57:15,2026-03-18 13:59:15
2,Starved,2026-03-18 13:59:15,2026-03-18 13:59:16
5,Running,2026-03-18 13:59:06,2026-03-18 13:59:53
5,Starved,2026-03-18 13:59:53,2026-03-18 14:00:07
2,Running,2026-03-18 13:59:16,2026-03-18 14:00:16
2,Starved,2026-03-18 14:00:16,2026-03-18 14:00:22
5,Running,2026-03-18 14:00:07,2026-03-18 14:01:07
3,Running,2026-03-18 13:58:03,2026-03-18 14:01:09
2,Running,2026-03-18 14:00:22,2026-03-18 14:01:18
2,Starved,2026-03-18 14:01:18,2026-03-18 14:01:18
5,Starved,2026-03-18 14:01:07,2026-03-18 14:01:28
3,Blocked,2026-03-18 14:01:09,2026-03-18 14:01:28
6,Running,2026-03-18 13:59:00,2026-03-18 14:02:12
6,Starved,2026-03-18 14:02:12,2026-03-18 14:02:30
2,Running,2026-03-18 14:01:18,2026-03-18 14:03:16
2,Starved,2026-03-18 14:03:16,2026-03-18 14:03:17
3,Running,2026-03-18 14:01:28,2026-03-18 14:04:18
3,Blocked,2026-03-18 14:04:18,2026-03-18 14:04:26
2,Running,2026-03-18 14:03:17,2026-03-18 14:05:22
2,Starved,2026-03-18 14:05:22,2026-03-18 14:05:23
5,Running,2026-03-18 14:01:28,2026-03-18 14:06:18
3,Running,2026-03-18 14:04:26,2026-03-18 14:06:34
5,Starved,2026-03-18 14:06:18,2026-03-18 14:06:57
3,Blocked,2026-03-18 14:06:34,2026-03-18 14:06:57
2,Running,2026-03-18 14:05:23,2026-03-18 14:07:25
2,Starved,2026-03-18 14:07:25,2026-03-18 14:07:28
6,Running,2026-03-18 14:02:30,2026-03-18 14:07:33
5,Running,2026-03-18 14:06:57,2026-03-18 14:07:48
6,Starved,2026-03-18 14:07:33,2026-03-18 14:07:48
3,Running,2026-03-18 14:06:57,2026-03-18 14:07:58
5,Starved,2026-03-18 14:07:48,2026-03-18 14:08:02
3,Blocked,2026-03-18 14:07:58,2026-03-18 14:08:02
6,Running,2026-03-18 14:07:48,2026-03-18 14:08:48
3,Running,2026-03-18 14:08:02,2026-03-18 14:09:05
5,Running,2026-03-18 14:08:02,2026-03-18 14:09:06
6,Starved,2026-03-18 14:08:48,2026-03-18 14:09:06
5,Starved,2026-03-18 14:09:06,2026-03-18 14:09:17
3,Blocked,2026-03-18 14:09:05,2026-03-18 14:09:17
6,Running,2026-03-18 14:09:06,2026-03-18 14:10:02
6,Starved,2026-03-18 14:10:02,2026-03-18 14:10:13
6,Running,2026-03-18 14:10:13,2026-03-18 14:11:00
3,Running,2026-03-18 14:09:17,2026-03-18 14:11:07
5,Running,2026-03-18 14:09:17,2026-03-18 14:11:15
6,Starved,2026-03-18 14:11:00,2026-03-18 14:11:15
5,Starved,2026-03-18 14:11:15,2026-03-18 14:11:19
3,Blocked,2026-03-18 14:11:07,2026-03-18 14:11:19
2,Running,2026-03-18 14:07:28,2026-03-18 14:11:32
2,Starved,2026-03-18 14:11:32,2026-03-18 14:11:38
5,Running,2026-03-18 14:11:19,2026-03-18 14:12:15
3,Running,2026-03-18 14:11:19,2026-03-18 14:12:27
5,Starved,2026-03-18 14:12:15,2026-03-18 14:12:27
3,Blocked,2026-03-18 14:12:27,2026-03-18 14:12:27
6,Running,2026-03-18 14:11:15,2026-03-18 14:13:21
5,Running,2026-03-18 14:12:27,2026-03-18 14:13:23
6,Starved,2026-03-18 14:13:21,2026-03-18 14:13:23
3,Running,2026-03-18 14:12:27,2026-03-18 14:13:26
5,Starved,2026-03-18 14:13:23,2026-03-18 14:13:27
3,Blocked,2026-03-18 14:13:26,2026-03-18 14:13:27
3,Running,2026-03-18 14:13:27,2026-03-18 14:15:22
3,Blocked,2026-03-18 14:15:22,2026-03-18 14:15:24
3,Running,2026-03-18 14:15:24,2026-03-18 14:16:18
5,Running,2026-03-18 14:13:27,2026-03-18 14:16:25
5,Starved,2026-03-18 14:16:25,2026-03-18 14:16:40
3,Blocked,2026-03-18 14:16:18,2026-03-18 14:16:40
6,Running,2026-03-18 14:13:23,2026-03-18 14:17:34
5,Running,2026-03-18 14:16:40,2026-03-18 14:17:41
6,Starved,2026-03-18 14:17:34,2026-03-18 14:17:41
5,Starved,2026-03-18 14:17:41,2026-03-18 14:17:43
2,Running,2026-03-18 14:11:38,2026-03-18 14:18:32
5,Running,2026-03-18 14:17:43,2026-03-18 14:18:39
2,Starved,2026-03-18 14:18:32,2026-03-18 14:18:41
3,Running,2026-03-18 14:16:40,2026-03-18 14:18:44
5,Starved,2026-03-18 14:18:39,2026-03-18 14:18:51
3,Blocked,2026-03-18 14:18:44,2026-03-18 14:18:51
3,Running,2026-03-18 14:18:51,2026-03-18 14:19:50
6,Running,2026-03-18 14:17:41,2026-03-18 14:19:50
5,Running,2026-03-18 14:18:51,2026-03-18 14:19:56
6,Starved,2026-03-18 14:19:50,2026-03-18 14:19:56
5,Starved,2026-03-18 14:19:56,2026-03-18 14:20:15
3,Blocked,2026-03-18 14:19:50,2026-03-18 14:20:15
6,Running,2026-03-18 14:19:56,2026-03-18 14:20:56
6,Starved,2026-03-18 14:20:56,2026-03-18 14:21:18
5,Running,2026-03-18 14:20:15,2026-03-18 14:22:20
3,Running,2026-03-18 14:20:15,2026-03-18 14:22:27
5,Starved,2026-03-18 14:22:20,2026-03-18 14:22:40
3,Blocked,2026-03-18 14:22:27,2026-03-18 14:22:40
6,Running,2026-03-18 14:21:18,2026-03-18 14:23:28
3,Running,2026-03-18 14:22:40,2026-03-18 14:23:39
5,Running,2026-03-18 14:22:40,2026-03-18 14:23:46
6,Starved,2026-03-18 14:23:28,2026-03-18 14:23:46
5,Starved,2026-03-18 14:23:46,2026-03-18 14:24:17
3,Blocked,2026-03-18 14:23:39,2026-03-18 14:24:17
6,Running,2026-03-18 14:23:46,2026-03-18 14:24:50
5,Running,2026-03-18 14:24:17,2026-03-18 14:25:21
6,Starved,2026-03-18 14:24:50,2026-03-18 14:25:21
3,Running,2026-03-18 14:24:17,2026-03-18 14:25:21
5,Starved,2026-03-18 14:25:21,2026-03-18 14:25:45
3,Blocked,2026-03-18 14:25:21,2026-03-18 14:25:45
6,Running,2026-03-18 14:25:21,2026-03-18 14:26:26
9,Running,2026-03-18 12:47:09,2026-03-18 14:26:33
5,Running,2026-03-18 14:25:45,2026-03-18 14:26:35
6,Starved,2026-03-18 14:26:26,2026-03-18 14:26:35
3,Running,2026-03-18 14:25:45,2026-03-18 14:26:52
5,Starved,2026-03-18 14:26:35,2026-03-18 14:26:58
3,Blocked,2026-03-18 14:26:52,2026-03-18 14:26:58
8,Running,2026-03-18 13:51:32,2026-03-18 14:27:05
6,Running,2026-03-18 14:26:35,2026-03-18 14:27:34
5,Running,2026-03-18 14:26:58,2026-03-18 14:27:51
6,Starved,2026-03-18 14:27:34,2026-03-18 14:27:51
5,Starved,2026-03-18 14:27:51,2026-03-18 14:27:56
6,Running,2026-03-18 14:27:51,2026-03-18 14:28:51
5,Running,2026-03-18 14:27:56,2026-03-18 14:28:56
6,Starved,2026-03-18 14:28:51,2026-03-18 14:28:56
3,Running,2026-03-18 14:26:58,2026-03-18 14:28:58
5,Starved,2026-03-18 14:28:56,2026-03-18 14:29:04
3,Blocked,2026-03-18 14:28:58,2026-03-18 14:29:04
2,Running,2026-03-18 14:18:41,2026-03-18 14:29:33
2,Starved,2026-03-18 14:29:33,2026-03-18 14:29:36
6,Running,2026-03-18 14:28:56,2026-03-18 14:30:02
5,Running,2026-03-18 14:29:04,2026-03-18 14:30:04
6,Starved,2026-03-18 14:30:02,2026-03-18 14:30:04
3,Running,2026-03-18 14:29:04,2026-03-18 14:30:05
5,Starved,2026-03-18 14:30:04,2026-03-18 14:30:24
3,Blocked,2026-03-18 14:30:05,2026-03-18 14:30:24
2,Running,2026-03-18 14:29:36,2026-03-18 14:30:34
1,Running,2026-03-18 13:54:11,2026-03-18 14:30:37
2,Starved,2026-03-18 14:30:34,2026-03-18 14:30:37
10,Running,2026-03-18 12:47:09,2026-03-18 14:30:38
13,Running,2026-03-18 13:40:10,2026-03-18 14:30:44
1,Down,2026-03-18 14:30:37,2026-03-18 14:30:50
13,Starved,2026-03-18 14:30:44,2026-03-18 14:30:51
6,Running,2026-03-18 14:30:04,2026-03-18 14:31:10
5,Running,2026-03-18 14:30:24,2026-03-18 14:31:17
6,Starved,2026-03-18 14:31:10,2026-03-18 14:31:17
3,Running,2026-03-18 14:30:24,2026-03-18 14:31:26
2,Running,2026-03-18 14:30:37,2026-03-18 14:31:31
5,Starved,2026-03-18 14:31:17,2026-03-18 14:31:49
3,Blocked,2026-03-18 14:31:26,2026-03-18 14:31:49
2,Starved,2026-03-18 14:31:31,2026-03-18 14:31:51
11,Running,2026-03-18 12:37:46,2026-03-18 14:32:00
6,Running,2026-03-18 14:31:17,2026-03-18 14:32:26
5,Running,2026-03-18 14:31:49,2026-03-18 14:32:43
6,Starved,2026-03-18 14:32:26,2026-03-18 14:32:43
5,Starved,2026-03-18 14:32:43,2026-03-18 14:32:43
2,Running,2026-03-18 14:31:51,2026-03-18 14:32:51
2,Starved,2026-03-18 14:32:51,2026-03-18 14:32:52
6,Running,2026-03-18 14:32:43,2026-03-18 14:33:42
6,Starved,2026-03-18 14:33:42,2026-03-18 14:33:47
12,Running,2026-03-18 13:13:11,2026-03-18 14:33:52
6,Running,2026-03-18 14:33:47,2026-03-18 14:34:41
13,Running,2026-03-18 14:30:51,2026-03-18 14:34:44
6,Starved,2026-03-18 14:34:41,2026-03-18 14:34:47
11,Down,2026-03-18 14:32:00,2026-03-18 14:35:01
6,Running,2026-03-18 14:34:47,2026-03-18 14:35:48
6,Starved,2026-03-18 14:35:48,2026-03-18 14:35:55
12,Starved,2026-03-18 14:33:52,2026-03-18 14:36:12
6,Running,2026-03-18 14:35:55,2026-03-18 14:36:54
6,Starved,2026-03-18 14:36:54,2026-03-18 14:36:55
12,Running,2026-03-18 14:36:12,2026-03-18 14:37:06
13,Starved,2026-03-18 14:34:44,2026-03-18 14:37:06
12,Starved,2026-03-18 14:37:06,2026-03-18 14:37:19
12,Running,2026-03-18 14:37:19,2026-03-18 14:38:07
12,Starved,2026-03-18 14:38:07,2026-03-18 14:38:23
7,Running,2026-03-18 13:50:08,2026-03-18 14:38:37
5,Running,2026-03-18 14:32:43,2026-03-18 14:38:56
3,Running,2026-03-18 14:31:49,2026-03-18 14:38:58
5,Starved,2026-03-18 14:38:56,2026-03-18 14:39:04
3,Blocked,2026-03-18 14:38:58,2026-03-18 14:39:04
13,Running,2026-03-18 14:37:06,2026-03-18 14:39:14
12,Running,2026-03-18 14:38:23,2026-03-18 14:39:15
13,Starved,2026-03-18 14:39:14,2026-03-18 14:39:15
12,Starved,2026-03-18 14:39:15,2026-03-18 14:39:16
6,Running,2026-03-18 14:36:55,2026-03-18 14:39:53
5,Running,2026-03-18 14:39:04,2026-03-18 14:40:04
6,Starved,2026-03-18 14:39:53,2026-03-18 14:40:04
3,Running,2026-03-18 14:39:04,2026-03-18 14:40:05
13,Running,2026-03-18 14:39:15,2026-03-18 14:40:12
5,Starved,2026-03-18 14:40:04,2026-03-18 14:40:12
3,Blocked,2026-03-18 14:40:05,2026-03-18 14:40:12
13,Starved,2026-03-18 14:40:12,2026-03-18 14:40:16
6,Running,2026-03-18 14:40:04,2026-03-18 14:41:02
2,Running,2026-03-18 14:32:52,2026-03-18 14:41:03
11,Running,2026-03-18 14:35:01,2026-03-18 14:41:13
6,Starved,2026-03-18 14:41:02,2026-03-18 14:41:19
13,Running,2026-03-18 14:40:16,2026-03-18 14:41:21
13,Starved,2026-03-18 14:41:21,2026-03-18 14:41:22
5,Running,2026-03-18 14:40:12,2026-03-18 14:42:10
5,Starved,2026-03-18 14:42:10,2026-03-18 14:42:12
12,Running,2026-03-18 14:39:16,2026-03-18 14:42:21
13,Running,2026-03-18 14:41:22,2026-03-18 14:43:18
9,Down,2026-03-18 14:26:33,2026-03-18 14:43:22
8,Blocked,2026-03-18 14:27:05,2026-03-18 14:43:22
7,Blocked,2026-03-18 14:38:37,2026-03-18 14:43:22
10,Starved,2026-03-18 14:30:38,2026-03-18 14:44:25
10,Running,2026-03-18 14:44:25,2026-03-18 14:45:29
11,Starved,2026-03-18 14:41:13,2026-03-18 14:45:29
10,Down,2026-03-18 14:45:29,2026-03-18 14:45:53
11,Running,2026-03-18 14:45:29,2026-03-18 14:46:29
12,Starved,2026-03-18 14:42:21,2026-03-18 14:46:29
11,Starved,2026-03-18 14:46:29,2026-03-18 14:46:53
12,Running,2026-03-18 14:46:29,2026-03-18 14:47:26
13,Starved,2026-03-18 14:43:18,2026-03-18 14:47:26
11,Running,2026-03-18 14:46:53,2026-03-18 14:47:52
12,Starved,2026-03-18 14:47:26,2026-03-18 14:47:52
11,Starved,2026-03-18 14:47:52,2026-03-18 14:47:59
13,Running,2026-03-18 14:47:26,2026-03-18 14:48:16
1,Running,2026-03-18 14:30:50,2026-03-18 14:48:31
12,Running,2026-03-18 14:47:52,2026-03-18 14:48:56
13,Starved,2026-03-18 14:48:16,2026-03-18 14:48:56
11,Running,2026-03-18 14:47:59,2026-03-18 14:49:02
12,Starved,2026-03-18 14:48:56,2026-03-18 14:49:02
11,Starved,2026-03-18 14:49:02,2026-03-18 14:49:04
8,Running,2026-03-18 14:43:22,2026-03-18 14:49:17
8,Blocked,2026-03-18 14:49:17,2026-03-18 14:49:18
3,Running,2026-03-18 14:40:12,2026-03-18 14:49:38
6,Running,2026-03-18 14:41:19,2026-03-18 14:49:40
6,Starved,2026-03-18 14:49:40,2026-03-18 14:49:43
13,Running,2026-03-18 14:48:56,2026-03-18 14:49:48
12,Running,2026-03-18 14:49:02,2026-03-18 14:50:01
13,Starved,2026-03-18 14:49:48,2026-03-18 14:50:01
12,Starved,2026-03-18 14:50:01,2026-03-18 14:50:04
8,Running,2026-03-18 14:49:18,2026-03-18 14:50:16
8,Blocked,2026-03-18 14:50:16,2026-03-18 14:50:22
6,Running,2026-03-18 14:49:43,2026-03-18 14:50:36
6,Starved,2026-03-18 14:50:36,2026-03-18 14:50:44
13,Running,2026-03-18 14:50:01,2026-03-18 14:51:04
13,Starved,2026-03-18 14:51:04,2026-03-18 14:51:12
6,Running,2026-03-18 14:50:44,2026-03-18 14:51:39
6,Starved,2026-03-18 14:51:39,2026-03-18 14:51:47
11,Running,2026-03-18 14:49:04,2026-03-18 14:51:58
11,Starved,2026-03-18 14:51:58,2026-03-18 14:51:59
8,Running,2026-03-18 14:50:22,2026-03-18 14:52:12
8,Blocked,2026-03-18 14:52:12,2026-03-18 14:52:36
13,Running,2026-03-18 14:51:12,2026-03-18 14:53:12
13,Starved,2026-03-18 14:53:12,2026-03-18 14:53:19
8,Running,2026-03-18 14:52:36,2026-03-18 14:53:37
10,Running,2026-03-18 14:45:53,2026-03-18 14:53:59
10,Starved,2026-03-18 14:53:59,2026-03-18 14:54:07
8,Blocked,2026-03-18 14:53:37,2026-03-18 14:54:07
7,Running,2026-03-18 14:43:22,2026-03-18 14:54:46
6,Running,2026-03-18 14:51:47,2026-03-18 14:54:51
6,Starved,2026-03-18 14:54:51,2026-03-18 14:54:51
11,Running,2026-03-18 14:51:59,2026-03-18 14:54:59
8,Running,2026-03-18 14:54:07,2026-03-18 14:55:01
10,Running,2026-03-18 14:54:07,2026-03-18 14:55:14
11,Starved,2026-03-18 14:54:59,2026-03-18 14:55:14
10,Starved,2026-03-18 14:55:14,2026-03-18 14:55:16
8,Blocked,2026-03-18 14:55:01,2026-03-18 14:55:16
7,Down,2026-03-18 14:54:46,2026-03-18 14:55:53
10,Running,2026-03-18 14:55:16,2026-03-18 14:56:09
13,Running,2026-03-18 14:53:19,2026-03-18 14:56:15
10,Starved,2026-03-18 14:56:09,2026-03-18 14:56:15
12,Running,2026-03-18 14:50:04,2026-03-18 14:56:18
13,Starved,2026-03-18 14:56:15,2026-03-18 14:56:18
12,Starved,2026-03-18 14:56:18,2026-03-18 14:56:28
6,Running,2026-03-18 14:54:51,2026-03-18 14:56:58
6,Starved,2026-03-18 14:56:58,2026-03-18 14:57:03
10,Running,2026-03-18 14:56:15,2026-03-18 14:57:07
10,Starved,2026-03-18 14:57:07,2026-03-18 14:57:14
12,Running,2026-03-18 14:56:28,2026-03-18 14:57:24
12,Starved,2026-03-18 14:57:24,2026-03-18 14:57:29
5,Running,2026-03-18 14:42:12,2026-03-18 14:58:03
5,Starved,2026-03-18 14:58:03,2026-03-18 14:58:04
13,Running,2026-03-18 14:56:18,2026-03-18 14:58:28
12,Running,2026-03-18 14:57:29,2026-03-18 14:58:29
13,Starved,2026-03-18 14:58:28,2026-03-18 14:58:29
12,Starved,2026-03-18 14:58:29,2026-03-18 14:58:32
6,Running,2026-03-18 14:57:03,2026-03-18 14:58:57
5,Running,2026-03-18 14:58:04,2026-03-18 14:59:09
6,Starved,2026-03-18 14:58:57,2026-03-18 14:59:09
8,Running,2026-03-18 14:55:16,2026-03-18 14:59:13
5,Starved,2026-03-18 14:59:09,2026-03-18 14:59:14
10,Running,2026-03-18 14:57:14,2026-03-18 14:59:23
13,Running,2026-03-18 14:58:29,2026-03-18 14:59:28
13,Starved,2026-03-18 14:59:28,2026-03-18 14:59:33
10,Starved,2026-03-18 14:59:23,2026-03-18 14:59:33
8,Blocked,2026-03-18 14:59:13,2026-03-18 14:59:33
6,Running,2026-03-18 14:59:09,2026-03-18 15:00:04
5,Running,2026-03-18 14:59:14,2026-03-18 15:00:18
6,Starved,2026-03-18 15:00:04,2026-03-18 15:00:18
4,Running,2026-03-18 12:53:13,2026-03-18 15:00:24
5,Starved,2026-03-18 15:00:18,2026-03-18 15:00:24
12,Running,2026-03-18 14:58:32,2026-03-18 15:00:25
11,Running,2026-03-18 14:55:14,2026-03-18 15:00:34
12,Starved,2026-03-18 15:00:25,2026-03-18 15:00:34
11,Starved,2026-03-18 15:00:34,2026-03-18 15:00:38
6,Running,2026-03-18 15:00:18,2026-03-18 15:01:13
5,Running,2026-03-18 15:00:24,2026-03-18 15:01:15
6,Starved,2026-03-18 15:01:13,2026-03-18 15:01:15
8,Running,2026-03-18 14:59:33,2026-03-18 15:01:30
11,Running,2026-03-18 15:00:38,2026-03-18 15:01:32
8,Blocked,2026-03-18 15:01:30,2026-03-18 15:01:33
11,Starved,2026-03-18 15:01:32,2026-03-18 15:01:33
2,Down,2026-03-18 14:41:03,2026-03-18 15:01:51
1,Blocked,2026-03-18 14:48:31,2026-03-18 15:01:51
6,Running,2026-03-18 15:01:15,2026-03-18 15:02:13
11,Running,2026-03-18 15:01:33,2026-03-18 15:02:30
8,Running,2026-03-18 15:01:33,2026-03-18 15:02:31
10,Running,2026-03-18 14:59:33,2026-03-18 15:02:34
11,Starved,2026-03-18 15:02:30,2026-03-18 15:02:34
10,Starved,2026-03-18 15:02:34,2026-03-18 15:02:39
8,Blocked,2026-03-18 15:02:31,2026-03-18 15:02:39
3,Starved,2026-03-18 14:49:38,2026-03-18 15:02:41
12,Running,2026-03-18 15:00:34,2026-03-18 15:03:18
11,Running,2026-03-18 15:02:34,2026-03-18 15:03:34
12,Starved,2026-03-18 15:03:18,2026-03-18 15:03:34
11,Starved,2026-03-18 15:03:34,2026-03-18 15:03:38
4,Starved,2026-03-18 15:00:24,2026-03-18 15:03:43
12,Running,2026-03-18 15:03:34,2026-03-18 15:04:27
11,Running,2026-03-18 15:03:38,2026-03-18 15:04:33
10,Running,2026-03-18 15:02:39,2026-03-18 15:04:35
11,Starved,2026-03-18 15:04:33,2026-03-18 15:04:35
3,Running,2026-03-18 15:02:41,2026-03-18 15:04:41
1,Running,2026-03-18 15:01:51,2026-03-18 15:04:41
4,Running,2026-03-18 15:03:43,2026-03-18 15:04:50
5,Starved,2026-03-18 15:01:15,2026-03-18 15:04:50
3,Starved,2026-03-18 15:04:41,2026-03-18 15:04:57
1,Blocked,2026-03-18 15:04:41,2026-03-18 15:04:57
13,Running,2026-03-18 14:59:33,2026-03-18 15:05:31
11,Running,2026-03-18 15:04:35,2026-03-18 15:05:35
1,Running,2026-03-18 15:04:57,2026-03-18 15:05:51
5,Running,2026-03-18 15:04:50,2026-03-18 15:05:57
6,Starved,2026-03-18 15:02:13,2026-03-18 15:05:57
3,Running,2026-03-18 15:04:57,2026-03-18 15:05:58
3,Starved,2026-03-18 15:05:58,2026-03-18 15:06:08
1,Blocked,2026-03-18 15:05:51,2026-03-18 15:06:08
6,Running,2026-03-18 15:05:57,2026-03-18 15:06:52
3,Running,2026-03-18 15:06:08,2026-03-18 15:07:03
3,Starved,2026-03-18 15:07:03,2026-03-18 15:07:09
3,Running,2026-03-18 15:07:09,2026-03-18 15:08:10
1,Running,2026-03-18 15:06:08,2026-03-18 15:08:15
3,Starved,2026-03-18 15:08:10,2026-03-18 15:08:18
1,Blocked,2026-03-18 15:08:15,2026-03-18 15:08:18
1,Running,2026-03-18 15:08:18,2026-03-18 15:09:15
3,Running,2026-03-18 15:08:18,2026-03-18 15:09:19
2,Running,2026-03-18 15:01:51,2026-03-18 15:09:30
3,Starved,2026-03-18 15:09:19,2026-03-18 15:09:30
10,Down,2026-03-18 15:04:35,2026-03-18 15:10:04
3,Running,2026-03-18 15:09:30,2026-03-18 15:10:25
11,Starved,2026-03-18 15:05:35,2026-03-18 15:10:57
11,Running,2026-03-18 15:10:57,2026-03-18 15:11:55
11,Starved,2026-03-18 15:11:55,2026-03-18 15:11:57
4,Down,2026-03-18 15:04:50,2026-03-18 15:12:14
11,Running,2026-03-18 15:11:57,2026-03-18 15:12:57
11,Starved,2026-03-18 15:12:57,2026-03-18 15:13:01
5,Starved,2026-03-18 15:05:57,2026-03-18 15:13:17
12,Down,2026-03-18 15:04:27,2026-03-18 15:13:36
11,Running,2026-03-18 15:13:01,2026-03-18 15:13:55
11,Starved,2026-03-18 15:13:55,2026-03-18 15:14:01
5,Running,2026-03-18 15:13:17,2026-03-18 15:14:21
6,Starved,2026-03-18 15:06:52,2026-03-18 15:14:21
13,Starved,2026-03-18 15:05:31,2026-03-18 15:14:36
5,Starved,2026-03-18 15:14:21,2026-03-18 15:14:43
8,Running,2026-03-18 15:02:39,2026-03-18 15:14:55
11,Running,2026-03-18 15:14:01,2026-03-18 15:14:56
8,Blocked,2026-03-18 15:14:55,2026-03-18 15:15:03
11,Starved,2026-03-18 15:14:56,2026-03-18 15:15:07
6,Running,2026-03-18 15:14:21,2026-03-18 15:15:14
2,Down,2026-03-18 15:09:30,2026-03-18 15:15:27
1,Blocked,2026-03-18 15:09:15,2026-03-18 15:15:27
13,Running,2026-03-18 15:14:36,2026-03-18 15:15:34
13,Starved,2026-03-18 15:15:34,2026-03-18 15:15:42
5,Running,2026-03-18 15:14:43,2026-03-18 15:15:48
6,Starved,2026-03-18 15:15:14,2026-03-18 15:15:48
8,Running,2026-03-18 15:15:03,2026-03-18 15:16:04
5,Starved,2026-03-18 15:15:48,2026-03-18 15:16:04
11,Running,2026-03-18 15:15:07,2026-03-18 15:16:04
11,Starved,2026-03-18 15:16:04,2026-03-18 15:16:06
1,Running,2026-03-18 15:15:27,2026-03-18 15:16:31
8,Blocked,2026-03-18 15:16:04,2026-03-18 15:16:32
3,Starved,2026-03-18 15:10:25,2026-03-18 15:16:35
1,Blocked,2026-03-18 15:16:31,2026-03-18 15:16:35
6,Running,2026-03-18 15:15:48,2026-03-18 15:16:49
5,Running,2026-03-18 15:16:04,2026-03-18 15:17:03
6,Starved,2026-03-18 15:16:49,2026-03-18 15:17:03
11,Running,2026-03-18 15:16:06,2026-03-18 15:17:06
11,Starved,2026-03-18 15:17:06,2026-03-18 15:17:06
5,Starved,2026-03-18 15:17:03,2026-03-18 15:17:25
8,Running,2026-03-18 15:16:32,2026-03-18 15:17:35
13,Running,2026-03-18 15:15:42,2026-03-18 15:17:38
13,Starved,2026-03-18 15:17:38,2026-03-18 15:17:44
8,Blocked,2026-03-18 15:17:35,2026-03-18 15:17:47
11,Running,2026-03-18 15:17:06,2026-03-18 15:17:57
11,Starved,2026-03-18 15:17:57,2026-03-18 15:18:01
6,Running,2026-03-18 15:17:03,2026-03-18 15:18:04
1,Running,2026-03-18 15:16:35,2026-03-18 15:18:19
5,Running,2026-03-18 15:17:25,2026-03-18 15:18:27
6,Starved,2026-03-18 15:18:04,2026-03-18 15:18:27
1,Blocked,2026-03-18 15:18:19,2026-03-18 15:18:29
13,Running,2026-03-18 15:17:44,2026-03-18 15:18:37
13,Starved,2026-03-18 15:18:37,2026-03-18 15:18:43
8,Running,2026-03-18 15:17:47,2026-03-18 15:18:45
8,Blocked,2026-03-18 15:18:45,2026-03-18 15:18:45
5,Starved,2026-03-18 15:18:27,2026-03-18 15:18:52
11,Running,2026-03-18 15:18:01,2026-03-18 15:18:58
11,Starved,2026-03-18 15:18:58,2026-03-18 15:18:59
6,Running,2026-03-18 15:18:27,2026-03-18 15:19:20
11,Running,2026-03-18 15:18:59,2026-03-18 15:19:56
5,Running,2026-03-18 15:18:52,2026-03-18 15:19:56
6,Starved,2026-03-18 15:19:20,2026-03-18 15:19:56
5,Starved,2026-03-18 15:19:56,2026-03-18 15:19:59
6,Running,2026-03-18 15:19:56,2026-03-18 15:20:58
5,Running,2026-03-18 15:19:59,2026-03-18 15:21:00
6,Starved,2026-03-18 15:20:58,2026-03-18 15:21:00
5,Starved,2026-03-18 15:21:00,2026-03-18 15:21:01
8,Running,2026-03-18 15:18:45,2026-03-18 15:21:54
6,Running,2026-03-18 15:21:00,2026-03-18 15:22:00
5,Running,2026-03-18 15:21:01,2026-03-18 15:22:03
6,Starved,2026-03-18 15:22:00,2026-03-18 15:22:03
5,Starved,2026-03-18 15:22:03,2026-03-18 15:22:12
8,Blocked,2026-03-18 15:21:54,2026-03-18 15:22:19
3,Running,2026-03-18 15:16:35,2026-03-18 15:23:01
5,Running,2026-03-18 15:22:12,2026-03-18 15:23:07
5,Starved,2026-03-18 15:23:07,2026-03-18 15:23:07
12,Running,2026-03-18 15:13:36,2026-03-18 15:23:44
5,Running,2026-03-18 15:23:07,2026-03-18 15:23:58
11,Down,2026-03-18 15:19:56,2026-03-18 15:24:26
5,Starved,2026-03-18 15:23:58,2026-03-18 15:24:28
13,Running,2026-03-18 15:18:43,2026-03-18 15:25:05
6,Running,2026-03-18 15:22:03,2026-03-18 15:25:16
5,Running,2026-03-18 15:24:28,2026-03-18 15:25:22
6,Starved,2026-03-18 15:25:16,2026-03-18 15:25:22
5,Starved,2026-03-18 15:25:22,2026-03-18 15:25:36
3,Down,2026-03-18 15:23:01,2026-03-18 15:25:58
6,Running,2026-03-18 15:25:22,2026-03-18 15:26:14
5,Running,2026-03-18 15:25:36,2026-03-18 15:26:28
6,Starved,2026-03-18 15:26:14,2026-03-18 15:26:28
4,Running,2026-03-18 15:12:14,2026-03-18 15:26:28
5,Starved,2026-03-18 15:26:28,2026-03-18 15:26:28
8,Running,2026-03-18 15:22:19,2026-03-18 15:26:44
4,Starved,2026-03-18 15:26:28,2026-03-18 15:26:59
5,Running,2026-03-18 15:26:28,2026-03-18 15:27:16
12,Down,2026-03-18 15:23:44,2026-03-18 15:27:20
7,Running,2026-03-18 14:55:53,2026-03-18 15:27:24
5,Starved,2026-03-18 15:27:16,2026-03-18 15:28:10
6,Running,2026-03-18 15:26:28,2026-03-18 15:28:23
13,Starved,2026-03-18 15:25:05,2026-03-18 15:28:25
6,Starved,2026-03-18 15:28:23,2026-03-18 15:29:15
13,Running,2026-03-18 15:28:25,2026-03-18 15:29:24
6,Running,2026-03-18 15:29:15,2026-03-18 15:30:16
5,Running,2026-03-18 15:28:10,2026-03-18 15:30:22
6,Starved,2026-03-18 15:30:16,2026-03-18 15:30:22
8,Down,2026-03-18 15:26:44,2026-03-18 15:30:28
7,Blocked,2026-03-18 15:27:24,2026-03-18 15:30:28
5,Starved,2026-03-18 15:30:22,2026-03-18 15:30:49
6,Running,2026-03-18 15:30:22,2026-03-18 15:31:22
6,Starved,2026-03-18 15:31:22,2026-03-18 15:31:53
7,Running,2026-03-18 15:30:28,2026-03-18 15:32:16
7,Blocked,2026-03-18 15:32:16,2026-03-18 15:32:27
13,Down,2026-03-18 15:29:24,2026-03-18 15:32:54
5,Running,2026-03-18 15:30:49,2026-03-18 15:33:39
5,Starved,2026-03-18 15:33:39,2026-03-18 15:34:01
3,Running,2026-03-18 15:25:58,2026-03-18 15:34:20
6,Running,2026-03-18 15:31:53,2026-03-18 15:34:49
5,Running,2026-03-18 15:34:01,2026-03-18 15:35:02
6,Starved,2026-03-18 15:34:49,2026-03-18 15:35:02
5,Starved,2026-03-18 15:35:02,2026-03-18 15:35:07
3,Down,2026-03-18 15:34:20,2026-03-18 15:35:59
6,Running,2026-03-18 15:35:02,2026-03-18 15:36:04
5,Running,2026-03-18 15:35:07,2026-03-18 15:36:10
6,Starved,2026-03-18 15:36:04,2026-03-18 15:36:10
5,Starved,2026-03-18 15:36:10,2026-03-18 15:36:10
8,Running,2026-03-18 15:30:28,2026-03-18 15:36:49
6,Running,2026-03-18 15:36:10,2026-03-18 15:37:09
6,Starved,2026-03-18 15:37:09,2026-03-18 15:37:19
7,Running,2026-03-18 15:32:27,2026-03-18 15:37:51
5,Running,2026-03-18 15:36:10,2026-03-18 15:38:09
5,Starved,2026-03-18 15:38:09,2026-03-18 15:38:12
5,Running,2026-03-18 15:38:12,2026-03-18 15:39:11
5,Starved,2026-03-18 15:39:11,2026-03-18 15:39:16
5,Running,2026-03-18 15:39:16,2026-03-18 15:40:13
5,Starved,2026-03-18 15:40:13,2026-03-18 15:40:32
9,Running,2026-03-18 14:43:22,2026-03-18 15:40:48
8,Down,2026-03-18 15:36:49,2026-03-18 15:41:10
7,Blocked,2026-03-18 15:37:51,2026-03-18 15:41:10
5,Running,2026-03-18 15:40:32,2026-03-18 15:41:23
5,Starved,2026-03-18 15:41:23,2026-03-18 15:41:39
9,Starved,2026-03-18 15:40:48,2026-03-18 15:42:04
7,Running,2026-03-18 15:41:10,2026-03-18 15:43:05
9,Running,2026-03-18 15:42:04,2026-03-18 15:43:05
9,Starved,2026-03-18 15:43:05,2026-03-18 15:43:09
7,Blocked,2026-03-18 15:43:05,2026-03-18 15:43:09
5,Running,2026-03-18 15:41:39,2026-03-18 15:43:38
5,Starved,2026-03-18 15:43:38,2026-03-18 15:43:52
6,Running,2026-03-18 15:37:19,2026-03-18 15:44:42
5,Running,2026-03-18 15:43:52,2026-03-18 15:44:57
6,Starved,2026-03-18 15:44:42,2026-03-18 15:44:57
3,Running,2026-03-18 15:35:59,2026-03-18 15:45:04
5,Starved,2026-03-18 15:44:57,2026-03-18 15:45:12
5,Running,2026-03-18 15:45:12,2026-03-18 15:46:05
5,Starved,2026-03-18 15:46:05,2026-03-18 15:46:44
6,Running,2026-03-18 15:44:57,2026-03-18 15:46:57
2,Running,2026-03-18 15:15:27,2026-03-18 15:47:02
1,Running,2026-03-18 15:18:29,2026-03-18 15:47:35
5,Running,2026-03-18 15:46:44,2026-03-18 15:47:38
6,Starved,2026-03-18 15:46:57,2026-03-18 15:47:38
4,Running,2026-03-18 15:26:59,2026-03-18 15:47:48
5,Starved,2026-03-18 15:47:38,2026-03-18 15:47:48
6,Running,2026-03-18 15:47:38,2026-03-18 15:48:37
5,Running,2026-03-18 15:47:48,2026-03-18 15:48:47
6,Starved,2026-03-18 15:48:37,2026-03-18 15:48:47
2,Down,2026-03-18 15:47:02,2026-03-18 15:49:36
1,Blocked,2026-03-18 15:47:35,2026-03-18 15:49:36
6,Running,2026-03-18 15:48:47,2026-03-18 15:49:51
3,Down,2026-03-18 15:45:04,2026-03-18 15:52:06
4,Starved,2026-03-18 15:47:48,2026-03-18 15:53:12
1,Running,2026-03-18 15:49:36,2026-03-18 15:53:39
1,Blocked,2026-03-18 15:53:39,2026-03-18 15:53:40
8,Running,2026-03-18 15:41:10,2026-03-18 15:53:40
5,Starved,2026-03-18 15:48:47,2026-03-18 15:54:09
1,Running,2026-03-18 15:53:40,2026-03-18 15:54:32
1,Blocked,2026-03-18 15:54:32,2026-03-18 15:54:36
7,Running,2026-03-18 15:43:09,2026-03-18 15:55:00
5,Running,2026-03-18 15:54:09,2026-03-18 15:55:01
6,Starved,2026-03-18 15:49:51,2026-03-18 15:55:01
8,Down,2026-03-18 15:53:40,2026-03-18 15:55:23
7,Blocked,2026-03-18 15:55:00,2026-03-18 15:55:23
5,Starved,2026-03-18 15:55:01,2026-03-18 15:55:25
1,Running,2026-03-18 15:54:36,2026-03-18 15:55:27
1,Blocked,2026-03-18 15:55:27,2026-03-18 15:55:35
9,Running,2026-03-18 15:43:09,2026-03-18 15:55:58
6,Running,2026-03-18 15:55:01,2026-03-18 15:56:02
7,Running,2026-03-18 15:55:23,2026-03-18 15:56:19
5,Running,2026-03-18 15:55:25,2026-03-18 15:56:20
6,Starved,2026-03-18 15:56:02,2026-03-18 15:56:20
5,Starved,2026-03-18 15:56:20,2026-03-18 15:56:23
9,Starved,2026-03-18 15:55:58,2026-03-18 15:56:24
7,Blocked,2026-03-18 15:56:19,2026-03-18 15:56:24
7,Running,2026-03-18 15:56:24,2026-03-18 15:57:12
6,Running,2026-03-18 15:56:20,2026-03-18 15:57:18
9,Running,2026-03-18 15:56:24,2026-03-18 15:57:28
9,Starved,2026-03-18 15:57:28,2026-03-18 15:57:31
7,Blocked,2026-03-18 15:57:12,2026-03-18 15:57:31
6,Starved,2026-03-18 15:57:18,2026-03-18 15:57:31
6,Running,2026-03-18 15:57:31,2026-03-18 15:58:26
6,Starved,2026-03-18 15:58:26,2026-03-18 15:58:31
7,Running,2026-03-18 15:57:31,2026-03-18 15:58:34
3,Running,2026-03-18 15:52:06,2026-03-18 15:58:38
3,Down,2026-03-18 15:58:38,2026-03-18 15:59:18
9,Running,2026-03-18 15:57:31,2026-03-18 16:00:32
9,Starved,2026-03-18 16:00:32,2026-03-18 16:00:35
9,Running,2026-03-18 16:00:35,2026-03-18 16:01:28
9,Starved,2026-03-18 16:01:28,2026-03-18 16:01:34
6,Running,2026-03-18 15:58:31,2026-03-18 16:01:36
6,Starved,2026-03-18 16:01:36,2026-03-18 16:01:37
9,Running,2026-03-18 16:01:34,2026-03-18 16:02:38
9,Starved,2026-03-18 16:02:38,2026-03-18 16:02:41
6,Running,2026-03-18 16:01:37,2026-03-18 16:02:42
6,Starved,2026-03-18 16:02:42,2026-03-18 16:02:43
6,Running,2026-03-18 16:02:43,2026-03-18 16:03:36
9,Running,2026-03-18 16:02:41,2026-03-18 16:03:39
6,Starved,2026-03-18 16:03:36,2026-03-18 16:03:42
9,Starved,2026-03-18 16:03:39,2026-03-18 16:03:44
7,Down,2026-03-18 15:58:34,2026-03-18 16:03:52
9,Running,2026-03-18 16:03:44,2026-03-18 16:04:41
6,Running,2026-03-18 16:03:42,2026-03-18 16:04:41
9,Starved,2026-03-18 16:04:41,2026-03-18 16:04:44
6,Starved,2026-03-18 16:04:41,2026-03-18 16:04:50
6,Running,2026-03-18 16:04:50,2026-03-18 16:05:47
6,Starved,2026-03-18 16:05:47,2026-03-18 16:05:50
6,Running,2026-03-18 16:05:50,2026-03-18 16:06:48
6,Starved,2026-03-18 16:06:48,2026-03-18 16:06:50
9,Running,2026-03-18 16:04:44,2026-03-18 16:06:50
8,Running,2026-03-18 15:55:23,2026-03-18 16:06:59
9,Starved,2026-03-18 16:06:50,2026-03-18 16:06:59
9,Running,2026-03-18 16:06:59,2026-03-18 16:08:24
10,Running,2026-03-18 15:10:04,2026-03-18 16:09:41
5,Running,2026-03-18 15:56:23,2026-03-18 16:12:01
5,Starved,2026-03-18 16:12:01,2026-03-18 16:12:04
8,Down,2026-03-18 16:06:59,2026-03-18 16:12:06
5,Running,2026-03-18 16:12:04,2026-03-18 16:13:06
9,Starved,2026-03-18 16:08:24,2026-03-18 16:13:09
5,Starved,2026-03-18 16:13:06,2026-03-18 16:13:14
9,Running,2026-03-18 16:13:09,2026-03-18 16:14:02
10,Starved,2026-03-18 16:09:41,2026-03-18 16:14:02
9,Starved,2026-03-18 16:14:02,2026-03-18 16:14:16
5,Running,2026-03-18 16:13:14,2026-03-18 16:14:22
5,Starved,2026-03-18 16:14:22,2026-03-18 16:14:31
10,Running,2026-03-18 16:14:02,2026-03-18 16:15:03
6,Running,2026-03-18 16:06:50,2026-03-18 16:15:27
6,Starved,2026-03-18 16:15:27,2026-03-18 16:15:38
11,Running,2026-03-18 15:24:26,2026-03-18 16:17:23
6,Running,2026-03-18 16:15:38,2026-03-18 16:17:28
6,Starved,2026-03-18 16:17:28,2026-03-18 16:17:37
9,Running,2026-03-18 16:14:16,2026-03-18 16:18:08
9,Starved,2026-03-18 16:18:08,2026-03-18 16:18:16
5,Running,2026-03-18 16:14:31,2026-03-18 16:19:33
5,Starved,2026-03-18 16:19:33,2026-03-18 16:19:42
12,Running,2026-03-18 15:27:20,2026-03-18 16:20:23
6,Running,2026-03-18 16:17:37,2026-03-18 16:20:46
6,Starved,2026-03-18 16:20:46,2026-03-18 16:20:58
6,Running,2026-03-18 16:20:58,2026-03-18 16:21:58
6,Starved,2026-03-18 16:21:58,2026-03-18 16:22:07
10,Down,2026-03-18 16:15:03,2026-03-18 16:22:50
6,Running,2026-03-18 16:22:07,2026-03-18 16:23:06
5,Running,2026-03-18 16:19:42,2026-03-18 16:23:08
6,Starved,2026-03-18 16:23:06,2026-03-18 16:23:08
5,Starved,2026-03-18 16:23:08,2026-03-18 16:23:15
11,Starved,2026-03-18 16:17:23,2026-03-18 16:23:56
5,Running,2026-03-18 16:23:15,2026-03-18 16:24:15
5,Starved,2026-03-18 16:24:15,2026-03-18 16:24:22
11,Running,2026-03-18 16:23:56,2026-03-18 16:24:44
12,Starved,2026-03-18 16:20:23,2026-03-18 16:24:44
11,Starved,2026-03-18 16:24:44,2026-03-18 16:24:56
13,Running,2026-03-18 15:32:54,2026-03-18 16:25:11
5,Running,2026-03-18 16:24:22,2026-03-18 16:25:14
5,Starved,2026-03-18 16:25:14,2026-03-18 16:25:23
12,Running,2026-03-18 16:24:44,2026-03-18 16:25:41
13,Starved,2026-03-18 16:25:11,2026-03-18 16:25:41
11,Running,2026-03-18 16:24:56,2026-03-18 16:25:48
12,Starved,2026-03-18 16:25:41,2026-03-18 16:25:48
11,Starved,2026-03-18 16:25:48,2026-03-18 16:25:55
6,Running,2026-03-18 16:23:08,2026-03-18 16:26:12
5,Running,2026-03-18 16:25:23,2026-03-18 16:26:25
6,Starved,2026-03-18 16:26:12,2026-03-18 16:26:25
5,Starved,2026-03-18 16:26:25,2026-03-18 16:26:34
13,Running,2026-03-18 16:25:41,2026-03-18 16:26:40
12,Running,2026-03-18 16:25:48,2026-03-18 16:26:47
13,Starved,2026-03-18 16:26:40,2026-03-18 16:26:47
12,Starved,2026-03-18 16:26:47,2026-03-18 16:27:03
6,Running,2026-03-18 16:26:25,2026-03-18 16:27:21
5,Running,2026-03-18 16:26:34,2026-03-18 16:27:34
6,Starved,2026-03-18 16:27:21,2026-03-18 16:27:34
5,Starved,2026-03-18 16:27:34,2026-03-18 16:27:34
13,Running,2026-03-18 16:26:47,2026-03-18 16:27:46
12,Running,2026-03-18 16:27:03,2026-03-18 16:27:58
13,Starved,2026-03-18 16:27:46,2026-03-18 16:27:58
12,Starved,2026-03-18 16:27:58,2026-03-18 16:28:09
6,Running,2026-03-18 16:27:34,2026-03-18 16:28:26
5,Running,2026-03-18 16:27:34,2026-03-18 16:28:34
6,Starved,2026-03-18 16:28:26,2026-03-18 16:28:34
5,Starved,2026-03-18 16:28:34,2026-03-18 16:28:36
13,Running,2026-03-18 16:27:58,2026-03-18 16:29:01
12,Running,2026-03-18 16:28:09,2026-03-18 16:29:03
13,Starved,2026-03-18 16:29:01,2026-03-18 16:29:03
12,Starved,2026-03-18 16:29:03,2026-03-18 16:29:18
6,Running,2026-03-18 16:28:34,2026-03-18 16:29:30
5,Running,2026-03-18 16:28:36,2026-03-18 16:29:35
6,Starved,2026-03-18 16:29:30,2026-03-18 16:29:35
5,Starved,2026-03-18 16:29:35,2026-03-18 16:30:02
13,Running,2026-03-18 16:29:03,2026-03-18 16:30:12
12,Running,2026-03-18 16:29:18,2026-03-18 16:30:17
13,Starved,2026-03-18 16:30:12,2026-03-18 16:30:17
12,Starved,2026-03-18 16:30:17,2026-03-18 16:30:21
6,Running,2026-03-18 16:29:35,2026-03-18 16:30:27
5,Running,2026-03-18 16:30:02,2026-03-18 16:31:00
6,Starved,2026-03-18 16:30:27,2026-03-18 16:31:00
5,Starved,2026-03-18 16:31:00,2026-03-18 16:31:11
13,Running,2026-03-18 16:30:17,2026-03-18 16:31:14
8,Running,2026-03-18 16:12:06,2026-03-18 16:31:17
12,Running,2026-03-18 16:30:21,2026-03-18 16:31:27
13,Starved,2026-03-18 16:31:14,2026-03-18 16:31:27
12,Starved,2026-03-18 16:31:27,2026-03-18 16:31:31
6,Running,2026-03-18 16:31:00,2026-03-18 16:31:56
5,Running,2026-03-18 16:31:11,2026-03-18 16:32:09
6,Starved,2026-03-18 16:31:56,2026-03-18 16:32:09
13,Running,2026-03-18 16:31:27,2026-03-18 16:32:22
8,Down,2026-03-18 16:31:17,2026-03-18 16:32:23
5,Starved,2026-03-18 16:32:09,2026-03-18 16:32:31
12,Running,2026-03-18 16:31:31,2026-03-18 16:32:33
13,Starved,2026-03-18 16:32:22,2026-03-18 16:32:33
12,Starved,2026-03-18 16:32:33,2026-03-18 16:32:38
6,Running,2026-03-18 16:32:09,2026-03-18 16:32:59
13,Running,2026-03-18 16:32:33,2026-03-18 16:33:31
6,Starved,2026-03-18 16:32:59,2026-03-18 16:33:33
13,Starved,2026-03-18 16:33:31,2026-03-18 16:33:48
6,Running,2026-03-18 16:33:33,2026-03-18 16:34:32
5,Running,2026-03-18 16:32:31,2026-03-18 16:34:36
6,Starved,2026-03-18 16:34:32,2026-03-18 16:34:36
12,Running,2026-03-18 16:32:38,2026-03-18 16:34:40
12,Starved,2026-03-18 16:34:40,2026-03-18 16:34:50
5,Starved,2026-03-18 16:34:36,2026-03-18 16:34:50
6,Running,2026-03-18 16:34:36,2026-03-18 16:35:35
13,Running,2026-03-18 16:33:48,2026-03-18 16:35:46
13,Starved,2026-03-18 16:35:46,2026-03-18 16:35:51
5,Running,2026-03-18 16:34:50,2026-03-18 16:35:54
6,Starved,2026-03-18 16:35:35,2026-03-18 16:35:54
5,Starved,2026-03-18 16:35:54,2026-03-18 16:36:08
13,Running,2026-03-18 16:35:51,2026-03-18 16:36:47
6,Running,2026-03-18 16:35:54,2026-03-18 16:36:57
13,Starved,2026-03-18 16:36:47,2026-03-18 16:36:57
5,Running,2026-03-18 16:36:08,2026-03-18 16:37:06
6,Starved,2026-03-18 16:36:57,2026-03-18 16:37:06
5,Starved,2026-03-18 16:37:06,2026-03-18 16:37:13
13,Running,2026-03-18 16:36:57,2026-03-18 16:37:58
6,Running,2026-03-18 16:37:06,2026-03-18 16:37:59
13,Starved,2026-03-18 16:37:58,2026-03-18 16:38:12
5,Running,2026-03-18 16:37:13,2026-03-18 16:38:14
6,Starved,2026-03-18 16:37:59,2026-03-18 16:38:14
5,Starved,2026-03-18 16:38:14,2026-03-18 16:38:18
6,Running,2026-03-18 16:38:14,2026-03-18 16:39:17
6,Starved,2026-03-18 16:39:17,2026-03-18 16:39:21
6,Running,2026-03-18 16:39:21,2026-03-18 16:40:13
6,Starved,2026-03-18 16:40:13,2026-03-18 16:40:25
5,Running,2026-03-18 16:38:18,2026-03-18 16:42:12
13,Running,2026-03-18 16:38:12,2026-03-18 16:42:13
13,Starved,2026-03-18 16:42:13,2026-03-18 16:42:15
5,Starved,2026-03-18 16:42:12,2026-03-18 16:42:28
13,Running,2026-03-18 16:42:15,2026-03-18 16:43:15
13,Starved,2026-03-18 16:43:15,2026-03-18 16:43:18
5,Running,2026-03-18 16:42:28,2026-03-18 16:44:15
13,Running,2026-03-18 16:43:18,2026-03-18 16:44:17
13,Starved,2026-03-18 16:44:17,2026-03-18 16:44:25
5,Starved,2026-03-18 16:44:15,2026-03-18 16:44:34
13,Running,2026-03-18 16:44:25,2026-03-18 16:45:25
13,Starved,2026-03-18 16:45:25,2026-03-18 16:45:25
13,Running,2026-03-18 16:45:25,2026-03-18 16:46:24
13,Down,2026-03-18 16:46:24,2026-03-18 16:47:33
5,Running,2026-03-18 16:44:34,2026-03-18 16:47:34
5,Starved,2026-03-18 16:47:34,2026-03-18 16:48:00
6,Running,2026-03-18 16:40:25,2026-03-18 16:48:50
5,Running,2026-03-18 16:48:00,2026-03-18 16:49:00
6,Starved,2026-03-18 16:48:50,2026-03-18 16:49:00
5,Starved,2026-03-18 16:49:00,2026-03-18 16:49:14
6,Running,2026-03-18 16:49:00,2026-03-18 16:50:01
5,Running,2026-03-18 16:49:14,2026-03-18 16:50:02
6,Starved,2026-03-18 16:50:01,2026-03-18 16:50:02
5,Starved,2026-03-18 16:50:02,2026-03-18 16:50:36
6,Running,2026-03-18 16:50:02,2026-03-18 16:50:51
6,Starved,2026-03-18 16:50:51,2026-03-18 16:51:40
5,Running,2026-03-18 16:50:36,2026-03-18 16:52:43
5,Starved,2026-03-18 16:52:43,2026-03-18 16:52:53
2,Running,2026-03-18 15:49:36,2026-03-18 16:52:56
1,Running,2026-03-18 15:55:35,2026-03-18 16:53:26
6,Running,2026-03-18 16:51:40,2026-03-18 16:53:34
5,Running,2026-03-18 16:52:53,2026-03-18 16:53:54
6,Starved,2026-03-18 16:53:34,2026-03-18 16:53:54
5,Starved,2026-03-18 16:53:54,2026-03-18 16:54:07
6,Running,2026-03-18 16:53:54,2026-03-18 16:55:04
5,Running,2026-03-18 16:54:07,2026-03-18 16:55:07
6,Starved,2026-03-18 16:55:04,2026-03-18 16:55:07
5,Starved,2026-03-18 16:55:07,2026-03-18 16:55:17
6,Running,2026-03-18 16:55:07,2026-03-18 16:56:02
5,Running,2026-03-18 16:55:17,2026-03-18 16:56:16
6,Starved,2026-03-18 16:56:02,2026-03-18 16:56:16
5,Starved,2026-03-18 16:56:16,2026-03-18 16:56:17
6,Running,2026-03-18 16:56:16,2026-03-18 16:57:07
5,Running,2026-03-18 16:56:17,2026-03-18 16:57:21
6,Starved,2026-03-18 16:57:07,2026-03-18 16:57:21
5,Starved,2026-03-18 16:57:21,2026-03-18 16:57:21
5,Running,2026-03-18 16:57:21,2026-03-18 16:58:17
5,Starved,2026-03-18 16:58:17,2026-03-18 16:58:27
7,Running,2026-03-18 16:03:52,2026-03-18 17:00:37
5,Running,2026-03-18 16:58:27,2026-03-18 17:01:14
5,Starved,2026-03-18 17:01:14,2026-03-18 17:01:15
6,Running,2026-03-18 16:57:21,2026-03-18 17:02:13
5,Running,2026-03-18 17:01:15,2026-03-18 17:02:18
6,Starved,2026-03-18 17:02:13,2026-03-18 17:02:18
5,Starved,2026-03-18 17:02:18,2026-03-18 17:02:34
3,Running,2026-03-18 15:59:18,2026-03-18 17:02:46
6,Running,2026-03-18 17:02:18,2026-03-18 17:03:17
5,Running,2026-03-18 17:02:34,2026-03-18 17:03:26
6,Starved,2026-03-18 17:03:17,2026-03-18 17:03:26
5,Starved,2026-03-18 17:03:26,2026-03-18 17:03:36
6,Running,2026-03-18 17:03:26,2026-03-18 17:04:21
5,Running,2026-03-18 17:03:36,2026-03-18 17:04:33
6,Starved,2026-03-18 17:04:21,2026-03-18 17:04:33
5,Starved,2026-03-18 17:04:33,2026-03-18 17:04:51
6,Running,2026-03-18 17:04:33,2026-03-18 17:05:33
6,Starved,2026-03-18 17:05:33,2026-03-18 17:05:55
7,Down,2026-03-18 17:00:37,2026-03-18 17:07:18
5,Running,2026-03-18 17:04:51,2026-03-18 17:07:46
4,Running,2026-03-18 15:53:12,2026-03-18 17:07:48
5,Starved,2026-03-18 17:07:46,2026-03-18 17:07:48
5,Running,2026-03-18 17:07:48,2026-03-18 17:08:50
6,Running,2026-03-18 17:05:55,2026-03-18 17:09:58
2,Down,2026-03-18 16:52:56,2026-03-18 17:11:27
1,Blocked,2026-03-18 16:53:26,2026-03-18 17:11:27
1,Down,2026-03-18 17:11:27,2026-03-18 17:11:51
3,Starved,2026-03-18 17:02:46,2026-03-18 17:12:31
3,Running,2026-03-18 17:12:31,2026-03-18 17:13:24
3,Starved,2026-03-18 17:13:24,2026-03-18 17:13:27
3,Running,2026-03-18 17:13:27,2026-03-18 17:17:16
3,Starved,2026-03-18 17:17:16,2026-03-18 17:17:32
3,Running,2026-03-18 17:17:32,2026-03-18 17:18:27
3,Starved,2026-03-18 17:18:27,2026-03-18 17:18:36
4,Down,2026-03-18 17:07:48,2026-03-18 17:19:12
5,Starved,2026-03-18 17:08:50,2026-03-18 17:20:23
12,Running,2026-03-18 16:34:50,2026-03-18 17:21:07
12,Starved,2026-03-18 17:21:07,2026-03-18 17:21:12
5,Running,2026-03-18 17:20:23,2026-03-18 17:21:18
6,Starved,2026-03-18 17:09:58,2026-03-18 17:21:18
5,Starved,2026-03-18 17:21:18,2026-03-18 17:21:19
1,Running,2026-03-18 17:11:51,2026-03-18 17:21:37
1,Blocked,2026-03-18 17:21:37,2026-03-18 17:21:42
12,Running,2026-03-18 17:21:12,2026-03-18 17:22:10
12,Starved,2026-03-18 17:22:10,2026-03-18 17:22:11
5,Running,2026-03-18 17:21:19,2026-03-18 17:22:16
5,Starved,2026-03-18 17:22:16,2026-03-18 17:22:22
6,Running,2026-03-18 17:21:18,2026-03-18 17:23:19
5,Running,2026-03-18 17:22:22,2026-03-18 17:23:22
6,Starved,2026-03-18 17:23:19,2026-03-18 17:23:22
5,Starved,2026-03-18 17:23:22,2026-03-18 17:23:50
12,Running,2026-03-18 17:22:11,2026-03-18 17:24:04
12,Starved,2026-03-18 17:24:04,2026-03-18 17:24:16
6,Running,2026-03-18 17:23:22,2026-03-18 17:24:29
5,Running,2026-03-18 17:23:50,2026-03-18 17:24:52
6,Starved,2026-03-18 17:24:29,2026-03-18 17:24:52
5,Starved,2026-03-18 17:24:52,2026-03-18 17:25:00
12,Running,2026-03-18 17:24:16,2026-03-18 17:25:12
12,Starved,2026-03-18 17:25:12,2026-03-18 17:25:19
6,Running,2026-03-18 17:24:52,2026-03-18 17:25:46
6,Starved,2026-03-18 17:25:46,2026-03-18 17:26:11
6,Running,2026-03-18 17:26:11,2026-03-18 17:27:04
5,Running,2026-03-18 17:25:00,2026-03-18 17:27:07
6,Starved,2026-03-18 17:27:04,2026-03-18 17:27:07
3,Running,2026-03-18 17:18:36,2026-03-18 17:27:13
5,Starved,2026-03-18 17:27:07,2026-03-18 17:27:17
3,Blocked,2026-03-18 17:27:13,2026-03-18 17:27:17
13,Running,2026-03-18 16:47:33,2026-03-18 17:27:55
6,Running,2026-03-18 17:27:07,2026-03-18 17:28:06
6,Starved,2026-03-18 17:28:06,2026-03-18 17:28:19
12,Running,2026-03-18 17:25:19,2026-03-18 17:28:22
12,Starved,2026-03-18 17:28:22,2026-03-18 17:28:30
6,Running,2026-03-18 17:28:19,2026-03-18 17:29:17
6,Starved,2026-03-18 17:29:17,2026-03-18 17:29:23
5,Running,2026-03-18 17:27:17,2026-03-18 17:31:20
5,Starved,2026-03-18 17:31:20,2026-03-18 17:31:24
1,Running,2026-03-18 17:21:42,2026-03-18 17:31:39
1,Blocked,2026-03-18 17:31:39,2026-03-18 17:31:46
5,Running,2026-03-18 17:31:24,2026-03-18 17:32:19
3,Running,2026-03-18 17:27:17,2026-03-18 17:32:30
5,Starved,2026-03-18 17:32:19,2026-03-18 17:32:33
3,Blocked,2026-03-18 17:32:30,2026-03-18 17:32:33
1,Running,2026-03-18 17:31:46,2026-03-18 17:32:48
1,Blocked,2026-03-18 17:32:48,2026-03-18 17:32:54
7,Running,2026-03-18 17:07:18,2026-03-18 17:33:03
6,Running,2026-03-18 17:29:23,2026-03-18 17:33:22
3,Running,2026-03-18 17:32:33,2026-03-18 17:33:26
13,Down,2026-03-18 17:27:55,2026-03-18 17:33:33
5,Running,2026-03-18 17:32:33,2026-03-18 17:33:33
6,Starved,2026-03-18 17:33:22,2026-03-18 17:33:33
5,Starved,2026-03-18 17:33:33,2026-03-18 17:33:46
3,Blocked,2026-03-18 17:33:26,2026-03-18 17:33:46
1,Running,2026-03-18 17:32:54,2026-03-18 17:33:54
1,Blocked,2026-03-18 17:33:54,2026-03-18 17:33:55
7,Down,2026-03-18 17:33:03,2026-03-18 17:33:57
6,Running,2026-03-18 17:33:33,2026-03-18 17:34:45
6,Starved,2026-03-18 17:34:45,2026-03-18 17:34:47
5,Running,2026-03-18 17:33:46,2026-03-18 17:37:41
5,Starved,2026-03-18 17:37:41,2026-03-18 17:37:45
8,Running,2026-03-18 16:32:23,2026-03-18 17:38:16
8,Starved,2026-03-18 17:38:16,2026-03-18 17:38:19
6,Running,2026-03-18 17:34:47,2026-03-18 17:38:39
3,Running,2026-03-18 17:33:46,2026-03-18 17:38:52
3,Blocked,2026-03-18 17:38:52,2026-03-18 17:38:54
6,Starved,2026-03-18 17:38:39,2026-03-18 17:38:56
8,Running,2026-03-18 17:38:19,2026-03-18 17:39:16
1,Running,2026-03-18 17:33:55,2026-03-18 17:39:41
1,Blocked,2026-03-18 17:39:41,2026-03-18 17:39:43
8,Starved,2026-03-18 17:39:16,2026-03-18 17:39:53
5,Running,2026-03-18 17:37:45,2026-03-18 17:39:54
3,Running,2026-03-18 17:38:54,2026-03-18 17:39:55
5,Starved,2026-03-18 17:39:54,2026-03-18 17:40:08
3,Blocked,2026-03-18 17:39:55,2026-03-18 17:40:08
1,Running,2026-03-18 17:39:43,2026-03-18 17:40:39
1,Blocked,2026-03-18 17:40:39,2026-03-18 17:40:51
6,Running,2026-03-18 17:38:56,2026-03-18 17:40:53
8,Running,2026-03-18 17:39:53,2026-03-18 17:40:55
8,Starved,2026-03-18 17:40:55,2026-03-18 17:40:57
3,Running,2026-03-18 17:40:08,2026-03-18 17:41:15
5,Running,2026-03-18 17:40:08,2026-03-18 17:41:16
6,Starved,2026-03-18 17:40:53,2026-03-18 17:41:16
5,Starved,2026-03-18 17:41:16,2026-03-18 17:41:21
3,Blocked,2026-03-18 17:41:15,2026-03-18 17:41:21
8,Running,2026-03-18 17:40:57,2026-03-18 17:42:05
6,Running,2026-03-18 17:41:16,2026-03-18 17:42:15
5,Running,2026-03-18 17:41:21,2026-03-18 17:42:19
6,Starved,2026-03-18 17:42:15,2026-03-18 17:42:19
8,Starved,2026-03-18 17:42:05,2026-03-18 17:42:22
5,Starved,2026-03-18 17:42:19,2026-03-18 17:42:27
6,Running,2026-03-18 17:42:19,2026-03-18 17:43:14
8,Running,2026-03-18 17:42:22,2026-03-18 17:43:26
6,Starved,2026-03-18 17:43:14,2026-03-18 17:43:28
8,Starved,2026-03-18 17:43:26,2026-03-18 17:43:31
3,Running,2026-03-18 17:41:21,2026-03-18 17:44:23
8,Running,2026-03-18 17:43:31,2026-03-18 17:44:24
6,Running,2026-03-18 17:43:28,2026-03-18 17:44:27
5,Running,2026-03-18 17:42:27,2026-03-18 17:44:31
6,Starved,2026-03-18 17:44:27,2026-03-18 17:44:31
5,Starved,2026-03-18 17:44:31,2026-03-18 17:44:32
3,Blocked,2026-03-18 17:44:23,2026-03-18 17:44:32
8,Starved,2026-03-18 17:44:24,2026-03-18 17:44:39
6,Running,2026-03-18 17:44:31,2026-03-18 17:45:27
5,Running,2026-03-18 17:44:32,2026-03-18 17:45:33
6,Starved,2026-03-18 17:45:27,2026-03-18 17:45:33
3,Running,2026-03-18 17:44:32,2026-03-18 17:45:35
5,Starved,2026-03-18 17:45:33,2026-03-18 17:45:58
3,Blocked,2026-03-18 17:45:35,2026-03-18 17:45:58
6,Running,2026-03-18 17:45:33,2026-03-18 17:46:37
12,Running,2026-03-18 17:28:30,2026-03-18 17:46:45
12,Starved,2026-03-18 17:46:45,2026-03-18 17:46:45
5,Running,2026-03-18 17:45:58,2026-03-18 17:46:53
6,Starved,2026-03-18 17:46:37,2026-03-18 17:46:53
3,Running,2026-03-18 17:45:58,2026-03-18 17:46:56
5,Starved,2026-03-18 17:46:53,2026-03-18 17:46:59
3,Blocked,2026-03-18 17:46:56,2026-03-18 17:46:59
8,Running,2026-03-18 17:44:39,2026-03-18 17:47:35
8,Starved,2026-03-18 17:47:35,2026-03-18 17:47:41
6,Running,2026-03-18 17:46:53,2026-03-18 17:47:47
5,Running,2026-03-18 17:46:59,2026-03-18 17:48:00
6,Starved,2026-03-18 17:47:47,2026-03-18 17:48:00
5,Starved,2026-03-18 17:48:00,2026-03-18 17:48:01
8,Running,2026-03-18 17:47:41,2026-03-18 17:48:45
1,Running,2026-03-18 17:40:51,2026-03-18 17:48:51
1,Blocked,2026-03-18 17:48:51,2026-03-18 17:48:52
8,Starved,2026-03-18 17:48:45,2026-03-18 17:48:53
6,Running,2026-03-18 17:48:00,2026-03-18 17:48:55
6,Starved,2026-03-18 17:48:55,2026-03-18 17:49:13
1,Running,2026-03-18 17:48:52,2026-03-18 17:49:46
8,Running,2026-03-18 17:48:53,2026-03-18 17:49:55
1,Blocked,2026-03-18 17:49:46,2026-03-18 17:49:59
8,Starved,2026-03-18 17:49:55,2026-03-18 17:49:59
6,Running,2026-03-18 17:49:13,2026-03-18 17:50:14
6,Starved,2026-03-18 17:50:14,2026-03-18 17:50:20
5,Running,2026-03-18 17:48:01,2026-03-18 17:52:59
5,Starved,2026-03-18 17:52:59,2026-03-18 17:53:01
3,Running,2026-03-18 17:46:59,2026-03-18 17:53:56
1,Running,2026-03-18 17:49:59,2026-03-18 17:54:02
1,Blocked,2026-03-18 17:54:02,2026-03-18 17:54:02
5,Running,2026-03-18 17:53:01,2026-03-18 17:54:08
5,Starved,2026-03-18 17:54:08,2026-03-18 17:54:20
3,Blocked,2026-03-18 17:53:56,2026-03-18 17:54:20
1,Running,2026-03-18 17:54:02,2026-03-18 17:55:01
1,Blocked,2026-03-18 17:55:01,2026-03-18 17:55:04
8,Running,2026-03-18 17:49:59,2026-03-18 17:55:08
3,Running,2026-03-18 17:54:20,2026-03-18 17:55:15
3,Blocked,2026-03-18 17:55:15,2026-03-18 17:55:15
8,Starved,2026-03-18 17:55:08,2026-03-18 17:55:15
9,Running,2026-03-18 16:18:16,2026-03-18 17:55:29
8,Running,2026-03-18 17:55:15,2026-03-18 17:56:13
5,Running,2026-03-18 17:54:20,2026-03-18 17:56:14
6,Running,2026-03-18 17:50:20,2026-03-18 17:56:16
13,Running,2026-03-18 17:33:33,2026-03-18 17:56:20
3,Running,2026-03-18 17:55:15,2026-03-18 17:56:20
8,Starved,2026-03-18 17:56:13,2026-03-18 17:56:21
5,Starved,2026-03-18 17:56:14,2026-03-18 17:56:24
3,Blocked,2026-03-18 17:56:20,2026-03-18 17:56:24
8,Running,2026-03-18 17:56:21,2026-03-18 17:57:15
5,Running,2026-03-18 17:56:24,2026-03-18 17:57:23
3,Running,2026-03-18 17:56:24,2026-03-18 17:57:29
5,Starved,2026-03-18 17:57:23,2026-03-18 17:57:30
3,Blocked,2026-03-18 17:57:29,2026-03-18 17:57:30
8,Starved,2026-03-18 17:57:15,2026-03-18 17:57:30
5,Running,2026-03-18 17:57:30,2026-03-18 17:58:20
5,Starved,2026-03-18 17:58:20,2026-03-18 17:58:32
10,Running,2026-03-18 16:22:50,2026-03-18 17:58:54
9,Down,2026-03-18 17:55:29,2026-03-18 17:59:11
8,Running,2026-03-18 17:57:30,2026-03-18 17:59:23
8,Starved,2026-03-18 17:59:23,2026-03-18 17:59:41
10,Starved,2026-03-18 17:58:54,2026-03-18 18:00:12
12,Running,2026-03-18 17:46:45,2026-03-18 18:00:21
5,Running,2026-03-18 17:58:32,2026-03-18 18:00:26
8,Running,2026-03-18 17:59:41,2026-03-18 18:00:40
5,Starved,2026-03-18 18:00:26,2026-03-18 18:00:41
8,Starved,2026-03-18 18:00:40,2026-03-18 18:01:03
10,Running,2026-03-18 18:00:12,2026-03-18 18:01:08
10,Starved,2026-03-18 18:01:08,2026-03-18 18:01:16
5,Running,2026-03-18 18:00:41,2026-03-18 18:01:38
3,Running,2026-03-18 17:57:30,2026-03-18 18:01:43
5,Starved,2026-03-18 18:01:38,2026-03-18 18:01:48
3,Blocked,2026-03-18 18:01:43,2026-03-18 18:01:48
8,Running,2026-03-18 18:01:03,2026-03-18 18:01:58
8,Starved,2026-03-18 18:01:58,2026-03-18 18:02:05
5,Running,2026-03-18 18:01:48,2026-03-18 18:02:40
3,Running,2026-03-18 18:01:48,2026-03-18 18:02:44
8,Running,2026-03-18 18:02:05,2026-03-18 18:02:54
5,Starved,2026-03-18 18:02:40,2026-03-18 18:03:10
3,Blocked,2026-03-18 18:02:44,2026-03-18 18:03:10
8,Starved,2026-03-18 18:02:54,2026-03-18 18:03:11
13,Down,2026-03-18 17:56:20,2026-03-18 18:03:30
12,Blocked,2026-03-18 18:00:21,2026-03-18 18:03:30
3,Running,2026-03-18 18:03:10,2026-03-18 18:04:01
5,Running,2026-03-18 18:03:10,2026-03-18 18:04:04
5,Starved,2026-03-18 18:04:04,2026-03-18 18:04:17
3,Blocked,2026-03-18 18:04:01,2026-03-18 18:04:17
5,Running,2026-03-18 18:04:17,2026-03-18 18:05:11
3,Running,2026-03-18 18:04:17,2026-03-18 18:05:21
5,Starved,2026-03-18 18:05:11,2026-03-18 18:05:33
3,Blocked,2026-03-18 18:05:21,2026-03-18 18:05:33
8,Running,2026-03-18 18:03:11,2026-03-18 18:06:22
8,Starved,2026-03-18 18:06:22,2026-03-18 18:06:24
5,Running,2026-03-18 18:05:33,2026-03-18 18:06:29
5,Starved,2026-03-18 18:06:29,2026-03-18 18:06:37
3,Running,2026-03-18 18:05:33,2026-03-18 18:07:30
5,Running,2026-03-18 18:06:37,2026-03-18 18:07:39
12,Running,2026-03-18 18:03:30,2026-03-18 18:07:43
5,Starved,2026-03-18 18:07:39,2026-03-18 18:07:44
3,Blocked,2026-03-18 18:07:30,2026-03-18 18:07:44
12,Blocked,2026-03-18 18:07:43,2026-03-18 18:07:50
8,Running,2026-03-18 18:06:24,2026-03-18 18:08:23
8,Starved,2026-03-18 18:08:23,2026-03-18 18:08:25
12,Running,2026-03-18 18:07:50,2026-03-18 18:08:41
5,Running,2026-03-18 18:07:44,2026-03-18 18:08:44
5,Starved,2026-03-18 18:08:44,2026-03-18 18:08:46
12,Blocked,2026-03-18 18:08:41,2026-03-18 18:08:50
8,Running,2026-03-18 18:08:25,2026-03-18 18:09:31
7,Running,2026-03-18 17:33:57,2026-03-18 18:09:56
8,Starved,2026-03-18 18:09:31,2026-03-18 18:09:56
5,Running,2026-03-18 18:08:46,2026-03-18 18:10:32
5,Starved,2026-03-18 18:10:32,2026-03-18 18:10:46
12,Running,2026-03-18 18:08:50,2026-03-18 18:10:52
12,Blocked,2026-03-18 18:10:52,2026-03-18 18:10:53
8,Running,2026-03-18 18:09:56,2026-03-18 18:11:04
3,Running,2026-03-18 18:07:44,2026-03-18 18:11:46
3,Blocked,2026-03-18 18:11:46,2026-03-18 18:11:47
5,Running,2026-03-18 18:10:46,2026-03-18 18:13:00
7,Down,2026-03-18 18:09:56,2026-03-18 18:13:00
3,Running,2026-03-18 18:11:47,2026-03-18 18:15:40
3,Blocked,2026-03-18 18:15:40,2026-03-18 18:15:52
10,Running,2026-03-18 18:01:16,2026-03-18 18:16:23
9,Running,2026-03-18 17:59:11,2026-03-18 18:16:26
10,Starved,2026-03-18 18:16:23,2026-03-18 18:16:26
3,Running,2026-03-18 18:15:52,2026-03-18 18:16:47
3,Blocked,2026-03-18 18:16:47,2026-03-18 18:17:22
10,Running,2026-03-18 18:16:26,2026-03-18 18:17:28
12,Running,2026-03-18 18:10:53,2026-03-18 18:18:05
12,Blocked,2026-03-18 18:18:05,2026-03-18 18:18:07
3,Running,2026-03-18 18:17:22,2026-03-18 18:19:14
3,Blocked,2026-03-18 18:19:14,2026-03-18 18:19:18
11,Running,2026-03-18 16:25:55,2026-03-18 18:19:53
3,Running,2026-03-18 18:19:18,2026-03-18 18:20:10
3,Blocked,2026-03-18 18:20:10,2026-03-18 18:20:34
2,Running,2026-03-18 17:11:27,2026-03-18 18:21:55
1,Running,2026-03-18 17:55:04,2026-03-18 18:22:32
12,Running,2026-03-18 18:18:07,2026-03-18 18:24:02
12,Blocked,2026-03-18 18:24:02,2026-03-18 18:24:02
12,Running,2026-03-18 18:24:02,2026-03-18 18:25:01
12,Blocked,2026-03-18 18:25:01,2026-03-18 18:25:07
3,Running,2026-03-18 18:20:34,2026-03-18 18:27:36
4,Running,2026-03-18 17:19:12,2026-03-18 18:27:48
2,Down,2026-03-18 18:21:55,2026-03-18 18:28:22
1,Blocked,2026-03-18 18:22:32,2026-03-18 18:28:22
6,Down,2026-03-18 17:56:16,2026-03-18 18:28:23
5,Blocked,2026-03-18 18:13:00,2026-03-18 18:28:23
4,Blocked,2026-03-18 18:27:48,2026-03-18 18:28:23
3,Blocked,2026-03-18 18:27:36,2026-03-18 18:28:23
3,Starved,2026-03-18 18:28:23,2026-03-18 18:29:25
4,Running,2026-03-18 18:28:23,2026-03-18 18:29:26
5,Running,2026-03-18 18:28:23,2026-03-18 18:29:28
7,Starved,2026-03-18 18:13:00,2026-03-18 18:29:29
5,Blocked,2026-03-18 18:29:28,2026-03-18 18:29:29
4,Blocked,2026-03-18 18:29:26,2026-03-18 18:29:29
5,Running,2026-03-18 18:29:29,2026-03-18 18:30:26
1,Running,2026-03-18 18:28:22,2026-03-18 18:30:29
3,Running,2026-03-18 18:29:25,2026-03-18 18:30:30
7,Running,2026-03-18 18:29:29,2026-03-18 18:30:32
8,Starved,2026-03-18 18:11:04,2026-03-18 18:30:32
3,Starved,2026-03-18 18:30:30,2026-03-18 18:30:35
1,Blocked,2026-03-18 18:30:29,2026-03-18 18:30:35
5,Blocked,2026-03-18 18:30:26,2026-03-18 18:30:40
1,Running,2026-03-18 18:30:35,2026-03-18 18:31:24
1,Blocked,2026-03-18 18:31:24,2026-03-18 18:31:27
8,Running,2026-03-18 18:30:32,2026-03-18 18:31:40
9,Starved,2026-03-18 18:16:26,2026-03-18 18:31:40
1,Running,2026-03-18 18:31:27,2026-03-18 18:32:33
9,Running,2026-03-18 18:31:40,2026-03-18 18:32:41
10,Starved,2026-03-18 18:17:28,2026-03-18 18:32:41
10,Running,2026-03-18 18:32:41,2026-03-18 18:33:39
11,Starved,2026-03-18 18:19:53,2026-03-18 18:33:39
1,Down,2026-03-18 18:32:33,2026-03-18 18:34:19
11,Running,2026-03-18 18:33:39,2026-03-18 18:34:50
12,Starved,2026-03-18 18:25:07,2026-03-18 18:34:50
3,Running,2026-03-18 18:30:35,2026-03-18 18:35:18
3,Blocked,2026-03-18 18:35:18,2026-03-18 18:35:24
12,Running,2026-03-18 18:34:50,2026-03-18 18:35:51
13,Running,2026-03-18 18:03:30,2026-03-18 18:37:02
12,Down,2026-03-18 18:35:51,2026-03-18 18:37:04
3,Running,2026-03-18 18:35:24,2026-03-18 18:38:26
3,Starved,2026-03-18 18:38:26,2026-03-18 18:38:27
5,Running,2026-03-18 18:30:40,2026-03-18 18:38:32
5,Blocked,2026-03-18 18:38:32,2026-03-18 18:38:37
3,Running,2026-03-18 18:38:27,2026-03-18 18:39:28
3,Blocked,2026-03-18 18:39:28,2026-03-18 18:39:46
3,Running,2026-03-18 18:39:46,2026-03-18 18:40:45
3,Blocked,2026-03-18 18:40:45,2026-03-18 18:41:01
6,Running,2026-03-18 18:28:23,2026-03-18 18:41:36
5,Running,2026-03-18 18:38:37,2026-03-18 18:41:45
3,Running,2026-03-18 18:41:01,2026-03-18 18:42:54
4,Running,2026-03-18 18:29:29,2026-03-18 18:43:05
6,Down,2026-03-18 18:41:36,2026-03-18 18:43:55
5,Blocked,2026-03-18 18:41:45,2026-03-18 18:43:55
4,Blocked,2026-03-18 18:43:05,2026-03-18 18:43:55
3,Blocked,2026-03-18 18:42:54,2026-03-18 18:43:55
3,Running,2026-03-18 18:43:55,2026-03-18 18:44:51
5,Running,2026-03-18 18:43:55,2026-03-18 18:44:51
5,Blocked,2026-03-18 18:44:51,2026-03-18 18:45:03
3,Blocked,2026-03-18 18:44:51,2026-03-18 18:45:15
3,Running,2026-03-18 18:45:15,2026-03-18 18:47:08
3,Blocked,2026-03-18 18:47:08,2026-03-18 18:47:18
5,Running,2026-03-18 18:45:03,2026-03-18 18:48:07
5,Blocked,2026-03-18 18:48:07,2026-03-18 18:48:10
3,Running,2026-03-18 18:47:18,2026-03-18 18:48:25
3,Blocked,2026-03-18 18:48:25,2026-03-18 18:48:28
5,Running,2026-03-18 18:48:10,2026-03-18 18:49:07
5,Blocked,2026-03-18 18:49:07,2026-03-18 18:49:09
3,Running,2026-03-18 18:48:28,2026-03-18 18:51:27
3,Blocked,2026-03-18 18:51:27,2026-03-18 18:51:28
4,Running,2026-03-18 18:43:55,2026-03-18 18:52:22
3,Running,2026-03-18 18:51:28,2026-03-18 18:52:23
4,Blocked,2026-03-18 18:52:22,2026-03-18 18:52:23
3,Blocked,2026-03-18 18:52:23,2026-03-18 18:52:23
3,Running,2026-03-18 18:52:23,2026-03-18 18:53:30
3,Blocked,2026-03-18 18:53:30,2026-03-18 18:53:36
3,Running,2026-03-18 18:53:36,2026-03-18 18:54:39
3,Blocked,2026-03-18 18:54:39,2026-03-18 18:54:53
7,Down,2026-03-18 18:30:32,2026-03-18 18:54:55
3,Running,2026-03-18 18:54:53,2026-03-18 18:55:56
3,Blocked,2026-03-18 18:55:56,2026-03-18 18:55:59
8,Starved,2026-03-18 18:31:40,2026-03-18 18:56:02
5,Running,2026-03-18 18:49:09,2026-03-18 18:56:11
5,Blocked,2026-03-18 18:56:11,2026-03-18 18:56:12
3,Running,2026-03-18 18:55:59,2026-03-18 18:56:56
8,Running,2026-03-18 18:56:02,2026-03-18 18:57:00
9,Starved,2026-03-18 18:32:41,2026-03-18 18:57:00
8,Down,2026-03-18 18:57:00,2026-03-18 18:57:08
5,Running,2026-03-18 18:56:12,2026-03-18 18:57:16
5,Blocked,2026-03-18 18:57:16,2026-03-18 18:57:17
3,Blocked,2026-03-18 18:56:56,2026-03-18 18:57:22
9,Running,2026-03-18 18:57:00,2026-03-18 18:57:54
10,Starved,2026-03-18 18:33:39,2026-03-18 18:57:54
9,Starved,2026-03-18 18:57:54,2026-03-18 18:58:10
3,Running,2026-03-18 18:57:22,2026-03-18 18:58:14
3,Blocked,2026-03-18 18:58:14,2026-03-18 18:58:24
10,Running,2026-03-18 18:57:54,2026-03-18 18:58:57
11,Starved,2026-03-18 18:34:50,2026-03-18 18:58:57
10,Starved,2026-03-18 18:58:57,2026-03-18 18:59:11
11,Running,2026-03-18 18:58:57,2026-03-18 19:00:05
12,Starved,2026-03-18 18:37:04,2026-03-18 19:00:05
11,Starved,2026-03-18 19:00:05,2026-03-18 19:00:14
9,Running,2026-03-18 18:58:10,2026-03-18 19:01:07
11,Running,2026-03-18 19:00:14,2026-03-18 19:01:10
9,Starved,2026-03-18 19:01:07,2026-03-18 19:01:12
13,Starved,2026-03-18 18:37:02,2026-03-18 19:01:15
11,Starved,2026-03-18 19:01:10,2026-03-18 19:01:21
9,Running,2026-03-18 19:01:12,2026-03-18 19:02:10
13,Running,2026-03-18 19:01:15,2026-03-18 19:02:15
11,Running,2026-03-18 19:01:21,2026-03-18 19:02:17
13,Starved,2026-03-18 19:02:15,2026-03-18 19:02:19
8,Running,2026-03-18 18:57:08,2026-03-18 19:02:20
9,Starved,2026-03-18 19:02:10,2026-03-18 19:02:20
3,Running,2026-03-18 18:58:24,2026-03-18 19:02:22
8,Starved,2026-03-18 19:02:20,2026-03-18 19:02:22
11,Starved,2026-03-18 19:02:17,2026-03-18 19:02:24
3,Blocked,2026-03-18 19:02:22,2026-03-18 19:02:42
11,Running,2026-03-18 19:02:24,2026-03-18 19:03:20
8,Running,2026-03-18 19:02:22,2026-03-18 19:03:22
10,Running,2026-03-18 18:59:11,2026-03-18 19:03:22
11,Starved,2026-03-18 19:03:20,2026-03-18 19:03:22
10,Starved,2026-03-18 19:03:22,2026-03-18 19:03:23
3,Running,2026-03-18 19:02:42,2026-03-18 19:03:35
8,Starved,2026-03-18 19:03:22,2026-03-18 19:03:35
3,Blocked,2026-03-18 19:03:35,2026-03-18 19:03:50
10,Running,2026-03-18 19:03:23,2026-03-18 19:04:15
12,Running,2026-03-18 19:00:05,2026-03-18 19:04:18
12,Starved,2026-03-18 19:04:18,2026-03-18 19:04:33
3,Running,2026-03-18 19:03:50,2026-03-18 19:04:45
10,Starved,2026-03-18 19:04:15,2026-03-18 19:04:54
3,Blocked,2026-03-18 19:04:45,2026-03-18 19:04:56
13,Running,2026-03-18 19:02:19,2026-03-18 19:05:24
8,Running,2026-03-18 19:03:35,2026-03-18 19:05:32
8,Starved,2026-03-18 19:05:32,2026-03-18 19:05:33
11,Running,2026-03-18 19:03:22,2026-03-18 19:05:38
13,Starved,2026-03-18 19:05:24,2026-03-18 19:05:39
11,Starved,2026-03-18 19:05:38,2026-03-18 19:06:03
8,Running,2026-03-18 19:05:33,2026-03-18 19:06:34
12,Running,2026-03-18 19:04:33,2026-03-18 19:06:39
3,Running,2026-03-18 19:04:56,2026-03-18 19:06:44
8,Starved,2026-03-18 19:06:34,2026-03-18 19:06:48
11,Running,2026-03-18 19:06:03,2026-03-18 19:06:53
12,Starved,2026-03-18 19:06:39,2026-03-18 19:06:53
11,Starved,2026-03-18 19:06:53,2026-03-18 19:07:02
3,Blocked,2026-03-18 19:06:44,2026-03-18 19:07:19
9,Running,2026-03-18 19:02:20,2026-03-18 19:07:31
13,Running,2026-03-18 19:05:39,2026-03-18 19:07:38
8,Running,2026-03-18 19:06:48,2026-03-18 19:07:50
9,Starved,2026-03-18 19:07:31,2026-03-18 19:07:50
8,Starved,2026-03-18 19:07:50,2026-03-18 19:07:54
12,Running,2026-03-18 19:06:53,2026-03-18 19:07:57
12,Starved,2026-03-18 19:07:57,2026-03-18 19:08:01
9,Running,2026-03-18 19:07:50,2026-03-18 19:08:44
11,Running,2026-03-18 19:07:02,2026-03-18 19:08:56
9,Starved,2026-03-18 19:08:44,2026-03-18 19:09:02
11,Starved,2026-03-18 19:08:56,2026-03-18 19:09:03
12,Running,2026-03-18 19:08:01,2026-03-18 19:09:58
9,Running,2026-03-18 19:09:02,2026-03-18 19:10:01
11,Running,2026-03-18 19:09:03,2026-03-18 19:10:04
12,Starved,2026-03-18 19:09:58,2026-03-18 19:10:04
11,Starved,2026-03-18 19:10:04,2026-03-18 19:10:12
9,Starved,2026-03-18 19:10:01,2026-03-18 19:10:13
13,Down,2026-03-18 19:07:38,2026-03-18 19:10:18
3,Running,2026-03-18 19:07:19,2026-03-18 19:10:19
3,Blocked,2026-03-18 19:10:19,2026-03-18 19:10:19
10,Running,2026-03-18 19:04:54,2026-03-18 19:11:11
3,Running,2026-03-18 19:10:19,2026-03-18 19:11:12
12,Running,2026-03-18 19:10:04,2026-03-18 19:11:13
12,Starved,2026-03-18 19:11:13,2026-03-18 19:11:16
9,Running,2026-03-18 19:10:13,2026-03-18 19:11:17
10,Starved,2026-03-18 19:11:11,2026-03-18 19:11:17
9,Starved,2026-03-18 19:11:17,2026-03-18 19:11:25
3,Blocked,2026-03-18 19:11:12,2026-03-18 19:11:34
11,Running,2026-03-18 19:10:12,2026-03-18 19:12:05
10,Running,2026-03-18 19:11:17,2026-03-18 19:12:24
11,Starved,2026-03-18 19:12:05,2026-03-18 19:12:24
9,Running,2026-03-18 19:11:25,2026-03-18 19:12:28
10,Starved,2026-03-18 19:12:24,2026-03-18 19:12:28
9,Starved,2026-03-18 19:12:28,2026-03-18 19:12:32
12,Running,2026-03-18 19:11:16,2026-03-18 19:13:15
11,Running,2026-03-18 19:12:24,2026-03-18 19:13:24
12,Starved,2026-03-18 19:13:15,2026-03-18 19:13:24
10,Running,2026-03-18 19:12:28,2026-03-18 19:13:29
11,Starved,2026-03-18 19:13:24,2026-03-18 19:13:29
10,Starved,2026-03-18 19:13:29,2026-03-18 19:13:42
12,Running,2026-03-18 19:13:24,2026-03-18 19:14:15
11,Running,2026-03-18 19:13:29,2026-03-18 19:14:28
12,Starved,2026-03-18 19:14:15,2026-03-18 19:14:28
10,Running,2026-03-18 19:13:42,2026-03-18 19:14:43
11,Starved,2026-03-18 19:14:28,2026-03-18 19:14:43
3,Running,2026-03-18 19:11:34,2026-03-18 19:14:44
10,Starved,2026-03-18 19:14:43,2026-03-18 19:14:45
3,Blocked,2026-03-18 19:14:44,2026-03-18 19:15:00
12,Running,2026-03-18 19:14:28,2026-03-18 19:15:30
11,Running,2026-03-18 19:14:43,2026-03-18 19:15:33
12,Starved,2026-03-18 19:15:30,2026-03-18 19:15:33
11,Starved,2026-03-18 19:15:33,2026-03-18 19:15:43
3,Running,2026-03-18 19:15:00,2026-03-18 19:15:53
3,Blocked,2026-03-18 19:15:53,2026-03-18 19:16:24
12,Running,2026-03-18 19:15:33,2026-03-18 19:16:28
10,Running,2026-03-18 19:14:45,2026-03-18 19:16:44
9,Running,2026-03-18 19:12:32,2026-03-18 19:16:55
10,Starved,2026-03-18 19:16:44,2026-03-18 19:16:55
12,Starved,2026-03-18 19:16:28,2026-03-18 19:16:56
3,Running,2026-03-18 19:16:24,2026-03-18 19:17:28
3,Blocked,2026-03-18 19:17:28,2026-03-18 19:17:38
12,Running,2026-03-18 19:16:56,2026-03-18 19:17:55
11,Running,2026-03-18 19:15:43,2026-03-18 19:17:57
12,Starved,2026-03-18 19:17:55,2026-03-18 19:17:57
10,Running,2026-03-18 19:16:55,2026-03-18 19:18:01
11,Starved,2026-03-18 19:17:57,2026-03-18 19:18:01
3,Running,2026-03-18 19:17:38,2026-03-18 19:18:37
3,Blocked,2026-03-18 19:18:37,2026-03-18 19:18:40
9,Down,2026-03-18 19:16:55,2026-03-18 19:18:49
12,Running,2026-03-18 19:17:57,2026-03-18 19:18:49
11,Running,2026-03-18 19:18:01,2026-03-18 19:19:06
12,Starved,2026-03-18 19:18:49,2026-03-18 19:19:06
3,Running,2026-03-18 19:18:40,2026-03-18 19:19:35
3,Blocked,2026-03-18 19:19:35,2026-03-18 19:19:44
10,Starved,2026-03-18 19:18:01,2026-03-18 19:20:02
12,Running,2026-03-18 19:19:06,2026-03-18 19:20:19
3,Running,2026-03-18 19:19:44,2026-03-18 19:20:49
10,Running,2026-03-18 19:20:02,2026-03-18 19:20:55
11,Starved,2026-03-18 19:19:06,2026-03-18 19:20:55
10,Starved,2026-03-18 19:20:55,2026-03-18 19:21:09
3,Blocked,2026-03-18 19:20:49,2026-03-18 19:21:11
11,Running,2026-03-18 19:20:55,2026-03-18 19:21:51
12,Starved,2026-03-18 19:20:19,2026-03-18 19:21:51
13,Running,2026-03-18 19:10:18,2026-03-18 19:22:10
11,Starved,2026-03-18 19:21:51,2026-03-18 19:22:15
12,Running,2026-03-18 19:21:51,2026-03-18 19:22:57
13,Starved,2026-03-18 19:22:10,2026-03-18 19:22:57
11,Running,2026-03-18 19:22:15,2026-03-18 19:23:15
12,Starved,2026-03-18 19:22:57,2026-03-18 19:23:15
11,Starved,2026-03-18 19:23:15,2026-03-18 19:23:23
13,Running,2026-03-18 19:22:57,2026-03-18 19:24:01
3,Running,2026-03-18 19:21:11,2026-03-18 19:24:04
12,Running,2026-03-18 19:23:15,2026-03-18 19:24:10
13,Starved,2026-03-18 19:24:01,2026-03-18 19:24:10
10,Running,2026-03-18 19:21:09,2026-03-18 19:24:19
12,Starved,2026-03-18 19:24:10,2026-03-18 19:24:20
3,Blocked,2026-03-18 19:24:04,2026-03-18 19:24:29
10,Starved,2026-03-18 19:24:19,2026-03-18 19:24:36
13,Running,2026-03-18 19:24:10,2026-03-18 19:25:07
12,Running,2026-03-18 19:24:20,2026-03-18 19:25:16
13,Starved,2026-03-18 19:25:07,2026-03-18 19:25:16
11,Running,2026-03-18 19:23:23,2026-03-18 19:25:23
12,Starved,2026-03-18 19:25:16,2026-03-18 19:25:23
3,Running,2026-03-18 19:24:29,2026-03-18 19:25:33
3,Blocked,2026-03-18 19:25:33,2026-03-18 19:25:41
11,Starved,2026-03-18 19:25:23,2026-03-18 19:25:42
13,Running,2026-03-18 19:25:16,2026-03-18 19:26:16
12,Running,2026-03-18 19:25:23,2026-03-18 19:26:25
13,Starved,2026-03-18 19:26:16,2026-03-18 19:26:25
8,Running,2026-03-18 19:07:54,2026-03-18 19:26:30
10,Running,2026-03-18 19:24:36,2026-03-18 19:26:32
3,Running,2026-03-18 19:25:41,2026-03-18 19:26:33
10,Starved,2026-03-18 19:26:32,2026-03-18 19:26:38
12,Starved,2026-03-18 19:26:25,2026-03-18 19:26:40
8,Starved,2026-03-18 19:26:30,2026-03-18 19:26:47
3,Blocked,2026-03-18 19:26:33,2026-03-18 19:26:56
13,Running,2026-03-18 19:26:25,2026-03-18 19:27:21
12,Running,2026-03-18 19:26:40,2026-03-18 19:27:31
13,Starved,2026-03-18 19:27:21,2026-03-18 19:27:31
11,Running,2026-03-18 19:25:42,2026-03-18 19:27:41
12,Starved,2026-03-18 19:27:31,2026-03-18 19:27:41
11,Starved,2026-03-18 19:27:41,2026-03-18 19:27:47
8,Running,2026-03-18 19:26:47,2026-03-18 19:27:49
8,Starved,2026-03-18 19:27:49,2026-03-18 19:27:58
13,Running,2026-03-18 19:27:31,2026-03-18 19:28:36
11,Running,2026-03-18 19:27:47,2026-03-18 19:28:43
13,Starved,2026-03-18 19:28:36,2026-03-18 19:28:43
11,Starved,2026-03-18 19:28:43,2026-03-18 19:28:54
8,Running,2026-03-18 19:27:58,2026-03-18 19:29:01
3,Running,2026-03-18 19:26:56,2026-03-18 19:29:05
8,Starved,2026-03-18 19:29:01,2026-03-18 19:29:24
3,Blocked,2026-03-18 19:29:05,2026-03-18 19:29:25
12,Running,2026-03-18 19:27:41,2026-03-18 19:29:41
12,Starved,2026-03-18 19:29:41,2026-03-18 19:29:57
8,Running,2026-03-18 19:29:24,2026-03-18 19:30:29
8,Starved,2026-03-18 19:30:29,2026-03-18 19:30:40
13,Running,2026-03-18 19:28:43,2026-03-18 19:30:45
13,Starved,2026-03-18 19:30:45,2026-03-18 19:30:57
3,Running,2026-03-18 19:29:25,2026-03-18 19:31:24
3,Blocked,2026-03-18 19:31:24,2026-03-18 19:31:38
8,Running,2026-03-18 19:30:40,2026-03-18 19:31:45
8,Starved,2026-03-18 19:31:45,2026-03-18 19:31:48
13,Running,2026-03-18 19:30:57,2026-03-18 19:31:56
13,Starved,2026-03-18 19:31:56,2026-03-18 19:31:58
3,Running,2026-03-18 19:31:38,2026-03-18 19:32:39
8,Running,2026-03-18 19:31:48,2026-03-18 19:32:44
11,Running,2026-03-18 19:28:54,2026-03-18 19:32:47
10,Running,2026-03-18 19:26:38,2026-03-18 19:32:50
11,Starved,2026-03-18 19:32:47,2026-03-18 19:32:50
10,Starved,2026-03-18 19:32:50,2026-03-18 19:32:51
8,Starved,2026-03-18 19:32:44,2026-03-18 19:32:55
3,Blocked,2026-03-18 19:32:39,2026-03-18 19:32:57
13,Running,2026-03-18 19:31:58,2026-03-18 19:33:01
12,Running,2026-03-18 19:29:57,2026-03-18 19:33:04
13,Starved,2026-03-18 19:33:01,2026-03-18 19:33:04
10,Running,2026-03-18 19:32:51,2026-03-18 19:33:50
8,Running,2026-03-18 19:32:55,2026-03-18 19:33:51
13,Running,2026-03-18 19:33:04,2026-03-18 19:33:59
8,Starved,2026-03-18 19:33:51,2026-03-18 19:34:03
3,Running,2026-03-18 19:32:57,2026-03-18 19:34:04
10,Starved,2026-03-18 19:33:50,2026-03-18 19:34:07
3,Blocked,2026-03-18 19:34:04,2026-03-18 19:34:13
12,Down,2026-03-18 19:33:04,2026-03-18 19:34:42
11,Running,2026-03-18 19:32:50,2026-03-18 19:34:49
10,Running,2026-03-18 19:34:07,2026-03-18 19:35:10
11,Starved,2026-03-18 19:34:49,2026-03-18 19:35:10
10,Starved,2026-03-18 19:35:10,2026-03-18 19:35:12
3,Running,2026-03-18 19:34:13,2026-03-18 19:35:14
3,Blocked,2026-03-18 19:35:14,2026-03-18 19:35:35
13,Starved,2026-03-18 19:33:59,2026-03-18 19:35:41
10,Running,2026-03-18 19:35:12,2026-03-18 19:36:13
10,Starved,2026-03-18 19:36:13,2026-03-18 19:36:23
11,Running,2026-03-18 19:35:10,2026-03-18 19:37:09
10,Running,2026-03-18 19:36:23,2026-03-18 19:37:26
11,Starved,2026-03-18 19:37:09,2026-03-18 19:37:26
10,Starved,2026-03-18 19:37:26,2026-03-18 19:37:26
13,Running,2026-03-18 19:35:41,2026-03-18 19:37:36
13,Starved,2026-03-18 19:37:36,2026-03-18 19:37:44
8,Running,2026-03-18 19:34:03,2026-03-18 19:38:17
8,Starved,2026-03-18 19:38:17,2026-03-18 19:38:21
10,Running,2026-03-18 19:37:26,2026-03-18 19:38:23
10,Starved,2026-03-18 19:38:23,2026-03-18 19:38:33
13,Running,2026-03-18 19:37:44,2026-03-18 19:38:40
13,Starved,2026-03-18 19:38:40,2026-03-18 19:38:43
10,Running,2026-03-18 19:38:33,2026-03-18 19:39:20
10,Starved,2026-03-18 19:39:20,2026-03-18 19:39:38
13,Running,2026-03-18 19:38:43,2026-03-18 19:39:45
13,Starved,2026-03-18 19:39:45,2026-03-18 19:39:45
11,Running,2026-03-18 19:37:26,2026-03-18 19:40:20
11,Starved,2026-03-18 19:40:20,2026-03-18 19:40:45
8,Running,2026-03-18 19:38:21,2026-03-18 19:41:15
8,Starved,2026-03-18 19:41:15,2026-03-18 19:41:32
11,Running,2026-03-18 19:40:45,2026-03-18 19:41:46
11,Starved,2026-03-18 19:41:46,2026-03-18 19:41:47
8,Running,2026-03-18 19:41:32,2026-03-18 19:42:36
8,Starved,2026-03-18 19:42:36,2026-03-18 19:43:00
11,Running,2026-03-18 19:41:47,2026-03-18 19:43:47
10,Running,2026-03-18 19:39:38,2026-03-18 19:43:50
11,Starved,2026-03-18 19:43:47,2026-03-18 19:43:50
10,Starved,2026-03-18 19:43:50,2026-03-18 19:43:52
3,Running,2026-03-18 19:35:35,2026-03-18 19:44:00
3,Blocked,2026-03-18 19:44:00,2026-03-18 19:44:03
11,Running,2026-03-18 19:43:50,2026-03-18 19:44:46
10,Running,2026-03-18 19:43:52,2026-03-18 19:44:51
11,Starved,2026-03-18 19:44:46,2026-03-18 19:44:51
10,Starved,2026-03-18 19:44:51,2026-03-18 19:44:51
3,Running,2026-03-18 19:44:03,2026-03-18 19:45:02
3,Blocked,2026-03-18 19:45:02,2026-03-18 19:45:33
8,Running,2026-03-18 19:43:00,2026-03-18 19:45:55
8,Starved,2026-03-18 19:45:55,2026-03-18 19:45:56
10,Running,2026-03-18 19:44:51,2026-03-18 19:46:48
8,Running,2026-03-18 19:45:56,2026-03-18 19:46:54
8,Starved,2026-03-18 19:46:54,2026-03-18 19:47:09
10,Starved,2026-03-18 19:46:48,2026-03-18 19:47:23
6,Running,2026-03-18 18:43:55,2026-03-18 19:48:01
11,Running,2026-03-18 19:44:51,2026-03-18 19:48:04
8,Running,2026-03-18 19:47:09,2026-03-18 19:48:16
8,Starved,2026-03-18 19:48:16,2026-03-18 19:48:16
11,Starved,2026-03-18 19:48:04,2026-03-18 19:48:23
5,Running,2026-03-18 18:57:17,2026-03-18 19:48:58
11,Running,2026-03-18 19:48:23,2026-03-18 19:49:22
8,Running,2026-03-18 19:48:16,2026-03-18 19:49:24
8,Starved,2026-03-18 19:49:24,2026-03-18 19:49:24
11,Starved,2026-03-18 19:49:22,2026-03-18 19:49:27
8,Running,2026-03-18 19:49:24,2026-03-18 19:50:21
8,Starved,2026-03-18 19:50:21,2026-03-18 19:50:25
6,Down,2026-03-18 19:48:01,2026-03-18 19:50:52
5,Blocked,2026-03-18 19:48:58,2026-03-18 19:50:52
10,Running,2026-03-18 19:47:23,2026-03-18 19:51:15
8,Running,2026-03-18 19:50:25,2026-03-18 19:51:22
10,Starved,2026-03-18 19:51:15,2026-03-18 19:51:26
8,Starved,2026-03-18 19:51:22,2026-03-18 19:51:36
5,Running,2026-03-18 19:50:52,2026-03-18 19:51:46
5,Blocked,2026-03-18 19:51:46,2026-03-18 19:51:57
8,Running,2026-03-18 19:51:36,2026-03-18 19:52:26
10,Running,2026-03-18 19:51:26,2026-03-18 19:52:27
10,Starved,2026-03-18 19:52:27,2026-03-18 19:52:34
12,Running,2026-03-18 19:34:42,2026-03-18 19:52:47
12,Starved,2026-03-18 19:52:47,2026-03-18 19:52:49
5,Running,2026-03-18 19:51:57,2026-03-18 19:52:57
5,Blocked,2026-03-18 19:52:57,2026-03-18 19:52:59
8,Starved,2026-03-18 19:52:26,2026-03-18 19:53:04
8,Running,2026-03-18 19:53:04,2026-03-18 19:53:58
5,Running,2026-03-18 19:52:59,2026-03-18 19:53:59
8,Starved,2026-03-18 19:53:58,2026-03-18 19:54:06
5,Blocked,2026-03-18 19:53:59,2026-03-18 19:54:08
8,Running,2026-03-18 19:54:06,2026-03-18 19:55:05
8,Starved,2026-03-18 19:55:05,2026-03-18 19:55:31
2,Running,2026-03-18 18:28:22,2026-03-18 19:55:41
8,Running,2026-03-18 19:55:31,2026-03-18 19:56:22
2,Down,2026-03-18 19:55:41,2026-03-18 19:56:25
8,Starved,2026-03-18 19:56:22,2026-03-18 19:56:29
11,Running,2026-03-18 19:49:27,2026-03-18 19:56:35
10,Running,2026-03-18 19:52:34,2026-03-18 19:56:36
11,Starved,2026-03-18 19:56:35,2026-03-18 19:56:36
10,Starved,2026-03-18 19:56:36,2026-03-18 19:56:57
11,Running,2026-03-18 19:56:36,2026-03-18 19:57:33
11,Starved,2026-03-18 19:57:33,2026-03-18 19:58:02
8,Running,2026-03-18 19:56:29,2026-03-18 19:58:32
12,Running,2026-03-18 19:52:49,2026-03-18 19:58:44
8,Starved,2026-03-18 19:58:32,2026-03-18 19:58:48
10,Running,2026-03-18 19:56:57,2026-03-18 19:58:58
12,Starved,2026-03-18 19:58:44,2026-03-18 19:59:06
9,Running,2026-03-18 19:18:49,2026-03-18 19:59:12
10,Starved,2026-03-18 19:58:58,2026-03-18 19:59:12
9,Down,2026-03-18 19:59:12,2026-03-18 20:00:01
12,Running,2026-03-18 19:59:06,2026-03-18 20:00:02
11,Running,2026-03-18 19:58:02,2026-03-18 20:00:04
12,Starved,2026-03-18 20:00:02,2026-03-18 20:00:04
10,Running,2026-03-18 19:59:12,2026-03-18 20:00:15
11,Starved,2026-03-18 20:00:04,2026-03-18 20:00:15
8,Running,2026-03-18 19:58:48,2026-03-18 20:00:52
12,Running,2026-03-18 20:00:04,2026-03-18 20:00:57
8,Starved,2026-03-18 20:00:52,2026-03-18 20:00:59
10,Starved,2026-03-18 20:00:15,2026-03-18 20:01:06
11,Running,2026-03-18 20:00:15,2026-03-18 20:01:17
12,Starved,2026-03-18 20:00:57,2026-03-18 20:01:17
13,Running,2026-03-18 19:39:45,2026-03-18 20:01:56
10,Running,2026-03-18 20:01:06,2026-03-18 20:02:05
11,Starved,2026-03-18 20:01:17,2026-03-18 20:02:05
12,Running,2026-03-18 20:01:17,2026-03-18 20:02:20
13,Starved,2026-03-18 20:01:56,2026-03-18 20:02:20
3,Running,2026-03-18 19:45:33,2026-03-18 20:02:41
3,Blocked,2026-03-18 20:02:41,2026-03-18 20:02:47
11,Running,2026-03-18 20:02:05,2026-03-18 20:03:04
12,Starved,2026-03-18 20:02:20,2026-03-18 20:03:04
13,Running,2026-03-18 20:02:20,2026-03-18 20:03:11
3,Running,2026-03-18 20:02:47,2026-03-18 20:03:46
12,Running,2026-03-18 20:03:04,2026-03-18 20:04:02
13,Starved,2026-03-18 20:03:11,2026-03-18 20:04:02
3,Blocked,2026-03-18 20:03:46,2026-03-18 20:04:09
13,Running,2026-03-18 20:04:02,2026-03-18 20:05:03
3,Running,2026-03-18 20:04:09,2026-03-18 20:05:08
3,Blocked,2026-03-18 20:05:08,2026-03-18 20:05:09
3,Running,2026-03-18 20:05:09,2026-03-18 20:06:06
3,Blocked,2026-03-18 20:06:06,2026-03-18 20:06:26
8,Running,2026-03-18 20:00:59,2026-03-18 20:07:59
8,Starved,2026-03-18 20:07:59,2026-03-18 20:08:05
3,Running,2026-03-18 20:06:26,2026-03-18 20:08:36
3,Blocked,2026-03-18 20:08:36,2026-03-18 20:08:54
8,Running,2026-03-18 20:08:05,2026-03-18 20:09:15
8,Starved,2026-03-18 20:09:15,2026-03-18 20:09:32
3,Running,2026-03-18 20:08:54,2026-03-18 20:09:48
3,Blocked,2026-03-18 20:09:48,2026-03-18 20:09:55
9,Running,2026-03-18 20:00:01,2026-03-18 20:10:24
8,Running,2026-03-18 20:09:32,2026-03-18 20:10:28
8,Starved,2026-03-18 20:10:28,2026-03-18 20:10:30
3,Running,2026-03-18 20:09:55,2026-03-18 20:10:51
3,Blocked,2026-03-18 20:10:51,2026-03-18 20:10:55
8,Running,2026-03-18 20:10:30,2026-03-18 20:11:27
7,Running,2026-03-18 18:54:55,2026-03-18 20:11:31
8,Starved,2026-03-18 20:11:27,2026-03-18 20:11:31
8,Running,2026-03-18 20:11:31,2026-03-18 20:12:24
3,Running,2026-03-18 20:10:55,2026-03-18 20:12:50
7,Down,2026-03-18 20:11:31,2026-03-18 20:12:54
3,Blocked,2026-03-18 20:12:50,2026-03-18 20:13:09
8,Starved,2026-03-18 20:12:24,2026-03-18 20:13:49
3,Running,2026-03-18 20:13:09,2026-03-18 20:14:05
3,Blocked,2026-03-18 20:14:05,2026-03-18 20:14:09
8,Running,2026-03-18 20:13:49,2026-03-18 20:14:48
8,Down,2026-03-18 20:14:48,2026-03-18 20:14:54
3,Running,2026-03-18 20:14:09,2026-03-18 20:14:58
3,Blocked,2026-03-18 20:14:58,2026-03-18 20:15:07
8,Starved,2026-03-18 20:14:54,2026-03-18 20:15:11
3,Running,2026-03-18 20:15:07,2026-03-18 20:16:07
3,Blocked,2026-03-18 20:16:07,2026-03-18 20:16:09
3,Running,2026-03-18 20:16:09,2026-03-18 20:17:06
3,Blocked,2026-03-18 20:17:06,2026-03-18 20:17:36
10,Down,2026-03-18 20:02:05,2026-03-18 20:18:10
9,Blocked,2026-03-18 20:10:24,2026-03-18 20:18:10
11,Starved,2026-03-18 20:03:04,2026-03-18 20:19:14
3,Running,2026-03-18 20:17:36,2026-03-18 20:19:46
3,Blocked,2026-03-18 20:19:46,2026-03-18 20:19:49
11,Running,2026-03-18 20:19:14,2026-03-18 20:20:08
12,Starved,2026-03-18 20:04:02,2026-03-18 20:20:08
11,Starved,2026-03-18 20:20:08,2026-03-18 20:20:13
12,Running,2026-03-18 20:20:08,2026-03-18 20:21:06
13,Starved,2026-03-18 20:05:03,2026-03-18 20:21:06
11,Running,2026-03-18 20:20:13,2026-03-18 20:21:12
12,Starved,2026-03-18 20:21:06,2026-03-18 20:21:12
11,Starved,2026-03-18 20:21:12,2026-03-18 20:21:14
8,Running,2026-03-18 20:15:11,2026-03-18 20:21:20
8,Blocked,2026-03-18 20:21:20,2026-03-18 20:21:39
3,Running,2026-03-18 20:19:49,2026-03-18 20:21:56
3,Blocked,2026-03-18 20:21:56,2026-03-18 20:21:59
12,Running,2026-03-18 20:21:12,2026-03-18 20:22:10
12,Starved,2026-03-18 20:22:10,2026-03-18 20:22:17
8,Running,2026-03-18 20:21:39,2026-03-18 20:22:34
8,Blocked,2026-03-18 20:22:34,2026-03-18 20:22:44
3,Running,2026-03-18 20:21:59,2026-03-18 20:23:03
12,Running,2026-03-18 20:22:17,2026-03-18 20:23:14
3,Blocked,2026-03-18 20:23:03,2026-03-18 20:23:15
12,Starved,2026-03-18 20:23:14,2026-03-18 20:23:19
8,Running,2026-03-18 20:22:44,2026-03-18 20:23:45
8,Blocked,2026-03-18 20:23:45,2026-03-18 20:23:49
13,Running,2026-03-18 20:21:06,2026-03-18 20:24:12
13,Starved,2026-03-18 20:24:12,2026-03-18 20:24:27
8,Running,2026-03-18 20:23:49,2026-03-18 20:25:53
8,Blocked,2026-03-18 20:25:53,2026-03-18 20:26:03
13,Running,2026-03-18 20:24:27,2026-03-18 20:26:29
13,Starved,2026-03-18 20:26:29,2026-03-18 20:26:30
8,Running,2026-03-18 20:26:03,2026-03-18 20:26:59
8,Blocked,2026-03-18 20:26:59,2026-03-18 20:27:00
13,Running,2026-03-18 20:26:30,2026-03-18 20:27:23
13,Starved,2026-03-18 20:27:23,2026-03-18 20:27:36
12,Running,2026-03-18 20:23:19,2026-03-18 20:28:32
12,Starved,2026-03-18 20:28:32,2026-03-18 20:28:36
13,Running,2026-03-18 20:27:36,2026-03-18 20:29:31
12,Running,2026-03-18 20:28:36,2026-03-18 20:29:33
13,Starved,2026-03-18 20:29:31,2026-03-18 20:29:33
12,Starved,2026-03-18 20:29:33,2026-03-18 20:29:37
8,Running,2026-03-18 20:27:00,2026-03-18 20:30:12
8,Blocked,2026-03-18 20:30:12,2026-03-18 20:30:22
13,Running,2026-03-18 20:29:33,2026-03-18 20:30:32
13,Starved,2026-03-18 20:30:32,2026-03-18 20:30:39
12,Running,2026-03-18 20:29:37,2026-03-18 20:31:29
12,Starved,2026-03-18 20:31:29,2026-03-18 20:31:40
3,Running,2026-03-18 20:23:15,2026-03-18 20:34:21
8,Running,2026-03-18 20:30:22,2026-03-18 20:34:28
8,Blocked,2026-03-18 20:34:28,2026-03-18 20:34:29
3,Blocked,2026-03-18 20:34:21,2026-03-18 20:34:43
12,Running,2026-03-18 20:31:40,2026-03-18 20:35:26
12,Starved,2026-03-18 20:35:26,2026-03-18 20:35:30
3,Running,2026-03-18 20:34:43,2026-03-18 20:35:33
8,Running,2026-03-18 20:34:29,2026-03-18 20:35:35
8,Blocked,2026-03-18 20:35:35,2026-03-18 20:35:38
3,Blocked,2026-03-18 20:35:33,2026-03-18 20:36:08
12,Running,2026-03-18 20:35:30,2026-03-18 20:36:27
8,Running,2026-03-18 20:35:38,2026-03-18 20:36:37
12,Starved,2026-03-18 20:36:27,2026-03-18 20:36:37
8,Blocked,2026-03-18 20:36:37,2026-03-18 20:36:40
13,Running,2026-03-18 20:30:39,2026-03-18 20:37:37
13,Starved,2026-03-18 20:37:37,2026-03-18 20:37:38
8,Running,2026-03-18 20:36:40,2026-03-18 20:37:41
8,Blocked,2026-03-18 20:37:41,2026-03-18 20:37:53
12,Running,2026-03-18 20:36:37,2026-03-18 20:38:29
11,Running,2026-03-18 20:21:14,2026-03-18 20:38:39
12,Starved,2026-03-18 20:38:29,2026-03-18 20:38:39
11,Starved,2026-03-18 20:38:39,2026-03-18 20:38:40
11,Running,2026-03-18 20:38:40,2026-03-18 20:39:34
11,Starved,2026-03-18 20:39:34,2026-03-18 20:39:40
11,Running,2026-03-18 20:39:40,2026-03-18 20:40:43
11,Starved,2026-03-18 20:40:43,2026-03-18 20:40:43
8,Running,2026-03-18 20:37:53,2026-03-18 20:40:55
8,Starved,2026-03-18 20:40:55,2026-03-18 20:40:55
12,Running,2026-03-18 20:38:39,2026-03-18 20:41:38
12,Starved,2026-03-18 20:41:38,2026-03-18 20:41:45
8,Running,2026-03-18 20:40:55,2026-03-18 20:41:55
8,Starved,2026-03-18 20:41:55,2026-03-18 20:42:04
10,Running,2026-03-18 20:18:10,2026-03-18 20:42:32
12,Running,2026-03-18 20:41:45,2026-03-18 20:42:40
12,Starved,2026-03-18 20:42:40,2026-03-18 20:42:41
10,Down,2026-03-18 20:42:32,2026-03-18 20:42:54
8,Running,2026-03-18 20:42:04,2026-03-18 20:43:06
8,Starved,2026-03-18 20:43:06,2026-03-18 20:43:16
11,Running,2026-03-18 20:40:43,2026-03-18 20:43:37
2,Running,2026-03-18 19:56:25,2026-03-18 20:43:41
2,Blocked,2026-03-18 20:43:41,2026-03-18 20:43:41
11,Starved,2026-03-18 20:43:37,2026-03-18 20:43:51
8,Running,2026-03-18 20:43:16,2026-03-18 20:44:10
8,Starved,2026-03-18 20:44:10,2026-03-18 20:44:11
2,Running,2026-03-18 20:43:41,2026-03-18 20:44:41
2,Blocked,2026-03-18 20:44:41,2026-03-18 20:44:44
12,Running,2026-03-18 20:42:41,2026-03-18 20:44:45
12,Starved,2026-03-18 20:44:45,2026-03-18 20:44:54
2,Running,2026-03-18 20:44:44,2026-03-18 20:45:36
3,Running,2026-03-18 20:36:08,2026-03-18 20:45:42
13,Running,2026-03-18 20:37:38,2026-03-18 20:45:45
12,Running,2026-03-18 20:44:54,2026-03-18 20:45:54
13,Starved,2026-03-18 20:45:45,2026-03-18 20:45:54
12,Starved,2026-03-18 20:45:54,2026-03-18 20:46:01
8,Running,2026-03-18 20:44:11,2026-03-18 20:46:02
3,Blocked,2026-03-18 20:45:42,2026-03-18 20:46:05
2,Blocked,2026-03-18 20:45:36,2026-03-18 20:46:05
8,Starved,2026-03-18 20:46:02,2026-03-18 20:46:08
13,Running,2026-03-18 20:45:54,2026-03-18 20:46:54
11,Running,2026-03-18 20:43:51,2026-03-18 20:46:55
13,Starved,2026-03-18 20:46:54,2026-03-18 20:46:58
2,Running,2026-03-18 20:46:05,2026-03-18 20:47:01
11,Starved,2026-03-18 20:46:55,2026-03-18 20:47:01
3,Running,2026-03-18 20:46:05,2026-03-18 20:47:12
3,Blocked,2026-03-18 20:47:12,2026-03-18 20:47:14
2,Blocked,2026-03-18 20:47:01,2026-03-18 20:47:14
12,Running,2026-03-18 20:46:01,2026-03-18 20:47:49
11,Running,2026-03-18 20:47:01,2026-03-18 20:47:59
12,Starved,2026-03-18 20:47:49,2026-03-18 20:47:59
11,Starved,2026-03-18 20:47:59,2026-03-18 20:48:04
3,Running,2026-03-18 20:47:14,2026-03-18 20:48:04
2,Running,2026-03-18 20:47:14,2026-03-18 20:48:07
8,Running,2026-03-18 20:46:08,2026-03-18 20:48:14
8,Starved,2026-03-18 20:48:14,2026-03-18 20:48:16
3,Blocked,2026-03-18 20:48:04,2026-03-18 20:48:25
2,Blocked,2026-03-18 20:48:07,2026-03-18 20:48:25
13,Running,2026-03-18 20:46:58,2026-03-18 20:49:02
13,Starved,2026-03-18 20:49:02,2026-03-18 20:49:11
8,Running,2026-03-18 20:48:16,2026-03-18 20:49:16
8,Starved,2026-03-18 20:49:16,2026-03-18 20:49:21
3,Running,2026-03-18 20:48:25,2026-03-18 20:49:21
3,Blocked,2026-03-18 20:49:21,2026-03-18 20:49:22
12,Running,2026-03-18 20:47:59,2026-03-18 20:50:03
12,Starved,2026-03-18 20:50:03,2026-03-18 20:50:07
3,Running,2026-03-18 20:49:22,2026-03-18 20:50:14
8,Running,2026-03-18 20:49:21,2026-03-18 20:50:17
5,Running,2026-03-18 19:54:08,2026-03-18 20:50:18
3,Blocked,2026-03-18 20:50:14,2026-03-18 20:50:23
8,Starved,2026-03-18 20:50:17,2026-03-18 20:50:29
12,Running,2026-03-18 20:50:07,2026-03-18 20:51:00
12,Starved,2026-03-18 20:51:00,2026-03-18 20:51:06
8,Running,2026-03-18 20:50:29,2026-03-18 20:51:23
3,Running,2026-03-18 20:50:23,2026-03-18 20:51:24
8,Starved,2026-03-18 20:51:23,2026-03-18 20:51:25
2,Running,2026-03-18 20:48:25,2026-03-18 20:51:44
3,Blocked,2026-03-18 20:51:24,2026-03-18 20:51:49
2,Blocked,2026-03-18 20:51:44,2026-03-18 20:51:49
11,Running,2026-03-18 20:48:04,2026-03-18 20:51:58
11,Starved,2026-03-18 20:51:58,2026-03-18 20:52:01
8,Running,2026-03-18 20:51:25,2026-03-18 20:52:21
8,Starved,2026-03-18 20:52:21,2026-03-18 20:52:36
3,Running,2026-03-18 20:51:49,2026-03-18 20:52:49
2,Running,2026-03-18 20:51:49,2026-03-18 20:52:49
11,Running,2026-03-18 20:52:01,2026-03-18 20:52:58
3,Blocked,2026-03-18 20:52:49,2026-03-18 20:53:06
2,Blocked,2026-03-18 20:52:49,2026-03-18 20:53:06
11,Starved,2026-03-18 20:52:58,2026-03-18 20:53:12
12,Running,2026-03-18 20:51:06,2026-03-18 20:54:07
2,Running,2026-03-18 20:53:06,2026-03-18 20:54:08
3,Running,2026-03-18 20:53:06,2026-03-18 20:54:16
12,Starved,2026-03-18 20:54:07,2026-03-18 20:54:19
3,Blocked,2026-03-18 20:54:16,2026-03-18 20:54:19
2,Blocked,2026-03-18 20:54:08,2026-03-18 20:54:19
8,Running,2026-03-18 20:52:36,2026-03-18 20:54:39
6,Running,2026-03-18 19:50:52,2026-03-18 20:54:42
8,Starved,2026-03-18 20:54:39,2026-03-18 20:54:44
3,Running,2026-03-18 20:54:19,2026-03-18 20:55:08
3,Blocked,2026-03-18 20:55:08,2026-03-18 20:55:11
8,Running,2026-03-18 20:54:44,2026-03-18 20:55:40
8,Starved,2026-03-18 20:55:40,2026-03-18 20:55:54
13,Running,2026-03-18 20:49:11,2026-03-18 20:56:33
13,Starved,2026-03-18 20:56:33,2026-03-18 20:56:38
3,Running,2026-03-18 20:55:11,2026-03-18 20:57:02
2,Running,2026-03-18 20:54:19,2026-03-18 20:57:10
3,Blocked,2026-03-18 20:57:02,2026-03-18 20:57:14
2,Blocked,2026-03-18 20:57:10,2026-03-18 20:57:14
6,Down,2026-03-18 20:54:42,2026-03-18 20:57:29
8,Running,2026-03-18 20:55:54,2026-03-18 20:57:55
8,Starved,2026-03-18 20:57:55,2026-03-18 20:57:58
2,Running,2026-03-18 20:57:14,2026-03-18 20:58:14
2,Blocked,2026-03-18 20:58:14,2026-03-18 20:58:17
8,Running,2026-03-18 20:57:58,2026-03-18 20:58:52
4,Running,2026-03-18 18:52:23,2026-03-18 20:58:58
11,Running,2026-03-18 20:53:12,2026-03-18 20:59:02
11,Starved,2026-03-18 20:59:02,2026-03-18 20:59:05
8,Starved,2026-03-18 20:58:52,2026-03-18 20:59:11
3,Running,2026-03-18 20:57:14,2026-03-18 20:59:14
2,Running,2026-03-18 20:58:17,2026-03-18 20:59:14
13,Running,2026-03-18 20:56:38,2026-03-18 20:59:32
13,Starved,2026-03-18 20:59:32,2026-03-18 20:59:38
1,Running,2026-03-18 18:34:19,2026-03-18 20:59:48
8,Running,2026-03-18 20:59:11,2026-03-18 21:01:19
13,Running,2026-03-18 20:59:38,2026-03-18 21:01:31
8,Starved,2026-03-18 21:01:19,2026-03-18 21:01:34
13,Starved,2026-03-18 21:01:31,2026-03-18 21:01:35
8,Running,2026-03-18 21:01:34,2026-03-18 21:02:36
8,Starved,2026-03-18 21:02:36,2026-03-18 21:02:39
8,Running,2026-03-18 21:02:39,2026-03-18 21:05:53
8,Starved,2026-03-18 21:05:53,2026-03-18 21:05:54
12,Running,2026-03-18 20:54:19,2026-03-18 21:07:04
12,Starved,2026-03-18 21:07:04,2026-03-18 21:07:09
8,Running,2026-03-18 21:05:54,2026-03-18 21:07:44
7,Running,2026-03-18 20:12:54,2026-03-18 21:07:44
8,Starved,2026-03-18 21:07:44,2026-03-18 21:07:44
12,Running,2026-03-18 21:07:09,2026-03-18 21:08:11
12,Starved,2026-03-18 21:08:11,2026-03-18 21:08:11
6,Running,2026-03-18 20:57:29,2026-03-18 21:08:23
7,Down,2026-03-18 21:07:44,2026-03-18 21:08:26
8,Running,2026-03-18 21:07:44,2026-03-18 21:08:43
9,Running,2026-03-18 20:18:10,2026-03-18 21:09:13
5,Down,2026-03-18 20:50:18,2026-03-18 21:09:14
4,Blocked,2026-03-18 20:58:58,2026-03-18 21:09:14
3,Blocked,2026-03-18 20:59:14,2026-03-18 21:09:14
2,Blocked,2026-03-18 20:59:14,2026-03-18 21:09:14
8,Starved,2026-03-18 21:08:43,2026-03-18 21:09:24
3,Running,2026-03-18 21:09:14,2026-03-18 21:10:06
6,Starved,2026-03-18 21:08:23,2026-03-18 21:10:09
3,Blocked,2026-03-18 21:10:06,2026-03-18 21:10:13
8,Running,2026-03-18 21:09:24,2026-03-18 21:10:26
8,Starved,2026-03-18 21:10:26,2026-03-18 21:10:46
3,Running,2026-03-18 21:10:13,2026-03-18 21:11:12
3,Blocked,2026-03-18 21:11:12,2026-03-18 21:11:21
8,Running,2026-03-18 21:10:46,2026-03-18 21:11:38
12,Running,2026-03-18 21:08:11,2026-03-18 21:12:13
12,Starved,2026-03-18 21:12:13,2026-03-18 21:12:13
9,Down,2026-03-18 21:09:13,2026-03-18 21:12:38
8,Blocked,2026-03-18 21:11:38,2026-03-18 21:12:38
12,Running,2026-03-18 21:12:13,2026-03-18 21:13:06
11,Running,2026-03-18 20:59:05,2026-03-18 21:13:15
12,Starved,2026-03-18 21:13:06,2026-03-18 21:13:15
8,Running,2026-03-18 21:12:38,2026-03-18 21:13:40
8,Blocked,2026-03-18 21:13:40,2026-03-18 21:13:44
12,Running,2026-03-18 21:13:15,2026-03-18 21:14:08
3,Running,2026-03-18 21:11:21,2026-03-18 21:14:17
3,Blocked,2026-03-18 21:14:17,2026-03-18 21:14:22
8,Running,2026-03-18 21:13:44,2026-03-18 21:14:45
8,Blocked,2026-03-18 21:14:45,2026-03-18 21:14:49
6,Running,2026-03-18 21:10:09,2026-03-18 21:15:09
6,Starved,2026-03-18 21:15:09,2026-03-18 21:15:15
13,Running,2026-03-18 21:01:35,2026-03-18 21:15:25
3,Running,2026-03-18 21:14:22,2026-03-18 21:16:19
3,Blocked,2026-03-18 21:16:19,2026-03-18 21:16:31
2,Down,2026-03-18 21:09:14,2026-03-18 21:16:53
1,Blocked,2026-03-18 20:59:48,2026-03-18 21:16:53
11,Down,2026-03-18 21:13:15,2026-03-18 21:17:21
3,Running,2026-03-18 21:16:31,2026-03-18 21:17:32
3,Blocked,2026-03-18 21:17:32,2026-03-18 21:17:33
8,Running,2026-03-18 21:14:49,2026-03-18 21:17:52
8,Blocked,2026-03-18 21:17:52,2026-03-18 21:18:02
1,Down,2026-03-18 21:16:53,2026-03-18 21:18:07
12,Starved,2026-03-18 21:14:08,2026-03-18 21:18:21
6,Running,2026-03-18 21:15:15,2026-03-18 21:18:21
3,Running,2026-03-18 21:17:33,2026-03-18 21:18:23
6,Starved,2026-03-18 21:18:21,2026-03-18 21:18:24
3,Blocked,2026-03-18 21:18:23,2026-03-18 21:18:59
1,Running,2026-03-18 21:18:07,2026-03-18 21:19:07
6,Running,2026-03-18 21:18:24,2026-03-18 21:19:16
12,Running,2026-03-18 21:18:21,2026-03-18 21:19:23
13,Starved,2026-03-18 21:15:25,2026-03-18 21:19:23
6,Starved,2026-03-18 21:19:16,2026-03-18 21:19:32
12,Down,2026-03-18 21:19:23,2026-03-18 21:19:45
3,Running,2026-03-18 21:18:59,2026-03-18 21:19:54
13,Running,2026-03-18 21:19:23,2026-03-18 21:20:18
3,Blocked,2026-03-18 21:19:54,2026-03-18 21:20:19
13,Starved,2026-03-18 21:20:18,2026-03-18 21:20:40
3,Running,2026-03-18 21:20:19,2026-03-18 21:21:21
6,Running,2026-03-18 21:19:32,2026-03-18 21:21:23
6,Starved,2026-03-18 21:21:23,2026-03-18 21:21:31
3,Blocked,2026-03-18 21:21:21,2026-03-18 21:21:36
12,Running,2026-03-18 21:19:45,2026-03-18 21:21:38
12,Starved,2026-03-18 21:21:38,2026-03-18 21:21:46
6,Running,2026-03-18 21:21:31,2026-03-18 21:22:30
3,Running,2026-03-18 21:21:36,2026-03-18 21:22:31
6,Starved,2026-03-18 21:22:30,2026-03-18 21:22:36
13,Running,2026-03-18 21:20:40,2026-03-18 21:22:43
12,Running,2026-03-18 21:21:46,2026-03-18 21:22:44
13,Starved,2026-03-18 21:22:43,2026-03-18 21:22:44
12,Starved,2026-03-18 21:22:44,2026-03-18 21:22:46
3,Blocked,2026-03-18 21:22:31,2026-03-18 21:22:53
8,Running,2026-03-18 21:18:02,2026-03-18 21:23:01
8,Blocked,2026-03-18 21:23:01,2026-03-18 21:23:13
6,Running,2026-03-18 21:22:36,2026-03-18 21:23:35
6,Starved,2026-03-18 21:23:35,2026-03-18 21:23:38
12,Running,2026-03-18 21:22:46,2026-03-18 21:23:43
12,Starved,2026-03-18 21:23:43,2026-03-18 21:23:47
3,Running,2026-03-18 21:22:53,2026-03-18 21:23:56
8,Running,2026-03-18 21:23:13,2026-03-18 21:24:10
3,Blocked,2026-03-18 21:23:56,2026-03-18 21:24:14
8,Blocked,2026-03-18 21:24:10,2026-03-18 21:24:21
13,Running,2026-03-18 21:22:44,2026-03-18 21:24:42
13,Starved,2026-03-18 21:24:42,2026-03-18 21:24:49
1,Down,2026-03-18 21:19:07,2026-03-18 21:25:05
3,Running,2026-03-18 21:24:14,2026-03-18 21:25:22
3,Blocked,2026-03-18 21:25:22,2026-03-18 21:25:40
13,Running,2026-03-18 21:24:49,2026-03-18 21:25:49
13,Starved,2026-03-18 21:25:49,2026-03-18 21:25:53
8,Down,2026-03-18 21:24:21,2026-03-18 21:28:07
3,Running,2026-03-18 21:25:40,2026-03-18 21:28:23
3,Blocked,2026-03-18 21:28:23,2026-03-18 21:28:59
13,Running,2026-03-18 21:25:53,2026-03-18 21:29:43
13,Starved,2026-03-18 21:29:43,2026-03-18 21:29:48
3,Running,2026-03-18 21:28:59,2026-03-18 21:30:01
10,Running,2026-03-18 20:42:54,2026-03-18 21:30:11
3,Blocked,2026-03-18 21:30:01,2026-03-18 21:30:19
13,Running,2026-03-18 21:29:48,2026-03-18 21:30:47
13,Starved,2026-03-18 21:30:47,2026-03-18 21:30:50
3,Running,2026-03-18 21:30:19,2026-03-18 21:31:13
6,Running,2026-03-18 21:23:38,2026-03-18 21:31:24
3,Blocked,2026-03-18 21:31:13,2026-03-18 21:31:24
6,Starved,2026-03-18 21:31:24,2026-03-18 21:31:26
13,Running,2026-03-18 21:30:50,2026-03-18 21:31:43
12,Running,2026-03-18 21:23:47,2026-03-18 21:31:48
13,Starved,2026-03-18 21:31:43,2026-03-18 21:31:48
6,Running,2026-03-18 21:31:26,2026-03-18 21:32:22
6,Starved,2026-03-18 21:32:22,2026-03-18 21:32:27
3,Running,2026-03-18 21:31:24,2026-03-18 21:32:30
3,Blocked,2026-03-18 21:32:30,2026-03-18 21:32:36
13,Running,2026-03-18 21:31:48,2026-03-18 21:32:45
6,Running,2026-03-18 21:32:27,2026-03-18 21:33:20
6,Starved,2026-03-18 21:33:20,2026-03-18 21:33:31
3,Running,2026-03-18 21:32:36,2026-03-18 21:33:35
3,Blocked,2026-03-18 21:33:35,2026-03-18 21:33:47
3,Running,2026-03-18 21:33:47,2026-03-18 21:34:38
3,Blocked,2026-03-18 21:34:38,2026-03-18 21:34:43
11,Running,2026-03-18 21:17:21,2026-03-18 21:36:13
12,Down,2026-03-18 21:31:48,2026-03-18 21:36:20
9,Running,2026-03-18 21:12:38,2026-03-18 21:36:57
13,Starved,2026-03-18 21:32:45,2026-03-18 21:37:26
13,Running,2026-03-18 21:37:26,2026-03-18 21:38:26
13,Starved,2026-03-18 21:38:26,2026-03-18 21:38:30
3,Running,2026-03-18 21:34:43,2026-03-18 21:38:54
3,Blocked,2026-03-18 21:38:54,2026-03-18 21:39:18
6,Running,2026-03-18 21:33:31,2026-03-18 21:39:22
6,Starved,2026-03-18 21:39:22,2026-03-18 21:39:26
8,Running,2026-03-18 21:28:07,2026-03-18 21:39:32
3,Running,2026-03-18 21:39:18,2026-03-18 21:40:17
3,Blocked,2026-03-18 21:40:17,2026-03-18 21:40:29
3,Running,2026-03-18 21:40:29,2026-03-18 21:41:37
3,Blocked,2026-03-18 21:41:37,2026-03-18 21:41:38
12,Running,2026-03-18 21:36:20,2026-03-18 21:42:37
3,Running,2026-03-18 21:41:38,2026-03-18 21:42:39
3,Blocked,2026-03-18 21:42:39,2026-03-18 21:42:42
6,Running,2026-03-18 21:39:26,2026-03-18 21:43:31
6,Starved,2026-03-18 21:43:31,2026-03-18 21:43:33
13,Running,2026-03-18 21:38:30,2026-03-18 21:43:56
6,Running,2026-03-18 21:43:33,2026-03-18 21:44:25
6,Starved,2026-03-18 21:44:25,2026-03-18 21:44:31
3,Running,2026-03-18 21:42:42,2026-03-18 21:44:50
3,Blocked,2026-03-18 21:44:50,2026-03-18 21:44:59
6,Running,2026-03-18 21:44:31,2026-03-18 21:45:26
6,Starved,2026-03-18 21:45:26,2026-03-18 21:45:41
3,Running,2026-03-18 21:44:59,2026-03-18 21:46:03
3,Blocked,2026-03-18 21:46:03,2026-03-18 21:46:35
3,Running,2026-03-18 21:46:35,2026-03-18 21:47:31
3,Blocked,2026-03-18 21:47:31,2026-03-18 21:47:58
10,Down,2026-03-18 21:30:11,2026-03-18 21:48:22
9,Blocked,2026-03-18 21:36:57,2026-03-18 21:48:22
8,Blocked,2026-03-18 21:39:32,2026-03-18 21:48:22
3,Running,2026-03-18 21:47:58,2026-03-18 21:48:58
9,Running,2026-03-18 21:48:22,2026-03-18 21:49:16
3,Blocked,2026-03-18 21:48:58,2026-03-18 21:49:22
11,Starved,2026-03-18 21:36:13,2026-03-18 21:49:23
9,Blocked,2026-03-18 21:49:16,2026-03-18 21:49:23
8,Down,2026-03-18 21:48:22,2026-03-18 21:49:32
12,Starved,2026-03-18 21:42:37,2026-03-18 21:50:30
12,Running,2026-03-18 21:50:30,2026-03-18 21:51:18
13,Starved,2026-03-18 21:43:56,2026-03-18 21:51:18
12,Starved,2026-03-18 21:51:18,2026-03-18 21:51:27
13,Running,2026-03-18 21:51:18,2026-03-18 21:52:25
13,Starved,2026-03-18 21:52:25,2026-03-18 21:52:32
11,Running,2026-03-18 21:49:23,2026-03-18 21:53:08
11,Starved,2026-03-18 21:53:08,2026-03-18 21:53:22
12,Running,2026-03-18 21:51:27,2026-03-18 21:53:24
11,Running,2026-03-18 21:53:22,2026-03-18 21:54:19
11,Starved,2026-03-18 21:54:19,2026-03-18 21:54:28
13,Running,2026-03-18 21:52:32,2026-03-18 21:54:52
12,Down,2026-03-18 21:53:24,2026-03-18 21:55:17
13,Starved,2026-03-18 21:54:52,2026-03-18 21:56:13
13,Running,2026-03-18 21:56:13,2026-03-18 21:57:08
13,Starved,2026-03-18 21:57:08,2026-03-18 21:57:16
3,Running,2026-03-18 21:49:22,2026-03-18 21:57:31
3,Blocked,2026-03-18 21:57:31,2026-03-18 21:57:50
13,Running,2026-03-18 21:57:16,2026-03-18 21:58:25
3,Running,2026-03-18 21:57:50,2026-03-18 21:58:56
3,Blocked,2026-03-18 21:58:56,2026-03-18 21:59:05
8,Running,2026-03-18 21:49:32,2026-03-18 22:00:22
8,Blocked,2026-03-18 22:00:22,2026-03-18 22:00:22
8,Running,2026-03-18 22:00:22,2026-03-18 22:01:18
8,Blocked,2026-03-18 22:01:18,2026-03-18 22:01:28
8,Running,2026-03-18 22:01:28,2026-03-18 22:02:19
8,Blocked,2026-03-18 22:02:19,2026-03-18 22:02:28
13,Down,2026-03-18 21:58:25,2026-03-18 22:02:53
3,Running,2026-03-18 21:59:05,2026-03-18 22:03:17
3,Blocked,2026-03-18 22:03:17,2026-03-18 22:03:20
3,Running,2026-03-18 22:03:20,2026-03-18 22:04:17
3,Blocked,2026-03-18 22:04:17,2026-03-18 22:04:25
11,Running,2026-03-18 21:54:28,2026-03-18 22:04:35
11,Starved,2026-03-18 22:04:35,2026-03-18 22:04:40
8,Running,2026-03-18 22:02:28,2026-03-18 22:05:38
8,Blocked,2026-03-18 22:05:38,2026-03-18 22:05:41
11,Running,2026-03-18 22:04:40,2026-03-18 22:06:44
11,Starved,2026-03-18 22:06:44,2026-03-18 22:06:44
3,Running,2026-03-18 22:04:25,2026-03-18 22:07:27
3,Blocked,2026-03-18 22:07:27,2026-03-18 22:07:30
2,Running,2026-03-18 21:16:53,2026-03-18 22:08:20
3,Running,2026-03-18 22:07:30,2026-03-18 22:08:43
3,Blocked,2026-03-18 22:08:43,2026-03-18 22:08:49
2,Down,2026-03-18 22:08:20,2026-03-18 22:10:02
8,Running,2026-03-18 22:05:41,2026-03-18 22:10:46
8,Blocked,2026-03-18 22:10:46,2026-03-18 22:10:48
8,Running,2026-03-18 22:10:48,2026-03-18 22:11:53
8,Blocked,2026-03-18 22:11:53,2026-03-18 22:12:06
11,Running,2026-03-18 22:06:44,2026-03-18 22:13:45
11,Starved,2026-03-18 22:13:45,2026-03-18 22:13:45
8,Running,2026-03-18 22:12:06,2026-03-18 22:14:20
8,Down,2026-03-18 22:14:20,2026-03-18 22:14:20
11,Running,2026-03-18 22:13:45,2026-03-18 22:14:50
3,Running,2026-03-18 22:08:49,2026-03-18 22:14:55
11,Starved,2026-03-18 22:14:50,2026-03-18 22:14:58
3,Blocked,2026-03-18 22:14:55,2026-03-18 22:15:22
11,Running,2026-03-18 22:14:58,2026-03-18 22:15:57
11,Starved,2026-03-18 22:15:57,2026-03-18 22:16:02
8,Running,2026-03-18 22:14:20,2026-03-18 22:16:13
3,Running,2026-03-18 22:15:22,2026-03-18 22:16:22
8,Blocked,2026-03-18 22:16:13,2026-03-18 22:16:29
3,Blocked,2026-03-18 22:16:22,2026-03-18 22:16:35
8,Running,2026-03-18 22:16:29,2026-03-18 22:17:28
8,Blocked,2026-03-18 22:17:28,2026-03-18 22:17:29
3,Running,2026-03-18 22:16:35,2026-03-18 22:17:29
3,Blocked,2026-03-18 22:17:29,2026-03-18 22:17:32
8,Running,2026-03-18 22:17:29,2026-03-18 22:18:22
8,Blocked,2026-03-18 22:18:22,2026-03-18 22:18:31
3,Running,2026-03-18 22:17:32,2026-03-18 22:18:37
3,Blocked,2026-03-18 22:18:37,2026-03-18 22:18:45
3,Running,2026-03-18 22:18:45,2026-03-18 22:19:37
3,Blocked,2026-03-18 22:19:37,2026-03-18 22:19:58
3,Running,2026-03-18 22:19:58,2026-03-18 22:20:56
3,Blocked,2026-03-18 22:20:56,2026-03-18 22:20:59
11,Running,2026-03-18 22:16:02,2026-03-18 22:21:05
11,Starved,2026-03-18 22:21:05,2026-03-18 22:21:09
3,Running,2026-03-18 22:20:59,2026-03-18 22:21:55
3,Blocked,2026-03-18 22:21:55,2026-03-18 22:22:00
11,Running,2026-03-18 22:21:09,2026-03-18 22:22:03
11,Starved,2026-03-18 22:22:03,2026-03-18 22:22:11
11,Running,2026-03-18 22:22:11,2026-03-18 22:23:07
11,Starved,2026-03-18 22:23:07,2026-03-18 22:23:08
8,Running,2026-03-18 22:18:31,2026-03-18 22:23:14
8,Blocked,2026-03-18 22:23:14,2026-03-18 22:23:21
3,Running,2026-03-18 22:22:00,2026-03-18 22:23:48
3,Blocked,2026-03-18 22:23:48,2026-03-18 22:23:53
3,Running,2026-03-18 22:23:53,2026-03-18 22:24:44
3,Blocked,2026-03-18 22:24:44,2026-03-18 22:25:14
8,Running,2026-03-18 22:23:21,2026-03-18 22:25:31
8,Blocked,2026-03-18 22:25:31,2026-03-18 22:25:37
8,Running,2026-03-18 22:25:37,2026-03-18 22:26:31
8,Blocked,2026-03-18 22:26:31,2026-03-18 22:26:42
8,Running,2026-03-18 22:26:42,2026-03-18 22:27:52
8,Blocked,2026-03-18 22:27:52,2026-03-18 22:28:03
8,Running,2026-03-18 22:28:03,2026-03-18 22:29:12
8,Blocked,2026-03-18 22:29:12,2026-03-18 22:29:19
8,Running,2026-03-18 22:29:19,2026-03-18 22:30:12
8,Blocked,2026-03-18 22:30:12,2026-03-18 22:30:23
6,Running,2026-03-18 21:45:41,2026-03-18 22:30:58
8,Running,2026-03-18 22:30:23,2026-03-18 22:31:27
8,Blocked,2026-03-18 22:31:27,2026-03-18 22:31:42
3,Running,2026-03-18 22:25:14,2026-03-18 22:32:32
3,Blocked,2026-03-18 22:32:32,2026-03-18 22:32:52
8,Running,2026-03-18 22:31:42,2026-03-18 22:33:47
3,Running,2026-03-18 22:32:52,2026-03-18 22:33:49
3,Blocked,2026-03-18 22:33:49,2026-03-18 22:34:02
8,Blocked,2026-03-18 22:33:47,2026-03-18 22:34:02
8,Running,2026-03-18 22:34:02,2026-03-18 22:34:48
8,Blocked,2026-03-18 22:34:48,2026-03-18 22:35:04
3,Running,2026-03-18 22:34:02,2026-03-18 22:35:59
8,Running,2026-03-18 22:35:04,2026-03-18 22:36:03
8,Blocked,2026-03-18 22:36:03,2026-03-18 22:36:03
3,Blocked,2026-03-18 22:35:59,2026-03-18 22:36:11
10,Running,2026-03-18 21:48:22,2026-03-18 22:36:54
3,Running,2026-03-18 22:36:11,2026-03-18 22:37:12
2,Running,2026-03-18 22:10:02,2026-03-18 22:37:28
3,Blocked,2026-03-18 22:37:12,2026-03-18 22:37:46
2,Blocked,2026-03-18 22:37:28,2026-03-18 22:37:46
8,Down,2026-03-18 22:36:03,2026-03-18 22:38:08
11,Running,2026-03-18 22:23:08,2026-03-18 22:38:09
2,Running,2026-03-18 22:37:46,2026-03-18 22:38:45
2,Blocked,2026-03-18 22:38:45,2026-03-18 22:38:47
6,Down,2026-03-18 22:30:58,2026-03-18 22:38:47
2,Running,2026-03-18 22:38:47,2026-03-18 22:39:45
2,Blocked,2026-03-18 22:39:45,2026-03-18 22:39:51
12,Running,2026-03-18 21:55:17,2026-03-18 22:39:56
9,Running,2026-03-18 21:49:23,2026-03-18 22:40:01
2,Running,2026-03-18 22:39:51,2026-03-18 22:40:48
2,Blocked,2026-03-18 22:40:48,2026-03-18 22:40:51
8,Running,2026-03-18 22:38:08,2026-03-18 22:42:22
3,Running,2026-03-18 22:37:46,2026-03-18 22:42:44
2,Running,2026-03-18 22:40:51,2026-03-18 22:42:59
3,Blocked,2026-03-18 22:42:44,2026-03-18 22:43:03
2,Blocked,2026-03-18 22:42:59,2026-03-18 22:43:03
10,Down,2026-03-18 22:36:54,2026-03-18 22:43:38
9,Blocked,2026-03-18 22:40:01,2026-03-18 22:43:38
2,Running,2026-03-18 22:43:03,2026-03-18 22:44:03
3,Running,2026-03-18 22:43:03,2026-03-18 22:44:04
3,Blocked,2026-03-18 22:44:04,2026-03-18 22:44:07
2,Blocked,2026-03-18 22:44:03,2026-03-18 22:44:07
11,Starved,2026-03-18 22:38:09,2026-03-18 22:44:42
9,Down,2026-03-18 22:43:38,2026-03-18 22:44:42
8,Blocked,2026-03-18 22:42:22,2026-03-18 22:44:42
3,Running,2026-03-18 22:44:07,2026-03-18 22:44:59
2,Running,2026-03-18 22:44:07,2026-03-18 22:45:11
1,Running,2026-03-18 21:25:05,2026-03-18 22:45:28
3,Blocked,2026-03-18 22:44:59,2026-03-18 22:45:29
2,Blocked,2026-03-18 22:45:11,2026-03-18 22:45:29
8,Running,2026-03-18 22:44:42,2026-03-18 22:45:32
12,Starved,2026-03-18 22:39:56,2026-03-18 22:45:54
8,Blocked,2026-03-18 22:45:32,2026-03-18 22:46:01
2,Running,2026-03-18 22:45:29,2026-03-18 22:46:33
2,Blocked,2026-03-18 22:46:33,2026-03-18 22:46:33
7,Running,2026-03-18 21:08:26,2026-03-18 22:46:40
12,Running,2026-03-18 22:45:54,2026-03-18 22:46:54
3,Running,2026-03-18 22:45:29,2026-03-18 22:47:27
3,Blocked,2026-03-18 22:47:27,2026-03-18 22:47:33
13,Running,2026-03-18 22:02:53,2026-03-18 22:48:10
10,Running,2026-03-18 22:43:38,2026-03-18 22:48:32
3,Running,2026-03-18 22:47:33,2026-03-18 22:49:39
2,Running,2026-03-18 22:46:33,2026-03-18 22:49:45
3,Blocked,2026-03-18 22:49:39,2026-03-18 22:49:50
2,Blocked,2026-03-18 22:49:45,2026-03-18 22:49:50
11,Running,2026-03-18 22:44:42,2026-03-18 22:49:54
9,Running,2026-03-18 22:44:42,2026-03-18 22:50:02
2,Running,2026-03-18 22:49:50,2026-03-18 22:50:43
3,Running,2026-03-18 22:49:50,2026-03-18 22:50:51
3,Blocked,2026-03-18 22:50:51,2026-03-18 22:51:00
2,Blocked,2026-03-18 22:50:43,2026-03-18 22:51:00
1,Down,2026-03-18 22:45:28,2026-03-18 22:51:06
2,Running,2026-03-18 22:51:00,2026-03-18 22:51:59
3,Running,2026-03-18 22:51:00,2026-03-18 22:52:00
3,Blocked,2026-03-18 22:52:00,2026-03-18 22:52:09
2,Blocked,2026-03-18 22:51:59,2026-03-18 22:52:09
2,Running,2026-03-18 22:52:09,2026-03-18 22:53:03
12,Down,2026-03-18 22:46:54,2026-03-18 22:53:13
2,Blocked,2026-03-18 22:53:03,2026-03-18 22:53:15
13,Starved,2026-03-18 22:48:10,2026-03-18 22:54:02
2,Running,2026-03-18 22:53:15,2026-03-18 22:54:05
2,Blocked,2026-03-18 22:54:05,2026-03-18 22:54:19
13,Running,2026-03-18 22:54:02,2026-03-18 22:54:51
13,Starved,2026-03-18 22:54:51,2026-03-18 22:55:03
2,Running,2026-03-18 22:54:19,2026-03-18 22:55:17
2,Blocked,2026-03-18 22:55:17,2026-03-18 22:55:23
13,Running,2026-03-18 22:55:03,2026-03-18 22:55:57
13,Starved,2026-03-18 22:55:57,2026-03-18 22:56:01
8,Down,2026-03-18 22:46:01,2026-03-18 22:56:19
7,Blocked,2026-03-18 22:46:40,2026-03-18 22:56:19
2,Running,2026-03-18 22:55:23,2026-03-18 22:56:23
3,Running,2026-03-18 22:52:09,2026-03-18 22:56:29
3,Blocked,2026-03-18 22:56:29,2026-03-18 22:56:53
2,Blocked,2026-03-18 22:56:23,2026-03-18 22:56:53
12,Running,2026-03-18 22:53:13,2026-03-18 22:56:54
2,Running,2026-03-18 22:56:53,2026-03-18 22:57:45
3,Running,2026-03-18 22:56:53,2026-03-18 22:57:56
13,Running,2026-03-18 22:56:01,2026-03-18 22:57:59
3,Blocked,2026-03-18 22:57:56,2026-03-18 22:58:20
2,Blocked,2026-03-18 22:57:45,2026-03-18 22:58:20
2,Running,2026-03-18 22:58:20,2026-03-18 22:59:19
3,Running,2026-03-18 22:58:20,2026-03-18 22:59:23
3,Blocked,2026-03-18 22:59:23,2026-03-18 22:59:33
2,Blocked,2026-03-18 22:59:19,2026-03-18 22:59:33
3,Running,2026-03-18 22:59:33,2026-03-18 23:00:25
8,Running,2026-03-18 22:56:19,2026-03-18 23:00:28
10,Down,2026-03-18 22:48:32,2026-03-18 23:00:32
9,Blocked,2026-03-18 22:50:02,2026-03-18 23:00:32
8,Blocked,2026-03-18 23:00:28,2026-03-18 23:00:32
2,Running,2026-03-18 22:59:33,2026-03-18 23:00:41
3,Blocked,2026-03-18 23:00:25,2026-03-18 23:00:59
2,Blocked,2026-03-18 23:00:41,2026-03-18 23:00:59
8,Running,2026-03-18 23:00:32,2026-03-18 23:01:29
11,Starved,2026-03-18 22:49:54,2026-03-18 23:01:38
7,Running,2026-03-18 22:56:19,2026-03-18 23:01:45
3,Running,2026-03-18 23:00:59,2026-03-18 23:01:47
2,Running,2026-03-18 23:00:59,2026-03-18 23:01:55
8,Blocked,2026-03-18 23:01:29,2026-03-18 23:01:55
7,Blocked,2026-03-18 23:01:45,2026-03-18 23:01:55
4,Running,2026-03-18 21:09:14,2026-03-18 23:01:58
12,Starved,2026-03-18 22:56:54,2026-03-18 23:02:46
7,Running,2026-03-18 23:01:55,2026-03-18 23:02:48
7,Blocked,2026-03-18 23:02:48,2026-03-18 23:02:54
5,Running,2026-03-18 21:09:14,2026-03-18 23:03:24
8,Running,2026-03-18 23:01:55,2026-03-18 23:03:42
12,Running,2026-03-18 23:02:46,2026-03-18 23:03:43
13,Starved,2026-03-18 22:57:59,2026-03-18 23:03:43
8,Blocked,2026-03-18 23:03:42,2026-03-18 23:03:51
12,Starved,2026-03-18 23:03:43,2026-03-18 23:03:55
13,Running,2026-03-18 23:03:43,2026-03-18 23:04:46
13,Starved,2026-03-18 23:04:46,2026-03-18 23:04:53
13,Running,2026-03-18 23:04:53,2026-03-18 23:05:54
13,Starved,2026-03-18 23:05:54,2026-03-18 23:06:01
12,Running,2026-03-18 23:03:55,2026-03-18 23:06:48
8,Running,2026-03-18 23:03:51,2026-03-18 23:07:09
7,Running,2026-03-18 23:02:54,2026-03-18 23:07:16
8,Blocked,2026-03-18 23:07:09,2026-03-18 23:07:22
7,Blocked,2026-03-18 23:07:16,2026-03-18 23:07:22
1,Running,2026-03-18 22:51:06,2026-03-18 23:07:24
13,Running,2026-03-18 23:06:01,2026-03-18 23:07:50
11,Running,2026-03-18 23:01:38,2026-03-18 23:07:50
11,Starved,2026-03-18 23:07:50,2026-03-18 23:07:53
7,Running,2026-03-18 23:07:22,2026-03-18 23:08:18
8,Running,2026-03-18 23:07:22,2026-03-18 23:08:27
8,Blocked,2026-03-18 23:08:27,2026-03-18 23:08:40
7,Blocked,2026-03-18 23:08:18,2026-03-18 23:08:40
11,Running,2026-03-18 23:07:53,2026-03-18 23:08:49
11,Starved,2026-03-18 23:08:49,2026-03-18 23:08:54
8,Running,2026-03-18 23:08:40,2026-03-18 23:09:37
7,Running,2026-03-18 23:08:40,2026-03-18 23:09:46
8,Blocked,2026-03-18 23:09:37,2026-03-18 23:10:04
7,Blocked,2026-03-18 23:09:46,2026-03-18 23:10:04
11,Running,2026-03-18 23:08:54,2026-03-18 23:10:58
4,Down,2026-03-18 23:01:58,2026-03-18 23:10:58
3,Blocked,2026-03-18 23:01:47,2026-03-18 23:10:58
2,Blocked,2026-03-18 23:01:55,2026-03-18 23:10:58
1,Blocked,2026-03-18 23:07:24,2026-03-18 23:10:58
8,Running,2026-03-18 23:10:04,2026-03-18 23:11:05
11,Starved,2026-03-18 23:10:58,2026-03-18 23:11:06
7,Running,2026-03-18 23:10:04,2026-03-18 23:11:15
8,Blocked,2026-03-18 23:11:05,2026-03-18 23:11:25
7,Blocked,2026-03-18 23:11:15,2026-03-18 23:11:25
12,Down,2026-03-18 23:06:48,2026-03-18 23:11:38
2,Running,2026-03-18 23:10:58,2026-03-18 23:11:53
1,Running,2026-03-18 23:10:58,2026-03-18 23:11:56
5,Starved,2026-03-18 23:03:24,2026-03-18 23:11:58
11,Running,2026-03-18 23:11:06,2026-03-18 23:12:00
2,Blocked,2026-03-18 23:11:53,2026-03-18 23:12:07
1,Blocked,2026-03-18 23:11:56,2026-03-18 23:12:07
11,Starved,2026-03-18 23:12:00,2026-03-18 23:12:09
13,Starved,2026-03-18 23:07:50,2026-03-18 23:12:38
6,Running,2026-03-18 22:38:47,2026-03-18 23:12:54
3,Running,2026-03-18 23:10:58,2026-03-18 23:13:01
5,Running,2026-03-18 23:11:58,2026-03-18 23:13:01
6,Starved,2026-03-18 23:12:54,2026-03-18 23:13:01
3,Blocked,2026-03-18 23:13:01,2026-03-18 23:13:08
6,Running,2026-03-18 23:13:01,2026-03-18 23:13:58
11,Running,2026-03-18 23:12:09,2026-03-18 23:14:04
3,Running,2026-03-18 23:13:08,2026-03-18 23:14:06
11,Starved,2026-03-18 23:14:04,2026-03-18 23:14:09
1,Running,2026-03-18 23:12:07,2026-03-18 23:14:12
2,Running,2026-03-18 23:12:07,2026-03-18 23:14:13
3,Blocked,2026-03-18 23:14:06,2026-03-18 23:14:19
2,Blocked,2026-03-18 23:14:13,2026-03-18 23:14:19
1,Blocked,2026-03-18 23:14:12,2026-03-18 23:14:19
3,Running,2026-03-18 23:14:19,2026-03-18 23:15:08
11,Running,2026-03-18 23:14:09,2026-03-18 23:15:11
11,Starved,2026-03-18 23:15:11,2026-03-18 23:15:13
1,Running,2026-03-18 23:14:19,2026-03-18 23:15:19
2,Running,2026-03-18 23:14:19,2026-03-18 23:15:23
8,Running,2026-03-18 23:11:25,2026-03-18 23:15:30
3,Blocked,2026-03-18 23:15:08,2026-03-18 23:15:37
2,Blocked,2026-03-18 23:15:23,2026-03-18 23:15:37
1,Blocked,2026-03-18 23:15:19,2026-03-18 23:15:37
8,Blocked,2026-03-18 23:15:30,2026-03-18 23:15:40
5,Down,2026-03-18 23:13:01,2026-03-18 23:16:13
13,Running,2026-03-18 23:12:38,2026-03-18 23:16:28
13,Starved,2026-03-18 23:16:28,2026-03-18 23:16:30
8,Running,2026-03-18 23:15:40,2026-03-18 23:16:32
8,Blocked,2026-03-18 23:16:32,2026-03-18 23:16:38
3,Running,2026-03-18 23:15:37,2026-03-18 23:16:44
3,Blocked,2026-03-18 23:16:44,2026-03-18 23:16:45
11,Running,2026-03-18 23:15:13,2026-03-18 23:17:03
6,Starved,2026-03-18 23:13:58,2026-03-18 23:17:04
11,Starved,2026-03-18 23:17:03,2026-03-18 23:17:17
2,Running,2026-03-18 23:15:37,2026-03-18 23:17:43
1,Running,2026-03-18 23:15:37,2026-03-18 23:17:45
3,Running,2026-03-18 23:16:45,2026-03-18 23:17:50
3,Blocked,2026-03-18 23:17:50,2026-03-18 23:17:52
2,Blocked,2026-03-18 23:17:43,2026-03-18 23:17:52
1,Blocked,2026-03-18 23:17:45,2026-03-18 23:17:52
8,Running,2026-03-18 23:16:38,2026-03-18 23:18:43
2,Running,2026-03-18 23:17:52,2026-03-18 23:18:43
8,Blocked,2026-03-18 23:18:43,2026-03-18 23:18:44
1,Running,2026-03-18 23:17:52,2026-03-18 23:18:54
2,Blocked,2026-03-18 23:18:43,2026-03-18 23:19:00
1,Blocked,2026-03-18 23:18:54,2026-03-18 23:19:00
11,Running,2026-03-18 23:17:17,2026-03-18 23:19:15
11,Starved,2026-03-18 23:19:15,2026-03-18 23:19:17
8,Running,2026-03-18 23:18:44,2026-03-18 23:19:48
8,Blocked,2026-03-18 23:19:48,2026-03-18 23:20:04
13,Running,2026-03-18 23:16:30,2026-03-18 23:20:29
13,Starved,2026-03-18 23:20:29,2026-03-18 23:20:32
1,Running,2026-03-18 23:19:00,2026-03-18 23:20:59
1,Blocked,2026-03-18 23:20:59,2026-03-18 23:21:04
8,Running,2026-03-18 23:20:04,2026-03-18 23:21:11
13,Running,2026-03-18 23:20:32,2026-03-18 23:21:22
8,Blocked,2026-03-18 23:21:11,2026-03-18 23:21:23
13,Starved,2026-03-18 23:21:22,2026-03-18 23:21:23
1,Running,2026-03-18 23:21:04,2026-03-18 23:21:55
1,Blocked,2026-03-18 23:21:55,2026-03-18 23:22:06
8,Running,2026-03-18 23:21:23,2026-03-18 23:22:17
13,Running,2026-03-18 23:21:23,2026-03-18 23:22:19
13,Starved,2026-03-18 23:22:19,2026-03-18 23:22:27
8,Blocked,2026-03-18 23:22:17,2026-03-18 23:22:34
1,Running,2026-03-18 23:22:06,2026-03-18 23:23:02
1,Blocked,2026-03-18 23:23:02,2026-03-18 23:23:07
13,Running,2026-03-18 23:22:27,2026-03-18 23:24:27
13,Starved,2026-03-18 23:24:27,2026-03-18 23:24:28
8,Running,2026-03-18 23:22:34,2026-03-18 23:24:41
8,Blocked,2026-03-18 23:24:41,2026-03-18 23:24:42
1,Running,2026-03-18 23:23:07,2026-03-18 23:25:03
1,Blocked,2026-03-18 23:25:03,2026-03-18 23:25:11
13,Running,2026-03-18 23:24:28,2026-03-18 23:25:30
13,Starved,2026-03-18 23:25:30,2026-03-18 23:25:32
3,Running,2026-03-18 23:17:52,2026-03-18 23:26:05
6,Running,2026-03-18 23:17:04,2026-03-18 23:26:06
2,Running,2026-03-18 23:19:00,2026-03-18 23:26:07
3,Blocked,2026-03-18 23:26:05,2026-03-18 23:26:08
2,Blocked,2026-03-18 23:26:07,2026-03-18 23:26:08
2,Running,2026-03-18 23:26:08,2026-03-18 23:27:11
3,Running,2026-03-18 23:26:08,2026-03-18 23:27:13
3,Blocked,2026-03-18 23:27:13,2026-03-18 23:27:16
2,Blocked,2026-03-18 23:27:11,2026-03-18 23:27:16
3,Running,2026-03-18 23:27:16,2026-03-18 23:28:15
3,Blocked,2026-03-18 23:28:15,2026-03-18 23:28:20
2,Running,2026-03-18 23:27:16,2026-03-18 23:28:23
1,Running,2026-03-18 23:25:11,2026-03-18 23:28:23
6,Down,2026-03-18 23:26:06,2026-03-18 23:29:30
8,Running,2026-03-18 23:24:42,2026-03-18 23:30:44
8,Blocked,2026-03-18 23:30:44,2026-03-18 23:30:55
3,Down,2026-03-18 23:28:20,2026-03-18 23:31:27
2,Blocked,2026-03-18 23:28:23,2026-03-18 23:31:27
1,Blocked,2026-03-18 23:28:23,2026-03-18 23:31:27
11,Running,2026-03-18 23:19:17,2026-03-18 23:31:38
11,Starved,2026-03-18 23:31:38,2026-03-18 23:31:39
1,Running,2026-03-18 23:31:27,2026-03-18 23:32:22
1,Blocked,2026-03-18 23:32:22,2026-03-18 23:32:29
11,Running,2026-03-18 23:31:39,2026-03-18 23:32:33
11,Starved,2026-03-18 23:32:33,2026-03-18 23:32:45
11,Running,2026-03-18 23:32:45,2026-03-18 23:33:44
11,Starved,2026-03-18 23:33:44,2026-03-18 23:33:48
8,Running,2026-03-18 23:30:55,2026-03-18 23:37:06
8,Blocked,2026-03-18 23:37:06,2026-03-18 23:37:17
2,Running,2026-03-18 23:31:27,2026-03-18 23:39:28
2,Blocked,2026-03-18 23:39:28,2026-03-18 23:39:29
2,Running,2026-03-18 23:39:29,2026-03-18 23:40:22
2,Blocked,2026-03-18 23:40:22,2026-03-18 23:40:28
2,Running,2026-03-18 23:40:28,2026-03-18 23:41:24
2,Blocked,2026-03-18 23:41:24,2026-03-18 23:41:34
8,Running,2026-03-18 23:37:17,2026-03-18 23:43:13
8,Blocked,2026-03-18 23:43:13,2026-03-18 23:43:23
2,Running,2026-03-18 23:41:34,2026-03-18 23:44:34
1,Running,2026-03-18 23:32:29,2026-03-18 23:44:45
2,Down,2026-03-18 23:44:34,2026-03-18 23:44:47
1,Blocked,2026-03-18 23:44:45,2026-03-18 23:44:47
11,Running,2026-03-18 23:33:48,2026-03-18 23:47:03
10,Running,2026-03-18 23:00:32,2026-03-18 23:47:11
11,Starved,2026-03-18 23:47:03,2026-03-18 23:47:11
13,Running,2026-03-18 23:25:32,2026-03-18 23:47:14
13,Starved,2026-03-18 23:47:14,2026-03-18 23:47:26
10,Down,2026-03-18 23:47:11,2026-03-18 23:47:35
11,Running,2026-03-18 23:47:11,2026-03-18 23:48:06
13,Running,2026-03-18 23:47:26,2026-03-18 23:48:15
13,Starved,2026-03-18 23:48:15,2026-03-18 23:48:28
11,Starved,2026-03-18 23:48:06,2026-03-18 23:48:29
13,Running,2026-03-18 23:48:28,2026-03-18 23:49:19
13,Starved,2026-03-18 23:49:19,2026-03-18 23:49:32
1,Running,2026-03-18 23:44:47,2026-03-18 23:49:36
1,Blocked,2026-03-18 23:49:36,2026-03-18 23:49:42
13,Running,2026-03-18 23:49:32,2026-03-18 23:52:25
13,Starved,2026-03-18 23:52:25,2026-03-18 23:52:31
8,Running,2026-03-18 23:43:23,2026-03-18 23:52:32
8,Blocked,2026-03-18 23:52:32,2026-03-18 23:52:36
11,Running,2026-03-18 23:48:29,2026-03-18 23:52:41
11,Starved,2026-03-18 23:52:41,2026-03-18 23:52:41
1,Running,2026-03-18 23:49:42,2026-03-18 23:52:50
1,Blocked,2026-03-18 23:52:50,2026-03-18 23:53:01
8,Running,2026-03-18 23:52:36,2026-03-18 23:53:31
13,Running,2026-03-18 23:52:31,2026-03-18 23:53:32
13,Starved,2026-03-18 23:53:32,2026-03-18 23:53:39
8,Blocked,2026-03-18 23:53:31,2026-03-18 23:53:52
5,Running,2026-03-18 23:16:13,2026-03-18 23:53:57
5,Starved,2026-03-18 23:53:57,2026-03-18 23:54:11
8,Running,2026-03-18 23:53:52,2026-03-18 23:54:50
8,Blocked,2026-03-18 23:54:50,2026-03-18 23:54:51
8,Down,2026-03-18 23:54:51,2026-03-18 23:55:03
5,Running,2026-03-18 23:54:11,2026-03-18 23:55:12
5,Starved,2026-03-18 23:55:12,2026-03-18 23:55:19
5,Running,2026-03-18 23:55:19,2026-03-18 23:56:09
5,Starved,2026-03-18 23:56:09,2026-03-18 23:56:26
11,Running,2026-03-18 23:52:41,2026-03-18 23:56:37
11,Starved,2026-03-18 23:56:37,2026-03-18 23:56:37
8,Running,2026-03-18 23:55:03,2026-03-18 23:56:56
8,Blocked,2026-03-18 23:56:56,2026-03-18 23:57:01
8,Running,2026-03-18 23:57:01,2026-03-18 23:58:04
8,Blocked,2026-03-18 23:58:04,2026-03-18 23:58:25
11,Running,2026-03-18 23:56:37,2026-03-18 23:58:30
11,Starved,2026-03-18 23:58:30,2026-03-18 23:58:35
8,Running,2026-03-18 23:58:25,2026-03-19 00:00:25
8,Blocked,2026-03-19 00:00:25,2026-03-19 00:00:28
5,Running,2026-03-18 23:56:26,2026-03-19 00:00:41
5,Starved,2026-03-19 00:00:41,2026-03-19 00:00:51
8,Running,2026-03-19 00:00:28,2026-03-19 00:01:30
8,Blocked,2026-03-19 00:01:30,2026-03-19 00:01:39
5,Running,2026-03-19 00:00:51,2026-03-19 00:01:53
5,Starved,2026-03-19 00:01:53,2026-03-19 00:01:57
13,Running,2026-03-18 23:53:39,2026-03-19 00:02:24
13,Starved,2026-03-19 00:02:24,2026-03-19 00:02:36
5,Running,2026-03-19 00:01:57,2026-03-19 00:02:52
3,Running,2026-03-18 23:31:27,2026-03-19 00:02:55
5,Starved,2026-03-19 00:02:52,2026-03-19 00:03:04
3,Blocked,2026-03-19 00:02:55,2026-03-19 00:03:04
13,Running,2026-03-19 00:02:36,2026-03-19 00:03:37
13,Starved,2026-03-19 00:03:37,2026-03-19 00:03:38
8,Running,2026-03-19 00:01:39,2026-03-19 00:03:43
8,Blocked,2026-03-19 00:03:43,2026-03-19 00:03:46
5,Running,2026-03-19 00:03:04,2026-03-19 00:03:59
3,Running,2026-03-19 00:03:04,2026-03-19 00:04:01
5,Starved,2026-03-19 00:03:59,2026-03-19 00:04:02
3,Blocked,2026-03-19 00:04:01,2026-03-19 00:04:02
5,Running,2026-03-19 00:04:02,2026-03-19 00:05:01
5,Starved,2026-03-19 00:05:01,2026-03-19 00:05:03
11,Running,2026-03-18 23:58:35,2026-03-19 00:06:31
11,Starved,2026-03-19 00:06:31,2026-03-19 00:06:36
3,Running,2026-03-19 00:04:02,2026-03-19 00:06:59
5,Running,2026-03-19 00:05:03,2026-03-19 00:07:02
2,Running,2026-03-18 23:44:47,2026-03-19 00:07:06
5,Starved,2026-03-19 00:07:02,2026-03-19 00:07:08
3,Blocked,2026-03-19 00:06:59,2026-03-19 00:07:08
2,Blocked,2026-03-19 00:07:06,2026-03-19 00:07:08
11,Running,2026-03-19 00:06:36,2026-03-19 00:07:34
11,Starved,2026-03-19 00:07:34,2026-03-19 00:07:43
5,Running,2026-03-19 00:07:08,2026-03-19 00:08:06
1,Running,2026-03-18 23:53:01,2026-03-19 00:08:07
3,Running,2026-03-19 00:07:08,2026-03-19 00:08:10
5,Starved,2026-03-19 00:08:06,2026-03-19 00:08:11
3,Blocked,2026-03-19 00:08:10,2026-03-19 00:08:11
11,Running,2026-03-19 00:07:43,2026-03-19 00:08:40
11,Starved,2026-03-19 00:08:40,2026-03-19 00:08:42
5,Running,2026-03-19 00:08:11,2026-03-19 00:09:13
3,Running,2026-03-19 00:08:11,2026-03-19 00:09:14
5,Starved,2026-03-19 00:09:13,2026-03-19 00:09:23
3,Blocked,2026-03-19 00:09:14,2026-03-19 00:09:23
11,Running,2026-03-19 00:08:42,2026-03-19 00:09:43
11,Starved,2026-03-19 00:09:43,2026-03-19 00:09:44
8,Running,2026-03-19 00:03:46,2026-03-19 00:10:01
8,Blocked,2026-03-19 00:10:01,2026-03-19 00:10:07
3,Running,2026-03-19 00:09:23,2026-03-19 00:10:10
3,Blocked,2026-03-19 00:10:10,2026-03-19 00:10:21
13,Running,2026-03-19 00:03:38,2026-03-19 00:10:43
13,Starved,2026-03-19 00:10:43,2026-03-19 00:10:46
2,Down,2026-03-19 00:07:08,2026-03-19 00:11:10
1,Blocked,2026-03-19 00:08:07,2026-03-19 00:11:10
13,Running,2026-03-19 00:10:46,2026-03-19 00:11:43
13,Starved,2026-03-19 00:11:43,2026-03-19 00:11:54
8,Running,2026-03-19 00:10:07,2026-03-19 00:14:07
8,Blocked,2026-03-19 00:14:07,2026-03-19 00:14:08
1,Running,2026-03-19 00:11:10,2026-03-19 00:15:00
1,Blocked,2026-03-19 00:15:00,2026-03-19 00:15:00
8,Running,2026-03-19 00:14:08,2026-03-19 00:15:00
8,Blocked,2026-03-19 00:15:00,2026-03-19 00:15:04
1,Running,2026-03-19 00:15:00,2026-03-19 00:15:51
8,Running,2026-03-19 00:15:04,2026-03-19 00:15:57
1,Blocked,2026-03-19 00:15:51,2026-03-19 00:16:02
8,Blocked,2026-03-19 00:15:57,2026-03-19 00:16:19
1,Running,2026-03-19 00:16:02,2026-03-19 00:16:59
1,Blocked,2026-03-19 00:16:59,2026-03-19 00:17:02
8,Running,2026-03-19 00:16:19,2026-03-19 00:17:23
8,Blocked,2026-03-19 00:17:23,2026-03-19 00:17:23
13,Running,2026-03-19 00:11:54,2026-03-19 00:17:42
13,Starved,2026-03-19 00:17:42,2026-03-19 00:17:48
1,Running,2026-03-19 00:17:02,2026-03-19 00:18:07
1,Blocked,2026-03-19 00:18:07,2026-03-19 00:18:12
3,Running,2026-03-19 00:10:21,2026-03-19 00:18:25
3,Blocked,2026-03-19 00:18:25,2026-03-19 00:18:35
1,Running,2026-03-19 00:18:12,2026-03-19 00:19:10
1,Blocked,2026-03-19 00:19:10,2026-03-19 00:19:12
3,Running,2026-03-19 00:18:35,2026-03-19 00:19:26
8,Running,2026-03-19 00:17:23,2026-03-19 00:19:26
5,Running,2026-03-19 00:09:23,2026-03-19 00:19:38
8,Blocked,2026-03-19 00:19:26,2026-03-19 00:19:40
13,Running,2026-03-19 00:17:48,2026-03-19 00:19:49
5,Starved,2026-03-19 00:19:38,2026-03-19 00:19:49
3,Blocked,2026-03-19 00:19:26,2026-03-19 00:19:49
13,Starved,2026-03-19 00:19:49,2026-03-19 00:19:54
1,Running,2026-03-19 00:19:12,2026-03-19 00:20:08
2,Running,2026-03-19 00:11:10,2026-03-19 00:20:13
8,Running,2026-03-19 00:19:40,2026-03-19 00:20:36
13,Running,2026-03-19 00:19:54,2026-03-19 00:20:42
8,Blocked,2026-03-19 00:20:36,2026-03-19 00:20:45
3,Running,2026-03-19 00:19:49,2026-03-19 00:20:46
5,Running,2026-03-19 00:19:49,2026-03-19 00:20:49
13,Starved,2026-03-19 00:20:42,2026-03-19 00:20:50
5,Starved,2026-03-19 00:20:49,2026-03-19 00:20:57
3,Blocked,2026-03-19 00:20:46,2026-03-19 00:20:57
8,Running,2026-03-19 00:20:45,2026-03-19 00:21:36
13,Running,2026-03-19 00:20:50,2026-03-19 00:21:43
13,Starved,2026-03-19 00:21:43,2026-03-19 00:21:45
8,Blocked,2026-03-19 00:21:36,2026-03-19 00:21:47
3,Running,2026-03-19 00:20:57,2026-03-19 00:21:52
5,Running,2026-03-19 00:20:57,2026-03-19 00:21:58
5,Starved,2026-03-19 00:21:58,2026-03-19 00:22:16
3,Blocked,2026-03-19 00:21:52,2026-03-19 00:22:16
8,Running,2026-03-19 00:21:47,2026-03-19 00:22:47
8,Blocked,2026-03-19 00:22:47,2026-03-19 00:22:57
3,Running,2026-03-19 00:22:16,2026-03-19 00:23:18
5,Running,2026-03-19 00:22:16,2026-03-19 00:23:20
5,Starved,2026-03-19 00:23:20,2026-03-19 00:23:42
3,Blocked,2026-03-19 00:23:18,2026-03-19 00:23:42
8,Running,2026-03-19 00:22:57,2026-03-19 00:23:58
8,Blocked,2026-03-19 00:23:58,2026-03-19 00:23:58
5,Running,2026-03-19 00:23:42,2026-03-19 00:24:42
3,Running,2026-03-19 00:23:42,2026-03-19 00:24:47
13,Running,2026-03-19 00:21:45,2026-03-19 00:24:48
13,Starved,2026-03-19 00:24:48,2026-03-19 00:24:48
8,Running,2026-03-19 00:23:58,2026-03-19 00:24:57
5,Starved,2026-03-19 00:24:42,2026-03-19 00:24:57
3,Blocked,2026-03-19 00:24:47,2026-03-19 00:24:57
8,Blocked,2026-03-19 00:24:57,2026-03-19 00:25:18
13,Running,2026-03-19 00:24:48,2026-03-19 00:25:53
5,Running,2026-03-19 00:24:57,2026-03-19 00:25:53
13,Starved,2026-03-19 00:25:53,2026-03-19 00:25:54
3,Running,2026-03-19 00:24:57,2026-03-19 00:25:59
8,Running,2026-03-19 00:25:18,2026-03-19 00:26:08
8,Blocked,2026-03-19 00:26:08,2026-03-19 00:26:17
5,Starved,2026-03-19 00:25:53,2026-03-19 00:26:18
3,Blocked,2026-03-19 00:25:59,2026-03-19 00:26:18
13,Running,2026-03-19 00:25:54,2026-03-19 00:26:46
13,Starved,2026-03-19 00:26:46,2026-03-19 00:26:51
6,Running,2026-03-18 23:29:30,2026-03-19 00:26:59
5,Running,2026-03-19 00:26:18,2026-03-19 00:27:18
6,Starved,2026-03-19 00:26:59,2026-03-19 00:27:18
5,Starved,2026-03-19 00:27:18,2026-03-19 00:27:23
5,Running,2026-03-19 00:27:23,2026-03-19 00:28:20
5,Starved,2026-03-19 00:28:20,2026-03-19 00:28:25
6,Running,2026-03-19 00:27:18,2026-03-19 00:29:18
3,Running,2026-03-19 00:26:18,2026-03-19 00:29:28
5,Running,2026-03-19 00:28:25,2026-03-19 00:29:30
6,Starved,2026-03-19 00:29:18,2026-03-19 00:29:30
13,Running,2026-03-19 00:26:51,2026-03-19 00:29:42
5,Starved,2026-03-19 00:29:30,2026-03-19 00:29:46
3,Blocked,2026-03-19 00:29:28,2026-03-19 00:29:46
11,Running,2026-03-19 00:09:44,2026-03-19 00:29:54
13,Starved,2026-03-19 00:29:42,2026-03-19 00:29:55
6,Running,2026-03-19 00:29:30,2026-03-19 00:30:33
5,Running,2026-03-19 00:29:46,2026-03-19 00:30:38
6,Starved,2026-03-19 00:30:33,2026-03-19 00:30:38
3,Running,2026-03-19 00:29:46,2026-03-19 00:30:49
5,Starved,2026-03-19 00:30:38,2026-03-19 00:30:59
3,Blocked,2026-03-19 00:30:49,2026-03-19 00:30:59
8,Running,2026-03-19 00:26:17,2026-03-19 00:31:08
8,Blocked,2026-03-19 00:31:08,2026-03-19 00:31:19
6,Running,2026-03-19 00:30:38,2026-03-19 00:31:37
3,Running,2026-03-19 00:30:59,2026-03-19 00:31:53
5,Running,2026-03-19 00:30:59,2026-03-19 00:32:01
6,Starved,2026-03-19 00:31:37,2026-03-19 00:32:01
5,Starved,2026-03-19 00:32:01,2026-03-19 00:32:02
3,Blocked,2026-03-19 00:31:53,2026-03-19 00:32:02
5,Running,2026-03-19 00:32:02,2026-03-19 00:32:55
5,Starved,2026-03-19 00:32:55,2026-03-19 00:32:55
2,Down,2026-03-19 00:20:13,2026-03-19 00:33:41
1,Blocked,2026-03-19 00:20:08,2026-03-19 00:33:41
12,Running,2026-03-18 23:11:38,2026-03-19 00:33:49
3,Running,2026-03-19 00:32:02,2026-03-19 00:33:52
6,Running,2026-03-19 00:32:01,2026-03-19 00:33:52
5,Running,2026-03-19 00:32:55,2026-03-19 00:34:00
6,Starved,2026-03-19 00:33:52,2026-03-19 00:34:00
5,Starved,2026-03-19 00:34:00,2026-03-19 00:34:01
3,Blocked,2026-03-19 00:33:52,2026-03-19 00:34:01
3,Starved,2026-03-19 00:34:01,2026-03-19 00:34:40
13,Running,2026-03-19 00:29:55,2026-03-19 00:34:55
6,Running,2026-03-19 00:34:00,2026-03-19 00:34:57
5,Running,2026-03-19 00:34:01,2026-03-19 00:35:03
6,Starved,2026-03-19 00:34:57,2026-03-19 00:35:03
5,Starved,2026-03-19 00:35:03,2026-03-19 00:35:06
3,Running,2026-03-19 00:34:40,2026-03-19 00:35:39
3,Starved,2026-03-19 00:35:39,2026-03-19 00:35:41
5,Running,2026-03-19 00:35:06,2026-03-19 00:35:58
5,Starved,2026-03-19 00:35:58,2026-03-19 00:36:11
5,Running,2026-03-19 00:36:11,2026-03-19 00:37:09
5,Starved,2026-03-19 00:37:09,2026-03-19 00:37:30
10,Running,2026-03-18 23:47:35,2026-03-19 00:37:53
6,Running,2026-03-19 00:35:03,2026-03-19 00:38:14
6,Starved,2026-03-19 00:38:14,2026-03-19 00:38:38
11,Down,2026-03-19 00:29:54,2026-03-19 00:39:21
10,Blocked,2026-03-19 00:37:53,2026-03-19 00:39:21
6,Running,2026-03-19 00:38:38,2026-03-19 00:39:35
5,Running,2026-03-19 00:37:30,2026-03-19 00:39:38
6,Starved,2026-03-19 00:39:35,2026-03-19 00:39:38
5,Starved,2026-03-19 00:39:38,2026-03-19 00:39:48
12,Starved,2026-03-19 00:33:49,2026-03-19 00:40:17
2,Running,2026-03-19 00:33:41,2026-03-19 00:40:24
6,Running,2026-03-19 00:39:38,2026-03-19 00:40:41
6,Starved,2026-03-19 00:40:41,2026-03-19 00:40:50
1,Running,2026-03-19 00:33:41,2026-03-19 00:41:09
10,Running,2026-03-19 00:39:21,2026-03-19 00:41:16
12,Running,2026-03-19 00:40:17,2026-03-19 00:41:18
13,Starved,2026-03-19 00:34:55,2026-03-19 00:41:18
12,Starved,2026-03-19 00:41:18,2026-03-19 00:41:23
10,Blocked,2026-03-19 00:41:16,2026-03-19 00:41:23
5,Running,2026-03-19 00:39:48,2026-03-19 00:41:47
3,Running,2026-03-19 00:35:41,2026-03-19 00:41:48
5,Starved,2026-03-19 00:41:47,2026-03-19 00:41:58
3,Blocked,2026-03-19 00:41:48,2026-03-19 00:41:58
10,Running,2026-03-19 00:41:23,2026-03-19 00:42:17
12,Running,2026-03-19 00:41:23,2026-03-19 00:42:20
12,Starved,2026-03-19 00:42:20,2026-03-19 00:42:21
10,Blocked,2026-03-19 00:42:17,2026-03-19 00:42:21
5,Running,2026-03-19 00:41:58,2026-03-19 00:42:55
5,Starved,2026-03-19 00:42:55,2026-03-19 00:43:05
12,Running,2026-03-19 00:42:21,2026-03-19 00:43:12
12,Starved,2026-03-19 00:43:12,2026-03-19 00:43:14
6,Running,2026-03-19 00:40:50,2026-03-19 00:43:56
6,Starved,2026-03-19 00:43:56,2026-03-19 00:44:12
5,Running,2026-03-19 00:43:05,2026-03-19 00:45:05
5,Starved,2026-03-19 00:45:05,2026-03-19 00:45:15
5,Running,2026-03-19 00:45:15,2026-03-19 00:46:10
5,Starved,2026-03-19 00:46:10,2026-03-19 00:46:18
6,Running,2026-03-19 00:44:12,2026-03-19 00:47:14
13,Running,2026-03-19 00:41:18,2026-03-19 00:47:23
13,Starved,2026-03-19 00:47:23,2026-03-19 00:47:25
5,Running,2026-03-19 00:46:18,2026-03-19 00:47:25
6,Starved,2026-03-19 00:47:14,2026-03-19 00:47:25
5,Starved,2026-03-19 00:47:25,2026-03-19 00:47:54
6,Running,2026-03-19 00:47:25,2026-03-19 00:48:25
6,Starved,2026-03-19 00:48:25,2026-03-19 00:48:52
13,Running,2026-03-19 00:47:25,2026-03-19 00:49:24
13,Starved,2026-03-19 00:49:24,2026-03-19 00:49:29
6,Running,2026-03-19 00:48:52,2026-03-19 00:49:51
6,Starved,2026-03-19 00:49:51,2026-03-19 00:50:00
5,Running,2026-03-19 00:47:54,2026-03-19 00:50:56
5,Starved,2026-03-19 00:50:56,2026-03-19 00:51:19
6,Running,2026-03-19 00:50:00,2026-03-19 00:51:57
5,Running,2026-03-19 00:51:19,2026-03-19 00:52:15
6,Starved,2026-03-19 00:51:57,2026-03-19 00:52:15
5,Starved,2026-03-19 00:52:15,2026-03-19 00:52:17
6,Running,2026-03-19 00:52:15,2026-03-19 00:53:13
4,Running,2026-03-18 23:10:58,2026-03-19 00:53:14
6,Starved,2026-03-19 00:53:13,2026-03-19 00:53:28
12,Running,2026-03-19 00:43:14,2026-03-19 00:54:06
12,Starved,2026-03-19 00:54:06,2026-03-19 00:54:10
5,Running,2026-03-19 00:52:17,2026-03-19 00:54:19
12,Running,2026-03-19 00:54:10,2026-03-19 00:55:04
12,Starved,2026-03-19 00:55:04,2026-03-19 00:55:11
8,Running,2026-03-19 00:31:19,2026-03-19 00:55:17
8,Blocked,2026-03-19 00:55:17,2026-03-19 00:55:23
6,Running,2026-03-19 00:53:28,2026-03-19 00:55:26
12,Running,2026-03-19 00:55:11,2026-03-19 00:58:03
12,Starved,2026-03-19 00:58:03,2026-03-19 00:58:12
13,Running,2026-03-19 00:49:29,2026-03-19 00:59:40
8,Running,2026-03-19 00:55:23,2026-03-19 01:00:20
8,Blocked,2026-03-19 01:00:20,2026-03-19 01:00:32
8,Running,2026-03-19 01:00:32,2026-03-19 01:01:30
8,Blocked,2026-03-19 01:01:30,2026-03-19 01:01:34
8,Running,2026-03-19 01:01:34,2026-03-19 01:02:31
8,Blocked,2026-03-19 01:02:31,2026-03-19 01:02:43
13,Down,2026-03-19 00:59:40,2026-03-19 01:03:58
12,Running,2026-03-19 00:58:12,2026-03-19 01:06:14
2,Down,2026-03-19 00:40:24,2026-03-19 01:06:58
1,Blocked,2026-03-19 00:41:09,2026-03-19 01:06:58
12,Down,2026-03-19 01:06:14,2026-03-19 01:07:47
8,Running,2026-03-19 01:02:43,2026-03-19 01:07:51
3,Starved,2026-03-19 00:41:58,2026-03-19 01:07:56
8,Blocked,2026-03-19 01:07:51,2026-03-19 01:08:15
4,Starved,2026-03-19 00:53:14,2026-03-19 01:08:53
10,Running,2026-03-19 00:42:21,2026-03-19 01:10:11
5,Starved,2026-03-19 00:54:19,2026-03-19 01:10:36
5,Running,2026-03-19 01:10:36,2026-03-19 01:11:30
6,Starved,2026-03-19 00:55:26,2026-03-19 01:11:30
5,Starved,2026-03-19 01:11:30,2026-03-19 01:11:35
8,Down,2026-03-19 01:08:15,2026-03-19 01:11:36
1,Running,2026-03-19 01:06:58,2026-03-19 01:11:46
3,Running,2026-03-19 01:07:56,2026-03-19 01:11:51
3,Starved,2026-03-19 01:11:51,2026-03-19 01:12:00
1,Blocked,2026-03-19 01:11:46,2026-03-19 01:12:00
6,Running,2026-03-19 01:11:30,2026-03-19 01:12:31
5,Running,2026-03-19 01:11:35,2026-03-19 01:12:35
6,Starved,2026-03-19 01:12:31,2026-03-19 01:12:35
5,Starved,2026-03-19 01:12:35,2026-03-19 01:12:39
3,Running,2026-03-19 01:12:00,2026-03-19 01:12:57
3,Starved,2026-03-19 01:12:57,2026-03-19 01:12:58
5,Running,2026-03-19 01:12:39,2026-03-19 01:13:30
5,Starved,2026-03-19 01:13:30,2026-03-19 01:13:38
3,Running,2026-03-19 01:12:58,2026-03-19 01:13:54
1,Running,2026-03-19 01:12:00,2026-03-19 01:13:58
3,Starved,2026-03-19 01:13:54,2026-03-19 01:13:59
1,Blocked,2026-03-19 01:13:58,2026-03-19 01:13:59
5,Running,2026-03-19 01:13:38,2026-03-19 01:14:35
5,Starved,2026-03-19 01:14:35,2026-03-19 01:14:59
9,Running,2026-03-18 23:00:32,2026-03-19 01:15:36
6,Running,2026-03-19 01:12:35,2026-03-19 01:16:52
1,Running,2026-03-19 01:13:59,2026-03-19 01:16:59
6,Starved,2026-03-19 01:16:52,2026-03-19 01:16:59
3,Running,2026-03-19 01:13:59,2026-03-19 01:17:00
3,Starved,2026-03-19 01:17:00,2026-03-19 01:17:05
1,Blocked,2026-03-19 01:16:59,2026-03-19 01:17:05
3,Running,2026-03-19 01:17:05,2026-03-19 01:17:59
6,Running,2026-03-19 01:16:59,2026-03-19 01:18:01
3,Starved,2026-03-19 01:17:59,2026-03-19 01:18:04
6,Starved,2026-03-19 01:18:01,2026-03-19 01:18:06
8,Running,2026-03-19 01:11:36,2026-03-19 01:18:17
3,Running,2026-03-19 01:18:04,2026-03-19 01:19:01
3,Starved,2026-03-19 01:19:01,2026-03-19 01:19:06
6,Running,2026-03-19 01:18:06,2026-03-19 01:19:08
6,Starved,2026-03-19 01:19:08,2026-03-19 01:19:16
11,Running,2026-03-19 00:39:21,2026-03-19 01:19:33
7,Running,2026-03-18 23:11:25,2026-03-19 01:20:07
1,Running,2026-03-19 01:17:05,2026-03-19 01:20:10
1,Blocked,2026-03-19 01:20:10,2026-03-19 01:20:11
6,Running,2026-03-19 01:19:16,2026-03-19 01:20:15
6,Starved,2026-03-19 01:20:15,2026-03-19 01:20:22
1,Running,2026-03-19 01:20:11,2026-03-19 01:21:12
1,Blocked,2026-03-19 01:21:12,2026-03-19 01:21:18
1,Running,2026-03-19 01:21:18,2026-03-19 01:22:11
6,Running,2026-03-19 01:20:22,2026-03-19 01:22:17
1,Blocked,2026-03-19 01:22:11,2026-03-19 01:22:19
5,Running,2026-03-19 01:14:59,2026-03-19 01:22:27
6,Starved,2026-03-19 01:22:17,2026-03-19 01:22:27
5,Starved,2026-03-19 01:22:27,2026-03-19 01:22:34
12,Running,2026-03-19 01:07:47,2026-03-19 01:22:54
1,Running,2026-03-19 01:22:19,2026-03-19 01:23:16
1,Blocked,2026-03-19 01:23:16,2026-03-19 01:23:18
5,Running,2026-03-19 01:22:34,2026-03-19 01:23:34
5,Starved,2026-03-19 01:23:34,2026-03-19 01:23:44
1,Running,2026-03-19 01:23:18,2026-03-19 01:24:21
1,Blocked,2026-03-19 01:24:21,2026-03-19 01:24:23
6,Running,2026-03-19 01:22:27,2026-03-19 01:24:33
5,Running,2026-03-19 01:23:44,2026-03-19 01:24:47
6,Starved,2026-03-19 01:24:33,2026-03-19 01:24:47
5,Starved,2026-03-19 01:24:47,2026-03-19 01:25:05
1,Running,2026-03-19 01:24:23,2026-03-19 01:25:19
1,Blocked,2026-03-19 01:25:19,2026-03-19 01:25:27
6,Running,2026-03-19 01:24:47,2026-03-19 01:25:45
6,Starved,2026-03-19 01:25:45,2026-03-19 01:26:09
1,Running,2026-03-19 01:25:27,2026-03-19 01:26:27
1,Blocked,2026-03-19 01:26:27,2026-03-19 01:26:30
5,Running,2026-03-19 01:25:05,2026-03-19 01:27:00
5,Starved,2026-03-19 01:27:00,2026-03-19 01:27:21
13,Running,2026-03-19 01:03:58,2026-03-19 01:27:32
1,Running,2026-03-19 01:26:30,2026-03-19 01:28:13
6,Running,2026-03-19 01:26:09,2026-03-19 01:28:14
5,Running,2026-03-19 01:27:21,2026-03-19 01:28:19
6,Starved,2026-03-19 01:28:14,2026-03-19 01:28:19
1,Blocked,2026-03-19 01:28:13,2026-03-19 01:28:31
5,Starved,2026-03-19 01:28:19,2026-03-19 01:28:56
6,Running,2026-03-19 01:28:19,2026-03-19 01:29:20
5,Running,2026-03-19 01:28:56,2026-03-19 01:29:58
6,Starved,2026-03-19 01:29:20,2026-03-19 01:29:58
5,Starved,2026-03-19 01:29:58,2026-03-19 01:30:37
6,Running,2026-03-19 01:29:58,2026-03-19 01:31:01
1,Running,2026-03-19 01:28:31,2026-03-19 01:31:23
10,Down,2026-03-19 01:10:11,2026-03-19 01:31:27
9,Blocked,2026-03-19 01:15:36,2026-03-19 01:31:27
8,Blocked,2026-03-19 01:18:17,2026-03-19 01:31:27
1,Blocked,2026-03-19 01:31:23,2026-03-19 01:31:31
5,Running,2026-03-19 01:30:37,2026-03-19 01:31:32
6,Starved,2026-03-19 01:31:01,2026-03-19 01:31:32
5,Starved,2026-03-19 01:31:32,2026-03-19 01:31:55
9,Running,2026-03-19 01:31:27,2026-03-19 01:32:18
11,Starved,2026-03-19 01:19:33,2026-03-19 01:32:35
9,Blocked,2026-03-19 01:32:18,2026-03-19 01:32:35
6,Running,2026-03-19 01:31:32,2026-03-19 01:32:37
5,Running,2026-03-19 01:31:55,2026-03-19 01:32:56
6,Starved,2026-03-19 01:32:37,2026-03-19 01:32:56
5,Starved,2026-03-19 01:32:56,2026-03-19 01:33:02
9,Running,2026-03-19 01:32:35,2026-03-19 01:33:30
9,Blocked,2026-03-19 01:33:30,2026-03-19 01:33:34
12,Starved,2026-03-19 01:22:54,2026-03-19 01:33:46
6,Running,2026-03-19 01:32:56,2026-03-19 01:33:52
5,Running,2026-03-19 01:33:02,2026-03-19 01:34:02
6,Starved,2026-03-19 01:33:52,2026-03-19 01:34:02
5,Starved,2026-03-19 01:34:02,2026-03-19 01:34:19
9,Running,2026-03-19 01:33:34,2026-03-19 01:34:25
9,Blocked,2026-03-19 01:34:25,2026-03-19 01:34:37
12,Running,2026-03-19 01:33:46,2026-03-19 01:34:42
13,Starved,2026-03-19 01:27:32,2026-03-19 01:34:42
12,Starved,2026-03-19 01:34:42,2026-03-19 01:34:47
6,Running,2026-03-19 01:34:02,2026-03-19 01:35:03
5,Running,2026-03-19 01:34:19,2026-03-19 01:35:11
6,Starved,2026-03-19 01:35:03,2026-03-19 01:35:11
5,Starved,2026-03-19 01:35:11,2026-03-19 01:35:31
13,Running,2026-03-19 01:34:42,2026-03-19 01:35:38
13,Starved,2026-03-19 01:35:38,2026-03-19 01:35:44
6,Running,2026-03-19 01:35:11,2026-03-19 01:36:08
9,Running,2026-03-19 01:34:37,2026-03-19 01:36:28
5,Running,2026-03-19 01:35:31,2026-03-19 01:36:33
6,Starved,2026-03-19 01:36:08,2026-03-19 01:36:33
9,Blocked,2026-03-19 01:36:28,2026-03-19 01:36:33
5,Starved,2026-03-19 01:36:33,2026-03-19 01:36:37
12,Running,2026-03-19 01:34:47,2026-03-19 01:36:37
12,Starved,2026-03-19 01:36:37,2026-03-19 01:36:38
6,Running,2026-03-19 01:36:33,2026-03-19 01:37:30
13,Running,2026-03-19 01:35:44,2026-03-19 01:37:32
5,Running,2026-03-19 01:36:37,2026-03-19 01:37:37
6,Starved,2026-03-19 01:37:30,2026-03-19 01:37:37
5,Starved,2026-03-19 01:37:37,2026-03-19 01:37:37
12,Running,2026-03-19 01:36:38,2026-03-19 01:37:40
13,Starved,2026-03-19 01:37:32,2026-03-19 01:37:40
12,Starved,2026-03-19 01:37:40,2026-03-19 01:37:42
13,Running,2026-03-19 01:37:40,2026-03-19 01:38:30
5,Running,2026-03-19 01:37:37,2026-03-19 01:38:35
12,Running,2026-03-19 01:37:42,2026-03-19 01:38:42
13,Starved,2026-03-19 01:38:30,2026-03-19 01:38:42
12,Starved,2026-03-19 01:38:42,2026-03-19 01:38:44
5,Starved,2026-03-19 01:38:35,2026-03-19 01:38:49
13,Running,2026-03-19 01:38:42,2026-03-19 01:39:32
6,Running,2026-03-19 01:37:37,2026-03-19 01:39:33
5,Running,2026-03-19 01:38:49,2026-03-19 01:39:38
6,Starved,2026-03-19 01:39:33,2026-03-19 01:39:38
5,Starved,2026-03-19 01:39:38,2026-03-19 01:39:39
12,Running,2026-03-19 01:38:44,2026-03-19 01:39:55
13,Starved,2026-03-19 01:39:32,2026-03-19 01:39:55
12,Starved,2026-03-19 01:39:55,2026-03-19 01:39:55
6,Running,2026-03-19 01:39:38,2026-03-19 01:40:30
5,Running,2026-03-19 01:39:39,2026-03-19 01:40:38
6,Starved,2026-03-19 01:40:30,2026-03-19 01:40:38
5,Starved,2026-03-19 01:40:38,2026-03-19 01:40:40
9,Running,2026-03-19 01:36:33,2026-03-19 01:40:43
13,Running,2026-03-19 01:39:55,2026-03-19 01:40:48
9,Blocked,2026-03-19 01:40:43,2026-03-19 01:40:51
13,Starved,2026-03-19 01:40:48,2026-03-19 01:40:57
6,Running,2026-03-19 01:40:38,2026-03-19 01:41:38
6,Starved,2026-03-19 01:41:38,2026-03-19 01:41:47
11,Running,2026-03-19 01:32:35,2026-03-19 01:41:51
11,Starved,2026-03-19 01:41:51,2026-03-19 01:41:54
13,Running,2026-03-19 01:40:57,2026-03-19 01:41:55
13,Starved,2026-03-19 01:41:55,2026-03-19 01:41:58
6,Running,2026-03-19 01:41:47,2026-03-19 01:42:41
6,Starved,2026-03-19 01:42:41,2026-03-19 01:42:43
13,Running,2026-03-19 01:41:58,2026-03-19 01:42:51
12,Running,2026-03-19 01:39:55,2026-03-19 01:42:56
13,Starved,2026-03-19 01:42:51,2026-03-19 01:42:56
12,Starved,2026-03-19 01:42:56,2026-03-19 01:43:00
3,Running,2026-03-19 01:19:06,2026-03-19 01:43:08
3,Starved,2026-03-19 01:43:08,2026-03-19 01:43:21
5,Running,2026-03-19 01:40:40,2026-03-19 01:43:37
5,Starved,2026-03-19 01:43:37,2026-03-19 01:43:38
11,Running,2026-03-19 01:41:54,2026-03-19 01:43:50
13,Running,2026-03-19 01:42:56,2026-03-19 01:43:53
11,Starved,2026-03-19 01:43:50,2026-03-19 01:43:55
13,Starved,2026-03-19 01:43:53,2026-03-19 01:44:07
5,Running,2026-03-19 01:43:38,2026-03-19 01:44:36
5,Starved,2026-03-19 01:44:36,2026-03-19 01:44:59
13,Running,2026-03-19 01:44:07,2026-03-19 01:45:14
13,Starved,2026-03-19 01:45:14,2026-03-19 01:45:14
6,Running,2026-03-19 01:42:43,2026-03-19 01:45:44
6,Starved,2026-03-19 01:45:44,2026-03-19 01:46:03
11,Running,2026-03-19 01:43:55,2026-03-19 01:46:44
11,Starved,2026-03-19 01:46:44,2026-03-19 01:46:56
5,Running,2026-03-19 01:44:59,2026-03-19 01:47:01
5,Starved,2026-03-19 01:47:01,2026-03-19 01:47:03
6,Running,2026-03-19 01:46:03,2026-03-19 01:48:05
13,Running,2026-03-19 01:45:14,2026-03-19 01:48:09
5,Running,2026-03-19 01:47:03,2026-03-19 01:48:10
6,Starved,2026-03-19 01:48:05,2026-03-19 01:48:10
5,Starved,2026-03-19 01:48:10,2026-03-19 01:48:10
13,Starved,2026-03-19 01:48:09,2026-03-19 01:48:14
8,Down,2026-03-19 01:31:27,2026-03-19 01:48:41
7,Blocked,2026-03-19 01:20:07,2026-03-19 01:48:41
11,Running,2026-03-19 01:46:56,2026-03-19 01:48:57
11,Starved,2026-03-19 01:48:57,2026-03-19 01:49:00
6,Running,2026-03-19 01:48:10,2026-03-19 01:49:06
5,Running,2026-03-19 01:48:10,2026-03-19 01:49:12
6,Starved,2026-03-19 01:49:06,2026-03-19 01:49:12
5,Starved,2026-03-19 01:49:12,2026-03-19 01:49:17
9,Starved,2026-03-19 01:40:51,2026-03-19 01:49:32
11,Running,2026-03-19 01:49:00,2026-03-19 01:49:58
10,Running,2026-03-19 01:31:27,2026-03-19 01:50:00
11,Starved,2026-03-19 01:49:58,2026-03-19 01:50:00
6,Running,2026-03-19 01:49:12,2026-03-19 01:50:06
5,Running,2026-03-19 01:49:17,2026-03-19 01:50:19
6,Starved,2026-03-19 01:50:06,2026-03-19 01:50:19
5,Starved,2026-03-19 01:50:19,2026-03-19 01:50:23
10,Starved,2026-03-19 01:50:00,2026-03-19 01:50:29
11,Running,2026-03-19 01:50:00,2026-03-19 01:51:07
6,Running,2026-03-19 01:50:19,2026-03-19 01:51:22
6,Starved,2026-03-19 01:51:22,2026-03-19 01:51:31
11,Starved,2026-03-19 01:51:07,2026-03-19 01:51:36
13,Running,2026-03-19 01:48:14,2026-03-19 01:52:14
12,Running,2026-03-19 01:43:00,2026-03-19 01:52:21
13,Starved,2026-03-19 01:52:14,2026-03-19 01:52:21
5,Running,2026-03-19 01:50:23,2026-03-19 01:52:27
5,Starved,2026-03-19 01:52:27,2026-03-19 01:52:31
12,Starved,2026-03-19 01:52:21,2026-03-19 01:52:43
13,Running,2026-03-19 01:52:21,2026-03-19 01:53:23
12,Running,2026-03-19 01:52:43,2026-03-19 01:53:37
13,Starved,2026-03-19 01:53:23,2026-03-19 01:53:37
11,Running,2026-03-19 01:51:36,2026-03-19 01:53:41
12,Starved,2026-03-19 01:53:37,2026-03-19 01:53:41
11,Starved,2026-03-19 01:53:41,2026-03-19 01:53:43
5,Running,2026-03-19 01:52:31,2026-03-19 01:54:29
12,Running,2026-03-19 01:53:41,2026-03-19 01:54:36
10,Running,2026-03-19 01:50:29,2026-03-19 01:54:41
12,Starved,2026-03-19 01:54:36,2026-03-19 01:54:44
10,Starved,2026-03-19 01:54:41,2026-03-19 01:54:56
5,Starved,2026-03-19 01:54:29,2026-03-19 01:54:58
6,Running,2026-03-19 01:51:31,2026-03-19 01:55:30
13,Running,2026-03-19 01:53:37,2026-03-19 01:55:31
12,Running,2026-03-19 01:54:44,2026-03-19 01:55:44
13,Starved,2026-03-19 01:55:31,2026-03-19 01:55:44
11,Running,2026-03-19 01:53:43,2026-03-19 01:55:49
12,Starved,2026-03-19 01:55:44,2026-03-19 01:55:49
10,Running,2026-03-19 01:54:56,2026-03-19 01:55:53
11,Starved,2026-03-19 01:55:49,2026-03-19 01:55:53
10,Starved,2026-03-19 01:55:53,2026-03-19 01:55:59
5,Running,2026-03-19 01:54:58,2026-03-19 01:55:59
6,Starved,2026-03-19 01:55:30,2026-03-19 01:55:59
5,Starved,2026-03-19 01:55:59,2026-03-19 01:56:30
13,Running,2026-03-19 01:55:44,2026-03-19 01:56:36
12,Running,2026-03-19 01:55:49,2026-03-19 01:56:40
13,Starved,2026-03-19 01:56:36,2026-03-19 01:56:40
11,Running,2026-03-19 01:55:53,2026-03-19 01:57:01
12,Starved,2026-03-19 01:56:40,2026-03-19 01:57:01
10,Running,2026-03-19 01:55:59,2026-03-19 01:57:03
11,Starved,2026-03-19 01:57:01,2026-03-19 01:57:03
6,Running,2026-03-19 01:55:59,2026-03-19 01:57:09
10,Starved,2026-03-19 01:57:03,2026-03-19 01:57:18
5,Running,2026-03-19 01:56:30,2026-03-19 01:57:25
6,Starved,2026-03-19 01:57:09,2026-03-19 01:57:25
13,Running,2026-03-19 01:56:40,2026-03-19 01:57:41
5,Starved,2026-03-19 01:57:25,2026-03-19 01:57:49
11,Running,2026-03-19 01:57:03,2026-03-19 01:58:02
13,Starved,2026-03-19 01:57:41,2026-03-19 01:58:09
10,Running,2026-03-19 01:57:18,2026-03-19 01:58:10
11,Starved,2026-03-19 01:58:02,2026-03-19 01:58:10
6,Running,2026-03-19 01:57:25,2026-03-19 01:58:18
10,Starved,2026-03-19 01:58:10,2026-03-19 01:58:21
6,Starved,2026-03-19 01:58:18,2026-03-19 01:58:53
11,Running,2026-03-19 01:58:10,2026-03-19 01:59:05
10,Running,2026-03-19 01:58:21,2026-03-19 01:59:18
11,Starved,2026-03-19 01:59:05,2026-03-19 01:59:18
10,Starved,2026-03-19 01:59:18,2026-03-19 01:59:30
6,Running,2026-03-19 01:58:53,2026-03-19 01:59:47
6,Starved,2026-03-19 01:59:47,2026-03-19 01:59:57
13,Running,2026-03-19 01:58:09,2026-03-19 02:00:02
10,Running,2026-03-19 01:59:30,2026-03-19 02:00:20
12,Running,2026-03-19 01:57:01,2026-03-19 02:00:21
13,Starved,2026-03-19 02:00:02,2026-03-19 02:00:21
12,Starved,2026-03-19 02:00:21,2026-03-19 02:00:21
10,Starved,2026-03-19 02:00:20,2026-03-19 02:00:31
6,Running,2026-03-19 01:59:57,2026-03-19 02:00:50
5,Running,2026-03-19 01:57:49,2026-03-19 02:00:56
6,Starved,2026-03-19 02:00:50,2026-03-19 02:00:56
5,Starved,2026-03-19 02:00:56,2026-03-19 02:01:15
11,Running,2026-03-19 01:59:18,2026-03-19 02:01:17
11,Starved,2026-03-19 02:01:17,2026-03-19 02:01:38
6,Running,2026-03-19 02:00:56,2026-03-19 02:02:13
12,Running,2026-03-19 02:00:21,2026-03-19 02:02:16
6,Starved,2026-03-19 02:02:13,2026-03-19 02:02:16
11,Running,2026-03-19 02:01:38,2026-03-19 02:02:40
12,Starved,2026-03-19 02:02:16,2026-03-19 02:02:40
11,Starved,2026-03-19 02:02:40,2026-03-19 02:02:42
13,Running,2026-03-19 02:00:21,2026-03-19 02:03:11
5,Running,2026-03-19 02:01:15,2026-03-19 02:03:12
12,Running,2026-03-19 02:02:40,2026-03-19 02:03:42
13,Starved,2026-03-19 02:03:11,2026-03-19 02:03:42
5,Starved,2026-03-19 02:03:12,2026-03-19 02:03:43
12,Starved,2026-03-19 02:03:42,2026-03-19 02:03:44
6,Running,2026-03-19 02:02:16,2026-03-19 02:04:35
13,Running,2026-03-19 02:03:42,2026-03-19 02:04:39
12,Running,2026-03-19 02:03:44,2026-03-19 02:04:39
13,Starved,2026-03-19 02:04:39,2026-03-19 02:04:39
6,Starved,2026-03-19 02:04:35,2026-03-19 02:04:51
12,Starved,2026-03-19 02:04:39,2026-03-19 02:04:51
13,Running,2026-03-19 02:04:39,2026-03-19 02:05:43
6,Running,2026-03-19 02:04:51,2026-03-19 02:05:46
12,Running,2026-03-19 02:04:51,2026-03-19 02:05:50
13,Starved,2026-03-19 02:05:43,2026-03-19 02:05:50
5,Running,2026-03-19 02:03:43,2026-03-19 02:05:56
6,Starved,2026-03-19 02:05:46,2026-03-19 02:05:56
5,Starved,2026-03-19 02:05:56,2026-03-19 02:06:14
12,Down,2026-03-19 02:05:50,2026-03-19 02:06:23
13,Running,2026-03-19 02:05:50,2026-03-19 02:06:43
6,Running,2026-03-19 02:05:56,2026-03-19 02:07:05
6,Starved,2026-03-19 02:07:05,2026-03-19 02:07:09
1,Running,2026-03-19 01:31:31,2026-03-19 02:07:12
1,Blocked,2026-03-19 02:07:12,2026-03-19 02:07:15
13,Starved,2026-03-19 02:06:43,2026-03-19 02:07:20
11,Running,2026-03-19 02:02:42,2026-03-19 02:07:48
11,Starved,2026-03-19 02:07:48,2026-03-19 02:07:48
6,Running,2026-03-19 02:07:09,2026-03-19 02:08:07
6,Starved,2026-03-19 02:08:07,2026-03-19 02:08:10
11,Running,2026-03-19 02:07:48,2026-03-19 02:08:43
11,Starved,2026-03-19 02:08:43,2026-03-19 02:08:51
6,Running,2026-03-19 02:08:10,2026-03-19 02:09:02
5,Running,2026-03-19 02:06:14,2026-03-19 02:09:09
6,Starved,2026-03-19 02:09:02,2026-03-19 02:09:09
1,Running,2026-03-19 02:07:15,2026-03-19 02:09:20
5,Starved,2026-03-19 02:09:09,2026-03-19 02:09:30
11,Running,2026-03-19 02:08:51,2026-03-19 02:09:44
11,Starved,2026-03-19 02:09:44,2026-03-19 02:09:58
6,Running,2026-03-19 02:09:09,2026-03-19 02:10:12
5,Running,2026-03-19 02:09:30,2026-03-19 02:10:22
6,Starved,2026-03-19 02:10:12,2026-03-19 02:10:22
5,Starved,2026-03-19 02:10:22,2026-03-19 02:10:34
11,Running,2026-03-19 02:09:58,2026-03-19 02:10:58
11,Starved,2026-03-19 02:10:58,2026-03-19 02:11:08
6,Running,2026-03-19 02:10:22,2026-03-19 02:11:22
5,Running,2026-03-19 02:10:34,2026-03-19 02:11:38
6,Starved,2026-03-19 02:11:22,2026-03-19 02:11:38
5,Starved,2026-03-19 02:11:38,2026-03-19 02:11:41
12,Running,2026-03-19 02:06:23,2026-03-19 02:12:04
12,Starved,2026-03-19 02:12:04,2026-03-19 02:12:18
7,Running,2026-03-19 01:48:41,2026-03-19 02:12:47
6,Running,2026-03-19 02:11:38,2026-03-19 02:12:48
6,Starved,2026-03-19 02:12:48,2026-03-19 02:12:52
12,Running,2026-03-19 02:12:18,2026-03-19 02:13:15
11,Running,2026-03-19 02:11:08,2026-03-19 02:13:16
12,Starved,2026-03-19 02:13:15,2026-03-19 02:13:16
11,Starved,2026-03-19 02:13:16,2026-03-19 02:13:25
6,Running,2026-03-19 02:12:52,2026-03-19 02:13:49
6,Starved,2026-03-19 02:13:49,2026-03-19 02:13:55
13,Running,2026-03-19 02:07:20,2026-03-19 02:14:10
12,Running,2026-03-19 02:13:16,2026-03-19 02:14:15
13,Starved,2026-03-19 02:14:10,2026-03-19 02:14:15
1,Down,2026-03-19 02:09:20,2026-03-19 02:14:18
11,Running,2026-03-19 02:13:25,2026-03-19 02:14:20
12,Starved,2026-03-19 02:14:15,2026-03-19 02:14:20
10,Running,2026-03-19 02:00:31,2026-03-19 02:14:25
11,Starved,2026-03-19 02:14:20,2026-03-19 02:14:25
6,Running,2026-03-19 02:13:55,2026-03-19 02:14:51
5,Running,2026-03-19 02:11:41,2026-03-19 02:14:55
6,Starved,2026-03-19 02:14:51,2026-03-19 02:14:55
5,Starved,2026-03-19 02:14:55,2026-03-19 02:15:09
13,Running,2026-03-19 02:14:15,2026-03-19 02:15:15
12,Running,2026-03-19 02:14:20,2026-03-19 02:15:19
13,Starved,2026-03-19 02:15:15,2026-03-19 02:15:19
11,Running,2026-03-19 02:14:25,2026-03-19 02:15:25
12,Starved,2026-03-19 02:15:19,2026-03-19 02:15:25
6,Running,2026-03-19 02:14:55,2026-03-19 02:15:59
5,Running,2026-03-19 02:15:09,2026-03-19 02:16:07
6,Starved,2026-03-19 02:15:59,2026-03-19 02:16:07
5,Starved,2026-03-19 02:16:07,2026-03-19 02:16:15
12,Running,2026-03-19 02:15:25,2026-03-19 02:16:22
6,Running,2026-03-19 02:16:07,2026-03-19 02:17:07
6,Starved,2026-03-19 02:17:07,2026-03-19 02:17:21
13,Running,2026-03-19 02:15:19,2026-03-19 02:17:25
10,Down,2026-03-19 02:14:25,2026-03-19 02:17:36
6,Running,2026-03-19 02:17:21,2026-03-19 02:18:22
6,Starved,2026-03-19 02:18:22,2026-03-19 02:18:27
7,Down,2026-03-19 02:12:47,2026-03-19 02:18:31
11,Starved,2026-03-19 02:15:25,2026-03-19 02:18:35
6,Running,2026-03-19 02:18:27,2026-03-19 02:19:19
12,Starved,2026-03-19 02:16:22,2026-03-19 02:19:28
6,Starved,2026-03-19 02:19:19,2026-03-19 02:19:29
12,Running,2026-03-19 02:19:28,2026-03-19 02:20:18
13,Starved,2026-03-19 02:17:25,2026-03-19 02:20:18
6,Running,2026-03-19 02:19:29,2026-03-19 02:20:28
12,Starved,2026-03-19 02:20:18,2026-03-19 02:20:36
6,Starved,2026-03-19 02:20:28,2026-03-19 02:20:39
13,Running,2026-03-19 02:20:18,2026-03-19 02:21:23
6,Running,2026-03-19 02:20:39,2026-03-19 02:21:29
6,Starved,2026-03-19 02:21:29,2026-03-19 02:21:29
12,Running,2026-03-19 02:20:36,2026-03-19 02:21:38
13,Starved,2026-03-19 02:21:23,2026-03-19 02:21:38
12,Starved,2026-03-19 02:21:38,2026-03-19 02:21:40
5,Running,2026-03-19 02:16:15,2026-03-19 02:22:25
13,Running,2026-03-19 02:21:38,2026-03-19 02:22:41
5,Starved,2026-03-19 02:22:25,2026-03-19 02:22:46
13,Starved,2026-03-19 02:22:41,2026-03-19 02:22:55
6,Running,2026-03-19 02:21:29,2026-03-19 02:23:19
5,Running,2026-03-19 02:22:46,2026-03-19 02:23:45
6,Starved,2026-03-19 02:23:19,2026-03-19 02:23:45
3,Running,2026-03-19 01:43:21,2026-03-19 02:23:50
13,Running,2026-03-19 02:22:55,2026-03-19 02:23:56
13,Starved,2026-03-19 02:23:56,2026-03-19 02:24:00
5,Starved,2026-03-19 02:23:45,2026-03-19 02:24:11
3,Blocked,2026-03-19 02:23:50,2026-03-19 02:24:11
6,Running,2026-03-19 02:23:45,2026-03-19 02:24:39
13,Running,2026-03-19 02:24:00,2026-03-19 02:24:58
12,Running,2026-03-19 02:21:40,2026-03-19 02:25:01
13,Starved,2026-03-19 02:24:58,2026-03-19 02:25:01
12,Starved,2026-03-19 02:25:01,2026-03-19 02:25:07
3,Running,2026-03-19 02:24:11,2026-03-19 02:25:12
5,Running,2026-03-19 02:24:11,2026-03-19 02:25:14
5,Starved,2026-03-19 02:25:14,2026-03-19 02:25:18
3,Blocked,2026-03-19 02:25:12,2026-03-19 02:25:18
6,Down,2026-03-19 02:24:39,2026-03-19 02:25:21
13,Running,2026-03-19 02:25:01,2026-03-19 02:25:51
5,Running,2026-03-19 02:25:18,2026-03-19 02:26:12
3,Running,2026-03-19 02:25:18,2026-03-19 02:26:15
13,Starved,2026-03-19 02:25:51,2026-03-19 02:26:15
6,Running,2026-03-19 02:25:21,2026-03-19 02:26:20
5,Starved,2026-03-19 02:26:12,2026-03-19 02:26:48
3,Blocked,2026-03-19 02:26:15,2026-03-19 02:26:48
12,Running,2026-03-19 02:25:07,2026-03-19 02:27:16
12,Starved,2026-03-19 02:27:16,2026-03-19 02:27:18
13,Running,2026-03-19 02:26:15,2026-03-19 02:28:18
13,Starved,2026-03-19 02:28:18,2026-03-19 02:28:33
3,Running,2026-03-19 02:26:48,2026-03-19 02:28:55
3,Blocked,2026-03-19 02:28:55,2026-03-19 02:29:06
13,Running,2026-03-19 02:28:33,2026-03-19 02:29:28
13,Starved,2026-03-19 02:29:28,2026-03-19 02:29:28
6,Down,2026-03-19 02:26:20,2026-03-19 02:29:35
5,Running,2026-03-19 02:26:48,2026-03-19 02:30:09
3,Running,2026-03-19 02:29:06,2026-03-19 02:30:09
13,Running,2026-03-19 02:29:28,2026-03-19 02:30:23
13,Starved,2026-03-19 02:30:23,2026-03-19 02:30:25
5,Starved,2026-03-19 02:30:09,2026-03-19 02:30:43
3,Blocked,2026-03-19 02:30:09,2026-03-19 02:30:43
12,Running,2026-03-19 02:27:18,2026-03-19 02:31:15
12,Starved,2026-03-19 02:31:15,2026-03-19 02:31:16
3,Running,2026-03-19 02:30:43,2026-03-19 02:31:40
3,Blocked,2026-03-19 02:31:40,2026-03-19 02:31:41
12,Running,2026-03-19 02:31:16,2026-03-19 02:32:16
12,Starved,2026-03-19 02:32:16,2026-03-19 02:32:27
3,Running,2026-03-19 02:31:41,2026-03-19 02:32:35
3,Blocked,2026-03-19 02:32:35,2026-03-19 02:32:46
12,Running,2026-03-19 02:32:27,2026-03-19 02:33:23
12,Starved,2026-03-19 02:33:23,2026-03-19 02:33:26
3,Running,2026-03-19 02:32:46,2026-03-19 02:33:48
5,Running,2026-03-19 02:30:43,2026-03-19 02:33:51
5,Starved,2026-03-19 02:33:51,2026-03-19 02:33:57
3,Blocked,2026-03-19 02:33:48,2026-03-19 02:33:57
13,Running,2026-03-19 02:30:25,2026-03-19 02:34:33
13,Starved,2026-03-19 02:34:33,2026-03-19 02:34:35
5,Running,2026-03-19 02:33:57,2026-03-19 02:34:50
3,Running,2026-03-19 02:33:57,2026-03-19 02:34:53
5,Starved,2026-03-19 02:34:50,2026-03-19 02:35:08
3,Blocked,2026-03-19 02:34:53,2026-03-19 02:35:08
13,Running,2026-03-19 02:34:35,2026-03-19 02:35:23
13,Starved,2026-03-19 02:35:23,2026-03-19 02:35:38
3,Running,2026-03-19 02:35:08,2026-03-19 02:36:06
5,Running,2026-03-19 02:35:08,2026-03-19 02:36:07
5,Starved,2026-03-19 02:36:07,2026-03-19 02:36:15
3,Blocked,2026-03-19 02:36:06,2026-03-19 02:36:15
13,Running,2026-03-19 02:35:38,2026-03-19 02:36:30
13,Starved,2026-03-19 02:36:30,2026-03-19 02:36:39
5,Running,2026-03-19 02:36:15,2026-03-19 02:37:12
3,Running,2026-03-19 02:36:15,2026-03-19 02:37:14
5,Starved,2026-03-19 02:37:12,2026-03-19 02:37:30
3,Blocked,2026-03-19 02:37:14,2026-03-19 02:37:30
3,Running,2026-03-19 02:37:30,2026-03-19 02:38:27
5,Running,2026-03-19 02:37:30,2026-03-19 02:38:28
5,Starved,2026-03-19 02:38:28,2026-03-19 02:38:59
3,Blocked,2026-03-19 02:38:27,2026-03-19 02:38:59
3,Running,2026-03-19 02:38:59,2026-03-19 02:39:48
5,Running,2026-03-19 02:38:59,2026-03-19 02:39:57
5,Starved,2026-03-19 02:39:57,2026-03-19 02:40:19
3,Blocked,2026-03-19 02:39:48,2026-03-19 02:40:19
3,Running,2026-03-19 02:40:19,2026-03-19 02:41:15
5,Running,2026-03-19 02:40:19,2026-03-19 02:41:19
5,Starved,2026-03-19 02:41:19,2026-03-19 02:41:28
3,Blocked,2026-03-19 02:41:15,2026-03-19 02:41:28
5,Running,2026-03-19 02:41:28,2026-03-19 02:42:21
3,Running,2026-03-19 02:41:28,2026-03-19 02:42:27
5,Starved,2026-03-19 02:42:21,2026-03-19 02:42:51
3,Blocked,2026-03-19 02:42:27,2026-03-19 02:42:51
6,Running,2026-03-19 02:29:35,2026-03-19 02:43:41
3,Running,2026-03-19 02:42:51,2026-03-19 02:43:45
5,Running,2026-03-19 02:42:51,2026-03-19 02:43:46
6,Starved,2026-03-19 02:43:41,2026-03-19 02:43:46
5,Starved,2026-03-19 02:43:46,2026-03-19 02:43:49
3,Blocked,2026-03-19 02:43:45,2026-03-19 02:43:49
6,Running,2026-03-19 02:43:46,2026-03-19 02:44:43
5,Running,2026-03-19 02:43:49,2026-03-19 02:44:46
6,Starved,2026-03-19 02:44:43,2026-03-19 02:44:46
3,Running,2026-03-19 02:43:49,2026-03-19 02:44:55
5,Starved,2026-03-19 02:44:46,2026-03-19 02:45:07
3,Blocked,2026-03-19 02:44:55,2026-03-19 02:45:07
10,Running,2026-03-19 02:17:36,2026-03-19 02:45:24
10,Starved,2026-03-19 02:45:24,2026-03-19 02:45:28
6,Running,2026-03-19 02:44:46,2026-03-19 02:45:47
5,Running,2026-03-19 02:45:07,2026-03-19 02:46:05
6,Starved,2026-03-19 02:45:47,2026-03-19 02:46:05
5,Starved,2026-03-19 02:46:05,2026-03-19 02:46:10
6,Running,2026-03-19 02:46:05,2026-03-19 02:47:02
6,Starved,2026-03-19 02:47:02,2026-03-19 02:47:11
6,Running,2026-03-19 02:47:11,2026-03-19 02:48:16
5,Running,2026-03-19 02:46:10,2026-03-19 02:48:16
6,Starved,2026-03-19 02:48:16,2026-03-19 02:48:16
5,Starved,2026-03-19 02:48:16,2026-03-19 02:48:19
6,Running,2026-03-19 02:48:16,2026-03-19 02:49:19
6,Starved,2026-03-19 02:49:19,2026-03-19 02:49:32
6,Running,2026-03-19 02:49:32,2026-03-19 02:50:34
6,Starved,2026-03-19 02:50:34,2026-03-19 02:50:37
11,Running,2026-03-19 02:18:35,2026-03-19 02:51:41
11,Starved,2026-03-19 02:51:41,2026-03-19 02:51:47
3,Down,2026-03-19 02:45:07,2026-03-19 02:52:22
8,Running,2026-03-19 01:48:41,2026-03-19 02:53:19
8,Starved,2026-03-19 02:53:19,2026-03-19 02:53:19
5,Running,2026-03-19 02:48:19,2026-03-19 02:53:30
5,Starved,2026-03-19 02:53:30,2026-03-19 02:53:36
8,Running,2026-03-19 02:53:19,2026-03-19 02:54:17
8,Starved,2026-03-19 02:54:17,2026-03-19 02:54:27
5,Running,2026-03-19 02:53:36,2026-03-19 02:54:36
11,Running,2026-03-19 02:51:47,2026-03-19 02:54:46
11,Starved,2026-03-19 02:54:46,2026-03-19 02:54:52
5,Starved,2026-03-19 02:54:36,2026-03-19 02:54:54
8,Running,2026-03-19 02:54:27,2026-03-19 02:55:17
8,Starved,2026-03-19 02:55:17,2026-03-19 02:55:23
6,Running,2026-03-19 02:50:37,2026-03-19 02:55:45
5,Running,2026-03-19 02:54:54,2026-03-19 02:55:49
6,Starved,2026-03-19 02:55:45,2026-03-19 02:55:49
5,Starved,2026-03-19 02:55:49,2026-03-19 02:55:55
13,Running,2026-03-19 02:36:39,2026-03-19 02:55:55
13,Starved,2026-03-19 02:55:55,2026-03-19 02:55:56
11,Running,2026-03-19 02:54:52,2026-03-19 02:56:45
11,Starved,2026-03-19 02:56:45,2026-03-19 02:57:03
6,Running,2026-03-19 02:55:49,2026-03-19 02:57:51
6,Starved,2026-03-19 02:57:51,2026-03-19 02:58:02
6,Running,2026-03-19 02:58:02,2026-03-19 02:58:54
11,Running,2026-03-19 02:57:03,2026-03-19 02:59:01
11,Starved,2026-03-19 02:59:01,2026-03-19 02:59:08
6,Starved,2026-03-19 02:58:54,2026-03-19 02:59:09
8,Running,2026-03-19 02:55:23,2026-03-19 02:59:42
8,Starved,2026-03-19 02:59:42,2026-03-19 02:59:45
10,Running,2026-03-19 02:45:28,2026-03-19 02:59:58
10,Starved,2026-03-19 02:59:58,2026-03-19 03:00:04
10,Running,2026-03-19 03:00:04,2026-03-19 03:01:05
10,Starved,2026-03-19 03:01:05,2026-03-19 03:01:06
11,Running,2026-03-19 02:59:08,2026-03-19 03:01:56
4,Running,2026-03-19 01:08:53,2026-03-19 03:02:40
12,Running,2026-03-19 02:33:26,2026-03-19 03:03:42
8,Running,2026-03-19 02:59:45,2026-03-19 03:03:47
13,Running,2026-03-19 02:55:56,2026-03-19 03:03:54
5,Running,2026-03-19 02:55:55,2026-03-19 03:04:00
8,Starved,2026-03-19 03:03:47,2026-03-19 03:04:05
8,Running,2026-03-19 03:04:05,2026-03-19 03:05:04
8,Starved,2026-03-19 03:05:04,2026-03-19 03:05:10
6,Running,2026-03-19 02:59:09,2026-03-19 03:05:10
10,Running,2026-03-19 03:01:06,2026-03-19 03:05:59
10,Starved,2026-03-19 03:05:59,2026-03-19 03:06:15
8,Running,2026-03-19 03:05:10,2026-03-19 03:06:16
4,Down,2026-03-19 03:02:40,2026-03-19 03:06:30
8,Starved,2026-03-19 03:06:16,2026-03-19 03:06:32
10,Running,2026-03-19 03:06:15,2026-03-19 03:07:16
10,Starved,2026-03-19 03:07:16,2026-03-19 03:07:25
8,Running,2026-03-19 03:06:32,2026-03-19 03:07:30
8,Starved,2026-03-19 03:07:30,2026-03-19 03:07:33
5,Starved,2026-03-19 03:04:00,2026-03-19 03:07:39
5,Running,2026-03-19 03:07:39,2026-03-19 03:08:28
8,Running,2026-03-19 03:07:33,2026-03-19 03:08:32
5,Starved,2026-03-19 03:08:28,2026-03-19 03:08:42
8,Starved,2026-03-19 03:08:32,2026-03-19 03:09:01
5,Running,2026-03-19 03:08:42,2026-03-19 03:09:38
5,Starved,2026-03-19 03:09:38,2026-03-19 03:09:47
8,Running,2026-03-19 03:09:01,2026-03-19 03:09:52
8,Starved,2026-03-19 03:09:52,2026-03-19 03:10:01
10,Running,2026-03-19 03:07:25,2026-03-19 03:11:35
5,Running,2026-03-19 03:09:47,2026-03-19 03:11:41
5,Starved,2026-03-19 03:11:41,2026-03-19 03:11:44
11,Down,2026-03-19 03:01:56,2026-03-19 03:11:54
10,Blocked,2026-03-19 03:11:35,2026-03-19 03:11:54
8,Running,2026-03-19 03:10:01,2026-03-19 03:12:02
8,Starved,2026-03-19 03:12:02,2026-03-19 03:12:11
12,Starved,2026-03-19 03:03:42,2026-03-19 03:12:49
10,Running,2026-03-19 03:11:54,2026-03-19 03:12:50
10,Starved,2026-03-19 03:12:50,2026-03-19 03:12:53
8,Running,2026-03-19 03:12:11,2026-03-19 03:13:19
8,Starved,2026-03-19 03:13:19,2026-03-19 03:13:23
5,Running,2026-03-19 03:11:44,2026-03-19 03:13:40
5,Starved,2026-03-19 03:13:40,2026-03-19 03:13:47
12,Running,2026-03-19 03:12:49,2026-03-19 03:13:52
12,Starved,2026-03-19 03:13:52,2026-03-19 03:13:54
10,Running,2026-03-19 03:12:53,2026-03-19 03:14:05
8,Running,2026-03-19 03:13:23,2026-03-19 03:14:25
10,Starved,2026-03-19 03:14:05,2026-03-19 03:14:26
8,Starved,2026-03-19 03:14:25,2026-03-19 03:14:27
5,Running,2026-03-19 03:13:47,2026-03-19 03:14:39
5,Starved,2026-03-19 03:14:39,2026-03-19 03:14:47
5,Running,2026-03-19 03:14:47,2026-03-19 03:15:44
5,Starved,2026-03-19 03:15:44,2026-03-19 03:15:49
8,Running,2026-03-19 03:14:27,2026-03-19 03:16:26
8,Starved,2026-03-19 03:16:26,2026-03-19 03:16:27
10,Running,2026-03-19 03:14:26,2026-03-19 03:16:28
10,Starved,2026-03-19 03:16:28,2026-03-19 03:16:41
5,Running,2026-03-19 03:15:49,2026-03-19 03:16:44
12,Running,2026-03-19 03:13:54,2026-03-19 03:16:54
5,Starved,2026-03-19 03:16:44,2026-03-19 03:16:54
12,Starved,2026-03-19 03:16:54,2026-03-19 03:17:00
8,Running,2026-03-19 03:16:27,2026-03-19 03:17:27
10,Running,2026-03-19 03:16:41,2026-03-19 03:17:36
13,Down,2026-03-19 03:03:54,2026-03-19 03:17:39
8,Starved,2026-03-19 03:17:27,2026-03-19 03:17:43
10,Starved,2026-03-19 03:17:36,2026-03-19 03:17:48
5,Running,2026-03-19 03:16:54,2026-03-19 03:17:55
5,Starved,2026-03-19 03:17:55,2026-03-19 03:17:56
12,Running,2026-03-19 03:17:00,2026-03-19 03:18:02
12,Starved,2026-03-19 03:18:02,2026-03-19 03:18:02
10,Running,2026-03-19 03:17:48,2026-03-19 03:18:45
10,Starved,2026-03-19 03:18:45,2026-03-19 03:18:54
5,Running,2026-03-19 03:17:56,2026-03-19 03:18:56
5,Starved,2026-03-19 03:18:56,2026-03-19 03:19:21
8,Running,2026-03-19 03:17:43,2026-03-19 03:19:47
8,Starved,2026-03-19 03:19:47,2026-03-19 03:19:48
10,Running,2026-03-19 03:18:54,2026-03-19 03:19:55
10,Starved,2026-03-19 03:19:55,2026-03-19 03:20:15
5,Running,2026-03-19 03:19:21,2026-03-19 03:20:16
5,Starved,2026-03-19 03:20:16,2026-03-19 03:20:26
5,Running,2026-03-19 03:20:26,2026-03-19 03:21:19
5,Starved,2026-03-19 03:21:19,2026-03-19 03:21:48
12,Running,2026-03-19 03:18:02,2026-03-19 03:21:57
12,Starved,2026-03-19 03:21:57,2026-03-19 03:22:00
10,Running,2026-03-19 03:20:15,2026-03-19 03:22:06
10,Starved,2026-03-19 03:22:06,2026-03-19 03:22:10
5,Running,2026-03-19 03:21:48,2026-03-19 03:22:41
8,Running,2026-03-19 03:19:48,2026-03-19 03:22:47
8,Starved,2026-03-19 03:22:47,2026-03-19 03:22:51
5,Starved,2026-03-19 03:22:41,2026-03-19 03:23:01
10,Running,2026-03-19 03:22:10,2026-03-19 03:23:11
10,Starved,2026-03-19 03:23:11,2026-03-19 03:23:11
10,Running,2026-03-19 03:23:11,2026-03-19 03:24:05
10,Starved,2026-03-19 03:24:05,2026-03-19 03:24:12
8,Running,2026-03-19 03:22:51,2026-03-19 03:24:48
5,Running,2026-03-19 03:23:01,2026-03-19 03:24:56
10,Running,2026-03-19 03:24:12,2026-03-19 03:25:09
8,Starved,2026-03-19 03:24:48,2026-03-19 03:25:21
10,Starved,2026-03-19 03:25:09,2026-03-19 03:25:29
8,Running,2026-03-19 03:25:21,2026-03-19 03:26:21
6,Down,2026-03-19 03:05:10,2026-03-19 03:26:43
5,Blocked,2026-03-19 03:24:56,2026-03-19 03:26:43
8,Starved,2026-03-19 03:26:21,2026-03-19 03:26:44
12,Running,2026-03-19 03:22:00,2026-03-19 03:27:06
12,Starved,2026-03-19 03:27:06,2026-03-19 03:27:16
5,Running,2026-03-19 03:26:43,2026-03-19 03:27:34
5,Blocked,2026-03-19 03:27:34,2026-03-19 03:27:50
12,Running,2026-03-19 03:27:16,2026-03-19 03:28:13
10,Running,2026-03-19 03:25:29,2026-03-19 03:28:16
12,Starved,2026-03-19 03:28:13,2026-03-19 03:28:20
10,Starved,2026-03-19 03:28:16,2026-03-19 03:28:24
5,Running,2026-03-19 03:27:50,2026-03-19 03:28:42
8,Running,2026-03-19 03:26:44,2026-03-19 03:28:44
8,Starved,2026-03-19 03:28:44,2026-03-19 03:28:49
5,Blocked,2026-03-19 03:28:42,2026-03-19 03:28:51
12,Running,2026-03-19 03:28:20,2026-03-19 03:30:21
12,Starved,2026-03-19 03:30:21,2026-03-19 03:30:27
8,Running,2026-03-19 03:28:49,2026-03-19 03:30:52
8,Starved,2026-03-19 03:30:52,2026-03-19 03:31:00
8,Running,2026-03-19 03:31:00,2026-03-19 03:32:02
3,Running,2026-03-19 02:52:22,2026-03-19 03:32:15
3,Blocked,2026-03-19 03:32:15,2026-03-19 03:32:22
11,Running,2026-03-19 03:11:54,2026-03-19 03:32:22
8,Starved,2026-03-19 03:32:02,2026-03-19 03:32:27
3,Running,2026-03-19 03:32:22,2026-03-19 03:33:14
3,Blocked,2026-03-19 03:33:14,2026-03-19 03:33:28
8,Running,2026-03-19 03:32:27,2026-03-19 03:33:32
8,Starved,2026-03-19 03:33:32,2026-03-19 03:33:37
12,Running,2026-03-19 03:30:27,2026-03-19 03:33:37
10,Running,2026-03-19 03:28:24,2026-03-19 03:33:41
8,Running,2026-03-19 03:33:37,2026-03-19 03:34:37
8,Starved,2026-03-19 03:34:37,2026-03-19 03:34:43
3,Running,2026-03-19 03:33:28,2026-03-19 03:35:32
8,Running,2026-03-19 03:34:43,2026-03-19 03:35:40
5,Running,2026-03-19 03:28:51,2026-03-19 03:35:41
5,Starved,2026-03-19 03:35:41,2026-03-19 03:36:01
3,Blocked,2026-03-19 03:35:32,2026-03-19 03:36:01
8,Starved,2026-03-19 03:35:40,2026-03-19 03:36:15
3,Running,2026-03-19 03:36:01,2026-03-19 03:37:01
5,Running,2026-03-19 03:36:01,2026-03-19 03:37:05
5,Starved,2026-03-19 03:37:05,2026-03-19 03:37:19
3,Blocked,2026-03-19 03:37:01,2026-03-19 03:37:19
5,Running,2026-03-19 03:37:19,2026-03-19 03:38:08
13,Running,2026-03-19 03:17:39,2026-03-19 03:38:11
8,Running,2026-03-19 03:36:15,2026-03-19 03:38:15
8,Starved,2026-03-19 03:38:15,2026-03-19 03:38:23
5,Starved,2026-03-19 03:38:08,2026-03-19 03:38:25
5,Running,2026-03-19 03:38:25,2026-03-19 03:39:16
8,Running,2026-03-19 03:38:23,2026-03-19 03:39:18
5,Starved,2026-03-19 03:39:16,2026-03-19 03:39:21
8,Starved,2026-03-19 03:39:18,2026-03-19 03:39:47
11,Down,2026-03-19 03:32:22,2026-03-19 03:39:57
10,Blocked,2026-03-19 03:33:41,2026-03-19 03:39:57
5,Running,2026-03-19 03:39:21,2026-03-19 03:40:13
3,Running,2026-03-19 03:37:19,2026-03-19 03:40:34
5,Starved,2026-03-19 03:40:13,2026-03-19 03:40:39
3,Blocked,2026-03-19 03:40:34,2026-03-19 03:40:39
8,Running,2026-03-19 03:39:47,2026-03-19 03:40:47
12,Starved,2026-03-19 03:33:37,2026-03-19 03:40:57
8,Starved,2026-03-19 03:40:47,2026-03-19 03:41:19
5,Running,2026-03-19 03:40:39,2026-03-19 03:41:38
3,Running,2026-03-19 03:40:39,2026-03-19 03:41:47
12,Running,2026-03-19 03:40:57,2026-03-19 03:41:52
13,Starved,2026-03-19 03:38:11,2026-03-19 03:41:52
5,Starved,2026-03-19 03:41:38,2026-03-19 03:41:56
3,Blocked,2026-03-19 03:41:47,2026-03-19 03:41:56
12,Starved,2026-03-19 03:41:52,2026-03-19 03:42:05
8,Running,2026-03-19 03:41:19,2026-03-19 03:42:20
8,Starved,2026-03-19 03:42:20,2026-03-19 03:42:32
3,Running,2026-03-19 03:41:56,2026-03-19 03:42:57
13,Running,2026-03-19 03:41:52,2026-03-19 03:42:59
5,Running,2026-03-19 03:41:56,2026-03-19 03:43:00
12,Running,2026-03-19 03:42:05,2026-03-19 03:43:02
13,Starved,2026-03-19 03:42:59,2026-03-19 03:43:02
5,Starved,2026-03-19 03:43:00,2026-03-19 03:43:08
3,Blocked,2026-03-19 03:42:57,2026-03-19 03:43:08
12,Starved,2026-03-19 03:43:02,2026-03-19 03:43:09
3,Running,2026-03-19 03:43:08,2026-03-19 03:44:01
5,Running,2026-03-19 03:43:08,2026-03-19 03:44:03
10,Running,2026-03-19 03:39:57,2026-03-19 03:44:06
5,Starved,2026-03-19 03:44:03,2026-03-19 03:44:07
3,Blocked,2026-03-19 03:44:01,2026-03-19 03:44:07
13,Running,2026-03-19 03:43:02,2026-03-19 03:44:09
10,Blocked,2026-03-19 03:44:06,2026-03-19 03:44:11
13,Starved,2026-03-19 03:44:09,2026-03-19 03:44:12
8,Running,2026-03-19 03:42:32,2026-03-19 03:44:35
8,Starved,2026-03-19 03:44:35,2026-03-19 03:45:02
13,Running,2026-03-19 03:44:12,2026-03-19 03:45:07
3,Running,2026-03-19 03:44:07,2026-03-19 03:45:09
5,Running,2026-03-19 03:44:07,2026-03-19 03:45:12
13,Starved,2026-03-19 03:45:07,2026-03-19 03:45:14
5,Starved,2026-03-19 03:45:12,2026-03-19 03:45:20
3,Blocked,2026-03-19 03:45:09,2026-03-19 03:45:20
8,Running,2026-03-19 03:45:02,2026-03-19 03:46:02
8,Starved,2026-03-19 03:46:02,2026-03-19 03:46:13
3,Running,2026-03-19 03:45:20,2026-03-19 03:46:16
3,Blocked,2026-03-19 03:46:16,2026-03-19 03:46:17
5,Running,2026-03-19 03:45:20,2026-03-19 03:47:15
3,Running,2026-03-19 03:46:17,2026-03-19 03:47:23
5,Starved,2026-03-19 03:47:15,2026-03-19 03:47:31
3,Blocked,2026-03-19 03:47:23,2026-03-19 03:47:31
8,Running,2026-03-19 03:46:13,2026-03-19 03:48:22
5,Running,2026-03-19 03:47:31,2026-03-19 03:48:29
5,Starved,2026-03-19 03:48:29,2026-03-19 03:48:30
8,Starved,2026-03-19 03:48:22,2026-03-19 03:48:33
5,Running,2026-03-19 03:48:30,2026-03-19 03:49:33
8,Running,2026-03-19 03:48:33,2026-03-19 03:49:36
5,Starved,2026-03-19 03:49:33,2026-03-19 03:49:38
8,Starved,2026-03-19 03:49:36,2026-03-19 03:49:42
2,Running,2026-03-19 01:06:58,2026-03-19 03:50:04
8,Running,2026-03-19 03:49:42,2026-03-19 03:50:41
5,Running,2026-03-19 03:49:38,2026-03-19 03:50:41
5,Starved,2026-03-19 03:50:41,2026-03-19 03:50:42
8,Starved,2026-03-19 03:50:41,2026-03-19 03:50:54
5,Running,2026-03-19 03:50:42,2026-03-19 03:51:42
8,Running,2026-03-19 03:50:54,2026-03-19 03:51:47
8,Starved,2026-03-19 03:51:47,2026-03-19 03:51:55
3,Running,2026-03-19 03:47:31,2026-03-19 03:52:00
12,Running,2026-03-19 03:43:09,2026-03-19 03:52:08
12,Starved,2026-03-19 03:52:08,2026-03-19 03:52:16
5,Starved,2026-03-19 03:51:42,2026-03-19 03:52:20
3,Blocked,2026-03-19 03:52:00,2026-03-19 03:52:20
8,Running,2026-03-19 03:51:55,2026-03-19 03:52:46
8,Starved,2026-03-19 03:52:46,2026-03-19 03:53:01
1,Running,2026-03-19 02:14:18,2026-03-19 03:53:54
5,Running,2026-03-19 03:52:20,2026-03-19 03:54:15
3,Running,2026-03-19 03:52:20,2026-03-19 03:54:22
5,Starved,2026-03-19 03:54:15,2026-03-19 03:54:28
3,Blocked,2026-03-19 03:54:22,2026-03-19 03:54:28
12,Running,2026-03-19 03:52:16,2026-03-19 03:55:19
12,Starved,2026-03-19 03:55:19,2026-03-19 03:55:20
3,Running,2026-03-19 03:54:28,2026-03-19 03:55:27
3,Blocked,2026-03-19 03:55:27,2026-03-19 03:55:29
8,Running,2026-03-19 03:53:01,2026-03-19 03:56:10
12,Running,2026-03-19 03:55:20,2026-03-19 03:56:16
12,Starved,2026-03-19 03:56:16,2026-03-19 03:56:18
3,Running,2026-03-19 03:55:29,2026-03-19 03:56:26
5,Running,2026-03-19 03:54:28,2026-03-19 03:56:30
5,Starved,2026-03-19 03:56:30,2026-03-19 03:56:31
3,Blocked,2026-03-19 03:56:26,2026-03-19 03:56:31
5,Running,2026-03-19 03:56:31,2026-03-19 03:57:24
3,Running,2026-03-19 03:56:31,2026-03-19 03:57:34
5,Starved,2026-03-19 03:57:24,2026-03-19 03:57:36
3,Blocked,2026-03-19 03:57:34,2026-03-19 03:57:36
3,Running,2026-03-19 03:57:36,2026-03-19 03:58:28
3,Blocked,2026-03-19 03:58:28,2026-03-19 03:58:29
8,Down,2026-03-19 03:56:10,2026-03-19 03:58:33
2,Down,2026-03-19 03:50:04,2026-03-19 03:58:37
1,Blocked,2026-03-19 03:53:54,2026-03-19 03:58:37
1,Running,2026-03-19 03:58:37,2026-03-19 03:59:30
1,Blocked,2026-03-19 03:59:30,2026-03-19 03:59:39
5,Running,2026-03-19 03:57:36,2026-03-19 04:00:21
3,Running,2026-03-19 03:58:29,2026-03-19 04:00:24
5,Starved,2026-03-19 04:00:21,2026-03-19 04:00:33
3,Blocked,2026-03-19 04:00:24,2026-03-19 04:00:33
5,Running,2026-03-19 04:00:33,2026-03-19 04:01:27
3,Running,2026-03-19 04:00:33,2026-03-19 04:01:35
5,Starved,2026-03-19 04:01:27,2026-03-19 04:01:41
3,Blocked,2026-03-19 04:01:35,2026-03-19 04:01:41
13,Running,2026-03-19 03:45:14,2026-03-19 04:03:23
13,Starved,2026-03-19 04:03:23,2026-03-19 04:03:26
11,Running,2026-03-19 03:39:57,2026-03-19 04:04:05
13,Running,2026-03-19 04:03:26,2026-03-19 04:04:30
13,Starved,2026-03-19 04:04:30,2026-03-19 04:04:30
5,Running,2026-03-19 04:01:41,2026-03-19 04:04:34
5,Starved,2026-03-19 04:04:34,2026-03-19 04:04:40
10,Running,2026-03-19 03:44:11,2026-03-19 04:04:46
1,Running,2026-03-19 03:59:39,2026-03-19 04:04:55
1,Blocked,2026-03-19 04:04:55,2026-03-19 04:05:00
12,Running,2026-03-19 03:56:18,2026-03-19 04:05:23
5,Running,2026-03-19 04:04:40,2026-03-19 04:05:40
3,Running,2026-03-19 04:01:41,2026-03-19 04:05:55
5,Starved,2026-03-19 04:05:40,2026-03-19 04:06:04
3,Blocked,2026-03-19 04:05:55,2026-03-19 04:06:04
13,Running,2026-03-19 04:04:30,2026-03-19 04:06:19
9,Running,2026-03-19 01:49:32,2026-03-19 04:06:36
9,Starved,2026-03-19 04:06:36,2026-03-19 04:06:41
8,Running,2026-03-19 03:58:33,2026-03-19 04:07:40
9,Running,2026-03-19 04:06:41,2026-03-19 04:07:46
3,Running,2026-03-19 04:06:04,2026-03-19 04:08:00
3,Blocked,2026-03-19 04:08:00,2026-03-19 04:08:00
3,Running,2026-03-19 04:08:00,2026-03-19 04:08:55
5,Running,2026-03-19 04:06:04,2026-03-19 04:08:56
5,Starved,2026-03-19 04:08:56,2026-03-19 04:09:03
3,Blocked,2026-03-19 04:08:55,2026-03-19 04:09:03
8,Down,2026-03-19 04:07:40,2026-03-19 04:09:45
5,Running,2026-03-19 04:09:03,2026-03-19 04:09:55
3,Running,2026-03-19 04:09:03,2026-03-19 04:10:09
5,Starved,2026-03-19 04:09:55,2026-03-19 04:10:12
3,Blocked,2026-03-19 04:10:09,2026-03-19 04:10:12
1,Running,2026-03-19 04:05:00,2026-03-19 04:11:53
1,Blocked,2026-03-19 04:11:53,2026-03-19 04:11:54
1,Running,2026-03-19 04:11:54,2026-03-19 04:12:49
1,Blocked,2026-03-19 04:12:49,2026-03-19 04:12:57
5,Running,2026-03-19 04:10:12,2026-03-19 04:13:07
5,Starved,2026-03-19 04:13:07,2026-03-19 04:13:15
11,Down,2026-03-19 04:04:05,2026-03-19 04:13:32
10,Blocked,2026-03-19 04:04:46,2026-03-19 04:13:32
12,Starved,2026-03-19 04:05:23,2026-03-19 04:14:27
5,Running,2026-03-19 04:13:15,2026-03-19 04:15:04
5,Starved,2026-03-19 04:15:04,2026-03-19 04:15:22
10,Down,2026-03-19 04:13:32,2026-03-19 04:15:25
9,Blocked,2026-03-19 04:07:46,2026-03-19 04:15:25
12,Running,2026-03-19 04:14:27,2026-03-19 04:15:27
13,Starved,2026-03-19 04:06:19,2026-03-19 04:15:27
12,Starved,2026-03-19 04:15:27,2026-03-19 04:15:35
5,Running,2026-03-19 04:15:22,2026-03-19 04:16:13
3,Running,2026-03-19 04:10:12,2026-03-19 04:16:16
13,Running,2026-03-19 04:15:27,2026-03-19 04:16:31
5,Starved,2026-03-19 04:16:13,2026-03-19 04:16:33
3,Blocked,2026-03-19 04:16:16,2026-03-19 04:16:33
13,Starved,2026-03-19 04:16:31,2026-03-19 04:16:46
1,Running,2026-03-19 04:12:57,2026-03-19 04:17:07
1,Blocked,2026-03-19 04:17:07,2026-03-19 04:17:12
3,Running,2026-03-19 04:16:33,2026-03-19 04:17:32
5,Running,2026-03-19 04:16:33,2026-03-19 04:17:34
13,Running,2026-03-19 04:16:46,2026-03-19 04:17:39
5,Starved,2026-03-19 04:17:34,2026-03-19 04:17:43
3,Blocked,2026-03-19 04:17:32,2026-03-19 04:17:43
13,Starved,2026-03-19 04:17:39,2026-03-19 04:17:50
1,Running,2026-03-19 04:17:12,2026-03-19 04:18:08
1,Blocked,2026-03-19 04:18:08,2026-03-19 04:18:13
3,Running,2026-03-19 04:17:43,2026-03-19 04:18:44
5,Running,2026-03-19 04:17:43,2026-03-19 04:18:47
13,Running,2026-03-19 04:17:50,2026-03-19 04:18:48
13,Starved,2026-03-19 04:18:48,2026-03-19 04:18:53
5,Starved,2026-03-19 04:18:47,2026-03-19 04:19:04
3,Blocked,2026-03-19 04:18:44,2026-03-19 04:19:04
1,Running,2026-03-19 04:18:13,2026-03-19 04:19:16
1,Blocked,2026-03-19 04:19:16,2026-03-19 04:19:20
1,Running,2026-03-19 04:19:20,2026-03-19 04:20:12
1,Blocked,2026-03-19 04:20:12,2026-03-19 04:20:21
13,Running,2026-03-19 04:18:53,2026-03-19 04:20:43
13,Starved,2026-03-19 04:20:43,2026-03-19 04:20:53
5,Running,2026-03-19 04:19:04,2026-03-19 04:21:13
3,Running,2026-03-19 04:19:04,2026-03-19 04:21:15
5,Starved,2026-03-19 04:21:13,2026-03-19 04:21:22
3,Blocked,2026-03-19 04:21:15,2026-03-19 04:21:22
13,Running,2026-03-19 04:20:53,2026-03-19 04:21:45
13,Starved,2026-03-19 04:21:45,2026-03-19 04:21:50
3,Running,2026-03-19 04:21:22,2026-03-19 04:22:12
3,Blocked,2026-03-19 04:22:12,2026-03-19 04:22:17
3,Running,2026-03-19 04:22:17,2026-03-19 04:23:12
5,Running,2026-03-19 04:21:22,2026-03-19 04:23:18
12,Running,2026-03-19 04:15:35,2026-03-19 04:23:37
12,Starved,2026-03-19 04:23:37,2026-03-19 04:23:38
5,Starved,2026-03-19 04:23:18,2026-03-19 04:23:44
3,Blocked,2026-03-19 04:23:12,2026-03-19 04:23:44
12,Running,2026-03-19 04:23:38,2026-03-19 04:24:34
3,Running,2026-03-19 04:23:44,2026-03-19 04:24:41
5,Running,2026-03-19 04:23:44,2026-03-19 04:24:42
5,Starved,2026-03-19 04:24:42,2026-03-19 04:24:43
3,Blocked,2026-03-19 04:24:41,2026-03-19 04:24:43
12,Starved,2026-03-19 04:24:34,2026-03-19 04:24:45
5,Running,2026-03-19 04:24:43,2026-03-19 04:25:36
12,Running,2026-03-19 04:24:45,2026-03-19 04:25:42
3,Running,2026-03-19 04:24:43,2026-03-19 04:25:48
5,Starved,2026-03-19 04:25:36,2026-03-19 04:25:48
3,Blocked,2026-03-19 04:25:48,2026-03-19 04:25:48
12,Starved,2026-03-19 04:25:42,2026-03-19 04:25:57
1,Running,2026-03-19 04:20:21,2026-03-19 04:26:24
1,Blocked,2026-03-19 04:26:24,2026-03-19 04:26:28
5,Running,2026-03-19 04:25:48,2026-03-19 04:26:53
3,Running,2026-03-19 04:25:48,2026-03-19 04:26:53
5,Starved,2026-03-19 04:26:53,2026-03-19 04:26:56
3,Blocked,2026-03-19 04:26:53,2026-03-19 04:26:56
13,Running,2026-03-19 04:21:50,2026-03-19 04:27:01
13,Starved,2026-03-19 04:27:01,2026-03-19 04:27:14
5,Running,2026-03-19 04:26:56,2026-03-19 04:27:53
5,Starved,2026-03-19 04:27:53,2026-03-19 04:27:55
12,Running,2026-03-19 04:25:57,2026-03-19 04:28:07
12,Starved,2026-03-19 04:28:07,2026-03-19 04:28:12
5,Running,2026-03-19 04:27:55,2026-03-19 04:28:46
5,Starved,2026-03-19 04:28:46,2026-03-19 04:29:08
12,Running,2026-03-19 04:28:12,2026-03-19 04:29:08
12,Starved,2026-03-19 04:29:08,2026-03-19 04:29:14
12,Running,2026-03-19 04:29:14,2026-03-19 04:31:08
12,Starved,2026-03-19 04:31:08,2026-03-19 04:31:17
3,Running,2026-03-19 04:26:56,2026-03-19 04:31:20
5,Running,2026-03-19 04:29:08,2026-03-19 04:31:20
5,Starved,2026-03-19 04:31:20,2026-03-19 04:31:31
3,Blocked,2026-03-19 04:31:20,2026-03-19 04:31:31
5,Running,2026-03-19 04:31:31,2026-03-19 04:32:29
3,Running,2026-03-19 04:31:31,2026-03-19 04:32:33
5,Starved,2026-03-19 04:32:29,2026-03-19 04:32:34
3,Blocked,2026-03-19 04:32:33,2026-03-19 04:32:34
3,Running,2026-03-19 04:32:34,2026-03-19 04:33:26
5,Running,2026-03-19 04:32:34,2026-03-19 04:33:43
5,Starved,2026-03-19 04:33:43,2026-03-19 04:33:55
3,Blocked,2026-03-19 04:33:26,2026-03-19 04:33:55
12,Running,2026-03-19 04:31:17,2026-03-19 04:34:13
12,Starved,2026-03-19 04:34:13,2026-03-19 04:34:18
3,Running,2026-03-19 04:33:55,2026-03-19 04:34:44
5,Running,2026-03-19 04:33:55,2026-03-19 04:34:48
3,Blocked,2026-03-19 04:34:44,2026-03-19 04:35:03
3,Running,2026-03-19 04:35:03,2026-03-19 04:36:02
3,Blocked,2026-03-19 04:36:02,2026-03-19 04:36:03
12,Running,2026-03-19 04:34:18,2026-03-19 04:36:15
12,Starved,2026-03-19 04:36:15,2026-03-19 04:36:28
3,Running,2026-03-19 04:36:03,2026-03-19 04:37:09
3,Blocked,2026-03-19 04:37:09,2026-03-19 04:37:26
13,Running,2026-03-19 04:27:14,2026-03-19 04:37:29
13,Starved,2026-03-19 04:37:29,2026-03-19 04:37:30
3,Running,2026-03-19 04:37:26,2026-03-19 04:38:17
10,Running,2026-03-19 04:15:25,2026-03-19 04:38:23
12,Running,2026-03-19 04:36:28,2026-03-19 04:38:25
12,Starved,2026-03-19 04:38:25,2026-03-19 04:38:25
10,Blocked,2026-03-19 04:38:23,2026-03-19 04:38:25
3,Blocked,2026-03-19 04:38:17,2026-03-19 04:38:27
3,Running,2026-03-19 04:38:27,2026-03-19 04:39:23
3,Blocked,2026-03-19 04:39:23,2026-03-19 04:39:26
1,Running,2026-03-19 04:26:28,2026-03-19 04:39:45
3,Running,2026-03-19 04:39:26,2026-03-19 04:40:20
1,Down,2026-03-19 04:39:45,2026-03-19 04:40:23
3,Blocked,2026-03-19 04:40:20,2026-03-19 04:40:41
3,Running,2026-03-19 04:40:41,2026-03-19 04:41:43
3,Blocked,2026-03-19 04:41:43,2026-03-19 04:41:59
3,Running,2026-03-19 04:41:59,2026-03-19 04:42:56
3,Blocked,2026-03-19 04:42:56,2026-03-19 04:42:57
6,Running,2026-03-19 03:26:43,2026-03-19 04:43:06
3,Running,2026-03-19 04:42:57,2026-03-19 04:43:53
3,Blocked,2026-03-19 04:43:53,2026-03-19 04:43:58
12,Running,2026-03-19 04:38:25,2026-03-19 04:44:10
12,Starved,2026-03-19 04:44:10,2026-03-19 04:44:22
3,Running,2026-03-19 04:43:58,2026-03-19 04:45:01
3,Blocked,2026-03-19 04:45:01,2026-03-19 04:45:05
10,Running,2026-03-19 04:38:25,2026-03-19 04:45:20
10,Blocked,2026-03-19 04:45:20,2026-03-19 04:45:21
5,Down,2026-03-19 04:34:48,2026-03-19 04:45:21
3,Running,2026-03-19 04:45:05,2026-03-19 04:45:55
3,Blocked,2026-03-19 04:45:55,2026-03-19 04:46:12
8,Running,2026-03-19 04:09:45,2026-03-19 04:46:14
10,Running,2026-03-19 04:45:21,2026-03-19 04:46:21
8,Starved,2026-03-19 04:46:14,2026-03-19 04:46:22
6,Starved,2026-03-19 04:43:06,2026-03-19 04:46:25
12,Running,2026-03-19 04:44:22,2026-03-19 04:46:26
10,Blocked,2026-03-19 04:46:21,2026-03-19 04:46:30
3,Running,2026-03-19 04:46:12,2026-03-19 04:47:06
8,Running,2026-03-19 04:46:22,2026-03-19 04:47:19
10,Running,2026-03-19 04:46:30,2026-03-19 04:47:27
8,Starved,2026-03-19 04:47:19,2026-03-19 04:47:29
10,Blocked,2026-03-19 04:47:27,2026-03-19 04:47:32
13,Running,2026-03-19 04:37:30,2026-03-19 04:47:41
3,Blocked,2026-03-19 04:47:06,2026-03-19 04:47:50
12,Down,2026-03-19 04:46:26,2026-03-19 04:48:00
10,Running,2026-03-19 04:47:32,2026-03-19 04:48:30
3,Running,2026-03-19 04:47:50,2026-03-19 04:48:39
10,Blocked,2026-03-19 04:48:30,2026-03-19 04:48:43
3,Blocked,2026-03-19 04:48:39,2026-03-19 04:48:53
13,Starved,2026-03-19 04:47:41,2026-03-19 04:49:04
8,Running,2026-03-19 04:47:29,2026-03-19 04:49:20
8,Blocked,2026-03-19 04:49:20,2026-03-19 04:49:23
7,Running,2026-03-19 02:18:31,2026-03-19 04:49:58
8,Starved,2026-03-19 04:49:23,2026-03-19 04:49:58
3,Running,2026-03-19 04:48:53,2026-03-19 04:50:01
13,Running,2026-03-19 04:49:04,2026-03-19 04:50:06
13,Starved,2026-03-19 04:50:06,2026-03-19 04:50:09
3,Blocked,2026-03-19 04:50:01,2026-03-19 04:50:28
7,Down,2026-03-19 04:49:58,2026-03-19 04:50:37
10,Running,2026-03-19 04:48:43,2026-03-19 04:50:45
10,Blocked,2026-03-19 04:50:45,2026-03-19 04:50:47
13,Running,2026-03-19 04:50:09,2026-03-19 04:50:59
8,Running,2026-03-19 04:49:58,2026-03-19 04:51:01
13,Starved,2026-03-19 04:50:59,2026-03-19 04:51:09
3,Running,2026-03-19 04:50:28,2026-03-19 04:51:26
3,Blocked,2026-03-19 04:51:26,2026-03-19 04:51:30
8,Starved,2026-03-19 04:51:01,2026-03-19 04:51:39
10,Running,2026-03-19 04:50:47,2026-03-19 04:51:52
10,Blocked,2026-03-19 04:51:52,2026-03-19 04:51:55
13,Running,2026-03-19 04:51:09,2026-03-19 04:52:07
13,Starved,2026-03-19 04:52:07,2026-03-19 04:52:09
3,Running,2026-03-19 04:51:30,2026-03-19 04:52:31
8,Running,2026-03-19 04:51:39,2026-03-19 04:52:34
3,Blocked,2026-03-19 04:52:31,2026-03-19 04:52:43
8,Starved,2026-03-19 04:52:34,2026-03-19 04:52:44
13,Running,2026-03-19 04:52:09,2026-03-19 04:53:10
13,Starved,2026-03-19 04:53:10,2026-03-19 04:53:11
6,Running,2026-03-19 04:46:25,2026-03-19 04:53:22
6,Starved,2026-03-19 04:53:22,2026-03-19 04:53:23
3,Running,2026-03-19 04:52:43,2026-03-19 04:53:43
3,Blocked,2026-03-19 04:53:43,2026-03-19 04:53:46
13,Running,2026-03-19 04:53:11,2026-03-19 04:54:07
13,Starved,2026-03-19 04:54:07,2026-03-19 04:54:14
3,Running,2026-03-19 04:53:46,2026-03-19 04:54:44
3,Blocked,2026-03-19 04:54:44,2026-03-19 04:54:59
9,Running,2026-03-19 04:15:25,2026-03-19 04:55:00
3,Running,2026-03-19 04:54:59,2026-03-19 04:55:54
3,Blocked,2026-03-19 04:55:54,2026-03-19 04:55:56
8,Running,2026-03-19 04:52:44,2026-03-19 04:56:06
6,Running,2026-03-19 04:53:23,2026-03-19 04:56:22
6,Starved,2026-03-19 04:56:22,2026-03-19 04:56:27
10,Down,2026-03-19 04:51:55,2026-03-19 04:57:21
9,Blocked,2026-03-19 04:55:00,2026-03-19 04:57:21
3,Running,2026-03-19 04:55:56,2026-03-19 04:58:05
3,Blocked,2026-03-19 04:58:05,2026-03-19 04:58:11
3,Running,2026-03-19 04:58:11,2026-03-19 04:59:05
3,Blocked,2026-03-19 04:59:05,2026-03-19 04:59:25
7,Running,2026-03-19 04:50:37,2026-03-19 04:59:27
6,Running,2026-03-19 04:56:27,2026-03-19 04:59:31
6,Starved,2026-03-19 04:59:31,2026-03-19 04:59:33
6,Running,2026-03-19 04:59:33,2026-03-19 05:00:32
6,Starved,2026-03-19 05:00:32,2026-03-19 05:00:32
3,Running,2026-03-19 04:59:25,2026-03-19 05:01:19
3,Blocked,2026-03-19 05:01:19,2026-03-19 05:01:29
3,Running,2026-03-19 05:01:29,2026-03-19 05:02:29
3,Blocked,2026-03-19 05:02:29,2026-03-19 05:02:40
9,Down,2026-03-19 04:57:21,2026-03-19 05:02:49
8,Blocked,2026-03-19 04:56:06,2026-03-19 05:02:49
3,Running,2026-03-19 05:02:40,2026-03-19 05:03:36
3,Blocked,2026-03-19 05:03:36,2026-03-19 05:03:43
8,Running,2026-03-19 05:02:49,2026-03-19 05:03:44
8,Blocked,2026-03-19 05:03:44,2026-03-19 05:04:05
7,Down,2026-03-19 04:59:27,2026-03-19 05:04:30
3,Running,2026-03-19 05:03:43,2026-03-19 05:04:43
3,Blocked,2026-03-19 05:04:43,2026-03-19 05:04:49
8,Running,2026-03-19 05:04:05,2026-03-19 05:05:03
8,Blocked,2026-03-19 05:05:03,2026-03-19 05:05:12
3,Running,2026-03-19 05:04:49,2026-03-19 05:05:49
8,Running,2026-03-19 05:05:12,2026-03-19 05:06:09
8,Blocked,2026-03-19 05:06:09,2026-03-19 05:06:14
3,Blocked,2026-03-19 05:05:49,2026-03-19 05:06:19
8,Running,2026-03-19 05:06:14,2026-03-19 05:07:15
8,Blocked,2026-03-19 05:07:15,2026-03-19 05:07:15
3,Running,2026-03-19 05:06:19,2026-03-19 05:07:17
2,Running,2026-03-19 03:58:37,2026-03-19 05:07:29
3,Blocked,2026-03-19 05:07:17,2026-03-19 05:07:29
2,Blocked,2026-03-19 05:07:29,2026-03-19 05:07:29
13,Running,2026-03-19 04:54:14,2026-03-19 05:07:46
13,Down,2026-03-19 05:07:46,2026-03-19 05:08:08
8,Running,2026-03-19 05:07:15,2026-03-19 05:08:14
3,Running,2026-03-19 05:07:29,2026-03-19 05:08:24
2,Running,2026-03-19 05:07:29,2026-03-19 05:08:27
3,Blocked,2026-03-19 05:08:24,2026-03-19 05:08:32
2,Blocked,2026-03-19 05:08:27,2026-03-19 05:08:32
8,Blocked,2026-03-19 05:08:14,2026-03-19 05:08:38
11,Running,2026-03-19 04:13:32,2026-03-19 05:08:59
8,Running,2026-03-19 05:08:38,2026-03-19 05:09:31
8,Blocked,2026-03-19 05:09:31,2026-03-19 05:09:35
2,Running,2026-03-19 05:08:32,2026-03-19 05:09:35
3,Running,2026-03-19 05:08:32,2026-03-19 05:09:36
3,Blocked,2026-03-19 05:09:36,2026-03-19 05:09:40
2,Blocked,2026-03-19 05:09:35,2026-03-19 05:09:40
3,Running,2026-03-19 05:09:40,2026-03-19 05:10:37
2,Running,2026-03-19 05:09:40,2026-03-19 05:10:41
12,Running,2026-03-19 04:48:00,2026-03-19 05:11:08
3,Blocked,2026-03-19 05:10:37,2026-03-19 05:11:11
2,Blocked,2026-03-19 05:10:41,2026-03-19 05:11:11
2,Running,2026-03-19 05:11:11,2026-03-19 05:12:06
2,Blocked,2026-03-19 05:12:06,2026-03-19 05:12:14
13,Running,2026-03-19 05:08:08,2026-03-19 05:12:57
2,Running,2026-03-19 05:12:14,2026-03-19 05:13:17
2,Blocked,2026-03-19 05:13:17,2026-03-19 05:13:20
3,Running,2026-03-19 05:11:11,2026-03-19 05:14:10
2,Running,2026-03-19 05:13:20,2026-03-19 05:14:13
3,Blocked,2026-03-19 05:14:10,2026-03-19 05:14:21
2,Blocked,2026-03-19 05:14:13,2026-03-19 05:14:21
10,Running,2026-03-19 04:57:21,2026-03-19 05:14:26
3,Running,2026-03-19 05:14:21,2026-03-19 05:15:11
3,Blocked,2026-03-19 05:15:11,2026-03-19 05:15:13
3,Running,2026-03-19 05:15:13,2026-03-19 05:16:05
3,Blocked,2026-03-19 05:16:05,2026-03-19 05:16:21
3,Running,2026-03-19 05:16:21,2026-03-19 05:17:16
3,Blocked,2026-03-19 05:17:16,2026-03-19 05:17:33
3,Running,2026-03-19 05:17:33,2026-03-19 05:18:32
2,Running,2026-03-19 05:14:21,2026-03-19 05:18:40
1,Running,2026-03-19 04:40:23,2026-03-19 05:18:51
3,Blocked,2026-03-19 05:18:32,2026-03-19 05:18:56
2,Blocked,2026-03-19 05:18:40,2026-03-19 05:18:56
1,Blocked,2026-03-19 05:18:51,2026-03-19 05:18:56
2,Running,2026-03-19 05:18:56,2026-03-19 05:19:51
1,Running,2026-03-19 05:18:56,2026-03-19 05:19:52
11,Down,2026-03-19 05:08:59,2026-03-19 05:19:55
10,Blocked,2026-03-19 05:14:26,2026-03-19 05:19:55
2,Blocked,2026-03-19 05:19:51,2026-03-19 05:20:09
1,Blocked,2026-03-19 05:19:52,2026-03-19 05:20:09
10,Running,2026-03-19 05:19:55,2026-03-19 05:20:44
12,Starved,2026-03-19 05:11:08,2026-03-19 05:20:54
10,Blocked,2026-03-19 05:20:44,2026-03-19 05:20:54
2,Running,2026-03-19 05:20:09,2026-03-19 05:21:10
1,Running,2026-03-19 05:20:09,2026-03-19 05:21:10
2,Blocked,2026-03-19 05:21:10,2026-03-19 05:21:15
1,Blocked,2026-03-19 05:21:10,2026-03-19 05:21:15
10,Running,2026-03-19 05:20:54,2026-03-19 05:21:50
12,Running,2026-03-19 05:20:54,2026-03-19 05:21:54
13,Starved,2026-03-19 05:12:57,2026-03-19 05:21:54
12,Starved,2026-03-19 05:21:54,2026-03-19 05:21:57
10,Blocked,2026-03-19 05:21:50,2026-03-19 05:21:57
3,Running,2026-03-19 05:18:56,2026-03-19 05:22:09
8,Running,2026-03-19 05:09:35,2026-03-19 05:22:16
8,Blocked,2026-03-19 05:22:16,2026-03-19 05:22:18
2,Running,2026-03-19 05:21:15,2026-03-19 05:22:18
1,Running,2026-03-19 05:21:15,2026-03-19 05:22:26
3,Blocked,2026-03-19 05:22:09,2026-03-19 05:22:41
13,Running,2026-03-19 05:21:54,2026-03-19 05:22:55
13,Starved,2026-03-19 05:22:55,2026-03-19 05:23:04
8,Running,2026-03-19 05:22:18,2026-03-19 05:23:18
8,Blocked,2026-03-19 05:23:18,2026-03-19 05:23:26
12,Running,2026-03-19 05:21:57,2026-03-19 05:23:57
12,Starved,2026-03-19 05:23:57,2026-03-19 05:24:00
6,Running,2026-03-19 05:00:32,2026-03-19 05:25:52
3,Down,2026-03-19 05:22:41,2026-03-19 05:25:58
2,Blocked,2026-03-19 05:22:18,2026-03-19 05:25:58
1,Blocked,2026-03-19 05:22:26,2026-03-19 05:25:58
6,Starved,2026-03-19 05:25:52,2026-03-19 05:25:59
12,Running,2026-03-19 05:24:00,2026-03-19 05:26:00
10,Running,2026-03-19 05:21:57,2026-03-19 05:26:01
12,Starved,2026-03-19 05:26:00,2026-03-19 05:26:01
10,Blocked,2026-03-19 05:26:01,2026-03-19 05:26:01
2,Running,2026-03-19 05:25:58,2026-03-19 05:26:53
6,Running,2026-03-19 05:25:59,2026-03-19 05:26:53
1,Running,2026-03-19 05:25:58,2026-03-19 05:26:57
6,Starved,2026-03-19 05:26:53,2026-03-19 05:26:59
10,Running,2026-03-19 05:26:01,2026-03-19 05:27:03
10,Blocked,2026-03-19 05:27:03,2026-03-19 05:27:03
2,Blocked,2026-03-19 05:26:53,2026-03-19 05:27:04
1,Blocked,2026-03-19 05:26:57,2026-03-19 05:27:04
8,Down,2026-03-19 05:23:26,2026-03-19 05:27:14
6,Running,2026-03-19 05:26:59,2026-03-19 05:28:03
6,Starved,2026-03-19 05:28:03,2026-03-19 05:28:04
12,Running,2026-03-19 05:26:01,2026-03-19 05:28:05
1,Running,2026-03-19 05:27:04,2026-03-19 05:29:00
2,Running,2026-03-19 05:27:04,2026-03-19 05:29:03
2,Blocked,2026-03-19 05:29:03,2026-03-19 05:29:05
1,Blocked,2026-03-19 05:29:00,2026-03-19 05:29:05
13,Running,2026-03-19 05:23:04,2026-03-19 05:29:17
10,Running,2026-03-19 05:27:03,2026-03-19 05:29:59
2,Running,2026-03-19 05:29:05,2026-03-19 05:30:01
2,Blocked,2026-03-19 05:30:01,2026-03-19 05:30:04
10,Blocked,2026-03-19 05:29:59,2026-03-19 05:30:13
12,Down,2026-03-19 05:28:05,2026-03-19 05:30:48
6,Running,2026-03-19 05:28:04,2026-03-19 05:31:14
10,Running,2026-03-19 05:30:13,2026-03-19 05:31:16
10,Blocked,2026-03-19 05:31:16,2026-03-19 05:31:18
6,Down,2026-03-19 05:31:14,2026-03-19 05:31:19
13,Starved,2026-03-19 05:29:17,2026-03-19 05:31:54
2,Running,2026-03-19 05:30:04,2026-03-19 05:32:04
2,Blocked,2026-03-19 05:32:04,2026-03-19 05:32:07
1,Running,2026-03-19 05:29:05,2026-03-19 05:34:18
1,Down,2026-03-19 05:34:18,2026-03-19 05:34:47
2,Running,2026-03-19 05:32:07,2026-03-19 05:35:02
2,Blocked,2026-03-19 05:35:02,2026-03-19 05:35:06
7,Running,2026-03-19 05:04:30,2026-03-19 05:35:25
10,Running,2026-03-19 05:31:18,2026-03-19 05:35:25
10,Blocked,2026-03-19 05:35:25,2026-03-19 05:35:29
2,Running,2026-03-19 05:35:06,2026-03-19 05:36:00
2,Blocked,2026-03-19 05:36:00,2026-03-19 05:36:05
7,Down,2026-03-19 05:35:25,2026-03-19 05:36:12
2,Running,2026-03-19 05:36:05,2026-03-19 05:37:03
2,Blocked,2026-03-19 05:37:03,2026-03-19 05:37:09
2,Running,2026-03-19 05:37:09,2026-03-19 05:38:06
3,Running,2026-03-19 05:25:58,2026-03-19 05:38:07
1,Running,2026-03-19 05:34:47,2026-03-19 05:38:50
3,Down,2026-03-19 05:38:07,2026-03-19 05:39:17
2,Blocked,2026-03-19 05:38:06,2026-03-19 05:39:17
1,Blocked,2026-03-19 05:38:50,2026-03-19 05:39:17
13,Running,2026-03-19 05:31:54,2026-03-19 05:40:45
13,Starved,2026-03-19 05:40:45,2026-03-19 05:40:47
2,Running,2026-03-19 05:39:17,2026-03-19 05:44:21
2,Blocked,2026-03-19 05:44:21,2026-03-19 05:44:21
2,Running,2026-03-19 05:44:21,2026-03-19 05:45:18
1,Running,2026-03-19 05:39:17,2026-03-19 05:45:29
2,Blocked,2026-03-19 05:45:18,2026-03-19 05:45:30
1,Blocked,2026-03-19 05:45:29,2026-03-19 05:45:30
6,Running,2026-03-19 05:31:19,2026-03-19 05:45:58
6,Down,2026-03-19 05:45:58,2026-03-19 05:46:13
2,Running,2026-03-19 05:45:30,2026-03-19 05:46:23
2,Blocked,2026-03-19 05:46:23,2026-03-19 05:46:32
2,Running,2026-03-19 05:46:32,2026-03-19 05:47:38
1,Running,2026-03-19 05:45:30,2026-03-19 05:47:40
7,Running,2026-03-19 05:36:12,2026-03-19 05:49:10
6,Running,2026-03-19 05:46:13,2026-03-19 05:51:58
8,Running,2026-03-19 05:27:14,2026-03-19 05:52:29
7,Down,2026-03-19 05:49:10,2026-03-19 05:52:33
8,Starved,2026-03-19 05:52:29,2026-03-19 05:53:31
6,Down,2026-03-19 05:51:58,2026-03-19 05:53:49
10,Running,2026-03-19 05:35:29,2026-03-19 05:54:19
10,Blocked,2026-03-19 05:54:19,2026-03-19 05:54:25
8,Running,2026-03-19 05:53:31,2026-03-19 05:54:27
8,Starved,2026-03-19 05:54:27,2026-03-19 05:54:57
4,Running,2026-03-19 03:06:30,2026-03-19 05:55:29
2,Down,2026-03-19 05:47:38,2026-03-19 05:55:36
1,Blocked,2026-03-19 05:47:40,2026-03-19 05:55:36
8,Running,2026-03-19 05:54:57,2026-03-19 05:55:46
8,Starved,2026-03-19 05:55:46,2026-03-19 05:55:54
3,Running,2026-03-19 05:39:17,2026-03-19 05:56:38
1,Down,2026-03-19 05:55:36,2026-03-19 05:56:46
8,Running,2026-03-19 05:55:54,2026-03-19 05:56:47
5,Running,2026-03-19 04:45:21,2026-03-19 05:57:02
8,Starved,2026-03-19 05:56:47,2026-03-19 05:57:09
10,Running,2026-03-19 05:54:25,2026-03-19 05:57:21
10,Blocked,2026-03-19 05:57:21,2026-03-19 05:57:25
13,Running,2026-03-19 05:40:47,2026-03-19 05:57:50
13,Starved,2026-03-19 05:57:50,2026-03-19 05:57:54
4,Down,2026-03-19 05:55:29,2026-03-19 05:58:03
3,Blocked,2026-03-19 05:56:38,2026-03-19 05:58:03
8,Running,2026-03-19 05:57:09,2026-03-19 05:58:10
8,Starved,2026-03-19 05:58:10,2026-03-19 05:58:22
13,Running,2026-03-19 05:57:54,2026-03-19 05:58:53
3,Running,2026-03-19 05:58:03,2026-03-19 05:59:02
13,Starved,2026-03-19 05:58:53,2026-03-19 05:59:06
5,Starved,2026-03-19 05:57:02,2026-03-19 05:59:15
3,Blocked,2026-03-19 05:59:02,2026-03-19 05:59:15
8,Running,2026-03-19 05:58:22,2026-03-19 05:59:18
8,Starved,2026-03-19 05:59:18,2026-03-19 05:59:34
6,Running,2026-03-19 05:53:49,2026-03-19 05:59:37
13,Running,2026-03-19 05:59:06,2026-03-19 06:00:02
13,Starved,2026-03-19 06:00:02,2026-03-19 06:00:13
6,Starved,2026-03-19 05:59:37,2026-03-19 06:00:15
6,Running,2026-03-19 06:00:15,2026-03-19 06:01:16
6,Starved,2026-03-19 06:01:16,2026-03-19 06:01:19
6,Running,2026-03-19 06:01:19,2026-03-19 06:02:15
5,Running,2026-03-19 05:59:15,2026-03-19 06:02:25
6,Starved,2026-03-19 06:02:15,2026-03-19 06:02:25
5,Starved,2026-03-19 06:02:25,2026-03-19 06:02:27
6,Running,2026-03-19 06:02:25,2026-03-19 06:03:21
5,Running,2026-03-19 06:02:27,2026-03-19 06:03:31
6,Starved,2026-03-19 06:03:21,2026-03-19 06:03:31
3,Running,2026-03-19 05:59:15,2026-03-19 06:03:33
5,Starved,2026-03-19 06:03:31,2026-03-19 06:03:38
3,Blocked,2026-03-19 06:03:33,2026-03-19 06:03:38
13,Running,2026-03-19 06:00:13,2026-03-19 06:04:14
13,Starved,2026-03-19 06:04:14,2026-03-19 06:04:20
3,Running,2026-03-19 06:03:38,2026-03-19 06:04:34
6,Running,2026-03-19 06:03:31,2026-03-19 06:04:35
5,Running,2026-03-19 06:03:38,2026-03-19 06:04:39
6,Starved,2026-03-19 06:04:35,2026-03-19 06:04:39
5,Starved,2026-03-19 06:04:39,2026-03-19 06:05:06
3,Blocked,2026-03-19 06:04:34,2026-03-19 06:05:06
13,Running,2026-03-19 06:04:20,2026-03-19 06:05:19
13,Starved,2026-03-19 06:05:19,2026-03-19 06:05:35
6,Running,2026-03-19 06:04:39,2026-03-19 06:05:36
3,Running,2026-03-19 06:05:06,2026-03-19 06:06:02
3,Blocked,2026-03-19 06:06:02,2026-03-19 06:06:11
6,Starved,2026-03-19 06:05:36,2026-03-19 06:06:12
10,Running,2026-03-19 05:57:25,2026-03-19 06:06:34
10,Blocked,2026-03-19 06:06:34,2026-03-19 06:06:36
6,Running,2026-03-19 06:06:12,2026-03-19 06:07:16
6,Starved,2026-03-19 06:07:16,2026-03-19 06:07:16
5,Running,2026-03-19 06:05:06,2026-03-19 06:08:15
5,Starved,2026-03-19 06:08:15,2026-03-19 06:08:16
6,Running,2026-03-19 06:07:16,2026-03-19 06:09:07
5,Running,2026-03-19 06:08:16,2026-03-19 06:09:11
6,Starved,2026-03-19 06:09:07,2026-03-19 06:09:11
5,Starved,2026-03-19 06:09:11,2026-03-19 06:09:22
3,Running,2026-03-19 06:06:11,2026-03-19 06:10:22
5,Running,2026-03-19 06:09:22,2026-03-19 06:10:23
5,Starved,2026-03-19 06:10:23,2026-03-19 06:10:30
3,Blocked,2026-03-19 06:10:22,2026-03-19 06:10:30
6,Running,2026-03-19 06:09:11,2026-03-19 06:11:27
6,Starved,2026-03-19 06:11:27,2026-03-19 06:11:36
6,Running,2026-03-19 06:11:36,2026-03-19 06:12:37
3,Running,2026-03-19 06:10:30,2026-03-19 06:12:40
5,Running,2026-03-19 06:10:30,2026-03-19 06:12:42
6,Starved,2026-03-19 06:12:37,2026-03-19 06:12:42
5,Starved,2026-03-19 06:12:42,2026-03-19 06:12:48
3,Blocked,2026-03-19 06:12:40,2026-03-19 06:12:48
6,Running,2026-03-19 06:12:42,2026-03-19 06:13:38
5,Running,2026-03-19 06:12:48,2026-03-19 06:13:46
6,Starved,2026-03-19 06:13:38,2026-03-19 06:13:46
3,Running,2026-03-19 06:12:48,2026-03-19 06:13:58
5,Starved,2026-03-19 06:13:46,2026-03-19 06:14:11
3,Blocked,2026-03-19 06:13:58,2026-03-19 06:14:11
6,Running,2026-03-19 06:13:46,2026-03-19 06:14:51
5,Running,2026-03-19 06:14:11,2026-03-19 06:15:15
6,Starved,2026-03-19 06:14:51,2026-03-19 06:15:15
3,Running,2026-03-19 06:14:11,2026-03-19 06:15:18
5,Starved,2026-03-19 06:15:15,2026-03-19 06:15:22
3,Blocked,2026-03-19 06:15:18,2026-03-19 06:15:22
13,Running,2026-03-19 06:05:35,2026-03-19 06:15:45
5,Running,2026-03-19 06:15:22,2026-03-19 06:16:14
3,Running,2026-03-19 06:15:22,2026-03-19 06:16:24
8,Running,2026-03-19 05:59:34,2026-03-19 06:16:25
8,Starved,2026-03-19 06:16:25,2026-03-19 06:16:33
5,Starved,2026-03-19 06:16:14,2026-03-19 06:16:34
3,Blocked,2026-03-19 06:16:24,2026-03-19 06:16:34
13,Down,2026-03-19 06:15:45,2026-03-19 06:16:59
6,Running,2026-03-19 06:15:15,2026-03-19 06:17:14
5,Running,2026-03-19 06:16:34,2026-03-19 06:17:30
6,Starved,2026-03-19 06:17:14,2026-03-19 06:17:30
8,Running,2026-03-19 06:16:33,2026-03-19 06:17:34
3,Running,2026-03-19 06:16:34,2026-03-19 06:17:36
8,Starved,2026-03-19 06:17:34,2026-03-19 06:17:38
5,Starved,2026-03-19 06:17:30,2026-03-19 06:17:46
3,Blocked,2026-03-19 06:17:36,2026-03-19 06:17:46
10,Running,2026-03-19 06:06:36,2026-03-19 06:17:49
10,Blocked,2026-03-19 06:17:49,2026-03-19 06:17:59
6,Running,2026-03-19 06:17:30,2026-03-19 06:18:37
5,Running,2026-03-19 06:17:46,2026-03-19 06:18:38
6,Starved,2026-03-19 06:18:37,2026-03-19 06:18:38
3,Running,2026-03-19 06:17:46,2026-03-19 06:18:44
5,Starved,2026-03-19 06:18:38,2026-03-19 06:18:47
3,Blocked,2026-03-19 06:18:44,2026-03-19 06:18:47
6,Running,2026-03-19 06:18:38,2026-03-19 06:19:37
8,Running,2026-03-19 06:17:38,2026-03-19 06:19:37
3,Running,2026-03-19 06:18:47,2026-03-19 06:19:39
5,Running,2026-03-19 06:18:47,2026-03-19 06:19:47
6,Starved,2026-03-19 06:19:37,2026-03-19 06:19:47
5,Starved,2026-03-19 06:19:47,2026-03-19 06:19:48
3,Blocked,2026-03-19 06:19:39,2026-03-19 06:19:48
8,Starved,2026-03-19 06:19:37,2026-03-19 06:19:56
5,Running,2026-03-19 06:19:48,2026-03-19 06:20:40
3,Running,2026-03-19 06:19:48,2026-03-19 06:20:43
5,Starved,2026-03-19 06:20:40,2026-03-19 06:20:49
3,Blocked,2026-03-19 06:20:43,2026-03-19 06:20:49
6,Running,2026-03-19 06:19:47,2026-03-19 06:21:43
5,Running,2026-03-19 06:20:49,2026-03-19 06:21:47
6,Starved,2026-03-19 06:21:43,2026-03-19 06:21:47
3,Running,2026-03-19 06:20:49,2026-03-19 06:21:48
8,Running,2026-03-19 06:19:56,2026-03-19 06:22:05
8,Starved,2026-03-19 06:22:05,2026-03-19 06:22:10
5,Starved,2026-03-19 06:21:47,2026-03-19 06:22:12
3,Blocked,2026-03-19 06:21:48,2026-03-19 06:22:12
6,Running,2026-03-19 06:21:47,2026-03-19 06:22:58
8,Running,2026-03-19 06:22:10,2026-03-19 06:23:03
6,Starved,2026-03-19 06:22:58,2026-03-19 06:23:15
8,Starved,2026-03-19 06:23:03,2026-03-19 06:23:17
3,Running,2026-03-19 06:22:12,2026-03-19 06:24:03
3,Blocked,2026-03-19 06:24:03,2026-03-19 06:24:11
8,Running,2026-03-19 06:23:17,2026-03-19 06:24:17
8,Starved,2026-03-19 06:24:17,2026-03-19 06:24:35
5,Running,2026-03-19 06:22:12,2026-03-19 06:24:58
3,Running,2026-03-19 06:24:11,2026-03-19 06:25:12
5,Starved,2026-03-19 06:24:58,2026-03-19 06:25:23
3,Blocked,2026-03-19 06:25:12,2026-03-19 06:25:23
8,Running,2026-03-19 06:24:35,2026-03-19 06:25:36
8,Starved,2026-03-19 06:25:36,2026-03-19 06:25:37
6,Running,2026-03-19 06:23:15,2026-03-19 06:26:11
6,Starved,2026-03-19 06:26:11,2026-03-19 06:26:29
8,Running,2026-03-19 06:25:37,2026-03-19 06:26:46
8,Starved,2026-03-19 06:26:46,2026-03-19 06:26:49
8,Running,2026-03-19 06:26:49,2026-03-19 06:27:47
8,Starved,2026-03-19 06:27:47,2026-03-19 06:28:15
13,Running,2026-03-19 06:16:59,2026-03-19 06:28:17
3,Running,2026-03-19 06:25:23,2026-03-19 06:28:24
6,Running,2026-03-19 06:26:29,2026-03-19 06:28:25
5,Running,2026-03-19 06:25:23,2026-03-19 06:28:32
6,Starved,2026-03-19 06:28:25,2026-03-19 06:28:32
5,Starved,2026-03-19 06:28:32,2026-03-19 06:28:52
3,Blocked,2026-03-19 06:28:24,2026-03-19 06:28:52
10,Running,2026-03-19 06:17:59,2026-03-19 06:29:30
10,Down,2026-03-19 06:29:30,2026-03-19 06:29:34
6,Running,2026-03-19 06:28:32,2026-03-19 06:29:39
6,Starved,2026-03-19 06:29:39,2026-03-19 06:30:00
3,Running,2026-03-19 06:28:52,2026-03-19 06:31:46
3,Blocked,2026-03-19 06:31:46,2026-03-19 06:31:54
3,Running,2026-03-19 06:31:54,2026-03-19 06:32:55
6,Running,2026-03-19 06:30:00,2026-03-19 06:33:01
3,Blocked,2026-03-19 06:32:55,2026-03-19 06:33:03
6,Starved,2026-03-19 06:33:01,2026-03-19 06:33:08
2,Running,2026-03-19 05:55:36,2026-03-19 06:33:18
3,Running,2026-03-19 06:33:03,2026-03-19 06:33:51
5,Running,2026-03-19 06:28:52,2026-03-19 06:34:07
5,Starved,2026-03-19 06:34:07,2026-03-19 06:34:09
3,Blocked,2026-03-19 06:33:51,2026-03-19 06:34:09
5,Running,2026-03-19 06:34:09,2026-03-19 06:35:04
3,Running,2026-03-19 06:34:09,2026-03-19 06:35:05
1,Running,2026-03-19 05:56:46,2026-03-19 06:35:10
5,Starved,2026-03-19 06:35:04,2026-03-19 06:35:14
3,Blocked,2026-03-19 06:35:05,2026-03-19 06:35:14
13,Down,2026-03-19 06:28:17,2026-03-19 06:35:38
3,Running,2026-03-19 06:35:14,2026-03-19 06:36:12
5,Running,2026-03-19 06:35:14,2026-03-19 06:36:18
5,Starved,2026-03-19 06:36:18,2026-03-19 06:36:31
3,Blocked,2026-03-19 06:36:12,2026-03-19 06:36:31
6,Running,2026-03-19 06:33:08,2026-03-19 06:37:23
3,Running,2026-03-19 06:36:31,2026-03-19 06:37:24
5,Running,2026-03-19 06:36:31,2026-03-19 06:37:32
6,Starved,2026-03-19 06:37:23,2026-03-19 06:37:32
5,Starved,2026-03-19 06:37:32,2026-03-19 06:37:54
3,Blocked,2026-03-19 06:37:24,2026-03-19 06:37:54
6,Running,2026-03-19 06:37:32,2026-03-19 06:38:25
5,Running,2026-03-19 06:37:54,2026-03-19 06:38:46
6,Starved,2026-03-19 06:38:25,2026-03-19 06:38:46
3,Running,2026-03-19 06:37:54,2026-03-19 06:38:46
5,Starved,2026-03-19 06:38:46,2026-03-19 06:39:14
3,Blocked,2026-03-19 06:38:46,2026-03-19 06:39:14
8,Running,2026-03-19 06:28:15,2026-03-19 06:39:20
8,Starved,2026-03-19 06:39:20,2026-03-19 06:39:36
6,Running,2026-03-19 06:38:46,2026-03-19 06:39:38
3,Running,2026-03-19 06:39:14,2026-03-19 06:40:11
5,Running,2026-03-19 06:39:14,2026-03-19 06:40:19
6,Starved,2026-03-19 06:39:38,2026-03-19 06:40:19
5,Starved,2026-03-19 06:40:19,2026-03-19 06:40:20
3,Blocked,2026-03-19 06:40:11,2026-03-19 06:40:20
8,Running,2026-03-19 06:39:36,2026-03-19 06:40:30
8,Starved,2026-03-19 06:40:30,2026-03-19 06:40:42
3,Running,2026-03-19 06:40:20,2026-03-19 06:41:12
6,Running,2026-03-19 06:40:19,2026-03-19 06:41:14
5,Running,2026-03-19 06:40:20,2026-03-19 06:41:30
6,Starved,2026-03-19 06:41:14,2026-03-19 06:41:30
8,Running,2026-03-19 06:40:42,2026-03-19 06:41:33
13,Running,2026-03-19 06:35:38,2026-03-19 06:41:33
8,Starved,2026-03-19 06:41:33,2026-03-19 06:41:36
5,Starved,2026-03-19 06:41:30,2026-03-19 06:41:40
3,Blocked,2026-03-19 06:41:12,2026-03-19 06:41:40
12,Running,2026-03-19 05:30:48,2026-03-19 06:42:17
6,Running,2026-03-19 06:41:30,2026-03-19 06:42:21
8,Running,2026-03-19 06:41:36,2026-03-19 06:42:29
5,Running,2026-03-19 06:41:40,2026-03-19 06:42:35
3,Running,2026-03-19 06:41:40,2026-03-19 06:42:44
8,Starved,2026-03-19 06:42:29,2026-03-19 06:42:47
6,Down,2026-03-19 06:42:21,2026-03-19 06:43:00
5,Starved,2026-03-19 06:42:35,2026-03-19 06:43:19
3,Blocked,2026-03-19 06:42:44,2026-03-19 06:43:19
2,Down,2026-03-19 06:33:18,2026-03-19 06:43:27
1,Blocked,2026-03-19 06:35:10,2026-03-19 06:43:27
6,Running,2026-03-19 06:43:00,2026-03-19 06:43:59
6,Starved,2026-03-19 06:43:59,2026-03-19 06:44:27
8,Running,2026-03-19 06:42:47,2026-03-19 06:44:43
8,Starved,2026-03-19 06:44:43,2026-03-19 06:44:50
5,Running,2026-03-19 06:43:19,2026-03-19 06:45:18
5,Starved,2026-03-19 06:45:18,2026-03-19 06:45:18
8,Running,2026-03-19 06:44:50,2026-03-19 06:45:48
8,Starved,2026-03-19 06:45:48,2026-03-19 06:45:53
5,Running,2026-03-19 06:45:18,2026-03-19 06:46:15
3,Running,2026-03-19 06:43:19,2026-03-19 06:46:19
5,Starved,2026-03-19 06:46:15,2026-03-19 06:46:22
3,Blocked,2026-03-19 06:46:19,2026-03-19 06:46:22
5,Running,2026-03-19 06:46:22,2026-03-19 06:47:19
5,Starved,2026-03-19 06:47:19,2026-03-19 06:47:23
8,Running,2026-03-19 06:45:53,2026-03-19 06:47:38
13,Down,2026-03-19 06:41:33,2026-03-19 06:47:40
12,Blocked,2026-03-19 06:42:17,2026-03-19 06:47:40
3,Running,2026-03-19 06:46:22,2026-03-19 06:48:15
5,Running,2026-03-19 06:47:23,2026-03-19 06:48:21
5,Starved,2026-03-19 06:48:21,2026-03-19 06:48:24
3,Blocked,2026-03-19 06:48:15,2026-03-19 06:48:24
8,Down,2026-03-19 06:47:38,2026-03-19 06:48:35
3,Running,2026-03-19 06:48:24,2026-03-19 06:49:14
5,Running,2026-03-19 06:48:24,2026-03-19 06:49:19
5,Starved,2026-03-19 06:49:19,2026-03-19 06:49:43
3,Blocked,2026-03-19 06:49:14,2026-03-19 06:49:43
6,Running,2026-03-19 06:44:27,2026-03-19 06:50:36
5,Running,2026-03-19 06:49:43,2026-03-19 06:50:41
6,Starved,2026-03-19 06:50:36,2026-03-19 06:50:41
3,Running,2026-03-19 06:49:43,2026-03-19 06:50:47
5,Starved,2026-03-19 06:50:41,2026-03-19 06:51:12
3,Blocked,2026-03-19 06:50:47,2026-03-19 06:51:12
12,Running,2026-03-19 06:47:40,2026-03-19 06:51:30
12,Blocked,2026-03-19 06:51:30,2026-03-19 06:51:33
6,Running,2026-03-19 06:50:41,2026-03-19 06:51:49
6,Starved,2026-03-19 06:51:49,2026-03-19 06:52:15
12,Running,2026-03-19 06:51:33,2026-03-19 06:52:23
10,Running,2026-03-19 06:29:34,2026-03-19 06:52:30
12,Blocked,2026-03-19 06:52:23,2026-03-19 06:52:34
10,Blocked,2026-03-19 06:52:30,2026-03-19 06:52:40
12,Running,2026-03-19 06:52:34,2026-03-19 06:53:28
12,Blocked,2026-03-19 06:53:28,2026-03-19 06:53:34
10,Running,2026-03-19 06:52:40,2026-03-19 06:53:37
10,Blocked,2026-03-19 06:53:37,2026-03-19 06:53:42
10,Running,2026-03-19 06:53:42,2026-03-19 06:54:35
10,Blocked,2026-03-19 06:54:35,2026-03-19 06:54:45
10,Running,2026-03-19 06:54:45,2026-03-19 06:55:44
10,Blocked,2026-03-19 06:55:44,2026-03-19 06:55:52
3,Running,2026-03-19 06:51:12,2026-03-19 06:56:09
3,Blocked,2026-03-19 06:56:09,2026-03-19 06:56:11
3,Running,2026-03-19 06:56:11,2026-03-19 06:57:02
3,Blocked,2026-03-19 06:57:02,2026-03-19 06:57:14
8,Running,2026-03-19 06:48:35,2026-03-19 06:57:27
8,Starved,2026-03-19 06:57:27,2026-03-19 06:57:41
5,Running,2026-03-19 06:51:12,2026-03-19 06:58:06
3,Running,2026-03-19 06:57:14,2026-03-19 06:58:27
5,Starved,2026-03-19 06:58:06,2026-03-19 06:58:31
3,Blocked,2026-03-19 06:58:27,2026-03-19 06:58:31
6,Running,2026-03-19 06:52:15,2026-03-19 06:59:27
6,Starved,2026-03-19 06:59:27,2026-03-19 06:59:35
8,Running,2026-03-19 06:57:41,2026-03-19 06:59:37
6,Running,2026-03-19 06:59:35,2026-03-19 07:00:30
6,Starved,2026-03-19 07:00:30,2026-03-19 07:00:40
1,Running,2026-03-19 06:43:27,2026-03-19 07:02:26
1,Blocked,2026-03-19 07:02:26,2026-03-19 07:02:27
3,Running,2026-03-19 06:58:31,2026-03-19 07:03:26
1,Running,2026-03-19 07:02:27,2026-03-19 07:03:30
1,Blocked,2026-03-19 07:03:30,2026-03-19 07:03:35
3,Blocked,2026-03-19 07:03:26,2026-03-19 07:03:37
12,Running,2026-03-19 06:53:34,2026-03-19 07:04:26
12,Blocked,2026-03-19 07:04:26,2026-03-19 07:04:31
6,Running,2026-03-19 07:00:40,2026-03-19 07:04:36
6,Starved,2026-03-19 07:04:36,2026-03-19 07:04:44
9,Running,2026-03-19 05:02:49,2026-03-19 07:04:44
6,Running,2026-03-19 07:04:44,2026-03-19 07:05:39
5,Running,2026-03-19 06:58:31,2026-03-19 07:05:45
6,Starved,2026-03-19 07:05:39,2026-03-19 07:05:45
5,Starved,2026-03-19 07:05:45,2026-03-19 07:05:48
6,Running,2026-03-19 07:05:45,2026-03-19 07:07:48
3,Running,2026-03-19 07:03:37,2026-03-19 07:07:51
5,Running,2026-03-19 07:05:48,2026-03-19 07:07:53
6,Starved,2026-03-19 07:07:48,2026-03-19 07:07:53
5,Starved,2026-03-19 07:07:53,2026-03-19 07:07:56
3,Blocked,2026-03-19 07:07:51,2026-03-19 07:07:56
10,Running,2026-03-19 06:55:52,2026-03-19 07:08:14
12,Running,2026-03-19 07:04:31,2026-03-19 07:08:29
12,Blocked,2026-03-19 07:08:29,2026-03-19 07:08:32
3,Running,2026-03-19 07:07:56,2026-03-19 07:08:50
6,Running,2026-03-19 07:07:53,2026-03-19 07:08:57
3,Blocked,2026-03-19 07:08:50,2026-03-19 07:08:58
6,Starved,2026-03-19 07:08:57,2026-03-19 07:09:01
12,Running,2026-03-19 07:08:32,2026-03-19 07:09:30
12,Blocked,2026-03-19 07:09:30,2026-03-19 07:09:32
3,Running,2026-03-19 07:08:58,2026-03-19 07:10:00
5,Running,2026-03-19 07:07:56,2026-03-19 07:10:02
5,Starved,2026-03-19 07:10:02,2026-03-19 07:10:09
3,Blocked,2026-03-19 07:10:00,2026-03-19 07:10:09
12,Running,2026-03-19 07:09:32,2026-03-19 07:10:30
12,Blocked,2026-03-19 07:10:30,2026-03-19 07:10:40
5,Running,2026-03-19 07:10:09,2026-03-19 07:10:56
4,Running,2026-03-19 05:58:03,2026-03-19 07:11:08
5,Starved,2026-03-19 07:10:56,2026-03-19 07:11:08
3,Running,2026-03-19 07:10:09,2026-03-19 07:11:14
8,Down,2026-03-19 06:59:37,2026-03-19 07:12:00
6,Running,2026-03-19 07:09:01,2026-03-19 07:12:03
5,Running,2026-03-19 07:11:08,2026-03-19 07:12:13
6,Starved,2026-03-19 07:12:03,2026-03-19 07:12:13
9,Starved,2026-03-19 07:04:44,2026-03-19 07:12:50
6,Running,2026-03-19 07:12:13,2026-03-19 07:13:06
9,Running,2026-03-19 07:12:50,2026-03-19 07:13:46
10,Starved,2026-03-19 07:08:14,2026-03-19 07:13:46
9,Starved,2026-03-19 07:13:46,2026-03-19 07:13:47
9,Running,2026-03-19 07:13:47,2026-03-19 07:14:41
9,Starved,2026-03-19 07:14:41,2026-03-19 07:14:46
10,Running,2026-03-19 07:13:46,2026-03-19 07:15:47
9,Running,2026-03-19 07:14:46,2026-03-19 07:16:51
9,Starved,2026-03-19 07:16:51,2026-03-19 07:16:54
12,Running,2026-03-19 07:10:40,2026-03-19 07:17:14
12,Blocked,2026-03-19 07:17:14,2026-03-19 07:17:23
9,Running,2026-03-19 07:16:54,2026-03-19 07:17:51
9,Starved,2026-03-19 07:17:51,2026-03-19 07:17:55
12,Running,2026-03-19 07:17:23,2026-03-19 07:18:18
12,Blocked,2026-03-19 07:18:18,2026-03-19 07:18:28
11,Running,2026-03-19 05:19:55,2026-03-19 07:19:02
2,Running,2026-03-19 06:43:27,2026-03-19 07:19:22
12,Running,2026-03-19 07:18:28,2026-03-19 07:19:36
1,Running,2026-03-19 07:03:35,2026-03-19 07:19:36
10,Down,2026-03-19 07:15:47,2026-03-19 07:19:40
12,Blocked,2026-03-19 07:19:36,2026-03-19 07:19:41
11,Starved,2026-03-19 07:19:02,2026-03-19 07:20:41
12,Running,2026-03-19 07:19:41,2026-03-19 07:21:30
12,Blocked,2026-03-19 07:21:30,2026-03-19 07:21:47
11,Running,2026-03-19 07:20:41,2026-03-19 07:22:36
11,Starved,2026-03-19 07:22:36,2026-03-19 07:22:55
11,Running,2026-03-19 07:22:55,2026-03-19 07:23:56
11,Starved,2026-03-19 07:23:56,2026-03-19 07:23:56
12,Running,2026-03-19 07:21:47,2026-03-19 07:26:31
12,Blocked,2026-03-19 07:26:31,2026-03-19 07:26:35
12,Running,2026-03-19 07:26:35,2026-03-19 07:27:34
12,Blocked,2026-03-19 07:27:34,2026-03-19 07:27:36
12,Running,2026-03-19 07:27:36,2026-03-19 07:31:42
12,Blocked,2026-03-19 07:31:42,2026-03-19 07:31:48
4,Down,2026-03-19 07:11:08,2026-03-19 07:34:27
3,Blocked,2026-03-19 07:11:14,2026-03-19 07:34:27
2,Blocked,2026-03-19 07:19:22,2026-03-19 07:34:27
1,Blocked,2026-03-19 07:19:36,2026-03-19 07:34:27
11,Running,2026-03-19 07:23:56,2026-03-19 07:35:05
11,Starved,2026-03-19 07:35:05,2026-03-19 07:35:07
3,Running,2026-03-19 07:34:27,2026-03-19 07:35:16
1,Running,2026-03-19 07:34:27,2026-03-19 07:35:20
2,Running,2026-03-19 07:34:27,2026-03-19 07:35:25
5,Starved,2026-03-19 07:12:13,2026-03-19 07:35:35
3,Blocked,2026-03-19 07:35:16,2026-03-19 07:35:35
2,Blocked,2026-03-19 07:35:25,2026-03-19 07:35:35
1,Blocked,2026-03-19 07:35:20,2026-03-19 07:35:35
1,Running,2026-03-19 07:35:35,2026-03-19 07:36:25
3,Running,2026-03-19 07:35:35,2026-03-19 07:36:33
5,Running,2026-03-19 07:35:35,2026-03-19 07:36:36
6,Starved,2026-03-19 07:13:06,2026-03-19 07:36:36
5,Starved,2026-03-19 07:36:36,2026-03-19 07:36:41
3,Blocked,2026-03-19 07:36:33,2026-03-19 07:36:41
1,Blocked,2026-03-19 07:36:25,2026-03-19 07:36:43
12,Running,2026-03-19 07:31:48,2026-03-19 07:36:55
12,Blocked,2026-03-19 07:36:55,2026-03-19 07:37:00
2,Running,2026-03-19 07:35:35,2026-03-19 07:37:36
2,Blocked,2026-03-19 07:37:36,2026-03-19 07:37:44
12,Running,2026-03-19 07:37:00,2026-03-19 07:37:58
12,Blocked,2026-03-19 07:37:58,2026-03-19 07:37:59
2,Running,2026-03-19 07:37:44,2026-03-19 07:38:41
2,Blocked,2026-03-19 07:38:41,2026-03-19 07:38:45
12,Running,2026-03-19 07:37:59,2026-03-19 07:38:48
12,Blocked,2026-03-19 07:38:48,2026-03-19 07:38:50
12,Running,2026-03-19 07:38:50,2026-03-19 07:39:48
12,Blocked,2026-03-19 07:39:48,2026-03-19 07:39:52
6,Running,2026-03-19 07:36:36,2026-03-19 07:40:39
6,Starved,2026-03-19 07:40:39,2026-03-19 07:40:40
4,Running,2026-03-19 07:34:27,2026-03-19 07:42:27
3,Running,2026-03-19 07:36:41,2026-03-19 07:42:34
1,Running,2026-03-19 07:36:43,2026-03-19 07:42:48
2,Running,2026-03-19 07:38:45,2026-03-19 07:42:52
5,Running,2026-03-19 07:36:41,2026-03-19 07:43:39
6,Running,2026-03-19 07:40:40,2026-03-19 07:44:31
11,Running,2026-03-19 07:35:07,2026-03-19 07:45:42
4,Down,2026-03-19 07:42:27,2026-03-19 07:49:02
3,Blocked,2026-03-19 07:42:34,2026-03-19 07:49:02
2,Blocked,2026-03-19 07:42:52,2026-03-19 07:49:02
1,Blocked,2026-03-19 07:42:48,2026-03-19 07:49:02
11,Down,2026-03-19 07:45:42,2026-03-19 07:49:38
3,Running,2026-03-19 07:49:02,2026-03-19 07:50:02
1,Running,2026-03-19 07:49:02,2026-03-19 07:50:04
2,Running,2026-03-19 07:49:02,2026-03-19 07:50:07
5,Starved,2026-03-19 07:43:39,2026-03-19 07:50:21
3,Blocked,2026-03-19 07:50:02,2026-03-19 07:50:21
2,Blocked,2026-03-19 07:50:07,2026-03-19 07:50:21
1,Blocked,2026-03-19 07:50:04,2026-03-19 07:50:21
2,Running,2026-03-19 07:50:21,2026-03-19 07:51:15
1,Running,2026-03-19 07:50:21,2026-03-19 07:51:19
6,Starved,2026-03-19 07:44:31,2026-03-19 07:51:30
2,Blocked,2026-03-19 07:51:15,2026-03-19 07:51:31
1,Blocked,2026-03-19 07:51:19,2026-03-19 07:51:31
1,Running,2026-03-19 07:51:31,2026-03-19 07:52:20
2,Running,2026-03-19 07:51:31,2026-03-19 07:52:25
6,Running,2026-03-19 07:51:30,2026-03-19 07:52:33
5,Running,2026-03-19 07:50:21,2026-03-19 07:52:34
6,Starved,2026-03-19 07:52:33,2026-03-19 07:52:34
5,Starved,2026-03-19 07:52:34,2026-03-19 07:52:36
2,Blocked,2026-03-19 07:52:25,2026-03-19 07:52:39
1,Blocked,2026-03-19 07:52:20,2026-03-19 07:52:39
1,Running,2026-03-19 07:52:39,2026-03-19 07:53:34
5,Running,2026-03-19 07:52:36,2026-03-19 07:53:34
2,Running,2026-03-19 07:52:39,2026-03-19 07:53:40
3,Running,2026-03-19 07:50:21,2026-03-19 07:53:46
5,Starved,2026-03-19 07:53:34,2026-03-19 07:53:54
3,Blocked,2026-03-19 07:53:46,2026-03-19 07:53:54
2,Blocked,2026-03-19 07:53:40,2026-03-19 07:53:54
1,Blocked,2026-03-19 07:53:34,2026-03-19 07:53:54
6,Running,2026-03-19 07:52:34,2026-03-19 07:54:40
3,Running,2026-03-19 07:53:54,2026-03-19 07:54:50
2,Running,2026-03-19 07:53:54,2026-03-19 07:54:54
3,Blocked,2026-03-19 07:54:50,2026-03-19 07:54:58
2,Blocked,2026-03-19 07:54:54,2026-03-19 07:54:58
6,Starved,2026-03-19 07:54:40,2026-03-19 07:54:59
6,Running,2026-03-19 07:54:59,2026-03-19 07:55:54
2,Running,2026-03-19 07:54:58,2026-03-19 07:55:59
1,Running,2026-03-19 07:53:54,2026-03-19 07:56:01
5,Running,2026-03-19 07:53:54,2026-03-19 07:56:03
6,Starved,2026-03-19 07:55:54,2026-03-19 07:56:03
3,Running,2026-03-19 07:54:58,2026-03-19 07:56:10
5,Starved,2026-03-19 07:56:03,2026-03-19 07:56:14
3,Blocked,2026-03-19 07:56:10,2026-03-19 07:56:14
2,Blocked,2026-03-19 07:55:59,2026-03-19 07:56:14
1,Blocked,2026-03-19 07:56:01,2026-03-19 07:56:14
6,Running,2026-03-19 07:56:03,2026-03-19 07:56:53
5,Running,2026-03-19 07:56:14,2026-03-19 07:57:10
6,Starved,2026-03-19 07:56:53,2026-03-19 07:57:10
1,Running,2026-03-19 07:56:14,2026-03-19 07:57:12
3,Running,2026-03-19 07:56:14,2026-03-19 07:57:19
5,Starved,2026-03-19 07:57:10,2026-03-19 07:57:19
3,Blocked,2026-03-19 07:57:19,2026-03-19 07:57:19
1,Blocked,2026-03-19 07:57:12,2026-03-19 07:57:21
1,Running,2026-03-19 07:57:21,2026-03-19 07:58:14
6,Running,2026-03-19 07:57:10,2026-03-19 07:58:18
3,Running,2026-03-19 07:57:19,2026-03-19 07:58:19
3,Blocked,2026-03-19 07:58:19,2026-03-19 07:58:24
1,Blocked,2026-03-19 07:58:14,2026-03-19 07:58:28
6,Starved,2026-03-19 07:58:18,2026-03-19 07:58:29
3,Running,2026-03-19 07:58:24,2026-03-19 07:59:16
5,Running,2026-03-19 07:57:19,2026-03-19 07:59:23
1,Running,2026-03-19 07:58:28,2026-03-19 07:59:29
2,Running,2026-03-19 07:56:14,2026-03-19 07:59:30
5,Starved,2026-03-19 07:59:23,2026-03-19 07:59:33
3,Blocked,2026-03-19 07:59:16,2026-03-19 07:59:33
2,Blocked,2026-03-19 07:59:30,2026-03-19 07:59:33
1,Blocked,2026-03-19 07:59:29,2026-03-19 07:59:33
5,Running,2026-03-19 07:59:33,2026-03-19 08:00:27
1,Running,2026-03-19 07:59:33,2026-03-19 08:00:28
5,Starved,2026-03-19 08:00:27,2026-03-19 08:00:39
1,Blocked,2026-03-19 08:00:28,2026-03-19 08:00:45
6,Running,2026-03-19 07:58:29,2026-03-19 08:01:35
1,Running,2026-03-19 08:00:45,2026-03-19 08:01:39
5,Running,2026-03-19 08:00:39,2026-03-19 08:01:39
6,Starved,2026-03-19 08:01:35,2026-03-19 08:01:39
5,Starved,2026-03-19 08:01:39,2026-03-19 08:01:42
2,Running,2026-03-19 07:59:33,2026-03-19 08:01:47
2,Blocked,2026-03-19 08:01:47,2026-03-19 08:01:49
1,Blocked,2026-03-19 08:01:39,2026-03-19 08:01:49
6,Running,2026-03-19 08:01:39,2026-03-19 08:02:40
2,Running,2026-03-19 08:01:49,2026-03-19 08:02:42
1,Running,2026-03-19 08:01:49,2026-03-19 08:02:47
6,Starved,2026-03-19 08:02:40,2026-03-19 08:02:50
2,Blocked,2026-03-19 08:02:42,2026-03-19 08:02:58
1,Blocked,2026-03-19 08:02:47,2026-03-19 08:02:58
1,Running,2026-03-19 08:02:58,2026-03-19 08:04:04
1,Blocked,2026-03-19 08:04:04,2026-03-19 08:04:07
3,Running,2026-03-19 07:59:33,2026-03-19 08:04:43
5,Running,2026-03-19 08:01:42,2026-03-19 08:04:43
5,Starved,2026-03-19 08:04:43,2026-03-19 08:04:51
3,Blocked,2026-03-19 08:04:43,2026-03-19 08:04:51
5,Running,2026-03-19 08:04:51,2026-03-19 08:05:47
5,Starved,2026-03-19 08:05:47,2026-03-19 08:05:55
3,Running,2026-03-19 08:04:51,2026-03-19 08:05:58
2,Running,2026-03-19 08:02:58,2026-03-19 08:06:03
1,Running,2026-03-19 08:04:07,2026-03-19 08:06:13
5,Running,2026-03-19 08:05:55,2026-03-19 08:06:55
5,Starved,2026-03-19 08:06:55,2026-03-19 08:06:56
3,Down,2026-03-19 08:05:58,2026-03-19 08:08:52
2,Blocked,2026-03-19 08:06:03,2026-03-19 08:08:52
1,Blocked,2026-03-19 08:06:13,2026-03-19 08:08:52
9,Running,2026-03-19 07:17:55,2026-03-19 08:08:54
1,Running,2026-03-19 08:08:52,2026-03-19 08:09:48
2,Running,2026-03-19 08:08:52,2026-03-19 08:09:57
2,Blocked,2026-03-19 08:09:57,2026-03-19 08:09:57
1,Blocked,2026-03-19 08:09:48,2026-03-19 08:09:57
10,Running,2026-03-19 07:19:40,2026-03-19 08:10:00
1,Running,2026-03-19 08:09:57,2026-03-19 08:11:00
1,Blocked,2026-03-19 08:11:00,2026-03-19 08:11:05
5,Running,2026-03-19 08:06:56,2026-03-19 08:11:58
5,Starved,2026-03-19 08:11:58,2026-03-19 08:12:02
8,Running,2026-03-19 07:12:00,2026-03-19 08:12:22
5,Running,2026-03-19 08:12:02,2026-03-19 08:12:59
5,Starved,2026-03-19 08:12:59,2026-03-19 08:13:09
2,Running,2026-03-19 08:09:57,2026-03-19 08:13:54
1,Running,2026-03-19 08:11:05,2026-03-19 08:14:01
5,Running,2026-03-19 08:13:09,2026-03-19 08:14:01
2,Blocked,2026-03-19 08:13:54,2026-03-19 08:14:02
1,Blocked,2026-03-19 08:14:01,2026-03-19 08:14:02
5,Starved,2026-03-19 08:14:01,2026-03-19 08:14:07
9,Down,2026-03-19 08:08:54,2026-03-19 08:14:53
8,Blocked,2026-03-19 08:12:22,2026-03-19 08:14:53
1,Running,2026-03-19 08:14:02,2026-03-19 08:15:05
1,Blocked,2026-03-19 08:15:05,2026-03-19 08:15:09
10,Starved,2026-03-19 08:10:00,2026-03-19 08:15:55
11,Running,2026-03-19 07:49:38,2026-03-19 08:16:09
10,Running,2026-03-19 08:15:55,2026-03-19 08:16:52
11,Starved,2026-03-19 08:16:09,2026-03-19 08:16:52
10,Starved,2026-03-19 08:16:52,2026-03-19 08:16:59
2,Running,2026-03-19 08:14:02,2026-03-19 08:17:08
2,Blocked,2026-03-19 08:17:08,2026-03-19 08:17:10
5,Running,2026-03-19 08:14:07,2026-03-19 08:17:12
5,Starved,2026-03-19 08:17:12,2026-03-19 08:17:14
11,Running,2026-03-19 08:16:52,2026-03-19 08:17:49
10,Running,2026-03-19 08:16:59,2026-03-19 08:17:55
11,Starved,2026-03-19 08:17:49,2026-03-19 08:17:55
10,Starved,2026-03-19 08:17:55,2026-03-19 08:17:59
2,Running,2026-03-19 08:17:10,2026-03-19 08:18:10
2,Blocked,2026-03-19 08:18:10,2026-03-19 08:18:14
5,Running,2026-03-19 08:17:14,2026-03-19 08:18:15
4,Running,2026-03-19 07:49:02,2026-03-19 08:18:30
5,Starved,2026-03-19 08:18:15,2026-03-19 08:18:30
11,Running,2026-03-19 08:17:55,2026-03-19 08:18:54
8,Running,2026-03-19 08:14:53,2026-03-19 08:18:58
8,Blocked,2026-03-19 08:18:58,2026-03-19 08:18:59
11,Starved,2026-03-19 08:18:54,2026-03-19 08:19:06
2,Running,2026-03-19 08:18:14,2026-03-19 08:19:07
2,Blocked,2026-03-19 08:19:07,2026-03-19 08:19:12
5,Running,2026-03-19 08:18:30,2026-03-19 08:19:26
4,Down,2026-03-19 08:18:30,2026-03-19 08:19:47
8,Running,2026-03-19 08:18:59,2026-03-19 08:19:57
8,Blocked,2026-03-19 08:19:57,2026-03-19 08:20:01
2,Running,2026-03-19 08:19:12,2026-03-19 08:20:05
1,Down,2026-03-19 08:15:09,2026-03-19 08:20:05
2,Blocked,2026-03-19 08:20:05,2026-03-19 08:20:17
6,Running,2026-03-19 08:02:50,2026-03-19 08:20:42
5,Starved,2026-03-19 08:19:26,2026-03-19 08:21:03
11,Running,2026-03-19 08:19:06,2026-03-19 08:21:15
11,Starved,2026-03-19 08:21:15,2026-03-19 08:21:16
8,Running,2026-03-19 08:20:01,2026-03-19 08:21:53
5,Running,2026-03-19 08:21:03,2026-03-19 08:22:00
8,Blocked,2026-03-19 08:21:53,2026-03-19 08:22:01
11,Running,2026-03-19 08:21:16,2026-03-19 08:22:12
10,Running,2026-03-19 08:17:59,2026-03-19 08:22:12
11,Starved,2026-03-19 08:22:12,2026-03-19 08:22:12
8,Running,2026-03-19 08:22:01,2026-03-19 08:23:01
11,Running,2026-03-19 08:22:12,2026-03-19 08:23:25
8,Blocked,2026-03-19 08:23:01,2026-03-19 08:23:26
2,Running,2026-03-19 08:20:17,2026-03-19 08:23:53
2,Blocked,2026-03-19 08:23:53,2026-03-19 08:23:53
12,Running,2026-03-19 07:39:52,2026-03-19 08:24:45
2,Running,2026-03-19 08:23:53,2026-03-19 08:24:56
2,Blocked,2026-03-19 08:24:56,2026-03-19 08:25:02
8,Running,2026-03-19 08:23:26,2026-03-19 08:25:29
8,Blocked,2026-03-19 08:25:29,2026-03-19 08:25:30
6,Down,2026-03-19 08:20:42,2026-03-19 08:25:52
4,Running,2026-03-19 08:19:47,2026-03-19 08:25:58
2,Running,2026-03-19 08:25:02,2026-03-19 08:26:02
2,Blocked,2026-03-19 08:26:02,2026-03-19 08:26:05
8,Running,2026-03-19 08:25:30,2026-03-19 08:26:35
6,Running,2026-03-19 08:25:52,2026-03-19 08:26:57
3,Running,2026-03-19 08:08:52,2026-03-19 08:27:03
2,Running,2026-03-19 08:26:05,2026-03-19 08:27:06
8,Down,2026-03-19 08:26:35,2026-03-19 08:27:24
5,Down,2026-03-19 08:22:00,2026-03-19 08:30:14
9,Running,2026-03-19 08:14:53,2026-03-19 08:30:41
8,Running,2026-03-19 08:27:24,2026-03-19 08:31:18
6,Starved,2026-03-19 08:26:57,2026-03-19 08:31:18
4,Down,2026-03-19 08:25:58,2026-03-19 08:31:37
3,Blocked,2026-03-19 08:27:03,2026-03-19 08:31:37
2,Blocked,2026-03-19 08:27:06,2026-03-19 08:31:37
10,Down,2026-03-19 08:22:12,2026-03-19 08:32:20
9,Blocked,2026-03-19 08:30:41,2026-03-19 08:32:20
8,Blocked,2026-03-19 08:31:18,2026-03-19 08:32:20
6,Running,2026-03-19 08:31:18,2026-03-19 08:32:24
6,Starved,2026-03-19 08:32:24,2026-03-19 08:32:26
2,Running,2026-03-19 08:31:37,2026-03-19 08:32:36
2,Blocked,2026-03-19 08:32:36,2026-03-19 08:32:44
11,Starved,2026-03-19 08:23:25,2026-03-19 08:33:13
8,Running,2026-03-19 08:32:20,2026-03-19 08:33:22
8,Blocked,2026-03-19 08:33:22,2026-03-19 08:33:27
6,Running,2026-03-19 08:32:26,2026-03-19 08:33:28
6,Starved,2026-03-19 08:33:28,2026-03-19 08:33:34
2,Running,2026-03-19 08:32:44,2026-03-19 08:33:42
2,Blocked,2026-03-19 08:33:42,2026-03-19 08:33:46
11,Running,2026-03-19 08:33:13,2026-03-19 08:34:10
12,Starved,2026-03-19 08:24:45,2026-03-19 08:34:10
11,Starved,2026-03-19 08:34:10,2026-03-19 08:34:12
2,Running,2026-03-19 08:33:46,2026-03-19 08:34:34
3,Running,2026-03-19 08:31:37,2026-03-19 08:34:39
13,Running,2026-03-19 06:47:40,2026-03-19 08:34:48
7,Running,2026-03-19 05:52:33,2026-03-19 08:34:50
3,Blocked,2026-03-19 08:34:39,2026-03-19 08:34:50
2,Blocked,2026-03-19 08:34:34,2026-03-19 08:34:50
12,Running,2026-03-19 08:34:10,2026-03-19 08:35:00
13,Starved,2026-03-19 08:34:48,2026-03-19 08:35:00
11,Running,2026-03-19 08:34:12,2026-03-19 08:35:09
12,Starved,2026-03-19 08:35:00,2026-03-19 08:35:09
11,Starved,2026-03-19 08:35:09,2026-03-19 08:35:11
6,Running,2026-03-19 08:33:34,2026-03-19 08:35:36
6,Starved,2026-03-19 08:35:36,2026-03-19 08:35:43
2,Running,2026-03-19 08:34:50,2026-03-19 08:35:49
13,Running,2026-03-19 08:35:00,2026-03-19 08:35:59
3,Running,2026-03-19 08:34:50,2026-03-19 08:36:01
3,Blocked,2026-03-19 08:36:01,2026-03-19 08:36:06
2,Blocked,2026-03-19 08:35:49,2026-03-19 08:36:06
12,Running,2026-03-19 08:35:09,2026-03-19 08:36:12
13,Starved,2026-03-19 08:35:59,2026-03-19 08:36:12
12,Starved,2026-03-19 08:36:12,2026-03-19 08:36:15
2,Running,2026-03-19 08:36:06,2026-03-19 08:36:57
3,Running,2026-03-19 08:36:06,2026-03-19 08:37:05
13,Running,2026-03-19 08:36:12,2026-03-19 08:37:06
12,Running,2026-03-19 08:36:15,2026-03-19 08:37:10
13,Starved,2026-03-19 08:37:06,2026-03-19 08:37:10
3,Blocked,2026-03-19 08:37:05,2026-03-19 08:37:16
2,Blocked,2026-03-19 08:36:57,2026-03-19 08:37:16
12,Starved,2026-03-19 08:37:10,2026-03-19 08:37:16
13,Running,2026-03-19 08:37:10,2026-03-19 08:38:07
3,Running,2026-03-19 08:37:16,2026-03-19 08:38:08
12,Running,2026-03-19 08:37:16,2026-03-19 08:38:15
13,Starved,2026-03-19 08:38:07,2026-03-19 08:38:15
3,Blocked,2026-03-19 08:38:08,2026-03-19 08:38:15
12,Starved,2026-03-19 08:38:15,2026-03-19 08:38:15
12,Running,2026-03-19 08:38:15,2026-03-19 08:39:05
12,Starved,2026-03-19 08:39:05,2026-03-19 08:39:18
7,Down,2026-03-19 08:34:50,2026-03-19 08:39:26
13,Running,2026-03-19 08:38:15,2026-03-19 08:40:18
13,Starved,2026-03-19 08:40:18,2026-03-19 08:40:27
3,Running,2026-03-19 08:38:15,2026-03-19 08:41:08
3,Blocked,2026-03-19 08:41:08,2026-03-19 08:41:14
8,Running,2026-03-19 08:33:27,2026-03-19 08:41:44
8,Blocked,2026-03-19 08:41:44,2026-03-19 08:42:03
2,Running,2026-03-19 08:37:16,2026-03-19 08:42:17
3,Running,2026-03-19 08:41:14,2026-03-19 08:42:21
3,Blocked,2026-03-19 08:42:21,2026-03-19 08:42:24
2,Blocked,2026-03-19 08:42:17,2026-03-19 08:42:24
8,Running,2026-03-19 08:42:03,2026-03-19 08:42:59
8,Blocked,2026-03-19 08:42:59,2026-03-19 08:43:12
2,Running,2026-03-19 08:42:24,2026-03-19 08:43:30
2,Blocked,2026-03-19 08:43:30,2026-03-19 08:43:34
8,Running,2026-03-19 08:43:12,2026-03-19 08:44:12
8,Blocked,2026-03-19 08:44:12,2026-03-19 08:44:18
2,Running,2026-03-19 08:43:34,2026-03-19 08:44:28
3,Running,2026-03-19 08:42:24,2026-03-19 08:44:34
1,Running,2026-03-19 08:20:05,2026-03-19 08:44:35
3,Blocked,2026-03-19 08:44:34,2026-03-19 08:44:54
2,Blocked,2026-03-19 08:44:28,2026-03-19 08:44:54
1,Blocked,2026-03-19 08:44:35,2026-03-19 08:44:54
8,Running,2026-03-19 08:44:18,2026-03-19 08:45:32
8,Blocked,2026-03-19 08:45:32,2026-03-19 08:45:40
2,Running,2026-03-19 08:44:54,2026-03-19 08:45:47
1,Running,2026-03-19 08:44:54,2026-03-19 08:45:48
3,Running,2026-03-19 08:44:54,2026-03-19 08:45:53
3,Blocked,2026-03-19 08:45:53,2026-03-19 08:46:03
2,Blocked,2026-03-19 08:45:47,2026-03-19 08:46:03
1,Blocked,2026-03-19 08:45:48,2026-03-19 08:46:03
2,Running,2026-03-19 08:46:03,2026-03-19 08:47:00
3,Running,2026-03-19 08:46:03,2026-03-19 08:47:04
3,Blocked,2026-03-19 08:47:04,2026-03-19 08:47:12
2,Blocked,2026-03-19 08:47:00,2026-03-19 08:47:12
3,Running,2026-03-19 08:47:12,2026-03-19 08:48:11
3,Blocked,2026-03-19 08:48:11,2026-03-19 08:48:13
1,Running,2026-03-19 08:46:03,2026-03-19 08:48:15
8,Running,2026-03-19 08:45:40,2026-03-19 08:48:54
9,Running,2026-03-19 08:32:20,2026-03-19 08:49:10
2,Running,2026-03-19 08:47:12,2026-03-19 08:49:11
2,Blocked,2026-03-19 08:49:11,2026-03-19 08:49:17
3,Running,2026-03-19 08:48:13,2026-03-19 08:51:07
3,Blocked,2026-03-19 08:51:07,2026-03-19 08:51:24
1,Down,2026-03-19 08:48:15,2026-03-19 08:51:47
3,Running,2026-03-19 08:51:24,2026-03-19 08:52:14
3,Blocked,2026-03-19 08:52:14,2026-03-19 08:52:17
3,Running,2026-03-19 08:52:17,2026-03-19 08:53:13
3,Blocked,2026-03-19 08:53:13,2026-03-19 08:53:21
9,Down,2026-03-19 08:49:10,2026-03-19 08:54:10
8,Blocked,2026-03-19 08:48:54,2026-03-19 08:54:10
3,Running,2026-03-19 08:53:21,2026-03-19 08:54:24
3,Blocked,2026-03-19 08:54:24,2026-03-19 08:54:29
8,Running,2026-03-19 08:54:10,2026-03-19 08:55:08
8,Blocked,2026-03-19 08:55:08,2026-03-19 08:55:16
3,Running,2026-03-19 08:54:29,2026-03-19 08:55:24
2,Running,2026-03-19 08:49:17,2026-03-19 08:55:36
3,Blocked,2026-03-19 08:55:24,2026-03-19 08:55:37
2,Blocked,2026-03-19 08:55:36,2026-03-19 08:55:37
13,Running,2026-03-19 08:40:27,2026-03-19 08:55:39
13,Starved,2026-03-19 08:55:39,2026-03-19 08:55:54
8,Running,2026-03-19 08:55:16,2026-03-19 08:56:15
8,Blocked,2026-03-19 08:56:15,2026-03-19 08:56:16
2,Running,2026-03-19 08:55:37,2026-03-19 08:56:34
3,Running,2026-03-19 08:55:37,2026-03-19 08:56:35
3,Blocked,2026-03-19 08:56:35,2026-03-19 08:56:42
2,Blocked,2026-03-19 08:56:34,2026-03-19 08:56:42
8,Running,2026-03-19 08:56:16,2026-03-19 08:57:08
8,Blocked,2026-03-19 08:57:08,2026-03-19 08:57:21
3,Running,2026-03-19 08:56:42,2026-03-19 08:57:38
12,Running,2026-03-19 08:39:18,2026-03-19 08:57:47
12,Starved,2026-03-19 08:57:47,2026-03-19 08:57:49
3,Blocked,2026-03-19 08:57:38,2026-03-19 08:58:00
2,Down,2026-03-19 08:56:42,2026-03-19 08:58:49
3,Running,2026-03-19 08:58:00,2026-03-19 08:59:01
3,Blocked,2026-03-19 08:59:01,2026-03-19 08:59:02
8,Running,2026-03-19 08:57:21,2026-03-19 08:59:25
8,Blocked,2026-03-19 08:59:25,2026-03-19 08:59:28
13,Running,2026-03-19 08:55:54,2026-03-19 08:59:46
13,Starved,2026-03-19 08:59:46,2026-03-19 08:59:49
5,Running,2026-03-19 08:30:14,2026-03-19 08:59:58
3,Running,2026-03-19 08:59:02,2026-03-19 09:00:09
5,Starved,2026-03-19 08:59:58,2026-03-19 09:00:19
3,Blocked,2026-03-19 09:00:09,2026-03-19 09:00:19
8,Running,2026-03-19 08:59:28,2026-03-19 09:00:34
10,Running,2026-03-19 08:32:20,2026-03-19 09:00:35
10,Starved,2026-03-19 09:00:35,2026-03-19 09:00:41
8,Blocked,2026-03-19 09:00:34,2026-03-19 09:00:41
12,Running,2026-03-19 08:57:49,2026-03-19 09:00:44
12,Starved,2026-03-19 09:00:44,2026-03-19 09:00:49
3,Running,2026-03-19 09:00:19,2026-03-19 09:01:14
5,Running,2026-03-19 09:00:19,2026-03-19 09:01:15
5,Starved,2026-03-19 09:01:15,2026-03-19 09:01:19
3,Blocked,2026-03-19 09:01:14,2026-03-19 09:01:19
10,Running,2026-03-19 09:00:41,2026-03-19 09:01:39
8,Running,2026-03-19 09:00:41,2026-03-19 09:01:42
8,Blocked,2026-03-19 09:01:42,2026-03-19 09:01:44
13,Running,2026-03-19 08:59:49,2026-03-19 09:01:47
13,Starved,2026-03-19 09:01:47,2026-03-19 09:01:55
5,Running,2026-03-19 09:01:19,2026-03-19 09:02:09
3,Running,2026-03-19 09:01:19,2026-03-19 09:02:17
10,Down,2026-03-19 09:01:39,2026-03-19 09:02:32
8,Running,2026-03-19 09:01:44,2026-03-19 09:02:42
8,Blocked,2026-03-19 09:02:42,2026-03-19 09:02:43
13,Running,2026-03-19 09:01:55,2026-03-19 09:02:48
5,Starved,2026-03-19 09:02:09,2026-03-19 09:02:48
3,Blocked,2026-03-19 09:02:17,2026-03-19 09:02:48
13,Starved,2026-03-19 09:02:48,2026-03-19 09:02:49
5,Running,2026-03-19 09:02:48,2026-03-19 09:03:39
13,Running,2026-03-19 09:02:49,2026-03-19 09:03:46
5,Starved,2026-03-19 09:03:39,2026-03-19 09:03:47
13,Starved,2026-03-19 09:03:46,2026-03-19 09:03:51
8,Running,2026-03-19 09:02:43,2026-03-19 09:04:42
5,Running,2026-03-19 09:03:47,2026-03-19 09:04:42
13,Running,2026-03-19 09:03:51,2026-03-19 09:04:43
8,Blocked,2026-03-19 09:04:42,2026-03-19 09:04:45
3,Running,2026-03-19 09:02:48,2026-03-19 09:04:53
13,Starved,2026-03-19 09:04:43,2026-03-19 09:04:56
5,Starved,2026-03-19 09:04:42,2026-03-19 09:05:09
3,Blocked,2026-03-19 09:04:53,2026-03-19 09:05:09
13,Running,2026-03-19 09:04:56,2026-03-19 09:05:54
13,Starved,2026-03-19 09:05:54,2026-03-19 09:05:59
6,Running,2026-03-19 08:35:43,2026-03-19 09:06:08
6,Starved,2026-03-19 09:06:08,2026-03-19 09:06:09
11,Running,2026-03-19 08:35:11,2026-03-19 09:06:43
11,Starved,2026-03-19 09:06:43,2026-03-19 09:06:45
13,Running,2026-03-19 09:05:59,2026-03-19 09:06:47
13,Starved,2026-03-19 09:06:47,2026-03-19 09:06:54
3,Running,2026-03-19 09:05:09,2026-03-19 09:07:06
6,Running,2026-03-19 09:06:09,2026-03-19 09:07:09
5,Running,2026-03-19 09:05:09,2026-03-19 09:07:09
6,Starved,2026-03-19 09:07:09,2026-03-19 09:07:09
5,Starved,2026-03-19 09:07:09,2026-03-19 09:07:12
3,Blocked,2026-03-19 09:07:06,2026-03-19 09:07:12
11,Running,2026-03-19 09:06:45,2026-03-19 09:07:43
11,Starved,2026-03-19 09:07:43,2026-03-19 09:07:52
6,Running,2026-03-19 09:07:09,2026-03-19 09:08:04
3,Running,2026-03-19 09:07:12,2026-03-19 09:08:18
5,Running,2026-03-19 09:07:12,2026-03-19 09:08:18
6,Starved,2026-03-19 09:08:04,2026-03-19 09:08:18
5,Starved,2026-03-19 09:08:18,2026-03-19 09:08:31
3,Blocked,2026-03-19 09:08:18,2026-03-19 09:08:31
8,Running,2026-03-19 09:04:45,2026-03-19 09:08:44
13,Running,2026-03-19 09:06:54,2026-03-19 09:08:46
8,Blocked,2026-03-19 09:08:44,2026-03-19 09:08:46
12,Running,2026-03-19 09:00:49,2026-03-19 09:08:55
13,Starved,2026-03-19 09:08:46,2026-03-19 09:08:55
12,Starved,2026-03-19 09:08:55,2026-03-19 09:08:57
6,Running,2026-03-19 09:08:18,2026-03-19 09:09:21
6,Starved,2026-03-19 09:09:21,2026-03-19 09:09:32
1,Running,2026-03-19 08:51:47,2026-03-19 09:09:42
8,Running,2026-03-19 09:08:46,2026-03-19 09:09:45
12,Running,2026-03-19 09:08:57,2026-03-19 09:09:48
11,Running,2026-03-19 09:07:52,2026-03-19 09:09:49
12,Starved,2026-03-19 09:09:48,2026-03-19 09:09:49
8,Blocked,2026-03-19 09:09:45,2026-03-19 09:09:53
11,Starved,2026-03-19 09:09:49,2026-03-19 09:10:05
6,Running,2026-03-19 09:09:32,2026-03-19 09:10:28
5,Running,2026-03-19 09:08:31,2026-03-19 09:10:35
6,Starved,2026-03-19 09:10:28,2026-03-19 09:10:35
3,Running,2026-03-19 09:08:31,2026-03-19 09:10:37
12,Running,2026-03-19 09:09:49,2026-03-19 09:10:49
5,Starved,2026-03-19 09:10:35,2026-03-19 09:10:49
3,Blocked,2026-03-19 09:10:37,2026-03-19 09:10:49
11,Running,2026-03-19 09:10:05,2026-03-19 09:10:56
12,Starved,2026-03-19 09:10:49,2026-03-19 09:10:56
11,Starved,2026-03-19 09:10:56,2026-03-19 09:11:12
6,Running,2026-03-19 09:10:35,2026-03-19 09:11:40
3,Running,2026-03-19 09:10:49,2026-03-19 09:11:42
5,Running,2026-03-19 09:10:49,2026-03-19 09:11:47
6,Starved,2026-03-19 09:11:40,2026-03-19 09:11:47
13,Running,2026-03-19 09:08:55,2026-03-19 09:11:57
12,Running,2026-03-19 09:10:56,2026-03-19 09:11:59
13,Starved,2026-03-19 09:11:57,2026-03-19 09:11:59
2,Running,2026-03-19 08:58:49,2026-03-19 09:12:02
11,Running,2026-03-19 09:11:12,2026-03-19 09:12:09
12,Starved,2026-03-19 09:11:59,2026-03-19 09:12:09
11,Starved,2026-03-19 09:12:09,2026-03-19 09:12:10
8,Running,2026-03-19 09:09:53,2026-03-19 09:12:10
5,Starved,2026-03-19 09:11:47,2026-03-19 09:12:19
3,Blocked,2026-03-19 09:11:42,2026-03-19 09:12:19
2,Blocked,2026-03-19 09:12:02,2026-03-19 09:12:19
8,Blocked,2026-03-19 09:12:10,2026-03-19 09:12:24
1,Down,2026-03-19 09:09:42,2026-03-19 09:12:32
6,Running,2026-03-19 09:11:47,2026-03-19 09:12:42
13,Running,2026-03-19 09:11:59,2026-03-19 09:12:56
11,Running,2026-03-19 09:12:10,2026-03-19 09:13:05
13,Starved,2026-03-19 09:12:56,2026-03-19 09:13:05
11,Starved,2026-03-19 09:13:05,2026-03-19 09:13:08
5,Running,2026-03-19 09:12:19,2026-03-19 09:13:08
6,Starved,2026-03-19 09:12:42,2026-03-19 09:13:08
5,Starved,2026-03-19 09:13:08,2026-03-19 09:13:10
2,Running,2026-03-19 09:12:19,2026-03-19 09:13:17
2,Blocked,2026-03-19 09:13:17,2026-03-19 09:13:18
8,Running,2026-03-19 09:12:24,2026-03-19 09:13:28
8,Blocked,2026-03-19 09:13:28,2026-03-19 09:13:46
12,Running,2026-03-19 09:12:09,2026-03-19 09:13:56
11,Running,2026-03-19 09:13:08,2026-03-19 09:14:04
12,Starved,2026-03-19 09:13:56,2026-03-19 09:14:04
13,Running,2026-03-19 09:13:05,2026-03-19 09:14:06
11,Starved,2026-03-19 09:14:04,2026-03-19 09:14:09
13,Down,2026-03-19 09:14:06,2026-03-19 09:14:49
12,Running,2026-03-19 09:14:04,2026-03-19 09:15:03
5,Running,2026-03-19 09:13:10,2026-03-19 09:15:04
11,Running,2026-03-19 09:14:09,2026-03-19 09:15:12
12,Starved,2026-03-19 09:15:03,2026-03-19 09:15:12
2,Running,2026-03-19 09:13:18,2026-03-19 09:15:16
3,Running,2026-03-19 09:12:19,2026-03-19 09:15:18
5,Starved,2026-03-19 09:15:04,2026-03-19 09:15:19
3,Blocked,2026-03-19 09:15:18,2026-03-19 09:15:19
2,Blocked,2026-03-19 09:15:16,2026-03-19 09:15:19
11,Starved,2026-03-19 09:15:12,2026-03-19 09:15:24
8,Running,2026-03-19 09:13:46,2026-03-19 09:15:55
8,Blocked,2026-03-19 09:15:55,2026-03-19 09:16:02
12,Running,2026-03-19 09:15:12,2026-03-19 09:16:05
2,Running,2026-03-19 09:15:19,2026-03-19 09:16:16
6,Running,2026-03-19 09:13:08,2026-03-19 09:16:20
11,Running,2026-03-19 09:15:24,2026-03-19 09:16:20
12,Starved,2026-03-19 09:16:05,2026-03-19 09:16:20
3,Running,2026-03-19 09:15:19,2026-03-19 09:16:23
3,Blocked,2026-03-19 09:16:23,2026-03-19 09:16:24
2,Blocked,2026-03-19 09:16:16,2026-03-19 09:16:24
11,Starved,2026-03-19 09:16:20,2026-03-19 09:16:26
6,Starved,2026-03-19 09:16:20,2026-03-19 09:16:26
8,Running,2026-03-19 09:16:02,2026-03-19 09:16:52
8,Blocked,2026-03-19 09:16:52,2026-03-19 09:16:59
6,Running,2026-03-19 09:16:26,2026-03-19 09:17:27
2,Running,2026-03-19 09:16:24,2026-03-19 09:17:30
3,Running,2026-03-19 09:16:24,2026-03-19 09:17:32
5,Running,2026-03-19 09:15:19,2026-03-19 09:17:33
6,Starved,2026-03-19 09:17:27,2026-03-19 09:17:33
8,Running,2026-03-19 09:16:59,2026-03-19 09:17:50
5,Starved,2026-03-19 09:17:33,2026-03-19 09:17:55
3,Blocked,2026-03-19 09:17:32,2026-03-19 09:17:55
2,Blocked,2026-03-19 09:17:30,2026-03-19 09:17:55
8,Blocked,2026-03-19 09:17:50,2026-03-19 09:18:03
6,Running,2026-03-19 09:17:33,2026-03-19 09:18:35
5,Running,2026-03-19 09:17:55,2026-03-19 09:18:47
6,Starved,2026-03-19 09:18:35,2026-03-19 09:18:47
3,Running,2026-03-19 09:17:55,2026-03-19 09:18:54
2,Running,2026-03-19 09:17:55,2026-03-19 09:19:06
5,Starved,2026-03-19 09:18:47,2026-03-19 09:19:12
3,Blocked,2026-03-19 09:18:54,2026-03-19 09:19:12
2,Blocked,2026-03-19 09:19:06,2026-03-19 09:19:12
12,Running,2026-03-19 09:16:20,2026-03-19 09:19:30
12,Starved,2026-03-19 09:19:30,2026-03-19 09:19:33
6,Running,2026-03-19 09:18:47,2026-03-19 09:19:43
5,Running,2026-03-19 09:19:12,2026-03-19 09:20:03
6,Starved,2026-03-19 09:19:43,2026-03-19 09:20:03
3,Running,2026-03-19 09:19:12,2026-03-19 09:20:06
5,Starved,2026-03-19 09:20:03,2026-03-19 09:20:10
3,Blocked,2026-03-19 09:20:06,2026-03-19 09:20:10
11,Running,2026-03-19 09:16:26,2026-03-19 09:20:35
11,Starved,2026-03-19 09:20:35,2026-03-19 09:20:40
6,Running,2026-03-19 09:20:03,2026-03-19 09:21:03
5,Running,2026-03-19 09:20:10,2026-03-19 09:21:06
6,Starved,2026-03-19 09:21:03,2026-03-19 09:21:06
3,Running,2026-03-19 09:20:10,2026-03-19 09:21:18
2,Running,2026-03-19 09:19:12,2026-03-19 09:21:21
12,Running,2026-03-19 09:19:33,2026-03-19 09:21:30
12,Starved,2026-03-19 09:21:30,2026-03-19 09:21:43
5,Starved,2026-03-19 09:21:06,2026-03-19 09:21:44
3,Blocked,2026-03-19 09:21:18,2026-03-19 09:21:44
2,Blocked,2026-03-19 09:21:21,2026-03-19 09:21:44
6,Running,2026-03-19 09:21:06,2026-03-19 09:22:10
5,Running,2026-03-19 09:21:44,2026-03-19 09:22:40
6,Starved,2026-03-19 09:22:10,2026-03-19 09:22:40
3,Running,2026-03-19 09:21:44,2026-03-19 09:22:42
2,Running,2026-03-19 09:21:44,2026-03-19 09:22:43
5,Starved,2026-03-19 09:22:40,2026-03-19 09:23:01
3,Blocked,2026-03-19 09:22:42,2026-03-19 09:23:01
2,Blocked,2026-03-19 09:22:43,2026-03-19 09:23:01
6,Running,2026-03-19 09:22:40,2026-03-19 09:23:42
8,Running,2026-03-19 09:18:03,2026-03-19 09:23:50
13,Running,2026-03-19 09:14:49,2026-03-19 09:23:51
8,Blocked,2026-03-19 09:23:50,2026-03-19 09:23:54
13,Starved,2026-03-19 09:23:51,2026-03-19 09:23:55
6,Starved,2026-03-19 09:23:42,2026-03-19 09:24:10
12,Running,2026-03-19 09:21:43,2026-03-19 09:24:47
2,Running,2026-03-19 09:23:01,2026-03-19 09:24:50
2,Blocked,2026-03-19 09:24:50,2026-03-19 09:25:02
12,Starved,2026-03-19 09:24:47,2026-03-19 09:25:03
6,Running,2026-03-19 09:24:10,2026-03-19 09:25:07
5,Running,2026-03-19 09:23:01,2026-03-19 09:25:09
6,Starved,2026-03-19 09:25:07,2026-03-19 09:25:09
8,Running,2026-03-19 09:23:54,2026-03-19 09:25:50
8,Blocked,2026-03-19 09:25:50,2026-03-19 09:25:50
2,Running,2026-03-19 09:25:02,2026-03-19 09:25:57
13,Running,2026-03-19 09:23:55,2026-03-19 09:26:00
3,Running,2026-03-19 09:23:01,2026-03-19 09:26:01
13,Starved,2026-03-19 09:26:00,2026-03-19 09:26:07
6,Running,2026-03-19 09:25:09,2026-03-19 09:26:10
3,Blocked,2026-03-19 09:26:01,2026-03-19 09:26:12
2,Blocked,2026-03-19 09:25:57,2026-03-19 09:26:12
3,Running,2026-03-19 09:26:12,2026-03-19 09:27:06
13,Running,2026-03-19 09:26:07,2026-03-19 09:27:08
13,Starved,2026-03-19 09:27:08,2026-03-19 09:27:08
2,Running,2026-03-19 09:26:12,2026-03-19 09:27:09
3,Blocked,2026-03-19 09:27:06,2026-03-19 09:27:13
2,Blocked,2026-03-19 09:27:09,2026-03-19 09:27:13
2,Running,2026-03-19 09:27:13,2026-03-19 09:28:05
13,Running,2026-03-19 09:27:08,2026-03-19 09:28:11
13,Starved,2026-03-19 09:28:11,2026-03-19 09:28:13
2,Blocked,2026-03-19 09:28:05,2026-03-19 09:28:22
2,Running,2026-03-19 09:28:22,2026-03-19 09:29:17
3,Running,2026-03-19 09:27:13,2026-03-19 09:29:30
3,Blocked,2026-03-19 09:29:30,2026-03-19 09:29:31
2,Blocked,2026-03-19 09:29:17,2026-03-19 09:29:31
3,Running,2026-03-19 09:29:31,2026-03-19 09:30:30
2,Running,2026-03-19 09:29:31,2026-03-19 09:30:37
3,Blocked,2026-03-19 09:30:30,2026-03-19 09:30:38
2,Blocked,2026-03-19 09:30:37,2026-03-19 09:30:38
5,Down,2026-03-19 09:25:09,2026-03-19 09:31:32
3,Running,2026-03-19 09:30:38,2026-03-19 09:31:35
2,Running,2026-03-19 09:30:38,2026-03-19 09:31:35
3,Blocked,2026-03-19 09:31:35,2026-03-19 09:31:44
2,Blocked,2026-03-19 09:31:35,2026-03-19 09:31:44
8,Running,2026-03-19 09:25:50,2026-03-19 09:31:56
8,Blocked,2026-03-19 09:31:56,2026-03-19 09:32:05
6,Starved,2026-03-19 09:26:10,2026-03-19 09:32:25
8,Running,2026-03-19 09:32:05,2026-03-19 09:33:08
8,Blocked,2026-03-19 09:33:08,2026-03-19 09:33:17
6,Running,2026-03-19 09:32:25,2026-03-19 09:33:24
2,Running,2026-03-19 09:31:44,2026-03-19 09:33:53
2,Blocked,2026-03-19 09:33:53,2026-03-19 09:33:54
12,Running,2026-03-19 09:25:03,2026-03-19 09:34:02
12,Starved,2026-03-19 09:34:02,2026-03-19 09:34:11
8,Running,2026-03-19 09:33:17,2026-03-19 09:34:16
8,Blocked,2026-03-19 09:34:16,2026-03-19 09:34:18
2,Running,2026-03-19 09:33:54,2026-03-19 09:34:54
2,Blocked,2026-03-19 09:34:54,2026-03-19 09:34:55
12,Running,2026-03-19 09:34:11,2026-03-19 09:35:05
12,Starved,2026-03-19 09:35:05,2026-03-19 09:35:07
8,Running,2026-03-19 09:34:18,2026-03-19 09:35:22
8,Blocked,2026-03-19 09:35:22,2026-03-19 09:35:25
3,Running,2026-03-19 09:31:44,2026-03-19 09:35:44
2,Running,2026-03-19 09:34:55,2026-03-19 09:35:51
3,Blocked,2026-03-19 09:35:44,2026-03-19 09:36:10
2,Blocked,2026-03-19 09:35:51,2026-03-19 09:36:10
12,Running,2026-03-19 09:35:07,2026-03-19 09:36:13
12,Starved,2026-03-19 09:36:13,2026-03-19 09:36:23
2,Running,2026-03-19 09:36:10,2026-03-19 09:37:06
3,Running,2026-03-19 09:36:10,2026-03-19 09:37:14
1,Running,2026-03-19 09:12:32,2026-03-19 09:37:32
3,Blocked,2026-03-19 09:37:14,2026-03-19 09:37:40
2,Blocked,2026-03-19 09:37:06,2026-03-19 09:37:40
1,Blocked,2026-03-19 09:37:32,2026-03-19 09:37:40
12,Running,2026-03-19 09:36:23,2026-03-19 09:38:28
12,Starved,2026-03-19 09:38:28,2026-03-19 09:38:29
1,Running,2026-03-19 09:37:40,2026-03-19 09:38:33
2,Running,2026-03-19 09:37:40,2026-03-19 09:38:46
2,Blocked,2026-03-19 09:38:46,2026-03-19 09:38:49
1,Blocked,2026-03-19 09:38:33,2026-03-19 09:38:49
12,Running,2026-03-19 09:38:29,2026-03-19 09:39:18
12,Starved,2026-03-19 09:39:18,2026-03-19 09:39:34
2,Running,2026-03-19 09:38:49,2026-03-19 09:39:44
1,Running,2026-03-19 09:38:49,2026-03-19 09:39:47
2,Blocked,2026-03-19 09:39:44,2026-03-19 09:39:49
1,Blocked,2026-03-19 09:39:47,2026-03-19 09:39:49
1,Running,2026-03-19 09:39:49,2026-03-19 09:40:52
1,Blocked,2026-03-19 09:40:52,2026-03-19 09:40:55
12,Running,2026-03-19 09:39:34,2026-03-19 09:41:26
12,Starved,2026-03-19 09:41:26,2026-03-19 09:41:47
3,Running,2026-03-19 09:37:40,2026-03-19 09:41:52
2,Running,2026-03-19 09:39:49,2026-03-19 09:42:02
3,Blocked,2026-03-19 09:41:52,2026-03-19 09:42:02
2,Blocked,2026-03-19 09:42:02,2026-03-19 09:42:02
12,Running,2026-03-19 09:41:47,2026-03-19 09:42:39
12,Starved,2026-03-19 09:42:39,2026-03-19 09:42:39
2,Running,2026-03-19 09:42:02,2026-03-19 09:42:57
2,Blocked,2026-03-19 09:42:57,2026-03-19 09:43:00
12,Running,2026-03-19 09:42:39,2026-03-19 09:43:39
12,Starved,2026-03-19 09:43:39,2026-03-19 09:43:39
2,Running,2026-03-19 09:43:00,2026-03-19 09:43:53
3,Running,2026-03-19 09:42:02,2026-03-19 09:44:01
3,Blocked,2026-03-19 09:44:01,2026-03-19 09:44:06
2,Blocked,2026-03-19 09:43:53,2026-03-19 09:44:06
10,Running,2026-03-19 09:02:32,2026-03-19 09:44:24
10,Starved,2026-03-19 09:44:24,2026-03-19 09:44:32
12,Running,2026-03-19 09:43:39,2026-03-19 09:44:36
12,Starved,2026-03-19 09:44:36,2026-03-19 09:44:40
2,Running,2026-03-19 09:44:06,2026-03-19 09:45:08
3,Running,2026-03-19 09:44:06,2026-03-19 09:45:10
3,Blocked,2026-03-19 09:45:10,2026-03-19 09:45:14
2,Blocked,2026-03-19 09:45:08,2026-03-19 09:45:14
10,Running,2026-03-19 09:44:32,2026-03-19 09:45:26
10,Starved,2026-03-19 09:45:26,2026-03-19 09:45:39
3,Running,2026-03-19 09:45:14,2026-03-19 09:46:10
3,Blocked,2026-03-19 09:46:10,2026-03-19 09:46:17
6,Down,2026-03-19 09:33:24,2026-03-19 09:46:20
10,Running,2026-03-19 09:45:39,2026-03-19 09:46:36
13,Running,2026-03-19 09:28:13,2026-03-19 09:46:38
13,Starved,2026-03-19 09:46:38,2026-03-19 09:46:45
10,Starved,2026-03-19 09:46:36,2026-03-19 09:46:45
2,Running,2026-03-19 09:45:14,2026-03-19 09:47:17
2,Blocked,2026-03-19 09:47:17,2026-03-19 09:47:25
13,Running,2026-03-19 09:46:45,2026-03-19 09:47:40
10,Running,2026-03-19 09:46:45,2026-03-19 09:47:41
13,Starved,2026-03-19 09:47:40,2026-03-19 09:47:42
10,Starved,2026-03-19 09:47:41,2026-03-19 09:47:43
12,Running,2026-03-19 09:44:40,2026-03-19 09:48:34
10,Running,2026-03-19 09:47:43,2026-03-19 09:48:38
12,Starved,2026-03-19 09:48:34,2026-03-19 09:48:41
8,Running,2026-03-19 09:35:25,2026-03-19 09:48:52
10,Starved,2026-03-19 09:48:38,2026-03-19 09:49:11
8,Blocked,2026-03-19 09:48:52,2026-03-19 09:49:11
3,Running,2026-03-19 09:46:17,2026-03-19 09:49:14
3,Blocked,2026-03-19 09:49:14,2026-03-19 09:49:25
13,Running,2026-03-19 09:47:42,2026-03-19 09:49:28
12,Running,2026-03-19 09:48:41,2026-03-19 09:49:31
13,Starved,2026-03-19 09:49:28,2026-03-19 09:49:31
12,Starved,2026-03-19 09:49:31,2026-03-19 09:49:38
8,Running,2026-03-19 09:49:11,2026-03-19 09:50:08
8,Blocked,2026-03-19 09:50:08,2026-03-19 09:50:08
13,Running,2026-03-19 09:49:31,2026-03-19 09:50:20
12,Running,2026-03-19 09:49:38,2026-03-19 09:50:34
13,Starved,2026-03-19 09:50:20,2026-03-19 09:50:34
12,Starved,2026-03-19 09:50:34,2026-03-19 09:50:44
8,Running,2026-03-19 09:50:08,2026-03-19 09:51:14
10,Running,2026-03-19 09:49:11,2026-03-19 09:51:14
10,Starved,2026-03-19 09:51:14,2026-03-19 09:51:17
8,Blocked,2026-03-19 09:51:14,2026-03-19 09:51:17
13,Running,2026-03-19 09:50:34,2026-03-19 09:51:40
12,Running,2026-03-19 09:50:44,2026-03-19 09:51:41
13,Starved,2026-03-19 09:51:40,2026-03-19 09:51:41
12,Starved,2026-03-19 09:51:41,2026-03-19 09:51:47
8,Running,2026-03-19 09:51:17,2026-03-19 09:52:10
10,Running,2026-03-19 09:51:17,2026-03-19 09:52:17
10,Starved,2026-03-19 09:52:17,2026-03-19 09:52:19
8,Blocked,2026-03-19 09:52:10,2026-03-19 09:52:19
2,Running,2026-03-19 09:47:25,2026-03-19 09:52:35
2,Blocked,2026-03-19 09:52:35,2026-03-19 09:52:38
13,Running,2026-03-19 09:51:41,2026-03-19 09:52:40
13,Starved,2026-03-19 09:52:40,2026-03-19 09:52:48
10,Running,2026-03-19 09:52:19,2026-03-19 09:53:16
8,Running,2026-03-19 09:52:19,2026-03-19 09:53:17
10,Starved,2026-03-19 09:53:16,2026-03-19 09:53:20
8,Blocked,2026-03-19 09:53:17,2026-03-19 09:53:20
1,Running,2026-03-19 09:40:55,2026-03-19 09:53:38
1,Blocked,2026-03-19 09:53:38,2026-03-19 09:53:38
12,Running,2026-03-19 09:51:47,2026-03-19 09:53:40
8,Running,2026-03-19 09:53:20,2026-03-19 09:54:20
8,Blocked,2026-03-19 09:54:20,2026-03-19 09:54:22
3,Running,2026-03-19 09:49:25,2026-03-19 09:54:35
1,Running,2026-03-19 09:53:38,2026-03-19 09:54:42
13,Running,2026-03-19 09:52:48,2026-03-19 09:54:43
2,Running,2026-03-19 09:52:38,2026-03-19 09:54:44
3,Blocked,2026-03-19 09:54:35,2026-03-19 09:54:58
2,Blocked,2026-03-19 09:54:44,2026-03-19 09:54:58
1,Blocked,2026-03-19 09:54:42,2026-03-19 09:54:58
1,Running,2026-03-19 09:54:58,2026-03-19 09:55:48
2,Running,2026-03-19 09:54:58,2026-03-19 09:55:55
3,Running,2026-03-19 09:54:58,2026-03-19 09:56:03
3,Blocked,2026-03-19 09:56:03,2026-03-19 09:56:06
2,Blocked,2026-03-19 09:55:55,2026-03-19 09:56:06
1,Blocked,2026-03-19 09:55:48,2026-03-19 09:56:06
10,Running,2026-03-19 09:53:20,2026-03-19 09:56:19
8,Running,2026-03-19 09:54:22,2026-03-19 09:56:19
10,Starved,2026-03-19 09:56:19,2026-03-19 09:56:28
8,Blocked,2026-03-19 09:56:19,2026-03-19 09:56:28
2,Running,2026-03-19 09:56:06,2026-03-19 09:56:58
3,Running,2026-03-19 09:56:06,2026-03-19 09:57:07
1,Running,2026-03-19 09:56:06,2026-03-19 09:57:12
10,Running,2026-03-19 09:56:28,2026-03-19 09:57:17
3,Blocked,2026-03-19 09:57:07,2026-03-19 09:57:25
2,Blocked,2026-03-19 09:56:58,2026-03-19 09:57:25
1,Blocked,2026-03-19 09:57:12,2026-03-19 09:57:25
8,Running,2026-03-19 09:56:28,2026-03-19 09:57:27
10,Starved,2026-03-19 09:57:17,2026-03-19 09:57:42
8,Blocked,2026-03-19 09:57:27,2026-03-19 09:57:42
12,Down,2026-03-19 09:53:40,2026-03-19 09:57:46
1,Running,2026-03-19 09:57:25,2026-03-19 09:58:14
2,Running,2026-03-19 09:57:25,2026-03-19 09:58:20
3,Running,2026-03-19 09:57:25,2026-03-19 09:58:20
3,Blocked,2026-03-19 09:58:20,2026-03-19 09:58:30
2,Blocked,2026-03-19 09:58:20,2026-03-19 09:58:30
1,Blocked,2026-03-19 09:58:14,2026-03-19 09:58:30
13,Starved,2026-03-19 09:54:43,2026-03-19 09:58:36
11,Running,2026-03-19 09:20:40,2026-03-19 09:58:40
11,Starved,2026-03-19 09:58:40,2026-03-19 09:58:47
2,Running,2026-03-19 09:58:30,2026-03-19 09:59:29
2,Blocked,2026-03-19 09:59:29,2026-03-19 09:59:34
11,Running,2026-03-19 09:58:47,2026-03-19 09:59:34
8,Running,2026-03-19 09:57:42,2026-03-19 09:59:39
8,Blocked,2026-03-19 09:59:39,2026-03-19 09:59:46
11,Starved,2026-03-19 09:59:34,2026-03-19 09:59:55
2,Running,2026-03-19 09:59:34,2026-03-19 10:00:23
2,Blocked,2026-03-19 10:00:23,2026-03-19 10:00:39
8,Running,2026-03-19 09:59:46,2026-03-19 10:00:42
11,Running,2026-03-19 09:59:55,2026-03-19 10:00:59
8,Blocked,2026-03-19 10:00:42,2026-03-19 10:01:00
11,Starved,2026-03-19 10:00:59,2026-03-19 10:01:00
1,Running,2026-03-19 09:58:30,2026-03-19 10:01:32
1,Blocked,2026-03-19 10:01:32,2026-03-19 10:01:43
11,Running,2026-03-19 10:01:00,2026-03-19 10:01:59
11,Starved,2026-03-19 10:01:59,2026-03-19 10:02:08
1,Running,2026-03-19 10:01:43,2026-03-19 10:02:42
1,Blocked,2026-03-19 10:02:42,2026-03-19 10:02:44
11,Running,2026-03-19 10:02:08,2026-03-19 10:03:01
8,Running,2026-03-19 10:01:00,2026-03-19 10:03:03
10,Running,2026-03-19 09:57:42,2026-03-19 10:03:13
11,Starved,2026-03-19 10:03:01,2026-03-19 10:03:13
10,Starved,2026-03-19 10:03:13,2026-03-19 10:03:29
8,Blocked,2026-03-19 10:03:03,2026-03-19 10:03:29
1,Running,2026-03-19 10:02:44,2026-03-19 10:03:45
1,Blocked,2026-03-19 10:03:45,2026-03-19 10:03:53
11,Running,2026-03-19 10:03:13,2026-03-19 10:04:16
10,Running,2026-03-19 10:03:29,2026-03-19 10:04:25
11,Starved,2026-03-19 10:04:16,2026-03-19 10:04:25
8,Running,2026-03-19 10:03:29,2026-03-19 10:04:37
10,Starved,2026-03-19 10:04:25,2026-03-19 10:04:47
8,Blocked,2026-03-19 10:04:37,2026-03-19 10:04:47
1,Running,2026-03-19 10:03:53,2026-03-19 10:04:49
1,Blocked,2026-03-19 10:04:49,2026-03-19 10:04:53
13,Running,2026-03-19 09:58:36,2026-03-19 10:05:12
13,Starved,2026-03-19 10:05:12,2026-03-19 10:05:12
11,Running,2026-03-19 10:04:25,2026-03-19 10:05:22
8,Running,2026-03-19 10:04:47,2026-03-19 10:05:42
10,Running,2026-03-19 10:04:47,2026-03-19 10:05:43
11,Starved,2026-03-19 10:05:22,2026-03-19 10:05:43
8,Blocked,2026-03-19 10:05:42,2026-03-19 10:05:51
1,Running,2026-03-19 10:04:53,2026-03-19 10:05:53
1,Blocked,2026-03-19 10:05:53,2026-03-19 10:05:59
3,Running,2026-03-19 09:58:30,2026-03-19 10:06:21
3,Blocked,2026-03-19 10:06:21,2026-03-19 10:06:22
11,Running,2026-03-19 10:05:43,2026-03-19 10:06:43
8,Running,2026-03-19 10:05:51,2026-03-19 10:06:52
8,Blocked,2026-03-19 10:06:52,2026-03-19 10:07:10
3,Running,2026-03-19 10:06:22,2026-03-19 10:07:15
3,Blocked,2026-03-19 10:07:15,2026-03-19 10:07:33
8,Running,2026-03-19 10:07:10,2026-03-19 10:08:05
13,Running,2026-03-19 10:05:12,2026-03-19 10:08:18
13,Starved,2026-03-19 10:08:18,2026-03-19 10:08:20
3,Running,2026-03-19 10:07:33,2026-03-19 10:08:22
8,Blocked,2026-03-19 10:08:05,2026-03-19 10:08:25
2,Running,2026-03-19 10:00:39,2026-03-19 10:08:50
1,Running,2026-03-19 10:05:59,2026-03-19 10:08:53
3,Blocked,2026-03-19 10:08:22,2026-03-19 10:09:07
2,Blocked,2026-03-19 10:08:50,2026-03-19 10:09:07
1,Blocked,2026-03-19 10:08:53,2026-03-19 10:09:07
13,Running,2026-03-19 10:08:20,2026-03-19 10:09:10
13,Starved,2026-03-19 10:09:10,2026-03-19 10:09:15
3,Running,2026-03-19 10:09:07,2026-03-19 10:10:00
2,Running,2026-03-19 10:09:07,2026-03-19 10:10:06
1,Running,2026-03-19 10:09:07,2026-03-19 10:10:07
13,Running,2026-03-19 10:09:15,2026-03-19 10:10:13
12,Running,2026-03-19 09:57:46,2026-03-19 10:10:20
13,Starved,2026-03-19 10:10:13,2026-03-19 10:10:20
3,Blocked,2026-03-19 10:10:00,2026-03-19 10:10:39
2,Blocked,2026-03-19 10:10:06,2026-03-19 10:10:39
1,Blocked,2026-03-19 10:10:07,2026-03-19 10:10:39
13,Running,2026-03-19 10:10:20,2026-03-19 10:11:19
8,Running,2026-03-19 10:08:25,2026-03-19 10:11:32
8,Blocked,2026-03-19 10:11:32,2026-03-19 10:11:43
3,Running,2026-03-19 10:10:39,2026-03-19 10:12:35
3,Blocked,2026-03-19 10:12:35,2026-03-19 10:12:35
1,Running,2026-03-19 10:10:39,2026-03-19 10:12:43
1,Blocked,2026-03-19 10:12:43,2026-03-19 10:12:45
3,Running,2026-03-19 10:12:35,2026-03-19 10:13:30
1,Running,2026-03-19 10:12:45,2026-03-19 10:13:40
3,Blocked,2026-03-19 10:13:30,2026-03-19 10:13:48
1,Blocked,2026-03-19 10:13:40,2026-03-19 10:13:50
8,Running,2026-03-19 10:11:43,2026-03-19 10:14:28
1,Running,2026-03-19 10:13:50,2026-03-19 10:14:46
3,Running,2026-03-19 10:13:48,2026-03-19 10:14:53
2,Running,2026-03-19 10:10:39,2026-03-19 10:14:54
9,Running,2026-03-19 08:54:10,2026-03-19 10:14:54
10,Down,2026-03-19 10:05:43,2026-03-19 10:14:57
9,Blocked,2026-03-19 10:14:54,2026-03-19 10:14:57
8,Blocked,2026-03-19 10:14:28,2026-03-19 10:14:57
3,Blocked,2026-03-19 10:14:53,2026-03-19 10:15:04
2,Blocked,2026-03-19 10:14:54,2026-03-19 10:15:04
1,Blocked,2026-03-19 10:14:46,2026-03-19 10:15:04
8,Running,2026-03-19 10:14:57,2026-03-19 10:15:49
2,Running,2026-03-19 10:15:04,2026-03-19 10:15:57
3,Running,2026-03-19 10:15:04,2026-03-19 10:15:58
3,Blocked,2026-03-19 10:15:58,2026-03-19 10:16:02
2,Blocked,2026-03-19 10:15:57,2026-03-19 10:16:02
11,Starved,2026-03-19 10:06:43,2026-03-19 10:16:02
8,Blocked,2026-03-19 10:15:49,2026-03-19 10:16:06
6,Running,2026-03-19 09:46:20,2026-03-19 10:16:38
2,Running,2026-03-19 10:16:02,2026-03-19 10:17:01
8,Running,2026-03-19 10:16:06,2026-03-19 10:17:03
12,Starved,2026-03-19 10:10:20,2026-03-19 10:17:04
3,Running,2026-03-19 10:16:02,2026-03-19 10:17:05
8,Blocked,2026-03-19 10:17:03,2026-03-19 10:17:06
1,Running,2026-03-19 10:15:04,2026-03-19 10:17:08
3,Blocked,2026-03-19 10:17:05,2026-03-19 10:17:20
2,Blocked,2026-03-19 10:17:01,2026-03-19 10:17:20
1,Blocked,2026-03-19 10:17:08,2026-03-19 10:17:20
6,Down,2026-03-19 10:16:38,2026-03-19 10:17:27
8,Running,2026-03-19 10:17:06,2026-03-19 10:18:03
8,Blocked,2026-03-19 10:18:03,2026-03-19 10:18:04
12,Running,2026-03-19 10:17:04,2026-03-19 10:18:10
13,Starved,2026-03-19 10:11:19,2026-03-19 10:18:10
2,Running,2026-03-19 10:17:20,2026-03-19 10:18:13
3,Running,2026-03-19 10:17:20,2026-03-19 10:18:24
1,Running,2026-03-19 10:17:20,2026-03-19 10:18:26
3,Blocked,2026-03-19 10:18:24,2026-03-19 10:18:45
2,Blocked,2026-03-19 10:18:13,2026-03-19 10:18:45
1,Blocked,2026-03-19 10:18:26,2026-03-19 10:18:45
8,Running,2026-03-19 10:18:04,2026-03-19 10:18:58
11,Running,2026-03-19 10:16:02,2026-03-19 10:18:58
11,Starved,2026-03-19 10:18:58,2026-03-19 10:19:04
8,Blocked,2026-03-19 10:18:58,2026-03-19 10:19:07
13,Running,2026-03-19 10:18:10,2026-03-19 10:19:11
2,Running,2026-03-19 10:18:45,2026-03-19 10:19:36
3,Running,2026-03-19 10:18:45,2026-03-19 10:19:45
1,Running,2026-03-19 10:18:45,2026-03-19 10:19:48
11,Running,2026-03-19 10:19:04,2026-03-19 10:19:59
3,Blocked,2026-03-19 10:19:45,2026-03-19 10:20:02
2,Blocked,2026-03-19 10:19:36,2026-03-19 10:20:02
1,Blocked,2026-03-19 10:19:48,2026-03-19 10:20:02
11,Starved,2026-03-19 10:19:59,2026-03-19 10:20:09
8,Running,2026-03-19 10:19:07,2026-03-19 10:20:11
8,Blocked,2026-03-19 10:20:11,2026-03-19 10:20:16
11,Running,2026-03-19 10:20:09,2026-03-19 10:20:56
1,Running,2026-03-19 10:20:02,2026-03-19 10:21:00
1,Blocked,2026-03-19 10:21:00,2026-03-19 10:21:02
13,Down,2026-03-19 10:19:11,2026-03-19 10:21:04
11,Starved,2026-03-19 10:20:56,2026-03-19 10:21:04
8,Running,2026-03-19 10:20:16,2026-03-19 10:21:15
12,Down,2026-03-19 10:18:10,2026-03-19 10:21:25
8,Blocked,2026-03-19 10:21:15,2026-03-19 10:21:42
3,Running,2026-03-19 10:20:02,2026-03-19 10:21:57
1,Running,2026-03-19 10:21:02,2026-03-19 10:21:57
11,Running,2026-03-19 10:21:04,2026-03-19 10:22:04
2,Running,2026-03-19 10:20:02,2026-03-19 10:22:05
11,Starved,2026-03-19 10:22:04,2026-03-19 10:22:05
3,Blocked,2026-03-19 10:21:57,2026-03-19 10:22:09
2,Blocked,2026-03-19 10:22:05,2026-03-19 10:22:09
1,Blocked,2026-03-19 10:21:57,2026-03-19 10:22:09
13,Starved,2026-03-19 10:21:04,2026-03-19 10:22:28
8,Running,2026-03-19 10:21:42,2026-03-19 10:22:44
8,Blocked,2026-03-19 10:22:44,2026-03-19 10:23:03
11,Running,2026-03-19 10:22:05,2026-03-19 10:23:07
11,Starved,2026-03-19 10:23:07,2026-03-19 10:23:09
1,Running,2026-03-19 10:22:09,2026-03-19 10:23:12
1,Blocked,2026-03-19 10:23:12,2026-03-19 10:23:15
13,Running,2026-03-19 10:22:28,2026-03-19 10:23:20
13,Starved,2026-03-19 10:23:20,2026-03-19 10:23:30
1,Running,2026-03-19 10:23:15,2026-03-19 10:24:17
1,Blocked,2026-03-19 10:24:17,2026-03-19 10:24:18
13,Running,2026-03-19 10:23:30,2026-03-19 10:24:31
13,Starved,2026-03-19 10:24:31,2026-03-19 10:24:35
3,Running,2026-03-19 10:22:09,2026-03-19 10:25:12
2,Running,2026-03-19 10:22:09,2026-03-19 10:25:17
1,Running,2026-03-19 10:24:18,2026-03-19 10:25:17
5,Running,2026-03-19 09:31:32,2026-03-19 10:25:27
5,Starved,2026-03-19 10:25:27,2026-03-19 10:25:28
3,Blocked,2026-03-19 10:25:12,2026-03-19 10:25:28
2,Blocked,2026-03-19 10:25:17,2026-03-19 10:25:28
1,Blocked,2026-03-19 10:25:17,2026-03-19 10:25:28
13,Running,2026-03-19 10:24:35,2026-03-19 10:25:30
13,Starved,2026-03-19 10:25:30,2026-03-19 10:25:33
13,Running,2026-03-19 10:25:33,2026-03-19 10:26:24
2,Running,2026-03-19 10:25:28,2026-03-19 10:26:25
13,Starved,2026-03-19 10:26:24,2026-03-19 10:26:26
1,Running,2026-03-19 10:25:28,2026-03-19 10:26:28
3,Running,2026-03-19 10:25:28,2026-03-19 10:26:31
5,Running,2026-03-19 10:25:28,2026-03-19 10:26:31
5,Starved,2026-03-19 10:26:31,2026-03-19 10:26:36
3,Blocked,2026-03-19 10:26:31,2026-03-19 10:26:36
2,Blocked,2026-03-19 10:26:25,2026-03-19 10:26:36
1,Blocked,2026-03-19 10:26:28,2026-03-19 10:26:36
11,Running,2026-03-19 10:23:09,2026-03-19 10:27:00
8,Running,2026-03-19 10:23:03,2026-03-19 10:27:06
8,Blocked,2026-03-19 10:27:06,2026-03-19 10:27:09
5,Running,2026-03-19 10:26:36,2026-03-19 10:27:33
5,Starved,2026-03-19 10:27:33,2026-03-19 10:27:34
1,Running,2026-03-19 10:26:36,2026-03-19 10:27:37
2,Running,2026-03-19 10:26:36,2026-03-19 10:27:41
2,Blocked,2026-03-19 10:27:41,2026-03-19 10:27:41
1,Blocked,2026-03-19 10:27:37,2026-03-19 10:27:41
11,Down,2026-03-19 10:27:00,2026-03-19 10:27:56
8,Running,2026-03-19 10:27:09,2026-03-19 10:28:11
8,Blocked,2026-03-19 10:28:11,2026-03-19 10:28:25
1,Running,2026-03-19 10:27:41,2026-03-19 10:28:33
5,Running,2026-03-19 10:27:34,2026-03-19 10:28:35
5,Starved,2026-03-19 10:28:35,2026-03-19 10:28:38
2,Running,2026-03-19 10:27:41,2026-03-19 10:28:41
2,Blocked,2026-03-19 10:28:41,2026-03-19 10:28:44
1,Blocked,2026-03-19 10:28:33,2026-03-19 10:28:44
8,Running,2026-03-19 10:28:25,2026-03-19 10:29:28
8,Blocked,2026-03-19 10:29:28,2026-03-19 10:29:31
2,Running,2026-03-19 10:28:44,2026-03-19 10:29:37
2,Blocked,2026-03-19 10:29:37,2026-03-19 10:29:44
3,Running,2026-03-19 10:26:36,2026-03-19 10:30:41
3,Blocked,2026-03-19 10:30:41,2026-03-19 10:30:41
3,Running,2026-03-19 10:30:41,2026-03-19 10:31:42
2,Running,2026-03-19 10:29:44,2026-03-19 10:31:43
5,Running,2026-03-19 10:28:38,2026-03-19 10:31:45
5,Starved,2026-03-19 10:31:45,2026-03-19 10:31:49
3,Blocked,2026-03-19 10:31:42,2026-03-19 10:31:49
2,Blocked,2026-03-19 10:31:43,2026-03-19 10:31:49
3,Running,2026-03-19 10:31:49,2026-03-19 10:32:40
2,Running,2026-03-19 10:31:49,2026-03-19 10:32:44
5,Running,2026-03-19 10:31:49,2026-03-19 10:32:47
1,Running,2026-03-19 10:28:44,2026-03-19 10:32:48
5,Starved,2026-03-19 10:32:47,2026-03-19 10:33:06
3,Blocked,2026-03-19 10:32:40,2026-03-19 10:33:06
2,Blocked,2026-03-19 10:32:44,2026-03-19 10:33:06
1,Blocked,2026-03-19 10:32:48,2026-03-19 10:33:06
5,Running,2026-03-19 10:33:06,2026-03-19 10:33:59
3,Running,2026-03-19 10:33:06,2026-03-19 10:34:05
1,Running,2026-03-19 10:33:06,2026-03-19 10:34:08
2,Running,2026-03-19 10:33:06,2026-03-19 10:34:13
5,Starved,2026-03-19 10:33:59,2026-03-19 10:34:28
3,Blocked,2026-03-19 10:34:05,2026-03-19 10:34:28
2,Blocked,2026-03-19 10:34:13,2026-03-19 10:34:28
1,Blocked,2026-03-19 10:34:08,2026-03-19 10:34:28
13,Running,2026-03-19 10:26:26,2026-03-19 10:34:30
13,Starved,2026-03-19 10:34:30,2026-03-19 10:34:34
2,Running,2026-03-19 10:34:28,2026-03-19 10:35:23
3,Running,2026-03-19 10:34:28,2026-03-19 10:35:26
5,Running,2026-03-19 10:34:28,2026-03-19 10:35:26
5,Starved,2026-03-19 10:35:26,2026-03-19 10:35:30
3,Blocked,2026-03-19 10:35:26,2026-03-19 10:35:30
2,Blocked,2026-03-19 10:35:23,2026-03-19 10:35:30
1,Running,2026-03-19 10:34:28,2026-03-19 10:35:30
3,Running,2026-03-19 10:35:30,2026-03-19 10:36:22
5,Running,2026-03-19 10:35:30,2026-03-19 10:36:23
5,Starved,2026-03-19 10:36:23,2026-03-19 10:36:25
3,Blocked,2026-03-19 10:36:22,2026-03-19 10:36:25
2,Down,2026-03-19 10:35:30,2026-03-19 10:37:05
1,Blocked,2026-03-19 10:35:30,2026-03-19 10:37:05
1,Running,2026-03-19 10:37:05,2026-03-19 10:38:09
1,Blocked,2026-03-19 10:38:09,2026-03-19 10:38:12
7,Running,2026-03-19 08:39:26,2026-03-19 10:38:20
7,Down,2026-03-19 10:38:20,2026-03-19 10:38:49
1,Running,2026-03-19 10:38:12,2026-03-19 10:39:09
1,Blocked,2026-03-19 10:39:09,2026-03-19 10:39:16
1,Running,2026-03-19 10:39:16,2026-03-19 10:40:08
1,Blocked,2026-03-19 10:40:08,2026-03-19 10:40:13
5,Running,2026-03-19 10:36:25,2026-03-19 10:40:31
3,Running,2026-03-19 10:36:25,2026-03-19 10:40:31
5,Starved,2026-03-19 10:40:31,2026-03-19 10:40:32
3,Blocked,2026-03-19 10:40:31,2026-03-19 10:40:32
13,Running,2026-03-19 10:34:34,2026-03-19 10:40:46
13,Starved,2026-03-19 10:40:46,2026-03-19 10:40:50
8,Running,2026-03-19 10:29:31,2026-03-19 10:41:25
13,Running,2026-03-19 10:40:50,2026-03-19 10:41:39
8,Blocked,2026-03-19 10:41:25,2026-03-19 10:41:43
13,Starved,2026-03-19 10:41:39,2026-03-19 10:41:54
5,Running,2026-03-19 10:40:32,2026-03-19 10:42:35
3,Running,2026-03-19 10:40:32,2026-03-19 10:42:37
8,Running,2026-03-19 10:41:43,2026-03-19 10:42:41
8,Blocked,2026-03-19 10:42:41,2026-03-19 10:42:45
4,Running,2026-03-19 08:31:37,2026-03-19 10:42:51
5,Starved,2026-03-19 10:42:35,2026-03-19 10:42:51
13,Running,2026-03-19 10:41:54,2026-03-19 10:42:52
13,Starved,2026-03-19 10:42:52,2026-03-19 10:42:57
4,Down,2026-03-19 10:42:51,2026-03-19 10:43:07
3,Blocked,2026-03-19 10:42:37,2026-03-19 10:43:07
1,Running,2026-03-19 10:40:13,2026-03-19 10:43:14
1,Blocked,2026-03-19 10:43:14,2026-03-19 10:43:19
8,Running,2026-03-19 10:42:45,2026-03-19 10:43:49
8,Blocked,2026-03-19 10:43:49,2026-03-19 10:43:51
5,Running,2026-03-19 10:42:51,2026-03-19 10:43:53
3,Running,2026-03-19 10:43:07,2026-03-19 10:44:14
1,Running,2026-03-19 10:43:19,2026-03-19 10:44:26
1,Blocked,2026-03-19 10:44:26,2026-03-19 10:44:32
5,Starved,2026-03-19 10:43:53,2026-03-19 10:44:36
3,Blocked,2026-03-19 10:44:14,2026-03-19 10:44:36
5,Running,2026-03-19 10:44:36,2026-03-19 10:45:39
5,Starved,2026-03-19 10:45:39,2026-03-19 10:45:42
8,Running,2026-03-19 10:43:51,2026-03-19 10:45:45
8,Blocked,2026-03-19 10:45:45,2026-03-19 10:45:47
8,Running,2026-03-19 10:45:47,2026-03-19 10:46:44
5,Running,2026-03-19 10:45:42,2026-03-19 10:46:45
3,Running,2026-03-19 10:44:36,2026-03-19 10:46:49
8,Blocked,2026-03-19 10:46:44,2026-03-19 10:46:53
5,Starved,2026-03-19 10:46:45,2026-03-19 10:47:05
3,Blocked,2026-03-19 10:46:49,2026-03-19 10:47:05
8,Running,2026-03-19 10:46:53,2026-03-19 10:47:46
8,Blocked,2026-03-19 10:47:46,2026-03-19 10:47:52
5,Running,2026-03-19 10:47:05,2026-03-19 10:48:00
3,Running,2026-03-19 10:47:05,2026-03-19 10:48:09
2,Running,2026-03-19 10:37:05,2026-03-19 10:48:23
1,Running,2026-03-19 10:44:32,2026-03-19 10:48:33
5,Starved,2026-03-19 10:48:00,2026-03-19 10:48:33
3,Blocked,2026-03-19 10:48:09,2026-03-19 10:48:33
2,Blocked,2026-03-19 10:48:23,2026-03-19 10:48:33
1,Blocked,2026-03-19 10:48:33,2026-03-19 10:48:33
2,Running,2026-03-19 10:48:33,2026-03-19 10:49:27
3,Running,2026-03-19 10:48:33,2026-03-19 10:49:38
1,Running,2026-03-19 10:48:33,2026-03-19 10:49:41
5,Running,2026-03-19 10:48:33,2026-03-19 10:49:45
5,Starved,2026-03-19 10:49:45,2026-03-19 10:50:01
3,Blocked,2026-03-19 10:49:38,2026-03-19 10:50:01
2,Blocked,2026-03-19 10:49:27,2026-03-19 10:50:01
1,Blocked,2026-03-19 10:49:41,2026-03-19 10:50:01
8,Running,2026-03-19 10:47:52,2026-03-19 10:50:59
5,Running,2026-03-19 10:50:01,2026-03-19 10:50:59
3,Running,2026-03-19 10:50:01,2026-03-19 10:51:04
2,Running,2026-03-19 10:50:01,2026-03-19 10:51:04
8,Blocked,2026-03-19 10:50:59,2026-03-19 10:51:04
1,Running,2026-03-19 10:50:01,2026-03-19 10:51:07
5,Starved,2026-03-19 10:50:59,2026-03-19 10:51:23
3,Blocked,2026-03-19 10:51:04,2026-03-19 10:51:23
2,Blocked,2026-03-19 10:51:04,2026-03-19 10:51:23
1,Blocked,2026-03-19 10:51:07,2026-03-19 10:51:23
8,Running,2026-03-19 10:51:04,2026-03-19 10:52:00
9,Running,2026-03-19 10:14:57,2026-03-19 10:52:05
1,Running,2026-03-19 10:51:23,2026-03-19 10:52:21
5,Running,2026-03-19 10:51:23,2026-03-19 10:52:22
9,Down,2026-03-19 10:52:05,2026-03-19 10:52:22
8,Blocked,2026-03-19 10:52:00,2026-03-19 10:52:22
5,Starved,2026-03-19 10:52:22,2026-03-19 10:52:23
1,Blocked,2026-03-19 10:52:21,2026-03-19 10:52:27
8,Running,2026-03-19 10:52:22,2026-03-19 10:53:19
5,Running,2026-03-19 10:52:23,2026-03-19 10:53:21
1,Running,2026-03-19 10:52:27,2026-03-19 10:53:26
3,Running,2026-03-19 10:51:23,2026-03-19 10:53:31
2,Running,2026-03-19 10:51:23,2026-03-19 10:53:36
5,Starved,2026-03-19 10:53:21,2026-03-19 10:53:51
3,Blocked,2026-03-19 10:53:31,2026-03-19 10:53:51
2,Blocked,2026-03-19 10:53:36,2026-03-19 10:53:51
1,Blocked,2026-03-19 10:53:26,2026-03-19 10:53:51
8,Blocked,2026-03-19 10:53:19,2026-03-19 10:53:52
5,Running,2026-03-19 10:53:51,2026-03-19 10:54:41
1,Running,2026-03-19 10:53:51,2026-03-19 10:54:44
2,Running,2026-03-19 10:53:51,2026-03-19 10:54:47
3,Running,2026-03-19 10:53:51,2026-03-19 10:54:48
5,Starved,2026-03-19 10:54:41,2026-03-19 10:54:49
3,Blocked,2026-03-19 10:54:48,2026-03-19 10:54:49
2,Blocked,2026-03-19 10:54:47,2026-03-19 10:54:49
1,Blocked,2026-03-19 10:54:44,2026-03-19 10:54:49
2,Running,2026-03-19 10:54:49,2026-03-19 10:55:38
1,Running,2026-03-19 10:54:49,2026-03-19 10:55:45
5,Running,2026-03-19 10:54:49,2026-03-19 10:55:54
3,Running,2026-03-19 10:54:49,2026-03-19 10:55:54
5,Starved,2026-03-19 10:55:54,2026-03-19 10:55:55
3,Blocked,2026-03-19 10:55:54,2026-03-19 10:55:55
2,Blocked,2026-03-19 10:55:38,2026-03-19 10:55:55
1,Blocked,2026-03-19 10:55:45,2026-03-19 10:55:55
1,Running,2026-03-19 10:55:55,2026-03-19 10:56:50
3,Running,2026-03-19 10:55:55,2026-03-19 10:56:51
8,Running,2026-03-19 10:53:52,2026-03-19 10:56:51
3,Blocked,2026-03-19 10:56:51,2026-03-19 10:56:54
8,Blocked,2026-03-19 10:56:51,2026-03-19 10:56:54
1,Blocked,2026-03-19 10:56:50,2026-03-19 10:56:55
1,Running,2026-03-19 10:56:55,2026-03-19 10:57:46
2,Running,2026-03-19 10:55:55,2026-03-19 10:57:49
4,Running,2026-03-19 10:43:07,2026-03-19 10:57:55
3,Running,2026-03-19 10:56:54,2026-03-19 10:58:00
8,Running,2026-03-19 10:56:54,2026-03-19 10:58:06
8,Blocked,2026-03-19 10:58:06,2026-03-19 10:58:19
5,Running,2026-03-19 10:55:55,2026-03-19 10:59:00
8,Running,2026-03-19 10:58:19,2026-03-19 10:59:13
8,Blocked,2026-03-19 10:59:13,2026-03-19 10:59:22
8,Running,2026-03-19 10:59:22,2026-03-19 11:00:16
8,Blocked,2026-03-19 11:00:16,2026-03-19 11:00:23
8,Running,2026-03-19 11:00:23,2026-03-19 11:01:29
8,Blocked,2026-03-19 11:01:29,2026-03-19 11:01:37
8,Running,2026-03-19 11:01:37,2026-03-19 11:02:26
8,Blocked,2026-03-19 11:02:26,2026-03-19 11:03:00
4,Down,2026-03-19 10:57:55,2026-03-19 11:06:52
3,Blocked,2026-03-19 10:58:00,2026-03-19 11:06:52
2,Blocked,2026-03-19 10:57:49,2026-03-19 11:06:52
1,Blocked,2026-03-19 10:57:46,2026-03-19 11:06:52
5,Starved,2026-03-19 10:59:00,2026-03-19 11:07:45
1,Running,2026-03-19 11:06:52,2026-03-19 11:07:49
1,Blocked,2026-03-19 11:07:49,2026-03-19 11:07:51
1,Running,2026-03-19 11:07:51,2026-03-19 11:08:52
2,Running,2026-03-19 11:06:52,2026-03-19 11:08:55
8,Running,2026-03-19 11:03:00,2026-03-19 11:09:04
8,Blocked,2026-03-19 11:09:04,2026-03-19 11:09:23
8,Running,2026-03-19 11:09:23,2026-03-19 11:10:21
8,Blocked,2026-03-19 11:10:21,2026-03-19 11:10:22
8,Running,2026-03-19 11:10:22,2026-03-19 11:11:19
8,Blocked,2026-03-19 11:11:19,2026-03-19 11:11:29
3,Running,2026-03-19 11:06:52,2026-03-19 11:11:38
3,Blocked,2026-03-19 11:11:38,2026-03-19 11:11:49
13,Running,2026-03-19 10:42:57,2026-03-19 11:12:14
13,Starved,2026-03-19 11:12:14,2026-03-19 11:12:16
8,Running,2026-03-19 11:11:29,2026-03-19 11:12:30
8,Blocked,2026-03-19 11:12:30,2026-03-19 11:12:37
3,Running,2026-03-19 11:11:49,2026-03-19 11:12:46
3,Blocked,2026-03-19 11:12:46,2026-03-19 11:12:46
13,Running,2026-03-19 11:12:16,2026-03-19 11:13:09
13,Starved,2026-03-19 11:13:09,2026-03-19 11:13:15
5,Running,2026-03-19 11:07:45,2026-03-19 11:13:42
3,Running,2026-03-19 11:12:46,2026-03-19 11:13:50
5,Starved,2026-03-19 11:13:42,2026-03-19 11:13:58
3,Blocked,2026-03-19 11:13:50,2026-03-19 11:13:58
5,Running,2026-03-19 11:13:58,2026-03-19 11:14:56
3,Running,2026-03-19 11:13:58,2026-03-19 11:14:59
5,Starved,2026-03-19 11:14:56,2026-03-19 11:15:05
3,Blocked,2026-03-19 11:14:59,2026-03-19 11:15:05
8,Running,2026-03-19 11:12:37,2026-03-19 11:15:31
8,Blocked,2026-03-19 11:15:31,2026-03-19 11:15:32
3,Running,2026-03-19 11:15:05,2026-03-19 11:15:58
5,Running,2026-03-19 11:15:05,2026-03-19 11:15:59
5,Starved,2026-03-19 11:15:59,2026-03-19 11:16:01
3,Blocked,2026-03-19 11:15:58,2026-03-19 11:16:01
2,Down,2026-03-19 11:08:55,2026-03-19 11:16:17
1,Blocked,2026-03-19 11:08:52,2026-03-19 11:16:17
8,Running,2026-03-19 11:15:32,2026-03-19 11:16:24
8,Blocked,2026-03-19 11:16:24,2026-03-19 11:16:34
5,Running,2026-03-19 11:16:01,2026-03-19 11:16:56
3,Running,2026-03-19 11:16:01,2026-03-19 11:16:57
1,Running,2026-03-19 11:16:17,2026-03-19 11:17:06
1,Blocked,2026-03-19 11:17:06,2026-03-19 11:17:09
5,Starved,2026-03-19 11:16:56,2026-03-19 11:17:12
3,Blocked,2026-03-19 11:16:57,2026-03-19 11:17:12
8,Running,2026-03-19 11:16:34,2026-03-19 11:17:30
8,Blocked,2026-03-19 11:17:30,2026-03-19 11:17:36
3,Running,2026-03-19 11:17:12,2026-03-19 11:18:05
5,Running,2026-03-19 11:17:12,2026-03-19 11:18:10
5,Starved,2026-03-19 11:18:10,2026-03-19 11:18:13
3,Blocked,2026-03-19 11:18:05,2026-03-19 11:18:13
1,Running,2026-03-19 11:17:09,2026-03-19 11:19:04
5,Running,2026-03-19 11:18:13,2026-03-19 11:19:06
13,Running,2026-03-19 11:13:15,2026-03-19 11:19:07
3,Running,2026-03-19 11:18:13,2026-03-19 11:19:08
1,Blocked,2026-03-19 11:19:04,2026-03-19 11:19:10
13,Starved,2026-03-19 11:19:07,2026-03-19 11:19:18
5,Starved,2026-03-19 11:19:06,2026-03-19 11:19:45
3,Blocked,2026-03-19 11:19:08,2026-03-19 11:19:45
13,Running,2026-03-19 11:19:18,2026-03-19 11:20:05
1,Running,2026-03-19 11:19:10,2026-03-19 11:20:09
1,Blocked,2026-03-19 11:20:09,2026-03-19 11:20:10
13,Starved,2026-03-19 11:20:05,2026-03-19 11:20:22
6,Running,2026-03-19 10:17:27,2026-03-19 11:20:24
6,Starved,2026-03-19 11:20:24,2026-03-19 11:20:45
1,Running,2026-03-19 11:20:10,2026-03-19 11:21:14
1,Blocked,2026-03-19 11:21:14,2026-03-19 11:21:16
5,Running,2026-03-19 11:19:45,2026-03-19 11:21:39
3,Running,2026-03-19 11:19:45,2026-03-19 11:21:43
5,Starved,2026-03-19 11:21:39,2026-03-19 11:21:52
3,Blocked,2026-03-19 11:21:43,2026-03-19 11:21:52
1,Running,2026-03-19 11:21:16,2026-03-19 11:22:06
1,Blocked,2026-03-19 11:22:06,2026-03-19 11:22:13
6,Running,2026-03-19 11:20:45,2026-03-19 11:22:38
5,Running,2026-03-19 11:21:52,2026-03-19 11:22:48
6,Starved,2026-03-19 11:22:38,2026-03-19 11:22:48
3,Running,2026-03-19 11:21:52,2026-03-19 11:22:50
5,Starved,2026-03-19 11:22:48,2026-03-19 11:22:53
3,Blocked,2026-03-19 11:22:50,2026-03-19 11:22:53
6,Running,2026-03-19 11:22:48,2026-03-19 11:23:42
3,Running,2026-03-19 11:22:53,2026-03-19 11:23:50
5,Running,2026-03-19 11:22:53,2026-03-19 11:23:58
6,Starved,2026-03-19 11:23:42,2026-03-19 11:23:58
5,Starved,2026-03-19 11:23:58,2026-03-19 11:24:18
3,Blocked,2026-03-19 11:23:50,2026-03-19 11:24:18
13,Running,2026-03-19 11:20:22,2026-03-19 11:24:24
13,Starved,2026-03-19 11:24:24,2026-03-19 11:24:28
6,Running,2026-03-19 11:23:58,2026-03-19 11:25:04
5,Running,2026-03-19 11:24:18,2026-03-19 11:25:25
6,Starved,2026-03-19 11:25:04,2026-03-19 11:25:25
13,Running,2026-03-19 11:24:28,2026-03-19 11:25:25
3,Running,2026-03-19 11:24:18,2026-03-19 11:25:26
13,Starved,2026-03-19 11:25:25,2026-03-19 11:25:27
5,Starved,2026-03-19 11:25:25,2026-03-19 11:25:27
3,Blocked,2026-03-19 11:25:26,2026-03-19 11:25:27
6,Running,2026-03-19 11:25:25,2026-03-19 11:26:19
6,Starved,2026-03-19 11:26:19,2026-03-19 11:26:24
5,Running,2026-03-19 11:25:27,2026-03-19 11:27:19
5,Starved,2026-03-19 11:27:19,2026-03-19 11:27:19
5,Running,2026-03-19 11:27:19,2026-03-19 11:28:15
3,Running,2026-03-19 11:25:27,2026-03-19 11:28:16
5,Starved,2026-03-19 11:28:15,2026-03-19 11:28:33
3,Blocked,2026-03-19 11:28:16,2026-03-19 11:28:33
8,Running,2026-03-19 11:17:36,2026-03-19 11:28:49
8,Blocked,2026-03-19 11:28:49,2026-03-19 11:29:04
6,Running,2026-03-19 11:26:24,2026-03-19 11:29:24
13,Running,2026-03-19 11:25:27,2026-03-19 11:29:26
3,Running,2026-03-19 11:28:33,2026-03-19 11:29:29
13,Starved,2026-03-19 11:29:26,2026-03-19 11:29:31
3,Blocked,2026-03-19 11:29:29,2026-03-19 11:29:31
6,Starved,2026-03-19 11:29:24,2026-03-19 11:29:41
8,Running,2026-03-19 11:29:04,2026-03-19 11:30:03
8,Blocked,2026-03-19 11:30:03,2026-03-19 11:30:15
8,Running,2026-03-19 11:30:15,2026-03-19 11:31:08
3,Running,2026-03-19 11:29:31,2026-03-19 11:31:37
8,Blocked,2026-03-19 11:31:08,2026-03-19 11:31:41
3,Blocked,2026-03-19 11:31:37,2026-03-19 11:31:44
8,Running,2026-03-19 11:31:41,2026-03-19 11:32:26
8,Blocked,2026-03-19 11:32:26,2026-03-19 11:32:56
5,Running,2026-03-19 11:28:33,2026-03-19 11:33:42
3,Running,2026-03-19 11:31:44,2026-03-19 11:33:42
5,Starved,2026-03-19 11:33:42,2026-03-19 11:33:48
3,Blocked,2026-03-19 11:33:42,2026-03-19 11:33:48
8,Running,2026-03-19 11:32:56,2026-03-19 11:33:54
8,Blocked,2026-03-19 11:33:54,2026-03-19 11:34:02
5,Running,2026-03-19 11:33:48,2026-03-19 11:34:50
3,Running,2026-03-19 11:33:48,2026-03-19 11:34:50
8,Running,2026-03-19 11:34:02,2026-03-19 11:35:10
5,Starved,2026-03-19 11:34:50,2026-03-19 11:35:20
3,Blocked,2026-03-19 11:34:50,2026-03-19 11:35:20
8,Blocked,2026-03-19 11:35:10,2026-03-19 11:35:25
6,Running,2026-03-19 11:29:41,2026-03-19 11:35:54
5,Running,2026-03-19 11:35:20,2026-03-19 11:36:16
6,Starved,2026-03-19 11:35:54,2026-03-19 11:36:16
5,Starved,2026-03-19 11:36:16,2026-03-19 11:36:18
6,Running,2026-03-19 11:36:16,2026-03-19 11:37:11
8,Running,2026-03-19 11:35:25,2026-03-19 11:37:18
9,Running,2026-03-19 10:52:22,2026-03-19 11:37:23
3,Running,2026-03-19 11:35:20,2026-03-19 11:37:25
5,Running,2026-03-19 11:36:18,2026-03-19 11:37:28
6,Starved,2026-03-19 11:37:11,2026-03-19 11:37:28
5,Starved,2026-03-19 11:37:28,2026-03-19 11:37:29
3,Blocked,2026-03-19 11:37:25,2026-03-19 11:37:29
5,Running,2026-03-19 11:37:29,2026-03-19 11:38:31
5,Starved,2026-03-19 11:38:31,2026-03-19 11:38:41
3,Running,2026-03-19 11:37:29,2026-03-19 11:39:34
6,Running,2026-03-19 11:37:28,2026-03-19 11:39:34
5,Running,2026-03-19 11:38:41,2026-03-19 11:39:45
6,Starved,2026-03-19 11:39:34,2026-03-19 11:39:45
3,Blocked,2026-03-19 11:39:34,2026-03-19 11:40:00
10,Running,2026-03-19 10:14:57,2026-03-19 11:40:00
5,Down,2026-03-19 11:39:45,2026-03-19 11:40:31
6,Running,2026-03-19 11:39:45,2026-03-19 11:40:45
9,Down,2026-03-19 11:37:23,2026-03-19 11:41:16
8,Blocked,2026-03-19 11:37:18,2026-03-19 11:41:16
6,Starved,2026-03-19 11:40:45,2026-03-19 11:41:28
11,Running,2026-03-19 10:27:56,2026-03-19 11:41:52
3,Running,2026-03-19 11:40:00,2026-03-19 11:41:54
3,Blocked,2026-03-19 11:41:54,2026-03-19 11:41:55
10,Starved,2026-03-19 11:40:00,2026-03-19 11:42:18
3,Running,2026-03-19 11:41:55,2026-03-19 11:42:49
3,Blocked,2026-03-19 11:42:49,2026-03-19 11:42:58
10,Running,2026-03-19 11:42:18,2026-03-19 11:43:07
11,Starved,2026-03-19 11:41:52,2026-03-19 11:43:07
10,Starved,2026-03-19 11:43:07,2026-03-19 11:43:18
3,Running,2026-03-19 11:42:58,2026-03-19 11:44:00
8,Running,2026-03-19 11:41:16,2026-03-19 11:44:12
3,Blocked,2026-03-19 11:44:00,2026-03-19 11:44:12
11,Running,2026-03-19 11:43:07,2026-03-19 11:44:14
10,Running,2026-03-19 11:43:18,2026-03-19 11:44:22
11,Starved,2026-03-19 11:44:14,2026-03-19 11:44:22
10,Starved,2026-03-19 11:44:22,2026-03-19 11:44:23
8,Blocked,2026-03-19 11:44:12,2026-03-19 11:44:23
12,Running,2026-03-19 10:21:25,2026-03-19 11:44:59
3,Running,2026-03-19 11:44:12,2026-03-19 11:45:11
3,Blocked,2026-03-19 11:45:11,2026-03-19 11:45:14
11,Running,2026-03-19 11:44:22,2026-03-19 11:45:15
8,Running,2026-03-19 11:44:23,2026-03-19 11:45:16
10,Running,2026-03-19 11:44:23,2026-03-19 11:45:21
11,Starved,2026-03-19 11:45:15,2026-03-19 11:45:21
10,Starved,2026-03-19 11:45:21,2026-03-19 11:45:30
8,Blocked,2026-03-19 11:45:16,2026-03-19 11:45:30
11,Running,2026-03-19 11:45:21,2026-03-19 11:46:22
11,Starved,2026-03-19 11:46:22,2026-03-19 11:46:25
13,Running,2026-03-19 11:29:31,2026-03-19 11:46:25
11,Running,2026-03-19 11:46:25,2026-03-19 11:47:13
10,Running,2026-03-19 11:45:30,2026-03-19 11:47:20
10,Starved,2026-03-19 11:47:20,2026-03-19 11:47:22
11,Down,2026-03-19 11:47:13,2026-03-19 11:48:10
10,Running,2026-03-19 11:47:22,2026-03-19 11:48:21
10,Starved,2026-03-19 11:48:21,2026-03-19 11:48:22
10,Running,2026-03-19 11:48:22,2026-03-19 11:49:18
5,Running,2026-03-19 11:40:31,2026-03-19 11:49:19
5,Starved,2026-03-19 11:49:19,2026-03-19 11:49:28
8,Running,2026-03-19 11:45:30,2026-03-19 11:49:29
10,Starved,2026-03-19 11:49:18,2026-03-19 11:49:34
8,Blocked,2026-03-19 11:49:29,2026-03-19 11:49:34
10,Running,2026-03-19 11:49:34,2026-03-19 11:50:32
3,Running,2026-03-19 11:45:14,2026-03-19 11:50:35
5,Running,2026-03-19 11:49:28,2026-03-19 11:50:35
8,Running,2026-03-19 11:49:34,2026-03-19 11:50:37
10,Starved,2026-03-19 11:50:32,2026-03-19 11:50:39
8,Blocked,2026-03-19 11:50:37,2026-03-19 11:50:39
5,Starved,2026-03-19 11:50:35,2026-03-19 11:50:56
3,Blocked,2026-03-19 11:50:35,2026-03-19 11:50:56
6,Running,2026-03-19 11:41:28,2026-03-19 11:51:43
5,Running,2026-03-19 11:50:56,2026-03-19 11:51:49
6,Starved,2026-03-19 11:51:43,2026-03-19 11:51:49
3,Running,2026-03-19 11:50:56,2026-03-19 11:51:56
5,Starved,2026-03-19 11:51:49,2026-03-19 11:51:57
3,Blocked,2026-03-19 11:51:56,2026-03-19 11:51:57
6,Running,2026-03-19 11:51:49,2026-03-19 11:52:42
5,Running,2026-03-19 11:51:57,2026-03-19 11:52:53
6,Starved,2026-03-19 11:52:42,2026-03-19 11:52:53
3,Running,2026-03-19 11:51:57,2026-03-19 11:52:56
5,Starved,2026-03-19 11:52:53,2026-03-19 11:53:07
3,Blocked,2026-03-19 11:52:56,2026-03-19 11:53:07
11,Running,2026-03-19 11:48:10,2026-03-19 11:53:40
11,Starved,2026-03-19 11:53:40,2026-03-19 11:53:42
6,Running,2026-03-19 11:52:53,2026-03-19 11:53:53
5,Running,2026-03-19 11:53:07,2026-03-19 11:54:02
6,Starved,2026-03-19 11:53:53,2026-03-19 11:54:02
3,Running,2026-03-19 11:53:07,2026-03-19 11:54:15
5,Starved,2026-03-19 11:54:02,2026-03-19 11:54:24
3,Blocked,2026-03-19 11:54:15,2026-03-19 11:54:24
11,Running,2026-03-19 11:53:42,2026-03-19 11:54:35
11,Starved,2026-03-19 11:54:35,2026-03-19 11:54:38
6,Running,2026-03-19 11:54:02,2026-03-19 11:54:56
8,Down,2026-03-19 11:50:39,2026-03-19 11:54:58
1,Running,2026-03-19 11:22:13,2026-03-19 11:55:04
1,Blocked,2026-03-19 11:55:04,2026-03-19 11:55:09
3,Running,2026-03-19 11:54:24,2026-03-19 11:55:21
5,Running,2026-03-19 11:54:24,2026-03-19 11:55:28
6,Starved,2026-03-19 11:54:56,2026-03-19 11:55:28
10,Running,2026-03-19 11:50:39,2026-03-19 11:55:37
5,Starved,2026-03-19 11:55:28,2026-03-19 11:55:41
3,Blocked,2026-03-19 11:55:21,2026-03-19 11:55:41
1,Running,2026-03-19 11:55:09,2026-03-19 11:55:56
1,Blocked,2026-03-19 11:55:56,2026-03-19 11:56:00
10,Starved,2026-03-19 11:55:37,2026-03-19 11:56:05
11,Running,2026-03-19 11:54:38,2026-03-19 11:56:30
6,Running,2026-03-19 11:55:28,2026-03-19 11:56:32
6,Starved,2026-03-19 11:56:32,2026-03-19 11:56:46
10,Running,2026-03-19 11:56:05,2026-03-19 11:57:01
10,Starved,2026-03-19 11:57:01,2026-03-19 11:57:08
5,Running,2026-03-19 11:55:41,2026-03-19 11:57:44
3,Running,2026-03-19 11:55:41,2026-03-19 11:57:50
5,Starved,2026-03-19 11:57:44,2026-03-19 11:57:50
3,Blocked,2026-03-19 11:57:50,2026-03-19 11:57:50
10,Running,2026-03-19 11:57:08,2026-03-19 11:57:59
10,Starved,2026-03-19 11:57:59,2026-03-19 11:58:09
12,Down,2026-03-19 11:44:59,2026-03-19 11:58:17
11,Blocked,2026-03-19 11:56:30,2026-03-19 11:58:17
3,Running,2026-03-19 11:57:50,2026-03-19 11:58:41
6,Running,2026-03-19 11:56:46,2026-03-19 11:58:49
5,Running,2026-03-19 11:57:50,2026-03-19 11:58:50
6,Starved,2026-03-19 11:58:49,2026-03-19 11:58:50
10,Running,2026-03-19 11:58:09,2026-03-19 11:58:58
5,Starved,2026-03-19 11:58:50,2026-03-19 11:59:06
3,Blocked,2026-03-19 11:58:41,2026-03-19 11:59:06
10,Starved,2026-03-19 11:58:58,2026-03-19 11:59:15
13,Starved,2026-03-19 11:46:25,2026-03-19 11:59:15
6,Running,2026-03-19 11:58:50,2026-03-19 11:59:48
3,Running,2026-03-19 11:59:06,2026-03-19 12:00:01
5,Running,2026-03-19 11:59:06,2026-03-19 12:00:09
6,Starved,2026-03-19 11:59:48,2026-03-19 12:00:09
10,Running,2026-03-19 11:59:15,2026-03-19 12:00:19
5,Starved,2026-03-19 12:00:09,2026-03-19 12:00:28
3,Blocked,2026-03-19 12:00:01,2026-03-19 12:00:28
10,Starved,2026-03-19 12:00:19,2026-03-19 12:00:36
13,Running,2026-03-19 11:59:15,2026-03-19 12:01:09
6,Running,2026-03-19 12:00:09,2026-03-19 12:01:09
13,Starved,2026-03-19 12:01:09,2026-03-19 12:01:20
5,Running,2026-03-19 12:00:28,2026-03-19 12:01:25
6,Starved,2026-03-19 12:01:09,2026-03-19 12:01:25
5,Starved,2026-03-19 12:01:25,2026-03-19 12:01:30
6,Running,2026-03-19 12:01:25,2026-03-19 12:02:18
6,Starved,2026-03-19 12:02:18,2026-03-19 12:02:30
6,Running,2026-03-19 12:02:30,2026-03-19 12:03:30
5,Running,2026-03-19 12:01:30,2026-03-19 12:03:31
6,Starved,2026-03-19 12:03:30,2026-03-19 12:03:31
5,Starved,2026-03-19 12:03:31,2026-03-19 12:03:31
6,Running,2026-03-19 12:03:31,2026-03-19 12:04:25
5,Running,2026-03-19 12:03:31,2026-03-19 12:04:33
6,Starved,2026-03-19 12:04:25,2026-03-19 12:04:33
3,Running,2026-03-19 12:00:28,2026-03-19 12:04:39
5,Starved,2026-03-19 12:04:33,2026-03-19 12:05:06
3,Blocked,2026-03-19 12:04:39,2026-03-19 12:05:06
6,Running,2026-03-19 12:04:33,2026-03-19 12:05:36
3,Running,2026-03-19 12:05:06,2026-03-19 12:06:02
5,Running,2026-03-19 12:05:06,2026-03-19 12:06:14
6,Starved,2026-03-19 12:05:36,2026-03-19 12:06:14
5,Starved,2026-03-19 12:06:14,2026-03-19 12:06:26
3,Blocked,2026-03-19 12:06:02,2026-03-19 12:06:26
6,Running,2026-03-19 12:06:14,2026-03-19 12:07:08
13,Running,2026-03-19 12:01:20,2026-03-19 12:07:12
13,Starved,2026-03-19 12:07:12,2026-03-19 12:07:12
3,Running,2026-03-19 12:06:26,2026-03-19 12:07:23
3,Blocked,2026-03-19 12:07:23,2026-03-19 12:07:24
6,Starved,2026-03-19 12:07:08,2026-03-19 12:07:32
5,Running,2026-03-19 12:06:26,2026-03-19 12:08:23
3,Running,2026-03-19 12:07:24,2026-03-19 12:08:31
5,Starved,2026-03-19 12:08:23,2026-03-19 12:08:32
3,Blocked,2026-03-19 12:08:31,2026-03-19 12:08:32
12,Running,2026-03-19 11:58:17,2026-03-19 12:09:15
10,Running,2026-03-19 12:00:36,2026-03-19 12:09:22
10,Starved,2026-03-19 12:09:22,2026-03-19 12:09:28
6,Running,2026-03-19 12:07:32,2026-03-19 12:09:28
5,Running,2026-03-19 12:08:32,2026-03-19 12:09:33
6,Starved,2026-03-19 12:09:28,2026-03-19 12:09:33
3,Running,2026-03-19 12:08:32,2026-03-19 12:09:34
11,Running,2026-03-19 11:58:17,2026-03-19 12:09:36
5,Starved,2026-03-19 12:09:33,2026-03-19 12:09:36
3,Blocked,2026-03-19 12:09:34,2026-03-19 12:09:36
13,Running,2026-03-19 12:07:12,2026-03-19 12:10:19
10,Running,2026-03-19 12:09:28,2026-03-19 12:10:21
6,Running,2026-03-19 12:09:33,2026-03-19 12:10:23
5,Running,2026-03-19 12:09:36,2026-03-19 12:10:26
6,Starved,2026-03-19 12:10:23,2026-03-19 12:10:26
5,Starved,2026-03-19 12:10:26,2026-03-19 12:10:29
3,Running,2026-03-19 12:09:36,2026-03-19 12:10:37
10,Starved,2026-03-19 12:10:21,2026-03-19 12:10:45
3,Down,2026-03-19 12:10:37,2026-03-19 12:10:57
5,Running,2026-03-19 12:10:29,2026-03-19 12:11:26
5,Starved,2026-03-19 12:11:26,2026-03-19 12:11:45
6,Running,2026-03-19 12:10:26,2026-03-19 12:12:37
3,Running,2026-03-19 12:10:57,2026-03-19 12:12:47
5,Running,2026-03-19 12:11:45,2026-03-19 12:12:49
6,Starved,2026-03-19 12:12:37,2026-03-19 12:12:49
2,Running,2026-03-19 11:16:17,2026-03-19 12:12:53
5,Starved,2026-03-19 12:12:49,2026-03-19 12:12:56
3,Blocked,2026-03-19 12:12:47,2026-03-19 12:12:56
2,Blocked,2026-03-19 12:12:53,2026-03-19 12:12:56
12,Down,2026-03-19 12:09:15,2026-03-19 12:13:00
11,Blocked,2026-03-19 12:09:36,2026-03-19 12:13:00
6,Running,2026-03-19 12:12:49,2026-03-19 12:13:48
11,Running,2026-03-19 12:13:00,2026-03-19 12:13:51
13,Starved,2026-03-19 12:10:19,2026-03-19 12:14:00
11,Blocked,2026-03-19 12:13:51,2026-03-19 12:14:00
6,Starved,2026-03-19 12:13:48,2026-03-19 12:14:02
3,Running,2026-03-19 12:12:56,2026-03-19 12:14:41
3,Blocked,2026-03-19 12:14:41,2026-03-19 12:14:43
10,Running,2026-03-19 12:10:45,2026-03-19 12:14:55
11,Running,2026-03-19 12:14:00,2026-03-19 12:15:00
10,Starved,2026-03-19 12:14:55,2026-03-19 12:15:03
13,Running,2026-03-19 12:14:00,2026-03-19 12:15:04
13,Starved,2026-03-19 12:15:04,2026-03-19 12:15:05
11,Blocked,2026-03-19 12:15:00,2026-03-19 12:15:05
3,Running,2026-03-19 12:14:43,2026-03-19 12:15:45
13,Running,2026-03-19 12:15:05,2026-03-19 12:15:52
2,Running,2026-03-19 12:12:56,2026-03-19 12:15:54
11,Running,2026-03-19 12:15:05,2026-03-19 12:15:56
5,Running,2026-03-19 12:12:56,2026-03-19 12:15:59
13,Starved,2026-03-19 12:15:52,2026-03-19 12:15:59
11,Blocked,2026-03-19 12:15:56,2026-03-19 12:15:59
10,Running,2026-03-19 12:15:03,2026-03-19 12:15:59
10,Starved,2026-03-19 12:15:59,2026-03-19 12:16:06
5,Starved,2026-03-19 12:15:59,2026-03-19 12:16:07
3,Blocked,2026-03-19 12:15:45,2026-03-19 12:16:07
2,Blocked,2026-03-19 12:15:54,2026-03-19 12:16:07
10,Running,2026-03-19 12:16:06,2026-03-19 12:17:00
6,Running,2026-03-19 12:14:02,2026-03-19 12:17:02
2,Running,2026-03-19 12:16:07,2026-03-19 12:17:03
6,Starved,2026-03-19 12:17:02,2026-03-19 12:17:08
10,Starved,2026-03-19 12:17:00,2026-03-19 12:17:12
2,Blocked,2026-03-19 12:17:03,2026-03-19 12:17:13
5,Running,2026-03-19 12:16:07,2026-03-19 12:17:58
2,Running,2026-03-19 12:17:13,2026-03-19 12:18:03
10,Running,2026-03-19 12:17:12,2026-03-19 12:18:09
10,Starved,2026-03-19 12:18:09,2026-03-19 12:18:15
3,Running,2026-03-19 12:16:07,2026-03-19 12:18:15
5,Starved,2026-03-19 12:17:58,2026-03-19 12:18:27
3,Blocked,2026-03-19 12:18:15,2026-03-19 12:18:27
2,Blocked,2026-03-19 12:18:03,2026-03-19 12:18:27
6,Running,2026-03-19 12:17:08,2026-03-19 12:19:00
5,Running,2026-03-19 12:18:27,2026-03-19 12:19:22
6,Starved,2026-03-19 12:19:00,2026-03-19 12:19:22
2,Running,2026-03-19 12:18:27,2026-03-19 12:19:29
5,Starved,2026-03-19 12:19:22,2026-03-19 12:19:32
2,Blocked,2026-03-19 12:19:29,2026-03-19 12:19:39
6,Running,2026-03-19 12:19:22,2026-03-19 12:20:17
5,Running,2026-03-19 12:19:32,2026-03-19 12:20:29
6,Starved,2026-03-19 12:20:17,2026-03-19 12:20:29
2,Running,2026-03-19 12:19:39,2026-03-19 12:20:33
3,Running,2026-03-19 12:18:27,2026-03-19 12:20:36
1,Running,2026-03-19 11:56:00,2026-03-19 12:20:40
5,Starved,2026-03-19 12:20:29,2026-03-19 12:21:04
3,Blocked,2026-03-19 12:20:36,2026-03-19 12:21:04
2,Blocked,2026-03-19 12:20:33,2026-03-19 12:21:04
1,Blocked,2026-03-19 12:20:40,2026-03-19 12:21:04
10,Running,2026-03-19 12:18:15,2026-03-19 12:21:12
6,Running,2026-03-19 12:20:29,2026-03-19 12:21:22
10,Starved,2026-03-19 12:21:12,2026-03-19 12:21:26
3,Running,2026-03-19 12:21:04,2026-03-19 12:21:59
2,Running,2026-03-19 12:21:04,2026-03-19 12:22:00
1,Running,2026-03-19 12:21:04,2026-03-19 12:22:03
5,Running,2026-03-19 12:21:04,2026-03-19 12:22:03
6,Starved,2026-03-19 12:21:22,2026-03-19 12:22:03
10,Running,2026-03-19 12:21:26,2026-03-19 12:22:23
10,Starved,2026-03-19 12:22:23,2026-03-19 12:22:32
5,Starved,2026-03-19 12:22:03,2026-03-19 12:22:48
3,Blocked,2026-03-19 12:21:59,2026-03-19 12:22:48
2,Blocked,2026-03-19 12:22:00,2026-03-19 12:22:48
6,Running,2026-03-19 12:22:03,2026-03-19 12:22:58
11,Running,2026-03-19 12:15:59,2026-03-19 12:23:01
11,Blocked,2026-03-19 12:23:01,2026-03-19 12:23:03
11,Running,2026-03-19 12:23:03,2026-03-19 12:23:53
6,Starved,2026-03-19 12:22:58,2026-03-19 12:23:55
11,Blocked,2026-03-19 12:23:53,2026-03-19 12:23:57
10,Running,2026-03-19 12:22:32,2026-03-19 12:24:30
2,Down,2026-03-19 12:22:48,2026-03-19 12:24:34
1,Blocked,2026-03-19 12:22:03,2026-03-19 12:24:34
10,Starved,2026-03-19 12:24:30,2026-03-19 12:24:47
11,Running,2026-03-19 12:23:57,2026-03-19 12:24:52
11,Blocked,2026-03-19 12:24:52,2026-03-19 12:24:55
11,Running,2026-03-19 12:24:55,2026-03-19 12:25:47
11,Blocked,2026-03-19 12:25:47,2026-03-19 12:25:47
6,Running,2026-03-19 12:23:55,2026-03-19 12:25:51
5,Running,2026-03-19 12:22:48,2026-03-19 12:25:51
6,Starved,2026-03-19 12:25:51,2026-03-19 12:25:51
10,Running,2026-03-19 12:24:47,2026-03-19 12:25:54
3,Running,2026-03-19 12:22:48,2026-03-19 12:25:56
10,Starved,2026-03-19 12:25:54,2026-03-19 12:26:04
5,Starved,2026-03-19 12:25:51,2026-03-19 12:26:07
3,Blocked,2026-03-19 12:25:56,2026-03-19 12:26:07
11,Running,2026-03-19 12:25:47,2026-03-19 12:26:41
11,Blocked,2026-03-19 12:26:41,2026-03-19 12:26:43
6,Running,2026-03-19 12:25:51,2026-03-19 12:26:48
5,Running,2026-03-19 12:26:07,2026-03-19 12:27:01
6,Starved,2026-03-19 12:26:48,2026-03-19 12:27:01
3,Running,2026-03-19 12:26:07,2026-03-19 12:27:05
10,Running,2026-03-19 12:26:04,2026-03-19 12:27:06
10,Starved,2026-03-19 12:27:06,2026-03-19 12:27:12
5,Starved,2026-03-19 12:27:01,2026-03-19 12:27:13
3,Blocked,2026-03-19 12:27:05,2026-03-19 12:27:13
11,Running,2026-03-19 12:26:43,2026-03-19 12:27:35
11,Blocked,2026-03-19 12:27:35,2026-03-19 12:27:43
6,Running,2026-03-19 12:27:01,2026-03-19 12:27:56
6,Starved,2026-03-19 12:27:56,2026-03-19 12:28:15
11,Running,2026-03-19 12:27:43,2026-03-19 12:28:36
11,Blocked,2026-03-19 12:28:36,2026-03-19 12:28:39
3,Running,2026-03-19 12:27:13,2026-03-19 12:29:09
3,Blocked,2026-03-19 12:29:09,2026-03-19 12:29:10
6,Running,2026-03-19 12:28:15,2026-03-19 12:29:13
6,Starved,2026-03-19 12:29:13,2026-03-19 12:29:25
10,Running,2026-03-19 12:27:12,2026-03-19 12:30:06
6,Running,2026-03-19 12:29:25,2026-03-19 12:30:24
10,Starved,2026-03-19 12:30:06,2026-03-19 12:30:28
6,Starved,2026-03-19 12:30:24,2026-03-19 12:30:32
11,Running,2026-03-19 12:28:39,2026-03-19 12:30:33
11,Blocked,2026-03-19 12:30:33,2026-03-19 12:30:38
10,Running,2026-03-19 12:30:28,2026-03-19 12:31:29
11,Running,2026-03-19 12:30:38,2026-03-19 12:31:30
6,Running,2026-03-19 12:30:32,2026-03-19 12:31:31
6,Starved,2026-03-19 12:31:31,2026-03-19 12:31:31
10,Starved,2026-03-19 12:31:29,2026-03-19 12:31:41
11,Blocked,2026-03-19 12:31:30,2026-03-19 12:31:45
6,Running,2026-03-19 12:31:31,2026-03-19 12:32:35
11,Running,2026-03-19 12:31:45,2026-03-19 12:32:37
11,Blocked,2026-03-19 12:32:37,2026-03-19 12:32:39
6,Starved,2026-03-19 12:32:35,2026-03-19 12:32:42
10,Running,2026-03-19 12:31:41,2026-03-19 12:32:45
10,Starved,2026-03-19 12:32:45,2026-03-19 12:32:50
11,Running,2026-03-19 12:32:39,2026-03-19 12:33:42
11,Blocked,2026-03-19 12:33:42,2026-03-19 12:33:44
10,Running,2026-03-19 12:32:50,2026-03-19 12:33:45
10,Starved,2026-03-19 12:33:45,2026-03-19 12:34:27
6,Running,2026-03-19 12:32:42,2026-03-19 12:34:44
6,Starved,2026-03-19 12:34:44,2026-03-19 12:34:50
3,Running,2026-03-19 12:29:10,2026-03-19 12:35:00
1,Running,2026-03-19 12:24:34,2026-03-19 12:35:05
1,Blocked,2026-03-19 12:35:05,2026-03-19 12:35:09
3,Blocked,2026-03-19 12:35:00,2026-03-19 12:35:14
10,Running,2026-03-19 12:34:27,2026-03-19 12:35:26
10,Starved,2026-03-19 12:35:26,2026-03-19 12:35:57
1,Running,2026-03-19 12:35:09,2026-03-19 12:36:03
1,Blocked,2026-03-19 12:36:03,2026-03-19 12:36:11
1,Running,2026-03-19 12:36:11,2026-03-19 12:37:05
1,Blocked,2026-03-19 12:37:05,2026-03-19 12:37:07
1,Running,2026-03-19 12:37:07,2026-03-19 12:38:09
1,Blocked,2026-03-19 12:38:09,2026-03-19 12:38:10
3,Running,2026-03-19 12:35:14,2026-03-19 12:39:09
1,Running,2026-03-19 12:38:10,2026-03-19 12:39:14
3,Blocked,2026-03-19 12:39:09,2026-03-19 12:39:23
10,Running,2026-03-19 12:35:57,2026-03-19 12:39:51
10,Starved,2026-03-19 12:39:51,2026-03-19 12:40:01
3,Running,2026-03-19 12:39:23,2026-03-19 12:40:11
5,Running,2026-03-19 12:27:13,2026-03-19 12:40:18
1,Down,2026-03-19 12:39:14,2026-03-19 12:40:21
5,Starved,2026-03-19 12:40:18,2026-03-19 12:40:24
3,Blocked,2026-03-19 12:40:11,2026-03-19 12:40:24
10,Running,2026-03-19 12:40:01,2026-03-19 12:41:09
10,Starved,2026-03-19 12:41:09,2026-03-19 12:41:10
10,Running,2026-03-19 12:41:10,2026-03-19 12:42:13
10,Starved,2026-03-19 12:42:13,2026-03-19 12:42:14
11,Running,2026-03-19 12:33:44,2026-03-19 12:42:34
11,Blocked,2026-03-19 12:42:34,2026-03-19 12:42:44
3,Running,2026-03-19 12:40:24,2026-03-19 12:43:11
5,Running,2026-03-19 12:40:24,2026-03-19 12:43:29
5,Starved,2026-03-19 12:43:29,2026-03-19 12:43:41
3,Blocked,2026-03-19 12:43:11,2026-03-19 12:43:41
5,Running,2026-03-19 12:43:41,2026-03-19 12:44:44
11,Running,2026-03-19 12:42:44,2026-03-19 12:44:44
3,Running,2026-03-19 12:43:41,2026-03-19 12:44:47
11,Blocked,2026-03-19 12:44:44,2026-03-19 12:44:53
5,Starved,2026-03-19 12:44:44,2026-03-19 12:45:06
3,Blocked,2026-03-19 12:44:47,2026-03-19 12:45:06
6,Running,2026-03-19 12:34:50,2026-03-19 12:45:53
11,Running,2026-03-19 12:44:53,2026-03-19 12:45:54
11,Blocked,2026-03-19 12:45:54,2026-03-19 12:46:03
6,Starved,2026-03-19 12:45:53,2026-03-19 12:46:10
9,Running,2026-03-19 11:41:16,2026-03-19 12:46:58
8,Running,2026-03-19 11:54:58,2026-03-19 12:47:26
6,Running,2026-03-19 12:46:10,2026-03-19 12:48:04
5,Running,2026-03-19 12:45:06,2026-03-19 12:48:09
6,Starved,2026-03-19 12:48:04,2026-03-19 12:48:09
5,Starved,2026-03-19 12:48:09,2026-03-19 12:48:11
10,Running,2026-03-19 12:42:14,2026-03-19 12:48:24
6,Running,2026-03-19 12:48:09,2026-03-19 12:49:06
3,Running,2026-03-19 12:45:06,2026-03-19 12:49:09
5,Running,2026-03-19 12:48:11,2026-03-19 12:49:13
6,Starved,2026-03-19 12:49:06,2026-03-19 12:49:13
5,Starved,2026-03-19 12:49:13,2026-03-19 12:49:27
3,Blocked,2026-03-19 12:49:09,2026-03-19 12:49:27
6,Running,2026-03-19 12:49:13,2026-03-19 12:50:07
11,Running,2026-03-19 12:46:03,2026-03-19 12:50:20
3,Running,2026-03-19 12:49:27,2026-03-19 12:50:27
5,Running,2026-03-19 12:49:27,2026-03-19 12:50:29
6,Starved,2026-03-19 12:50:07,2026-03-19 12:50:29
5,Starved,2026-03-19 12:50:29,2026-03-19 12:50:42
3,Blocked,2026-03-19 12:50:27,2026-03-19 12:50:42
6,Running,2026-03-19 12:50:29,2026-03-19 12:51:25
3,Running,2026-03-19 12:50:42,2026-03-19 12:51:36
2,Running,2026-03-19 12:24:34,2026-03-19 12:51:42
5,Running,2026-03-19 12:50:42,2026-03-19 12:51:49
6,Starved,2026-03-19 12:51:25,2026-03-19 12:51:49
5,Starved,2026-03-19 12:51:49,2026-03-19 12:51:50
3,Blocked,2026-03-19 12:51:36,2026-03-19 12:51:50
2,Blocked,2026-03-19 12:51:42,2026-03-19 12:51:50
5,Running,2026-03-19 12:51:50,2026-03-19 12:52:41
2,Running,2026-03-19 12:51:50,2026-03-19 12:52:53
3,Running,2026-03-19 12:51:50,2026-03-19 12:52:57
5,Starved,2026-03-19 12:52:41,2026-03-19 12:53:04
3,Blocked,2026-03-19 12:52:57,2026-03-19 12:53:04
2,Blocked,2026-03-19 12:52:53,2026-03-19 12:53:04
6,Running,2026-03-19 12:51:49,2026-03-19 12:53:57
3,Running,2026-03-19 12:53:04,2026-03-19 12:54:02
2,Running,2026-03-19 12:53:04,2026-03-19 12:54:09
5,Running,2026-03-19 12:53:04,2026-03-19 12:54:09
6,Starved,2026-03-19 12:53:57,2026-03-19 12:54:09
5,Starved,2026-03-19 12:54:09,2026-03-19 12:54:35
3,Blocked,2026-03-19 12:54:02,2026-03-19 12:54:35
2,Blocked,2026-03-19 12:54:09,2026-03-19 12:54:35
6,Running,2026-03-19 12:54:09,2026-03-19 12:55:08
7,Running,2026-03-19 10:38:49,2026-03-19 12:55:29
6,Starved,2026-03-19 12:55:08,2026-03-19 12:55:30
2,Running,2026-03-19 12:54:35,2026-03-19 12:55:33
2,Blocked,2026-03-19 12:55:33,2026-03-19 12:55:42
6,Running,2026-03-19 12:55:30,2026-03-19 12:56:32
6,Starved,2026-03-19 12:56:32,2026-03-19 12:56:37
3,Running,2026-03-19 12:54:35,2026-03-19 12:57:28
3,Blocked,2026-03-19 12:57:28,2026-03-19 12:57:28
3,Running,2026-03-19 12:57:28,2026-03-19 12:58:18
3,Blocked,2026-03-19 12:58:18,2026-03-19 12:58:32
6,Running,2026-03-19 12:56:37,2026-03-19 12:58:32
6,Starved,2026-03-19 12:58:32,2026-03-19 12:58:34
5,Running,2026-03-19 12:54:35,2026-03-19 12:59:30
3,Running,2026-03-19 12:58:32,2026-03-19 12:59:32
5,Starved,2026-03-19 12:59:30,2026-03-19 12:59:48
3,Blocked,2026-03-19 12:59:32,2026-03-19 12:59:48
13,Running,2026-03-19 12:15:59,2026-03-19 12:59:53
13,Starved,2026-03-19 12:59:53,2026-03-19 13:00:02
6,Running,2026-03-19 12:58:34,2026-03-19 13:00:48
3,Running,2026-03-19 12:59:48,2026-03-19 13:00:50
5,Running,2026-03-19 12:59:48,2026-03-19 13:00:51
6,Starved,2026-03-19 13:00:48,2026-03-19 13:00:51
5,Starved,2026-03-19 13:00:51,2026-03-19 13:00:52
3,Blocked,2026-03-19 13:00:50,2026-03-19 13:00:52
5,Running,2026-03-19 13:00:52,2026-03-19 13:01:47
13,Running,2026-03-19 13:00:02,2026-03-19 13:01:54
3,Running,2026-03-19 13:00:52,2026-03-19 13:01:56
1,Running,2026-03-19 12:40:21,2026-03-19 13:01:57
2,Running,2026-03-19 12:55:42,2026-03-19 13:02:01
13,Starved,2026-03-19 13:01:54,2026-03-19 13:02:07
5,Starved,2026-03-19 13:01:47,2026-03-19 13:02:18
3,Blocked,2026-03-19 13:01:56,2026-03-19 13:02:18
2,Blocked,2026-03-19 13:02:01,2026-03-19 13:02:18
1,Blocked,2026-03-19 13:01:57,2026-03-19 13:02:18
6,Running,2026-03-19 13:00:51,2026-03-19 13:02:51
1,Running,2026-03-19 13:02:18,2026-03-19 13:03:12
5,Running,2026-03-19 13:02:18,2026-03-19 13:03:15
6,Starved,2026-03-19 13:02:51,2026-03-19 13:03:15
4,Running,2026-03-19 11:06:52,2026-03-19 13:03:18
5,Starved,2026-03-19 13:03:15,2026-03-19 13:03:18
3,Running,2026-03-19 13:02:18,2026-03-19 13:03:22
2,Running,2026-03-19 13:02:18,2026-03-19 13:03:24
5,Running,2026-03-19 13:03:18,2026-03-19 13:04:16
12,Running,2026-03-19 12:13:00,2026-03-19 13:04:57
4,Down,2026-03-19 13:03:18,2026-03-19 13:05:04
3,Blocked,2026-03-19 13:03:22,2026-03-19 13:05:04
2,Blocked,2026-03-19 13:03:24,2026-03-19 13:05:04
1,Blocked,2026-03-19 13:03:12,2026-03-19 13:05:04
6,Running,2026-03-19 13:03:15,2026-03-19 13:05:24
2,Running,2026-03-19 13:05:04,2026-03-19 13:06:00
3,Running,2026-03-19 13:05:04,2026-03-19 13:06:08
1,Running,2026-03-19 13:05:04,2026-03-19 13:06:12
13,Running,2026-03-19 13:02:07,2026-03-19 13:06:17
5,Starved,2026-03-19 13:04:16,2026-03-19 13:06:31
3,Blocked,2026-03-19 13:06:08,2026-03-19 13:06:31
2,Blocked,2026-03-19 13:06:00,2026-03-19 13:06:31
1,Blocked,2026-03-19 13:06:12,2026-03-19 13:06:31
1,Running,2026-03-19 13:06:31,2026-03-19 13:07:30
2,Running,2026-03-19 13:06:31,2026-03-19 13:07:31
5,Running,2026-03-19 13:06:31,2026-03-19 13:07:34
6,Starved,2026-03-19 13:05:24,2026-03-19 13:07:34
3,Running,2026-03-19 13:06:31,2026-03-19 13:07:36
3,Blocked,2026-03-19 13:07:36,2026-03-19 13:07:51
2,Blocked,2026-03-19 13:07:31,2026-03-19 13:07:51
1,Blocked,2026-03-19 13:07:30,2026-03-19 13:07:51
6,Running,2026-03-19 13:07:34,2026-03-19 13:08:33
1,Running,2026-03-19 13:07:51,2026-03-19 13:08:42
3,Running,2026-03-19 13:07:51,2026-03-19 13:08:50
2,Running,2026-03-19 13:07:51,2026-03-19 13:09:02
3,Blocked,2026-03-19 13:08:50,2026-03-19 13:09:06
2,Blocked,2026-03-19 13:09:02,2026-03-19 13:09:06
1,Blocked,2026-03-19 13:08:42,2026-03-19 13:09:06
1,Running,2026-03-19 13:09:06,2026-03-19 13:10:02
2,Running,2026-03-19 13:09:06,2026-03-19 13:10:07
2,Blocked,2026-03-19 13:10:07,2026-03-19 13:10:18
1,Blocked,2026-03-19 13:10:02,2026-03-19 13:10:18
1,Running,2026-03-19 13:10:18,2026-03-19 13:11:22
1,Blocked,2026-03-19 13:11:22,2026-03-19 13:11:30
9,Down,2026-03-19 12:46:58,2026-03-19 13:13:00
8,Blocked,2026-03-19 12:47:26,2026-03-19 13:13:00
7,Blocked,2026-03-19 12:55:29,2026-03-19 13:13:00
8,Running,2026-03-19 13:13:00,2026-03-19 13:13:57
10,Starved,2026-03-19 12:48:24,2026-03-19 13:14:01
8,Blocked,2026-03-19 13:13:57,2026-03-19 13:14:01
2,Running,2026-03-19 13:10:18,2026-03-19 13:14:18
2,Blocked,2026-03-19 13:14:18,2026-03-19 13:14:22
8,Running,2026-03-19 13:14:01,2026-03-19 13:15:00
7,Running,2026-03-19 13:13:00,2026-03-19 13:15:02
10,Running,2026-03-19 13:14:01,2026-03-19 13:15:03
11,Starved,2026-03-19 12:50:20,2026-03-19 13:15:03
10,Starved,2026-03-19 13:15:03,2026-03-19 13:15:07
8,Blocked,2026-03-19 13:15:00,2026-03-19 13:15:07
7,Blocked,2026-03-19 13:15:02,2026-03-19 13:15:07
2,Running,2026-03-19 13:14:22,2026-03-19 13:15:12
2,Blocked,2026-03-19 13:15:12,2026-03-19 13:15:26
11,Running,2026-03-19 13:15:03,2026-03-19 13:16:00
12,Starved,2026-03-19 13:04:57,2026-03-19 13:16:00
8,Running,2026-03-19 13:15:07,2026-03-19 13:16:06
10,Running,2026-03-19 13:15:07,2026-03-19 13:16:07
7,Running,2026-03-19 13:15:07,2026-03-19 13:16:11
3,Running,2026-03-19 13:09:06,2026-03-19 13:16:22
10,Starved,2026-03-19 13:16:07,2026-03-19 13:16:34
8,Blocked,2026-03-19 13:16:06,2026-03-19 13:16:34
7,Blocked,2026-03-19 13:16:11,2026-03-19 13:16:34
2,Running,2026-03-19 13:15:26,2026-03-19 13:16:34
12,Running,2026-03-19 13:16:00,2026-03-19 13:16:52
13,Starved,2026-03-19 13:06:17,2026-03-19 13:16:52
3,Blocked,2026-03-19 13:16:22,2026-03-19 13:16:52
2,Blocked,2026-03-19 13:16:34,2026-03-19 13:16:52
8,Running,2026-03-19 13:16:34,2026-03-19 13:17:25
7,Running,2026-03-19 13:16:34,2026-03-19 13:17:33
10,Running,2026-03-19 13:16:34,2026-03-19 13:17:38
10,Starved,2026-03-19 13:17:38,2026-03-19 13:17:40
8,Blocked,2026-03-19 13:17:25,2026-03-19 13:17:40
7,Blocked,2026-03-19 13:17:33,2026-03-19 13:17:40
3,Running,2026-03-19 13:16:52,2026-03-19 13:17:46
2,Running,2026-03-19 13:16:52,2026-03-19 13:17:46
3,Blocked,2026-03-19 13:17:46,2026-03-19 13:17:54
2,Blocked,2026-03-19 13:17:46,2026-03-19 13:17:54
13,Running,2026-03-19 13:16:52,2026-03-19 13:17:57
5,Down,2026-03-19 13:07:34,2026-03-19 13:18:26
7,Running,2026-03-19 13:17:40,2026-03-19 13:18:41
10,Running,2026-03-19 13:17:40,2026-03-19 13:18:41
8,Running,2026-03-19 13:17:40,2026-03-19 13:18:43
3,Running,2026-03-19 13:17:54,2026-03-19 13:18:48
10,Starved,2026-03-19 13:18:41,2026-03-19 13:18:53
8,Blocked,2026-03-19 13:18:43,2026-03-19 13:18:53
7,Blocked,2026-03-19 13:18:41,2026-03-19 13:18:53
3,Blocked,2026-03-19 13:18:48,2026-03-19 13:18:53
1,Running,2026-03-19 13:11:30,2026-03-19 13:18:55
1,Blocked,2026-03-19 13:18:55,2026-03-19 13:18:57
6,Starved,2026-03-19 13:08:33,2026-03-19 13:19:26
8,Running,2026-03-19 13:18:53,2026-03-19 13:19:48
2,Running,2026-03-19 13:17:54,2026-03-19 13:19:48
1,Running,2026-03-19 13:18:57,2026-03-19 13:19:50
3,Running,2026-03-19 13:18:53,2026-03-19 13:19:52
10,Running,2026-03-19 13:18:53,2026-03-19 13:19:56
10,Starved,2026-03-19 13:19:56,2026-03-19 13:20:02
8,Blocked,2026-03-19 13:19:48,2026-03-19 13:20:02
3,Blocked,2026-03-19 13:19:52,2026-03-19 13:20:09
2,Blocked,2026-03-19 13:19:48,2026-03-19 13:20:09
1,Blocked,2026-03-19 13:19:50,2026-03-19 13:20:09
6,Running,2026-03-19 13:19:26,2026-03-19 13:20:19
6,Starved,2026-03-19 13:20:19,2026-03-19 13:20:28
8,Running,2026-03-19 13:20:02,2026-03-19 13:21:06
7,Running,2026-03-19 13:18:53,2026-03-19 13:21:06
10,Running,2026-03-19 13:20:02,2026-03-19 13:21:08
3,Running,2026-03-19 13:20:09,2026-03-19 13:21:08
1,Running,2026-03-19 13:20:09,2026-03-19 13:21:09
2,Running,2026-03-19 13:20:09,2026-03-19 13:21:09
3,Blocked,2026-03-19 13:21:08,2026-03-19 13:21:16
2,Blocked,2026-03-19 13:21:09,2026-03-19 13:21:16
1,Blocked,2026-03-19 13:21:09,2026-03-19 13:21:16
6,Running,2026-03-19 13:20:28,2026-03-19 13:21:19
10,Starved,2026-03-19 13:21:08,2026-03-19 13:21:22
8,Blocked,2026-03-19 13:21:06,2026-03-19 13:21:22
7,Blocked,2026-03-19 13:21:06,2026-03-19 13:21:22
6,Starved,2026-03-19 13:21:19,2026-03-19 13:21:33
12,Down,2026-03-19 13:16:52,2026-03-19 13:21:49
2,Running,2026-03-19 13:21:16,2026-03-19 13:22:16
7,Running,2026-03-19 13:21:22,2026-03-19 13:22:21
6,Running,2026-03-19 13:21:33,2026-03-19 13:22:22
1,Running,2026-03-19 13:21:16,2026-03-19 13:22:22
2,Blocked,2026-03-19 13:22:16,2026-03-19 13:22:22
1,Blocked,2026-03-19 13:22:22,2026-03-19 13:22:22
10,Running,2026-03-19 13:21:22,2026-03-19 13:22:24
8,Running,2026-03-19 13:21:22,2026-03-19 13:22:26
6,Starved,2026-03-19 13:22:22,2026-03-19 13:22:29
10,Starved,2026-03-19 13:22:24,2026-03-19 13:22:38
8,Blocked,2026-03-19 13:22:26,2026-03-19 13:22:38
7,Blocked,2026-03-19 13:22:21,2026-03-19 13:22:38
1,Running,2026-03-19 13:22:22,2026-03-19 13:23:20
2,Running,2026-03-19 13:22:22,2026-03-19 13:23:21
3,Running,2026-03-19 13:21:16,2026-03-19 13:23:22
3,Blocked,2026-03-19 13:23:22,2026-03-19 13:23:30
2,Blocked,2026-03-19 13:23:21,2026-03-19 13:23:30
1,Blocked,2026-03-19 13:23:20,2026-03-19 13:23:30
6,Running,2026-03-19 13:22:29,2026-03-19 13:23:32
6,Starved,2026-03-19 13:23:32,2026-03-19 13:23:35
7,Running,2026-03-19 13:22:38,2026-03-19 13:23:41
7,Blocked,2026-03-19 13:23:41,2026-03-19 13:23:43
6,Running,2026-03-19 13:23:35,2026-03-19 13:24:34
2,Running,2026-03-19 13:23:30,2026-03-19 13:24:34
1,Running,2026-03-19 13:23:30,2026-03-19 13:24:34
2,Blocked,2026-03-19 13:24:34,2026-03-19 13:24:35
1,Blocked,2026-03-19 13:24:34,2026-03-19 13:24:35
6,Starved,2026-03-19 13:24:34,2026-03-19 13:24:40
10,Running,2026-03-19 13:22:38,2026-03-19 13:25:34
1,Running,2026-03-19 13:24:35,2026-03-19 13:25:35
10,Starved,2026-03-19 13:25:34,2026-03-19 13:25:36
1,Blocked,2026-03-19 13:25:35,2026-03-19 13:25:44
3,Running,2026-03-19 13:23:30,2026-03-19 13:26:30
8,Running,2026-03-19 13:22:38,2026-03-19 13:26:34
10,Running,2026-03-19 13:25:36,2026-03-19 13:26:38
8,Blocked,2026-03-19 13:26:34,2026-03-19 13:26:41
3,Blocked,2026-03-19 13:26:30,2026-03-19 13:26:43
6,Running,2026-03-19 13:24:40,2026-03-19 13:26:43
6,Starved,2026-03-19 13:26:43,2026-03-19 13:26:46
6,Running,2026-03-19 13:26:46,2026-03-19 13:27:45
6,Starved,2026-03-19 13:27:45,2026-03-19 13:27:50
11,Down,2026-03-19 13:16:00,2026-03-19 13:28:10
10,Blocked,2026-03-19 13:26:38,2026-03-19 13:28:10
3,Running,2026-03-19 13:26:43,2026-03-19 13:28:34
1,Running,2026-03-19 13:25:44,2026-03-19 13:28:42
2,Running,2026-03-19 13:24:35,2026-03-19 13:28:55
3,Blocked,2026-03-19 13:28:34,2026-03-19 13:28:58
2,Blocked,2026-03-19 13:28:55,2026-03-19 13:28:58
2,Down,2026-03-19 13:28:58,2026-03-19 13:28:59
1,Blocked,2026-03-19 13:28:42,2026-03-19 13:28:59
10,Running,2026-03-19 13:28:10,2026-03-19 13:29:06
12,Starved,2026-03-19 13:21:49,2026-03-19 13:29:18
10,Blocked,2026-03-19 13:29:06,2026-03-19 13:29:18
3,Running,2026-03-19 13:28:58,2026-03-19 13:29:55
3,Blocked,2026-03-19 13:29:55,2026-03-19 13:29:56
1,Running,2026-03-19 13:28:59,2026-03-19 13:30:05
1,Blocked,2026-03-19 13:30:05,2026-03-19 13:30:06
10,Running,2026-03-19 13:29:18,2026-03-19 13:30:14
12,Running,2026-03-19 13:29:18,2026-03-19 13:30:18
13,Starved,2026-03-19 13:17:57,2026-03-19 13:30:18
12,Starved,2026-03-19 13:30:18,2026-03-19 13:30:24
10,Blocked,2026-03-19 13:30:14,2026-03-19 13:30:24
3,Running,2026-03-19 13:29:56,2026-03-19 13:30:54
1,Running,2026-03-19 13:30:06,2026-03-19 13:30:55
2,Running,2026-03-19 13:28:59,2026-03-19 13:31:02
10,Running,2026-03-19 13:30:24,2026-03-19 13:31:10
13,Running,2026-03-19 13:30:18,2026-03-19 13:31:15
10,Blocked,2026-03-19 13:31:10,2026-03-19 13:31:17
13,Starved,2026-03-19 13:31:15,2026-03-19 13:31:22
3,Blocked,2026-03-19 13:30:54,2026-03-19 13:31:34
2,Blocked,2026-03-19 13:31:02,2026-03-19 13:31:34
1,Blocked,2026-03-19 13:30:55,2026-03-19 13:31:34
13,Running,2026-03-19 13:31:22,2026-03-19 13:32:20
13,Starved,2026-03-19 13:32:20,2026-03-19 13:32:22
2,Running,2026-03-19 13:31:34,2026-03-19 13:32:35
2,Blocked,2026-03-19 13:32:35,2026-03-19 13:32:40
13,Running,2026-03-19 13:32:22,2026-03-19 13:33:20
13,Starved,2026-03-19 13:33:20,2026-03-19 13:33:31
3,Running,2026-03-19 13:31:34,2026-03-19 13:33:33
2,Running,2026-03-19 13:32:40,2026-03-19 13:33:41
1,Running,2026-03-19 13:31:34,2026-03-19 13:33:46
3,Blocked,2026-03-19 13:33:33,2026-03-19 13:33:56
2,Blocked,2026-03-19 13:33:41,2026-03-19 13:33:56
1,Blocked,2026-03-19 13:33:46,2026-03-19 13:33:56
1,Running,2026-03-19 13:33:56,2026-03-19 13:34:54
2,Running,2026-03-19 13:33:56,2026-03-19 13:34:56
2,Blocked,2026-03-19 13:34:56,2026-03-19 13:34:57
1,Blocked,2026-03-19 13:34:54,2026-03-19 13:34:57
13,Running,2026-03-19 13:33:31,2026-03-19 13:35:26
13,Starved,2026-03-19 13:35:26,2026-03-19 13:35:29
3,Running,2026-03-19 13:33:56,2026-03-19 13:35:52
2,Running,2026-03-19 13:34:57,2026-03-19 13:35:53
1,Running,2026-03-19 13:34:57,2026-03-19 13:35:54
3,Blocked,2026-03-19 13:35:52,2026-03-19 13:36:15
2,Blocked,2026-03-19 13:35:53,2026-03-19 13:36:15
1,Blocked,2026-03-19 13:35:54,2026-03-19 13:36:15
3,Running,2026-03-19 13:36:15,2026-03-19 13:37:12
12,Running,2026-03-19 13:30:24,2026-03-19 13:37:15
12,Starved,2026-03-19 13:37:15,2026-03-19 13:37:18
3,Blocked,2026-03-19 13:37:12,2026-03-19 13:37:20
1,Running,2026-03-19 13:36:15,2026-03-19 13:37:21
1,Blocked,2026-03-19 13:37:21,2026-03-19 13:37:24
2,Running,2026-03-19 13:36:15,2026-03-19 13:38:15
3,Running,2026-03-19 13:37:20,2026-03-19 13:38:17
12,Running,2026-03-19 13:37:18,2026-03-19 13:38:17
1,Running,2026-03-19 13:37:24,2026-03-19 13:38:19
12,Starved,2026-03-19 13:38:17,2026-03-19 13:38:21
3,Blocked,2026-03-19 13:38:17,2026-03-19 13:38:34
3,Down,2026-03-19 13:38:34,2026-03-19 13:40:54
2,Blocked,2026-03-19 13:38:15,2026-03-19 13:40:54
1,Blocked,2026-03-19 13:38:19,2026-03-19 13:40:54
13,Running,2026-03-19 13:35:29,2026-03-19 13:41:26
13,Starved,2026-03-19 13:41:26,2026-03-19 13:41:31
1,Running,2026-03-19 13:40:54,2026-03-19 13:41:52
2,Running,2026-03-19 13:40:54,2026-03-19 13:41:53
2,Blocked,2026-03-19 13:41:53,2026-03-19 13:42:03
1,Blocked,2026-03-19 13:41:52,2026-03-19 13:42:03
13,Running,2026-03-19 13:41:31,2026-03-19 13:42:24
12,Running,2026-03-19 13:38:21,2026-03-19 13:42:32
13,Starved,2026-03-19 13:42:24,2026-03-19 13:42:32
12,Starved,2026-03-19 13:42:32,2026-03-19 13:42:35
1,Running,2026-03-19 13:42:03,2026-03-19 13:42:57
1,Blocked,2026-03-19 13:42:57,2026-03-19 13:43:13
13,Running,2026-03-19 13:42:32,2026-03-19 13:43:24
13,Starved,2026-03-19 13:43:24,2026-03-19 13:43:36
13,Running,2026-03-19 13:43:36,2026-03-19 13:44:36
13,Starved,2026-03-19 13:44:36,2026-03-19 13:44:39
13,Running,2026-03-19 13:44:39,2026-03-19 13:45:41
12,Running,2026-03-19 13:42:35,2026-03-19 13:45:43
13,Starved,2026-03-19 13:45:41,2026-03-19 13:45:43
12,Starved,2026-03-19 13:45:43,2026-03-19 13:45:44
10,Running,2026-03-19 13:31:17,2026-03-19 13:46:46
9,Running,2026-03-19 13:13:00,2026-03-19 13:46:47
13,Running,2026-03-19 13:45:43,2026-03-19 13:46:48
10,Blocked,2026-03-19 13:46:46,2026-03-19 13:46:50
13,Starved,2026-03-19 13:46:48,2026-03-19 13:46:52
2,Running,2026-03-19 13:42:03,2026-03-19 13:46:58
2,Blocked,2026-03-19 13:46:58,2026-03-19 13:47:02
8,Running,2026-03-19 13:26:41,2026-03-19 13:47:53
10,Running,2026-03-19 13:46:50,2026-03-19 13:48:43
13,Running,2026-03-19 13:46:52,2026-03-19 13:48:48
10,Blocked,2026-03-19 13:48:43,2026-03-19 13:48:52
13,Starved,2026-03-19 13:48:48,2026-03-19 13:49:02
9,Down,2026-03-19 13:46:47,2026-03-19 13:49:03
8,Blocked,2026-03-19 13:47:53,2026-03-19 13:49:03
8,Running,2026-03-19 13:49:03,2026-03-19 13:50:00
8,Blocked,2026-03-19 13:50:00,2026-03-19 13:50:06
10,Running,2026-03-19 13:48:52,2026-03-19 13:50:50
12,Running,2026-03-19 13:45:44,2026-03-19 13:50:55
12,Starved,2026-03-19 13:50:55,2026-03-19 13:51:04
10,Blocked,2026-03-19 13:50:50,2026-03-19 13:51:04
8,Running,2026-03-19 13:50:06,2026-03-19 13:51:08
8,Blocked,2026-03-19 13:51:08,2026-03-19 13:51:11
4,Running,2026-03-19 13:05:04,2026-03-19 13:51:48
3,Running,2026-03-19 13:40:54,2026-03-19 13:52:50
8,Running,2026-03-19 13:51:11,2026-03-19 13:53:13
2,Running,2026-03-19 13:47:02,2026-03-19 13:53:17
1,Running,2026-03-19 13:43:13,2026-03-19 13:53:20
8,Blocked,2026-03-19 13:53:13,2026-03-19 13:53:25
12,Running,2026-03-19 13:51:04,2026-03-19 13:53:51
12,Starved,2026-03-19 13:53:51,2026-03-19 13:54:07
12,Running,2026-03-19 13:54:07,2026-03-19 13:55:00
12,Starved,2026-03-19 13:55:00,2026-03-19 13:55:00
12,Running,2026-03-19 13:55:00,2026-03-19 13:55:56
12,Starved,2026-03-19 13:55:56,2026-03-19 13:56:08
9,Running,2026-03-19 13:49:03,2026-03-19 13:56:13
4,Down,2026-03-19 13:51:48,2026-03-19 13:56:40
3,Blocked,2026-03-19 13:52:50,2026-03-19 13:56:40
2,Blocked,2026-03-19 13:53:17,2026-03-19 13:56:40
1,Blocked,2026-03-19 13:53:20,2026-03-19 13:56:40
8,Running,2026-03-19 13:53:25,2026-03-19 13:56:44
12,Running,2026-03-19 13:56:08,2026-03-19 13:57:01
12,Starved,2026-03-19 13:57:01,2026-03-19 13:57:10
1,Running,2026-03-19 13:56:40,2026-03-19 13:57:37
2,Running,2026-03-19 13:56:40,2026-03-19 13:57:37
2,Blocked,2026-03-19 13:57:37,2026-03-19 13:57:42
1,Blocked,2026-03-19 13:57:37,2026-03-19 13:57:42
7,Running,2026-03-19 13:23:43,2026-03-19 13:58:03
12,Running,2026-03-19 13:57:10,2026-03-19 13:58:08
12,Starved,2026-03-19 13:58:08,2026-03-19 13:58:10
10,Running,2026-03-19 13:51:04,2026-03-19 13:58:17
2,Running,2026-03-19 13:57:42,2026-03-19 13:58:43
2,Blocked,2026-03-19 13:58:43,2026-03-19 13:58:45
1,Running,2026-03-19 13:57:42,2026-03-19 13:59:41
2,Running,2026-03-19 13:58:45,2026-03-19 13:59:47
2,Blocked,2026-03-19 13:59:47,2026-03-19 13:59:51
1,Blocked,2026-03-19 13:59:41,2026-03-19 13:59:51
1,Running,2026-03-19 13:59:51,2026-03-19 14:00:53
1,Blocked,2026-03-19 14:00:53,2026-03-19 14:01:00
2,Running,2026-03-19 13:59:51,2026-03-19 14:01:51
2,Blocked,2026-03-19 14:01:51,2026-03-19 14:01:58
1,Running,2026-03-19 14:01:00,2026-03-19 14:02:52
1,Blocked,2026-03-19 14:02:52,2026-03-19 14:03:06
1,Running,2026-03-19 14:03:06,2026-03-19 14:04:05
1,Blocked,2026-03-19 14:04:05,2026-03-19 14:04:10
9,Down,2026-03-19 13:56:13,2026-03-19 14:04:39
8,Blocked,2026-03-19 13:56:44,2026-03-19 14:04:39
7,Blocked,2026-03-19 13:58:03,2026-03-19 14:04:39
1,Running,2026-03-19 14:04:10,2026-03-19 14:05:10
1,Blocked,2026-03-19 14:05:10,2026-03-19 14:05:12
6,Running,2026-03-19 13:27:50,2026-03-19 14:05:24
8,Running,2026-03-19 14:04:39,2026-03-19 14:05:39
10,Starved,2026-03-19 13:58:17,2026-03-19 14:05:40
8,Blocked,2026-03-19 14:05:39,2026-03-19 14:05:40
1,Running,2026-03-19 14:05:12,2026-03-19 14:06:05
1,Blocked,2026-03-19 14:06:05,2026-03-19 14:06:14
8,Running,2026-03-19 14:05:40,2026-03-19 14:06:30
10,Running,2026-03-19 14:05:40,2026-03-19 14:06:35
10,Starved,2026-03-19 14:06:35,2026-03-19 14:07:08
8,Blocked,2026-03-19 14:06:30,2026-03-19 14:07:08
10,Running,2026-03-19 14:07:08,2026-03-19 14:07:57
8,Running,2026-03-19 14:07:08,2026-03-19 14:08:08
1,Running,2026-03-19 14:06:14,2026-03-19 14:08:17
1,Blocked,2026-03-19 14:08:17,2026-03-19 14:08:22
10,Starved,2026-03-19 14:07:57,2026-03-19 14:08:23
8,Blocked,2026-03-19 14:08:08,2026-03-19 14:08:23
7,Down,2026-03-19 14:04:39,2026-03-19 14:09:05
10,Running,2026-03-19 14:08:23,2026-03-19 14:09:11
8,Running,2026-03-19 14:08:23,2026-03-19 14:09:16
10,Starved,2026-03-19 14:09:11,2026-03-19 14:09:54
8,Blocked,2026-03-19 14:09:16,2026-03-19 14:09:54
11,Running,2026-03-19 13:28:10,2026-03-19 14:10:47
8,Running,2026-03-19 14:09:54,2026-03-19 14:10:51
8,Blocked,2026-03-19 14:10:51,2026-03-19 14:10:53
11,Starved,2026-03-19 14:10:47,2026-03-19 14:10:59
8,Running,2026-03-19 14:10:53,2026-03-19 14:11:56
10,Running,2026-03-19 14:09:54,2026-03-19 14:12:03
2,Running,2026-03-19 14:01:58,2026-03-19 14:12:08
2,Blocked,2026-03-19 14:12:08,2026-03-19 14:12:08
10,Starved,2026-03-19 14:12:03,2026-03-19 14:12:08
8,Blocked,2026-03-19 14:11:56,2026-03-19 14:12:08
5,Running,2026-03-19 13:18:26,2026-03-19 14:12:54
11,Running,2026-03-19 14:10:59,2026-03-19 14:13:02
8,Running,2026-03-19 14:12:08,2026-03-19 14:13:05
10,Running,2026-03-19 14:12:08,2026-03-19 14:13:11
5,Starved,2026-03-19 14:12:54,2026-03-19 14:13:12
2,Running,2026-03-19 14:12:08,2026-03-19 14:13:12
2,Blocked,2026-03-19 14:13:12,2026-03-19 14:13:17
10,Starved,2026-03-19 14:13:11,2026-03-19 14:13:31
8,Blocked,2026-03-19 14:13:05,2026-03-19 14:13:31
6,Down,2026-03-19 14:05:24,2026-03-19 14:13:45
12,Running,2026-03-19 13:58:10,2026-03-19 14:13:54
5,Running,2026-03-19 14:13:12,2026-03-19 14:14:09
2,Running,2026-03-19 14:13:17,2026-03-19 14:14:13
3,Running,2026-03-19 13:56:40,2026-03-19 14:14:13
8,Running,2026-03-19 14:13:31,2026-03-19 14:14:27
1,Running,2026-03-19 14:08:22,2026-03-19 14:14:27
10,Running,2026-03-19 14:13:31,2026-03-19 14:14:29
10,Starved,2026-03-19 14:14:29,2026-03-19 14:14:32
8,Blocked,2026-03-19 14:14:27,2026-03-19 14:14:32
5,Starved,2026-03-19 14:14:09,2026-03-19 14:14:43
3,Blocked,2026-03-19 14:14:13,2026-03-19 14:14:43
2,Blocked,2026-03-19 14:14:13,2026-03-19 14:14:43
1,Blocked,2026-03-19 14:14:27,2026-03-19 14:14:43
5,Running,2026-03-19 14:14:43,2026-03-19 14:15:37
1,Running,2026-03-19 14:14:43,2026-03-19 14:15:37
13,Running,2026-03-19 13:49:02,2026-03-19 14:15:42
3,Running,2026-03-19 14:14:43,2026-03-19 14:15:43
2,Running,2026-03-19 14:14:43,2026-03-19 14:15:55
5,Starved,2026-03-19 14:15:37,2026-03-19 14:15:56
3,Blocked,2026-03-19 14:15:43,2026-03-19 14:15:56
2,Blocked,2026-03-19 14:15:55,2026-03-19 14:15:56
1,Blocked,2026-03-19 14:15:37,2026-03-19 14:15:56
8,Running,2026-03-19 14:14:32,2026-03-19 14:16:24
10,Running,2026-03-19 14:14:32,2026-03-19 14:16:35
10,Starved,2026-03-19 14:16:35,2026-03-19 14:16:42
8,Blocked,2026-03-19 14:16:24,2026-03-19 14:16:42
1,Running,2026-03-19 14:15:56,2026-03-19 14:16:47
3,Running,2026-03-19 14:15:56,2026-03-19 14:16:57
2,Running,2026-03-19 14:15:56,2026-03-19 14:16:59
3,Blocked,2026-03-19 14:16:57,2026-03-19 14:17:02
2,Blocked,2026-03-19 14:16:59,2026-03-19 14:17:02
1,Blocked,2026-03-19 14:16:47,2026-03-19 14:17:02
8,Running,2026-03-19 14:16:42,2026-03-19 14:17:40
10,Running,2026-03-19 14:16:42,2026-03-19 14:17:41
10,Starved,2026-03-19 14:17:41,2026-03-19 14:17:42
8,Blocked,2026-03-19 14:17:40,2026-03-19 14:17:42
1,Running,2026-03-19 14:17:02,2026-03-19 14:17:59
3,Running,2026-03-19 14:17:02,2026-03-19 14:18:01
2,Running,2026-03-19 14:17:02,2026-03-19 14:18:09
5,Running,2026-03-19 14:15:56,2026-03-19 14:18:10
5,Starved,2026-03-19 14:18:10,2026-03-19 14:18:12
3,Blocked,2026-03-19 14:18:01,2026-03-19 14:18:12
2,Blocked,2026-03-19 14:18:09,2026-03-19 14:18:12
1,Blocked,2026-03-19 14:17:59,2026-03-19 14:18:12
10,Running,2026-03-19 14:17:42,2026-03-19 14:18:36
8,Running,2026-03-19 14:17:42,2026-03-19 14:18:44
10,Starved,2026-03-19 14:18:36,2026-03-19 14:18:51
8,Blocked,2026-03-19 14:18:44,2026-03-19 14:18:51
2,Running,2026-03-19 14:18:12,2026-03-19 14:19:08
3,Running,2026-03-19 14:18:12,2026-03-19 14:19:12
5,Running,2026-03-19 14:18:12,2026-03-19 14:19:12
5,Starved,2026-03-19 14:19:12,2026-03-19 14:19:14
3,Blocked,2026-03-19 14:19:12,2026-03-19 14:19:14
2,Blocked,2026-03-19 14:19:08,2026-03-19 14:19:14
11,Down,2026-03-19 14:13:02,2026-03-19 14:19:28
8,Running,2026-03-19 14:18:51,2026-03-19 14:19:45
10,Running,2026-03-19 14:18:51,2026-03-19 14:19:47
10,Starved,2026-03-19 14:19:47,2026-03-19 14:19:56
8,Blocked,2026-03-19 14:19:45,2026-03-19 14:19:56
5,Running,2026-03-19 14:19:14,2026-03-19 14:20:06
2,Running,2026-03-19 14:19:14,2026-03-19 14:20:11
1,Running,2026-03-19 14:18:12,2026-03-19 14:20:11
3,Running,2026-03-19 14:19:14,2026-03-19 14:20:15
12,Starved,2026-03-19 14:13:54,2026-03-19 14:20:19
5,Starved,2026-03-19 14:20:06,2026-03-19 14:20:20
3,Blocked,2026-03-19 14:20:15,2026-03-19 14:20:20
2,Blocked,2026-03-19 14:20:11,2026-03-19 14:20:20
1,Blocked,2026-03-19 14:20:11,2026-03-19 14:20:20
8,Running,2026-03-19 14:19:56,2026-03-19 14:20:51
10,Running,2026-03-19 14:19:56,2026-03-19 14:20:56
10,Starved,2026-03-19 14:20:56,2026-03-19 14:20:56
8,Blocked,2026-03-19 14:20:51,2026-03-19 14:20:56
2,Running,2026-03-19 14:20:20,2026-03-19 14:21:15
3,Running,2026-03-19 14:20:20,2026-03-19 14:21:18
1,Running,2026-03-19 14:20:20,2026-03-19 14:21:19
5,Running,2026-03-19 14:20:20,2026-03-19 14:21:20
5,Starved,2026-03-19 14:21:20,2026-03-19 14:21:23
3,Blocked,2026-03-19 14:21:18,2026-03-19 14:21:23
2,Blocked,2026-03-19 14:21:15,2026-03-19 14:21:23
1,Blocked,2026-03-19 14:21:19,2026-03-19 14:21:23
13,Starved,2026-03-19 14:15:42,2026-03-19 14:21:24
8,Running,2026-03-19 14:20:56,2026-03-19 14:21:48
10,Running,2026-03-19 14:20:56,2026-03-19 14:21:53
10,Starved,2026-03-19 14:21:53,2026-03-19 14:22:07
8,Blocked,2026-03-19 14:21:48,2026-03-19 14:22:07
2,Running,2026-03-19 14:21:23,2026-03-19 14:22:16
5,Running,2026-03-19 14:21:23,2026-03-19 14:22:17
3,Running,2026-03-19 14:21:23,2026-03-19 14:22:19
13,Running,2026-03-19 14:21:24,2026-03-19 14:22:20
13,Starved,2026-03-19 14:22:20,2026-03-19 14:22:24
5,Starved,2026-03-19 14:22:17,2026-03-19 14:22:27
3,Blocked,2026-03-19 14:22:19,2026-03-19 14:22:27
2,Blocked,2026-03-19 14:22:16,2026-03-19 14:22:27
13,Running,2026-03-19 14:22:24,2026-03-19 14:23:18
3,Running,2026-03-19 14:22:27,2026-03-19 14:23:21
3,Blocked,2026-03-19 14:23:21,2026-03-19 14:23:23
13,Starved,2026-03-19 14:23:18,2026-03-19 14:23:25
3,Down,2026-03-19 14:23:23,2026-03-19 14:23:28
1,Running,2026-03-19 14:21:23,2026-03-19 14:23:34
1,Blocked,2026-03-19 14:23:34,2026-03-19 14:23:35
3,Running,2026-03-19 14:23:28,2026-03-19 14:24:30
3,Blocked,2026-03-19 14:24:30,2026-03-19 14:24:32
8,Running,2026-03-19 14:22:07,2026-03-19 14:25:06
8,Blocked,2026-03-19 14:25:06,2026-03-19 14:25:12
13,Running,2026-03-19 14:23:25,2026-03-19 14:25:25
12,Running,2026-03-19 14:20:19,2026-03-19 14:25:31
13,Starved,2026-03-19 14:25:25,2026-03-19 14:25:31
2,Running,2026-03-19 14:22:27,2026-03-19 14:25:34
2,Blocked,2026-03-19 14:25:34,2026-03-19 14:25:36
5,Running,2026-03-19 14:22:27,2026-03-19 14:26:24
5,Starved,2026-03-19 14:26:24,2026-03-19 14:26:28
13,Running,2026-03-19 14:25:31,2026-03-19 14:26:31
2,Running,2026-03-19 14:25:36,2026-03-19 14:26:38
2,Blocked,2026-03-19 14:26:38,2026-03-19 14:26:38
8,Running,2026-03-19 14:25:12,2026-03-19 14:27:01
8,Blocked,2026-03-19 14:27:01,2026-03-19 14:27:10
10,Running,2026-03-19 14:22:07,2026-03-19 14:27:16
5,Running,2026-03-19 14:26:28,2026-03-19 14:27:36
3,Running,2026-03-19 14:24:32,2026-03-19 14:27:43
1,Running,2026-03-19 14:23:35,2026-03-19 14:27:43
2,Running,2026-03-19 14:26:38,2026-03-19 14:27:45
5,Starved,2026-03-19 14:27:36,2026-03-19 14:27:51
3,Blocked,2026-03-19 14:27:43,2026-03-19 14:27:51
2,Blocked,2026-03-19 14:27:45,2026-03-19 14:27:51
1,Blocked,2026-03-19 14:27:43,2026-03-19 14:27:51
8,Running,2026-03-19 14:27:10,2026-03-19 14:28:08
8,Blocked,2026-03-19 14:28:08,2026-03-19 14:28:34
5,Running,2026-03-19 14:27:51,2026-03-19 14:28:44
2,Running,2026-03-19 14:27:51,2026-03-19 14:28:47
1,Running,2026-03-19 14:27:51,2026-03-19 14:28:52
3,Running,2026-03-19 14:27:51,2026-03-19 14:29:01
5,Starved,2026-03-19 14:28:44,2026-03-19 14:29:08
3,Blocked,2026-03-19 14:29:01,2026-03-19 14:29:08
2,Blocked,2026-03-19 14:28:47,2026-03-19 14:29:08
1,Blocked,2026-03-19 14:28:52,2026-03-19 14:29:08
8,Running,2026-03-19 14:28:34,2026-03-19 14:29:29
8,Blocked,2026-03-19 14:29:29,2026-03-19 14:29:37
1,Running,2026-03-19 14:29:08,2026-03-19 14:29:56
3,Running,2026-03-19 14:29:08,2026-03-19 14:30:05
5,Running,2026-03-19 14:29:08,2026-03-19 14:30:10
5,Starved,2026-03-19 14:30:10,2026-03-19 14:30:11
3,Blocked,2026-03-19 14:30:05,2026-03-19 14:30:11
1,Blocked,2026-03-19 14:29:56,2026-03-19 14:30:14
8,Running,2026-03-19 14:29:37,2026-03-19 14:30:41
8,Blocked,2026-03-19 14:30:41,2026-03-19 14:30:43
1,Running,2026-03-19 14:30:14,2026-03-19 14:31:06
3,Running,2026-03-19 14:30:11,2026-03-19 14:31:11
3,Blocked,2026-03-19 14:31:11,2026-03-19 14:31:13
1,Blocked,2026-03-19 14:31:06,2026-03-19 14:31:16
8,Running,2026-03-19 14:30:43,2026-03-19 14:31:38
8,Blocked,2026-03-19 14:31:38,2026-03-19 14:31:42
1,Running,2026-03-19 14:31:16,2026-03-19 14:32:11
2,Running,2026-03-19 14:29:08,2026-03-19 14:32:16
3,Running,2026-03-19 14:31:13,2026-03-19 14:32:16
5,Running,2026-03-19 14:30:11,2026-03-19 14:32:24
5,Starved,2026-03-19 14:32:24,2026-03-19 14:32:28
3,Blocked,2026-03-19 14:32:16,2026-03-19 14:32:28
2,Blocked,2026-03-19 14:32:16,2026-03-19 14:32:28
1,Blocked,2026-03-19 14:32:11,2026-03-19 14:32:28
11,Running,2026-03-19 14:19:28,2026-03-19 14:33:17
2,Running,2026-03-19 14:32:28,2026-03-19 14:33:21
1,Running,2026-03-19 14:32:28,2026-03-19 14:33:22
5,Running,2026-03-19 14:32:28,2026-03-19 14:33:23
3,Running,2026-03-19 14:32:28,2026-03-19 14:33:35
8,Running,2026-03-19 14:31:42,2026-03-19 14:33:36
12,Down,2026-03-19 14:25:31,2026-03-19 14:33:41
8,Blocked,2026-03-19 14:33:36,2026-03-19 14:33:41
5,Starved,2026-03-19 14:33:23,2026-03-19 14:34:01
3,Blocked,2026-03-19 14:33:35,2026-03-19 14:34:01
2,Blocked,2026-03-19 14:33:21,2026-03-19 14:34:01
1,Blocked,2026-03-19 14:33:22,2026-03-19 14:34:01
13,Starved,2026-03-19 14:26:31,2026-03-19 14:34:39
3,Running,2026-03-19 14:34:01,2026-03-19 14:34:51
2,Running,2026-03-19 14:34:01,2026-03-19 14:34:53
5,Running,2026-03-19 14:34:01,2026-03-19 14:34:57
1,Running,2026-03-19 14:34:01,2026-03-19 14:35:00
5,Starved,2026-03-19 14:34:57,2026-03-19 14:35:11
3,Blocked,2026-03-19 14:34:51,2026-03-19 14:35:11
2,Blocked,2026-03-19 14:34:53,2026-03-19 14:35:11
1,Blocked,2026-03-19 14:35:00,2026-03-19 14:35:11
8,Running,2026-03-19 14:33:41,2026-03-19 14:35:47
9,Running,2026-03-19 14:04:39,2026-03-19 14:35:51
5,Running,2026-03-19 14:35:11,2026-03-19 14:36:04
3,Running,2026-03-19 14:35:11,2026-03-19 14:36:07
2,Running,2026-03-19 14:35:11,2026-03-19 14:36:09
1,Running,2026-03-19 14:35:11,2026-03-19 14:36:15
5,Starved,2026-03-19 14:36:04,2026-03-19 14:36:22
3,Blocked,2026-03-19 14:36:07,2026-03-19 14:36:22
2,Blocked,2026-03-19 14:36:09,2026-03-19 14:36:22
1,Blocked,2026-03-19 14:36:15,2026-03-19 14:36:22
13,Running,2026-03-19 14:34:39,2026-03-19 14:36:31
13,Starved,2026-03-19 14:36:31,2026-03-19 14:36:40
5,Running,2026-03-19 14:36:22,2026-03-19 14:37:15
1,Running,2026-03-19 14:36:22,2026-03-19 14:37:21
5,Starved,2026-03-19 14:37:15,2026-03-19 14:37:22
2,Running,2026-03-19 14:36:22,2026-03-19 14:37:23
2,Blocked,2026-03-19 14:37:23,2026-03-19 14:37:23
1,Blocked,2026-03-19 14:37:21,2026-03-19 14:37:23
1,Running,2026-03-19 14:37:23,2026-03-19 14:38:23
5,Running,2026-03-19 14:37:22,2026-03-19 14:38:23
3,Running,2026-03-19 14:36:22,2026-03-19 14:38:25
5,Starved,2026-03-19 14:38:23,2026-03-19 14:38:27
3,Blocked,2026-03-19 14:38:25,2026-03-19 14:38:27
1,Blocked,2026-03-19 14:38:23,2026-03-19 14:38:29
1,Running,2026-03-19 14:38:29,2026-03-19 14:39:21
3,Running,2026-03-19 14:38:27,2026-03-19 14:39:22
5,Running,2026-03-19 14:38:27,2026-03-19 14:39:28
2,Running,2026-03-19 14:37:23,2026-03-19 14:39:28
5,Starved,2026-03-19 14:39:28,2026-03-19 14:39:48
3,Blocked,2026-03-19 14:39:22,2026-03-19 14:39:48
2,Blocked,2026-03-19 14:39:28,2026-03-19 14:39:48
1,Blocked,2026-03-19 14:39:21,2026-03-19 14:39:48
7,Running,2026-03-19 14:09:05,2026-03-19 14:39:51
2,Running,2026-03-19 14:39:48,2026-03-19 14:40:42
1,Running,2026-03-19 14:39:48,2026-03-19 14:40:46
3,Running,2026-03-19 14:39:48,2026-03-19 14:40:49
5,Running,2026-03-19 14:39:48,2026-03-19 14:40:49
5,Starved,2026-03-19 14:40:49,2026-03-19 14:41:29
3,Blocked,2026-03-19 14:40:49,2026-03-19 14:41:29
2,Blocked,2026-03-19 14:40:42,2026-03-19 14:41:29
1,Blocked,2026-03-19 14:40:46,2026-03-19 14:41:29
10,Down,2026-03-19 14:27:16,2026-03-19 14:41:53
9,Blocked,2026-03-19 14:35:51,2026-03-19 14:41:53
8,Blocked,2026-03-19 14:35:47,2026-03-19 14:41:53
7,Blocked,2026-03-19 14:39:51,2026-03-19 14:41:53
3,Running,2026-03-19 14:41:29,2026-03-19 14:42:19
12,Running,2026-03-19 14:33:41,2026-03-19 14:42:25
5,Running,2026-03-19 14:41:29,2026-03-19 14:42:28
2,Running,2026-03-19 14:41:29,2026-03-19 14:42:30
5,Starved,2026-03-19 14:42:28,2026-03-19 14:42:32
3,Blocked,2026-03-19 14:42:19,2026-03-19 14:42:32
2,Blocked,2026-03-19 14:42:30,2026-03-19 14:42:32
8,Running,2026-03-19 14:41:53,2026-03-19 14:42:46
9,Running,2026-03-19 14:41:53,2026-03-19 14:42:56
7,Running,2026-03-19 14:41:53,2026-03-19 14:42:59
11,Starved,2026-03-19 14:33:17,2026-03-19 14:43:01
9,Blocked,2026-03-19 14:42:56,2026-03-19 14:43:01
8,Blocked,2026-03-19 14:42:46,2026-03-19 14:43:01
7,Blocked,2026-03-19 14:42:59,2026-03-19 14:43:01
2,Running,2026-03-19 14:42:32,2026-03-19 14:43:25
5,Running,2026-03-19 14:42:32,2026-03-19 14:43:31
5,Starved,2026-03-19 14:43:31,2026-03-19 14:43:33
2,Blocked,2026-03-19 14:43:25,2026-03-19 14:43:36
7,Running,2026-03-19 14:43:01,2026-03-19 14:43:54
8,Running,2026-03-19 14:43:01,2026-03-19 14:43:58
13,Running,2026-03-19 14:36:40,2026-03-19 14:44:01
12,Starved,2026-03-19 14:42:25,2026-03-19 14:44:02
8,Blocked,2026-03-19 14:43:58,2026-03-19 14:44:19
7,Blocked,2026-03-19 14:43:54,2026-03-19 14:44:19
5,Running,2026-03-19 14:43:33,2026-03-19 14:44:29
5,Starved,2026-03-19 14:44:29,2026-03-19 14:44:30
11,Running,2026-03-19 14:43:01,2026-03-19 14:44:57
11,Starved,2026-03-19 14:44:57,2026-03-19 14:44:57
13,Starved,2026-03-19 14:44:01,2026-03-19 14:44:59
7,Running,2026-03-19 14:44:19,2026-03-19 14:45:16
7,Blocked,2026-03-19 14:45:16,2026-03-19 14:45:20
5,Running,2026-03-19 14:44:30,2026-03-19 14:45:28
5,Starved,2026-03-19 14:45:28,2026-03-19 14:45:31
13,Running,2026-03-19 14:44:59,2026-03-19 14:45:55
13,Starved,2026-03-19 14:45:55,2026-03-19 14:46:06
7,Running,2026-03-19 14:45:20,2026-03-19 14:46:22
7,Blocked,2026-03-19 14:46:22,2026-03-19 14:46:24
5,Running,2026-03-19 14:45:31,2026-03-19 14:46:28
2,Running,2026-03-19 14:43:36,2026-03-19 14:46:34
4,Running,2026-03-19 13:56:40,2026-03-19 14:46:35
5,Starved,2026-03-19 14:46:28,2026-03-19 14:46:35
1,Running,2026-03-19 14:41:29,2026-03-19 14:46:38
3,Running,2026-03-19 14:42:32,2026-03-19 14:46:39
13,Running,2026-03-19 14:46:06,2026-03-19 14:47:00
13,Starved,2026-03-19 14:47:00,2026-03-19 14:47:05
5,Running,2026-03-19 14:46:35,2026-03-19 14:47:41
11,Running,2026-03-19 14:44:57,2026-03-19 14:47:57
11,Starved,2026-03-19 14:47:57,2026-03-19 14:48:01
13,Running,2026-03-19 14:47:05,2026-03-19 14:48:06
11,Running,2026-03-19 14:48:01,2026-03-19 14:48:57
11,Starved,2026-03-19 14:48:57,2026-03-19 14:48:57
13,Down,2026-03-19 14:48:06,2026-03-19 14:49:02
4,Down,2026-03-19 14:46:35,2026-03-19 14:49:03
3,Blocked,2026-03-19 14:46:39,2026-03-19 14:49:03
2,Blocked,2026-03-19 14:46:34,2026-03-19 14:49:03
1,Blocked,2026-03-19 14:46:38,2026-03-19 14:49:03
1,Running,2026-03-19 14:49:03,2026-03-19 14:49:55
3,Running,2026-03-19 14:49:03,2026-03-19 14:50:03
4,Running,2026-03-19 14:49:03,2026-03-19 14:50:08
5,Starved,2026-03-19 14:47:41,2026-03-19 14:50:08
2,Running,2026-03-19 14:49:03,2026-03-19 14:50:08
7,Running,2026-03-19 14:46:24,2026-03-19 14:50:34
7,Blocked,2026-03-19 14:50:34,2026-03-19 14:50:42
12,Running,2026-03-19 14:44:02,2026-03-19 14:50:54
5,Running,2026-03-19 14:50:08,2026-03-19 14:50:59
12,Starved,2026-03-19 14:50:54,2026-03-19 14:51:09
12,Running,2026-03-19 14:51:09,2026-03-19 14:52:03
12,Starved,2026-03-19 14:52:03,2026-03-19 14:52:04
7,Running,2026-03-19 14:50:42,2026-03-19 14:52:42
7,Blocked,2026-03-19 14:52:42,2026-03-19 14:52:52
12,Running,2026-03-19 14:52:04,2026-03-19 14:53:10
12,Starved,2026-03-19 14:53:10,2026-03-19 14:53:11
6,Running,2026-03-19 14:13:45,2026-03-19 14:53:17
12,Running,2026-03-19 14:53:11,2026-03-19 14:55:13
12,Starved,2026-03-19 14:55:13,2026-03-19 14:55:20
12,Running,2026-03-19 14:55:20,2026-03-19 14:56:21
12,Starved,2026-03-19 14:56:21,2026-03-19 14:56:23
4,Down,2026-03-19 14:50:08,2026-03-19 14:56:51
3,Blocked,2026-03-19 14:50:03,2026-03-19 14:56:51
2,Blocked,2026-03-19 14:50:08,2026-03-19 14:56:51
1,Blocked,2026-03-19 14:49:55,2026-03-19 14:56:51
2,Running,2026-03-19 14:56:51,2026-03-19 14:57:48
3,Running,2026-03-19 14:56:51,2026-03-19 14:57:52
1,Running,2026-03-19 14:56:51,2026-03-19 14:58:04
5,Starved,2026-03-19 14:50:59,2026-03-19 14:58:11
3,Blocked,2026-03-19 14:57:52,2026-03-19 14:58:11
2,Blocked,2026-03-19 14:57:48,2026-03-19 14:58:11
1,Blocked,2026-03-19 14:58:04,2026-03-19 14:58:11
5,Running,2026-03-19 14:58:11,2026-03-19 14:59:05
6,Starved,2026-03-19 14:53:17,2026-03-19 14:59:05
1,Running,2026-03-19 14:58:11,2026-03-19 14:59:06
3,Running,2026-03-19 14:58:11,2026-03-19 14:59:08
2,Running,2026-03-19 14:58:11,2026-03-19 14:59:18
3,Blocked,2026-03-19 14:59:08,2026-03-19 14:59:35
2,Blocked,2026-03-19 14:59:18,2026-03-19 14:59:35
1,Blocked,2026-03-19 14:59:06,2026-03-19 14:59:35
6,Running,2026-03-19 14:59:05,2026-03-19 15:00:07
3,Running,2026-03-19 14:59:35,2026-03-19 15:00:29
3,Blocked,2026-03-19 15:00:29,2026-03-19 15:00:33
1,Running,2026-03-19 14:59:35,2026-03-19 15:00:35
1,Blocked,2026-03-19 15:00:35,2026-03-19 15:00:35
3,Running,2026-03-19 15:00:33,2026-03-19 15:02:30
2,Running,2026-03-19 14:59:35,2026-03-19 15:02:33
5,Down,2026-03-19 14:59:05,2026-03-19 15:02:38
3,Blocked,2026-03-19 15:02:30,2026-03-19 15:02:41
2,Blocked,2026-03-19 15:02:33,2026-03-19 15:02:41
6,Starved,2026-03-19 15:00:07,2026-03-19 15:03:37
2,Running,2026-03-19 15:02:41,2026-03-19 15:03:43
2,Blocked,2026-03-19 15:03:43,2026-03-19 15:03:48
11,Running,2026-03-19 14:48:57,2026-03-19 15:04:23
11,Starved,2026-03-19 15:04:23,2026-03-19 15:04:24
6,Running,2026-03-19 15:03:37,2026-03-19 15:04:38
6,Starved,2026-03-19 15:04:38,2026-03-19 15:04:43
2,Running,2026-03-19 15:03:48,2026-03-19 15:04:50
2,Blocked,2026-03-19 15:04:50,2026-03-19 15:04:55
12,Running,2026-03-19 14:56:23,2026-03-19 15:05:26
12,Starved,2026-03-19 15:05:26,2026-03-19 15:05:30
6,Running,2026-03-19 15:04:43,2026-03-19 15:05:38
6,Starved,2026-03-19 15:05:38,2026-03-19 15:05:39
2,Running,2026-03-19 15:04:55,2026-03-19 15:05:45
3,Running,2026-03-19 15:02:41,2026-03-19 15:05:55
1,Running,2026-03-19 15:00:35,2026-03-19 15:05:58
3,Blocked,2026-03-19 15:05:55,2026-03-19 15:06:07
2,Blocked,2026-03-19 15:05:45,2026-03-19 15:06:07
1,Blocked,2026-03-19 15:05:58,2026-03-19 15:06:07
8,Running,2026-03-19 14:44:19,2026-03-19 15:06:44
8,Blocked,2026-03-19 15:06:44,2026-03-19 15:06:48
3,Running,2026-03-19 15:06:07,2026-03-19 15:07:05
2,Running,2026-03-19 15:06:07,2026-03-19 15:07:06
1,Running,2026-03-19 15:06:07,2026-03-19 15:07:09
3,Blocked,2026-03-19 15:07:05,2026-03-19 15:07:09
2,Blocked,2026-03-19 15:07:06,2026-03-19 15:07:09
1,Blocked,2026-03-19 15:07:09,2026-03-19 15:07:09
13,Running,2026-03-19 14:49:02,2026-03-19 15:07:37
13,Starved,2026-03-19 15:07:37,2026-03-19 15:07:43
1,Running,2026-03-19 15:07:09,2026-03-19 15:08:07
1,Blocked,2026-03-19 15:08:07,2026-03-19 15:08:13
13,Running,2026-03-19 15:07:43,2026-03-19 15:08:41
13,Starved,2026-03-19 15:08:41,2026-03-19 15:08:42
11,Running,2026-03-19 15:04:24,2026-03-19 15:09:08
2,Running,2026-03-19 15:07:09,2026-03-19 15:09:11
11,Starved,2026-03-19 15:09:08,2026-03-19 15:09:11
3,Running,2026-03-19 15:07:09,2026-03-19 15:09:14
1,Running,2026-03-19 15:08:13,2026-03-19 15:09:15
3,Blocked,2026-03-19 15:09:14,2026-03-19 15:09:21
2,Blocked,2026-03-19 15:09:11,2026-03-19 15:09:21
1,Blocked,2026-03-19 15:09:15,2026-03-19 15:09:21
13,Running,2026-03-19 15:08:42,2026-03-19 15:09:40
13,Starved,2026-03-19 15:09:40,2026-03-19 15:09:42
2,Running,2026-03-19 15:09:21,2026-03-19 15:10:20
1,Running,2026-03-19 15:09:21,2026-03-19 15:10:24
2,Blocked,2026-03-19 15:10:20,2026-03-19 15:10:27
1,Blocked,2026-03-19 15:10:24,2026-03-19 15:10:27
13,Running,2026-03-19 15:09:42,2026-03-19 15:10:35
13,Starved,2026-03-19 15:10:35,2026-03-19 15:10:39
6,Running,2026-03-19 15:05:39,2026-03-19 15:11:14
6,Starved,2026-03-19 15:11:14,2026-03-19 15:11:15
3,Running,2026-03-19 15:09:21,2026-03-19 15:11:22
1,Running,2026-03-19 15:10:27,2026-03-19 15:11:26
2,Running,2026-03-19 15:10:27,2026-03-19 15:11:31
13,Running,2026-03-19 15:10:39,2026-03-19 15:11:39
13,Starved,2026-03-19 15:11:39,2026-03-19 15:11:42
3,Blocked,2026-03-19 15:11:22,2026-03-19 15:11:51
2,Blocked,2026-03-19 15:11:31,2026-03-19 15:11:51
1,Blocked,2026-03-19 15:11:26,2026-03-19 15:11:51
6,Running,2026-03-19 15:11:15,2026-03-19 15:12:19
6,Starved,2026-03-19 15:12:19,2026-03-19 15:12:20
13,Running,2026-03-19 15:11:42,2026-03-19 15:12:35
2,Running,2026-03-19 15:11:51,2026-03-19 15:12:46
13,Starved,2026-03-19 15:12:35,2026-03-19 15:12:48
1,Running,2026-03-19 15:11:51,2026-03-19 15:12:53
3,Running,2026-03-19 15:11:51,2026-03-19 15:12:57
3,Blocked,2026-03-19 15:12:57,2026-03-19 15:13:09
2,Blocked,2026-03-19 15:12:46,2026-03-19 15:13:09
1,Blocked,2026-03-19 15:12:53,2026-03-19 15:13:09
13,Running,2026-03-19 15:12:48,2026-03-19 15:13:46
13,Starved,2026-03-19 15:13:46,2026-03-19 15:13:53
8,Running,2026-03-19 15:06:48,2026-03-19 15:14:03
8,Blocked,2026-03-19 15:14:03,2026-03-19 15:14:05
1,Running,2026-03-19 15:13:09,2026-03-19 15:14:07
2,Running,2026-03-19 15:13:09,2026-03-19 15:14:09
6,Running,2026-03-19 15:12:20,2026-03-19 15:14:12
2,Blocked,2026-03-19 15:14:09,2026-03-19 15:14:15
1,Blocked,2026-03-19 15:14:07,2026-03-19 15:14:15
6,Starved,2026-03-19 15:14:12,2026-03-19 15:14:21
8,Running,2026-03-19 15:14:05,2026-03-19 15:15:05
8,Blocked,2026-03-19 15:15:05,2026-03-19 15:15:08
3,Running,2026-03-19 15:13:09,2026-03-19 15:15:13
3,Blocked,2026-03-19 15:15:13,2026-03-19 15:15:15
1,Running,2026-03-19 15:14:15,2026-03-19 15:15:17
1,Blocked,2026-03-19 15:15:17,2026-03-19 15:15:23
13,Running,2026-03-19 15:13:53,2026-03-19 15:15:57
13,Starved,2026-03-19 15:15:57,2026-03-19 15:15:58
10,Running,2026-03-19 14:41:53,2026-03-19 15:15:58
8,Running,2026-03-19 15:15:08,2026-03-19 15:16:06
8,Blocked,2026-03-19 15:16:06,2026-03-19 15:16:09
1,Running,2026-03-19 15:15:23,2026-03-19 15:16:26
1,Blocked,2026-03-19 15:16:26,2026-03-19 15:16:26
8,Running,2026-03-19 15:16:09,2026-03-19 15:17:14
11,Running,2026-03-19 15:09:11,2026-03-19 15:17:17
9,Running,2026-03-19 14:43:01,2026-03-19 15:17:20
1,Running,2026-03-19 15:16:26,2026-03-19 15:18:26
1,Blocked,2026-03-19 15:18:26,2026-03-19 15:18:26
3,Running,2026-03-19 15:15:15,2026-03-19 15:18:56
12,Running,2026-03-19 15:05:30,2026-03-19 15:18:57
7,Running,2026-03-19 14:52:52,2026-03-19 15:19:11
3,Blocked,2026-03-19 15:18:56,2026-03-19 15:19:17
3,Running,2026-03-19 15:19:17,2026-03-19 15:20:18
3,Blocked,2026-03-19 15:20:18,2026-03-19 15:20:20
13,Running,2026-03-19 15:15:58,2026-03-19 15:20:22
2,Running,2026-03-19 15:14:15,2026-03-19 15:21:26
2,Blocked,2026-03-19 15:21:26,2026-03-19 15:21:28
1,Running,2026-03-19 15:18:26,2026-03-19 15:22:32
2,Running,2026-03-19 15:21:28,2026-03-19 15:22:33
2,Blocked,2026-03-19 15:22:33,2026-03-19 15:22:35
1,Blocked,2026-03-19 15:22:32,2026-03-19 15:22:35
3,Running,2026-03-19 15:20:20,2026-03-19 15:23:33
1,Running,2026-03-19 15:22:35,2026-03-19 15:23:36
4,Running,2026-03-19 14:56:51,2026-03-19 15:23:41
2,Running,2026-03-19 15:22:35,2026-03-19 15:23:41
6,Running,2026-03-19 15:14:21,2026-03-19 15:25:03
5,Running,2026-03-19 15:02:38,2026-03-19 15:25:06
6,Starved,2026-03-19 15:25:03,2026-03-19 15:25:06
6,Running,2026-03-19 15:25:06,2026-03-19 15:26:06
10,Down,2026-03-19 15:15:58,2026-03-19 15:26:14
9,Blocked,2026-03-19 15:17:20,2026-03-19 15:26:14
8,Blocked,2026-03-19 15:17:14,2026-03-19 15:26:14
7,Blocked,2026-03-19 15:19:11,2026-03-19 15:26:14
8,Running,2026-03-19 15:26:14,2026-03-19 15:27:09
11,Starved,2026-03-19 15:17:17,2026-03-19 15:27:10
4,Down,2026-03-19 15:23:41,2026-03-19 15:27:24
3,Blocked,2026-03-19 15:23:33,2026-03-19 15:27:24
2,Blocked,2026-03-19 15:23:41,2026-03-19 15:27:24
1,Blocked,2026-03-19 15:23:36,2026-03-19 15:27:24
7,Running,2026-03-19 15:26:14,2026-03-19 15:27:42
8,Blocked,2026-03-19 15:27:09,2026-03-19 15:27:42
7,Blocked,2026-03-19 15:27:42,2026-03-19 15:27:42
12,Starved,2026-03-19 15:18:57,2026-03-19 15:28:06
2,Running,2026-03-19 15:27:24,2026-03-19 15:28:24
5,Starved,2026-03-19 15:25:06,2026-03-19 15:28:25
2,Blocked,2026-03-19 15:28:24,2026-03-19 15:28:26
7,Running,2026-03-19 15:27:42,2026-03-19 15:28:35
7,Blocked,2026-03-19 15:28:35,2026-03-19 15:28:42
11,Running,2026-03-19 15:27:10,2026-03-19 15:29:05
11,Starved,2026-03-19 15:29:05,2026-03-19 15:29:10
13,Starved,2026-03-19 15:20:22,2026-03-19 15:29:11
1,Running,2026-03-19 15:27:24,2026-03-19 15:29:22
2,Running,2026-03-19 15:28:26,2026-03-19 15:29:24
5,Running,2026-03-19 15:28:25,2026-03-19 15:29:28
6,Starved,2026-03-19 15:26:06,2026-03-19 15:29:28
3,Running,2026-03-19 15:27:24,2026-03-19 15:29:33
5,Starved,2026-03-19 15:29:28,2026-03-19 15:29:42
3,Blocked,2026-03-19 15:29:33,2026-03-19 15:29:42
2,Blocked,2026-03-19 15:29:24,2026-03-19 15:29:42
1,Blocked,2026-03-19 15:29:22,2026-03-19 15:29:42
13,Running,2026-03-19 15:29:11,2026-03-19 15:30:11
11,Running,2026-03-19 15:29:10,2026-03-19 15:30:11
11,Starved,2026-03-19 15:30:11,2026-03-19 15:30:14
13,Starved,2026-03-19 15:30:11,2026-03-19 15:30:17
6,Running,2026-03-19 15:29:28,2026-03-19 15:30:35
1,Running,2026-03-19 15:29:42,2026-03-19 15:30:44
6,Starved,2026-03-19 15:30:35,2026-03-19 15:30:46
1,Blocked,2026-03-19 15:30:44,2026-03-19 15:30:51
13,Running,2026-03-19 15:30:17,2026-03-19 15:31:10
12,Running,2026-03-19 15:28:06,2026-03-19 15:31:12
13,Starved,2026-03-19 15:31:10,2026-03-19 15:31:12
12,Starved,2026-03-19 15:31:12,2026-03-19 15:31:15
3,Running,2026-03-19 15:29:42,2026-03-19 15:31:41
5,Running,2026-03-19 15:29:42,2026-03-19 15:31:44
7,Running,2026-03-19 15:28:42,2026-03-19 15:31:47
2,Running,2026-03-19 15:29:42,2026-03-19 15:31:48
1,Running,2026-03-19 15:30:51,2026-03-19 15:31:49
5,Starved,2026-03-19 15:31:44,2026-03-19 15:31:50
3,Blocked,2026-03-19 15:31:41,2026-03-19 15:31:50
2,Blocked,2026-03-19 15:31:48,2026-03-19 15:31:50
1,Blocked,2026-03-19 15:31:49,2026-03-19 15:31:50
7,Blocked,2026-03-19 15:31:47,2026-03-19 15:31:54
13,Running,2026-03-19 15:31:12,2026-03-19 15:32:15
13,Starved,2026-03-19 15:32:15,2026-03-19 15:32:27
1,Running,2026-03-19 15:31:50,2026-03-19 15:32:51
7,Running,2026-03-19 15:31:54,2026-03-19 15:32:51
6,Running,2026-03-19 15:30:46,2026-03-19 15:32:54
2,Running,2026-03-19 15:31:50,2026-03-19 15:32:56
6,Starved,2026-03-19 15:32:54,2026-03-19 15:32:58
2,Blocked,2026-03-19 15:32:56,2026-03-19 15:33:01
1,Blocked,2026-03-19 15:32:51,2026-03-19 15:33:01
7,Blocked,2026-03-19 15:32:51,2026-03-19 15:33:02
11,Running,2026-03-19 15:30:14,2026-03-19 15:33:09
11,Starved,2026-03-19 15:33:09,2026-03-19 15:33:10
13,Running,2026-03-19 15:32:27,2026-03-19 15:33:34
13,Starved,2026-03-19 15:33:34,2026-03-19 15:33:37
6,Running,2026-03-19 15:32:58,2026-03-19 15:33:48
7,Running,2026-03-19 15:33:02,2026-03-19 15:33:57
1,Running,2026-03-19 15:33:01,2026-03-19 15:33:57
3,Running,2026-03-19 15:31:50,2026-03-19 15:33:59
5,Running,2026-03-19 15:31:50,2026-03-19 15:34:01
6,Starved,2026-03-19 15:33:48,2026-03-19 15:34:01
7,Blocked,2026-03-19 15:33:57,2026-03-19 15:34:01
2,Running,2026-03-19 15:33:01,2026-03-19 15:34:06
3,Blocked,2026-03-19 15:33:59,2026-03-19 15:34:29
2,Blocked,2026-03-19 15:34:06,2026-03-19 15:34:29
1,Blocked,2026-03-19 15:33:57,2026-03-19 15:34:29
6,Running,2026-03-19 15:34:01,2026-03-19 15:34:59
5,Down,2026-03-19 15:34:01,2026-03-19 15:35:17
2,Running,2026-03-19 15:34:29,2026-03-19 15:35:23
1,Running,2026-03-19 15:34:29,2026-03-19 15:35:28
13,Running,2026-03-19 15:33:37,2026-03-19 15:35:37
2,Blocked,2026-03-19 15:35:23,2026-03-19 15:35:38
1,Blocked,2026-03-19 15:35:28,2026-03-19 15:35:38
13,Starved,2026-03-19 15:35:37,2026-03-19 15:35:51
6,Starved,2026-03-19 15:34:59,2026-03-19 15:36:11
1,Running,2026-03-19 15:35:38,2026-03-19 15:36:33
2,Running,2026-03-19 15:35:38,2026-03-19 15:36:39
2,Blocked,2026-03-19 15:36:39,2026-03-19 15:36:42
1,Blocked,2026-03-19 15:36:33,2026-03-19 15:36:42
6,Running,2026-03-19 15:36:11,2026-03-19 15:37:15
6,Starved,2026-03-19 15:37:15,2026-03-19 15:37:17
2,Running,2026-03-19 15:36:42,2026-03-19 15:37:33
1,Running,2026-03-19 15:36:42,2026-03-19 15:37:39
3,Running,2026-03-19 15:34:29,2026-03-19 15:37:46
3,Blocked,2026-03-19 15:37:46,2026-03-19 15:37:50
2,Blocked,2026-03-19 15:37:33,2026-03-19 15:37:50
1,Blocked,2026-03-19 15:37:39,2026-03-19 15:37:50
13,Running,2026-03-19 15:35:51,2026-03-19 15:38:04
13,Down,2026-03-19 15:38:04,2026-03-19 15:38:15
6,Running,2026-03-19 15:37:17,2026-03-19 15:38:20
6,Starved,2026-03-19 15:38:20,2026-03-19 15:38:23
3,Running,2026-03-19 15:37:50,2026-03-19 15:38:45
1,Running,2026-03-19 15:37:50,2026-03-19 15:38:46
2,Running,2026-03-19 15:37:50,2026-03-19 15:38:51
3,Blocked,2026-03-19 15:38:45,2026-03-19 15:39:07
2,Blocked,2026-03-19 15:38:51,2026-03-19 15:39:07
1,Blocked,2026-03-19 15:38:46,2026-03-19 15:39:07
6,Running,2026-03-19 15:38:23,2026-03-19 15:39:12
5,Running,2026-03-19 15:35:17,2026-03-19 15:39:35
6,Starved,2026-03-19 15:39:12,2026-03-19 15:39:35
3,Running,2026-03-19 15:39:07,2026-03-19 15:39:59
1,Running,2026-03-19 15:39:07,2026-03-19 15:40:06
2,Running,2026-03-19 15:39:07,2026-03-19 15:40:06
3,Blocked,2026-03-19 15:39:59,2026-03-19 15:40:08
2,Blocked,2026-03-19 15:40:06,2026-03-19 15:40:08
1,Blocked,2026-03-19 15:40:06,2026-03-19 15:40:08
6,Running,2026-03-19 15:39:35,2026-03-19 15:40:31
1,Running,2026-03-19 15:40:08,2026-03-19 15:41:14
1,Blocked,2026-03-19 15:41:14,2026-03-19 15:41:15
5,Down,2026-03-19 15:39:35,2026-03-19 15:41:57
1,Running,2026-03-19 15:41:15,2026-03-19 15:42:09
1,Blocked,2026-03-19 15:42:09,2026-03-19 15:42:18
6,Starved,2026-03-19 15:40:31,2026-03-19 15:42:50
1,Running,2026-03-19 15:42:18,2026-03-19 15:43:09
2,Running,2026-03-19 15:40:08,2026-03-19 15:43:11
2,Blocked,2026-03-19 15:43:11,2026-03-19 15:43:14
1,Blocked,2026-03-19 15:43:09,2026-03-19 15:43:14
6,Running,2026-03-19 15:42:50,2026-03-19 15:43:57
6,Starved,2026-03-19 15:43:57,2026-03-19 15:43:57
11,Running,2026-03-19 15:33:10,2026-03-19 15:43:59
11,Starved,2026-03-19 15:43:59,2026-03-19 15:43:59
8,Running,2026-03-19 15:27:42,2026-03-19 15:44:16
8,Blocked,2026-03-19 15:44:16,2026-03-19 15:44:28
11,Running,2026-03-19 15:43:59,2026-03-19 15:44:54
3,Running,2026-03-19 15:40:08,2026-03-19 15:45:00
10,Running,2026-03-19 15:26:14,2026-03-19 15:45:02
11,Starved,2026-03-19 15:44:54,2026-03-19 15:45:02
1,Running,2026-03-19 15:43:14,2026-03-19 15:45:05
3,Blocked,2026-03-19 15:45:00,2026-03-19 15:45:06
1,Blocked,2026-03-19 15:45:05,2026-03-19 15:45:11
8,Running,2026-03-19 15:44:28,2026-03-19 15:45:28
8,Blocked,2026-03-19 15:45:28,2026-03-19 15:45:56
11,Running,2026-03-19 15:45:02,2026-03-19 15:45:58
1,Running,2026-03-19 15:45:11,2026-03-19 15:46:11
2,Running,2026-03-19 15:43:14,2026-03-19 15:46:13
2,Blocked,2026-03-19 15:46:13,2026-03-19 15:46:14
1,Blocked,2026-03-19 15:46:11,2026-03-19 15:46:14
9,Running,2026-03-19 15:26:14,2026-03-19 15:46:54
8,Running,2026-03-19 15:45:56,2026-03-19 15:47:05
7,Running,2026-03-19 15:34:01,2026-03-19 15:47:43
12,Running,2026-03-19 15:31:15,2026-03-19 15:47:55
2,Running,2026-03-19 15:46:14,2026-03-19 15:48:15
2,Blocked,2026-03-19 15:48:15,2026-03-19 15:48:21
13,Running,2026-03-19 15:38:15,2026-03-19 15:49:36
6,Running,2026-03-19 15:43:57,2026-03-19 15:52:03
6,Starved,2026-03-19 15:52:03,2026-03-19 15:52:04
6,Running,2026-03-19 15:52:04,2026-03-19 15:52:51
6,Starved,2026-03-19 15:52:51,2026-03-19 15:53:16
1,Down,2026-03-19 15:46:14,2026-03-19 15:53:36
3,Running,2026-03-19 15:45:06,2026-03-19 15:54:07
6,Running,2026-03-19 15:53:16,2026-03-19 15:54:14
3,Blocked,2026-03-19 15:54:07,2026-03-19 15:54:15
6,Starved,2026-03-19 15:54:14,2026-03-19 15:54:19
3,Running,2026-03-19 15:54:15,2026-03-19 15:55:13
5,Running,2026-03-19 15:41:57,2026-03-19 15:55:20
3,Blocked,2026-03-19 15:55:13,2026-03-19 15:55:32
6,Running,2026-03-19 15:54:19,2026-03-19 15:56:15
3,Running,2026-03-19 15:55:32,2026-03-19 15:56:26
3,Blocked,2026-03-19 15:56:26,2026-03-19 15:56:38
3,Running,2026-03-19 15:56:38,2026-03-19 15:58:41
3,Blocked,2026-03-19 15:58:41,2026-03-19 15:58:54
10,Down,2026-03-19 15:45:02,2026-03-19 15:59:11
9,Blocked,2026-03-19 15:46:54,2026-03-19 15:59:11
8,Blocked,2026-03-19 15:47:05,2026-03-19 15:59:11
7,Blocked,2026-03-19 15:47:43,2026-03-19 15:59:11
3,Running,2026-03-19 15:58:54,2026-03-19 15:59:50
9,Running,2026-03-19 15:59:11,2026-03-19 16:00:05
2,Running,2026-03-19 15:48:21,2026-03-19 16:00:06
8,Running,2026-03-19 15:59:11,2026-03-19 16:00:16
11,Starved,2026-03-19 15:45:58,2026-03-19 16:00:20
9,Blocked,2026-03-19 16:00:05,2026-03-19 16:00:20
8,Blocked,2026-03-19 16:00:16,2026-03-19 16:00:20
3,Blocked,2026-03-19 15:59:50,2026-03-19 16:00:32
2,Blocked,2026-03-19 16:00:06,2026-03-19 16:00:32
5,Down,2026-03-19 15:55:20,2026-03-19 16:01:01
8,Running,2026-03-19 16:00:20,2026-03-19 16:01:18
8,Blocked,2026-03-19 16:01:18,2026-03-19 16:01:19
12,Starved,2026-03-19 15:47:55,2026-03-19 16:01:21
2,Running,2026-03-19 16:00:32,2026-03-19 16:01:33
2,Blocked,2026-03-19 16:01:33,2026-03-19 16:01:36
6,Starved,2026-03-19 15:56:15,2026-03-19 16:02:01
12,Running,2026-03-19 16:01:21,2026-03-19 16:02:14
13,Starved,2026-03-19 15:49:36,2026-03-19 16:02:14
11,Running,2026-03-19 16:00:20,2026-03-19 16:02:15
12,Starved,2026-03-19 16:02:14,2026-03-19 16:02:15
9,Running,2026-03-19 16:00:20,2026-03-19 16:02:17
11,Starved,2026-03-19 16:02:15,2026-03-19 16:02:19
9,Blocked,2026-03-19 16:02:17,2026-03-19 16:02:19
2,Running,2026-03-19 16:01:36,2026-03-19 16:02:38
2,Blocked,2026-03-19 16:02:38,2026-03-19 16:02:39
12,Running,2026-03-19 16:02:15,2026-03-19 16:03:11
9,Running,2026-03-19 16:02:19,2026-03-19 16:03:14
9,Blocked,2026-03-19 16:03:14,2026-03-19 16:03:19
12,Starved,2026-03-19 16:03:11,2026-03-19 16:03:25
13,Running,2026-03-19 16:02:14,2026-03-19 16:04:21
8,Running,2026-03-19 16:01:19,2026-03-19 16:04:22
13,Starved,2026-03-19 16:04:21,2026-03-19 16:04:28
2,Running,2026-03-19 16:02:39,2026-03-19 16:04:35
3,Running,2026-03-19 16:00:32,2026-03-19 16:04:35
8,Blocked,2026-03-19 16:04:22,2026-03-19 16:04:42
3,Blocked,2026-03-19 16:04:35,2026-03-19 16:04:42
2,Blocked,2026-03-19 16:04:35,2026-03-19 16:04:42
12,Running,2026-03-19 16:03:25,2026-03-19 16:05:16
11,Running,2026-03-19 16:02:19,2026-03-19 16:05:25
12,Starved,2026-03-19 16:05:16,2026-03-19 16:05:25
11,Starved,2026-03-19 16:05:25,2026-03-19 16:05:26
2,Running,2026-03-19 16:04:42,2026-03-19 16:05:40
3,Running,2026-03-19 16:04:42,2026-03-19 16:05:43
3,Blocked,2026-03-19 16:05:43,2026-03-19 16:06:12
2,Blocked,2026-03-19 16:05:40,2026-03-19 16:06:12
13,Running,2026-03-19 16:04:28,2026-03-19 16:06:26
13,Starved,2026-03-19 16:06:26,2026-03-19 16:06:32
2,Running,2026-03-19 16:06:12,2026-03-19 16:07:15
2,Blocked,2026-03-19 16:07:15,2026-03-19 16:07:15
12,Running,2026-03-19 16:05:25,2026-03-19 16:07:24
12,Starved,2026-03-19 16:07:24,2026-03-19 16:07:29
2,Running,2026-03-19 16:07:15,2026-03-19 16:08:09
3,Running,2026-03-19 16:06:12,2026-03-19 16:08:14
3,Blocked,2026-03-19 16:08:14,2026-03-19 16:08:36
2,Blocked,2026-03-19 16:08:09,2026-03-19 16:08:36
3,Running,2026-03-19 16:08:36,2026-03-19 16:09:34
2,Running,2026-03-19 16:08:36,2026-03-19 16:09:37
3,Blocked,2026-03-19 16:09:34,2026-03-19 16:10:00
2,Blocked,2026-03-19 16:09:37,2026-03-19 16:10:00
3,Running,2026-03-19 16:10:00,2026-03-19 16:10:59
2,Running,2026-03-19 16:10:00,2026-03-19 16:11:00
3,Blocked,2026-03-19 16:10:59,2026-03-19 16:11:00
2,Blocked,2026-03-19 16:11:00,2026-03-19 16:11:00
11,Running,2026-03-19 16:05:26,2026-03-19 16:11:02
11,Starved,2026-03-19 16:11:02,2026-03-19 16:11:07
13,Running,2026-03-19 16:06:32,2026-03-19 16:11:23
13,Starved,2026-03-19 16:11:23,2026-03-19 16:11:26
3,Running,2026-03-19 16:11:00,2026-03-19 16:11:58
2,Running,2026-03-19 16:11:00,2026-03-19 16:11:59
3,Blocked,2026-03-19 16:11:58,2026-03-19 16:12:09
2,Blocked,2026-03-19 16:11:59,2026-03-19 16:12:09
8,Running,2026-03-19 16:04:42,2026-03-19 16:13:06
2,Running,2026-03-19 16:12:09,2026-03-19 16:13:12
7,Running,2026-03-19 15:59:11,2026-03-19 16:13:13
3,Running,2026-03-19 16:12:09,2026-03-19 16:13:14
8,Blocked,2026-03-19 16:13:06,2026-03-19 16:13:15
7,Blocked,2026-03-19 16:13:13,2026-03-19 16:13:15
13,Running,2026-03-19 16:11:26,2026-03-19 16:13:26
13,Starved,2026-03-19 16:13:26,2026-03-19 16:13:26
3,Blocked,2026-03-19 16:13:14,2026-03-19 16:13:34
2,Blocked,2026-03-19 16:13:12,2026-03-19 16:13:34
11,Running,2026-03-19 16:11:07,2026-03-19 16:14:08
8,Running,2026-03-19 16:13:15,2026-03-19 16:14:14
11,Starved,2026-03-19 16:14:08,2026-03-19 16:14:16
13,Running,2026-03-19 16:13:26,2026-03-19 16:14:21
8,Down,2026-03-19 16:14:14,2026-03-19 16:14:26
13,Starved,2026-03-19 16:14:21,2026-03-19 16:14:30
2,Running,2026-03-19 16:13:34,2026-03-19 16:14:34
3,Running,2026-03-19 16:13:34,2026-03-19 16:14:39
3,Blocked,2026-03-19 16:14:39,2026-03-19 16:14:55
2,Blocked,2026-03-19 16:14:34,2026-03-19 16:14:55
13,Running,2026-03-19 16:14:30,2026-03-19 16:15:24
13,Starved,2026-03-19 16:15:24,2026-03-19 16:15:27
2,Running,2026-03-19 16:14:55,2026-03-19 16:15:48
2,Blocked,2026-03-19 16:15:48,2026-03-19 16:16:02
11,Running,2026-03-19 16:14:16,2026-03-19 16:16:08
11,Starved,2026-03-19 16:16:08,2026-03-19 16:16:18
13,Running,2026-03-19 16:15:27,2026-03-19 16:16:23
13,Starved,2026-03-19 16:16:23,2026-03-19 16:16:31
13,Running,2026-03-19 16:16:31,2026-03-19 16:18:26
13,Starved,2026-03-19 16:18:26,2026-03-19 16:18:32
2,Running,2026-03-19 16:16:02,2026-03-19 16:19:07
2,Blocked,2026-03-19 16:19:07,2026-03-19 16:19:11
8,Running,2026-03-19 16:14:26,2026-03-19 16:19:35
8,Blocked,2026-03-19 16:19:35,2026-03-19 16:19:46
2,Running,2026-03-19 16:19:11,2026-03-19 16:19:57
2,Blocked,2026-03-19 16:19:57,2026-03-19 16:20:08
2,Running,2026-03-19 16:20:08,2026-03-19 16:21:03
3,Running,2026-03-19 16:14:55,2026-03-19 16:21:10
3,Blocked,2026-03-19 16:21:10,2026-03-19 16:21:11
2,Blocked,2026-03-19 16:21:03,2026-03-19 16:21:11
11,Running,2026-03-19 16:16:18,2026-03-19 16:21:18
11,Starved,2026-03-19 16:21:18,2026-03-19 16:21:24
13,Running,2026-03-19 16:18:32,2026-03-19 16:21:34
13,Starved,2026-03-19 16:21:34,2026-03-19 16:21:42
2,Running,2026-03-19 16:21:11,2026-03-19 16:22:08
3,Running,2026-03-19 16:21:11,2026-03-19 16:22:09
3,Blocked,2026-03-19 16:22:09,2026-03-19 16:22:20
2,Blocked,2026-03-19 16:22:08,2026-03-19 16:22:20
13,Running,2026-03-19 16:21:42,2026-03-19 16:22:35
13,Starved,2026-03-19 16:22:35,2026-03-19 16:22:42
8,Running,2026-03-19 16:19:46,2026-03-19 16:22:45
8,Blocked,2026-03-19 16:22:45,2026-03-19 16:22:47
10,Running,2026-03-19 15:59:11,2026-03-19 16:23:14
3,Running,2026-03-19 16:22:20,2026-03-19 16:23:15
3,Blocked,2026-03-19 16:23:15,2026-03-19 16:23:16
3,Running,2026-03-19 16:23:16,2026-03-19 16:24:16
3,Blocked,2026-03-19 16:24:16,2026-03-19 16:24:18
11,Running,2026-03-19 16:21:24,2026-03-19 16:24:30
8,Running,2026-03-19 16:22:47,2026-03-19 16:24:46
9,Running,2026-03-19 16:03:19,2026-03-19 16:25:05
3,Running,2026-03-19 16:24:18,2026-03-19 16:25:17
2,Running,2026-03-19 16:22:20,2026-03-19 16:25:18
3,Blocked,2026-03-19 16:25:17,2026-03-19 16:25:19
2,Blocked,2026-03-19 16:25:18,2026-03-19 16:25:19
7,Running,2026-03-19 16:13:15,2026-03-19 16:25:35
12,Running,2026-03-19 16:07:29,2026-03-19 16:25:42
3,Running,2026-03-19 16:25:19,2026-03-19 16:26:25
3,Blocked,2026-03-19 16:26:25,2026-03-19 16:26:27
13,Running,2026-03-19 16:22:42,2026-03-19 16:26:53
2,Running,2026-03-19 16:25:19,2026-03-19 16:27:29
2,Blocked,2026-03-19 16:27:29,2026-03-19 16:27:31
2,Running,2026-03-19 16:27:31,2026-03-19 16:28:26
3,Running,2026-03-19 16:26:27,2026-03-19 16:28:35
3,Blocked,2026-03-19 16:28:35,2026-03-19 16:28:40
2,Blocked,2026-03-19 16:28:26,2026-03-19 16:28:40
2,Running,2026-03-19 16:28:40,2026-03-19 16:29:43
3,Running,2026-03-19 16:28:40,2026-03-19 16:29:46
3,Blocked,2026-03-19 16:29:46,2026-03-19 16:29:51
2,Blocked,2026-03-19 16:29:43,2026-03-19 16:29:51
3,Running,2026-03-19 16:29:51,2026-03-19 16:30:58
2,Running,2026-03-19 16:29:51,2026-03-19 16:30:58
3,Blocked,2026-03-19 16:30:58,2026-03-19 16:31:05
2,Blocked,2026-03-19 16:30:58,2026-03-19 16:31:05
2,Running,2026-03-19 16:31:05,2026-03-19 16:32:02
3,Running,2026-03-19 16:31:05,2026-03-19 16:32:05
3,Blocked,2026-03-19 16:32:05,2026-03-19 16:32:28
2,Blocked,2026-03-19 16:32:02,2026-03-19 16:32:28
2,Running,2026-03-19 16:32:28,2026-03-19 16:33:21
3,Running,2026-03-19 16:32:28,2026-03-19 16:33:29
3,Blocked,2026-03-19 16:33:29,2026-03-19 16:33:37
2,Blocked,2026-03-19 16:33:21,2026-03-19 16:33:37
2,Running,2026-03-19 16:33:37,2026-03-19 16:34:23
3,Running,2026-03-19 16:33:37,2026-03-19 16:34:42
3,Blocked,2026-03-19 16:34:42,2026-03-19 16:34:54
2,Blocked,2026-03-19 16:34:23,2026-03-19 16:34:54
10,Down,2026-03-19 16:23:14,2026-03-19 16:35:24
9,Blocked,2026-03-19 16:25:05,2026-03-19 16:35:24
8,Blocked,2026-03-19 16:24:46,2026-03-19 16:35:24
7,Blocked,2026-03-19 16:25:35,2026-03-19 16:35:24
3,Running,2026-03-19 16:34:54,2026-03-19 16:35:48
2,Running,2026-03-19 16:34:54,2026-03-19 16:35:53
3,Blocked,2026-03-19 16:35:48,2026-03-19 16:36:00
2,Blocked,2026-03-19 16:35:53,2026-03-19 16:36:00
8,Running,2026-03-19 16:35:24,2026-03-19 16:36:20
9,Running,2026-03-19 16:35:24,2026-03-19 16:36:24
11,Starved,2026-03-19 16:24:30,2026-03-19 16:36:25
9,Blocked,2026-03-19 16:36:24,2026-03-19 16:36:25
8,Blocked,2026-03-19 16:36:20,2026-03-19 16:36:25
3,Running,2026-03-19 16:36:00,2026-03-19 16:36:48
2,Running,2026-03-19 16:36:00,2026-03-19 16:36:57
3,Blocked,2026-03-19 16:36:48,2026-03-19 16:37:18
2,Blocked,2026-03-19 16:36:57,2026-03-19 16:37:18
7,Running,2026-03-19 16:35:24,2026-03-19 16:37:24
11,Running,2026-03-19 16:36:25,2026-03-19 16:37:24
12,Starved,2026-03-19 16:25:42,2026-03-19 16:37:24
9,Running,2026-03-19 16:36:25,2026-03-19 16:37:28
11,Starved,2026-03-19 16:37:24,2026-03-19 16:37:30
9,Blocked,2026-03-19 16:37:28,2026-03-19 16:37:30
7,Blocked,2026-03-19 16:37:24,2026-03-19 16:37:30
3,Running,2026-03-19 16:37:18,2026-03-19 16:38:15
11,Running,2026-03-19 16:37:30,2026-03-19 16:38:19
2,Running,2026-03-19 16:37:18,2026-03-19 16:38:23
7,Running,2026-03-19 16:37:30,2026-03-19 16:38:29
11,Starved,2026-03-19 16:38:19,2026-03-19 16:38:31
3,Blocked,2026-03-19 16:38:15,2026-03-19 16:38:34
2,Blocked,2026-03-19 16:38:23,2026-03-19 16:38:34
13,Starved,2026-03-19 16:26:53,2026-03-19 16:38:36
7,Blocked,2026-03-19 16:38:29,2026-03-19 16:38:41
7,Running,2026-03-19 16:38:41,2026-03-19 16:39:33
9,Running,2026-03-19 16:37:30,2026-03-19 16:39:37
13,Running,2026-03-19 16:38:36,2026-03-19 16:39:37
9,Blocked,2026-03-19 16:39:37,2026-03-19 16:39:38
12,Running,2026-03-19 16:37:24,2026-03-19 16:39:38
13,Starved,2026-03-19 16:39:37,2026-03-19 16:39:38
2,Running,2026-03-19 16:38:34,2026-03-19 16:39:41
3,Running,2026-03-19 16:38:34,2026-03-19 16:39:42
3,Blocked,2026-03-19 16:39:42,2026-03-19 16:39:45
2,Blocked,2026-03-19 16:39:41,2026-03-19 16:39:45
7,Blocked,2026-03-19 16:39:33,2026-03-19 16:39:45
12,Starved,2026-03-19 16:39:38,2026-03-19 16:39:45
3,Running,2026-03-19 16:39:45,2026-03-19 16:40:39
2,Running,2026-03-19 16:39:45,2026-03-19 16:40:42
3,Blocked,2026-03-19 16:40:39,2026-03-19 16:40:48
2,Blocked,2026-03-19 16:40:42,2026-03-19 16:40:48
3,Running,2026-03-19 16:40:48,2026-03-19 16:41:42
13,Running,2026-03-19 16:39:38,2026-03-19 16:41:43
13,Starved,2026-03-19 16:41:43,2026-03-19 16:41:44
3,Blocked,2026-03-19 16:41:42,2026-03-19 16:41:45
11,Running,2026-03-19 16:38:31,2026-03-19 16:42:32
11,Starved,2026-03-19 16:42:32,2026-03-19 16:42:35
13,Running,2026-03-19 16:41:44,2026-03-19 16:42:39
3,Running,2026-03-19 16:41:45,2026-03-19 16:42:44
13,Starved,2026-03-19 16:42:39,2026-03-19 16:42:50
3,Blocked,2026-03-19 16:42:44,2026-03-19 16:42:55
13,Running,2026-03-19 16:42:50,2026-03-19 16:43:43
8,Running,2026-03-19 16:36:25,2026-03-19 16:43:45
8,Blocked,2026-03-19 16:43:45,2026-03-19 16:43:45
2,Running,2026-03-19 16:40:48,2026-03-19 16:43:55
13,Starved,2026-03-19 16:43:43,2026-03-19 16:44:00
3,Running,2026-03-19 16:42:55,2026-03-19 16:44:02
3,Blocked,2026-03-19 16:44:02,2026-03-19 16:44:04
2,Blocked,2026-03-19 16:43:55,2026-03-19 16:44:04
13,Running,2026-03-19 16:44:00,2026-03-19 16:44:58
2,Running,2026-03-19 16:44:04,2026-03-19 16:44:58
3,Running,2026-03-19 16:44:04,2026-03-19 16:45:01
13,Starved,2026-03-19 16:44:58,2026-03-19 16:45:05
3,Blocked,2026-03-19 16:45:01,2026-03-19 16:45:14
2,Blocked,2026-03-19 16:44:58,2026-03-19 16:45:14
8,Running,2026-03-19 16:43:45,2026-03-19 16:45:42
8,Blocked,2026-03-19 16:45:42,2026-03-19 16:45:43
13,Running,2026-03-19 16:45:05,2026-03-19 16:46:02
13,Starved,2026-03-19 16:46:02,2026-03-19 16:46:09
3,Running,2026-03-19 16:45:14,2026-03-19 16:46:13
3,Blocked,2026-03-19 16:46:13,2026-03-19 16:46:14
2,Running,2026-03-19 16:45:14,2026-03-19 16:47:18
2,Blocked,2026-03-19 16:47:18,2026-03-19 16:47:24
13,Running,2026-03-19 16:46:09,2026-03-19 16:48:02
13,Starved,2026-03-19 16:48:02,2026-03-19 16:48:06
13,Running,2026-03-19 16:48:06,2026-03-19 16:49:00
13,Starved,2026-03-19 16:49:00,2026-03-19 16:49:17
3,Running,2026-03-19 16:46:14,2026-03-19 16:50:16
2,Running,2026-03-19 16:47:24,2026-03-19 16:50:24
3,Blocked,2026-03-19 16:50:16,2026-03-19 16:50:26
2,Blocked,2026-03-19 16:50:24,2026-03-19 16:50:26
12,Running,2026-03-19 16:39:45,2026-03-19 16:51:14
2,Running,2026-03-19 16:50:26,2026-03-19 16:51:27
2,Blocked,2026-03-19 16:51:27,2026-03-19 16:51:29
8,Running,2026-03-19 16:45:43,2026-03-19 16:51:43
8,Blocked,2026-03-19 16:51:43,2026-03-19 16:51:50
13,Running,2026-03-19 16:49:17,2026-03-19 16:52:13
3,Running,2026-03-19 16:50:26,2026-03-19 16:52:27
5,Running,2026-03-19 16:01:01,2026-03-19 16:52:33
2,Running,2026-03-19 16:51:29,2026-03-19 16:52:33
5,Starved,2026-03-19 16:52:33,2026-03-19 16:52:35
3,Blocked,2026-03-19 16:52:27,2026-03-19 16:52:35
2,Blocked,2026-03-19 16:52:33,2026-03-19 16:52:35
8,Running,2026-03-19 16:51:50,2026-03-19 16:52:49
12,Down,2026-03-19 16:51:14,2026-03-19 16:53:03
8,Blocked,2026-03-19 16:52:49,2026-03-19 16:53:12
5,Running,2026-03-19 16:52:35,2026-03-19 16:53:27
2,Running,2026-03-19 16:52:35,2026-03-19 16:53:32
5,Starved,2026-03-19 16:53:27,2026-03-19 16:53:39
2,Blocked,2026-03-19 16:53:32,2026-03-19 16:53:39
13,Starved,2026-03-19 16:52:13,2026-03-19 16:54:01
5,Running,2026-03-19 16:53:39,2026-03-19 16:54:35
1,Running,2026-03-19 15:53:36,2026-03-19 16:54:41
3,Running,2026-03-19 16:52:35,2026-03-19 16:54:42
2,Running,2026-03-19 16:53:39,2026-03-19 16:54:43
5,Starved,2026-03-19 16:54:35,2026-03-19 16:54:47
3,Blocked,2026-03-19 16:54:42,2026-03-19 16:54:47
2,Blocked,2026-03-19 16:54:43,2026-03-19 16:54:47
1,Blocked,2026-03-19 16:54:41,2026-03-19 16:54:47
3,Running,2026-03-19 16:54:47,2026-03-19 16:56:35
2,Running,2026-03-19 16:54:47,2026-03-19 16:56:45
1,Running,2026-03-19 16:54:47,2026-03-19 16:56:48
5,Running,2026-03-19 16:54:47,2026-03-19 16:56:48
5,Starved,2026-03-19 16:56:48,2026-03-19 16:57:07
3,Blocked,2026-03-19 16:56:35,2026-03-19 16:57:07
2,Blocked,2026-03-19 16:56:45,2026-03-19 16:57:07
1,Blocked,2026-03-19 16:56:48,2026-03-19 16:57:07
11,Running,2026-03-19 16:42:35,2026-03-19 16:57:38
10,Running,2026-03-19 16:35:24,2026-03-19 16:57:43
11,Starved,2026-03-19 16:57:38,2026-03-19 16:57:43
10,Down,2026-03-19 16:57:43,2026-03-19 16:57:45
1,Running,2026-03-19 16:57:07,2026-03-19 16:58:00
2,Running,2026-03-19 16:57:07,2026-03-19 16:58:04
3,Running,2026-03-19 16:57:07,2026-03-19 16:58:10
5,Running,2026-03-19 16:57:07,2026-03-19 16:58:12
5,Starved,2026-03-19 16:58:12,2026-03-19 16:58:17
3,Blocked,2026-03-19 16:58:10,2026-03-19 16:58:17
2,Blocked,2026-03-19 16:58:04,2026-03-19 16:58:17
1,Blocked,2026-03-19 16:58:00,2026-03-19 16:58:17
11,Running,2026-03-19 16:57:43,2026-03-19 16:58:41
11,Starved,2026-03-19 16:58:41,2026-03-19 16:58:52
3,Running,2026-03-19 16:58:17,2026-03-19 16:59:13
5,Running,2026-03-19 16:58:17,2026-03-19 16:59:17
5,Starved,2026-03-19 16:59:17,2026-03-19 16:59:19
3,Blocked,2026-03-19 16:59:13,2026-03-19 16:59:19
3,Running,2026-03-19 16:59:19,2026-03-19 17:00:12
2,Running,2026-03-19 16:58:17,2026-03-19 17:00:12
5,Running,2026-03-19 16:59:19,2026-03-19 17:00:13
5,Starved,2026-03-19 17:00:13,2026-03-19 17:00:19
3,Blocked,2026-03-19 17:00:12,2026-03-19 17:00:19
2,Blocked,2026-03-19 17:00:12,2026-03-19 17:00:19
3,Running,2026-03-19 17:00:19,2026-03-19 17:01:14
2,Running,2026-03-19 17:00:19,2026-03-19 17:01:17
5,Running,2026-03-19 17:00:19,2026-03-19 17:01:17
5,Starved,2026-03-19 17:01:17,2026-03-19 17:01:18
3,Blocked,2026-03-19 17:01:14,2026-03-19 17:01:18
2,Blocked,2026-03-19 17:01:17,2026-03-19 17:01:18
2,Running,2026-03-19 17:01:18,2026-03-19 17:02:16
2,Blocked,2026-03-19 17:02:16,2026-03-19 17:02:21
2,Running,2026-03-19 17:02:21,2026-03-19 17:03:19
5,Running,2026-03-19 17:01:18,2026-03-19 17:03:19
1,Running,2026-03-19 16:58:17,2026-03-19 17:03:22
2,Blocked,2026-03-19 17:03:19,2026-03-19 17:03:24
1,Blocked,2026-03-19 17:03:22,2026-03-19 17:03:24
3,Running,2026-03-19 17:01:18,2026-03-19 17:04:19
1,Running,2026-03-19 17:03:24,2026-03-19 17:04:27
3,Blocked,2026-03-19 17:04:19,2026-03-19 17:04:32
8,Running,2026-03-19 16:53:12,2026-03-19 17:04:34
8,Blocked,2026-03-19 17:04:34,2026-03-19 17:04:37
1,Blocked,2026-03-19 17:04:27,2026-03-19 17:04:37
6,Running,2026-03-19 16:02:01,2026-03-19 17:04:42
3,Running,2026-03-19 17:04:32,2026-03-19 17:05:17
1,Running,2026-03-19 17:04:37,2026-03-19 17:05:32
8,Running,2026-03-19 17:04:37,2026-03-19 17:05:33
2,Running,2026-03-19 17:03:24,2026-03-19 17:05:36
3,Blocked,2026-03-19 17:05:17,2026-03-19 17:05:42
2,Blocked,2026-03-19 17:05:36,2026-03-19 17:05:42
1,Blocked,2026-03-19 17:05:32,2026-03-19 17:05:42
8,Blocked,2026-03-19 17:05:33,2026-03-19 17:05:48
3,Running,2026-03-19 17:05:42,2026-03-19 17:06:39
3,Blocked,2026-03-19 17:06:39,2026-03-19 17:06:41
8,Running,2026-03-19 17:05:48,2026-03-19 17:06:42
8,Blocked,2026-03-19 17:06:42,2026-03-19 17:06:45
2,Running,2026-03-19 17:05:42,2026-03-19 17:07:34
3,Running,2026-03-19 17:06:41,2026-03-19 17:07:37
1,Running,2026-03-19 17:05:42,2026-03-19 17:07:39
3,Blocked,2026-03-19 17:07:37,2026-03-19 17:07:40
2,Blocked,2026-03-19 17:07:34,2026-03-19 17:07:40
1,Blocked,2026-03-19 17:07:39,2026-03-19 17:07:40
8,Running,2026-03-19 17:06:45,2026-03-19 17:07:43
8,Blocked,2026-03-19 17:07:43,2026-03-19 17:07:45
2,Running,2026-03-19 17:07:40,2026-03-19 17:08:38
1,Running,2026-03-19 17:07:40,2026-03-19 17:08:40
3,Running,2026-03-19 17:07:40,2026-03-19 17:08:41
8,Running,2026-03-19 17:07:45,2026-03-19 17:08:45
8,Blocked,2026-03-19 17:08:45,2026-03-19 17:08:46
3,Blocked,2026-03-19 17:08:41,2026-03-19 17:08:46
2,Blocked,2026-03-19 17:08:38,2026-03-19 17:08:46
1,Blocked,2026-03-19 17:08:40,2026-03-19 17:08:46
5,Down,2026-03-19 17:03:19,2026-03-19 17:09:21
8,Running,2026-03-19 17:08:46,2026-03-19 17:09:43
3,Running,2026-03-19 17:08:46,2026-03-19 17:09:43
3,Blocked,2026-03-19 17:09:43,2026-03-19 17:09:44
8,Blocked,2026-03-19 17:09:43,2026-03-19 17:09:44
1,Running,2026-03-19 17:08:46,2026-03-19 17:09:53
1,Blocked,2026-03-19 17:09:53,2026-03-19 17:09:56
6,Starved,2026-03-19 17:04:42,2026-03-19 17:10:09
8,Running,2026-03-19 17:09:44,2026-03-19 17:10:45
2,Running,2026-03-19 17:08:46,2026-03-19 17:10:47
2,Blocked,2026-03-19 17:10:47,2026-03-19 17:10:48
9,Running,2026-03-19 16:39:38,2026-03-19 17:10:50
3,Running,2026-03-19 17:09:44,2026-03-19 17:11:43
3,Blocked,2026-03-19 17:11:43,2026-03-19 17:11:44
9,Down,2026-03-19 17:10:50,2026-03-19 17:12:29
8,Blocked,2026-03-19 17:10:45,2026-03-19 17:12:29
8,Running,2026-03-19 17:12:29,2026-03-19 17:13:26
8,Blocked,2026-03-19 17:13:26,2026-03-19 17:13:31
3,Running,2026-03-19 17:11:44,2026-03-19 17:13:40
2,Running,2026-03-19 17:10:48,2026-03-19 17:13:47
3,Blocked,2026-03-19 17:13:40,2026-03-19 17:14:08
2,Blocked,2026-03-19 17:13:47,2026-03-19 17:14:08
8,Running,2026-03-19 17:13:31,2026-03-19 17:14:31
9,Running,2026-03-19 17:12:29,2026-03-19 17:14:55
3,Running,2026-03-19 17:14:08,2026-03-19 17:15:04
2,Running,2026-03-19 17:14:08,2026-03-19 17:15:12
1,Running,2026-03-19 17:09:56,2026-03-19 17:15:17
3,Blocked,2026-03-19 17:15:04,2026-03-19 17:15:27
2,Blocked,2026-03-19 17:15:12,2026-03-19 17:15:27
1,Blocked,2026-03-19 17:15:17,2026-03-19 17:15:27
7,Running,2026-03-19 16:39:45,2026-03-19 17:15:44
3,Running,2026-03-19 17:15:27,2026-03-19 17:16:27
1,Running,2026-03-19 17:15:27,2026-03-19 17:16:27
3,Blocked,2026-03-19 17:16:27,2026-03-19 17:16:31
1,Blocked,2026-03-19 17:16:27,2026-03-19 17:16:36
1,Running,2026-03-19 17:16:36,2026-03-19 17:17:30
3,Running,2026-03-19 17:16:31,2026-03-19 17:17:31
2,Running,2026-03-19 17:15:27,2026-03-19 17:17:41
3,Blocked,2026-03-19 17:17:31,2026-03-19 17:17:41
2,Blocked,2026-03-19 17:17:41,2026-03-19 17:17:41
1,Blocked,2026-03-19 17:17:30,2026-03-19 17:17:41
1,Running,2026-03-19 17:17:41,2026-03-19 17:18:37
1,Blocked,2026-03-19 17:18:37,2026-03-19 17:18:46
3,Running,2026-03-19 17:17:41,2026-03-19 17:20:32
10,Running,2026-03-19 16:57:45,2026-03-19 17:20:43
2,Running,2026-03-19 17:17:41,2026-03-19 17:20:47
3,Blocked,2026-03-19 17:20:32,2026-03-19 17:20:48
2,Blocked,2026-03-19 17:20:47,2026-03-19 17:20:48
2,Running,2026-03-19 17:20:48,2026-03-19 17:21:42
1,Running,2026-03-19 17:18:46,2026-03-19 17:21:49
3,Running,2026-03-19 17:20:48,2026-03-19 17:21:49
3,Blocked,2026-03-19 17:21:49,2026-03-19 17:21:50
2,Blocked,2026-03-19 17:21:42,2026-03-19 17:21:50
1,Blocked,2026-03-19 17:21:49,2026-03-19 17:21:50
12,Running,2026-03-19 16:53:03,2026-03-19 17:22:50
11,Running,2026-03-19 16:58:52,2026-03-19 17:22:51
12,Starved,2026-03-19 17:22:50,2026-03-19 17:22:51
12,Running,2026-03-19 17:22:51,2026-03-19 17:23:50
3,Running,2026-03-19 17:21:50,2026-03-19 17:23:52
1,Running,2026-03-19 17:21:50,2026-03-19 17:23:54
3,Blocked,2026-03-19 17:23:52,2026-03-19 17:23:59
1,Blocked,2026-03-19 17:23:54,2026-03-19 17:24:07
9,Down,2026-03-19 17:14:55,2026-03-19 17:24:22
8,Blocked,2026-03-19 17:14:31,2026-03-19 17:24:22
7,Blocked,2026-03-19 17:15:44,2026-03-19 17:24:22
2,Running,2026-03-19 17:21:50,2026-03-19 17:25:00
2,Blocked,2026-03-19 17:25:00,2026-03-19 17:25:07
10,Starved,2026-03-19 17:20:43,2026-03-19 17:25:15
2,Running,2026-03-19 17:25:07,2026-03-19 17:26:05
2,Blocked,2026-03-19 17:26:05,2026-03-19 17:26:07
10,Running,2026-03-19 17:25:15,2026-03-19 17:26:14
11,Starved,2026-03-19 17:22:51,2026-03-19 17:26:14
9,Running,2026-03-19 17:24:22,2026-03-19 17:26:16
10,Starved,2026-03-19 17:26:14,2026-03-19 17:26:16
8,Running,2026-03-19 17:24:22,2026-03-19 17:26:19
7,Running,2026-03-19 17:24:22,2026-03-19 17:26:32
2,Running,2026-03-19 17:26:07,2026-03-19 17:27:00
13,Running,2026-03-19 16:54:01,2026-03-19 17:27:01
11,Running,2026-03-19 17:26:14,2026-03-19 17:27:03
12,Starved,2026-03-19 17:23:50,2026-03-19 17:27:03
1,Running,2026-03-19 17:24:07,2026-03-19 17:27:09
3,Running,2026-03-19 17:23:59,2026-03-19 17:27:11
10,Running,2026-03-19 17:26:16,2026-03-19 17:27:15
11,Starved,2026-03-19 17:27:03,2026-03-19 17:27:15
3,Blocked,2026-03-19 17:27:11,2026-03-19 17:27:24
2,Blocked,2026-03-19 17:27:00,2026-03-19 17:27:24
1,Blocked,2026-03-19 17:27:09,2026-03-19 17:27:24
12,Running,2026-03-19 17:27:03,2026-03-19 17:27:56
13,Starved,2026-03-19 17:27:01,2026-03-19 17:27:56
11,Running,2026-03-19 17:27:15,2026-03-19 17:28:11
12,Starved,2026-03-19 17:27:56,2026-03-19 17:28:11
1,Running,2026-03-19 17:27:24,2026-03-19 17:28:20
2,Running,2026-03-19 17:27:24,2026-03-19 17:28:32
2,Blocked,2026-03-19 17:28:32,2026-03-19 17:28:38
1,Blocked,2026-03-19 17:28:20,2026-03-19 17:28:38
13,Running,2026-03-19 17:27:56,2026-03-19 17:29:04
12,Running,2026-03-19 17:28:11,2026-03-19 17:29:15
13,Starved,2026-03-19 17:29:04,2026-03-19 17:29:15
2,Running,2026-03-19 17:28:38,2026-03-19 17:29:32
1,Running,2026-03-19 17:28:38,2026-03-19 17:29:37
2,Blocked,2026-03-19 17:29:32,2026-03-19 17:29:41
1,Blocked,2026-03-19 17:29:37,2026-03-19 17:29:41
13,Running,2026-03-19 17:29:15,2026-03-19 17:30:12
3,Running,2026-03-19 17:27:24,2026-03-19 17:30:26
1,Running,2026-03-19 17:29:41,2026-03-19 17:30:36
2,Running,2026-03-19 17:29:41,2026-03-19 17:30:44
3,Blocked,2026-03-19 17:30:26,2026-03-19 17:30:45
2,Blocked,2026-03-19 17:30:44,2026-03-19 17:30:45
1,Blocked,2026-03-19 17:30:36,2026-03-19 17:30:45
1,Running,2026-03-19 17:30:45,2026-03-19 17:31:37
3,Running,2026-03-19 17:30:45,2026-03-19 17:31:46
3,Blocked,2026-03-19 17:31:46,2026-03-19 17:31:47
1,Blocked,2026-03-19 17:31:37,2026-03-19 17:31:53
2,Running,2026-03-19 17:30:45,2026-03-19 17:32:50
2,Blocked,2026-03-19 17:32:50,2026-03-19 17:32:51
9,Down,2026-03-19 17:26:16,2026-03-19 17:33:25
8,Blocked,2026-03-19 17:26:19,2026-03-19 17:33:25
7,Blocked,2026-03-19 17:26:32,2026-03-19 17:33:25
1,Running,2026-03-19 17:31:53,2026-03-19 17:33:42
3,Running,2026-03-19 17:31:47,2026-03-19 17:33:42
3,Blocked,2026-03-19 17:33:42,2026-03-19 17:33:46
1,Blocked,2026-03-19 17:33:42,2026-03-19 17:33:49
9,Running,2026-03-19 17:33:25,2026-03-19 17:34:20
10,Starved,2026-03-19 17:27:15,2026-03-19 17:34:20
8,Running,2026-03-19 17:33:25,2026-03-19 17:34:30
3,Running,2026-03-19 17:33:46,2026-03-19 17:34:39
1,Running,2026-03-19 17:33:49,2026-03-19 17:34:41
2,Running,2026-03-19 17:32:51,2026-03-19 17:34:51
3,Blocked,2026-03-19 17:34:39,2026-03-19 17:34:51
2,Blocked,2026-03-19 17:34:51,2026-03-19 17:34:51
1,Blocked,2026-03-19 17:34:41,2026-03-19 17:34:51
10,Running,2026-03-19 17:34:20,2026-03-19 17:35:14
11,Starved,2026-03-19 17:28:11,2026-03-19 17:35:14
3,Running,2026-03-19 17:34:51,2026-03-19 17:35:42
1,Running,2026-03-19 17:34:51,2026-03-19 17:35:45
2,Running,2026-03-19 17:34:51,2026-03-19 17:35:57
9,Down,2026-03-19 17:34:20,2026-03-19 17:36:02
8,Blocked,2026-03-19 17:34:30,2026-03-19 17:36:02
3,Blocked,2026-03-19 17:35:42,2026-03-19 17:36:05
2,Blocked,2026-03-19 17:35:57,2026-03-19 17:36:05
1,Blocked,2026-03-19 17:35:45,2026-03-19 17:36:05
11,Running,2026-03-19 17:35:14,2026-03-19 17:36:10
12,Starved,2026-03-19 17:29:15,2026-03-19 17:36:10
7,Down,2026-03-19 17:33:25,2026-03-19 17:36:26
1,Running,2026-03-19 17:36:05,2026-03-19 17:36:55
10,Starved,2026-03-19 17:35:14,2026-03-19 17:37:01
2,Running,2026-03-19 17:36:05,2026-03-19 17:37:03
3,Running,2026-03-19 17:36:05,2026-03-19 17:37:04
12,Running,2026-03-19 17:36:10,2026-03-19 17:37:09
13,Starved,2026-03-19 17:30:12,2026-03-19 17:37:09
3,Blocked,2026-03-19 17:37:04,2026-03-19 17:37:37
2,Blocked,2026-03-19 17:37:03,2026-03-19 17:37:37
1,Blocked,2026-03-19 17:36:55,2026-03-19 17:37:37
10,Running,2026-03-19 17:37:01,2026-03-19 17:38:05
11,Starved,2026-03-19 17:36:10,2026-03-19 17:38:05
13,Running,2026-03-19 17:37:09,2026-03-19 17:38:07
8,Running,2026-03-19 17:36:02,2026-03-19 17:38:17
10,Starved,2026-03-19 17:38:05,2026-03-19 17:38:20
8,Blocked,2026-03-19 17:38:17,2026-03-19 17:38:20
1,Running,2026-03-19 17:37:37,2026-03-19 17:38:37
1,Blocked,2026-03-19 17:38:37,2026-03-19 17:38:41
11,Running,2026-03-19 17:38:05,2026-03-19 17:39:03
12,Starved,2026-03-19 17:37:09,2026-03-19 17:39:03
10,Running,2026-03-19 17:38:20,2026-03-19 17:39:28
11,Starved,2026-03-19 17:39:03,2026-03-19 17:39:28
8,Running,2026-03-19 17:38:20,2026-03-19 17:39:29
10,Starved,2026-03-19 17:39:28,2026-03-19 17:39:31
8,Blocked,2026-03-19 17:39:29,2026-03-19 17:39:31
1,Running,2026-03-19 17:38:41,2026-03-19 17:39:35
2,Running,2026-03-19 17:37:37,2026-03-19 17:39:36
2,Blocked,2026-03-19 17:39:36,2026-03-19 17:39:39
1,Blocked,2026-03-19 17:39:35,2026-03-19 17:39:39
12,Running,2026-03-19 17:39:03,2026-03-19 17:39:54
13,Starved,2026-03-19 17:38:07,2026-03-19 17:39:54
6,Running,2026-03-19 17:10:09,2026-03-19 17:40:02
6,Starved,2026-03-19 17:40:02,2026-03-19 17:40:11
8,Running,2026-03-19 17:39:31,2026-03-19 17:40:26
2,Running,2026-03-19 17:39:39,2026-03-19 17:40:28
8,Blocked,2026-03-19 17:40:26,2026-03-19 17:40:34
11,Running,2026-03-19 17:39:28,2026-03-19 17:40:35
12,Starved,2026-03-19 17:39:54,2026-03-19 17:40:35
11,Starved,2026-03-19 17:40:35,2026-03-19 17:40:36
3,Running,2026-03-19 17:37:37,2026-03-19 17:40:39
3,Blocked,2026-03-19 17:40:39,2026-03-19 17:40:44
2,Blocked,2026-03-19 17:40:28,2026-03-19 17:40:44
13,Running,2026-03-19 17:39:54,2026-03-19 17:40:56
8,Running,2026-03-19 17:40:34,2026-03-19 17:41:24
11,Running,2026-03-19 17:40:36,2026-03-19 17:41:31
13,Starved,2026-03-19 17:40:56,2026-03-19 17:41:31
8,Blocked,2026-03-19 17:41:24,2026-03-19 17:41:34
3,Running,2026-03-19 17:40:44,2026-03-19 17:41:39
11,Starved,2026-03-19 17:41:31,2026-03-19 17:41:43
1,Running,2026-03-19 17:39:39,2026-03-19 17:41:45
2,Running,2026-03-19 17:40:44,2026-03-19 17:41:47
3,Blocked,2026-03-19 17:41:39,2026-03-19 17:41:57
2,Blocked,2026-03-19 17:41:47,2026-03-19 17:41:57
1,Blocked,2026-03-19 17:41:45,2026-03-19 17:41:57
12,Running,2026-03-19 17:40:35,2026-03-19 17:42:26
10,Running,2026-03-19 17:39:31,2026-03-19 17:42:36
8,Running,2026-03-19 17:41:34,2026-03-19 17:42:36
10,Starved,2026-03-19 17:42:36,2026-03-19 17:42:41
8,Blocked,2026-03-19 17:42:36,2026-03-19 17:42:41
12,Starved,2026-03-19 17:42:26,2026-03-19 17:42:50
1,Running,2026-03-19 17:41:57,2026-03-19 17:42:54
3,Running,2026-03-19 17:41:57,2026-03-19 17:42:59
2,Running,2026-03-19 17:41:57,2026-03-19 17:43:01
3,Blocked,2026-03-19 17:42:59,2026-03-19 17:43:10
2,Blocked,2026-03-19 17:43:01,2026-03-19 17:43:10
1,Blocked,2026-03-19 17:42:54,2026-03-19 17:43:10
10,Running,2026-03-19 17:42:41,2026-03-19 17:43:33
13,Running,2026-03-19 17:41:31,2026-03-19 17:43:38
8,Running,2026-03-19 17:42:41,2026-03-19 17:43:40
13,Starved,2026-03-19 17:43:38,2026-03-19 17:43:55
10,Starved,2026-03-19 17:43:33,2026-03-19 17:43:58
8,Blocked,2026-03-19 17:43:40,2026-03-19 17:43:58
6,Running,2026-03-19 17:40:11,2026-03-19 17:44:01
2,Running,2026-03-19 17:43:10,2026-03-19 17:44:08
6,Starved,2026-03-19 17:44:01,2026-03-19 17:44:09
2,Blocked,2026-03-19 17:44:08,2026-03-19 17:44:15
12,Running,2026-03-19 17:42:50,2026-03-19 17:44:47
11,Running,2026-03-19 17:41:43,2026-03-19 17:44:55
12,Starved,2026-03-19 17:44:47,2026-03-19 17:44:55
11,Starved,2026-03-19 17:44:55,2026-03-19 17:44:59
3,Running,2026-03-19 17:43:10,2026-03-19 17:45:10
2,Running,2026-03-19 17:44:15,2026-03-19 17:45:16
3,Blocked,2026-03-19 17:45:10,2026-03-19 17:45:17
2,Blocked,2026-03-19 17:45:16,2026-03-19 17:45:17
13,Running,2026-03-19 17:43:55,2026-03-19 17:45:51
10,Running,2026-03-19 17:43:58,2026-03-19 17:45:57
10,Starved,2026-03-19 17:45:57,2026-03-19 17:46:02
13,Starved,2026-03-19 17:45:51,2026-03-19 17:46:03
3,Running,2026-03-19 17:45:17,2026-03-19 17:46:06
1,Running,2026-03-19 17:43:10,2026-03-19 17:46:14
3,Blocked,2026-03-19 17:46:06,2026-03-19 17:46:16
1,Blocked,2026-03-19 17:46:14,2026-03-19 17:46:28
11,Running,2026-03-19 17:44:59,2026-03-19 17:47:05
8,Running,2026-03-19 17:43:58,2026-03-19 17:47:06
10,Running,2026-03-19 17:46:02,2026-03-19 17:47:08
11,Starved,2026-03-19 17:47:05,2026-03-19 17:47:08
13,Running,2026-03-19 17:46:03,2026-03-19 17:47:09
3,Running,2026-03-19 17:46:16,2026-03-19 17:47:14
13,Starved,2026-03-19 17:47:09,2026-03-19 17:47:14
3,Blocked,2026-03-19 17:47:14,2026-03-19 17:47:15
10,Starved,2026-03-19 17:47:08,2026-03-19 17:47:29
8,Blocked,2026-03-19 17:47:06,2026-03-19 17:47:29
1,Running,2026-03-19 17:46:28,2026-03-19 17:47:29
1,Blocked,2026-03-19 17:47:29,2026-03-19 17:47:33
11,Running,2026-03-19 17:47:08,2026-03-19 17:48:03
3,Running,2026-03-19 17:47:15,2026-03-19 17:48:20
10,Running,2026-03-19 17:47:29,2026-03-19 17:48:24
11,Starved,2026-03-19 17:48:03,2026-03-19 17:48:24
10,Starved,2026-03-19 17:48:24,2026-03-19 17:48:24
3,Blocked,2026-03-19 17:48:20,2026-03-19 17:48:35
13,Running,2026-03-19 17:47:14,2026-03-19 17:49:05
12,Running,2026-03-19 17:44:55,2026-03-19 17:49:08
13,Starved,2026-03-19 17:49:05,2026-03-19 17:49:08
11,Running,2026-03-19 17:48:24,2026-03-19 17:49:26
12,Starved,2026-03-19 17:49:08,2026-03-19 17:49:26
3,Running,2026-03-19 17:48:35,2026-03-19 17:49:28
10,Running,2026-03-19 17:48:24,2026-03-19 17:49:29
11,Starved,2026-03-19 17:49:26,2026-03-19 17:49:29
8,Running,2026-03-19 17:47:29,2026-03-19 17:49:31
2,Running,2026-03-19 17:45:17,2026-03-19 17:49:34
1,Running,2026-03-19 17:47:33,2026-03-19 17:49:35
10,Starved,2026-03-19 17:49:29,2026-03-19 17:49:35
8,Blocked,2026-03-19 17:49:31,2026-03-19 17:49:35
3,Blocked,2026-03-19 17:49:28,2026-03-19 17:49:46
2,Blocked,2026-03-19 17:49:34,2026-03-19 17:49:46
1,Blocked,2026-03-19 17:49:35,2026-03-19 17:49:46
6,Running,2026-03-19 17:44:09,2026-03-19 17:50:07
6,Starved,2026-03-19 17:50:07,2026-03-19 17:50:09
13,Running,2026-03-19 17:49:08,2026-03-19 17:50:10
12,Running,2026-03-19 17:49:26,2026-03-19 17:50:24
13,Starved,2026-03-19 17:50:10,2026-03-19 17:50:24
10,Running,2026-03-19 17:49:35,2026-03-19 17:50:37
8,Running,2026-03-19 17:49:35,2026-03-19 17:50:40
12,Starved,2026-03-19 17:50:24,2026-03-19 17:50:42
10,Starved,2026-03-19 17:50:37,2026-03-19 17:50:44
8,Blocked,2026-03-19 17:50:40,2026-03-19 17:50:44
1,Running,2026-03-19 17:49:46,2026-03-19 17:50:50
1,Blocked,2026-03-19 17:50:50,2026-03-19 17:50:50
6,Running,2026-03-19 17:50:09,2026-03-19 17:51:03
6,Starved,2026-03-19 17:51:03,2026-03-19 17:51:10
13,Running,2026-03-19 17:50:24,2026-03-19 17:51:28
10,Running,2026-03-19 17:50:44,2026-03-19 17:51:31
12,Running,2026-03-19 17:50:42,2026-03-19 17:51:32
13,Starved,2026-03-19 17:51:28,2026-03-19 17:51:32
12,Starved,2026-03-19 17:51:32,2026-03-19 17:51:34
1,Running,2026-03-19 17:50:50,2026-03-19 17:51:44
8,Running,2026-03-19 17:50:44,2026-03-19 17:51:49
2,Running,2026-03-19 17:49:46,2026-03-19 17:51:50
3,Running,2026-03-19 17:49:46,2026-03-19 17:51:52
3,Blocked,2026-03-19 17:51:52,2026-03-19 17:51:57
2,Blocked,2026-03-19 17:51:50,2026-03-19 17:51:57
1,Blocked,2026-03-19 17:51:44,2026-03-19 17:51:57
10,Starved,2026-03-19 17:51:31,2026-03-19 17:52:02
8,Blocked,2026-03-19 17:51:49,2026-03-19 17:52:02
13,Running,2026-03-19 17:51:32,2026-03-19 17:52:28
12,Running,2026-03-19 17:51:34,2026-03-19 17:52:30
13,Starved,2026-03-19 17:52:28,2026-03-19 17:52:30
11,Running,2026-03-19 17:49:29,2026-03-19 17:52:44
12,Starved,2026-03-19 17:52:30,2026-03-19 17:52:44
2,Running,2026-03-19 17:51:57,2026-03-19 17:52:55
10,Running,2026-03-19 17:52:02,2026-03-19 17:52:55
11,Starved,2026-03-19 17:52:44,2026-03-19 17:52:55
3,Running,2026-03-19 17:51:57,2026-03-19 17:53:03
8,Running,2026-03-19 17:52:02,2026-03-19 17:53:04
3,Blocked,2026-03-19 17:53:03,2026-03-19 17:53:05
2,Blocked,2026-03-19 17:52:55,2026-03-19 17:53:05
10,Starved,2026-03-19 17:52:55,2026-03-19 17:53:16
8,Blocked,2026-03-19 17:53:04,2026-03-19 17:53:16
13,Running,2026-03-19 17:52:30,2026-03-19 17:53:25
12,Running,2026-03-19 17:52:44,2026-03-19 17:53:54
13,Starved,2026-03-19 17:53:25,2026-03-19 17:53:54
1,Running,2026-03-19 17:51:57,2026-03-19 17:53:58
11,Running,2026-03-19 17:52:55,2026-03-19 17:54:04
12,Starved,2026-03-19 17:53:54,2026-03-19 17:54:04
3,Running,2026-03-19 17:53:05,2026-03-19 17:54:10
2,Running,2026-03-19 17:53:05,2026-03-19 17:54:11
11,Starved,2026-03-19 17:54:04,2026-03-19 17:54:17
3,Blocked,2026-03-19 17:54:10,2026-03-19 17:54:43
2,Blocked,2026-03-19 17:54:11,2026-03-19 17:54:43
1,Blocked,2026-03-19 17:53:58,2026-03-19 17:54:43
13,Running,2026-03-19 17:53:54,2026-03-19 17:54:57
12,Running,2026-03-19 17:54:04,2026-03-19 17:55:11
13,Starved,2026-03-19 17:54:57,2026-03-19 17:55:11
11,Running,2026-03-19 17:54:17,2026-03-19 17:55:15
12,Starved,2026-03-19 17:55:11,2026-03-19 17:55:15
11,Starved,2026-03-19 17:55:15,2026-03-19 17:55:17
3,Running,2026-03-19 17:54:43,2026-03-19 17:55:42
1,Running,2026-03-19 17:54:43,2026-03-19 17:55:45
2,Running,2026-03-19 17:54:43,2026-03-19 17:55:48
3,Blocked,2026-03-19 17:55:42,2026-03-19 17:56:07
2,Blocked,2026-03-19 17:55:48,2026-03-19 17:56:07
1,Blocked,2026-03-19 17:55:45,2026-03-19 17:56:07
13,Running,2026-03-19 17:55:11,2026-03-19 17:56:11
6,Running,2026-03-19 17:51:10,2026-03-19 17:56:13
6,Starved,2026-03-19 17:56:13,2026-03-19 17:56:14
11,Running,2026-03-19 17:55:17,2026-03-19 17:56:17
13,Starved,2026-03-19 17:56:11,2026-03-19 17:56:19
11,Starved,2026-03-19 17:56:17,2026-03-19 17:56:25
13,Running,2026-03-19 17:56:19,2026-03-19 17:57:10
1,Running,2026-03-19 17:56:07,2026-03-19 17:57:12
3,Running,2026-03-19 17:56:07,2026-03-19 17:57:17
6,Running,2026-03-19 17:56:14,2026-03-19 17:57:18
2,Running,2026-03-19 17:56:07,2026-03-19 17:57:19
5,Running,2026-03-19 17:09:21,2026-03-19 17:57:21
6,Starved,2026-03-19 17:57:18,2026-03-19 17:57:21
11,Running,2026-03-19 17:56:25,2026-03-19 17:57:28
11,Starved,2026-03-19 17:57:28,2026-03-19 17:57:30
13,Starved,2026-03-19 17:57:10,2026-03-19 17:57:34
5,Starved,2026-03-19 17:57:21,2026-03-19 17:57:34
3,Blocked,2026-03-19 17:57:17,2026-03-19 17:57:34
2,Blocked,2026-03-19 17:57:19,2026-03-19 17:57:34
1,Blocked,2026-03-19 17:57:12,2026-03-19 17:57:34
6,Running,2026-03-19 17:57:21,2026-03-19 17:58:19
3,Running,2026-03-19 17:57:34,2026-03-19 17:58:22
13,Running,2026-03-19 17:57:34,2026-03-19 17:58:25
11,Running,2026-03-19 17:57:30,2026-03-19 17:58:30
1,Running,2026-03-19 17:57:34,2026-03-19 17:58:34
13,Starved,2026-03-19 17:58:25,2026-03-19 17:58:34
5,Running,2026-03-19 17:57:34,2026-03-19 17:58:36
6,Starved,2026-03-19 17:58:19,2026-03-19 17:58:36
2,Running,2026-03-19 17:57:34,2026-03-19 17:58:38
11,Starved,2026-03-19 17:58:30,2026-03-19 17:58:39
5,Starved,2026-03-19 17:58:36,2026-03-19 17:58:47
3,Blocked,2026-03-19 17:58:22,2026-03-19 17:58:47
2,Blocked,2026-03-19 17:58:38,2026-03-19 17:58:47
1,Blocked,2026-03-19 17:58:34,2026-03-19 17:58:47
13,Running,2026-03-19 17:58:34,2026-03-19 17:59:28
12,Running,2026-03-19 17:55:15,2026-03-19 17:59:32
13,Starved,2026-03-19 17:59:28,2026-03-19 17:59:32
6,Running,2026-03-19 17:58:36,2026-03-19 17:59:34
1,Running,2026-03-19 17:58:47,2026-03-19 17:59:42
5,Running,2026-03-19 17:58:47,2026-03-19 17:59:43
6,Starved,2026-03-19 17:59:34,2026-03-19 17:59:43
3,Running,2026-03-19 17:58:47,2026-03-19 17:59:45
2,Running,2026-03-19 17:58:47,2026-03-19 17:59:45
3,Blocked,2026-03-19 17:59:45,2026-03-19 17:59:50
2,Blocked,2026-03-19 17:59:45,2026-03-19 17:59:50
1,Blocked,2026-03-19 17:59:42,2026-03-19 17:59:50
12,Starved,2026-03-19 17:59:32,2026-03-19 17:59:50
13,Running,2026-03-19 17:59:32,2026-03-19 18:00:32
2,Running,2026-03-19 17:59:50,2026-03-19 18:00:41
12,Running,2026-03-19 17:59:50,2026-03-19 18:00:42
13,Starved,2026-03-19 18:00:32,2026-03-19 18:00:42
6,Running,2026-03-19 17:59:43,2026-03-19 18:00:49
12,Starved,2026-03-19 18:00:42,2026-03-19 18:00:52
1,Running,2026-03-19 17:59:50,2026-03-19 18:00:54
2,Blocked,2026-03-19 18:00:41,2026-03-19 18:00:54
1,Blocked,2026-03-19 18:00:54,2026-03-19 18:00:54
8,Running,2026-03-19 17:53:16,2026-03-19 18:01:00
8,Blocked,2026-03-19 18:01:00,2026-03-19 18:01:06
11,Running,2026-03-19 17:58:39,2026-03-19 18:01:44
11,Starved,2026-03-19 18:01:44,2026-03-19 18:01:45
13,Running,2026-03-19 18:00:42,2026-03-19 18:01:46
13,Starved,2026-03-19 18:01:46,2026-03-19 18:01:51
2,Running,2026-03-19 18:00:54,2026-03-19 18:01:51
2,Blocked,2026-03-19 18:01:51,2026-03-19 18:01:53
3,Running,2026-03-19 17:59:50,2026-03-19 18:02:47
2,Running,2026-03-19 18:01:53,2026-03-19 18:02:48
13,Running,2026-03-19 18:01:51,2026-03-19 18:02:49
1,Running,2026-03-19 18:00:54,2026-03-19 18:02:56
13,Starved,2026-03-19 18:02:49,2026-03-19 18:03:01
8,Running,2026-03-19 18:01:06,2026-03-19 18:03:07
3,Blocked,2026-03-19 18:02:47,2026-03-19 18:03:09
2,Blocked,2026-03-19 18:02:48,2026-03-19 18:03:09
1,Blocked,2026-03-19 18:02:56,2026-03-19 18:03:09
8,Blocked,2026-03-19 18:03:07,2026-03-19 18:03:16
2,Running,2026-03-19 18:03:09,2026-03-19 18:04:02
3,Running,2026-03-19 18:03:09,2026-03-19 18:04:05
8,Running,2026-03-19 18:03:16,2026-03-19 18:04:06
1,Running,2026-03-19 18:03:09,2026-03-19 18:04:06
8,Blocked,2026-03-19 18:04:06,2026-03-19 18:04:09
3,Blocked,2026-03-19 18:04:05,2026-03-19 18:04:11
2,Blocked,2026-03-19 18:04:02,2026-03-19 18:04:11
1,Blocked,2026-03-19 18:04:06,2026-03-19 18:04:11
12,Running,2026-03-19 18:00:52,2026-03-19 18:04:52
12,Starved,2026-03-19 18:04:52,2026-03-19 18:05:00
3,Running,2026-03-19 18:04:11,2026-03-19 18:05:02
2,Running,2026-03-19 18:04:11,2026-03-19 18:05:05
1,Running,2026-03-19 18:04:11,2026-03-19 18:05:06
8,Running,2026-03-19 18:04:09,2026-03-19 18:05:07
3,Blocked,2026-03-19 18:05:02,2026-03-19 18:05:12
2,Blocked,2026-03-19 18:05:05,2026-03-19 18:05:12
1,Blocked,2026-03-19 18:05:06,2026-03-19 18:05:12
8,Blocked,2026-03-19 18:05:07,2026-03-19 18:05:27
5,Down,2026-03-19 17:59:43,2026-03-19 18:05:59
13,Running,2026-03-19 18:03:01,2026-03-19 18:06:03
3,Running,2026-03-19 18:05:12,2026-03-19 18:06:04
2,Running,2026-03-19 18:05:12,2026-03-19 18:06:05
3,Blocked,2026-03-19 18:06:04,2026-03-19 18:06:05
2,Blocked,2026-03-19 18:06:05,2026-03-19 18:06:05
12,Running,2026-03-19 18:05:00,2026-03-19 18:06:05
13,Starved,2026-03-19 18:06:03,2026-03-19 18:06:05
12,Starved,2026-03-19 18:06:05,2026-03-19 18:06:10
8,Running,2026-03-19 18:05:27,2026-03-19 18:06:32
8,Blocked,2026-03-19 18:06:32,2026-03-19 18:06:35
6,Starved,2026-03-19 18:00:49,2026-03-19 18:06:48
2,Running,2026-03-19 18:06:05,2026-03-19 18:07:05
2,Blocked,2026-03-19 18:07:05,2026-03-19 18:07:09
13,Running,2026-03-19 18:06:05,2026-03-19 18:07:14
13,Starved,2026-03-19 18:07:14,2026-03-19 18:07:15
11,Running,2026-03-19 18:01:45,2026-03-19 18:07:51
11,Starved,2026-03-19 18:07:51,2026-03-19 18:08:00
1,Running,2026-03-19 18:05:12,2026-03-19 18:08:02
2,Running,2026-03-19 18:07:09,2026-03-19 18:08:12
13,Running,2026-03-19 18:07:15,2026-03-19 18:08:14
2,Blocked,2026-03-19 18:08:12,2026-03-19 18:08:16
1,Blocked,2026-03-19 18:08:02,2026-03-19 18:08:16
13,Starved,2026-03-19 18:08:14,2026-03-19 18:08:20
8,Running,2026-03-19 18:06:35,2026-03-19 18:08:44
6,Running,2026-03-19 18:06:48,2026-03-19 18:08:44
6,Starved,2026-03-19 18:08:44,2026-03-19 18:08:46
11,Running,2026-03-19 18:08:00,2026-03-19 18:08:56
8,Blocked,2026-03-19 18:08:44,2026-03-19 18:08:56
11,Starved,2026-03-19 18:08:56,2026-03-19 18:08:59
1,Running,2026-03-19 18:08:16,2026-03-19 18:09:14
13,Running,2026-03-19 18:08:20,2026-03-19 18:09:17
1,Blocked,2026-03-19 18:09:14,2026-03-19 18:09:18
13,Starved,2026-03-19 18:09:17,2026-03-19 18:09:22
2,Running,2026-03-19 18:08:16,2026-03-19 18:10:21
13,Running,2026-03-19 18:09:22,2026-03-19 18:10:22
2,Blocked,2026-03-19 18:10:21,2026-03-19 18:10:22
13,Starved,2026-03-19 18:10:22,2026-03-19 18:10:27
13,Running,2026-03-19 18:10:27,2026-03-19 18:11:24
13,Starved,2026-03-19 18:11:24,2026-03-19 18:11:26
13,Running,2026-03-19 18:11:26,2026-03-19 18:12:16
1,Running,2026-03-19 18:09:18,2026-03-19 18:12:27
13,Starved,2026-03-19 18:12:16,2026-03-19 18:12:32
1,Blocked,2026-03-19 18:12:27,2026-03-19 18:12:37
10,Running,2026-03-19 17:53:16,2026-03-19 18:12:47
10,Starved,2026-03-19 18:12:47,2026-03-19 18:12:58
12,Running,2026-03-19 18:06:10,2026-03-19 18:13:23
12,Starved,2026-03-19 18:13:23,2026-03-19 18:13:25
10,Running,2026-03-19 18:12:58,2026-03-19 18:13:54
8,Running,2026-03-19 18:08:56,2026-03-19 18:14:03
10,Starved,2026-03-19 18:13:54,2026-03-19 18:14:15
8,Blocked,2026-03-19 18:14:03,2026-03-19 18:14:15
1,Running,2026-03-19 18:12:37,2026-03-19 18:14:30
1,Blocked,2026-03-19 18:14:30,2026-03-19 18:14:34
3,Running,2026-03-19 18:06:05,2026-03-19 18:15:09
12,Running,2026-03-19 18:13:25,2026-03-19 18:15:14
8,Running,2026-03-19 18:14:15,2026-03-19 18:15:14
10,Running,2026-03-19 18:14:15,2026-03-19 18:15:16
8,Blocked,2026-03-19 18:15:14,2026-03-19 18:15:17
12,Starved,2026-03-19 18:15:14,2026-03-19 18:15:30
2,Running,2026-03-19 18:10:22,2026-03-19 18:15:30
3,Blocked,2026-03-19 18:15:09,2026-03-19 18:15:31
2,Blocked,2026-03-19 18:15:30,2026-03-19 18:15:31
10,Down,2026-03-19 18:15:16,2026-03-19 18:16:18
2,Running,2026-03-19 18:15:31,2026-03-19 18:16:26
12,Running,2026-03-19 18:15:30,2026-03-19 18:16:32
2,Blocked,2026-03-19 18:16:26,2026-03-19 18:16:40
11,Running,2026-03-19 18:08:59,2026-03-19 18:16:41
12,Starved,2026-03-19 18:16:32,2026-03-19 18:16:41
8,Running,2026-03-19 18:15:17,2026-03-19 18:17:09
8,Blocked,2026-03-19 18:17:09,2026-03-19 18:17:09
11,Starved,2026-03-19 18:16:41,2026-03-19 18:17:17
1,Running,2026-03-19 18:14:34,2026-03-19 18:17:31
2,Running,2026-03-19 18:16:40,2026-03-19 18:17:43
3,Running,2026-03-19 18:15:31,2026-03-19 18:17:44
3,Blocked,2026-03-19 18:17:44,2026-03-19 18:17:49
2,Blocked,2026-03-19 18:17:43,2026-03-19 18:17:49
1,Blocked,2026-03-19 18:17:31,2026-03-19 18:17:49
12,Running,2026-03-19 18:16:41,2026-03-19 18:17:49
11,Running,2026-03-19 18:17:17,2026-03-19 18:18:13
12,Starved,2026-03-19 18:17:49,2026-03-19 18:18:13
11,Starved,2026-03-19 18:18:13,2026-03-19 18:18:26
3,Running,2026-03-19 18:17:49,2026-03-19 18:18:45
1,Running,2026-03-19 18:17:49,2026-03-19 18:18:46
2,Running,2026-03-19 18:17:49,2026-03-19 18:18:48
13,Running,2026-03-19 18:12:32,2026-03-19 18:18:49
12,Running,2026-03-19 18:18:13,2026-03-19 18:19:08
13,Starved,2026-03-19 18:18:49,2026-03-19 18:19:08
3,Blocked,2026-03-19 18:18:45,2026-03-19 18:19:13
2,Blocked,2026-03-19 18:18:48,2026-03-19 18:19:13
1,Blocked,2026-03-19 18:18:46,2026-03-19 18:19:13
12,Starved,2026-03-19 18:19:08,2026-03-19 18:19:26
7,Running,2026-03-19 17:36:26,2026-03-19 18:19:43
2,Running,2026-03-19 18:19:13,2026-03-19 18:20:04
1,Running,2026-03-19 18:19:13,2026-03-19 18:20:04
3,Running,2026-03-19 18:19:13,2026-03-19 18:20:12
13,Running,2026-03-19 18:19:08,2026-03-19 18:20:13
12,Running,2026-03-19 18:19:26,2026-03-19 18:20:22
13,Starved,2026-03-19 18:20:13,2026-03-19 18:20:22
3,Blocked,2026-03-19 18:20:12,2026-03-19 18:20:30
2,Blocked,2026-03-19 18:20:04,2026-03-19 18:20:30
1,Blocked,2026-03-19 18:20:04,2026-03-19 18:20:30
12,Starved,2026-03-19 18:20:22,2026-03-19 18:20:33
13,Running,2026-03-19 18:20:22,2026-03-19 18:21:23
1,Running,2026-03-19 18:20:30,2026-03-19 18:21:28
3,Running,2026-03-19 18:20:30,2026-03-19 18:21:29
2,Running,2026-03-19 18:20:30,2026-03-19 18:21:32
12,Running,2026-03-19 18:20:33,2026-03-19 18:21:34
13,Starved,2026-03-19 18:21:23,2026-03-19 18:21:34
3,Blocked,2026-03-19 18:21:29,2026-03-19 18:21:34
2,Blocked,2026-03-19 18:21:32,2026-03-19 18:21:34
1,Blocked,2026-03-19 18:21:28,2026-03-19 18:21:34
7,Down,2026-03-19 18:19:43,2026-03-19 18:21:36
12,Starved,2026-03-19 18:21:34,2026-03-19 18:21:41
3,Running,2026-03-19 18:21:34,2026-03-19 18:22:25
2,Running,2026-03-19 18:21:34,2026-03-19 18:22:28
13,Running,2026-03-19 18:21:34,2026-03-19 18:22:32
3,Blocked,2026-03-19 18:22:25,2026-03-19 18:22:37
2,Blocked,2026-03-19 18:22:28,2026-03-19 18:22:37
13,Starved,2026-03-19 18:22:32,2026-03-19 18:22:39
2,Running,2026-03-19 18:22:37,2026-03-19 18:23:30
12,Running,2026-03-19 18:21:41,2026-03-19 18:23:41
1,Running,2026-03-19 18:21:34,2026-03-19 18:23:44
12,Starved,2026-03-19 18:23:41,2026-03-19 18:23:47
3,Running,2026-03-19 18:22:37,2026-03-19 18:23:47
5,Running,2026-03-19 18:05:59,2026-03-19 18:23:49
5,Down,2026-03-19 18:23:49,2026-03-19 18:24:03
3,Blocked,2026-03-19 18:23:47,2026-03-19 18:24:05
2,Blocked,2026-03-19 18:23:30,2026-03-19 18:24:05
1,Blocked,2026-03-19 18:23:44,2026-03-19 18:24:05
13,Running,2026-03-19 18:22:39,2026-03-19 18:24:40
13,Starved,2026-03-19 18:24:40,2026-03-19 18:24:55
2,Running,2026-03-19 18:24:05,2026-03-19 18:25:11
1,Running,2026-03-19 18:24:05,2026-03-19 18:25:15
3,Running,2026-03-19 18:24:05,2026-03-19 18:25:15
3,Blocked,2026-03-19 18:25:15,2026-03-19 18:25:15
2,Blocked,2026-03-19 18:25:11,2026-03-19 18:25:15
1,Blocked,2026-03-19 18:25:15,2026-03-19 18:25:15
13,Running,2026-03-19 18:24:55,2026-03-19 18:25:59
13,Starved,2026-03-19 18:25:59,2026-03-19 18:26:01
1,Running,2026-03-19 18:25:15,2026-03-19 18:26:17
1,Blocked,2026-03-19 18:26:17,2026-03-19 18:26:18
12,Running,2026-03-19 18:23:47,2026-03-19 18:26:54
1,Running,2026-03-19 18:26:18,2026-03-19 18:27:12
2,Running,2026-03-19 18:25:15,2026-03-19 18:27:14
2,Blocked,2026-03-19 18:27:14,2026-03-19 18:27:17
1,Blocked,2026-03-19 18:27:12,2026-03-19 18:27:17
13,Running,2026-03-19 18:26:01,2026-03-19 18:28:02
1,Running,2026-03-19 18:27:17,2026-03-19 18:28:12
1,Blocked,2026-03-19 18:28:12,2026-03-19 18:28:20
12,Down,2026-03-19 18:26:54,2026-03-19 18:28:31
2,Running,2026-03-19 18:27:17,2026-03-19 18:29:16
1,Running,2026-03-19 18:28:20,2026-03-19 18:29:18
3,Running,2026-03-19 18:25:15,2026-03-19 18:29:21
13,Starved,2026-03-19 18:28:02,2026-03-19 18:29:28
3,Blocked,2026-03-19 18:29:21,2026-03-19 18:29:33
2,Blocked,2026-03-19 18:29:16,2026-03-19 18:29:33
1,Blocked,2026-03-19 18:29:18,2026-03-19 18:29:33
1,Running,2026-03-19 18:29:33,2026-03-19 18:30:31
2,Running,2026-03-19 18:29:33,2026-03-19 18:30:32
3,Running,2026-03-19 18:29:33,2026-03-19 18:30:40
3,Blocked,2026-03-19 18:30:40,2026-03-19 18:30:47
2,Blocked,2026-03-19 18:30:32,2026-03-19 18:30:47
1,Blocked,2026-03-19 18:30:31,2026-03-19 18:30:47
13,Running,2026-03-19 18:29:28,2026-03-19 18:31:34
13,Starved,2026-03-19 18:31:34,2026-03-19 18:31:38
1,Running,2026-03-19 18:30:47,2026-03-19 18:31:43
3,Running,2026-03-19 18:30:47,2026-03-19 18:31:48
2,Running,2026-03-19 18:30:47,2026-03-19 18:31:54
3,Blocked,2026-03-19 18:31:48,2026-03-19 18:31:55
2,Blocked,2026-03-19 18:31:54,2026-03-19 18:31:55
1,Blocked,2026-03-19 18:31:43,2026-03-19 18:31:55
1,Running,2026-03-19 18:31:55,2026-03-19 18:32:48
2,Running,2026-03-19 18:31:55,2026-03-19 18:32:51
3,Running,2026-03-19 18:31:55,2026-03-19 18:32:54
6,Running,2026-03-19 18:08:46,2026-03-19 18:33:26
3,Blocked,2026-03-19 18:32:54,2026-03-19 18:33:28
2,Blocked,2026-03-19 18:32:51,2026-03-19 18:33:28
1,Blocked,2026-03-19 18:32:48,2026-03-19 18:33:28
6,Starved,2026-03-19 18:33:26,2026-03-19 18:33:28
13,Running,2026-03-19 18:31:38,2026-03-19 18:33:39
13,Starved,2026-03-19 18:33:39,2026-03-19 18:33:41
1,Running,2026-03-19 18:33:28,2026-03-19 18:34:18
5,Running,2026-03-19 18:24:03,2026-03-19 18:34:21
2,Running,2026-03-19 18:33:28,2026-03-19 18:34:22
3,Running,2026-03-19 18:33:28,2026-03-19 18:34:35
3,Blocked,2026-03-19 18:34:35,2026-03-19 18:34:40
2,Blocked,2026-03-19 18:34:22,2026-03-19 18:34:40
1,Blocked,2026-03-19 18:34:18,2026-03-19 18:34:40
6,Running,2026-03-19 18:33:28,2026-03-19 18:35:28
1,Running,2026-03-19 18:34:40,2026-03-19 18:35:40
3,Running,2026-03-19 18:34:40,2026-03-19 18:35:41
2,Running,2026-03-19 18:34:40,2026-03-19 18:35:44
13,Running,2026-03-19 18:33:41,2026-03-19 18:35:48
13,Starved,2026-03-19 18:35:48,2026-03-19 18:35:49
3,Blocked,2026-03-19 18:35:41,2026-03-19 18:36:19
2,Blocked,2026-03-19 18:35:44,2026-03-19 18:36:19
1,Blocked,2026-03-19 18:35:40,2026-03-19 18:36:19
13,Running,2026-03-19 18:35:49,2026-03-19 18:36:42
13,Starved,2026-03-19 18:36:42,2026-03-19 18:36:50
3,Running,2026-03-19 18:36:19,2026-03-19 18:37:08
2,Running,2026-03-19 18:36:19,2026-03-19 18:37:10
10,Running,2026-03-19 18:16:18,2026-03-19 18:37:16
1,Running,2026-03-19 18:36:19,2026-03-19 18:37:19
3,Blocked,2026-03-19 18:37:08,2026-03-19 18:37:26
2,Blocked,2026-03-19 18:37:10,2026-03-19 18:37:26
1,Blocked,2026-03-19 18:37:19,2026-03-19 18:37:26
13,Running,2026-03-19 18:36:50,2026-03-19 18:37:43
13,Starved,2026-03-19 18:37:43,2026-03-19 18:37:49
3,Running,2026-03-19 18:37:26,2026-03-19 18:38:23
1,Running,2026-03-19 18:37:26,2026-03-19 18:38:24
2,Running,2026-03-19 18:37:26,2026-03-19 18:38:26
11,Running,2026-03-19 18:18:26,2026-03-19 18:38:39
3,Blocked,2026-03-19 18:38:23,2026-03-19 18:38:52
2,Blocked,2026-03-19 18:38:26,2026-03-19 18:38:52
1,Blocked,2026-03-19 18:38:24,2026-03-19 18:38:52
2,Running,2026-03-19 18:38:52,2026-03-19 18:39:57
2,Blocked,2026-03-19 18:39:57,2026-03-19 18:39:58
5,Down,2026-03-19 18:34:21,2026-03-19 18:40:39
13,Running,2026-03-19 18:37:49,2026-03-19 18:40:52
2,Running,2026-03-19 18:39:58,2026-03-19 18:40:54
13,Starved,2026-03-19 18:40:52,2026-03-19 18:40:57
1,Running,2026-03-19 18:38:52,2026-03-19 18:40:59
2,Blocked,2026-03-19 18:40:54,2026-03-19 18:41:03
1,Blocked,2026-03-19 18:40:59,2026-03-19 18:41:03
6,Starved,2026-03-19 18:35:28,2026-03-19 18:41:37
2,Running,2026-03-19 18:41:03,2026-03-19 18:41:54
1,Running,2026-03-19 18:41:03,2026-03-19 18:41:56
12,Running,2026-03-19 18:28:31,2026-03-19 18:41:58
2,Blocked,2026-03-19 18:41:54,2026-03-19 18:42:05
1,Blocked,2026-03-19 18:41:56,2026-03-19 18:42:05
6,Running,2026-03-19 18:41:37,2026-03-19 18:42:29
6,Starved,2026-03-19 18:42:29,2026-03-19 18:42:36
13,Running,2026-03-19 18:40:57,2026-03-19 18:43:08
1,Running,2026-03-19 18:42:05,2026-03-19 18:43:08
1,Blocked,2026-03-19 18:43:08,2026-03-19 18:43:10
3,Running,2026-03-19 18:38:52,2026-03-19 18:44:02
9,Running,2026-03-19 17:36:02,2026-03-19 18:44:05
1,Running,2026-03-19 18:43:10,2026-03-19 18:44:06
3,Blocked,2026-03-19 18:44:02,2026-03-19 18:44:09
8,Running,2026-03-19 18:17:09,2026-03-19 18:44:14
1,Blocked,2026-03-19 18:44:06,2026-03-19 18:44:14
10,Down,2026-03-19 18:37:16,2026-03-19 18:44:27
9,Blocked,2026-03-19 18:44:05,2026-03-19 18:44:27
8,Blocked,2026-03-19 18:44:14,2026-03-19 18:44:27
3,Running,2026-03-19 18:44:09,2026-03-19 18:44:57
2,Running,2026-03-19 18:42:05,2026-03-19 18:45:14
1,Running,2026-03-19 18:44:14,2026-03-19 18:45:18
8,Running,2026-03-19 18:44:27,2026-03-19 18:45:27
9,Running,2026-03-19 18:44:27,2026-03-19 18:45:33
11,Starved,2026-03-19 18:38:39,2026-03-19 18:45:34
9,Blocked,2026-03-19 18:45:33,2026-03-19 18:45:34
8,Blocked,2026-03-19 18:45:27,2026-03-19 18:45:34
6,Running,2026-03-19 18:42:36,2026-03-19 18:45:41
3,Blocked,2026-03-19 18:44:57,2026-03-19 18:45:47
2,Blocked,2026-03-19 18:45:14,2026-03-19 18:45:47
1,Blocked,2026-03-19 18:45:18,2026-03-19 18:45:47
6,Starved,2026-03-19 18:45:41,2026-03-19 18:45:52
12,Starved,2026-03-19 18:41:58,2026-03-19 18:46:30
1,Running,2026-03-19 18:45:47,2026-03-19 18:46:39
2,Running,2026-03-19 18:45:47,2026-03-19 18:46:46
6,Running,2026-03-19 18:45:52,2026-03-19 18:46:46
2,Blocked,2026-03-19 18:46:46,2026-03-19 18:46:49
1,Blocked,2026-03-19 18:46:39,2026-03-19 18:46:49
6,Starved,2026-03-19 18:46:46,2026-03-19 18:46:52
11,Running,2026-03-19 18:45:34,2026-03-19 18:47:19
11,Starved,2026-03-19 18:47:19,2026-03-19 18:47:31
13,Starved,2026-03-19 18:43:08,2026-03-19 18:47:31
8,Running,2026-03-19 18:45:34,2026-03-19 18:47:42
3,Running,2026-03-19 18:45:47,2026-03-19 18:47:45
3,Blocked,2026-03-19 18:47:45,2026-03-19 18:47:46
8,Blocked,2026-03-19 18:47:42,2026-03-19 18:47:47
13,Running,2026-03-19 18:47:31,2026-03-19 18:48:33
13,Starved,2026-03-19 18:48:33,2026-03-19 18:48:37
3,Running,2026-03-19 18:47:46,2026-03-19 18:48:51
8,Running,2026-03-19 18:47:47,2026-03-19 18:48:52
8,Blocked,2026-03-19 18:48:52,2026-03-19 18:48:53
2,Running,2026-03-19 18:46:49,2026-03-19 18:48:54
3,Blocked,2026-03-19 18:48:51,2026-03-19 18:48:59
2,Blocked,2026-03-19 18:48:54,2026-03-19 18:48:59
3,Running,2026-03-19 18:48:59,2026-03-19 18:49:49
2,Running,2026-03-19 18:48:59,2026-03-19 18:50:03
1,Running,2026-03-19 18:46:49,2026-03-19 18:50:06
3,Blocked,2026-03-19 18:49:49,2026-03-19 18:50:13
2,Blocked,2026-03-19 18:50:03,2026-03-19 18:50:13
1,Blocked,2026-03-19 18:50:06,2026-03-19 18:50:13
2,Running,2026-03-19 18:50:13,2026-03-19 18:51:08
1,Running,2026-03-19 18:50:13,2026-03-19 18:51:15
3,Running,2026-03-19 18:50:13,2026-03-19 18:51:18
11,Running,2026-03-19 18:47:31,2026-03-19 18:51:27
11,Starved,2026-03-19 18:51:27,2026-03-19 18:51:28
3,Blocked,2026-03-19 18:51:18,2026-03-19 18:51:33
2,Blocked,2026-03-19 18:51:08,2026-03-19 18:51:33
1,Blocked,2026-03-19 18:51:15,2026-03-19 18:51:33
11,Running,2026-03-19 18:51:28,2026-03-19 18:52:21
2,Running,2026-03-19 18:51:33,2026-03-19 18:52:27
1,Running,2026-03-19 18:51:33,2026-03-19 18:52:29
11,Starved,2026-03-19 18:52:21,2026-03-19 18:52:29
3,Running,2026-03-19 18:51:33,2026-03-19 18:52:33
3,Blocked,2026-03-19 18:52:33,2026-03-19 18:52:36
2,Blocked,2026-03-19 18:52:27,2026-03-19 18:52:36
1,Blocked,2026-03-19 18:52:29,2026-03-19 18:52:36
13,Running,2026-03-19 18:48:37,2026-03-19 18:52:43
13,Starved,2026-03-19 18:52:43,2026-03-19 18:52:50
6,Running,2026-03-19 18:46:52,2026-03-19 18:53:22
1,Running,2026-03-19 18:52:36,2026-03-19 18:53:35
2,Running,2026-03-19 18:52:36,2026-03-19 18:53:36
8,Running,2026-03-19 18:48:53,2026-03-19 18:53:39
3,Running,2026-03-19 18:52:36,2026-03-19 18:53:41
8,Blocked,2026-03-19 18:53:39,2026-03-19 18:53:47
6,Down,2026-03-19 18:53:22,2026-03-19 18:53:49
3,Blocked,2026-03-19 18:53:41,2026-03-19 18:54:03
11,Running,2026-03-19 18:52:29,2026-03-19 18:54:30
3,Down,2026-03-19 18:54:03,2026-03-19 18:54:35
2,Blocked,2026-03-19 18:53:36,2026-03-19 18:54:35
1,Blocked,2026-03-19 18:53:35,2026-03-19 18:54:35
11,Starved,2026-03-19 18:54:30,2026-03-19 18:54:37
8,Running,2026-03-19 18:53:47,2026-03-19 18:54:45
8,Blocked,2026-03-19 18:54:45,2026-03-19 18:54:59
11,Running,2026-03-19 18:54:37,2026-03-19 18:55:33
1,Running,2026-03-19 18:54:35,2026-03-19 18:55:37
11,Starved,2026-03-19 18:55:33,2026-03-19 18:55:38
1,Blocked,2026-03-19 18:55:37,2026-03-19 18:55:43
12,Running,2026-03-19 18:46:30,2026-03-19 18:56:41
12,Starved,2026-03-19 18:56:41,2026-03-19 18:56:46
3,Running,2026-03-19 18:54:35,2026-03-19 18:59:25
3,Blocked,2026-03-19 18:59:25,2026-03-19 18:59:33
12,Running,2026-03-19 18:56:46,2026-03-19 18:59:50
8,Running,2026-03-19 18:54:59,2026-03-19 18:59:54
12,Starved,2026-03-19 18:59:50,2026-03-19 18:59:55
8,Blocked,2026-03-19 18:59:54,2026-03-19 19:00:01
3,Running,2026-03-19 18:59:33,2026-03-19 19:00:25
3,Blocked,2026-03-19 19:00:25,2026-03-19 19:00:44
3,Running,2026-03-19 19:00:44,2026-03-19 19:01:34
3,Blocked,2026-03-19 19:01:34,2026-03-19 19:01:35
3,Running,2026-03-19 19:01:35,2026-03-19 19:02:29
3,Blocked,2026-03-19 19:02:29,2026-03-19 19:02:36
2,Running,2026-03-19 18:54:35,2026-03-19 19:02:56
1,Running,2026-03-19 18:55:43,2026-03-19 19:03:09
3,Running,2026-03-19 19:02:36,2026-03-19 19:03:26
3,Blocked,2026-03-19 19:03:26,2026-03-19 19:03:48
8,Running,2026-03-19 19:00:01,2026-03-19 19:04:11
8,Blocked,2026-03-19 19:04:11,2026-03-19 19:04:11
3,Running,2026-03-19 19:03:48,2026-03-19 19:05:49
3,Blocked,2026-03-19 19:05:49,2026-03-19 19:06:11
3,Running,2026-03-19 19:06:11,2026-03-19 19:07:12
13,Running,2026-03-19 18:52:50,2026-03-19 19:07:14
13,Starved,2026-03-19 19:07:14,2026-03-19 19:07:15
3,Blocked,2026-03-19 19:07:12,2026-03-19 19:07:21
13,Running,2026-03-19 19:07:15,2026-03-19 19:08:12
3,Running,2026-03-19 19:07:21,2026-03-19 19:08:16
3,Blocked,2026-03-19 19:08:16,2026-03-19 19:08:17
13,Starved,2026-03-19 19:08:12,2026-03-19 19:08:20
2,Down,2026-03-19 19:02:56,2026-03-19 19:09:06
1,Blocked,2026-03-19 19:03:09,2026-03-19 19:09:06
8,Running,2026-03-19 19:04:11,2026-03-19 19:09:10
13,Running,2026-03-19 19:08:20,2026-03-19 19:09:16
13,Starved,2026-03-19 19:09:16,2026-03-19 19:09:25
8,Blocked,2026-03-19 19:09:10,2026-03-19 19:09:31
1,Running,2026-03-19 19:09:06,2026-03-19 19:10:02
1,Blocked,2026-03-19 19:10:02,2026-03-19 19:10:13
13,Running,2026-03-19 19:09:25,2026-03-19 19:10:21
13,Starved,2026-03-19 19:10:21,2026-03-19 19:10:26
3,Running,2026-03-19 19:08:17,2026-03-19 19:10:26
3,Blocked,2026-03-19 19:10:26,2026-03-19 19:10:28
3,Running,2026-03-19 19:10:28,2026-03-19 19:11:23
3,Blocked,2026-03-19 19:11:23,2026-03-19 19:11:52
13,Running,2026-03-19 19:10:26,2026-03-19 19:12:11
13,Starved,2026-03-19 19:12:11,2026-03-19 19:12:21
3,Running,2026-03-19 19:11:52,2026-03-19 19:12:45
3,Blocked,2026-03-19 19:12:45,2026-03-19 19:13:01
3,Running,2026-03-19 19:13:01,2026-03-19 19:14:03
3,Blocked,2026-03-19 19:14:03,2026-03-19 19:14:10
8,Down,2026-03-19 19:09:31,2026-03-19 19:14:38
3,Running,2026-03-19 19:14:10,2026-03-19 19:15:12
3,Blocked,2026-03-19 19:15:12,2026-03-19 19:15:16
3,Running,2026-03-19 19:15:16,2026-03-19 19:16:06
13,Running,2026-03-19 19:12:21,2026-03-19 19:16:10
12,Running,2026-03-19 18:59:55,2026-03-19 19:16:14
13,Starved,2026-03-19 19:16:10,2026-03-19 19:16:14
12,Starved,2026-03-19 19:16:14,2026-03-19 19:16:21
3,Blocked,2026-03-19 19:16:06,2026-03-19 19:16:31
12,Running,2026-03-19 19:16:21,2026-03-19 19:17:22
12,Starved,2026-03-19 19:17:22,2026-03-19 19:17:23
3,Running,2026-03-19 19:16:31,2026-03-19 19:17:30
3,Blocked,2026-03-19 19:17:30,2026-03-19 19:17:30
13,Running,2026-03-19 19:16:14,2026-03-19 19:18:14
13,Starved,2026-03-19 19:18:14,2026-03-19 19:18:20
3,Running,2026-03-19 19:17:30,2026-03-19 19:18:33
3,Blocked,2026-03-19 19:18:33,2026-03-19 19:18:52
13,Running,2026-03-19 19:18:20,2026-03-19 19:19:17
13,Starved,2026-03-19 19:19:17,2026-03-19 19:19:23
3,Running,2026-03-19 19:18:52,2026-03-19 19:19:49
13,Running,2026-03-19 19:19:23,2026-03-19 19:20:15
3,Blocked,2026-03-19 19:19:49,2026-03-19 19:20:17
12,Running,2026-03-19 19:17:23,2026-03-19 19:20:19
13,Starved,2026-03-19 19:20:15,2026-03-19 19:20:19
12,Down,2026-03-19 19:20:19,2026-03-19 19:20:54
3,Running,2026-03-19 19:20:17,2026-03-19 19:21:13
13,Running,2026-03-19 19:20:19,2026-03-19 19:21:19
3,Blocked,2026-03-19 19:21:13,2026-03-19 19:21:27
13,Starved,2026-03-19 19:21:19,2026-03-19 19:21:54
13,Running,2026-03-19 19:21:54,2026-03-19 19:22:53
13,Starved,2026-03-19 19:22:53,2026-03-19 19:22:56
3,Running,2026-03-19 19:21:27,2026-03-19 19:23:25
13,Running,2026-03-19 19:22:56,2026-03-19 19:23:46
3,Blocked,2026-03-19 19:23:25,2026-03-19 19:23:48
13,Starved,2026-03-19 19:23:46,2026-03-19 19:23:57
3,Running,2026-03-19 19:23:48,2026-03-19 19:24:50
13,Running,2026-03-19 19:23:57,2026-03-19 19:24:51
3,Blocked,2026-03-19 19:24:50,2026-03-19 19:24:53
13,Starved,2026-03-19 19:24:51,2026-03-19 19:24:54
3,Running,2026-03-19 19:24:53,2026-03-19 19:25:51
13,Running,2026-03-19 19:24:54,2026-03-19 19:25:52
13,Starved,2026-03-19 19:25:52,2026-03-19 19:25:55
3,Blocked,2026-03-19 19:25:51,2026-03-19 19:25:57
1,Running,2026-03-19 19:10:13,2026-03-19 19:26:50
1,Blocked,2026-03-19 19:26:50,2026-03-19 19:26:51
1,Running,2026-03-19 19:26:51,2026-03-19 19:27:45
3,Running,2026-03-19 19:25:57,2026-03-19 19:27:55
1,Blocked,2026-03-19 19:27:45,2026-03-19 19:27:56
3,Blocked,2026-03-19 19:27:55,2026-03-19 19:28:00
13,Running,2026-03-19 19:25:55,2026-03-19 19:28:48
3,Running,2026-03-19 19:28:00,2026-03-19 19:28:52
1,Running,2026-03-19 19:27:56,2026-03-19 19:28:54
1,Blocked,2026-03-19 19:28:54,2026-03-19 19:28:56
3,Blocked,2026-03-19 19:28:52,2026-03-19 19:29:02
1,Running,2026-03-19 19:28:56,2026-03-19 19:29:50
1,Blocked,2026-03-19 19:29:50,2026-03-19 19:29:59
3,Running,2026-03-19 19:29:02,2026-03-19 19:30:02
3,Blocked,2026-03-19 19:30:02,2026-03-19 19:30:03
1,Running,2026-03-19 19:29:59,2026-03-19 19:30:50
1,Blocked,2026-03-19 19:30:50,2026-03-19 19:30:54
3,Running,2026-03-19 19:30:03,2026-03-19 19:30:57
3,Blocked,2026-03-19 19:30:57,2026-03-19 19:31:14
10,Running,2026-03-19 18:44:27,2026-03-19 19:31:37
11,Running,2026-03-19 18:55:38,2026-03-19 19:33:11
3,Running,2026-03-19 19:31:14,2026-03-19 19:33:22
3,Blocked,2026-03-19 19:33:22,2026-03-19 19:33:31
9,Running,2026-03-19 18:45:34,2026-03-19 19:33:59
3,Running,2026-03-19 19:33:31,2026-03-19 19:34:28
10,Down,2026-03-19 19:31:37,2026-03-19 19:34:31
9,Blocked,2026-03-19 19:33:59,2026-03-19 19:34:31
3,Blocked,2026-03-19 19:34:28,2026-03-19 19:34:55
13,Down,2026-03-19 19:28:48,2026-03-19 19:34:59
12,Running,2026-03-19 19:20:54,2026-03-19 19:35:14
9,Running,2026-03-19 19:34:31,2026-03-19 19:35:30
11,Starved,2026-03-19 19:33:11,2026-03-19 19:35:40
9,Blocked,2026-03-19 19:35:30,2026-03-19 19:35:40
3,Running,2026-03-19 19:34:55,2026-03-19 19:35:46
5,Running,2026-03-19 18:40:39,2026-03-19 19:35:56
5,Starved,2026-03-19 19:35:56,2026-03-19 19:36:02
3,Blocked,2026-03-19 19:35:46,2026-03-19 19:36:02
11,Running,2026-03-19 19:35:40,2026-03-19 19:36:37
12,Starved,2026-03-19 19:35:14,2026-03-19 19:36:37
9,Running,2026-03-19 19:35:40,2026-03-19 19:36:41
11,Starved,2026-03-19 19:36:37,2026-03-19 19:36:48
9,Blocked,2026-03-19 19:36:41,2026-03-19 19:36:48
3,Running,2026-03-19 19:36:02,2026-03-19 19:36:53
3,Blocked,2026-03-19 19:36:53,2026-03-19 19:37:01
12,Running,2026-03-19 19:36:37,2026-03-19 19:37:37
11,Running,2026-03-19 19:36:48,2026-03-19 19:37:39
12,Starved,2026-03-19 19:37:37,2026-03-19 19:37:39
11,Starved,2026-03-19 19:37:39,2026-03-19 19:37:52
3,Running,2026-03-19 19:37:01,2026-03-19 19:38:00
5,Running,2026-03-19 19:36:02,2026-03-19 19:38:00
5,Starved,2026-03-19 19:38:00,2026-03-19 19:38:11
3,Blocked,2026-03-19 19:38:00,2026-03-19 19:38:11
12,Running,2026-03-19 19:37:39,2026-03-19 19:38:41
9,Running,2026-03-19 19:36:48,2026-03-19 19:38:46
11,Running,2026-03-19 19:37:52,2026-03-19 19:38:50
12,Starved,2026-03-19 19:38:41,2026-03-19 19:38:50
11,Starved,2026-03-19 19:38:50,2026-03-19 19:38:57
9,Blocked,2026-03-19 19:38:46,2026-03-19 19:38:57
12,Running,2026-03-19 19:38:50,2026-03-19 19:41:58
12,Starved,2026-03-19 19:41:58,2026-03-19 19:41:58
12,Running,2026-03-19 19:41:58,2026-03-19 19:43:56
11,Running,2026-03-19 19:38:57,2026-03-19 19:43:57
12,Starved,2026-03-19 19:43:56,2026-03-19 19:43:57
11,Starved,2026-03-19 19:43:57,2026-03-19 19:43:57
1,Running,2026-03-19 19:30:54,2026-03-19 19:43:58
1,Blocked,2026-03-19 19:43:58,2026-03-19 19:44:01
12,Running,2026-03-19 19:43:57,2026-03-19 19:44:52
12,Starved,2026-03-19 19:44:52,2026-03-19 19:45:00
3,Running,2026-03-19 19:38:11,2026-03-19 19:45:06
5,Running,2026-03-19 19:38:11,2026-03-19 19:45:08
5,Starved,2026-03-19 19:45:08,2026-03-19 19:45:41
3,Blocked,2026-03-19 19:45:06,2026-03-19 19:45:41
12,Running,2026-03-19 19:45:00,2026-03-19 19:45:53
12,Starved,2026-03-19 19:45:53,2026-03-19 19:46:09
12,Running,2026-03-19 19:46:09,2026-03-19 19:47:01
12,Starved,2026-03-19 19:47:01,2026-03-19 19:47:01
3,Running,2026-03-19 19:45:41,2026-03-19 19:47:34
5,Running,2026-03-19 19:45:41,2026-03-19 19:47:45
12,Running,2026-03-19 19:47:01,2026-03-19 19:48:02
5,Starved,2026-03-19 19:47:45,2026-03-19 19:48:03
3,Blocked,2026-03-19 19:47:34,2026-03-19 19:48:03
12,Starved,2026-03-19 19:48:02,2026-03-19 19:48:07
2,Running,2026-03-19 19:09:06,2026-03-19 19:48:43
1,Running,2026-03-19 19:44:01,2026-03-19 19:48:43
11,Running,2026-03-19 19:43:57,2026-03-19 19:49:02
5,Running,2026-03-19 19:48:03,2026-03-19 19:49:06
5,Starved,2026-03-19 19:49:06,2026-03-19 19:49:06
11,Starved,2026-03-19 19:49:02,2026-03-19 19:49:07
12,Running,2026-03-19 19:48:07,2026-03-19 19:50:01
12,Starved,2026-03-19 19:50:01,2026-03-19 19:50:08
5,Running,2026-03-19 19:49:06,2026-03-19 19:51:00
11,Running,2026-03-19 19:49:07,2026-03-19 19:51:00
11,Starved,2026-03-19 19:51:00,2026-03-19 19:51:10
5,Starved,2026-03-19 19:51:00,2026-03-19 19:51:48
12,Running,2026-03-19 19:50:08,2026-03-19 19:52:07
11,Running,2026-03-19 19:51:10,2026-03-19 19:52:08
12,Starved,2026-03-19 19:52:07,2026-03-19 19:52:08
11,Starved,2026-03-19 19:52:08,2026-03-19 19:52:09
5,Running,2026-03-19 19:51:48,2026-03-19 19:52:52
12,Running,2026-03-19 19:52:08,2026-03-19 19:52:56
12,Starved,2026-03-19 19:52:56,2026-03-19 19:53:12
5,Starved,2026-03-19 19:52:52,2026-03-19 19:53:24
11,Running,2026-03-19 19:52:09,2026-03-19 19:54:03
5,Running,2026-03-19 19:53:24,2026-03-19 19:54:16
5,Starved,2026-03-19 19:54:16,2026-03-19 19:54:17
11,Starved,2026-03-19 19:54:03,2026-03-19 19:54:18
5,Running,2026-03-19 19:54:17,2026-03-19 19:55:13
11,Running,2026-03-19 19:54:18,2026-03-19 19:55:18
11,Starved,2026-03-19 19:55:18,2026-03-19 19:55:20
5,Starved,2026-03-19 19:55:13,2026-03-19 19:55:30
12,Running,2026-03-19 19:53:12,2026-03-19 19:56:16
6,Running,2026-03-19 18:53:49,2026-03-19 19:56:17
5,Running,2026-03-19 19:55:30,2026-03-19 19:56:19
6,Starved,2026-03-19 19:56:17,2026-03-19 19:56:19
11,Running,2026-03-19 19:55:20,2026-03-19 19:56:20
12,Starved,2026-03-19 19:56:16,2026-03-19 19:56:20
11,Starved,2026-03-19 19:56:20,2026-03-19 19:56:26
5,Starved,2026-03-19 19:56:19,2026-03-19 19:56:27
6,Running,2026-03-19 19:56:19,2026-03-19 19:57:17
11,Running,2026-03-19 19:56:26,2026-03-19 19:57:22
5,Running,2026-03-19 19:56:27,2026-03-19 19:57:29
3,Down,2026-03-19 19:48:03,2026-03-19 19:57:29
2,Blocked,2026-03-19 19:48:43,2026-03-19 19:57:29
1,Blocked,2026-03-19 19:48:43,2026-03-19 19:57:29
11,Starved,2026-03-19 19:57:22,2026-03-19 19:57:36
5,Starved,2026-03-19 19:57:29,2026-03-19 19:57:36
12,Running,2026-03-19 19:56:20,2026-03-19 19:58:17
1,Running,2026-03-19 19:57:29,2026-03-19 19:58:23
2,Running,2026-03-19 19:57:29,2026-03-19 19:58:30
2,Blocked,2026-03-19 19:58:30,2026-03-19 19:58:36
1,Blocked,2026-03-19 19:58:23,2026-03-19 19:58:36
12,Starved,2026-03-19 19:58:17,2026-03-19 19:58:37
7,Running,2026-03-19 18:21:36,2026-03-19 19:58:47
6,Down,2026-03-19 19:57:17,2026-03-19 19:58:55
2,Running,2026-03-19 19:58:36,2026-03-19 19:59:28
2,Blocked,2026-03-19 19:59:28,2026-03-19 19:59:30
12,Running,2026-03-19 19:58:37,2026-03-19 19:59:36
12,Starved,2026-03-19 19:59:36,2026-03-19 19:59:42
2,Running,2026-03-19 19:59:30,2026-03-19 20:00:29
2,Blocked,2026-03-19 20:00:29,2026-03-19 20:00:31
11,Running,2026-03-19 19:57:36,2026-03-19 20:00:36
11,Starved,2026-03-19 20:00:36,2026-03-19 20:00:45
1,Running,2026-03-19 19:58:36,2026-03-19 20:01:44
1,Blocked,2026-03-19 20:01:44,2026-03-19 20:01:46
11,Running,2026-03-19 20:00:45,2026-03-19 20:01:48
11,Starved,2026-03-19 20:01:48,2026-03-19 20:01:50
1,Running,2026-03-19 20:01:46,2026-03-19 20:02:43
1,Blocked,2026-03-19 20:02:43,2026-03-19 20:02:51
11,Running,2026-03-19 20:01:50,2026-03-19 20:02:59
11,Starved,2026-03-19 20:02:59,2026-03-19 20:03:04
7,Down,2026-03-19 19:58:47,2026-03-19 20:04:11
2,Running,2026-03-19 20:00:31,2026-03-19 20:04:46
2,Blocked,2026-03-19 20:04:46,2026-03-19 20:04:48
12,Running,2026-03-19 19:59:42,2026-03-19 20:04:54
12,Starved,2026-03-19 20:04:54,2026-03-19 20:04:59
5,Running,2026-03-19 19:57:36,2026-03-19 20:05:45
5,Starved,2026-03-19 20:05:45,2026-03-19 20:05:46
11,Running,2026-03-19 20:03:04,2026-03-19 20:05:59
11,Starved,2026-03-19 20:05:59,2026-03-19 20:06:03
1,Running,2026-03-19 20:02:51,2026-03-19 20:06:07
5,Running,2026-03-19 20:05:46,2026-03-19 20:06:40
2,Running,2026-03-19 20:04:48,2026-03-19 20:06:53
2,Blocked,2026-03-19 20:06:53,2026-03-19 20:06:55
5,Starved,2026-03-19 20:06:40,2026-03-19 20:06:59
5,Running,2026-03-19 20:06:59,2026-03-19 20:07:48
12,Running,2026-03-19 20:04:59,2026-03-19 20:08:06
12,Starved,2026-03-19 20:08:06,2026-03-19 20:08:07
5,Starved,2026-03-19 20:07:48,2026-03-19 20:08:08
12,Running,2026-03-19 20:08:07,2026-03-19 20:10:13
12,Down,2026-03-19 20:10:13,2026-03-19 20:10:35
1,Down,2026-03-19 20:06:07,2026-03-19 20:11:11
5,Running,2026-03-19 20:08:08,2026-03-19 20:11:13
5,Starved,2026-03-19 20:11:13,2026-03-19 20:11:20
2,Running,2026-03-19 20:06:55,2026-03-19 20:11:59
2,Blocked,2026-03-19 20:11:59,2026-03-19 20:11:59
5,Running,2026-03-19 20:11:20,2026-03-19 20:12:15
5,Starved,2026-03-19 20:12:15,2026-03-19 20:12:28
11,Running,2026-03-19 20:06:03,2026-03-19 20:13:23
11,Starved,2026-03-19 20:13:23,2026-03-19 20:13:25
5,Running,2026-03-19 20:12:28,2026-03-19 20:13:36
5,Starved,2026-03-19 20:13:36,2026-03-19 20:13:42
2,Running,2026-03-19 20:11:59,2026-03-19 20:13:46
2,Blocked,2026-03-19 20:13:46,2026-03-19 20:14:03
12,Running,2026-03-19 20:10:35,2026-03-19 20:14:29
12,Starved,2026-03-19 20:14:29,2026-03-19 20:14:35
6,Running,2026-03-19 19:58:55,2026-03-19 20:14:36
5,Running,2026-03-19 20:13:42,2026-03-19 20:14:43
6,Starved,2026-03-19 20:14:36,2026-03-19 20:14:43
5,Starved,2026-03-19 20:14:43,2026-03-19 20:14:44
12,Running,2026-03-19 20:14:35,2026-03-19 20:15:32
6,Running,2026-03-19 20:14:43,2026-03-19 20:15:39
12,Starved,2026-03-19 20:15:32,2026-03-19 20:15:40
6,Starved,2026-03-19 20:15:39,2026-03-19 20:15:45
2,Running,2026-03-19 20:14:03,2026-03-19 20:15:53
2,Blocked,2026-03-19 20:15:53,2026-03-19 20:16:03
6,Running,2026-03-19 20:15:45,2026-03-19 20:16:35
5,Running,2026-03-19 20:14:44,2026-03-19 20:16:51
6,Starved,2026-03-19 20:16:35,2026-03-19 20:16:51
2,Running,2026-03-19 20:16:03,2026-03-19 20:16:58
2,Blocked,2026-03-19 20:16:58,2026-03-19 20:17:02
5,Starved,2026-03-19 20:16:51,2026-03-19 20:17:07
11,Running,2026-03-19 20:13:25,2026-03-19 20:17:36
11,Starved,2026-03-19 20:17:36,2026-03-19 20:17:39
6,Running,2026-03-19 20:16:51,2026-03-19 20:17:50
5,Running,2026-03-19 20:17:07,2026-03-19 20:18:14
6,Starved,2026-03-19 20:17:50,2026-03-19 20:18:14
5,Starved,2026-03-19 20:18:14,2026-03-19 20:18:24
8,Running,2026-03-19 19:14:38,2026-03-19 20:18:35
8,Blocked,2026-03-19 20:18:35,2026-03-19 20:18:51
6,Running,2026-03-19 20:18:14,2026-03-19 20:19:11
5,Running,2026-03-19 20:18:24,2026-03-19 20:19:26
6,Starved,2026-03-19 20:19:11,2026-03-19 20:19:26
5,Starved,2026-03-19 20:19:26,2026-03-19 20:19:27
11,Running,2026-03-19 20:17:39,2026-03-19 20:20:20
6,Running,2026-03-19 20:19:26,2026-03-19 20:20:26
6,Starved,2026-03-19 20:20:26,2026-03-19 20:20:27
11,Starved,2026-03-19 20:20:20,2026-03-19 20:20:30
8,Running,2026-03-19 20:18:51,2026-03-19 20:20:37
8,Blocked,2026-03-19 20:20:37,2026-03-19 20:20:56
2,Running,2026-03-19 20:17:02,2026-03-19 20:20:58
6,Running,2026-03-19 20:20:27,2026-03-19 20:21:30
6,Starved,2026-03-19 20:21:30,2026-03-19 20:21:34
8,Running,2026-03-19 20:20:56,2026-03-19 20:21:53
8,Blocked,2026-03-19 20:21:53,2026-03-19 20:22:03
5,Running,2026-03-19 20:19:27,2026-03-19 20:22:31
3,Running,2026-03-19 19:57:29,2026-03-19 20:22:37
5,Starved,2026-03-19 20:22:31,2026-03-19 20:22:39
8,Running,2026-03-19 20:22:03,2026-03-19 20:22:54
8,Blocked,2026-03-19 20:22:54,2026-03-19 20:23:06
8,Running,2026-03-19 20:23:06,2026-03-19 20:24:08
8,Blocked,2026-03-19 20:24:08,2026-03-19 20:24:10
5,Running,2026-03-19 20:22:39,2026-03-19 20:24:33
5,Starved,2026-03-19 20:24:33,2026-03-19 20:24:44
6,Running,2026-03-19 20:21:34,2026-03-19 20:25:29
6,Starved,2026-03-19 20:25:29,2026-03-19 20:25:46
1,Running,2026-03-19 20:11:11,2026-03-19 20:25:55
11,Running,2026-03-19 20:20:30,2026-03-19 20:26:26
11,Starved,2026-03-19 20:26:26,2026-03-19 20:26:29
6,Running,2026-03-19 20:25:46,2026-03-19 20:26:41
5,Running,2026-03-19 20:24:44,2026-03-19 20:26:46
6,Starved,2026-03-19 20:26:41,2026-03-19 20:26:46
4,Running,2026-03-19 15:27:24,2026-03-19 20:26:52
5,Starved,2026-03-19 20:26:46,2026-03-19 20:26:52
11,Running,2026-03-19 20:26:29,2026-03-19 20:27:23
11,Starved,2026-03-19 20:27:23,2026-03-19 20:27:31
6,Running,2026-03-19 20:26:46,2026-03-19 20:27:41
8,Running,2026-03-19 20:24:10,2026-03-19 20:27:55
5,Running,2026-03-19 20:26:52,2026-03-19 20:27:58
6,Starved,2026-03-19 20:27:41,2026-03-19 20:27:58
8,Blocked,2026-03-19 20:27:55,2026-03-19 20:28:04
11,Running,2026-03-19 20:27:31,2026-03-19 20:28:37
11,Starved,2026-03-19 20:28:37,2026-03-19 20:28:41
6,Running,2026-03-19 20:27:58,2026-03-19 20:29:06
11,Running,2026-03-19 20:28:41,2026-03-19 20:29:37
11,Starved,2026-03-19 20:29:37,2026-03-19 20:29:41
8,Running,2026-03-19 20:28:04,2026-03-19 20:29:59
8,Blocked,2026-03-19 20:29:59,2026-03-19 20:30:10
8,Running,2026-03-19 20:30:10,2026-03-19 20:31:09
8,Blocked,2026-03-19 20:31:09,2026-03-19 20:31:12
3,Down,2026-03-19 20:22:37,2026-03-19 20:32:15
8,Running,2026-03-19 20:31:12,2026-03-19 20:33:12
4,Starved,2026-03-19 20:26:52,2026-03-19 20:33:14
8,Blocked,2026-03-19 20:33:12,2026-03-19 20:33:18
11,Running,2026-03-19 20:29:41,2026-03-19 20:33:30
11,Starved,2026-03-19 20:33:30,2026-03-19 20:33:31
2,Down,2026-03-19 20:20:58,2026-03-19 20:34:29
1,Blocked,2026-03-19 20:25:55,2026-03-19 20:34:29
11,Running,2026-03-19 20:33:31,2026-03-19 20:34:35
11,Starved,2026-03-19 20:34:35,2026-03-19 20:34:36
5,Starved,2026-03-19 20:27:58,2026-03-19 20:34:41
1,Running,2026-03-19 20:34:29,2026-03-19 20:35:19
1,Blocked,2026-03-19 20:35:19,2026-03-19 20:35:30
5,Running,2026-03-19 20:34:41,2026-03-19 20:35:35
6,Starved,2026-03-19 20:29:06,2026-03-19 20:35:35
5,Starved,2026-03-19 20:35:35,2026-03-19 20:35:54
11,Running,2026-03-19 20:34:36,2026-03-19 20:36:26
9,Running,2026-03-19 19:38:57,2026-03-19 20:36:29
11,Starved,2026-03-19 20:36:26,2026-03-19 20:36:30
8,Running,2026-03-19 20:33:18,2026-03-19 20:36:31
6,Running,2026-03-19 20:35:35,2026-03-19 20:36:35
5,Running,2026-03-19 20:35:54,2026-03-19 20:37:06
6,Starved,2026-03-19 20:36:35,2026-03-19 20:37:06
5,Starved,2026-03-19 20:37:06,2026-03-19 20:37:22
11,Running,2026-03-19 20:36:30,2026-03-19 20:37:24
11,Starved,2026-03-19 20:37:24,2026-03-19 20:37:31
1,Running,2026-03-19 20:35:30,2026-03-19 20:37:32
6,Running,2026-03-19 20:37:06,2026-03-19 20:38:06
5,Running,2026-03-19 20:37:22,2026-03-19 20:38:26
6,Starved,2026-03-19 20:38:06,2026-03-19 20:38:26
5,Starved,2026-03-19 20:38:26,2026-03-19 20:38:29
11,Running,2026-03-19 20:37:31,2026-03-19 20:38:34
11,Starved,2026-03-19 20:38:34,2026-03-19 20:38:41
1,Down,2026-03-19 20:37:32,2026-03-19 20:39:06
6,Running,2026-03-19 20:38:26,2026-03-19 20:39:21
6,Starved,2026-03-19 20:39:21,2026-03-19 20:39:41
5,Running,2026-03-19 20:38:29,2026-03-19 20:41:28
5,Starved,2026-03-19 20:41:28,2026-03-19 20:41:31
9,Down,2026-03-19 20:36:29,2026-03-19 20:41:50
8,Blocked,2026-03-19 20:36:31,2026-03-19 20:41:50
10,Running,2026-03-19 19:34:31,2026-03-19 20:42:22
8,Running,2026-03-19 20:41:50,2026-03-19 20:42:43
10,Starved,2026-03-19 20:42:22,2026-03-19 20:42:59
8,Blocked,2026-03-19 20:42:43,2026-03-19 20:42:59
12,Running,2026-03-19 20:15:40,2026-03-19 20:43:01
12,Starved,2026-03-19 20:43:01,2026-03-19 20:43:03
5,Running,2026-03-19 20:41:31,2026-03-19 20:43:33
5,Starved,2026-03-19 20:43:33,2026-03-19 20:43:40
8,Running,2026-03-19 20:42:59,2026-03-19 20:43:53
10,Running,2026-03-19 20:42:59,2026-03-19 20:44:06
12,Running,2026-03-19 20:43:03,2026-03-19 20:44:06
12,Starved,2026-03-19 20:44:06,2026-03-19 20:44:06
10,Starved,2026-03-19 20:44:06,2026-03-19 20:44:26
8,Blocked,2026-03-19 20:43:53,2026-03-19 20:44:26
5,Running,2026-03-19 20:43:40,2026-03-19 20:44:35
5,Starved,2026-03-19 20:44:35,2026-03-19 20:44:46
12,Running,2026-03-19 20:44:06,2026-03-19 20:44:59
11,Running,2026-03-19 20:38:41,2026-03-19 20:45:06
12,Starved,2026-03-19 20:44:59,2026-03-19 20:45:06
8,Running,2026-03-19 20:44:26,2026-03-19 20:45:27
10,Running,2026-03-19 20:44:26,2026-03-19 20:45:30
11,Starved,2026-03-19 20:45:06,2026-03-19 20:45:30
10,Starved,2026-03-19 20:45:30,2026-03-19 20:45:30
8,Blocked,2026-03-19 20:45:27,2026-03-19 20:45:30
5,Running,2026-03-19 20:44:46,2026-03-19 20:45:38
5,Starved,2026-03-19 20:45:38,2026-03-19 20:46:01
12,Running,2026-03-19 20:45:06,2026-03-19 20:46:09
11,Running,2026-03-19 20:45:30,2026-03-19 20:46:23
12,Starved,2026-03-19 20:46:09,2026-03-19 20:46:23
11,Starved,2026-03-19 20:46:23,2026-03-19 20:46:29
6,Running,2026-03-19 20:39:41,2026-03-19 20:46:36
5,Running,2026-03-19 20:46:01,2026-03-19 20:46:50
6,Starved,2026-03-19 20:46:36,2026-03-19 20:46:50
5,Starved,2026-03-19 20:46:50,2026-03-19 20:46:58
12,Running,2026-03-19 20:46:23,2026-03-19 20:47:22
11,Running,2026-03-19 20:46:29,2026-03-19 20:47:30
12,Starved,2026-03-19 20:47:22,2026-03-19 20:47:30
11,Starved,2026-03-19 20:47:30,2026-03-19 20:47:33
6,Running,2026-03-19 20:46:50,2026-03-19 20:47:47
5,Running,2026-03-19 20:46:58,2026-03-19 20:47:59
6,Starved,2026-03-19 20:47:47,2026-03-19 20:47:59
5,Starved,2026-03-19 20:47:59,2026-03-19 20:48:13
11,Running,2026-03-19 20:47:33,2026-03-19 20:48:28
11,Starved,2026-03-19 20:48:28,2026-03-19 20:48:28
6,Running,2026-03-19 20:47:59,2026-03-19 20:48:55
5,Running,2026-03-19 20:48:13,2026-03-19 20:49:20
6,Starved,2026-03-19 20:48:55,2026-03-19 20:49:20
5,Starved,2026-03-19 20:49:20,2026-03-19 20:49:45
6,Running,2026-03-19 20:49:20,2026-03-19 20:50:13
10,Running,2026-03-19 20:45:30,2026-03-19 20:50:26
10,Starved,2026-03-19 20:50:26,2026-03-19 20:50:31
5,Running,2026-03-19 20:49:45,2026-03-19 20:50:45
6,Starved,2026-03-19 20:50:13,2026-03-19 20:50:45
5,Starved,2026-03-19 20:50:45,2026-03-19 20:51:04
11,Running,2026-03-19 20:48:28,2026-03-19 20:51:26
10,Running,2026-03-19 20:50:31,2026-03-19 20:51:37
11,Starved,2026-03-19 20:51:26,2026-03-19 20:51:37
8,Running,2026-03-19 20:45:30,2026-03-19 20:51:40
6,Running,2026-03-19 20:50:45,2026-03-19 20:51:46
5,Running,2026-03-19 20:51:04,2026-03-19 20:52:02
6,Starved,2026-03-19 20:51:46,2026-03-19 20:52:02
10,Starved,2026-03-19 20:51:37,2026-03-19 20:52:02
8,Blocked,2026-03-19 20:51:40,2026-03-19 20:52:02
5,Starved,2026-03-19 20:52:02,2026-03-19 20:52:15
11,Running,2026-03-19 20:51:37,2026-03-19 20:52:29
10,Running,2026-03-19 20:52:02,2026-03-19 20:52:58
11,Starved,2026-03-19 20:52:29,2026-03-19 20:52:58
8,Running,2026-03-19 20:52:02,2026-03-19 20:53:02
6,Running,2026-03-19 20:52:02,2026-03-19 20:53:03
10,Starved,2026-03-19 20:52:58,2026-03-19 20:53:08
8,Blocked,2026-03-19 20:53:02,2026-03-19 20:53:08
4,Running,2026-03-19 20:33:14,2026-03-19 20:53:12
6,Starved,2026-03-19 20:53:03,2026-03-19 20:53:19
12,Running,2026-03-19 20:47:30,2026-03-19 20:53:37
11,Running,2026-03-19 20:52:58,2026-03-19 20:53:51
12,Starved,2026-03-19 20:53:37,2026-03-19 20:53:51
10,Running,2026-03-19 20:53:08,2026-03-19 20:54:06
11,Starved,2026-03-19 20:53:51,2026-03-19 20:54:06
10,Starved,2026-03-19 20:54:06,2026-03-19 20:54:09
5,Running,2026-03-19 20:52:15,2026-03-19 20:54:20
12,Running,2026-03-19 20:53:51,2026-03-19 20:54:54
11,Running,2026-03-19 20:54:06,2026-03-19 20:55:07
12,Starved,2026-03-19 20:54:54,2026-03-19 20:55:07
10,Running,2026-03-19 20:54:09,2026-03-19 20:55:15
11,Starved,2026-03-19 20:55:07,2026-03-19 20:55:15
8,Running,2026-03-19 20:53:08,2026-03-19 20:55:19
10,Starved,2026-03-19 20:55:15,2026-03-19 20:55:21
8,Blocked,2026-03-19 20:55:19,2026-03-19 20:55:21
6,Running,2026-03-19 20:53:19,2026-03-19 20:55:28
12,Running,2026-03-19 20:55:07,2026-03-19 20:56:08
11,Running,2026-03-19 20:55:15,2026-03-19 20:56:13
12,Starved,2026-03-19 20:56:08,2026-03-19 20:56:13
10,Running,2026-03-19 20:55:21,2026-03-19 20:56:24
11,Starved,2026-03-19 20:56:13,2026-03-19 20:56:24
10,Starved,2026-03-19 20:56:24,2026-03-19 20:56:27
12,Running,2026-03-19 20:56:13,2026-03-19 20:57:09
11,Running,2026-03-19 20:56:24,2026-03-19 20:57:14
12,Starved,2026-03-19 20:57:09,2026-03-19 20:57:14
11,Starved,2026-03-19 20:57:14,2026-03-19 20:57:29
12,Running,2026-03-19 20:57:14,2026-03-19 20:58:08
3,Running,2026-03-19 20:32:15,2026-03-19 20:58:08
11,Running,2026-03-19 20:57:29,2026-03-19 20:58:26
12,Starved,2026-03-19 20:58:08,2026-03-19 20:58:26
11,Starved,2026-03-19 20:58:26,2026-03-19 20:58:32
2,Running,2026-03-19 20:34:29,2026-03-19 20:59:12
12,Running,2026-03-19 20:58:26,2026-03-19 20:59:26
12,Starved,2026-03-19 20:59:26,2026-03-19 20:59:38
4,Down,2026-03-19 20:53:12,2026-03-19 21:00:32
3,Blocked,2026-03-19 20:58:08,2026-03-19 21:00:32
1,Running,2026-03-19 20:39:06,2026-03-19 21:00:53
5,Starved,2026-03-19 20:54:20,2026-03-19 21:01:31
12,Running,2026-03-19 20:59:38,2026-03-19 21:01:43
12,Starved,2026-03-19 21:01:43,2026-03-19 21:01:45
2,Down,2026-03-19 20:59:12,2026-03-19 21:02:05
1,Blocked,2026-03-19 21:00:53,2026-03-19 21:02:05
3,Running,2026-03-19 21:00:32,2026-03-19 21:02:33
5,Running,2026-03-19 21:01:31,2026-03-19 21:02:36
6,Starved,2026-03-19 20:55:28,2026-03-19 21:02:36
5,Starved,2026-03-19 21:02:36,2026-03-19 21:02:38
3,Blocked,2026-03-19 21:02:33,2026-03-19 21:02:38
6,Running,2026-03-19 21:02:36,2026-03-19 21:03:31
3,Running,2026-03-19 21:02:38,2026-03-19 21:03:35
3,Blocked,2026-03-19 21:03:35,2026-03-19 21:03:40
6,Starved,2026-03-19 21:03:31,2026-03-19 21:03:43
8,Running,2026-03-19 20:55:21,2026-03-19 21:04:14
8,Blocked,2026-03-19 21:04:14,2026-03-19 21:04:17
6,Running,2026-03-19 21:03:43,2026-03-19 21:04:34
6,Starved,2026-03-19 21:04:34,2026-03-19 21:04:42
8,Running,2026-03-19 21:04:17,2026-03-19 21:05:17
8,Blocked,2026-03-19 21:05:17,2026-03-19 21:05:27
3,Running,2026-03-19 21:03:40,2026-03-19 21:05:33
5,Running,2026-03-19 21:02:38,2026-03-19 21:05:41
5,Starved,2026-03-19 21:05:41,2026-03-19 21:05:44
3,Blocked,2026-03-19 21:05:33,2026-03-19 21:05:44
8,Running,2026-03-19 21:05:27,2026-03-19 21:06:18
10,Running,2026-03-19 20:56:27,2026-03-19 21:06:26
10,Starved,2026-03-19 21:06:26,2026-03-19 21:06:32
8,Blocked,2026-03-19 21:06:18,2026-03-19 21:06:32
5,Running,2026-03-19 21:05:44,2026-03-19 21:06:38
3,Running,2026-03-19 21:05:44,2026-03-19 21:06:39
5,Starved,2026-03-19 21:06:38,2026-03-19 21:06:42
3,Blocked,2026-03-19 21:06:39,2026-03-19 21:06:42
12,Running,2026-03-19 21:01:45,2026-03-19 21:07:55
12,Starved,2026-03-19 21:07:55,2026-03-19 21:07:59
10,Running,2026-03-19 21:06:32,2026-03-19 21:08:30
8,Running,2026-03-19 21:06:32,2026-03-19 21:08:35
10,Starved,2026-03-19 21:08:30,2026-03-19 21:08:38
8,Blocked,2026-03-19 21:08:35,2026-03-19 21:08:38
12,Running,2026-03-19 21:07:59,2026-03-19 21:08:56
12,Starved,2026-03-19 21:08:56,2026-03-19 21:09:08
10,Running,2026-03-19 21:08:38,2026-03-19 21:09:36
10,Starved,2026-03-19 21:09:36,2026-03-19 21:09:36
5,Running,2026-03-19 21:06:42,2026-03-19 21:09:43
3,Running,2026-03-19 21:06:42,2026-03-19 21:09:44
5,Starved,2026-03-19 21:09:43,2026-03-19 21:09:47
3,Blocked,2026-03-19 21:09:44,2026-03-19 21:09:47
1,Running,2026-03-19 21:02:05,2026-03-19 21:09:51
1,Blocked,2026-03-19 21:09:51,2026-03-19 21:10:01
12,Running,2026-03-19 21:09:08,2026-03-19 21:10:04
12,Starved,2026-03-19 21:10:04,2026-03-19 21:10:12
8,Running,2026-03-19 21:08:38,2026-03-19 21:10:38
10,Running,2026-03-19 21:09:36,2026-03-19 21:10:41
10,Starved,2026-03-19 21:10:41,2026-03-19 21:10:45
8,Blocked,2026-03-19 21:10:38,2026-03-19 21:10:45
5,Running,2026-03-19 21:09:47,2026-03-19 21:10:45
3,Running,2026-03-19 21:09:47,2026-03-19 21:10:46
5,Starved,2026-03-19 21:10:45,2026-03-19 21:10:54
3,Blocked,2026-03-19 21:10:46,2026-03-19 21:10:54
1,Running,2026-03-19 21:10:01,2026-03-19 21:10:57
1,Blocked,2026-03-19 21:10:57,2026-03-19 21:11:00
6,Running,2026-03-19 21:04:42,2026-03-19 21:11:46
3,Running,2026-03-19 21:10:54,2026-03-19 21:11:53
3,Blocked,2026-03-19 21:11:53,2026-03-19 21:11:55
1,Running,2026-03-19 21:11:00,2026-03-19 21:11:58
1,Blocked,2026-03-19 21:11:58,2026-03-19 21:12:00
6,Starved,2026-03-19 21:11:46,2026-03-19 21:12:02
12,Running,2026-03-19 21:10:12,2026-03-19 21:12:07
12,Starved,2026-03-19 21:12:07,2026-03-19 21:12:07
10,Running,2026-03-19 21:10:45,2026-03-19 21:12:34
10,Starved,2026-03-19 21:12:34,2026-03-19 21:12:35
3,Running,2026-03-19 21:11:55,2026-03-19 21:12:55
6,Running,2026-03-19 21:12:02,2026-03-19 21:12:58
1,Running,2026-03-19 21:12:00,2026-03-19 21:13:02
1,Blocked,2026-03-19 21:13:02,2026-03-19 21:13:02
5,Running,2026-03-19 21:10:54,2026-03-19 21:13:04
6,Starved,2026-03-19 21:12:58,2026-03-19 21:13:04
5,Starved,2026-03-19 21:13:04,2026-03-19 21:13:16
3,Blocked,2026-03-19 21:12:55,2026-03-19 21:13:16
8,Running,2026-03-19 21:10:45,2026-03-19 21:13:34
8,Blocked,2026-03-19 21:13:34,2026-03-19 21:13:34
5,Running,2026-03-19 21:13:16,2026-03-19 21:14:06
12,Running,2026-03-19 21:12:07,2026-03-19 21:14:09
12,Starved,2026-03-19 21:14:09,2026-03-19 21:14:13
5,Starved,2026-03-19 21:14:06,2026-03-19 21:14:15
8,Running,2026-03-19 21:13:34,2026-03-19 21:14:27
8,Blocked,2026-03-19 21:14:27,2026-03-19 21:14:33
6,Running,2026-03-19 21:13:04,2026-03-19 21:15:08
5,Running,2026-03-19 21:14:15,2026-03-19 21:15:10
6,Starved,2026-03-19 21:15:08,2026-03-19 21:15:10
12,Running,2026-03-19 21:14:13,2026-03-19 21:15:19
12,Starved,2026-03-19 21:15:19,2026-03-19 21:15:20
3,Running,2026-03-19 21:13:16,2026-03-19 21:15:24
5,Starved,2026-03-19 21:15:10,2026-03-19 21:15:25
3,Blocked,2026-03-19 21:15:24,2026-03-19 21:15:25
8,Running,2026-03-19 21:14:33,2026-03-19 21:15:33
8,Blocked,2026-03-19 21:15:33,2026-03-19 21:15:40
12,Running,2026-03-19 21:15:20,2026-03-19 21:16:15
6,Running,2026-03-19 21:15:10,2026-03-19 21:16:20
3,Running,2026-03-19 21:15:25,2026-03-19 21:16:20
3,Blocked,2026-03-19 21:16:20,2026-03-19 21:16:20
6,Starved,2026-03-19 21:16:20,2026-03-19 21:16:25
11,Running,2026-03-19 20:58:32,2026-03-19 21:16:31
12,Starved,2026-03-19 21:16:15,2026-03-19 21:16:31
12,Running,2026-03-19 21:16:31,2026-03-19 21:17:33
8,Running,2026-03-19 21:15:40,2026-03-19 21:17:43
10,Running,2026-03-19 21:12:35,2026-03-19 21:17:50
10,Starved,2026-03-19 21:17:50,2026-03-19 21:17:55
8,Blocked,2026-03-19 21:17:43,2026-03-19 21:17:55
1,Running,2026-03-19 21:13:02,2026-03-19 21:18:00
1,Blocked,2026-03-19 21:18:00,2026-03-19 21:18:00
6,Running,2026-03-19 21:16:25,2026-03-19 21:18:21
6,Starved,2026-03-19 21:18:21,2026-03-19 21:18:28
13,Running,2026-03-19 19:34:59,2026-03-19 21:18:51
8,Running,2026-03-19 21:17:55,2026-03-19 21:18:53
8,Blocked,2026-03-19 21:18:53,2026-03-19 21:18:54
11,Down,2026-03-19 21:16:31,2026-03-19 21:19:14
3,Running,2026-03-19 21:16:20,2026-03-19 21:19:17
3,Blocked,2026-03-19 21:19:17,2026-03-19 21:19:25
12,Starved,2026-03-19 21:17:33,2026-03-19 21:20:14
3,Running,2026-03-19 21:19:25,2026-03-19 21:20:28
6,Running,2026-03-19 21:18:28,2026-03-19 21:20:32
3,Blocked,2026-03-19 21:20:28,2026-03-19 21:20:33
6,Starved,2026-03-19 21:20:32,2026-03-19 21:20:35
10,Running,2026-03-19 21:17:55,2026-03-19 21:20:54
8,Running,2026-03-19 21:18:54,2026-03-19 21:20:55
9,Running,2026-03-19 20:41:50,2026-03-19 21:20:59
10,Starved,2026-03-19 21:20:54,2026-03-19 21:20:59
12,Running,2026-03-19 21:20:14,2026-03-19 21:21:04
13,Starved,2026-03-19 21:18:51,2026-03-19 21:21:04
12,Starved,2026-03-19 21:21:04,2026-03-19 21:21:13
5,Running,2026-03-19 21:15:25,2026-03-19 21:21:31
3,Running,2026-03-19 21:20:33,2026-03-19 21:21:36
5,Starved,2026-03-19 21:21:31,2026-03-19 21:21:57
3,Blocked,2026-03-19 21:21:36,2026-03-19 21:21:57
10,Running,2026-03-19 21:20:59,2026-03-19 21:22:01
13,Running,2026-03-19 21:21:04,2026-03-19 21:22:10
12,Running,2026-03-19 21:21:13,2026-03-19 21:22:14
13,Starved,2026-03-19 21:22:10,2026-03-19 21:22:14
12,Starved,2026-03-19 21:22:14,2026-03-19 21:22:22
6,Running,2026-03-19 21:20:35,2026-03-19 21:22:45
3,Running,2026-03-19 21:21:57,2026-03-19 21:22:49
3,Blocked,2026-03-19 21:22:49,2026-03-19 21:22:51
6,Starved,2026-03-19 21:22:45,2026-03-19 21:22:58
1,Running,2026-03-19 21:18:00,2026-03-19 21:23:00
1,Blocked,2026-03-19 21:23:00,2026-03-19 21:23:01
13,Running,2026-03-19 21:22:14,2026-03-19 21:23:10
13,Starved,2026-03-19 21:23:10,2026-03-19 21:23:26
3,Running,2026-03-19 21:22:51,2026-03-19 21:23:49
6,Running,2026-03-19 21:22:58,2026-03-19 21:23:55
3,Blocked,2026-03-19 21:23:49,2026-03-19 21:23:57
6,Starved,2026-03-19 21:23:55,2026-03-19 21:23:59
9,Down,2026-03-19 21:20:59,2026-03-19 21:24:08
8,Blocked,2026-03-19 21:20:55,2026-03-19 21:24:08
12,Running,2026-03-19 21:22:22,2026-03-19 21:24:22
12,Starved,2026-03-19 21:24:22,2026-03-19 21:24:29
6,Running,2026-03-19 21:23:59,2026-03-19 21:24:50
3,Running,2026-03-19 21:23:57,2026-03-19 21:25:00
8,Running,2026-03-19 21:24:08,2026-03-19 21:25:09
5,Running,2026-03-19 21:21:57,2026-03-19 21:25:10
6,Starved,2026-03-19 21:24:50,2026-03-19 21:25:10
5,Starved,2026-03-19 21:25:10,2026-03-19 21:25:14
3,Blocked,2026-03-19 21:25:00,2026-03-19 21:25:14
13,Running,2026-03-19 21:23:26,2026-03-19 21:25:24
13,Starved,2026-03-19 21:25:24,2026-03-19 21:25:27
10,Starved,2026-03-19 21:22:01,2026-03-19 21:25:37
8,Blocked,2026-03-19 21:25:09,2026-03-19 21:25:37
5,Running,2026-03-19 21:25:14,2026-03-19 21:26:04
5,Starved,2026-03-19 21:26:04,2026-03-19 21:26:09
11,Running,2026-03-19 21:19:14,2026-03-19 21:26:17
11,Starved,2026-03-19 21:26:17,2026-03-19 21:26:45
5,Running,2026-03-19 21:26:09,2026-03-19 21:27:09
5,Starved,2026-03-19 21:27:09,2026-03-19 21:27:11
12,Running,2026-03-19 21:24:29,2026-03-19 21:27:18
11,Running,2026-03-19 21:26:45,2026-03-19 21:27:46
12,Starved,2026-03-19 21:27:18,2026-03-19 21:27:46
11,Starved,2026-03-19 21:27:46,2026-03-19 21:27:52
5,Running,2026-03-19 21:27:11,2026-03-19 21:28:10
5,Starved,2026-03-19 21:28:10,2026-03-19 21:28:20
13,Running,2026-03-19 21:25:27,2026-03-19 21:28:34
12,Running,2026-03-19 21:27:46,2026-03-19 21:28:36
13,Starved,2026-03-19 21:28:34,2026-03-19 21:28:36
12,Starved,2026-03-19 21:28:36,2026-03-19 21:29:04
6,Running,2026-03-19 21:25:10,2026-03-19 21:29:11
5,Running,2026-03-19 21:28:20,2026-03-19 21:29:18
6,Starved,2026-03-19 21:29:11,2026-03-19 21:29:18
3,Running,2026-03-19 21:25:14,2026-03-19 21:29:28
13,Running,2026-03-19 21:28:36,2026-03-19 21:29:34
5,Starved,2026-03-19 21:29:18,2026-03-19 21:29:53
3,Blocked,2026-03-19 21:29:28,2026-03-19 21:29:53
11,Running,2026-03-19 21:27:52,2026-03-19 21:29:57
11,Starved,2026-03-19 21:29:57,2026-03-19 21:30:00
13,Starved,2026-03-19 21:29:34,2026-03-19 21:30:07
6,Running,2026-03-19 21:29:18,2026-03-19 21:30:17
3,Running,2026-03-19 21:29:53,2026-03-19 21:30:45
5,Running,2026-03-19 21:29:53,2026-03-19 21:30:51
6,Starved,2026-03-19 21:30:17,2026-03-19 21:30:51
11,Running,2026-03-19 21:30:00,2026-03-19 21:30:55
11,Starved,2026-03-19 21:30:55,2026-03-19 21:30:59
13,Running,2026-03-19 21:30:07,2026-03-19 21:31:01
5,Starved,2026-03-19 21:30:51,2026-03-19 21:31:11
3,Blocked,2026-03-19 21:30:45,2026-03-19 21:31:11
13,Starved,2026-03-19 21:31:01,2026-03-19 21:31:12
6,Running,2026-03-19 21:30:51,2026-03-19 21:31:50
13,Running,2026-03-19 21:31:12,2026-03-19 21:31:59
5,Running,2026-03-19 21:31:11,2026-03-19 21:32:06
6,Starved,2026-03-19 21:31:50,2026-03-19 21:32:06
5,Starved,2026-03-19 21:32:06,2026-03-19 21:32:09
13,Starved,2026-03-19 21:31:59,2026-03-19 21:32:17
11,Running,2026-03-19 21:30:59,2026-03-19 21:32:55
11,Starved,2026-03-19 21:32:55,2026-03-19 21:32:56
6,Running,2026-03-19 21:32:06,2026-03-19 21:33:06
6,Starved,2026-03-19 21:33:06,2026-03-19 21:33:08
13,Running,2026-03-19 21:32:17,2026-03-19 21:33:15
13,Starved,2026-03-19 21:33:15,2026-03-19 21:33:21
11,Running,2026-03-19 21:32:56,2026-03-19 21:33:50
11,Starved,2026-03-19 21:33:50,2026-03-19 21:33:53
1,Running,2026-03-19 21:23:01,2026-03-19 21:33:56
1,Blocked,2026-03-19 21:33:56,2026-03-19 21:33:56
13,Running,2026-03-19 21:33:21,2026-03-19 21:34:25
13,Starved,2026-03-19 21:34:25,2026-03-19 21:34:26
5,Running,2026-03-19 21:32:09,2026-03-19 21:34:58
5,Starved,2026-03-19 21:34:58,2026-03-19 21:35:03
5,Running,2026-03-19 21:35:03,2026-03-19 21:36:09
3,Running,2026-03-19 21:31:11,2026-03-19 21:36:16
5,Starved,2026-03-19 21:36:09,2026-03-19 21:36:18
3,Blocked,2026-03-19 21:36:16,2026-03-19 21:36:18
10,Running,2026-03-19 21:25:37,2026-03-19 21:36:36
1,Running,2026-03-19 21:33:56,2026-03-19 21:36:40
10,Starved,2026-03-19 21:36:36,2026-03-19 21:36:48
1,Blocked,2026-03-19 21:36:40,2026-03-19 21:36:53
6,Running,2026-03-19 21:33:08,2026-03-19 21:37:07
5,Running,2026-03-19 21:36:18,2026-03-19 21:37:14
6,Starved,2026-03-19 21:37:07,2026-03-19 21:37:14
3,Running,2026-03-19 21:36:18,2026-03-19 21:37:14
5,Starved,2026-03-19 21:37:14,2026-03-19 21:37:30
3,Blocked,2026-03-19 21:37:14,2026-03-19 21:37:30
10,Running,2026-03-19 21:36:48,2026-03-19 21:37:40
1,Running,2026-03-19 21:36:53,2026-03-19 21:37:44
10,Starved,2026-03-19 21:37:40,2026-03-19 21:37:47
1,Blocked,2026-03-19 21:37:44,2026-03-19 21:37:52
13,Running,2026-03-19 21:34:26,2026-03-19 21:38:08
6,Running,2026-03-19 21:37:14,2026-03-19 21:38:08
13,Starved,2026-03-19 21:38:08,2026-03-19 21:38:15
5,Running,2026-03-19 21:37:30,2026-03-19 21:38:23
6,Starved,2026-03-19 21:38:08,2026-03-19 21:38:23
3,Running,2026-03-19 21:37:30,2026-03-19 21:38:34
1,Running,2026-03-19 21:37:52,2026-03-19 21:38:55
1,Blocked,2026-03-19 21:38:55,2026-03-19 21:39:02
5,Starved,2026-03-19 21:38:23,2026-03-19 21:39:02
3,Blocked,2026-03-19 21:38:34,2026-03-19 21:39:02
13,Running,2026-03-19 21:38:15,2026-03-19 21:39:10
6,Running,2026-03-19 21:38:23,2026-03-19 21:39:15
13,Starved,2026-03-19 21:39:10,2026-03-19 21:39:18
3,Running,2026-03-19 21:39:02,2026-03-19 21:39:55
5,Running,2026-03-19 21:39:02,2026-03-19 21:40:00
6,Starved,2026-03-19 21:39:15,2026-03-19 21:40:00
5,Starved,2026-03-19 21:40:00,2026-03-19 21:40:06
3,Blocked,2026-03-19 21:39:55,2026-03-19 21:40:06
10,Running,2026-03-19 21:37:47,2026-03-19 21:40:50
5,Running,2026-03-19 21:40:06,2026-03-19 21:40:57
8,Running,2026-03-19 21:25:37,2026-03-19 21:40:59
10,Starved,2026-03-19 21:40:50,2026-03-19 21:41:01
8,Blocked,2026-03-19 21:40:59,2026-03-19 21:41:01
3,Running,2026-03-19 21:40:06,2026-03-19 21:41:06
13,Running,2026-03-19 21:39:18,2026-03-19 21:41:13
12,Running,2026-03-19 21:29:04,2026-03-19 21:41:17
13,Starved,2026-03-19 21:41:13,2026-03-19 21:41:17
12,Starved,2026-03-19 21:41:17,2026-03-19 21:41:17
5,Starved,2026-03-19 21:40:57,2026-03-19 21:41:41
3,Blocked,2026-03-19 21:41:06,2026-03-19 21:41:41
6,Running,2026-03-19 21:40:00,2026-03-19 21:42:13
13,Running,2026-03-19 21:41:17,2026-03-19 21:42:17
13,Starved,2026-03-19 21:42:17,2026-03-19 21:42:28
3,Running,2026-03-19 21:41:41,2026-03-19 21:42:35
5,Running,2026-03-19 21:41:41,2026-03-19 21:42:44
8,Running,2026-03-19 21:41:01,2026-03-19 21:42:51
10,Running,2026-03-19 21:41:01,2026-03-19 21:42:56
1,Running,2026-03-19 21:39:02,2026-03-19 21:42:58
1,Blocked,2026-03-19 21:42:58,2026-03-19 21:42:59
5,Starved,2026-03-19 21:42:44,2026-03-19 21:43:06
3,Blocked,2026-03-19 21:42:35,2026-03-19 21:43:06
10,Starved,2026-03-19 21:42:56,2026-03-19 21:43:19
8,Blocked,2026-03-19 21:42:51,2026-03-19 21:43:19
12,Running,2026-03-19 21:41:17,2026-03-19 21:43:20
12,Starved,2026-03-19 21:43:20,2026-03-19 21:43:23
6,Down,2026-03-19 21:42:13,2026-03-19 21:43:41
1,Running,2026-03-19 21:42:59,2026-03-19 21:44:00
5,Running,2026-03-19 21:43:06,2026-03-19 21:44:05
1,Blocked,2026-03-19 21:44:00,2026-03-19 21:44:06
3,Running,2026-03-19 21:43:06,2026-03-19 21:44:11
10,Running,2026-03-19 21:43:19,2026-03-19 21:44:20
10,Starved,2026-03-19 21:44:20,2026-03-19 21:44:20
5,Starved,2026-03-19 21:44:05,2026-03-19 21:44:28
3,Blocked,2026-03-19 21:44:11,2026-03-19 21:44:28
13,Running,2026-03-19 21:42:28,2026-03-19 21:44:29
13,Starved,2026-03-19 21:44:29,2026-03-19 21:44:33
11,Running,2026-03-19 21:33:53,2026-03-19 21:45:15
10,Running,2026-03-19 21:44:20,2026-03-19 21:45:19
11,Starved,2026-03-19 21:45:15,2026-03-19 21:45:19
10,Starved,2026-03-19 21:45:19,2026-03-19 21:45:22
3,Running,2026-03-19 21:44:28,2026-03-19 21:45:23
5,Running,2026-03-19 21:44:28,2026-03-19 21:45:28
5,Starved,2026-03-19 21:45:28,2026-03-19 21:45:50
3,Blocked,2026-03-19 21:45:23,2026-03-19 21:45:50
11,Running,2026-03-19 21:45:19,2026-03-19 21:46:14
11,Starved,2026-03-19 21:46:14,2026-03-19 21:46:26
3,Running,2026-03-19 21:45:50,2026-03-19 21:46:38
6,Running,2026-03-19 21:43:41,2026-03-19 21:46:42
5,Running,2026-03-19 21:45:50,2026-03-19 21:46:45
6,Starved,2026-03-19 21:46:42,2026-03-19 21:46:45
5,Starved,2026-03-19 21:46:45,2026-03-19 21:46:53
3,Blocked,2026-03-19 21:46:38,2026-03-19 21:46:53
1,Running,2026-03-19 21:44:06,2026-03-19 21:47:05
1,Blocked,2026-03-19 21:47:05,2026-03-19 21:47:08
12,Running,2026-03-19 21:43:23,2026-03-19 21:47:15
8,Running,2026-03-19 21:43:19,2026-03-19 21:47:32
12,Starved,2026-03-19 21:47:15,2026-03-19 21:47:35
6,Running,2026-03-19 21:46:45,2026-03-19 21:47:41
3,Running,2026-03-19 21:46:53,2026-03-19 21:47:54
5,Running,2026-03-19 21:46:53,2026-03-19 21:47:54
6,Starved,2026-03-19 21:47:41,2026-03-19 21:47:54
2,Running,2026-03-19 21:02:05,2026-03-19 21:48:04
8,Down,2026-03-19 21:47:32,2026-03-19 21:48:06
1,Running,2026-03-19 21:47:08,2026-03-19 21:48:07
5,Starved,2026-03-19 21:47:54,2026-03-19 21:48:25
3,Blocked,2026-03-19 21:47:54,2026-03-19 21:48:25
2,Blocked,2026-03-19 21:48:04,2026-03-19 21:48:25
1,Blocked,2026-03-19 21:48:07,2026-03-19 21:48:25
13,Running,2026-03-19 21:44:33,2026-03-19 21:48:29
10,Running,2026-03-19 21:45:22,2026-03-19 21:48:31
13,Starved,2026-03-19 21:48:29,2026-03-19 21:48:37
10,Starved,2026-03-19 21:48:31,2026-03-19 21:48:45
6,Running,2026-03-19 21:47:54,2026-03-19 21:48:58
5,Running,2026-03-19 21:48:25,2026-03-19 21:49:17
6,Starved,2026-03-19 21:48:58,2026-03-19 21:49:17
1,Running,2026-03-19 21:48:25,2026-03-19 21:49:19
2,Running,2026-03-19 21:48:25,2026-03-19 21:49:24
5,Starved,2026-03-19 21:49:17,2026-03-19 21:49:26
2,Blocked,2026-03-19 21:49:24,2026-03-19 21:49:27
1,Blocked,2026-03-19 21:49:19,2026-03-19 21:49:27
12,Running,2026-03-19 21:47:35,2026-03-19 21:49:32
10,Running,2026-03-19 21:48:45,2026-03-19 21:49:40
12,Starved,2026-03-19 21:49:32,2026-03-19 21:49:41
10,Starved,2026-03-19 21:49:40,2026-03-19 21:49:47
6,Running,2026-03-19 21:49:17,2026-03-19 21:50:10
2,Running,2026-03-19 21:49:27,2026-03-19 21:50:25
5,Running,2026-03-19 21:49:26,2026-03-19 21:50:29
6,Starved,2026-03-19 21:50:10,2026-03-19 21:50:29
5,Starved,2026-03-19 21:50:29,2026-03-19 21:50:32
2,Blocked,2026-03-19 21:50:25,2026-03-19 21:50:34
11,Running,2026-03-19 21:46:26,2026-03-19 21:50:35
10,Running,2026-03-19 21:49:47,2026-03-19 21:50:49
11,Starved,2026-03-19 21:50:35,2026-03-19 21:50:49
10,Starved,2026-03-19 21:50:49,2026-03-19 21:50:53
1,Running,2026-03-19 21:49:27,2026-03-19 21:51:28
3,Running,2026-03-19 21:48:25,2026-03-19 21:51:29
5,Running,2026-03-19 21:50:32,2026-03-19 21:51:30
2,Running,2026-03-19 21:50:34,2026-03-19 21:51:31
5,Starved,2026-03-19 21:51:30,2026-03-19 21:51:36
3,Blocked,2026-03-19 21:51:29,2026-03-19 21:51:36
2,Blocked,2026-03-19 21:51:31,2026-03-19 21:51:36
1,Blocked,2026-03-19 21:51:28,2026-03-19 21:51:36
12,Running,2026-03-19 21:49:41,2026-03-19 21:51:40
11,Running,2026-03-19 21:50:49,2026-03-19 21:51:45
12,Starved,2026-03-19 21:51:40,2026-03-19 21:51:45
10,Running,2026-03-19 21:50:53,2026-03-19 21:51:49
11,Starved,2026-03-19 21:51:45,2026-03-19 21:51:49
10,Starved,2026-03-19 21:51:49,2026-03-19 21:51:59
6,Running,2026-03-19 21:50:29,2026-03-19 21:52:30
1,Running,2026-03-19 21:51:36,2026-03-19 21:52:32
3,Running,2026-03-19 21:51:36,2026-03-19 21:52:32
3,Blocked,2026-03-19 21:52:32,2026-03-19 21:52:35
1,Blocked,2026-03-19 21:52:32,2026-03-19 21:52:36
12,Running,2026-03-19 21:51:45,2026-03-19 21:52:37
11,Running,2026-03-19 21:51:49,2026-03-19 21:52:54
12,Starved,2026-03-19 21:52:37,2026-03-19 21:52:54
11,Starved,2026-03-19 21:52:54,2026-03-19 21:53:09
3,Running,2026-03-19 21:52:35,2026-03-19 21:53:28
2,Running,2026-03-19 21:51:36,2026-03-19 21:53:31
1,Running,2026-03-19 21:52:36,2026-03-19 21:53:33
5,Running,2026-03-19 21:51:36,2026-03-19 21:53:47
5,Starved,2026-03-19 21:53:47,2026-03-19 21:53:48
3,Blocked,2026-03-19 21:53:28,2026-03-19 21:53:48
2,Blocked,2026-03-19 21:53:31,2026-03-19 21:53:48
1,Blocked,2026-03-19 21:53:33,2026-03-19 21:53:48
12,Running,2026-03-19 21:52:54,2026-03-19 21:53:48
8,Running,2026-03-19 21:48:06,2026-03-19 21:54:04
10,Running,2026-03-19 21:51:59,2026-03-19 21:54:06
10,Starved,2026-03-19 21:54:06,2026-03-19 21:54:07
8,Blocked,2026-03-19 21:54:04,2026-03-19 21:54:07
12,Starved,2026-03-19 21:53:48,2026-03-19 21:54:20
2,Running,2026-03-19 21:53:48,2026-03-19 21:54:38
1,Running,2026-03-19 21:53:48,2026-03-19 21:54:45
13,Running,2026-03-19 21:48:37,2026-03-19 21:54:52
3,Running,2026-03-19 21:53:48,2026-03-19 21:54:52
5,Running,2026-03-19 21:53:48,2026-03-19 21:54:52
5,Starved,2026-03-19 21:54:52,2026-03-19 21:54:55
3,Blocked,2026-03-19 21:54:52,2026-03-19 21:54:55
2,Blocked,2026-03-19 21:54:38,2026-03-19 21:54:55
1,Blocked,2026-03-19 21:54:45,2026-03-19 21:54:55
8,Running,2026-03-19 21:54:07,2026-03-19 21:55:04
10,Running,2026-03-19 21:54:07,2026-03-19 21:55:14
10,Starved,2026-03-19 21:55:14,2026-03-19 21:55:14
8,Blocked,2026-03-19 21:55:04,2026-03-19 21:55:14
13,Starved,2026-03-19 21:54:52,2026-03-19 21:55:17
7,Running,2026-03-19 20:04:11,2026-03-19 21:55:43
2,Running,2026-03-19 21:54:55,2026-03-19 21:55:53
3,Running,2026-03-19 21:54:55,2026-03-19 21:55:58
5,Running,2026-03-19 21:54:55,2026-03-19 21:56:01
1,Running,2026-03-19 21:54:55,2026-03-19 21:56:02
10,Running,2026-03-19 21:55:14,2026-03-19 21:56:06
13,Running,2026-03-19 21:55:17,2026-03-19 21:56:08
10,Starved,2026-03-19 21:56:06,2026-03-19 21:56:17
13,Starved,2026-03-19 21:56:08,2026-03-19 21:56:23
5,Starved,2026-03-19 21:56:01,2026-03-19 21:56:27
3,Blocked,2026-03-19 21:55:58,2026-03-19 21:56:27
2,Blocked,2026-03-19 21:55:53,2026-03-19 21:56:27
1,Blocked,2026-03-19 21:56:02,2026-03-19 21:56:27
10,Running,2026-03-19 21:56:17,2026-03-19 21:57:15
1,Running,2026-03-19 21:56:27,2026-03-19 21:57:17
5,Running,2026-03-19 21:56:27,2026-03-19 21:57:20
5,Starved,2026-03-19 21:57:20,2026-03-19 21:57:21
2,Running,2026-03-19 21:56:27,2026-03-19 21:57:22
2,Blocked,2026-03-19 21:57:22,2026-03-19 21:57:26
1,Blocked,2026-03-19 21:57:17,2026-03-19 21:57:26
10,Starved,2026-03-19 21:57:15,2026-03-19 21:57:27
12,Running,2026-03-19 21:54:20,2026-03-19 21:58:11
5,Running,2026-03-19 21:57:21,2026-03-19 21:58:13
5,Starved,2026-03-19 21:58:13,2026-03-19 21:58:17
11,Running,2026-03-19 21:53:09,2026-03-19 21:58:19
12,Starved,2026-03-19 21:58:11,2026-03-19 21:58:19
11,Starved,2026-03-19 21:58:19,2026-03-19 21:58:32
7,Down,2026-03-19 21:55:43,2026-03-19 21:58:36
5,Running,2026-03-19 21:58:17,2026-03-19 21:59:08
5,Starved,2026-03-19 21:59:08,2026-03-19 21:59:13
12,Running,2026-03-19 21:58:19,2026-03-19 21:59:13
8,Running,2026-03-19 21:55:14,2026-03-19 21:59:23
10,Running,2026-03-19 21:57:27,2026-03-19 21:59:32
12,Starved,2026-03-19 21:59:13,2026-03-19 21:59:36
10,Starved,2026-03-19 21:59:32,2026-03-19 21:59:44
8,Blocked,2026-03-19 21:59:23,2026-03-19 21:59:44
5,Running,2026-03-19 21:59:13,2026-03-19 22:00:17
13,Running,2026-03-19 21:56:23,2026-03-19 22:00:30
3,Running,2026-03-19 21:56:27,2026-03-19 22:00:31
2,Running,2026-03-19 21:57:26,2026-03-19 22:00:33
1,Running,2026-03-19 21:57:26,2026-03-19 22:00:33
12,Running,2026-03-19 21:59:36,2026-03-19 22:00:38
13,Starved,2026-03-19 22:00:30,2026-03-19 22:00:38
5,Starved,2026-03-19 22:00:17,2026-03-19 22:00:40
3,Blocked,2026-03-19 22:00:31,2026-03-19 22:00:40
2,Blocked,2026-03-19 22:00:33,2026-03-19 22:00:40
1,Blocked,2026-03-19 22:00:33,2026-03-19 22:00:40
10,Running,2026-03-19 21:59:44,2026-03-19 22:00:42
8,Running,2026-03-19 21:59:44,2026-03-19 22:00:43
12,Starved,2026-03-19 22:00:38,2026-03-19 22:00:46
10,Starved,2026-03-19 22:00:42,2026-03-19 22:00:52
8,Blocked,2026-03-19 22:00:43,2026-03-19 22:00:52
1,Running,2026-03-19 22:00:40,2026-03-19 22:01:35
5,Running,2026-03-19 22:00:40,2026-03-19 22:01:38
5,Starved,2026-03-19 22:01:38,2026-03-19 22:01:39
13,Running,2026-03-19 22:00:38,2026-03-19 22:01:42
11,Running,2026-03-19 21:58:32,2026-03-19 22:01:45
10,Running,2026-03-19 22:00:52,2026-03-19 22:01:46
11,Starved,2026-03-19 22:01:45,2026-03-19 22:01:46
13,Starved,2026-03-19 22:01:42,2026-03-19 22:01:48
8,Running,2026-03-19 22:00:52,2026-03-19 22:01:53
1,Blocked,2026-03-19 22:01:35,2026-03-19 22:01:58
10,Starved,2026-03-19 22:01:46,2026-03-19 22:02:07
8,Blocked,2026-03-19 22:01:53,2026-03-19 22:02:07
5,Running,2026-03-19 22:01:39,2026-03-19 22:02:31
5,Starved,2026-03-19 22:02:31,2026-03-19 22:02:35
11,Running,2026-03-19 22:01:46,2026-03-19 22:02:37
13,Running,2026-03-19 22:01:48,2026-03-19 22:02:47
13,Starved,2026-03-19 22:02:47,2026-03-19 22:02:52
8,Running,2026-03-19 22:02:07,2026-03-19 22:03:10
11,Starved,2026-03-19 22:02:37,2026-03-19 22:03:10
13,Running,2026-03-19 22:02:52,2026-03-19 22:03:42
12,Running,2026-03-19 22:00:46,2026-03-19 22:03:51
13,Starved,2026-03-19 22:03:42,2026-03-19 22:03:51
12,Starved,2026-03-19 22:03:51,2026-03-19 22:04:15
5,Running,2026-03-19 22:02:35,2026-03-19 22:04:24
5,Starved,2026-03-19 22:04:24,2026-03-19 22:04:41
13,Running,2026-03-19 22:03:51,2026-03-19 22:04:49
11,Running,2026-03-19 22:03:10,2026-03-19 22:05:07
1,Running,2026-03-19 22:01:58,2026-03-19 22:05:08
13,Starved,2026-03-19 22:04:49,2026-03-19 22:05:15
1,Blocked,2026-03-19 22:05:08,2026-03-19 22:05:18
11,Starved,2026-03-19 22:05:07,2026-03-19 22:05:22
5,Running,2026-03-19 22:04:41,2026-03-19 22:05:46
5,Starved,2026-03-19 22:05:46,2026-03-19 22:06:00
12,Running,2026-03-19 22:04:15,2026-03-19 22:06:11
11,Running,2026-03-19 22:05:22,2026-03-19 22:06:15
12,Starved,2026-03-19 22:06:11,2026-03-19 22:06:15
11,Starved,2026-03-19 22:06:15,2026-03-19 22:06:27
8,Down,2026-03-19 22:03:10,2026-03-19 22:06:27
12,Running,2026-03-19 22:06:15,2026-03-19 22:07:13
1,Running,2026-03-19 22:05:18,2026-03-19 22:07:16
1,Blocked,2026-03-19 22:07:16,2026-03-19 22:07:19
11,Running,2026-03-19 22:06:27,2026-03-19 22:07:23
12,Starved,2026-03-19 22:07:13,2026-03-19 22:07:23
11,Starved,2026-03-19 22:07:23,2026-03-19 22:07:24
6,Down,2026-03-19 21:52:30,2026-03-19 22:08:12
12,Running,2026-03-19 22:07:23,2026-03-19 22:08:18
11,Running,2026-03-19 22:07:24,2026-03-19 22:08:26
12,Starved,2026-03-19 22:08:18,2026-03-19 22:08:26
11,Starved,2026-03-19 22:08:26,2026-03-19 22:08:28
11,Running,2026-03-19 22:08:28,2026-03-19 22:09:26
11,Starved,2026-03-19 22:09:26,2026-03-19 22:09:32
5,Running,2026-03-19 22:06:00,2026-03-19 22:09:47
5,Starved,2026-03-19 22:09:47,2026-03-19 22:09:51
11,Running,2026-03-19 22:09:32,2026-03-19 22:10:29
10,Running,2026-03-19 22:02:07,2026-03-19 22:10:37
11,Starved,2026-03-19 22:10:29,2026-03-19 22:10:37
10,Starved,2026-03-19 22:10:37,2026-03-19 22:10:47
5,Running,2026-03-19 22:09:51,2026-03-19 22:10:51
3,Running,2026-03-19 22:00:40,2026-03-19 22:11:03
5,Starved,2026-03-19 22:10:51,2026-03-19 22:11:08
3,Blocked,2026-03-19 22:11:03,2026-03-19 22:11:08
12,Running,2026-03-19 22:08:26,2026-03-19 22:11:27
11,Running,2026-03-19 22:10:37,2026-03-19 22:11:38
12,Starved,2026-03-19 22:11:27,2026-03-19 22:11:38
11,Starved,2026-03-19 22:11:38,2026-03-19 22:11:58
3,Running,2026-03-19 22:11:08,2026-03-19 22:12:06
5,Running,2026-03-19 22:11:08,2026-03-19 22:12:12
2,Running,2026-03-19 22:00:40,2026-03-19 22:12:14
1,Running,2026-03-19 22:07:19,2026-03-19 22:12:19
5,Starved,2026-03-19 22:12:12,2026-03-19 22:12:20
3,Blocked,2026-03-19 22:12:06,2026-03-19 22:12:20
2,Blocked,2026-03-19 22:12:14,2026-03-19 22:12:20
1,Blocked,2026-03-19 22:12:19,2026-03-19 22:12:20
13,Running,2026-03-19 22:05:15,2026-03-19 22:12:24
12,Running,2026-03-19 22:11:38,2026-03-19 22:12:27
13,Starved,2026-03-19 22:12:24,2026-03-19 22:12:27
12,Starved,2026-03-19 22:12:27,2026-03-19 22:13:05
5,Running,2026-03-19 22:12:20,2026-03-19 22:13:13
1,Running,2026-03-19 22:12:20,2026-03-19 22:13:19
2,Running,2026-03-19 22:12:20,2026-03-19 22:13:21
3,Running,2026-03-19 22:12:20,2026-03-19 22:13:25
5,Starved,2026-03-19 22:13:13,2026-03-19 22:13:27
3,Blocked,2026-03-19 22:13:25,2026-03-19 22:13:27
2,Blocked,2026-03-19 22:13:21,2026-03-19 22:13:27
1,Blocked,2026-03-19 22:13:19,2026-03-19 22:13:27
13,Running,2026-03-19 22:12:27,2026-03-19 22:13:42
12,Running,2026-03-19 22:13:05,2026-03-19 22:13:57
13,Starved,2026-03-19 22:13:42,2026-03-19 22:13:57
12,Starved,2026-03-19 22:13:57,2026-03-19 22:14:08
1,Running,2026-03-19 22:13:27,2026-03-19 22:14:19
2,Running,2026-03-19 22:13:27,2026-03-19 22:14:28
3,Running,2026-03-19 22:13:27,2026-03-19 22:14:30
5,Running,2026-03-19 22:13:27,2026-03-19 22:14:38
5,Starved,2026-03-19 22:14:38,2026-03-19 22:14:44
3,Blocked,2026-03-19 22:14:30,2026-03-19 22:14:44
2,Blocked,2026-03-19 22:14:28,2026-03-19 22:14:44
1,Blocked,2026-03-19 22:14:19,2026-03-19 22:14:44
13,Running,2026-03-19 22:13:57,2026-03-19 22:14:54
10,Running,2026-03-19 22:10:47,2026-03-19 22:14:59
13,Starved,2026-03-19 22:14:54,2026-03-19 22:15:10
10,Starved,2026-03-19 22:14:59,2026-03-19 22:15:23
3,Running,2026-03-19 22:14:44,2026-03-19 22:15:34
1,Running,2026-03-19 22:14:44,2026-03-19 22:15:46
2,Running,2026-03-19 22:14:44,2026-03-19 22:15:47
5,Running,2026-03-19 22:14:44,2026-03-19 22:15:51
12,Running,2026-03-19 22:14:08,2026-03-19 22:16:04
11,Running,2026-03-19 22:11:58,2026-03-19 22:16:10
12,Starved,2026-03-19 22:16:04,2026-03-19 22:16:10
5,Starved,2026-03-19 22:15:51,2026-03-19 22:16:11
3,Blocked,2026-03-19 22:15:34,2026-03-19 22:16:11
2,Blocked,2026-03-19 22:15:47,2026-03-19 22:16:11
1,Blocked,2026-03-19 22:15:46,2026-03-19 22:16:11
11,Starved,2026-03-19 22:16:10,2026-03-19 22:16:25
12,Running,2026-03-19 22:16:10,2026-03-19 22:17:02
5,Running,2026-03-19 22:16:11,2026-03-19 22:17:05
2,Running,2026-03-19 22:16:11,2026-03-19 22:17:10
3,Running,2026-03-19 22:16:11,2026-03-19 22:17:10
1,Running,2026-03-19 22:16:11,2026-03-19 22:17:12
5,Starved,2026-03-19 22:17:05,2026-03-19 22:17:20
3,Blocked,2026-03-19 22:17:10,2026-03-19 22:17:20
2,Blocked,2026-03-19 22:17:10,2026-03-19 22:17:20
1,Blocked,2026-03-19 22:17:12,2026-03-19 22:17:20
11,Running,2026-03-19 22:16:25,2026-03-19 22:17:24
12,Starved,2026-03-19 22:17:02,2026-03-19 22:17:24
11,Starved,2026-03-19 22:17:24,2026-03-19 22:17:27
13,Running,2026-03-19 22:15:10,2026-03-19 22:18:09
5,Running,2026-03-19 22:17:20,2026-03-19 22:18:15
2,Running,2026-03-19 22:17:20,2026-03-19 22:18:15
3,Running,2026-03-19 22:17:20,2026-03-19 22:18:17
1,Running,2026-03-19 22:17:20,2026-03-19 22:18:18
5,Starved,2026-03-19 22:18:15,2026-03-19 22:18:25
3,Blocked,2026-03-19 22:18:17,2026-03-19 22:18:25
2,Blocked,2026-03-19 22:18:15,2026-03-19 22:18:25
1,Blocked,2026-03-19 22:18:18,2026-03-19 22:18:25
11,Running,2026-03-19 22:17:27,2026-03-19 22:18:27
10,Running,2026-03-19 22:15:23,2026-03-19 22:18:30
11,Starved,2026-03-19 22:18:27,2026-03-19 22:18:30
13,Starved,2026-03-19 22:18:09,2026-03-19 22:18:31
10,Starved,2026-03-19 22:18:30,2026-03-19 22:18:32
2,Running,2026-03-19 22:18:25,2026-03-19 22:19:20
3,Running,2026-03-19 22:18:25,2026-03-19 22:19:23
1,Running,2026-03-19 22:18:25,2026-03-19 22:19:24
11,Running,2026-03-19 22:18:30,2026-03-19 22:19:33
5,Running,2026-03-19 22:18:25,2026-03-19 22:19:34
11,Starved,2026-03-19 22:19:33,2026-03-19 22:19:34
13,Running,2026-03-19 22:18:31,2026-03-19 22:19:35
5,Starved,2026-03-19 22:19:34,2026-03-19 22:19:36
3,Blocked,2026-03-19 22:19:23,2026-03-19 22:19:36
2,Blocked,2026-03-19 22:19:20,2026-03-19 22:19:36
1,Blocked,2026-03-19 22:19:24,2026-03-19 22:19:36
13,Starved,2026-03-19 22:19:35,2026-03-19 22:19:39
11,Running,2026-03-19 22:19:34,2026-03-19 22:20:32
11,Starved,2026-03-19 22:20:32,2026-03-19 22:20:35
1,Running,2026-03-19 22:19:36,2026-03-19 22:20:38
3,Running,2026-03-19 22:19:36,2026-03-19 22:20:39
2,Running,2026-03-19 22:19:36,2026-03-19 22:20:42
5,Running,2026-03-19 22:19:36,2026-03-19 22:20:42
5,Starved,2026-03-19 22:20:42,2026-03-19 22:21:02
3,Blocked,2026-03-19 22:20:39,2026-03-19 22:21:02
2,Blocked,2026-03-19 22:20:42,2026-03-19 22:21:02
1,Blocked,2026-03-19 22:20:38,2026-03-19 22:21:02
1,Running,2026-03-19 22:21:02,2026-03-19 22:21:55
1,Blocked,2026-03-19 22:21:55,2026-03-19 22:22:11
5,Running,2026-03-19 22:21:02,2026-03-19 22:23:03
5,Starved,2026-03-19 22:23:03,2026-03-19 22:23:04
2,Running,2026-03-19 22:21:02,2026-03-19 22:23:05
2,Blocked,2026-03-19 22:23:05,2026-03-19 22:23:13
5,Running,2026-03-19 22:23:04,2026-03-19 22:24:05
3,Running,2026-03-19 22:21:02,2026-03-19 22:24:11
2,Running,2026-03-19 22:23:13,2026-03-19 22:24:14
1,Running,2026-03-19 22:22:11,2026-03-19 22:24:15
5,Starved,2026-03-19 22:24:05,2026-03-19 22:24:24
3,Blocked,2026-03-19 22:24:11,2026-03-19 22:24:24
2,Blocked,2026-03-19 22:24:14,2026-03-19 22:24:24
1,Blocked,2026-03-19 22:24:15,2026-03-19 22:24:24
12,Running,2026-03-19 22:17:24,2026-03-19 22:24:44
12,Starved,2026-03-19 22:24:44,2026-03-19 22:24:45
5,Running,2026-03-19 22:24:24,2026-03-19 22:25:21
2,Running,2026-03-19 22:24:24,2026-03-19 22:25:23
1,Running,2026-03-19 22:24:24,2026-03-19 22:25:25
3,Running,2026-03-19 22:24:24,2026-03-19 22:25:26
5,Starved,2026-03-19 22:25:21,2026-03-19 22:25:34
3,Blocked,2026-03-19 22:25:26,2026-03-19 22:25:34
2,Blocked,2026-03-19 22:25:23,2026-03-19 22:25:34
1,Blocked,2026-03-19 22:25:25,2026-03-19 22:25:34
2,Running,2026-03-19 22:25:34,2026-03-19 22:26:35
2,Blocked,2026-03-19 22:26:35,2026-03-19 22:26:36
3,Running,2026-03-19 22:25:34,2026-03-19 22:27:37
2,Running,2026-03-19 22:26:36,2026-03-19 22:27:37
5,Running,2026-03-19 22:25:34,2026-03-19 22:27:40
1,Running,2026-03-19 22:25:34,2026-03-19 22:27:47
5,Starved,2026-03-19 22:27:40,2026-03-19 22:27:54
3,Blocked,2026-03-19 22:27:37,2026-03-19 22:27:54
2,Blocked,2026-03-19 22:27:37,2026-03-19 22:27:54
1,Blocked,2026-03-19 22:27:47,2026-03-19 22:27:54
10,Running,2026-03-19 22:18:32,2026-03-19 22:28:28
10,Starved,2026-03-19 22:28:28,2026-03-19 22:28:34
1,Running,2026-03-19 22:27:54,2026-03-19 22:28:50
3,Running,2026-03-19 22:27:54,2026-03-19 22:28:53
3,Blocked,2026-03-19 22:28:53,2026-03-19 22:28:56
1,Blocked,2026-03-19 22:28:50,2026-03-19 22:28:57
10,Running,2026-03-19 22:28:34,2026-03-19 22:29:37
10,Starved,2026-03-19 22:29:37,2026-03-19 22:29:38
5,Running,2026-03-19 22:27:54,2026-03-19 22:29:50
7,Running,2026-03-19 21:58:36,2026-03-19 22:29:50
2,Running,2026-03-19 22:27:54,2026-03-19 22:29:51
3,Running,2026-03-19 22:28:56,2026-03-19 22:29:58
1,Running,2026-03-19 22:28:57,2026-03-19 22:29:58
5,Starved,2026-03-19 22:29:50,2026-03-19 22:30:10
3,Blocked,2026-03-19 22:29:58,2026-03-19 22:30:10
2,Blocked,2026-03-19 22:29:51,2026-03-19 22:30:10
1,Blocked,2026-03-19 22:29:58,2026-03-19 22:30:10
13,Running,2026-03-19 22:19:39,2026-03-19 22:30:55
13,Starved,2026-03-19 22:30:55,2026-03-19 22:31:03
7,Down,2026-03-19 22:29:50,2026-03-19 22:31:03
1,Running,2026-03-19 22:30:10,2026-03-19 22:31:09
1,Blocked,2026-03-19 22:31:09,2026-03-19 22:31:11
13,Running,2026-03-19 22:31:03,2026-03-19 22:31:57
3,Running,2026-03-19 22:30:10,2026-03-19 22:31:58
13,Starved,2026-03-19 22:31:57,2026-03-19 22:32:02
2,Running,2026-03-19 22:30:10,2026-03-19 22:32:02
1,Running,2026-03-19 22:31:11,2026-03-19 22:32:04
3,Blocked,2026-03-19 22:31:58,2026-03-19 22:32:17
2,Blocked,2026-03-19 22:32:02,2026-03-19 22:32:17
1,Blocked,2026-03-19 22:32:04,2026-03-19 22:32:17
3,Running,2026-03-19 22:32:17,2026-03-19 22:33:05
5,Running,2026-03-19 22:30:10,2026-03-19 22:33:12
2,Running,2026-03-19 22:32:17,2026-03-19 22:33:12
5,Starved,2026-03-19 22:33:12,2026-03-19 22:33:16
3,Blocked,2026-03-19 22:33:05,2026-03-19 22:33:16
2,Blocked,2026-03-19 22:33:12,2026-03-19 22:33:16
5,Running,2026-03-19 22:33:16,2026-03-19 22:34:12
2,Running,2026-03-19 22:33:16,2026-03-19 22:34:13
3,Running,2026-03-19 22:33:16,2026-03-19 22:34:15
5,Starved,2026-03-19 22:34:12,2026-03-19 22:34:18
3,Blocked,2026-03-19 22:34:15,2026-03-19 22:34:18
2,Blocked,2026-03-19 22:34:13,2026-03-19 22:34:18
10,Running,2026-03-19 22:29:38,2026-03-19 22:34:40
10,Starved,2026-03-19 22:34:40,2026-03-19 22:34:43
2,Running,2026-03-19 22:34:18,2026-03-19 22:35:14
3,Running,2026-03-19 22:34:18,2026-03-19 22:35:14
3,Blocked,2026-03-19 22:35:14,2026-03-19 22:35:16
2,Blocked,2026-03-19 22:35:14,2026-03-19 22:35:16
12,Running,2026-03-19 22:24:45,2026-03-19 22:36:09
12,Starved,2026-03-19 22:36:09,2026-03-19 22:36:10
3,Running,2026-03-19 22:35:16,2026-03-19 22:36:15
5,Running,2026-03-19 22:34:18,2026-03-19 22:36:20
2,Running,2026-03-19 22:35:16,2026-03-19 22:36:22
5,Starved,2026-03-19 22:36:20,2026-03-19 22:36:27
3,Blocked,2026-03-19 22:36:15,2026-03-19 22:36:27
2,Blocked,2026-03-19 22:36:22,2026-03-19 22:36:27
10,Running,2026-03-19 22:34:43,2026-03-19 22:36:46
10,Starved,2026-03-19 22:36:46,2026-03-19 22:36:47
12,Running,2026-03-19 22:36:10,2026-03-19 22:37:05
12,Starved,2026-03-19 22:37:05,2026-03-19 22:37:05
5,Running,2026-03-19 22:36:27,2026-03-19 22:37:19
2,Running,2026-03-19 22:36:27,2026-03-19 22:37:21
3,Running,2026-03-19 22:36:27,2026-03-19 22:37:25
5,Starved,2026-03-19 22:37:19,2026-03-19 22:37:34
3,Blocked,2026-03-19 22:37:25,2026-03-19 22:37:34
2,Blocked,2026-03-19 22:37:21,2026-03-19 22:37:34
12,Running,2026-03-19 22:37:05,2026-03-19 22:38:02
12,Starved,2026-03-19 22:38:02,2026-03-19 22:38:08
1,Running,2026-03-19 22:32:17,2026-03-19 22:38:30
2,Running,2026-03-19 22:37:34,2026-03-19 22:38:35
2,Blocked,2026-03-19 22:38:35,2026-03-19 22:38:42
1,Blocked,2026-03-19 22:38:30,2026-03-19 22:38:42
12,Running,2026-03-19 22:38:08,2026-03-19 22:38:59
12,Starved,2026-03-19 22:38:59,2026-03-19 22:39:03
2,Running,2026-03-19 22:38:42,2026-03-19 22:39:30
1,Running,2026-03-19 22:38:42,2026-03-19 22:39:41
2,Blocked,2026-03-19 22:39:30,2026-03-19 22:39:41
1,Blocked,2026-03-19 22:39:41,2026-03-19 22:39:41
12,Running,2026-03-19 22:39:03,2026-03-19 22:39:58
11,Running,2026-03-19 22:20:35,2026-03-19 22:39:59
12,Starved,2026-03-19 22:39:58,2026-03-19 22:39:59
11,Starved,2026-03-19 22:39:59,2026-03-19 22:40:01
1,Running,2026-03-19 22:39:41,2026-03-19 22:40:39
5,Running,2026-03-19 22:37:34,2026-03-19 22:40:44
3,Running,2026-03-19 22:37:34,2026-03-19 22:40:45
2,Running,2026-03-19 22:39:41,2026-03-19 22:40:47
11,Running,2026-03-19 22:40:01,2026-03-19 22:40:58
10,Running,2026-03-19 22:36:47,2026-03-19 22:40:58
11,Starved,2026-03-19 22:40:58,2026-03-19 22:40:58
5,Starved,2026-03-19 22:40:44,2026-03-19 22:41:05
3,Blocked,2026-03-19 22:40:45,2026-03-19 22:41:05
2,Blocked,2026-03-19 22:40:47,2026-03-19 22:41:05
1,Blocked,2026-03-19 22:40:39,2026-03-19 22:41:05
10,Starved,2026-03-19 22:40:58,2026-03-19 22:41:13
1,Running,2026-03-19 22:41:05,2026-03-19 22:42:00
3,Running,2026-03-19 22:41:05,2026-03-19 22:42:00
5,Running,2026-03-19 22:41:05,2026-03-19 22:42:02
12,Running,2026-03-19 22:39:59,2026-03-19 22:42:04
11,Running,2026-03-19 22:40:58,2026-03-19 22:42:09
12,Starved,2026-03-19 22:42:04,2026-03-19 22:42:09
2,Running,2026-03-19 22:41:05,2026-03-19 22:42:09
10,Running,2026-03-19 22:41:13,2026-03-19 22:42:13
11,Starved,2026-03-19 22:42:09,2026-03-19 22:42:13
10,Starved,2026-03-19 22:42:13,2026-03-19 22:42:21
5,Starved,2026-03-19 22:42:02,2026-03-19 22:42:34
3,Blocked,2026-03-19 22:42:00,2026-03-19 22:42:34
2,Blocked,2026-03-19 22:42:09,2026-03-19 22:42:34
1,Blocked,2026-03-19 22:42:00,2026-03-19 22:42:34
13,Running,2026-03-19 22:32:02,2026-03-19 22:43:03
11,Running,2026-03-19 22:42:13,2026-03-19 22:43:10
13,Starved,2026-03-19 22:43:03,2026-03-19 22:43:11
3,Running,2026-03-19 22:42:34,2026-03-19 22:43:27
11,Starved,2026-03-19 22:43:10,2026-03-19 22:43:28
5,Running,2026-03-19 22:42:34,2026-03-19 22:43:28
4,Running,2026-03-19 21:00:32,2026-03-19 22:43:30
5,Starved,2026-03-19 22:43:28,2026-03-19 22:43:30
1,Running,2026-03-19 22:42:34,2026-03-19 22:43:35
2,Running,2026-03-19 22:42:34,2026-03-19 22:43:37
13,Running,2026-03-19 22:43:11,2026-03-19 22:44:07
12,Running,2026-03-19 22:42:09,2026-03-19 22:44:11
13,Starved,2026-03-19 22:44:07,2026-03-19 22:44:11
11,Running,2026-03-19 22:43:28,2026-03-19 22:44:19
12,Starved,2026-03-19 22:44:11,2026-03-19 22:44:19
5,Running,2026-03-19 22:43:30,2026-03-19 22:44:29
10,Running,2026-03-19 22:42:21,2026-03-19 22:44:36
11,Starved,2026-03-19 22:44:19,2026-03-19 22:44:36
4,Down,2026-03-19 22:43:30,2026-03-19 22:44:39
3,Blocked,2026-03-19 22:43:27,2026-03-19 22:44:39
2,Blocked,2026-03-19 22:43:37,2026-03-19 22:44:39
1,Blocked,2026-03-19 22:43:35,2026-03-19 22:44:39
7,Running,2026-03-19 22:31:03,2026-03-19 22:44:49
13,Running,2026-03-19 22:44:11,2026-03-19 22:45:14
12,Running,2026-03-19 22:44:19,2026-03-19 22:45:19
13,Starved,2026-03-19 22:45:14,2026-03-19 22:45:19
11,Running,2026-03-19 22:44:36,2026-03-19 22:45:31
12,Starved,2026-03-19 22:45:19,2026-03-19 22:45:31
3,Running,2026-03-19 22:44:39,2026-03-19 22:45:32
1,Running,2026-03-19 22:44:39,2026-03-19 22:45:34
2,Running,2026-03-19 22:44:39,2026-03-19 22:45:36
5,Starved,2026-03-19 22:44:29,2026-03-19 22:45:36
3,Blocked,2026-03-19 22:45:32,2026-03-19 22:45:36
2,Blocked,2026-03-19 22:45:36,2026-03-19 22:45:36
1,Blocked,2026-03-19 22:45:34,2026-03-19 22:45:36
13,Running,2026-03-19 22:45:19,2026-03-19 22:46:29
3,Running,2026-03-19 22:45:36,2026-03-19 22:46:32
2,Running,2026-03-19 22:45:36,2026-03-19 22:46:37
1,Running,2026-03-19 22:45:36,2026-03-19 22:46:38
3,Blocked,2026-03-19 22:46:32,2026-03-19 22:46:38
2,Blocked,2026-03-19 22:46:37,2026-03-19 22:46:38
1,Blocked,2026-03-19 22:46:38,2026-03-19 22:46:38
12,Running,2026-03-19 22:45:31,2026-03-19 22:46:38
13,Starved,2026-03-19 22:46:29,2026-03-19 22:46:38
3,Running,2026-03-19 22:46:38,2026-03-19 22:47:35
5,Running,2026-03-19 22:45:36,2026-03-19 22:47:36
1,Running,2026-03-19 22:46:38,2026-03-19 22:47:38
2,Running,2026-03-19 22:46:38,2026-03-19 22:47:39
13,Running,2026-03-19 22:46:38,2026-03-19 22:47:39
8,Running,2026-03-19 22:06:27,2026-03-19 22:47:53
5,Starved,2026-03-19 22:47:36,2026-03-19 22:48:04
3,Blocked,2026-03-19 22:47:35,2026-03-19 22:48:04
2,Blocked,2026-03-19 22:47:39,2026-03-19 22:48:04
1,Blocked,2026-03-19 22:47:38,2026-03-19 22:48:04
5,Running,2026-03-19 22:48:04,2026-03-19 22:48:54
3,Running,2026-03-19 22:48:04,2026-03-19 22:48:58
5,Starved,2026-03-19 22:48:54,2026-03-19 22:48:59
3,Blocked,2026-03-19 22:48:58,2026-03-19 22:48:59
7,Down,2026-03-19 22:44:49,2026-03-19 22:49:27
1,Running,2026-03-19 22:48:04,2026-03-19 22:50:10
1,Blocked,2026-03-19 22:50:10,2026-03-19 22:50:12
8,Starved,2026-03-19 22:47:53,2026-03-19 22:50:48
3,Running,2026-03-19 22:48:59,2026-03-19 22:50:54
3,Blocked,2026-03-19 22:50:54,2026-03-19 22:50:58
8,Running,2026-03-19 22:50:48,2026-03-19 22:51:42
3,Running,2026-03-19 22:50:58,2026-03-19 22:52:05
5,Running,2026-03-19 22:48:59,2026-03-19 22:52:07
5,Starved,2026-03-19 22:52:07,2026-03-19 22:52:09
3,Blocked,2026-03-19 22:52:05,2026-03-19 22:52:09
8,Starved,2026-03-19 22:51:42,2026-03-19 22:52:10
9,Running,2026-03-19 21:24:08,2026-03-19 22:52:33
5,Running,2026-03-19 22:52:09,2026-03-19 22:53:01
5,Starved,2026-03-19 22:53:01,2026-03-19 22:53:04
8,Running,2026-03-19 22:52:10,2026-03-19 22:53:05
8,Starved,2026-03-19 22:53:05,2026-03-19 22:53:08
2,Running,2026-03-19 22:48:04,2026-03-19 22:54:01
8,Running,2026-03-19 22:53:08,2026-03-19 22:54:08
2,Blocked,2026-03-19 22:54:01,2026-03-19 22:54:15
8,Starved,2026-03-19 22:54:08,2026-03-19 22:54:31
8,Running,2026-03-19 22:54:31,2026-03-19 22:55:37
8,Starved,2026-03-19 22:55:37,2026-03-19 22:55:44
5,Running,2026-03-19 22:53:04,2026-03-19 22:56:08
3,Running,2026-03-19 22:52:09,2026-03-19 22:56:09
2,Running,2026-03-19 22:54:15,2026-03-19 22:56:18
5,Starved,2026-03-19 22:56:08,2026-03-19 22:56:26
3,Blocked,2026-03-19 22:56:09,2026-03-19 22:56:26
2,Blocked,2026-03-19 22:56:18,2026-03-19 22:56:26
8,Running,2026-03-19 22:55:44,2026-03-19 22:56:50
5,Running,2026-03-19 22:56:26,2026-03-19 22:57:23
2,Running,2026-03-19 22:56:26,2026-03-19 22:57:25
5,Starved,2026-03-19 22:57:23,2026-03-19 22:57:33
2,Blocked,2026-03-19 22:57:25,2026-03-19 22:57:33
1,Running,2026-03-19 22:50:12,2026-03-19 22:58:26
1,Blocked,2026-03-19 22:58:26,2026-03-19 22:58:41
1,Running,2026-03-19 22:58:41,2026-03-19 22:59:44
1,Blocked,2026-03-19 22:59:44,2026-03-19 22:59:47
3,Running,2026-03-19 22:56:26,2026-03-19 23:00:41
5,Running,2026-03-19 22:57:33,2026-03-19 23:00:46
5,Starved,2026-03-19 23:00:46,2026-03-19 23:00:46
3,Blocked,2026-03-19 23:00:41,2026-03-19 23:00:46
1,Running,2026-03-19 22:59:47,2026-03-19 23:00:48
1,Blocked,2026-03-19 23:00:48,2026-03-19 23:00:53
3,Running,2026-03-19 23:00:46,2026-03-19 23:01:39
3,Blocked,2026-03-19 23:01:39,2026-03-19 23:01:43
3,Running,2026-03-19 23:01:43,2026-03-19 23:03:39
3,Blocked,2026-03-19 23:03:39,2026-03-19 23:03:39
3,Running,2026-03-19 23:03:39,2026-03-19 23:05:35
3,Blocked,2026-03-19 23:05:35,2026-03-19 23:05:38
3,Running,2026-03-19 23:05:38,2026-03-19 23:06:30
5,Running,2026-03-19 23:00:46,2026-03-19 23:06:58
5,Starved,2026-03-19 23:06:58,2026-03-19 23:07:01
3,Blocked,2026-03-19 23:06:30,2026-03-19 23:07:01
2,Running,2026-03-19 22:57:33,2026-03-19 23:08:01
2,Blocked,2026-03-19 23:08:01,2026-03-19 23:08:01
10,Down,2026-03-19 22:44:36,2026-03-19 23:08:30
9,Blocked,2026-03-19 22:52:33,2026-03-19 23:08:30
8,Blocked,2026-03-19 22:56:50,2026-03-19 23:08:30
3,Running,2026-03-19 23:07:01,2026-03-19 23:08:50
3,Blocked,2026-03-19 23:08:50,2026-03-19 23:08:58
9,Running,2026-03-19 23:08:30,2026-03-19 23:09:32
11,Starved,2026-03-19 22:45:31,2026-03-19 23:09:33
9,Blocked,2026-03-19 23:09:32,2026-03-19 23:09:33
3,Running,2026-03-19 23:08:58,2026-03-19 23:09:53
5,Running,2026-03-19 23:07:01,2026-03-19 23:10:06
5,Starved,2026-03-19 23:10:06,2026-03-19 23:10:07
3,Blocked,2026-03-19 23:09:53,2026-03-19 23:10:07
12,Starved,2026-03-19 22:46:38,2026-03-19 23:10:27
2,Running,2026-03-19 23:08:01,2026-03-19 23:11:01
1,Running,2026-03-19 23:00:53,2026-03-19 23:11:07
2,Blocked,2026-03-19 23:11:01,2026-03-19 23:11:15
11,Running,2026-03-19 23:09:33,2026-03-19 23:11:18
11,Starved,2026-03-19 23:11:18,2026-03-19 23:11:18
12,Running,2026-03-19 23:10:27,2026-03-19 23:11:26
13,Starved,2026-03-19 22:47:39,2026-03-19 23:11:26
8,Running,2026-03-19 23:08:30,2026-03-19 23:11:39
8,Blocked,2026-03-19 23:11:39,2026-03-19 23:12:04
5,Running,2026-03-19 23:10:07,2026-03-19 23:12:12
3,Running,2026-03-19 23:10:07,2026-03-19 23:12:19
13,Running,2026-03-19 23:11:26,2026-03-19 23:12:25
5,Starved,2026-03-19 23:12:12,2026-03-19 23:12:30
3,Blocked,2026-03-19 23:12:19,2026-03-19 23:12:30
3,Running,2026-03-19 23:12:30,2026-03-19 23:13:22
5,Running,2026-03-19 23:12:30,2026-03-19 23:13:23
5,Starved,2026-03-19 23:13:23,2026-03-19 23:13:53
3,Blocked,2026-03-19 23:13:22,2026-03-19 23:13:53
8,Running,2026-03-19 23:12:04,2026-03-19 23:14:05
11,Running,2026-03-19 23:11:18,2026-03-19 23:14:10
11,Starved,2026-03-19 23:14:10,2026-03-19 23:14:12
12,Down,2026-03-19 23:11:26,2026-03-19 23:14:15
8,Blocked,2026-03-19 23:14:05,2026-03-19 23:14:15
3,Running,2026-03-19 23:13:53,2026-03-19 23:14:51
5,Running,2026-03-19 23:13:53,2026-03-19 23:14:54
11,Running,2026-03-19 23:14:12,2026-03-19 23:15:03
5,Starved,2026-03-19 23:14:54,2026-03-19 23:15:04
3,Blocked,2026-03-19 23:14:51,2026-03-19 23:15:04
11,Starved,2026-03-19 23:15:03,2026-03-19 23:15:10
8,Running,2026-03-19 23:14:15,2026-03-19 23:15:18
13,Starved,2026-03-19 23:12:25,2026-03-19 23:15:23
8,Blocked,2026-03-19 23:15:18,2026-03-19 23:15:36
13,Running,2026-03-19 23:15:23,2026-03-19 23:16:19
13,Starved,2026-03-19 23:16:19,2026-03-19 23:16:22
8,Running,2026-03-19 23:15:36,2026-03-19 23:16:42
8,Blocked,2026-03-19 23:16:42,2026-03-19 23:16:43
13,Running,2026-03-19 23:16:22,2026-03-19 23:17:14
13,Starved,2026-03-19 23:17:14,2026-03-19 23:17:19
7,Running,2026-03-19 22:49:27,2026-03-19 23:18:42
2,Down,2026-03-19 23:11:15,2026-03-19 23:18:45
1,Blocked,2026-03-19 23:11:07,2026-03-19 23:18:45
11,Running,2026-03-19 23:15:10,2026-03-19 23:19:17
11,Starved,2026-03-19 23:19:17,2026-03-19 23:19:17
1,Running,2026-03-19 23:18:45,2026-03-19 23:19:44
1,Blocked,2026-03-19 23:19:44,2026-03-19 23:19:54
11,Running,2026-03-19 23:19:17,2026-03-19 23:20:10
11,Starved,2026-03-19 23:20:10,2026-03-19 23:20:18
11,Running,2026-03-19 23:20:18,2026-03-19 23:21:17
5,Running,2026-03-19 23:15:04,2026-03-19 23:21:18
3,Down,2026-03-19 23:15:04,2026-03-19 23:21:18
11,Starved,2026-03-19 23:21:17,2026-03-19 23:21:18
5,Starved,2026-03-19 23:21:18,2026-03-19 23:21:22
11,Running,2026-03-19 23:21:18,2026-03-19 23:22:12
8,Down,2026-03-19 23:16:43,2026-03-19 23:22:13
7,Blocked,2026-03-19 23:18:42,2026-03-19 23:22:13
11,Starved,2026-03-19 23:22:12,2026-03-19 23:22:19
5,Running,2026-03-19 23:21:22,2026-03-19 23:22:24
5,Starved,2026-03-19 23:22:24,2026-03-19 23:22:25
1,Running,2026-03-19 23:19:54,2026-03-19 23:22:48
1,Blocked,2026-03-19 23:22:48,2026-03-19 23:22:51
11,Running,2026-03-19 23:22:19,2026-03-19 23:23:09
7,Running,2026-03-19 23:22:13,2026-03-19 23:23:14
7,Blocked,2026-03-19 23:23:14,2026-03-19 23:23:18
11,Starved,2026-03-19 23:23:09,2026-03-19 23:23:30
5,Running,2026-03-19 23:22:25,2026-03-19 23:23:31
5,Starved,2026-03-19 23:23:31,2026-03-19 23:23:33
1,Running,2026-03-19 23:22:51,2026-03-19 23:23:44
1,Blocked,2026-03-19 23:23:44,2026-03-19 23:23:48
13,Running,2026-03-19 23:17:19,2026-03-19 23:24:36
13,Starved,2026-03-19 23:24:36,2026-03-19 23:24:36
5,Running,2026-03-19 23:23:33,2026-03-19 23:25:45
1,Running,2026-03-19 23:23:48,2026-03-19 23:25:46
1,Blocked,2026-03-19 23:25:46,2026-03-19 23:25:51
5,Starved,2026-03-19 23:25:45,2026-03-19 23:25:56
5,Running,2026-03-19 23:25:56,2026-03-19 23:26:52
5,Starved,2026-03-19 23:26:52,2026-03-19 23:27:13
11,Running,2026-03-19 23:23:30,2026-03-19 23:27:27
11,Starved,2026-03-19 23:27:27,2026-03-19 23:27:27
5,Running,2026-03-19 23:27:13,2026-03-19 23:28:25
13,Running,2026-03-19 23:24:36,2026-03-19 23:28:42
13,Starved,2026-03-19 23:28:42,2026-03-19 23:28:42
5,Starved,2026-03-19 23:28:25,2026-03-19 23:28:47
11,Running,2026-03-19 23:27:27,2026-03-19 23:29:22
11,Starved,2026-03-19 23:29:22,2026-03-19 23:29:28
2,Running,2026-03-19 23:18:45,2026-03-19 23:29:37
2,Blocked,2026-03-19 23:29:37,2026-03-19 23:29:42
5,Running,2026-03-19 23:28:47,2026-03-19 23:29:50
5,Starved,2026-03-19 23:29:50,2026-03-19 23:30:12
5,Running,2026-03-19 23:30:12,2026-03-19 23:31:11
5,Starved,2026-03-19 23:31:11,2026-03-19 23:31:14
5,Running,2026-03-19 23:31:14,2026-03-19 23:32:16
5,Starved,2026-03-19 23:32:16,2026-03-19 23:32:16
5,Running,2026-03-19 23:32:16,2026-03-19 23:34:14
5,Starved,2026-03-19 23:34:14,2026-03-19 23:34:47
5,Running,2026-03-19 23:34:47,2026-03-19 23:35:37
5,Starved,2026-03-19 23:35:37,2026-03-19 23:35:55
2,Running,2026-03-19 23:29:42,2026-03-19 23:36:33
2,Blocked,2026-03-19 23:36:33,2026-03-19 23:36:34
5,Running,2026-03-19 23:35:55,2026-03-19 23:37:57
5,Starved,2026-03-19 23:37:57,2026-03-19 23:38:08
2,Running,2026-03-19 23:36:34,2026-03-19 23:39:27
2,Blocked,2026-03-19 23:39:27,2026-03-19 23:39:31
5,Running,2026-03-19 23:38:08,2026-03-19 23:40:09
11,Running,2026-03-19 23:29:28,2026-03-19 23:40:09
5,Starved,2026-03-19 23:40:09,2026-03-19 23:40:13
11,Starved,2026-03-19 23:40:09,2026-03-19 23:40:18
2,Running,2026-03-19 23:39:31,2026-03-19 23:40:25
2,Blocked,2026-03-19 23:40:25,2026-03-19 23:40:32
5,Running,2026-03-19 23:40:13,2026-03-19 23:41:13
5,Starved,2026-03-19 23:41:13,2026-03-19 23:41:19
5,Running,2026-03-19 23:41:19,2026-03-19 23:42:19
2,Running,2026-03-19 23:40:32,2026-03-19 23:42:28
5,Starved,2026-03-19 23:42:19,2026-03-19 23:42:30
2,Blocked,2026-03-19 23:42:28,2026-03-19 23:42:37
11,Running,2026-03-19 23:40:18,2026-03-19 23:43:05
2,Running,2026-03-19 23:42:37,2026-03-19 23:43:31
5,Running,2026-03-19 23:42:30,2026-03-19 23:43:32
2,Blocked,2026-03-19 23:43:31,2026-03-19 23:43:41
5,Starved,2026-03-19 23:43:32,2026-03-19 23:43:42
11,Down,2026-03-19 23:43:05,2026-03-19 23:44:16
13,Running,2026-03-19 23:28:42,2026-03-19 23:44:33
5,Running,2026-03-19 23:43:42,2026-03-19 23:44:35
5,Starved,2026-03-19 23:44:35,2026-03-19 23:44:43
13,Starved,2026-03-19 23:44:33,2026-03-19 23:44:48
5,Running,2026-03-19 23:44:43,2026-03-19 23:45:41
2,Running,2026-03-19 23:43:41,2026-03-19 23:45:43
5,Starved,2026-03-19 23:45:41,2026-03-19 23:45:43
1,Running,2026-03-19 23:25:51,2026-03-19 23:45:43
13,Running,2026-03-19 23:44:48,2026-03-19 23:45:44
13,Starved,2026-03-19 23:45:44,2026-03-19 23:45:45
2,Blocked,2026-03-19 23:45:43,2026-03-19 23:45:50
1,Blocked,2026-03-19 23:45:43,2026-03-19 23:45:50
6,Running,2026-03-19 22:08:12,2026-03-19 23:45:58
5,Running,2026-03-19 23:45:43,2026-03-19 23:46:49
1,Running,2026-03-19 23:45:50,2026-03-19 23:46:49
2,Running,2026-03-19 23:45:50,2026-03-19 23:46:50
2,Blocked,2026-03-19 23:46:50,2026-03-19 23:47:00
1,Blocked,2026-03-19 23:46:49,2026-03-19 23:47:00
5,Starved,2026-03-19 23:46:49,2026-03-19 23:47:08
2,Running,2026-03-19 23:47:00,2026-03-19 23:47:51
2,Blocked,2026-03-19 23:47:51,2026-03-19 23:47:58
5,Running,2026-03-19 23:47:08,2026-03-19 23:48:14
6,Down,2026-03-19 23:45:58,2026-03-19 23:48:18
5,Starved,2026-03-19 23:48:14,2026-03-19 23:48:18
2,Running,2026-03-19 23:47:58,2026-03-19 23:48:56
2,Blocked,2026-03-19 23:48:56,2026-03-19 23:48:57
5,Running,2026-03-19 23:48:18,2026-03-19 23:51:08
5,Starved,2026-03-19 23:51:08,2026-03-19 23:51:25
11,Running,2026-03-19 23:44:16,2026-03-19 23:52:31
11,Down,2026-03-19 23:52:31,2026-03-19 23:52:36
5,Running,2026-03-19 23:51:25,2026-03-19 23:54:28
1,Down,2026-03-19 23:47:00,2026-03-19 23:54:33
5,Starved,2026-03-19 23:54:28,2026-03-19 23:54:34
5,Running,2026-03-19 23:54:34,2026-03-19 23:55:23
5,Starved,2026-03-19 23:55:23,2026-03-19 23:56:00
5,Running,2026-03-19 23:56:00,2026-03-19 23:56:53
5,Starved,2026-03-19 23:56:53,2026-03-19 23:57:06
5,Running,2026-03-19 23:57:06,2026-03-19 23:58:03
5,Starved,2026-03-19 23:58:03,2026-03-19 23:58:04
8,Running,2026-03-19 23:22:13,2026-03-19 23:58:18
5,Running,2026-03-19 23:58:04,2026-03-20 00:01:05
5,Starved,2026-03-20 00:01:05,2026-03-20 00:01:05
7,Running,2026-03-19 23:23:18,2026-03-20 00:01:37
5,Running,2026-03-20 00:01:05,2026-03-20 00:02:10
5,Starved,2026-03-20 00:02:10,2026-03-20 00:02:20
8,Down,2026-03-19 23:58:18,2026-03-20 00:04:15
7,Blocked,2026-03-20 00:01:37,2026-03-20 00:04:15
9,Running,2026-03-19 23:09:33,2026-03-20 00:04:50
9,Starved,2026-03-20 00:04:50,2026-03-20 00:05:11
5,Running,2026-03-20 00:02:20,2026-03-20 00:05:12
5,Starved,2026-03-20 00:05:12,2026-03-20 00:05:17
9,Running,2026-03-20 00:05:11,2026-03-20 00:06:03
9,Starved,2026-03-20 00:06:03,2026-03-20 00:06:05
5,Running,2026-03-20 00:05:17,2026-03-20 00:06:15
5,Starved,2026-03-20 00:06:15,2026-03-20 00:06:18
9,Running,2026-03-20 00:06:05,2026-03-20 00:06:59
9,Starved,2026-03-20 00:06:59,2026-03-20 00:07:03
5,Running,2026-03-20 00:06:18,2026-03-20 00:07:17
5,Starved,2026-03-20 00:07:17,2026-03-20 00:07:31
5,Running,2026-03-20 00:07:31,2026-03-20 00:09:26
5,Starved,2026-03-20 00:09:26,2026-03-20 00:09:34
5,Running,2026-03-20 00:09:34,2026-03-20 00:10:35
11,Running,2026-03-19 23:52:36,2026-03-20 00:10:59
5,Starved,2026-03-20 00:10:35,2026-03-20 00:11:02
5,Running,2026-03-20 00:11:02,2026-03-20 00:14:02
12,Running,2026-03-19 23:14:15,2026-03-20 00:14:05
5,Starved,2026-03-20 00:14:02,2026-03-20 00:14:09
5,Running,2026-03-20 00:14:09,2026-03-20 00:15:10
3,Running,2026-03-19 23:21:18,2026-03-20 00:15:22
13,Running,2026-03-19 23:45:45,2026-03-20 00:15:32
5,Starved,2026-03-20 00:15:10,2026-03-20 00:15:33
3,Blocked,2026-03-20 00:15:22,2026-03-20 00:15:33
3,Running,2026-03-20 00:15:33,2026-03-20 00:16:41
5,Running,2026-03-20 00:15:33,2026-03-20 00:16:41
5,Starved,2026-03-20 00:16:41,2026-03-20 00:16:44
3,Blocked,2026-03-20 00:16:41,2026-03-20 00:16:44
10,Running,2026-03-19 23:08:30,2026-03-20 00:18:58
11,Down,2026-03-20 00:10:59,2026-03-20 00:19:23
10,Blocked,2026-03-20 00:18:58,2026-03-20 00:19:23
5,Running,2026-03-20 00:16:44,2026-03-20 00:19:44
3,Running,2026-03-20 00:16:44,2026-03-20 00:19:47
5,Starved,2026-03-20 00:19:44,2026-03-20 00:20:14
3,Blocked,2026-03-20 00:19:47,2026-03-20 00:20:14
10,Running,2026-03-20 00:19:23,2026-03-20 00:20:19
12,Starved,2026-03-20 00:14:05,2026-03-20 00:20:21
10,Blocked,2026-03-20 00:20:19,2026-03-20 00:20:21
2,Running,2026-03-19 23:48:57,2026-03-20 00:21:00
6,Running,2026-03-19 23:48:18,2026-03-20 00:21:17
3,Running,2026-03-20 00:20:14,2026-03-20 00:21:17
5,Running,2026-03-20 00:20:14,2026-03-20 00:21:21
6,Starved,2026-03-20 00:21:17,2026-03-20 00:21:21
5,Starved,2026-03-20 00:21:21,2026-03-20 00:21:26
3,Blocked,2026-03-20 00:21:17,2026-03-20 00:21:26
2,Blocked,2026-03-20 00:21:00,2026-03-20 00:21:26
13,Starved,2026-03-20 00:15:32,2026-03-20 00:21:27
10,Running,2026-03-20 00:20:21,2026-03-20 00:22:20
12,Running,2026-03-20 00:20:21,2026-03-20 00:22:24
5,Running,2026-03-20 00:21:26,2026-03-20 00:22:25
3,Running,2026-03-20 00:21:26,2026-03-20 00:22:26
5,Starved,2026-03-20 00:22:25,2026-03-20 00:22:27
3,Blocked,2026-03-20 00:22:26,2026-03-20 00:22:27
12,Starved,2026-03-20 00:22:24,2026-03-20 00:22:27
10,Blocked,2026-03-20 00:22:20,2026-03-20 00:22:27
10,Running,2026-03-20 00:22:27,2026-03-20 00:23:18
12,Running,2026-03-20 00:22:27,2026-03-20 00:23:21
12,Starved,2026-03-20 00:23:21,2026-03-20 00:23:23
10,Blocked,2026-03-20 00:23:18,2026-03-20 00:23:23
3,Running,2026-03-20 00:22:27,2026-03-20 00:23:24
3,Blocked,2026-03-20 00:23:24,2026-03-20 00:23:26
12,Running,2026-03-20 00:23:23,2026-03-20 00:24:10
3,Running,2026-03-20 00:23:26,2026-03-20 00:24:22
10,Running,2026-03-20 00:23:23,2026-03-20 00:24:22
5,Running,2026-03-20 00:22:27,2026-03-20 00:24:25
2,Running,2026-03-20 00:21:26,2026-03-20 00:24:30
12,Starved,2026-03-20 00:24:10,2026-03-20 00:24:32
10,Blocked,2026-03-20 00:24:22,2026-03-20 00:24:32
5,Starved,2026-03-20 00:24:25,2026-03-20 00:24:33
3,Blocked,2026-03-20 00:24:22,2026-03-20 00:24:33
2,Blocked,2026-03-20 00:24:30,2026-03-20 00:24:33
3,Running,2026-03-20 00:24:33,2026-03-20 00:25:26
5,Running,2026-03-20 00:24:33,2026-03-20 00:25:27
5,Starved,2026-03-20 00:25:27,2026-03-20 00:25:30
3,Blocked,2026-03-20 00:25:26,2026-03-20 00:25:30
13,Running,2026-03-20 00:21:27,2026-03-20 00:25:34
13,Starved,2026-03-20 00:25:34,2026-03-20 00:25:34
3,Running,2026-03-20 00:25:30,2026-03-20 00:26:22
2,Running,2026-03-20 00:24:33,2026-03-20 00:26:32
6,Running,2026-03-20 00:21:21,2026-03-20 00:26:37
5,Running,2026-03-20 00:25:30,2026-03-20 00:26:37
6,Starved,2026-03-20 00:26:37,2026-03-20 00:26:37
5,Starved,2026-03-20 00:26:37,2026-03-20 00:26:49
3,Blocked,2026-03-20 00:26:22,2026-03-20 00:26:49
2,Blocked,2026-03-20 00:26:32,2026-03-20 00:26:49
9,Running,2026-03-20 00:07:03,2026-03-20 00:27:08
9,Down,2026-03-20 00:27:08,2026-03-20 00:27:10
10,Running,2026-03-20 00:24:32,2026-03-20 00:27:28
6,Running,2026-03-20 00:26:37,2026-03-20 00:27:36
12,Running,2026-03-20 00:24:32,2026-03-20 00:27:36
12,Starved,2026-03-20 00:27:36,2026-03-20 00:27:36
10,Blocked,2026-03-20 00:27:28,2026-03-20 00:27:36
3,Running,2026-03-20 00:26:49,2026-03-20 00:27:46
5,Running,2026-03-20 00:26:49,2026-03-20 00:27:48
6,Starved,2026-03-20 00:27:36,2026-03-20 00:27:48
2,Running,2026-03-20 00:26:49,2026-03-20 00:27:55
5,Starved,2026-03-20 00:27:48,2026-03-20 00:27:56
3,Blocked,2026-03-20 00:27:46,2026-03-20 00:27:56
12,Running,2026-03-20 00:27:36,2026-03-20 00:28:34
12,Starved,2026-03-20 00:28:34,2026-03-20 00:28:36
6,Running,2026-03-20 00:27:48,2026-03-20 00:28:45
6,Starved,2026-03-20 00:28:45,2026-03-20 00:28:49
9,Running,2026-03-20 00:27:10,2026-03-20 00:29:13
5,Running,2026-03-20 00:27:56,2026-03-20 00:29:40
5,Starved,2026-03-20 00:29:40,2026-03-20 00:29:54
6,Running,2026-03-20 00:28:49,2026-03-20 00:30:45
5,Running,2026-03-20 00:29:54,2026-03-20 00:31:02
6,Starved,2026-03-20 00:30:45,2026-03-20 00:31:02
12,Running,2026-03-20 00:28:36,2026-03-20 00:31:26
12,Starved,2026-03-20 00:31:26,2026-03-20 00:31:28
6,Running,2026-03-20 00:31:02,2026-03-20 00:32:02
12,Running,2026-03-20 00:31:28,2026-03-20 00:32:22
12,Starved,2026-03-20 00:32:22,2026-03-20 00:32:27
10,Running,2026-03-20 00:27:36,2026-03-20 00:32:46
9,Down,2026-03-20 00:29:13,2026-03-20 00:32:48
5,Down,2026-03-20 00:31:02,2026-03-20 00:33:27
1,Running,2026-03-19 23:54:33,2026-03-20 00:33:42
10,Starved,2026-03-20 00:32:46,2026-03-20 00:33:53
13,Running,2026-03-20 00:25:34,2026-03-20 00:34:31
6,Starved,2026-03-20 00:32:02,2026-03-20 00:34:37
13,Starved,2026-03-20 00:34:31,2026-03-20 00:34:39
13,Running,2026-03-20 00:34:39,2026-03-20 00:35:36
13,Starved,2026-03-20 00:35:36,2026-03-20 00:35:47
13,Running,2026-03-20 00:35:47,2026-03-20 00:37:49
13,Starved,2026-03-20 00:37:49,2026-03-20 00:37:52
10,Running,2026-03-20 00:33:53,2026-03-20 00:37:58
10,Starved,2026-03-20 00:37:58,2026-03-20 00:38:03
4,Running,2026-03-19 22:44:39,2026-03-20 00:39:19
13,Running,2026-03-20 00:37:52,2026-03-20 00:39:52
13,Starved,2026-03-20 00:39:52,2026-03-20 00:39:57
8,Running,2026-03-20 00:04:15,2026-03-20 00:39:57
10,Running,2026-03-20 00:38:03,2026-03-20 00:40:03
10,Starved,2026-03-20 00:40:03,2026-03-20 00:40:05
13,Running,2026-03-20 00:39:57,2026-03-20 00:41:01
13,Starved,2026-03-20 00:41:01,2026-03-20 00:41:01
10,Running,2026-03-20 00:40:05,2026-03-20 00:41:09
5,Running,2026-03-20 00:33:27,2026-03-20 00:41:12
10,Starved,2026-03-20 00:41:09,2026-03-20 00:41:33
10,Running,2026-03-20 00:41:33,2026-03-20 00:42:29
10,Starved,2026-03-20 00:42:29,2026-03-20 00:42:45
6,Running,2026-03-20 00:34:37,2026-03-20 00:43:26
7,Running,2026-03-20 00:04:15,2026-03-20 00:44:03
9,Running,2026-03-20 00:32:48,2026-03-20 00:46:37
10,Running,2026-03-20 00:42:45,2026-03-20 00:48:07
8,Down,2026-03-20 00:39:57,2026-03-20 00:52:04
7,Blocked,2026-03-20 00:44:03,2026-03-20 00:52:04
9,Starved,2026-03-20 00:46:37,2026-03-20 00:52:55
13,Running,2026-03-20 00:41:01,2026-03-20 00:53:38
10,Starved,2026-03-20 00:48:07,2026-03-20 00:54:00
3,Down,2026-03-20 00:27:56,2026-03-20 00:54:30
2,Blocked,2026-03-20 00:27:55,2026-03-20 00:54:30
1,Blocked,2026-03-20 00:33:42,2026-03-20 00:54:30
10,Running,2026-03-20 00:54:00,2026-03-20 00:54:59
10,Starved,2026-03-20 00:54:59,2026-03-20 00:55:23
4,Starved,2026-03-20 00:39:19,2026-03-20 00:55:28
1,Running,2026-03-20 00:54:30,2026-03-20 00:55:36
1,Blocked,2026-03-20 00:55:36,2026-03-20 00:55:39
10,Running,2026-03-20 00:55:23,2026-03-20 00:56:14
10,Starved,2026-03-20 00:56:14,2026-03-20 00:56:24
5,Starved,2026-03-20 00:41:12,2026-03-20 00:56:29
11,Running,2026-03-20 00:19:23,2026-03-20 00:57:08
10,Running,2026-03-20 00:56:24,2026-03-20 00:57:28
11,Starved,2026-03-20 00:57:08,2026-03-20 00:57:28
10,Starved,2026-03-20 00:57:28,2026-03-20 00:57:31
5,Running,2026-03-20 00:56:29,2026-03-20 00:57:32
6,Starved,2026-03-20 00:43:26,2026-03-20 00:57:32
5,Starved,2026-03-20 00:57:32,2026-03-20 00:57:38
11,Running,2026-03-20 00:57:28,2026-03-20 00:58:16
6,Running,2026-03-20 00:57:32,2026-03-20 00:58:34
10,Running,2026-03-20 00:57:31,2026-03-20 00:58:39
11,Starved,2026-03-20 00:58:16,2026-03-20 00:58:39
10,Starved,2026-03-20 00:58:39,2026-03-20 00:58:45
6,Down,2026-03-20 00:58:34,2026-03-20 00:58:53
13,Down,2026-03-20 00:53:38,2026-03-20 00:59:10
11,Running,2026-03-20 00:58:39,2026-03-20 00:59:38
10,Running,2026-03-20 00:58:45,2026-03-20 00:59:44
11,Starved,2026-03-20 00:59:38,2026-03-20 00:59:44
10,Starved,2026-03-20 00:59:44,2026-03-20 00:59:45
5,Running,2026-03-20 00:57:38,2026-03-20 00:59:45
5,Starved,2026-03-20 00:59:45,2026-03-20 01:00:02
10,Running,2026-03-20 00:59:45,2026-03-20 01:00:43
12,Running,2026-03-20 00:32:27,2026-03-20 01:00:51
12,Starved,2026-03-20 01:00:51,2026-03-20 01:00:53
10,Starved,2026-03-20 01:00:43,2026-03-20 01:01:02
6,Running,2026-03-20 00:58:53,2026-03-20 01:01:05
5,Running,2026-03-20 01:00:02,2026-03-20 01:01:08
6,Starved,2026-03-20 01:01:05,2026-03-20 01:01:08
5,Starved,2026-03-20 01:01:08,2026-03-20 01:01:19
11,Running,2026-03-20 00:59:44,2026-03-20 01:01:43
10,Running,2026-03-20 01:01:02,2026-03-20 01:01:56
11,Starved,2026-03-20 01:01:43,2026-03-20 01:01:56
6,Running,2026-03-20 01:01:08,2026-03-20 01:02:03
10,Starved,2026-03-20 01:01:56,2026-03-20 01:02:06
5,Running,2026-03-20 01:01:19,2026-03-20 01:02:15
6,Starved,2026-03-20 01:02:03,2026-03-20 01:02:15
5,Starved,2026-03-20 01:02:15,2026-03-20 01:02:16
12,Running,2026-03-20 01:00:53,2026-03-20 01:02:48
11,Running,2026-03-20 01:01:56,2026-03-20 01:02:54
12,Starved,2026-03-20 01:02:48,2026-03-20 01:02:54
10,Running,2026-03-20 01:02:06,2026-03-20 01:03:05
11,Starved,2026-03-20 01:02:54,2026-03-20 01:03:05
5,Running,2026-03-20 01:02:16,2026-03-20 01:03:06
5,Starved,2026-03-20 01:03:06,2026-03-20 01:03:15
10,Starved,2026-03-20 01:03:05,2026-03-20 01:03:20
11,Running,2026-03-20 01:03:05,2026-03-20 01:03:55
10,Running,2026-03-20 01:03:20,2026-03-20 01:04:21
11,Starved,2026-03-20 01:03:55,2026-03-20 01:04:21
10,Starved,2026-03-20 01:04:21,2026-03-20 01:04:42
12,Running,2026-03-20 01:02:54,2026-03-20 01:04:55
5,Running,2026-03-20 01:03:15,2026-03-20 01:05:19
5,Starved,2026-03-20 01:05:19,2026-03-20 01:05:21
11,Running,2026-03-20 01:04:21,2026-03-20 01:05:24
12,Starved,2026-03-20 01:04:55,2026-03-20 01:05:24
11,Starved,2026-03-20 01:05:24,2026-03-20 01:05:39
6,Running,2026-03-20 01:02:15,2026-03-20 01:06:27
5,Running,2026-03-20 01:05:21,2026-03-20 01:06:29
6,Starved,2026-03-20 01:06:27,2026-03-20 01:06:29
5,Starved,2026-03-20 01:06:29,2026-03-20 01:06:30
12,Running,2026-03-20 01:05:24,2026-03-20 01:06:36
11,Running,2026-03-20 01:05:39,2026-03-20 01:06:39
12,Starved,2026-03-20 01:06:36,2026-03-20 01:06:39
11,Starved,2026-03-20 01:06:39,2026-03-20 01:06:47
5,Running,2026-03-20 01:06:30,2026-03-20 01:07:26
12,Running,2026-03-20 01:06:39,2026-03-20 01:07:40
10,Running,2026-03-20 01:04:42,2026-03-20 01:07:44
10,Starved,2026-03-20 01:07:44,2026-03-20 01:07:47
12,Starved,2026-03-20 01:07:40,2026-03-20 01:07:49
5,Starved,2026-03-20 01:07:26,2026-03-20 01:07:57
6,Running,2026-03-20 01:06:29,2026-03-20 01:08:36
11,Running,2026-03-20 01:06:47,2026-03-20 01:08:46
10,Running,2026-03-20 01:07:47,2026-03-20 01:08:50
11,Starved,2026-03-20 01:08:46,2026-03-20 01:08:50
5,Running,2026-03-20 01:07:57,2026-03-20 01:08:55
6,Starved,2026-03-20 01:08:36,2026-03-20 01:08:55
10,Starved,2026-03-20 01:08:50,2026-03-20 01:09:09
5,Starved,2026-03-20 01:08:55,2026-03-20 01:09:21
6,Running,2026-03-20 01:08:55,2026-03-20 01:09:52
12,Running,2026-03-20 01:07:49,2026-03-20 01:09:57
11,Running,2026-03-20 01:08:50,2026-03-20 01:10:00
12,Starved,2026-03-20 01:09:57,2026-03-20 01:10:00
2,Running,2026-03-20 00:54:30,2026-03-20 01:10:09
2,Blocked,2026-03-20 01:10:09,2026-03-20 01:10:11
11,Starved,2026-03-20 01:10:00,2026-03-20 01:10:13
6,Starved,2026-03-20 01:09:52,2026-03-20 01:10:31
12,Running,2026-03-20 01:10:00,2026-03-20 01:11:06
11,Running,2026-03-20 01:10:13,2026-03-20 01:11:08
12,Starved,2026-03-20 01:11:06,2026-03-20 01:11:08
11,Starved,2026-03-20 01:11:08,2026-03-20 01:11:12
5,Running,2026-03-20 01:09:21,2026-03-20 01:11:22
5,Starved,2026-03-20 01:11:22,2026-03-20 01:12:00
12,Running,2026-03-20 01:11:08,2026-03-20 01:12:12
11,Running,2026-03-20 01:11:12,2026-03-20 01:12:12
12,Starved,2026-03-20 01:12:12,2026-03-20 01:12:12
11,Starved,2026-03-20 01:12:12,2026-03-20 01:12:13
6,Running,2026-03-20 01:10:31,2026-03-20 01:12:32
7,Running,2026-03-20 00:52:04,2026-03-20 01:13:05
6,Starved,2026-03-20 01:12:32,2026-03-20 01:13:08
12,Running,2026-03-20 01:12:12,2026-03-20 01:13:14
11,Running,2026-03-20 01:12:13,2026-03-20 01:13:21
12,Starved,2026-03-20 01:13:14,2026-03-20 01:13:21
11,Starved,2026-03-20 01:13:21,2026-03-20 01:13:22
12,Running,2026-03-20 01:13:21,2026-03-20 01:14:15
11,Running,2026-03-20 01:13:22,2026-03-20 01:14:19
12,Starved,2026-03-20 01:14:15,2026-03-20 01:14:19
11,Starved,2026-03-20 01:14:19,2026-03-20 01:14:33
6,Running,2026-03-20 01:13:08,2026-03-20 01:15:09
12,Running,2026-03-20 01:14:19,2026-03-20 01:15:10
6,Starved,2026-03-20 01:15:09,2026-03-20 01:15:11
11,Running,2026-03-20 01:14:33,2026-03-20 01:15:37
12,Starved,2026-03-20 01:15:10,2026-03-20 01:15:37
11,Starved,2026-03-20 01:15:37,2026-03-20 01:15:38
6,Running,2026-03-20 01:15:11,2026-03-20 01:16:07
6,Starved,2026-03-20 01:16:07,2026-03-20 01:16:13
12,Running,2026-03-20 01:15:37,2026-03-20 01:16:34
12,Starved,2026-03-20 01:16:34,2026-03-20 01:16:40
5,Running,2026-03-20 01:12:00,2026-03-20 01:17:09
5,Starved,2026-03-20 01:17:09,2026-03-20 01:17:24
11,Running,2026-03-20 01:15:38,2026-03-20 01:17:33
11,Starved,2026-03-20 01:17:33,2026-03-20 01:17:41
6,Running,2026-03-20 01:16:13,2026-03-20 01:18:11
5,Running,2026-03-20 01:17:24,2026-03-20 01:18:28
6,Starved,2026-03-20 01:18:11,2026-03-20 01:18:28
5,Starved,2026-03-20 01:18:28,2026-03-20 01:18:45
6,Running,2026-03-20 01:18:28,2026-03-20 01:19:30
5,Running,2026-03-20 01:18:45,2026-03-20 01:19:39
6,Starved,2026-03-20 01:19:30,2026-03-20 01:19:39
12,Running,2026-03-20 01:16:40,2026-03-20 01:19:41
11,Running,2026-03-20 01:17:41,2026-03-20 01:19:44
12,Starved,2026-03-20 01:19:41,2026-03-20 01:19:44
11,Starved,2026-03-20 01:19:44,2026-03-20 01:19:47
5,Starved,2026-03-20 01:19:39,2026-03-20 01:19:52
6,Running,2026-03-20 01:19:39,2026-03-20 01:20:46
7,Down,2026-03-20 01:13:05,2026-03-20 01:20:48
12,Running,2026-03-20 01:19:44,2026-03-20 01:20:48
11,Running,2026-03-20 01:19:47,2026-03-20 01:20:48
12,Starved,2026-03-20 01:20:48,2026-03-20 01:20:48
11,Starved,2026-03-20 01:20:48,2026-03-20 01:20:49
6,Starved,2026-03-20 01:20:46,2026-03-20 01:20:50
11,Running,2026-03-20 01:20:49,2026-03-20 01:21:43
11,Starved,2026-03-20 01:21:43,2026-03-20 01:21:51
6,Running,2026-03-20 01:20:50,2026-03-20 01:21:53
5,Running,2026-03-20 01:19:52,2026-03-20 01:21:56
6,Starved,2026-03-20 01:21:53,2026-03-20 01:21:56
6,Running,2026-03-20 01:21:56,2026-03-20 01:22:57
11,Running,2026-03-20 01:21:51,2026-03-20 01:23:46
11,Starved,2026-03-20 01:23:46,2026-03-20 01:23:52
11,Running,2026-03-20 01:23:52,2026-03-20 01:24:51
10,Running,2026-03-20 01:09:09,2026-03-20 01:24:57
11,Starved,2026-03-20 01:24:51,2026-03-20 01:24:57
10,Starved,2026-03-20 01:24:57,2026-03-20 01:25:09
11,Running,2026-03-20 01:24:57,2026-03-20 01:25:55
11,Starved,2026-03-20 01:25:55,2026-03-20 01:26:03
10,Running,2026-03-20 01:25:09,2026-03-20 01:26:54
10,Starved,2026-03-20 01:26:54,2026-03-20 01:26:55
5,Down,2026-03-20 01:21:56,2026-03-20 01:27:52
11,Running,2026-03-20 01:26:03,2026-03-20 01:28:00
11,Starved,2026-03-20 01:28:00,2026-03-20 01:28:06
6,Starved,2026-03-20 01:22:57,2026-03-20 01:28:47
6,Running,2026-03-20 01:28:47,2026-03-20 01:29:42
10,Running,2026-03-20 01:26:55,2026-03-20 01:32:01
10,Starved,2026-03-20 01:32:01,2026-03-20 01:32:09
6,Down,2026-03-20 01:29:42,2026-03-20 01:32:33
10,Running,2026-03-20 01:32:09,2026-03-20 01:33:59
10,Starved,2026-03-20 01:33:59,2026-03-20 01:34:01
10,Running,2026-03-20 01:34:01,2026-03-20 01:34:58
10,Starved,2026-03-20 01:34:58,2026-03-20 01:35:08
10,Running,2026-03-20 01:35:08,2026-03-20 01:35:56
10,Starved,2026-03-20 01:35:56,2026-03-20 01:36:05
10,Running,2026-03-20 01:36:05,2026-03-20 01:37:12
10,Starved,2026-03-20 01:37:12,2026-03-20 01:37:12
2,Running,2026-03-20 01:10:11,2026-03-20 01:37:14
2,Blocked,2026-03-20 01:37:14,2026-03-20 01:37:20
10,Running,2026-03-20 01:37:12,2026-03-20 01:38:11
2,Running,2026-03-20 01:37:20,2026-03-20 01:38:18
2,Blocked,2026-03-20 01:38:18,2026-03-20 01:38:19
10,Starved,2026-03-20 01:38:11,2026-03-20 01:38:21
11,Running,2026-03-20 01:28:06,2026-03-20 01:39:06
10,Running,2026-03-20 01:38:21,2026-03-20 01:39:14
11,Starved,2026-03-20 01:39:06,2026-03-20 01:39:14
2,Running,2026-03-20 01:38:19,2026-03-20 01:39:19
2,Blocked,2026-03-20 01:39:19,2026-03-20 01:39:23
10,Starved,2026-03-20 01:39:14,2026-03-20 01:39:25
11,Running,2026-03-20 01:39:14,2026-03-20 01:40:10
10,Running,2026-03-20 01:39:25,2026-03-20 01:40:21
11,Starved,2026-03-20 01:40:10,2026-03-20 01:40:21
10,Starved,2026-03-20 01:40:21,2026-03-20 01:40:25
11,Running,2026-03-20 01:40:21,2026-03-20 01:41:26
10,Running,2026-03-20 01:40:25,2026-03-20 01:41:27
11,Starved,2026-03-20 01:41:26,2026-03-20 01:41:27
10,Starved,2026-03-20 01:41:27,2026-03-20 01:41:29
10,Running,2026-03-20 01:41:29,2026-03-20 01:42:18
10,Starved,2026-03-20 01:42:18,2026-03-20 01:42:29
1,Running,2026-03-20 00:55:39,2026-03-20 01:42:33
1,Blocked,2026-03-20 01:42:33,2026-03-20 01:42:39
11,Running,2026-03-20 01:41:27,2026-03-20 01:43:19
10,Running,2026-03-20 01:42:29,2026-03-20 01:43:33
11,Starved,2026-03-20 01:43:19,2026-03-20 01:43:33
10,Starved,2026-03-20 01:43:33,2026-03-20 01:43:53
11,Running,2026-03-20 01:43:33,2026-03-20 01:44:32
10,Running,2026-03-20 01:43:53,2026-03-20 01:44:52
11,Starved,2026-03-20 01:44:32,2026-03-20 01:44:52
10,Starved,2026-03-20 01:44:52,2026-03-20 01:44:53
12,Running,2026-03-20 01:20:48,2026-03-20 01:45:45
10,Running,2026-03-20 01:44:53,2026-03-20 01:45:51
10,Starved,2026-03-20 01:45:51,2026-03-20 01:45:59
12,Starved,2026-03-20 01:45:45,2026-03-20 01:46:00
2,Running,2026-03-20 01:39:23,2026-03-20 01:47:21
2,Blocked,2026-03-20 01:47:21,2026-03-20 01:47:27
10,Running,2026-03-20 01:45:59,2026-03-20 01:48:03
2,Running,2026-03-20 01:47:27,2026-03-20 01:48:18
10,Starved,2026-03-20 01:48:03,2026-03-20 01:48:22
2,Blocked,2026-03-20 01:48:18,2026-03-20 01:48:28
11,Running,2026-03-20 01:44:52,2026-03-20 01:49:08
10,Running,2026-03-20 01:48:22,2026-03-20 01:49:20
11,Starved,2026-03-20 01:49:08,2026-03-20 01:49:20
10,Starved,2026-03-20 01:49:20,2026-03-20 01:49:26
2,Running,2026-03-20 01:48:28,2026-03-20 01:50:23
11,Running,2026-03-20 01:49:20,2026-03-20 01:50:23
11,Starved,2026-03-20 01:50:23,2026-03-20 01:50:26
2,Blocked,2026-03-20 01:50:23,2026-03-20 01:50:27
11,Running,2026-03-20 01:50:26,2026-03-20 01:51:23
2,Running,2026-03-20 01:50:27,2026-03-20 01:51:26
11,Starved,2026-03-20 01:51:23,2026-03-20 01:51:30
2,Blocked,2026-03-20 01:51:26,2026-03-20 01:51:39
10,Running,2026-03-20 01:49:26,2026-03-20 01:52:26
10,Starved,2026-03-20 01:52:26,2026-03-20 01:52:48
11,Running,2026-03-20 01:51:30,2026-03-20 01:53:32
10,Running,2026-03-20 01:52:48,2026-03-20 01:53:48
11,Starved,2026-03-20 01:53:32,2026-03-20 01:53:48
4,Running,2026-03-20 00:55:28,2026-03-20 01:53:48
10,Starved,2026-03-20 01:53:48,2026-03-20 01:54:01
2,Running,2026-03-20 01:51:39,2026-03-20 01:54:38
1,Running,2026-03-20 01:42:39,2026-03-20 01:54:38
12,Running,2026-03-20 01:46:00,2026-03-20 01:54:39
2,Blocked,2026-03-20 01:54:38,2026-03-20 01:54:47
1,Blocked,2026-03-20 01:54:38,2026-03-20 01:54:47
11,Running,2026-03-20 01:53:48,2026-03-20 01:54:48
12,Starved,2026-03-20 01:54:39,2026-03-20 01:54:48
11,Starved,2026-03-20 01:54:48,2026-03-20 01:55:01
4,Down,2026-03-20 01:53:48,2026-03-20 01:55:38
1,Running,2026-03-20 01:54:47,2026-03-20 01:55:43
1,Blocked,2026-03-20 01:55:43,2026-03-20 01:55:44
13,Running,2026-03-20 00:59:10,2026-03-20 01:55:45
12,Running,2026-03-20 01:54:48,2026-03-20 01:55:50
12,Starved,2026-03-20 01:55:50,2026-03-20 01:56:09
1,Running,2026-03-20 01:55:44,2026-03-20 01:56:38
2,Running,2026-03-20 01:54:47,2026-03-20 01:56:40
5,Running,2026-03-20 01:27:52,2026-03-20 01:56:40
5,Starved,2026-03-20 01:56:40,2026-03-20 01:56:42
2,Blocked,2026-03-20 01:56:40,2026-03-20 01:56:44
1,Blocked,2026-03-20 01:56:38,2026-03-20 01:56:44
11,Running,2026-03-20 01:55:01,2026-03-20 01:57:05
11,Starved,2026-03-20 01:57:05,2026-03-20 01:57:06
2,Running,2026-03-20 01:56:44,2026-03-20 01:57:38
2,Blocked,2026-03-20 01:57:38,2026-03-20 01:57:44
2,Running,2026-03-20 01:57:44,2026-03-20 01:58:36
3,Running,2026-03-20 00:54:30,2026-03-20 01:58:39
1,Running,2026-03-20 01:56:44,2026-03-20 01:58:43
5,Running,2026-03-20 01:56:42,2026-03-20 01:58:45
10,Running,2026-03-20 01:54:01,2026-03-20 01:58:52
5,Starved,2026-03-20 01:58:45,2026-03-20 01:58:53
3,Blocked,2026-03-20 01:58:39,2026-03-20 01:58:53
2,Blocked,2026-03-20 01:58:36,2026-03-20 01:58:53
1,Blocked,2026-03-20 01:58:43,2026-03-20 01:58:53
10,Starved,2026-03-20 01:58:52,2026-03-20 01:59:13
3,Running,2026-03-20 01:58:53,2026-03-20 01:59:45
11,Running,2026-03-20 01:57:06,2026-03-20 01:59:48
1,Running,2026-03-20 01:58:53,2026-03-20 01:59:49
2,Running,2026-03-20 01:58:53,2026-03-20 01:59:54
5,Running,2026-03-20 01:58:53,2026-03-20 01:59:55
5,Starved,2026-03-20 01:59:55,2026-03-20 01:59:59
3,Blocked,2026-03-20 01:59:45,2026-03-20 01:59:59
2,Blocked,2026-03-20 01:59:54,2026-03-20 01:59:59
1,Blocked,2026-03-20 01:59:49,2026-03-20 01:59:59
11,Starved,2026-03-20 01:59:48,2026-03-20 02:00:20
5,Running,2026-03-20 01:59:59,2026-03-20 02:00:56
1,Running,2026-03-20 01:59:59,2026-03-20 02:01:02
3,Running,2026-03-20 01:59:59,2026-03-20 02:01:02
2,Running,2026-03-20 01:59:59,2026-03-20 02:01:04
5,Starved,2026-03-20 02:00:56,2026-03-20 02:01:05
3,Blocked,2026-03-20 02:01:02,2026-03-20 02:01:05
2,Blocked,2026-03-20 02:01:04,2026-03-20 02:01:05
1,Blocked,2026-03-20 02:01:02,2026-03-20 02:01:05
1,Running,2026-03-20 02:01:05,2026-03-20 02:02:00
3,Running,2026-03-20 02:01:05,2026-03-20 02:02:06
5,Running,2026-03-20 02:01:05,2026-03-20 02:02:08
2,Running,2026-03-20 02:01:05,2026-03-20 02:02:09
5,Starved,2026-03-20 02:02:08,2026-03-20 02:02:15
3,Blocked,2026-03-20 02:02:06,2026-03-20 02:02:15
2,Blocked,2026-03-20 02:02:09,2026-03-20 02:02:15
1,Blocked,2026-03-20 02:02:00,2026-03-20 02:02:15
12,Running,2026-03-20 01:56:09,2026-03-20 02:02:24
12,Starved,2026-03-20 02:02:24,2026-03-20 02:02:26
1,Running,2026-03-20 02:02:15,2026-03-20 02:03:18
1,Blocked,2026-03-20 02:03:18,2026-03-20 02:03:22
12,Running,2026-03-20 02:02:26,2026-03-20 02:03:25
10,Running,2026-03-20 01:59:13,2026-03-20 02:04:11
3,Running,2026-03-20 02:02:15,2026-03-20 02:04:19
5,Running,2026-03-20 02:02:15,2026-03-20 02:04:21
2,Running,2026-03-20 02:02:15,2026-03-20 02:04:28
5,Starved,2026-03-20 02:04:21,2026-03-20 02:04:29
3,Blocked,2026-03-20 02:04:19,2026-03-20 02:04:29
2,Blocked,2026-03-20 02:04:28,2026-03-20 02:04:29
10,Starved,2026-03-20 02:04:11,2026-03-20 02:04:29
3,Running,2026-03-20 02:04:29,2026-03-20 02:05:18
11,Running,2026-03-20 02:00:20,2026-03-20 02:05:20
5,Running,2026-03-20 02:04:29,2026-03-20 02:05:23
10,Running,2026-03-20 02:04:29,2026-03-20 02:05:24
11,Starved,2026-03-20 02:05:20,2026-03-20 02:05:24
2,Running,2026-03-20 02:04:29,2026-03-20 02:05:27
1,Running,2026-03-20 02:03:22,2026-03-20 02:05:33
5,Starved,2026-03-20 02:05:23,2026-03-20 02:05:37
3,Blocked,2026-03-20 02:05:18,2026-03-20 02:05:37
2,Blocked,2026-03-20 02:05:27,2026-03-20 02:05:37
1,Blocked,2026-03-20 02:05:33,2026-03-20 02:05:37
10,Starved,2026-03-20 02:05:24,2026-03-20 02:05:56
1,Running,2026-03-20 02:05:37,2026-03-20 02:06:29
11,Running,2026-03-20 02:05:24,2026-03-20 02:06:32
2,Running,2026-03-20 02:05:37,2026-03-20 02:06:35
3,Running,2026-03-20 02:05:37,2026-03-20 02:06:38
5,Running,2026-03-20 02:05:37,2026-03-20 02:06:41
5,Starved,2026-03-20 02:06:41,2026-03-20 02:06:57
3,Blocked,2026-03-20 02:06:38,2026-03-20 02:06:57
2,Blocked,2026-03-20 02:06:35,2026-03-20 02:06:57
1,Blocked,2026-03-20 02:06:29,2026-03-20 02:06:57
13,Down,2026-03-20 01:55:45,2026-03-20 02:07:00
12,Blocked,2026-03-20 02:03:25,2026-03-20 02:07:00
10,Running,2026-03-20 02:05:56,2026-03-20 02:07:01
11,Starved,2026-03-20 02:06:32,2026-03-20 02:07:01
10,Starved,2026-03-20 02:07:01,2026-03-20 02:07:15
1,Running,2026-03-20 02:06:57,2026-03-20 02:07:47
8,Running,2026-03-20 00:52:04,2026-03-20 02:07:48
5,Running,2026-03-20 02:06:57,2026-03-20 02:07:57
3,Running,2026-03-20 02:06:57,2026-03-20 02:07:58
2,Running,2026-03-20 02:06:57,2026-03-20 02:08:01
12,Running,2026-03-20 02:07:00,2026-03-20 02:08:02
8,Starved,2026-03-20 02:07:48,2026-03-20 02:08:06
12,Blocked,2026-03-20 02:08:02,2026-03-20 02:08:07
11,Running,2026-03-20 02:07:01,2026-03-20 02:08:08
10,Running,2026-03-20 02:07:15,2026-03-20 02:08:22
11,Starved,2026-03-20 02:08:08,2026-03-20 02:08:22
5,Starved,2026-03-20 02:07:57,2026-03-20 02:08:25
3,Blocked,2026-03-20 02:07:58,2026-03-20 02:08:25
2,Blocked,2026-03-20 02:08:01,2026-03-20 02:08:25
1,Blocked,2026-03-20 02:07:47,2026-03-20 02:08:25
10,Starved,2026-03-20 02:08:22,2026-03-20 02:08:26
8,Running,2026-03-20 02:08:06,2026-03-20 02:08:58
12,Running,2026-03-20 02:08:07,2026-03-20 02:09:00
12,Blocked,2026-03-20 02:09:00,2026-03-20 02:09:10
11,Running,2026-03-20 02:08:22,2026-03-20 02:09:19
2,Running,2026-03-20 02:08:25,2026-03-20 02:09:26
11,Starved,2026-03-20 02:09:19,2026-03-20 02:09:28
2,Blocked,2026-03-20 02:09:26,2026-03-20 02:09:31
8,Starved,2026-03-20 02:08:58,2026-03-20 02:09:34
11,Running,2026-03-20 02:09:28,2026-03-20 02:10:22
1,Running,2026-03-20 02:08:25,2026-03-20 02:10:31
1,Blocked,2026-03-20 02:10:31,2026-03-20 02:10:34
11,Starved,2026-03-20 02:10:22,2026-03-20 02:10:41
1,Running,2026-03-20 02:10:34,2026-03-20 02:12:23
1,Blocked,2026-03-20 02:12:23,2026-03-20 02:12:26
4,Running,2026-03-20 01:55:38,2026-03-20 02:13:04
4,Down,2026-03-20 02:13:04,2026-03-20 02:13:08
1,Running,2026-03-20 02:12:26,2026-03-20 02:13:24
2,Running,2026-03-20 02:09:31,2026-03-20 02:13:28
2,Blocked,2026-03-20 02:13:28,2026-03-20 02:13:31
1,Blocked,2026-03-20 02:13:24,2026-03-20 02:13:31
8,Running,2026-03-20 02:09:34,2026-03-20 02:13:54
8,Starved,2026-03-20 02:13:54,2026-03-20 02:13:57
3,Running,2026-03-20 02:08:25,2026-03-20 02:14:22
5,Running,2026-03-20 02:08:25,2026-03-20 02:14:28
5,Starved,2026-03-20 02:14:28,2026-03-20 02:14:29
3,Blocked,2026-03-20 02:14:22,2026-03-20 02:14:29
1,Running,2026-03-20 02:13:31,2026-03-20 02:14:37
1,Blocked,2026-03-20 02:14:37,2026-03-20 02:14:37
12,Running,2026-03-20 02:09:10,2026-03-20 02:14:57
12,Blocked,2026-03-20 02:14:57,2026-03-20 02:14:58
8,Running,2026-03-20 02:13:57,2026-03-20 02:15:56
3,Running,2026-03-20 02:14:29,2026-03-20 02:16:21
8,Starved,2026-03-20 02:15:56,2026-03-20 02:16:23
5,Running,2026-03-20 02:14:29,2026-03-20 02:16:27
2,Running,2026-03-20 02:13:31,2026-03-20 02:16:30
5,Starved,2026-03-20 02:16:27,2026-03-20 02:16:31
3,Blocked,2026-03-20 02:16:21,2026-03-20 02:16:31
2,Blocked,2026-03-20 02:16:30,2026-03-20 02:16:31
10,Running,2026-03-20 02:08:26,2026-03-20 02:16:41
10,Starved,2026-03-20 02:16:41,2026-03-20 02:17:05
8,Running,2026-03-20 02:16:23,2026-03-20 02:17:16
2,Running,2026-03-20 02:16:31,2026-03-20 02:17:23
1,Running,2026-03-20 02:14:37,2026-03-20 02:17:34
2,Blocked,2026-03-20 02:17:23,2026-03-20 02:17:38
1,Blocked,2026-03-20 02:17:34,2026-03-20 02:17:38
11,Running,2026-03-20 02:10:41,2026-03-20 02:17:44
8,Starved,2026-03-20 02:17:16,2026-03-20 02:17:52
10,Running,2026-03-20 02:17:05,2026-03-20 02:18:03
11,Starved,2026-03-20 02:17:44,2026-03-20 02:18:03
10,Starved,2026-03-20 02:18:03,2026-03-20 02:18:10
5,Running,2026-03-20 02:16:31,2026-03-20 02:18:34
1,Running,2026-03-20 02:17:38,2026-03-20 02:18:40
2,Running,2026-03-20 02:17:38,2026-03-20 02:18:42
3,Running,2026-03-20 02:16:31,2026-03-20 02:18:42
5,Starved,2026-03-20 02:18:34,2026-03-20 02:18:49
3,Blocked,2026-03-20 02:18:42,2026-03-20 02:18:49
2,Blocked,2026-03-20 02:18:42,2026-03-20 02:18:49
1,Blocked,2026-03-20 02:18:40,2026-03-20 02:18:49
8,Running,2026-03-20 02:17:52,2026-03-20 02:18:53
8,Starved,2026-03-20 02:18:53,2026-03-20 02:18:55
11,Running,2026-03-20 02:18:03,2026-03-20 02:19:03
10,Running,2026-03-20 02:18:10,2026-03-20 02:19:09
11,Starved,2026-03-20 02:19:03,2026-03-20 02:19:09
10,Starved,2026-03-20 02:19:09,2026-03-20 02:19:16
3,Running,2026-03-20 02:18:49,2026-03-20 02:19:43
2,Running,2026-03-20 02:18:49,2026-03-20 02:19:44
5,Running,2026-03-20 02:18:49,2026-03-20 02:19:50
8,Running,2026-03-20 02:18:55,2026-03-20 02:19:53
1,Running,2026-03-20 02:18:49,2026-03-20 02:19:53
5,Starved,2026-03-20 02:19:50,2026-03-20 02:20:04
3,Blocked,2026-03-20 02:19:43,2026-03-20 02:20:04
2,Blocked,2026-03-20 02:19:44,2026-03-20 02:20:04
1,Blocked,2026-03-20 02:19:53,2026-03-20 02:20:04
8,Starved,2026-03-20 02:19:53,2026-03-20 02:20:09
11,Running,2026-03-20 02:19:09,2026-03-20 02:20:12
11,Starved,2026-03-20 02:20:12,2026-03-20 02:20:17
3,Running,2026-03-20 02:20:04,2026-03-20 02:20:50
5,Running,2026-03-20 02:20:04,2026-03-20 02:21:01
1,Running,2026-03-20 02:20:04,2026-03-20 02:21:07
2,Running,2026-03-20 02:20:04,2026-03-20 02:21:09
11,Running,2026-03-20 02:20:17,2026-03-20 02:21:14
5,Starved,2026-03-20 02:21:01,2026-03-20 02:21:26
3,Blocked,2026-03-20 02:20:50,2026-03-20 02:21:26
2,Blocked,2026-03-20 02:21:09,2026-03-20 02:21:26
1,Blocked,2026-03-20 02:21:07,2026-03-20 02:21:26
11,Starved,2026-03-20 02:21:14,2026-03-20 02:21:30
5,Running,2026-03-20 02:21:26,2026-03-20 02:22:20
1,Running,2026-03-20 02:21:26,2026-03-20 02:22:29
3,Running,2026-03-20 02:21:26,2026-03-20 02:22:30
2,Running,2026-03-20 02:21:26,2026-03-20 02:22:30
5,Starved,2026-03-20 02:22:20,2026-03-20 02:22:31
3,Blocked,2026-03-20 02:22:30,2026-03-20 02:22:31
2,Blocked,2026-03-20 02:22:30,2026-03-20 02:22:31
1,Blocked,2026-03-20 02:22:29,2026-03-20 02:22:31
2,Running,2026-03-20 02:22:31,2026-03-20 02:23:20
1,Running,2026-03-20 02:22:31,2026-03-20 02:23:21
10,Running,2026-03-20 02:19:16,2026-03-20 02:23:31
2,Blocked,2026-03-20 02:23:20,2026-03-20 02:23:33
1,Blocked,2026-03-20 02:23:21,2026-03-20 02:23:33
10,Starved,2026-03-20 02:23:31,2026-03-20 02:23:39
10,Running,2026-03-20 02:23:39,2026-03-20 02:24:42
10,Starved,2026-03-20 02:24:42,2026-03-20 02:24:57
3,Running,2026-03-20 02:22:31,2026-03-20 02:25:21
3,Blocked,2026-03-20 02:25:21,2026-03-20 02:25:30
11,Running,2026-03-20 02:21:30,2026-03-20 02:25:45
11,Starved,2026-03-20 02:25:45,2026-03-20 02:26:10
3,Running,2026-03-20 02:25:30,2026-03-20 02:26:18
8,Running,2026-03-20 02:20:09,2026-03-20 02:26:19
8,Starved,2026-03-20 02:26:19,2026-03-20 02:26:26
2,Running,2026-03-20 02:23:33,2026-03-20 02:26:32
6,Running,2026-03-20 01:32:33,2026-03-20 02:26:38
1,Running,2026-03-20 02:23:33,2026-03-20 02:26:43
5,Running,2026-03-20 02:22:31,2026-03-20 02:26:44
6,Starved,2026-03-20 02:26:38,2026-03-20 02:26:44
5,Starved,2026-03-20 02:26:44,2026-03-20 02:26:47
3,Blocked,2026-03-20 02:26:18,2026-03-20 02:26:47
2,Blocked,2026-03-20 02:26:32,2026-03-20 02:26:47
1,Blocked,2026-03-20 02:26:43,2026-03-20 02:26:47
11,Running,2026-03-20 02:26:10,2026-03-20 02:27:11
10,Running,2026-03-20 02:24:57,2026-03-20 02:27:12
11,Starved,2026-03-20 02:27:11,2026-03-20 02:27:12
10,Starved,2026-03-20 02:27:12,2026-03-20 02:27:14
1,Running,2026-03-20 02:26:47,2026-03-20 02:27:44
5,Running,2026-03-20 02:26:47,2026-03-20 02:27:53
3,Running,2026-03-20 02:26:47,2026-03-20 02:27:55
5,Starved,2026-03-20 02:27:53,2026-03-20 02:27:55
3,Blocked,2026-03-20 02:27:55,2026-03-20 02:27:55
1,Blocked,2026-03-20 02:27:44,2026-03-20 02:27:59
11,Running,2026-03-20 02:27:12,2026-03-20 02:28:05
10,Running,2026-03-20 02:27:14,2026-03-20 02:28:17
11,Starved,2026-03-20 02:28:05,2026-03-20 02:28:17
10,Starved,2026-03-20 02:28:17,2026-03-20 02:28:17
5,Running,2026-03-20 02:27:55,2026-03-20 02:28:52
3,Running,2026-03-20 02:27:55,2026-03-20 02:28:56
5,Starved,2026-03-20 02:28:52,2026-03-20 02:28:56
3,Blocked,2026-03-20 02:28:56,2026-03-20 02:28:56
10,Running,2026-03-20 02:28:17,2026-03-20 02:29:12
10,Starved,2026-03-20 02:29:12,2026-03-20 02:29:28
1,Running,2026-03-20 02:27:59,2026-03-20 02:29:47
2,Running,2026-03-20 02:26:47,2026-03-20 02:29:50
3,Running,2026-03-20 02:28:56,2026-03-20 02:29:50
5,Running,2026-03-20 02:28:56,2026-03-20 02:29:52
5,Starved,2026-03-20 02:29:52,2026-03-20 02:29:57
3,Blocked,2026-03-20 02:29:50,2026-03-20 02:29:57
2,Blocked,2026-03-20 02:29:50,2026-03-20 02:29:57
1,Blocked,2026-03-20 02:29:47,2026-03-20 02:29:57
8,Running,2026-03-20 02:26:26,2026-03-20 02:30:14
11,Running,2026-03-20 02:28:17,2026-03-20 02:30:21
8,Starved,2026-03-20 02:30:14,2026-03-20 02:30:21
11,Starved,2026-03-20 02:30:21,2026-03-20 02:30:32
8,Running,2026-03-20 02:30:21,2026-03-20 02:31:27
8,Starved,2026-03-20 02:31:27,2026-03-20 02:31:35
1,Running,2026-03-20 02:29:57,2026-03-20 02:31:55
3,Running,2026-03-20 02:29:57,2026-03-20 02:31:57
2,Running,2026-03-20 02:29:57,2026-03-20 02:32:02
3,Blocked,2026-03-20 02:31:57,2026-03-20 02:32:02
2,Blocked,2026-03-20 02:32:02,2026-03-20 02:32:02
1,Blocked,2026-03-20 02:31:55,2026-03-20 02:32:02
8,Running,2026-03-20 02:31:35,2026-03-20 02:32:34
8,Starved,2026-03-20 02:32:34,2026-03-20 02:32:45
1,Running,2026-03-20 02:32:02,2026-03-20 02:32:59
1,Blocked,2026-03-20 02:32:59,2026-03-20 02:33:04
10,Running,2026-03-20 02:29:28,2026-03-20 02:33:31
10,Starved,2026-03-20 02:33:31,2026-03-20 02:33:41
8,Running,2026-03-20 02:32:45,2026-03-20 02:34:46
3,Running,2026-03-20 02:32:02,2026-03-20 02:34:47
3,Blocked,2026-03-20 02:34:47,2026-03-20 02:34:54
8,Starved,2026-03-20 02:34:46,2026-03-20 02:34:58
6,Running,2026-03-20 02:26:44,2026-03-20 02:35:09
6,Starved,2026-03-20 02:35:09,2026-03-20 02:35:11
3,Running,2026-03-20 02:34:54,2026-03-20 02:35:48
3,Blocked,2026-03-20 02:35:48,2026-03-20 02:35:57
1,Running,2026-03-20 02:33:04,2026-03-20 02:36:00
1,Blocked,2026-03-20 02:36:00,2026-03-20 02:36:01
8,Running,2026-03-20 02:34:58,2026-03-20 02:36:02
8,Starved,2026-03-20 02:36:02,2026-03-20 02:36:10
1,Running,2026-03-20 02:36:01,2026-03-20 02:36:52
12,Running,2026-03-20 02:14:58,2026-03-20 02:36:59
2,Running,2026-03-20 02:32:02,2026-03-20 02:37:02
12,Blocked,2026-03-20 02:36:59,2026-03-20 02:37:04
2,Blocked,2026-03-20 02:37:02,2026-03-20 02:37:07
1,Blocked,2026-03-20 02:36:52,2026-03-20 02:37:07
6,Running,2026-03-20 02:35:11,2026-03-20 02:37:08
6,Starved,2026-03-20 02:37:08,2026-03-20 02:37:11
2,Running,2026-03-20 02:37:07,2026-03-20 02:38:04
1,Running,2026-03-20 02:37:07,2026-03-20 02:38:07
2,Blocked,2026-03-20 02:38:04,2026-03-20 02:38:12
1,Blocked,2026-03-20 02:38:07,2026-03-20 02:38:12
8,Running,2026-03-20 02:36:10,2026-03-20 02:38:13
6,Running,2026-03-20 02:37:11,2026-03-20 02:38:14
6,Starved,2026-03-20 02:38:14,2026-03-20 02:38:19
8,Starved,2026-03-20 02:38:13,2026-03-20 02:38:22
1,Running,2026-03-20 02:38:12,2026-03-20 02:39:11
1,Blocked,2026-03-20 02:39:11,2026-03-20 02:39:14
8,Running,2026-03-20 02:38:22,2026-03-20 02:39:18
8,Starved,2026-03-20 02:39:18,2026-03-20 02:39:28
10,Running,2026-03-20 02:33:41,2026-03-20 02:39:38
10,Starved,2026-03-20 02:39:38,2026-03-20 02:39:39
8,Running,2026-03-20 02:39:28,2026-03-20 02:40:26
3,Running,2026-03-20 02:35:57,2026-03-20 02:40:51
2,Running,2026-03-20 02:38:12,2026-03-20 02:40:55
8,Starved,2026-03-20 02:40:26,2026-03-20 02:40:56
5,Running,2026-03-20 02:29:57,2026-03-20 02:41:07
1,Running,2026-03-20 02:39:14,2026-03-20 02:41:16
5,Starved,2026-03-20 02:41:07,2026-03-20 02:41:18
3,Blocked,2026-03-20 02:40:51,2026-03-20 02:41:18
2,Blocked,2026-03-20 02:40:55,2026-03-20 02:41:18
1,Blocked,2026-03-20 02:41:16,2026-03-20 02:41:18
10,Running,2026-03-20 02:39:39,2026-03-20 02:41:42
10,Starved,2026-03-20 02:41:42,2026-03-20 02:42:05
2,Running,2026-03-20 02:41:18,2026-03-20 02:42:08
1,Running,2026-03-20 02:41:18,2026-03-20 02:42:10
5,Running,2026-03-20 02:41:18,2026-03-20 02:42:12
3,Running,2026-03-20 02:41:18,2026-03-20 02:42:28
5,Starved,2026-03-20 02:42:12,2026-03-20 02:42:37
3,Blocked,2026-03-20 02:42:28,2026-03-20 02:42:37
2,Blocked,2026-03-20 02:42:08,2026-03-20 02:42:37
1,Blocked,2026-03-20 02:42:10,2026-03-20 02:42:37
11,Running,2026-03-20 02:30:32,2026-03-20 02:42:44
11,Starved,2026-03-20 02:42:44,2026-03-20 02:43:08
6,Running,2026-03-20 02:38:19,2026-03-20 02:43:30
3,Running,2026-03-20 02:42:37,2026-03-20 02:43:31
5,Running,2026-03-20 02:42:37,2026-03-20 02:43:31
6,Starved,2026-03-20 02:43:30,2026-03-20 02:43:31
5,Starved,2026-03-20 02:43:31,2026-03-20 02:43:31
3,Blocked,2026-03-20 02:43:31,2026-03-20 02:43:31
12,Running,2026-03-20 02:37:04,2026-03-20 02:43:50
11,Running,2026-03-20 02:43:08,2026-03-20 02:44:08
12,Starved,2026-03-20 02:43:50,2026-03-20 02:44:08
11,Starved,2026-03-20 02:44:08,2026-03-20 02:44:14
6,Running,2026-03-20 02:43:31,2026-03-20 02:44:22
2,Running,2026-03-20 02:42:37,2026-03-20 02:44:30
5,Running,2026-03-20 02:43:31,2026-03-20 02:44:33
6,Starved,2026-03-20 02:44:22,2026-03-20 02:44:33
3,Running,2026-03-20 02:43:31,2026-03-20 02:44:35
1,Running,2026-03-20 02:42:37,2026-03-20 02:44:37
5,Starved,2026-03-20 02:44:33,2026-03-20 02:44:38
3,Blocked,2026-03-20 02:44:35,2026-03-20 02:44:38
2,Blocked,2026-03-20 02:44:30,2026-03-20 02:44:38
1,Blocked,2026-03-20 02:44:37,2026-03-20 02:44:38
12,Running,2026-03-20 02:44:08,2026-03-20 02:45:05
10,Running,2026-03-20 02:42:05,2026-03-20 02:45:09
10,Starved,2026-03-20 02:45:09,2026-03-20 02:45:12
12,Starved,2026-03-20 02:45:05,2026-03-20 02:45:17
1,Running,2026-03-20 02:44:38,2026-03-20 02:45:38
6,Running,2026-03-20 02:44:33,2026-03-20 02:45:39
2,Running,2026-03-20 02:44:38,2026-03-20 02:45:46
5,Running,2026-03-20 02:44:38,2026-03-20 02:45:48
6,Starved,2026-03-20 02:45:39,2026-03-20 02:45:48
3,Running,2026-03-20 02:44:38,2026-03-20 02:45:49
5,Starved,2026-03-20 02:45:48,2026-03-20 02:45:54
3,Blocked,2026-03-20 02:45:49,2026-03-20 02:45:54
2,Blocked,2026-03-20 02:45:46,2026-03-20 02:45:54
1,Blocked,2026-03-20 02:45:38,2026-03-20 02:45:54
10,Running,2026-03-20 02:45:12,2026-03-20 02:46:02
10,Starved,2026-03-20 02:46:02,2026-03-20 02:46:04
1,Running,2026-03-20 02:45:54,2026-03-20 02:46:42
6,Running,2026-03-20 02:45:48,2026-03-20 02:46:45
2,Running,2026-03-20 02:45:54,2026-03-20 02:46:53
5,Running,2026-03-20 02:45:54,2026-03-20 02:46:57
6,Starved,2026-03-20 02:46:45,2026-03-20 02:46:57
3,Running,2026-03-20 02:45:54,2026-03-20 02:46:58
10,Running,2026-03-20 02:46:04,2026-03-20 02:47:00
3,Blocked,2026-03-20 02:46:58,2026-03-20 02:47:17
2,Blocked,2026-03-20 02:46:53,2026-03-20 02:47:17
1,Blocked,2026-03-20 02:46:42,2026-03-20 02:47:17
10,Starved,2026-03-20 02:47:00,2026-03-20 02:47:24
6,Running,2026-03-20 02:46:57,2026-03-20 02:47:57
2,Running,2026-03-20 02:47:17,2026-03-20 02:48:13
10,Running,2026-03-20 02:47:24,2026-03-20 02:48:17
3,Running,2026-03-20 02:47:17,2026-03-20 02:48:20
1,Running,2026-03-20 02:47:17,2026-03-20 02:48:20
3,Blocked,2026-03-20 02:48:20,2026-03-20 02:48:23
2,Blocked,2026-03-20 02:48:13,2026-03-20 02:48:23
1,Blocked,2026-03-20 02:48:20,2026-03-20 02:48:23
10,Starved,2026-03-20 02:48:17,2026-03-20 02:48:30
1,Running,2026-03-20 02:48:23,2026-03-20 02:49:27
3,Running,2026-03-20 02:48:23,2026-03-20 02:49:28
10,Running,2026-03-20 02:48:30,2026-03-20 02:49:29
10,Starved,2026-03-20 02:49:29,2026-03-20 02:49:31
2,Running,2026-03-20 02:48:23,2026-03-20 02:49:37
12,Running,2026-03-20 02:45:17,2026-03-20 02:49:37
12,Starved,2026-03-20 02:49:37,2026-03-20 02:49:38
3,Blocked,2026-03-20 02:49:28,2026-03-20 02:49:55
2,Blocked,2026-03-20 02:49:37,2026-03-20 02:49:55
1,Blocked,2026-03-20 02:49:27,2026-03-20 02:49:55
8,Running,2026-03-20 02:40:56,2026-03-20 02:50:27
8,Starved,2026-03-20 02:50:27,2026-03-20 02:50:39
2,Running,2026-03-20 02:49:55,2026-03-20 02:50:51
3,Running,2026-03-20 02:49:55,2026-03-20 02:50:56
3,Blocked,2026-03-20 02:50:56,2026-03-20 02:50:59
2,Blocked,2026-03-20 02:50:51,2026-03-20 02:50:59
12,Running,2026-03-20 02:49:38,2026-03-20 02:51:31
11,Running,2026-03-20 02:44:14,2026-03-20 02:51:32
12,Starved,2026-03-20 02:51:31,2026-03-20 02:51:32
10,Running,2026-03-20 02:49:31,2026-03-20 02:51:32
11,Starved,2026-03-20 02:51:32,2026-03-20 02:51:32
8,Running,2026-03-20 02:50:39,2026-03-20 02:51:36
8,Starved,2026-03-20 02:51:36,2026-03-20 02:51:38
10,Starved,2026-03-20 02:51:32,2026-03-20 02:51:47
2,Running,2026-03-20 02:50:59,2026-03-20 02:51:49
3,Running,2026-03-20 02:50:59,2026-03-20 02:52:00
1,Running,2026-03-20 02:49:55,2026-03-20 02:52:03
12,Running,2026-03-20 02:51:32,2026-03-20 02:52:30
3,Blocked,2026-03-20 02:52:00,2026-03-20 02:52:33
2,Blocked,2026-03-20 02:51:49,2026-03-20 02:52:33
1,Blocked,2026-03-20 02:52:03,2026-03-20 02:52:33
10,Running,2026-03-20 02:51:47,2026-03-20 02:52:40
12,Starved,2026-03-20 02:52:30,2026-03-20 02:52:40
8,Running,2026-03-20 02:51:38,2026-03-20 02:52:42
8,Starved,2026-03-20 02:52:42,2026-03-20 02:52:48
10,Starved,2026-03-20 02:52:40,2026-03-20 02:52:53
2,Running,2026-03-20 02:52:33,2026-03-20 02:53:34
1,Running,2026-03-20 02:52:33,2026-03-20 02:53:35
12,Running,2026-03-20 02:52:40,2026-03-20 02:53:40
2,Blocked,2026-03-20 02:53:34,2026-03-20 02:53:41
1,Blocked,2026-03-20 02:53:35,2026-03-20 02:53:41
11,Running,2026-03-20 02:51:32,2026-03-20 02:53:42
12,Starved,2026-03-20 02:53:40,2026-03-20 02:53:42
11,Starved,2026-03-20 02:53:42,2026-03-20 02:53:59
3,Running,2026-03-20 02:52:33,2026-03-20 02:54:33
12,Running,2026-03-20 02:53:42,2026-03-20 02:54:37
1,Running,2026-03-20 02:53:41,2026-03-20 02:54:39
2,Running,2026-03-20 02:53:41,2026-03-20 02:54:43
8,Running,2026-03-20 02:52:48,2026-03-20 02:54:50
11,Running,2026-03-20 02:53:59,2026-03-20 02:54:50
12,Starved,2026-03-20 02:54:37,2026-03-20 02:54:50
8,Starved,2026-03-20 02:54:50,2026-03-20 02:54:51
5,Down,2026-03-20 02:46:57,2026-03-20 02:54:56
11,Starved,2026-03-20 02:54:50,2026-03-20 02:54:58
3,Blocked,2026-03-20 02:54:33,2026-03-20 02:55:01
2,Blocked,2026-03-20 02:54:43,2026-03-20 02:55:01
1,Blocked,2026-03-20 02:54:39,2026-03-20 02:55:01
8,Running,2026-03-20 02:54:51,2026-03-20 02:55:46
12,Running,2026-03-20 02:54:50,2026-03-20 02:55:49
11,Running,2026-03-20 02:54:58,2026-03-20 02:55:51
12,Starved,2026-03-20 02:55:49,2026-03-20 02:55:51
1,Running,2026-03-20 02:55:01,2026-03-20 02:55:55
6,Starved,2026-03-20 02:47:57,2026-03-20 02:55:57
8,Starved,2026-03-20 02:55:46,2026-03-20 02:55:59
2,Running,2026-03-20 02:55:01,2026-03-20 02:56:01
3,Running,2026-03-20 02:55:01,2026-03-20 02:56:03
11,Starved,2026-03-20 02:55:51,2026-03-20 02:56:04
3,Blocked,2026-03-20 02:56:03,2026-03-20 02:56:26
2,Blocked,2026-03-20 02:56:01,2026-03-20 02:56:26
1,Blocked,2026-03-20 02:55:55,2026-03-20 02:56:26
5,Running,2026-03-20 02:54:56,2026-03-20 02:56:48
12,Running,2026-03-20 02:55:51,2026-03-20 02:56:50
8,Running,2026-03-20 02:55:59,2026-03-20 02:56:57
8,Starved,2026-03-20 02:56:57,2026-03-20 02:56:59
10,Running,2026-03-20 02:52:53,2026-03-20 02:57:00
10,Starved,2026-03-20 02:57:00,2026-03-20 02:57:05
12,Starved,2026-03-20 02:56:50,2026-03-20 02:57:09
3,Running,2026-03-20 02:56:26,2026-03-20 02:57:18
2,Running,2026-03-20 02:56:26,2026-03-20 02:57:19
1,Running,2026-03-20 02:56:26,2026-03-20 02:57:26
3,Blocked,2026-03-20 02:57:18,2026-03-20 02:57:36
2,Blocked,2026-03-20 02:57:19,2026-03-20 02:57:36
1,Blocked,2026-03-20 02:57:26,2026-03-20 02:57:36
6,Running,2026-03-20 02:55:57,2026-03-20 02:57:49
8,Running,2026-03-20 02:56:59,2026-03-20 02:57:55
10,Running,2026-03-20 02:57:05,2026-03-20 02:57:57
10,Starved,2026-03-20 02:57:57,2026-03-20 02:58:02
8,Starved,2026-03-20 02:57:55,2026-03-20 02:58:08
5,Down,2026-03-20 02:56:48,2026-03-20 02:58:12
2,Running,2026-03-20 02:57:36,2026-03-20 02:58:37
2,Blocked,2026-03-20 02:58:37,2026-03-20 02:58:39
12,Running,2026-03-20 02:57:09,2026-03-20 02:59:08
6,Starved,2026-03-20 02:57:49,2026-03-20 02:59:09
12,Starved,2026-03-20 02:59:08,2026-03-20 02:59:10
1,Running,2026-03-20 02:57:36,2026-03-20 02:59:39
3,Running,2026-03-20 02:57:36,2026-03-20 02:59:42
2,Running,2026-03-20 02:58:39,2026-03-20 02:59:44
3,Blocked,2026-03-20 02:59:42,2026-03-20 02:59:54
2,Blocked,2026-03-20 02:59:44,2026-03-20 02:59:54
1,Blocked,2026-03-20 02:59:39,2026-03-20 02:59:54
6,Running,2026-03-20 02:59:09,2026-03-20 03:00:06
6,Starved,2026-03-20 03:00:06,2026-03-20 03:00:09
12,Running,2026-03-20 02:59:10,2026-03-20 03:00:12
12,Starved,2026-03-20 03:00:12,2026-03-20 03:00:16
1,Running,2026-03-20 02:59:54,2026-03-20 03:00:51
3,Running,2026-03-20 02:59:54,2026-03-20 03:00:53
3,Blocked,2026-03-20 03:00:53,2026-03-20 03:00:54
1,Blocked,2026-03-20 03:00:51,2026-03-20 03:00:59
10,Running,2026-03-20 02:58:02,2026-03-20 03:01:02
10,Starved,2026-03-20 03:01:02,2026-03-20 03:01:18
1,Running,2026-03-20 03:00:59,2026-03-20 03:01:54
2,Running,2026-03-20 02:59:54,2026-03-20 03:02:00
11,Running,2026-03-20 02:56:04,2026-03-20 03:02:02
2,Blocked,2026-03-20 03:02:00,2026-03-20 03:02:03
1,Blocked,2026-03-20 03:01:54,2026-03-20 03:02:03
6,Running,2026-03-20 03:00:09,2026-03-20 03:02:04
6,Starved,2026-03-20 03:02:04,2026-03-20 03:02:14
10,Running,2026-03-20 03:01:18,2026-03-20 03:02:18
11,Starved,2026-03-20 03:02:02,2026-03-20 03:02:18
10,Starved,2026-03-20 03:02:18,2026-03-20 03:02:35
2,Running,2026-03-20 03:02:03,2026-03-20 03:02:54
12,Running,2026-03-20 03:00:16,2026-03-20 03:03:00
1,Running,2026-03-20 03:02:03,2026-03-20 03:03:04
2,Blocked,2026-03-20 03:02:54,2026-03-20 03:03:08
1,Blocked,2026-03-20 03:03:04,2026-03-20 03:03:08
11,Running,2026-03-20 03:02:18,2026-03-20 03:03:12
12,Starved,2026-03-20 03:03:00,2026-03-20 03:03:12
7,Running,2026-03-20 01:20:48,2026-03-20 03:03:18
10,Running,2026-03-20 03:02:35,2026-03-20 03:03:39
11,Starved,2026-03-20 03:03:12,2026-03-20 03:03:39
10,Starved,2026-03-20 03:03:39,2026-03-20 03:03:41
1,Running,2026-03-20 03:03:08,2026-03-20 03:03:57
1,Blocked,2026-03-20 03:03:57,2026-03-20 03:04:06
12,Running,2026-03-20 03:03:12,2026-03-20 03:04:06
6,Running,2026-03-20 03:02:14,2026-03-20 03:04:11
6,Starved,2026-03-20 03:04:11,2026-03-20 03:04:12
8,Running,2026-03-20 02:58:08,2026-03-20 03:04:19
11,Running,2026-03-20 03:03:39,2026-03-20 03:04:34
12,Starved,2026-03-20 03:04:06,2026-03-20 03:04:34
11,Starved,2026-03-20 03:04:34,2026-03-20 03:04:44
1,Running,2026-03-20 03:04:06,2026-03-20 03:04:56
1,Blocked,2026-03-20 03:04:56,2026-03-20 03:05:16
12,Running,2026-03-20 03:04:34,2026-03-20 03:05:28
11,Running,2026-03-20 03:04:44,2026-03-20 03:05:43
11,Starved,2026-03-20 03:05:43,2026-03-20 03:05:47
1,Running,2026-03-20 03:05:16,2026-03-20 03:06:11
1,Blocked,2026-03-20 03:06:11,2026-03-20 03:06:17
9,Running,2026-03-20 00:52:55,2026-03-20 03:09:41
11,Running,2026-03-20 03:05:47,2026-03-20 03:09:51
11,Starved,2026-03-20 03:09:51,2026-03-20 03:09:56
3,Running,2026-03-20 03:00:54,2026-03-20 03:10:05
1,Running,2026-03-20 03:06:17,2026-03-20 03:10:10
2,Running,2026-03-20 03:03:08,2026-03-20 03:10:16
3,Blocked,2026-03-20 03:10:05,2026-03-20 03:10:21
2,Blocked,2026-03-20 03:10:16,2026-03-20 03:10:21
1,Blocked,2026-03-20 03:10:10,2026-03-20 03:10:21
11,Running,2026-03-20 03:09:56,2026-03-20 03:10:54
10,Running,2026-03-20 03:03:41,2026-03-20 03:11:05
11,Starved,2026-03-20 03:10:54,2026-03-20 03:11:05
1,Running,2026-03-20 03:10:21,2026-03-20 03:11:16
3,Running,2026-03-20 03:10:21,2026-03-20 03:11:20
3,Blocked,2026-03-20 03:11:20,2026-03-20 03:11:21
1,Blocked,2026-03-20 03:11:16,2026-03-20 03:11:22
7,Down,2026-03-20 03:03:18,2026-03-20 03:11:39
12,Down,2026-03-20 03:05:28,2026-03-20 03:12:03
11,Running,2026-03-20 03:11:05,2026-03-20 03:12:05
3,Running,2026-03-20 03:11:21,2026-03-20 03:12:17
1,Running,2026-03-20 03:11:22,2026-03-20 03:12:23
2,Running,2026-03-20 03:10:21,2026-03-20 03:12:24
3,Blocked,2026-03-20 03:12:17,2026-03-20 03:12:27
2,Blocked,2026-03-20 03:12:24,2026-03-20 03:12:27
1,Blocked,2026-03-20 03:12:23,2026-03-20 03:12:27
8,Starved,2026-03-20 03:04:19,2026-03-20 03:12:32
1,Running,2026-03-20 03:12:27,2026-03-20 03:13:22
2,Running,2026-03-20 03:12:27,2026-03-20 03:13:23
3,Running,2026-03-20 03:12:27,2026-03-20 03:13:28
8,Running,2026-03-20 03:12:32,2026-03-20 03:13:28
9,Starved,2026-03-20 03:09:41,2026-03-20 03:13:28
8,Starved,2026-03-20 03:13:28,2026-03-20 03:13:29
3,Blocked,2026-03-20 03:13:28,2026-03-20 03:13:31
2,Blocked,2026-03-20 03:13:23,2026-03-20 03:13:31
1,Blocked,2026-03-20 03:13:22,2026-03-20 03:13:31
2,Running,2026-03-20 03:13:31,2026-03-20 03:14:21
3,Running,2026-03-20 03:13:31,2026-03-20 03:14:26
8,Running,2026-03-20 03:13:29,2026-03-20 03:14:30
10,Starved,2026-03-20 03:11:05,2026-03-20 03:14:34
1,Running,2026-03-20 03:13:31,2026-03-20 03:14:35
8,Starved,2026-03-20 03:14:30,2026-03-20 03:14:37
3,Blocked,2026-03-20 03:14:26,2026-03-20 03:14:41
2,Blocked,2026-03-20 03:14:21,2026-03-20 03:14:41
1,Blocked,2026-03-20 03:14:35,2026-03-20 03:14:41
3,Running,2026-03-20 03:14:41,2026-03-20 03:15:31
2,Running,2026-03-20 03:14:41,2026-03-20 03:15:32
10,Running,2026-03-20 03:14:34,2026-03-20 03:15:33
11,Starved,2026-03-20 03:12:05,2026-03-20 03:15:33
1,Running,2026-03-20 03:14:41,2026-03-20 03:15:35
8,Running,2026-03-20 03:14:37,2026-03-20 03:15:35
10,Starved,2026-03-20 03:15:33,2026-03-20 03:15:37
3,Blocked,2026-03-20 03:15:31,2026-03-20 03:15:44
2,Blocked,2026-03-20 03:15:32,2026-03-20 03:15:44
1,Blocked,2026-03-20 03:15:35,2026-03-20 03:15:44
8,Starved,2026-03-20 03:15:35,2026-03-20 03:15:45
11,Running,2026-03-20 03:15:33,2026-03-20 03:16:37
10,Running,2026-03-20 03:15:37,2026-03-20 03:16:38
11,Starved,2026-03-20 03:16:37,2026-03-20 03:16:38
9,Running,2026-03-20 03:13:28,2026-03-20 03:16:38
10,Starved,2026-03-20 03:16:38,2026-03-20 03:16:38
8,Running,2026-03-20 03:15:45,2026-03-20 03:16:41
9,Starved,2026-03-20 03:16:38,2026-03-20 03:16:41
3,Running,2026-03-20 03:15:44,2026-03-20 03:16:42
1,Running,2026-03-20 03:15:44,2026-03-20 03:16:45
2,Running,2026-03-20 03:15:44,2026-03-20 03:16:49
8,Starved,2026-03-20 03:16:41,2026-03-20 03:16:59
3,Blocked,2026-03-20 03:16:42,2026-03-20 03:17:02
2,Blocked,2026-03-20 03:16:49,2026-03-20 03:17:02
1,Blocked,2026-03-20 03:16:45,2026-03-20 03:17:02
11,Running,2026-03-20 03:16:38,2026-03-20 03:17:37
9,Running,2026-03-20 03:16:41,2026-03-20 03:17:38
11,Starved,2026-03-20 03:17:37,2026-03-20 03:17:46
9,Starved,2026-03-20 03:17:38,2026-03-20 03:17:57
2,Running,2026-03-20 03:17:02,2026-03-20 03:18:00
1,Running,2026-03-20 03:17:02,2026-03-20 03:18:00
3,Running,2026-03-20 03:17:02,2026-03-20 03:18:06
3,Blocked,2026-03-20 03:18:06,2026-03-20 03:18:17
2,Blocked,2026-03-20 03:18:00,2026-03-20 03:18:17
1,Blocked,2026-03-20 03:18:00,2026-03-20 03:18:17
10,Running,2026-03-20 03:16:38,2026-03-20 03:18:39
9,Running,2026-03-20 03:17:57,2026-03-20 03:18:57
10,Starved,2026-03-20 03:18:39,2026-03-20 03:18:57
9,Starved,2026-03-20 03:18:57,2026-03-20 03:19:00
2,Running,2026-03-20 03:18:17,2026-03-20 03:19:20
3,Running,2026-03-20 03:18:17,2026-03-20 03:19:22
1,Running,2026-03-20 03:18:17,2026-03-20 03:19:26
3,Blocked,2026-03-20 03:19:22,2026-03-20 03:19:34
2,Blocked,2026-03-20 03:19:20,2026-03-20 03:19:34
1,Blocked,2026-03-20 03:19:26,2026-03-20 03:19:34
11,Running,2026-03-20 03:17:46,2026-03-20 03:19:43
10,Running,2026-03-20 03:18:57,2026-03-20 03:19:52
11,Starved,2026-03-20 03:19:43,2026-03-20 03:19:52
8,Running,2026-03-20 03:16:59,2026-03-20 03:19:55
10,Starved,2026-03-20 03:19:52,2026-03-20 03:20:02
8,Starved,2026-03-20 03:19:55,2026-03-20 03:20:05
3,Running,2026-03-20 03:19:34,2026-03-20 03:20:27
1,Running,2026-03-20 03:19:34,2026-03-20 03:20:31
2,Running,2026-03-20 03:19:34,2026-03-20 03:20:33
3,Blocked,2026-03-20 03:20:27,2026-03-20 03:20:44
2,Blocked,2026-03-20 03:20:33,2026-03-20 03:20:44
1,Blocked,2026-03-20 03:20:31,2026-03-20 03:20:44
11,Running,2026-03-20 03:19:52,2026-03-20 03:20:49
10,Running,2026-03-20 03:20:02,2026-03-20 03:20:58
11,Starved,2026-03-20 03:20:49,2026-03-20 03:20:58
8,Running,2026-03-20 03:20:05,2026-03-20 03:21:02
10,Starved,2026-03-20 03:20:58,2026-03-20 03:21:02
8,Starved,2026-03-20 03:21:02,2026-03-20 03:21:07
2,Running,2026-03-20 03:20:44,2026-03-20 03:21:45
3,Running,2026-03-20 03:20:44,2026-03-20 03:21:45
1,Running,2026-03-20 03:20:44,2026-03-20 03:21:51
11,Running,2026-03-20 03:20:58,2026-03-20 03:21:55
3,Blocked,2026-03-20 03:21:45,2026-03-20 03:21:57
2,Blocked,2026-03-20 03:21:45,2026-03-20 03:21:57
1,Blocked,2026-03-20 03:21:51,2026-03-20 03:21:57
10,Running,2026-03-20 03:21:02,2026-03-20 03:21:59
11,Starved,2026-03-20 03:21:55,2026-03-20 03:21:59
9,Running,2026-03-20 03:19:00,2026-03-20 03:22:13
10,Starved,2026-03-20 03:21:59,2026-03-20 03:22:13
9,Starved,2026-03-20 03:22:13,2026-03-20 03:22:19
2,Running,2026-03-20 03:21:57,2026-03-20 03:22:50
11,Running,2026-03-20 03:21:59,2026-03-20 03:23:01
1,Running,2026-03-20 03:21:57,2026-03-20 03:23:04
3,Running,2026-03-20 03:21:57,2026-03-20 03:23:06
9,Running,2026-03-20 03:22:19,2026-03-20 03:23:14
11,Starved,2026-03-20 03:23:01,2026-03-20 03:23:15
3,Blocked,2026-03-20 03:23:06,2026-03-20 03:23:17
2,Blocked,2026-03-20 03:22:50,2026-03-20 03:23:17
1,Blocked,2026-03-20 03:23:04,2026-03-20 03:23:17
9,Starved,2026-03-20 03:23:14,2026-03-20 03:23:20
10,Running,2026-03-20 03:22:13,2026-03-20 03:24:08
9,Running,2026-03-20 03:23:20,2026-03-20 03:24:18
10,Starved,2026-03-20 03:24:08,2026-03-20 03:24:18
9,Starved,2026-03-20 03:24:18,2026-03-20 03:24:25
2,Running,2026-03-20 03:23:17,2026-03-20 03:25:16
3,Running,2026-03-20 03:23:17,2026-03-20 03:25:18
10,Running,2026-03-20 03:24:18,2026-03-20 03:25:20
3,Blocked,2026-03-20 03:25:18,2026-03-20 03:25:22
2,Blocked,2026-03-20 03:25:16,2026-03-20 03:25:22
9,Running,2026-03-20 03:24:25,2026-03-20 03:25:32
10,Starved,2026-03-20 03:25:20,2026-03-20 03:25:32
9,Starved,2026-03-20 03:25:32,2026-03-20 03:25:34
3,Running,2026-03-20 03:25:22,2026-03-20 03:26:22
11,Running,2026-03-20 03:23:15,2026-03-20 03:26:27
2,Running,2026-03-20 03:25:22,2026-03-20 03:26:27
10,Running,2026-03-20 03:25:32,2026-03-20 03:26:31
11,Starved,2026-03-20 03:26:27,2026-03-20 03:26:31
1,Running,2026-03-20 03:23:17,2026-03-20 03:26:32
9,Running,2026-03-20 03:25:34,2026-03-20 03:26:32
10,Starved,2026-03-20 03:26:31,2026-03-20 03:26:32
9,Starved,2026-03-20 03:26:32,2026-03-20 03:26:34
3,Blocked,2026-03-20 03:26:22,2026-03-20 03:26:39
2,Blocked,2026-03-20 03:26:27,2026-03-20 03:26:39
1,Blocked,2026-03-20 03:26:32,2026-03-20 03:26:39
11,Running,2026-03-20 03:26:31,2026-03-20 03:27:28
2,Running,2026-03-20 03:26:39,2026-03-20 03:27:35
8,Running,2026-03-20 03:21:07,2026-03-20 03:27:36
3,Running,2026-03-20 03:26:39,2026-03-20 03:27:36
11,Starved,2026-03-20 03:27:28,2026-03-20 03:27:39
1,Running,2026-03-20 03:26:39,2026-03-20 03:27:46
3,Blocked,2026-03-20 03:27:36,2026-03-20 03:27:59
2,Blocked,2026-03-20 03:27:35,2026-03-20 03:27:59
1,Blocked,2026-03-20 03:27:46,2026-03-20 03:27:59
10,Running,2026-03-20 03:26:32,2026-03-20 03:28:36
2,Running,2026-03-20 03:27:59,2026-03-20 03:28:50
1,Running,2026-03-20 03:27:59,2026-03-20 03:28:55
9,Running,2026-03-20 03:26:34,2026-03-20 03:29:05
10,Starved,2026-03-20 03:28:36,2026-03-20 03:29:05
3,Running,2026-03-20 03:27:59,2026-03-20 03:29:05
3,Blocked,2026-03-20 03:29:05,2026-03-20 03:29:10
2,Blocked,2026-03-20 03:28:50,2026-03-20 03:29:10
1,Blocked,2026-03-20 03:28:55,2026-03-20 03:29:10
11,Running,2026-03-20 03:27:39,2026-03-20 03:29:55
10,Running,2026-03-20 03:29:05,2026-03-20 03:30:00
11,Starved,2026-03-20 03:29:55,2026-03-20 03:30:00
3,Running,2026-03-20 03:29:10,2026-03-20 03:30:04
1,Running,2026-03-20 03:29:10,2026-03-20 03:30:11
2,Running,2026-03-20 03:29:10,2026-03-20 03:30:17
3,Blocked,2026-03-20 03:30:04,2026-03-20 03:30:19
3,Down,2026-03-20 03:30:19,2026-03-20 03:30:24
2,Blocked,2026-03-20 03:30:17,2026-03-20 03:30:24
1,Blocked,2026-03-20 03:30:11,2026-03-20 03:30:24
11,Running,2026-03-20 03:30:00,2026-03-20 03:31:02
3,Running,2026-03-20 03:30:24,2026-03-20 03:31:16
1,Running,2026-03-20 03:30:24,2026-03-20 03:31:25
3,Blocked,2026-03-20 03:31:16,2026-03-20 03:31:29
1,Blocked,2026-03-20 03:31:25,2026-03-20 03:31:31
2,Running,2026-03-20 03:30:24,2026-03-20 03:32:28
1,Running,2026-03-20 03:31:31,2026-03-20 03:32:31
3,Running,2026-03-20 03:31:29,2026-03-20 03:32:33
8,Down,2026-03-20 03:27:36,2026-03-20 03:32:37
3,Blocked,2026-03-20 03:32:33,2026-03-20 03:32:42
2,Blocked,2026-03-20 03:32:28,2026-03-20 03:32:42
1,Blocked,2026-03-20 03:32:31,2026-03-20 03:32:42
12,Running,2026-03-20 03:12:03,2026-03-20 03:32:59
2,Running,2026-03-20 03:32:42,2026-03-20 03:33:39
1,Running,2026-03-20 03:32:42,2026-03-20 03:33:42
2,Blocked,2026-03-20 03:33:39,2026-03-20 03:33:46
1,Blocked,2026-03-20 03:33:42,2026-03-20 03:33:46
9,Starved,2026-03-20 03:29:05,2026-03-20 03:33:46
2,Running,2026-03-20 03:33:46,2026-03-20 03:34:33
1,Running,2026-03-20 03:33:46,2026-03-20 03:34:39
3,Running,2026-03-20 03:32:42,2026-03-20 03:34:45
9,Running,2026-03-20 03:33:46,2026-03-20 03:34:47
10,Starved,2026-03-20 03:30:00,2026-03-20 03:34:47
9,Starved,2026-03-20 03:34:47,2026-03-20 03:34:48
3,Blocked,2026-03-20 03:34:45,2026-03-20 03:34:49
2,Blocked,2026-03-20 03:34:33,2026-03-20 03:34:49
1,Blocked,2026-03-20 03:34:39,2026-03-20 03:34:49
13,Running,2026-03-20 02:07:00,2026-03-20 03:34:54
10,Running,2026-03-20 03:34:47,2026-03-20 03:35:44
11,Starved,2026-03-20 03:31:02,2026-03-20 03:35:44
2,Running,2026-03-20 03:34:49,2026-03-20 03:35:45
10,Starved,2026-03-20 03:35:44,2026-03-20 03:35:49
3,Running,2026-03-20 03:34:49,2026-03-20 03:35:51
3,Blocked,2026-03-20 03:35:51,2026-03-20 03:36:10
2,Blocked,2026-03-20 03:35:45,2026-03-20 03:36:10
11,Running,2026-03-20 03:35:44,2026-03-20 03:36:42
12,Starved,2026-03-20 03:32:59,2026-03-20 03:36:42
10,Running,2026-03-20 03:35:49,2026-03-20 03:36:46
11,Starved,2026-03-20 03:36:42,2026-03-20 03:36:46
10,Starved,2026-03-20 03:36:46,2026-03-20 03:36:47
3,Running,2026-03-20 03:36:10,2026-03-20 03:37:15
3,Blocked,2026-03-20 03:37:15,2026-03-20 03:37:18
11,Running,2026-03-20 03:36:46,2026-03-20 03:37:43
13,Starved,2026-03-20 03:34:54,2026-03-20 03:37:43
11,Starved,2026-03-20 03:37:43,2026-03-20 03:37:46
1,Down,2026-03-20 03:34:49,2026-03-20 03:38:16
2,Running,2026-03-20 03:36:10,2026-03-20 03:38:18
3,Running,2026-03-20 03:37:18,2026-03-20 03:38:20
3,Blocked,2026-03-20 03:38:20,2026-03-20 03:38:25
2,Blocked,2026-03-20 03:38:18,2026-03-20 03:38:25
11,Running,2026-03-20 03:37:46,2026-03-20 03:38:34
13,Running,2026-03-20 03:37:43,2026-03-20 03:38:38
13,Starved,2026-03-20 03:38:38,2026-03-20 03:38:39
10,Running,2026-03-20 03:36:47,2026-03-20 03:38:44
11,Starved,2026-03-20 03:38:34,2026-03-20 03:38:44
10,Starved,2026-03-20 03:38:44,2026-03-20 03:38:58
2,Running,2026-03-20 03:38:25,2026-03-20 03:39:26
2,Blocked,2026-03-20 03:39:26,2026-03-20 03:39:34
13,Running,2026-03-20 03:38:39,2026-03-20 03:39:37
12,Running,2026-03-20 03:36:42,2026-03-20 03:39:45
13,Starved,2026-03-20 03:39:37,2026-03-20 03:39:45
11,Running,2026-03-20 03:38:44,2026-03-20 03:39:48
12,Starved,2026-03-20 03:39:45,2026-03-20 03:39:48
11,Starved,2026-03-20 03:39:48,2026-03-20 03:39:51
10,Running,2026-03-20 03:38:58,2026-03-20 03:40:40
10,Starved,2026-03-20 03:40:40,2026-03-20 03:40:40
13,Running,2026-03-20 03:39:45,2026-03-20 03:40:41
12,Running,2026-03-20 03:39:48,2026-03-20 03:40:43
13,Starved,2026-03-20 03:40:41,2026-03-20 03:40:43
12,Starved,2026-03-20 03:40:43,2026-03-20 03:40:50
3,Running,2026-03-20 03:38:25,2026-03-20 03:41:25
3,Blocked,2026-03-20 03:41:25,2026-03-20 03:41:40
13,Running,2026-03-20 03:40:43,2026-03-20 03:41:41
12,Running,2026-03-20 03:40:50,2026-03-20 03:41:50
13,Starved,2026-03-20 03:41:41,2026-03-20 03:41:50
12,Starved,2026-03-20 03:41:50,2026-03-20 03:42:01
13,Running,2026-03-20 03:41:50,2026-03-20 03:42:54
13,Starved,2026-03-20 03:42:54,2026-03-20 03:43:06
2,Running,2026-03-20 03:39:34,2026-03-20 03:43:39
3,Running,2026-03-20 03:41:40,2026-03-20 03:43:42
13,Running,2026-03-20 03:43:06,2026-03-20 03:43:57
3,Blocked,2026-03-20 03:43:42,2026-03-20 03:44:09
2,Blocked,2026-03-20 03:43:39,2026-03-20 03:44:09
13,Starved,2026-03-20 03:43:57,2026-03-20 03:44:10
9,Running,2026-03-20 03:34:48,2026-03-20 03:44:34
2,Running,2026-03-20 03:44:09,2026-03-20 03:45:00
13,Running,2026-03-20 03:44:10,2026-03-20 03:45:04
13,Starved,2026-03-20 03:45:04,2026-03-20 03:45:09
3,Running,2026-03-20 03:44:09,2026-03-20 03:45:11
3,Blocked,2026-03-20 03:45:11,2026-03-20 03:45:37
2,Blocked,2026-03-20 03:45:00,2026-03-20 03:45:37
12,Running,2026-03-20 03:42:01,2026-03-20 03:46:01
11,Running,2026-03-20 03:39:51,2026-03-20 03:46:01
12,Starved,2026-03-20 03:46:01,2026-03-20 03:46:01
10,Running,2026-03-20 03:40:40,2026-03-20 03:46:02
11,Starved,2026-03-20 03:46:01,2026-03-20 03:46:02
2,Running,2026-03-20 03:45:37,2026-03-20 03:46:40
3,Running,2026-03-20 03:45:37,2026-03-20 03:46:43
3,Blocked,2026-03-20 03:46:43,2026-03-20 03:47:01
2,Blocked,2026-03-20 03:46:40,2026-03-20 03:47:01
12,Running,2026-03-20 03:46:01,2026-03-20 03:47:01
11,Running,2026-03-20 03:46:02,2026-03-20 03:47:05
12,Starved,2026-03-20 03:47:01,2026-03-20 03:47:05
9,Down,2026-03-20 03:44:34,2026-03-20 03:47:34
3,Running,2026-03-20 03:47:01,2026-03-20 03:47:55
2,Running,2026-03-20 03:47:01,2026-03-20 03:47:55
13,Running,2026-03-20 03:45:09,2026-03-20 03:48:05
5,Running,2026-03-20 02:58:12,2026-03-20 03:48:05
5,Starved,2026-03-20 03:48:05,2026-03-20 03:48:10
3,Blocked,2026-03-20 03:47:55,2026-03-20 03:48:10
2,Blocked,2026-03-20 03:47:55,2026-03-20 03:48:10
12,Running,2026-03-20 03:47:05,2026-03-20 03:48:10
13,Starved,2026-03-20 03:48:05,2026-03-20 03:48:10
10,Starved,2026-03-20 03:46:02,2026-03-20 03:48:38
2,Running,2026-03-20 03:48:10,2026-03-20 03:49:03
13,Running,2026-03-20 03:48:10,2026-03-20 03:49:12
2,Blocked,2026-03-20 03:49:03,2026-03-20 03:49:15
11,Starved,2026-03-20 03:47:05,2026-03-20 03:49:46
2,Running,2026-03-20 03:49:15,2026-03-20 03:50:07
6,Running,2026-03-20 03:04:12,2026-03-20 03:50:17
6,Starved,2026-03-20 03:50:17,2026-03-20 03:50:19
2,Blocked,2026-03-20 03:50:07,2026-03-20 03:50:20
12,Starved,2026-03-20 03:48:10,2026-03-20 03:50:57
5,Running,2026-03-20 03:48:10,2026-03-20 03:51:14
3,Running,2026-03-20 03:48:10,2026-03-20 03:51:25
2,Running,2026-03-20 03:50:20,2026-03-20 03:51:25
5,Starved,2026-03-20 03:51:14,2026-03-20 03:51:32
3,Blocked,2026-03-20 03:51:25,2026-03-20 03:51:32
2,Blocked,2026-03-20 03:51:25,2026-03-20 03:51:32
13,Starved,2026-03-20 03:49:12,2026-03-20 03:52:08
6,Running,2026-03-20 03:50:19,2026-03-20 03:52:20
2,Running,2026-03-20 03:51:32,2026-03-20 03:52:22
5,Running,2026-03-20 03:51:32,2026-03-20 03:52:24
6,Starved,2026-03-20 03:52:20,2026-03-20 03:52:24
5,Starved,2026-03-20 03:52:24,2026-03-20 03:52:29
2,Blocked,2026-03-20 03:52:22,2026-03-20 03:52:34
6,Running,2026-03-20 03:52:24,2026-03-20 03:53:23
5,Running,2026-03-20 03:52:29,2026-03-20 03:53:25
6,Starved,2026-03-20 03:53:23,2026-03-20 03:53:25
5,Starved,2026-03-20 03:53:25,2026-03-20 03:53:26
5,Running,2026-03-20 03:53:26,2026-03-20 03:54:26
3,Running,2026-03-20 03:51:32,2026-03-20 03:54:28
2,Running,2026-03-20 03:52:34,2026-03-20 03:54:39
5,Starved,2026-03-20 03:54:26,2026-03-20 03:54:51
3,Blocked,2026-03-20 03:54:28,2026-03-20 03:54:51
2,Blocked,2026-03-20 03:54:39,2026-03-20 03:54:51
9,Running,2026-03-20 03:47:34,2026-03-20 03:55:35
6,Running,2026-03-20 03:53:25,2026-03-20 03:55:40
2,Running,2026-03-20 03:54:51,2026-03-20 03:55:48
5,Running,2026-03-20 03:54:51,2026-03-20 03:55:51
6,Starved,2026-03-20 03:55:40,2026-03-20 03:55:51
5,Starved,2026-03-20 03:55:51,2026-03-20 03:55:53
2,Blocked,2026-03-20 03:55:48,2026-03-20 03:55:55
9,Down,2026-03-20 03:55:35,2026-03-20 03:56:06
10,Running,2026-03-20 03:48:38,2026-03-20 03:56:38
6,Running,2026-03-20 03:55:51,2026-03-20 03:56:45
5,Running,2026-03-20 03:55:53,2026-03-20 03:56:53
6,Starved,2026-03-20 03:56:45,2026-03-20 03:56:53
10,Starved,2026-03-20 03:56:38,2026-03-20 03:57:13
5,Down,2026-03-20 03:56:53,2026-03-20 03:57:18
11,Running,2026-03-20 03:49:46,2026-03-20 03:57:41
6,Running,2026-03-20 03:56:53,2026-03-20 03:57:57
3,Running,2026-03-20 03:54:51,2026-03-20 03:58:00
2,Running,2026-03-20 03:55:55,2026-03-20 03:58:04
5,Running,2026-03-20 03:57:18,2026-03-20 03:58:12
6,Starved,2026-03-20 03:57:57,2026-03-20 03:58:12
10,Running,2026-03-20 03:57:13,2026-03-20 03:58:15
11,Starved,2026-03-20 03:57:41,2026-03-20 03:58:15
5,Starved,2026-03-20 03:58:12,2026-03-20 03:58:19
3,Blocked,2026-03-20 03:58:00,2026-03-20 03:58:19
2,Blocked,2026-03-20 03:58:04,2026-03-20 03:58:19
10,Starved,2026-03-20 03:58:15,2026-03-20 03:58:22
11,Running,2026-03-20 03:58:15,2026-03-20 03:59:07
10,Running,2026-03-20 03:58:22,2026-03-20 03:59:18
11,Starved,2026-03-20 03:59:07,2026-03-20 03:59:18
2,Running,2026-03-20 03:58:19,2026-03-20 03:59:18
6,Running,2026-03-20 03:58:12,2026-03-20 03:59:20
10,Starved,2026-03-20 03:59:18,2026-03-20 03:59:20
5,Running,2026-03-20 03:58:19,2026-03-20 03:59:22
6,Starved,2026-03-20 03:59:20,2026-03-20 03:59:22
3,Running,2026-03-20 03:58:19,2026-03-20 03:59:23
5,Starved,2026-03-20 03:59:22,2026-03-20 03:59:24
3,Blocked,2026-03-20 03:59:23,2026-03-20 03:59:24
2,Blocked,2026-03-20 03:59:18,2026-03-20 03:59:24
12,Running,2026-03-20 03:50:57,2026-03-20 04:00:03
10,Running,2026-03-20 03:59:20,2026-03-20 04:00:15
12,Starved,2026-03-20 04:00:03,2026-03-20 04:00:16
10,Starved,2026-03-20 04:00:15,2026-03-20 04:00:21
10,Running,2026-03-20 04:00:21,2026-03-20 04:01:12
10,Starved,2026-03-20 04:01:12,2026-03-20 04:01:21
11,Running,2026-03-20 03:59:18,2026-03-20 04:02:10
10,Running,2026-03-20 04:01:21,2026-03-20 04:02:16
11,Starved,2026-03-20 04:02:10,2026-03-20 04:02:16
13,Running,2026-03-20 03:52:08,2026-03-20 04:02:17
13,Starved,2026-03-20 04:02:17,2026-03-20 04:02:19
2,Running,2026-03-20 03:59:24,2026-03-20 04:02:20
2,Blocked,2026-03-20 04:02:20,2026-03-20 04:02:23
10,Starved,2026-03-20 04:02:16,2026-03-20 04:02:36
12,Running,2026-03-20 04:00:16,2026-03-20 04:03:12
11,Running,2026-03-20 04:02:16,2026-03-20 04:03:21
12,Starved,2026-03-20 04:03:12,2026-03-20 04:03:21
5,Running,2026-03-20 03:59:24,2026-03-20 04:03:22
3,Running,2026-03-20 03:59:24,2026-03-20 04:03:28
2,Running,2026-03-20 04:02:23,2026-03-20 04:03:29
5,Starved,2026-03-20 04:03:22,2026-03-20 04:03:29
3,Blocked,2026-03-20 04:03:28,2026-03-20 04:03:29
2,Blocked,2026-03-20 04:03:29,2026-03-20 04:03:29
10,Running,2026-03-20 04:02:36,2026-03-20 04:03:34
11,Starved,2026-03-20 04:03:21,2026-03-20 04:03:34
10,Starved,2026-03-20 04:03:34,2026-03-20 04:04:02
12,Running,2026-03-20 04:03:21,2026-03-20 04:04:12
2,Running,2026-03-20 04:03:29,2026-03-20 04:04:25
11,Running,2026-03-20 04:03:34,2026-03-20 04:04:27
12,Starved,2026-03-20 04:04:12,2026-03-20 04:04:27
5,Running,2026-03-20 04:03:29,2026-03-20 04:04:27
5,Starved,2026-03-20 04:04:27,2026-03-20 04:04:27
2,Blocked,2026-03-20 04:04:25,2026-03-20 04:04:36
11,Starved,2026-03-20 04:04:27,2026-03-20 04:05:01
13,Running,2026-03-20 04:02:19,2026-03-20 04:05:22
12,Running,2026-03-20 04:04:27,2026-03-20 04:05:30
13,Starved,2026-03-20 04:05:22,2026-03-20 04:05:30
3,Running,2026-03-20 04:03:29,2026-03-20 04:05:33
5,Running,2026-03-20 04:04:27,2026-03-20 04:05:36
5,Starved,2026-03-20 04:05:36,2026-03-20 04:05:37
3,Blocked,2026-03-20 04:05:33,2026-03-20 04:05:37
11,Running,2026-03-20 04:05:01,2026-03-20 04:06:02
12,Starved,2026-03-20 04:05:30,2026-03-20 04:06:02
11,Starved,2026-03-20 04:06:02,2026-03-20 04:06:03
13,Running,2026-03-20 04:05:30,2026-03-20 04:06:25
3,Running,2026-03-20 04:05:37,2026-03-20 04:06:35
3,Blocked,2026-03-20 04:06:35,2026-03-20 04:06:40
12,Running,2026-03-20 04:06:02,2026-03-20 04:07:00
13,Starved,2026-03-20 04:06:25,2026-03-20 04:07:00
11,Running,2026-03-20 04:06:03,2026-03-20 04:07:01
12,Starved,2026-03-20 04:07:00,2026-03-20 04:07:01
11,Starved,2026-03-20 04:07:01,2026-03-20 04:07:11
6,Running,2026-03-20 03:59:22,2026-03-20 04:07:51
13,Running,2026-03-20 04:07:00,2026-03-20 04:07:55
6,Starved,2026-03-20 04:07:51,2026-03-20 04:07:56
11,Running,2026-03-20 04:07:11,2026-03-20 04:08:07
13,Starved,2026-03-20 04:07:55,2026-03-20 04:08:08
11,Starved,2026-03-20 04:08:07,2026-03-20 04:08:14
1,Running,2026-03-20 03:38:16,2026-03-20 04:08:51
1,Blocked,2026-03-20 04:08:51,2026-03-20 04:08:54
6,Running,2026-03-20 04:07:56,2026-03-20 04:09:02
6,Starved,2026-03-20 04:09:02,2026-03-20 04:09:07
11,Running,2026-03-20 04:08:14,2026-03-20 04:09:09
13,Running,2026-03-20 04:08:08,2026-03-20 04:09:13
11,Starved,2026-03-20 04:09:09,2026-03-20 04:09:17
13,Starved,2026-03-20 04:09:13,2026-03-20 04:09:20
3,Running,2026-03-20 04:06:40,2026-03-20 04:09:25
3,Blocked,2026-03-20 04:09:25,2026-03-20 04:09:26
6,Running,2026-03-20 04:09:07,2026-03-20 04:10:01
10,Running,2026-03-20 04:04:02,2026-03-20 04:10:08
12,Running,2026-03-20 04:07:01,2026-03-20 04:10:13
6,Starved,2026-03-20 04:10:01,2026-03-20 04:10:15
12,Starved,2026-03-20 04:10:13,2026-03-20 04:10:15
3,Running,2026-03-20 04:09:26,2026-03-20 04:10:24
10,Starved,2026-03-20 04:10:08,2026-03-20 04:10:31
2,Running,2026-03-20 04:04:36,2026-03-20 04:10:44
3,Blocked,2026-03-20 04:10:24,2026-03-20 04:10:50
2,Blocked,2026-03-20 04:10:44,2026-03-20 04:10:50
12,Running,2026-03-20 04:10:15,2026-03-20 04:11:04
8,Running,2026-03-20 03:32:37,2026-03-20 04:11:14
6,Running,2026-03-20 04:10:15,2026-03-20 04:11:16
6,Starved,2026-03-20 04:11:16,2026-03-20 04:11:16
11,Running,2026-03-20 04:09:17,2026-03-20 04:11:20
12,Starved,2026-03-20 04:11:04,2026-03-20 04:11:20
8,Starved,2026-03-20 04:11:14,2026-03-20 04:11:25
10,Running,2026-03-20 04:10:31,2026-03-20 04:11:30
11,Starved,2026-03-20 04:11:20,2026-03-20 04:11:30
9,Running,2026-03-20 03:56:06,2026-03-20 04:11:31
10,Starved,2026-03-20 04:11:30,2026-03-20 04:11:31
3,Running,2026-03-20 04:10:50,2026-03-20 04:11:45
2,Running,2026-03-20 04:10:50,2026-03-20 04:11:50
1,Running,2026-03-20 04:08:54,2026-03-20 04:12:05
3,Blocked,2026-03-20 04:11:45,2026-03-20 04:12:13
2,Blocked,2026-03-20 04:11:50,2026-03-20 04:12:13
1,Blocked,2026-03-20 04:12:05,2026-03-20 04:12:13
6,Running,2026-03-20 04:11:16,2026-03-20 04:12:13
8,Running,2026-03-20 04:11:25,2026-03-20 04:12:17
12,Running,2026-03-20 04:11:20,2026-03-20 04:12:18
6,Starved,2026-03-20 04:12:13,2026-03-20 04:12:20
8,Starved,2026-03-20 04:12:17,2026-03-20 04:12:23
10,Running,2026-03-20 04:11:31,2026-03-20 04:12:26
12,Starved,2026-03-20 04:12:18,2026-03-20 04:12:39
2,Running,2026-03-20 04:12:13,2026-03-20 04:13:08
1,Running,2026-03-20 04:12:13,2026-03-20 04:13:13
8,Running,2026-03-20 04:12:23,2026-03-20 04:13:14
2,Blocked,2026-03-20 04:13:08,2026-03-20 04:13:19
1,Blocked,2026-03-20 04:13:13,2026-03-20 04:13:19
8,Starved,2026-03-20 04:13:14,2026-03-20 04:13:25
13,Running,2026-03-20 04:09:20,2026-03-20 04:13:31
12,Running,2026-03-20 04:12:39,2026-03-20 04:13:41
13,Starved,2026-03-20 04:13:31,2026-03-20 04:13:41
11,Running,2026-03-20 04:11:30,2026-03-20 04:13:48
12,Starved,2026-03-20 04:13:41,2026-03-20 04:13:48
8,Running,2026-03-20 04:13:25,2026-03-20 04:14:28
13,Running,2026-03-20 04:13:41,2026-03-20 04:14:32
12,Running,2026-03-20 04:13:48,2026-03-20 04:15:00
13,Starved,2026-03-20 04:14:32,2026-03-20 04:15:00
6,Running,2026-03-20 04:12:20,2026-03-20 04:15:17
2,Running,2026-03-20 04:13:19,2026-03-20 04:15:17
5,Running,2026-03-20 04:05:37,2026-03-20 04:15:17
6,Starved,2026-03-20 04:15:17,2026-03-20 04:15:17
3,Running,2026-03-20 04:12:13,2026-03-20 04:15:25
5,Starved,2026-03-20 04:15:17,2026-03-20 04:15:29
3,Blocked,2026-03-20 04:15:25,2026-03-20 04:15:29
2,Blocked,2026-03-20 04:15:17,2026-03-20 04:15:29
13,Running,2026-03-20 04:15:00,2026-03-20 04:16:08
6,Running,2026-03-20 04:15:17,2026-03-20 04:16:15
3,Running,2026-03-20 04:15:29,2026-03-20 04:16:33
2,Running,2026-03-20 04:15:29,2026-03-20 04:16:35
1,Running,2026-03-20 04:13:19,2026-03-20 04:16:36
5,Running,2026-03-20 04:15:29,2026-03-20 04:16:41
6,Starved,2026-03-20 04:16:15,2026-03-20 04:16:41
3,Blocked,2026-03-20 04:16:33,2026-03-20 04:16:42
2,Blocked,2026-03-20 04:16:35,2026-03-20 04:16:42
1,Blocked,2026-03-20 04:16:36,2026-03-20 04:16:42
3,Running,2026-03-20 04:16:42,2026-03-20 04:17:42
3,Blocked,2026-03-20 04:17:42,2026-03-20 04:17:42
6,Running,2026-03-20 04:16:41,2026-03-20 04:17:42
3,Running,2026-03-20 04:17:42,2026-03-20 04:18:42
3,Blocked,2026-03-20 04:18:42,2026-03-20 04:18:46
5,Down,2026-03-20 04:16:41,2026-03-20 04:20:01
2,Running,2026-03-20 04:16:42,2026-03-20 04:20:42
2,Blocked,2026-03-20 04:20:42,2026-03-20 04:20:48
6,Starved,2026-03-20 04:17:42,2026-03-20 04:20:57
3,Running,2026-03-20 04:18:46,2026-03-20 04:21:48
2,Running,2026-03-20 04:20:48,2026-03-20 04:21:51
3,Blocked,2026-03-20 04:21:48,2026-03-20 04:21:52
2,Blocked,2026-03-20 04:21:51,2026-03-20 04:21:52
2,Running,2026-03-20 04:21:52,2026-03-20 04:22:49
1,Running,2026-03-20 04:16:42,2026-03-20 04:22:54
3,Running,2026-03-20 04:21:52,2026-03-20 04:22:56
3,Blocked,2026-03-20 04:22:56,2026-03-20 04:23:00
2,Blocked,2026-03-20 04:22:49,2026-03-20 04:23:00
1,Blocked,2026-03-20 04:22:54,2026-03-20 04:23:00
1,Running,2026-03-20 04:23:00,2026-03-20 04:23:54
2,Running,2026-03-20 04:23:00,2026-03-20 04:23:57
3,Running,2026-03-20 04:23:00,2026-03-20 04:24:02
3,Blocked,2026-03-20 04:24:02,2026-03-20 04:24:40
2,Blocked,2026-03-20 04:23:57,2026-03-20 04:24:40
1,Blocked,2026-03-20 04:23:54,2026-03-20 04:24:40
6,Running,2026-03-20 04:20:57,2026-03-20 04:24:59
6,Starved,2026-03-20 04:24:59,2026-03-20 04:24:59
3,Running,2026-03-20 04:24:40,2026-03-20 04:25:34
1,Running,2026-03-20 04:24:40,2026-03-20 04:25:42
2,Running,2026-03-20 04:24:40,2026-03-20 04:25:50
3,Blocked,2026-03-20 04:25:34,2026-03-20 04:25:55
2,Blocked,2026-03-20 04:25:50,2026-03-20 04:25:55
1,Blocked,2026-03-20 04:25:42,2026-03-20 04:25:55
2,Running,2026-03-20 04:25:55,2026-03-20 04:26:42
1,Running,2026-03-20 04:25:55,2026-03-20 04:26:57
2,Blocked,2026-03-20 04:26:42,2026-03-20 04:27:08
1,Blocked,2026-03-20 04:26:57,2026-03-20 04:27:08
1,Running,2026-03-20 04:27:08,2026-03-20 04:28:07
3,Running,2026-03-20 04:25:55,2026-03-20 04:28:08
2,Running,2026-03-20 04:27:08,2026-03-20 04:28:10
3,Blocked,2026-03-20 04:28:08,2026-03-20 04:28:10
2,Blocked,2026-03-20 04:28:10,2026-03-20 04:28:10
1,Blocked,2026-03-20 04:28:07,2026-03-20 04:28:10
7,Running,2026-03-20 03:11:39,2026-03-20 04:28:13
6,Running,2026-03-20 04:24:59,2026-03-20 04:28:41
6,Starved,2026-03-20 04:28:41,2026-03-20 04:28:48
2,Running,2026-03-20 04:28:10,2026-03-20 04:29:10
2,Blocked,2026-03-20 04:29:10,2026-03-20 04:29:12
9,Down,2026-03-20 04:11:31,2026-03-20 04:29:49
8,Blocked,2026-03-20 04:14:28,2026-03-20 04:29:49
7,Blocked,2026-03-20 04:28:13,2026-03-20 04:29:49
6,Running,2026-03-20 04:28:48,2026-03-20 04:29:52
6,Starved,2026-03-20 04:29:52,2026-03-20 04:29:58
2,Running,2026-03-20 04:29:12,2026-03-20 04:30:09
1,Running,2026-03-20 04:28:10,2026-03-20 04:30:17
2,Blocked,2026-03-20 04:30:09,2026-03-20 04:30:18
1,Blocked,2026-03-20 04:30:17,2026-03-20 04:30:18
8,Running,2026-03-20 04:29:49,2026-03-20 04:30:50
7,Running,2026-03-20 04:29:49,2026-03-20 04:31:01
6,Running,2026-03-20 04:29:58,2026-03-20 04:31:03
6,Starved,2026-03-20 04:31:03,2026-03-20 04:31:03
10,Starved,2026-03-20 04:12:26,2026-03-20 04:31:14
8,Blocked,2026-03-20 04:30:50,2026-03-20 04:31:14
7,Blocked,2026-03-20 04:31:01,2026-03-20 04:31:14
8,Running,2026-03-20 04:31:14,2026-03-20 04:32:04
10,Running,2026-03-20 04:31:14,2026-03-20 04:32:06
11,Starved,2026-03-20 04:13:48,2026-03-20 04:32:06
7,Running,2026-03-20 04:31:14,2026-03-20 04:32:10
8,Blocked,2026-03-20 04:32:04,2026-03-20 04:32:14
7,Blocked,2026-03-20 04:32:10,2026-03-20 04:32:14
2,Running,2026-03-20 04:30:18,2026-03-20 04:32:15
2,Blocked,2026-03-20 04:32:15,2026-03-20 04:32:18
6,Running,2026-03-20 04:31:03,2026-03-20 04:33:06
6,Starved,2026-03-20 04:33:06,2026-03-20 04:33:11
11,Running,2026-03-20 04:32:06,2026-03-20 04:33:16
12,Starved,2026-03-20 04:15:00,2026-03-20 04:33:16
7,Running,2026-03-20 04:32:14,2026-03-20 04:33:17
8,Running,2026-03-20 04:32:14,2026-03-20 04:33:23
8,Blocked,2026-03-20 04:33:23,2026-03-20 04:33:29
7,Blocked,2026-03-20 04:33:17,2026-03-20 04:33:29
6,Running,2026-03-20 04:33:11,2026-03-20 04:34:05
6,Starved,2026-03-20 04:34:05,2026-03-20 04:34:08
3,Running,2026-03-20 04:28:10,2026-03-20 04:34:17
3,Blocked,2026-03-20 04:34:17,2026-03-20 04:34:19
12,Running,2026-03-20 04:33:16,2026-03-20 04:34:20
13,Starved,2026-03-20 04:16:08,2026-03-20 04:34:20
8,Running,2026-03-20 04:33:29,2026-03-20 04:34:28
7,Running,2026-03-20 04:33:29,2026-03-20 04:34:39
8,Blocked,2026-03-20 04:34:28,2026-03-20 04:34:52
7,Blocked,2026-03-20 04:34:39,2026-03-20 04:34:52
3,Running,2026-03-20 04:34:19,2026-03-20 04:35:13
2,Running,2026-03-20 04:32:18,2026-03-20 04:35:15
3,Blocked,2026-03-20 04:35:13,2026-03-20 04:35:17
2,Blocked,2026-03-20 04:35:15,2026-03-20 04:35:17
13,Running,2026-03-20 04:34:20,2026-03-20 04:35:25
8,Running,2026-03-20 04:34:52,2026-03-20 04:35:41
8,Blocked,2026-03-20 04:35:41,2026-03-20 04:35:44
2,Running,2026-03-20 04:35:17,2026-03-20 04:36:17
3,Running,2026-03-20 04:35:17,2026-03-20 04:36:23
3,Blocked,2026-03-20 04:36:23,2026-03-20 04:36:32
2,Blocked,2026-03-20 04:36:17,2026-03-20 04:36:32
6,Running,2026-03-20 04:34:08,2026-03-20 04:37:12
6,Starved,2026-03-20 04:37:12,2026-03-20 04:37:16
10,Down,2026-03-20 04:32:06,2026-03-20 04:37:27
2,Running,2026-03-20 04:36:32,2026-03-20 04:37:31
3,Running,2026-03-20 04:36:32,2026-03-20 04:37:32
1,Running,2026-03-20 04:30:18,2026-03-20 04:37:32
8,Running,2026-03-20 04:35:44,2026-03-20 04:37:48
8,Blocked,2026-03-20 04:37:48,2026-03-20 04:37:54
3,Blocked,2026-03-20 04:37:32,2026-03-20 04:37:57
2,Blocked,2026-03-20 04:37:31,2026-03-20 04:37:57
1,Blocked,2026-03-20 04:37:32,2026-03-20 04:37:57
6,Running,2026-03-20 04:37:16,2026-03-20 04:38:12
6,Starved,2026-03-20 04:38:12,2026-03-20 04:38:14
11,Starved,2026-03-20 04:33:16,2026-03-20 04:38:20
8,Running,2026-03-20 04:37:54,2026-03-20 04:38:58
1,Running,2026-03-20 04:37:57,2026-03-20 04:38:58
3,Running,2026-03-20 04:37:57,2026-03-20 04:39:00
8,Blocked,2026-03-20 04:38:58,2026-03-20 04:39:00
2,Running,2026-03-20 04:37:57,2026-03-20 04:39:06
11,Running,2026-03-20 04:38:20,2026-03-20 04:39:09
12,Starved,2026-03-20 04:34:20,2026-03-20 04:39:09
3,Blocked,2026-03-20 04:39:00,2026-03-20 04:39:11
2,Blocked,2026-03-20 04:39:06,2026-03-20 04:39:11
1,Blocked,2026-03-20 04:38:58,2026-03-20 04:39:11
6,Running,2026-03-20 04:38:14,2026-03-20 04:39:14
6,Starved,2026-03-20 04:39:14,2026-03-20 04:39:18
11,Starved,2026-03-20 04:39:09,2026-03-20 04:39:22
8,Running,2026-03-20 04:39:00,2026-03-20 04:39:55
8,Blocked,2026-03-20 04:39:55,2026-03-20 04:39:59
12,Running,2026-03-20 04:39:09,2026-03-20 04:40:02
13,Starved,2026-03-20 04:35:25,2026-03-20 04:40:02
3,Running,2026-03-20 04:39:11,2026-03-20 04:40:04
1,Running,2026-03-20 04:39:11,2026-03-20 04:40:11
3,Blocked,2026-03-20 04:40:04,2026-03-20 04:40:13
1,Blocked,2026-03-20 04:40:11,2026-03-20 04:40:14
6,Running,2026-03-20 04:39:18,2026-03-20 04:40:18
6,Starved,2026-03-20 04:40:18,2026-03-20 04:40:20
12,Starved,2026-03-20 04:40:02,2026-03-20 04:40:20
13,Running,2026-03-20 04:40:02,2026-03-20 04:41:01
6,Running,2026-03-20 04:40:20,2026-03-20 04:41:09
2,Running,2026-03-20 04:39:11,2026-03-20 04:41:09
1,Running,2026-03-20 04:40:14,2026-03-20 04:41:16
2,Blocked,2026-03-20 04:41:09,2026-03-20 04:41:20
1,Blocked,2026-03-20 04:41:16,2026-03-20 04:41:20
6,Starved,2026-03-20 04:41:09,2026-03-20 04:41:23
13,Starved,2026-03-20 04:41:01,2026-03-20 04:41:26
3,Running,2026-03-20 04:40:13,2026-03-20 04:42:17
6,Running,2026-03-20 04:41:23,2026-03-20 04:42:18
1,Running,2026-03-20 04:41:20,2026-03-20 04:42:19
2,Running,2026-03-20 04:41:20,2026-03-20 04:42:19
6,Starved,2026-03-20 04:42:18,2026-03-20 04:42:36
3,Blocked,2026-03-20 04:42:17,2026-03-20 04:42:41
2,Blocked,2026-03-20 04:42:19,2026-03-20 04:42:41
1,Blocked,2026-03-20 04:42:19,2026-03-20 04:42:41
11,Running,2026-03-20 04:39:22,2026-03-20 04:43:03
11,Starved,2026-03-20 04:43:03,2026-03-20 04:43:06
1,Running,2026-03-20 04:42:41,2026-03-20 04:43:39
1,Blocked,2026-03-20 04:43:39,2026-03-20 04:43:54
11,Running,2026-03-20 04:43:06,2026-03-20 04:44:06
11,Starved,2026-03-20 04:44:06,2026-03-20 04:44:13
8,Running,2026-03-20 04:39:59,2026-03-20 04:44:55
1,Running,2026-03-20 04:43:54,2026-03-20 04:44:58
1,Blocked,2026-03-20 04:44:58,2026-03-20 04:44:58
8,Blocked,2026-03-20 04:44:55,2026-03-20 04:44:59
11,Running,2026-03-20 04:44:13,2026-03-20 04:45:04
11,Starved,2026-03-20 04:45:04,2026-03-20 04:45:07
1,Running,2026-03-20 04:44:58,2026-03-20 04:45:54
1,Blocked,2026-03-20 04:45:54,2026-03-20 04:45:56
11,Running,2026-03-20 04:45:07,2026-03-20 04:46:06
8,Running,2026-03-20 04:44:59,2026-03-20 04:46:08
8,Blocked,2026-03-20 04:46:08,2026-03-20 04:46:10
11,Starved,2026-03-20 04:46:06,2026-03-20 04:46:15
3,Running,2026-03-20 04:42:41,2026-03-20 04:46:41
3,Blocked,2026-03-20 04:46:41,2026-03-20 04:46:55
1,Running,2026-03-20 04:45:56,2026-03-20 04:46:56
1,Blocked,2026-03-20 04:46:56,2026-03-20 04:47:01
11,Running,2026-03-20 04:46:15,2026-03-20 04:47:06
11,Starved,2026-03-20 04:47:06,2026-03-20 04:47:17
1,Running,2026-03-20 04:47:01,2026-03-20 04:48:01
1,Blocked,2026-03-20 04:48:01,2026-03-20 04:48:05
8,Running,2026-03-20 04:46:10,2026-03-20 04:48:10
12,Running,2026-03-20 04:40:20,2026-03-20 04:48:16
8,Blocked,2026-03-20 04:48:10,2026-03-20 04:48:17
12,Starved,2026-03-20 04:48:16,2026-03-20 04:48:25
3,Running,2026-03-20 04:46:55,2026-03-20 04:48:57
2,Running,2026-03-20 04:42:41,2026-03-20 04:49:01
1,Running,2026-03-20 04:48:05,2026-03-20 04:49:09
5,Running,2026-03-20 04:20:01,2026-03-20 04:49:15
5,Starved,2026-03-20 04:49:15,2026-03-20 04:49:22
3,Blocked,2026-03-20 04:48:57,2026-03-20 04:49:22
2,Blocked,2026-03-20 04:49:01,2026-03-20 04:49:22
1,Blocked,2026-03-20 04:49:09,2026-03-20 04:49:22
12,Running,2026-03-20 04:48:25,2026-03-20 04:49:33
12,Starved,2026-03-20 04:49:33,2026-03-20 04:49:33
1,Running,2026-03-20 04:49:22,2026-03-20 04:50:19
2,Running,2026-03-20 04:49:22,2026-03-20 04:50:23
2,Blocked,2026-03-20 04:50:23,2026-03-20 04:50:28
1,Blocked,2026-03-20 04:50:19,2026-03-20 04:50:28
12,Running,2026-03-20 04:49:33,2026-03-20 04:50:32
12,Starved,2026-03-20 04:50:32,2026-03-20 04:50:33
8,Running,2026-03-20 04:48:17,2026-03-20 04:51:19
8,Blocked,2026-03-20 04:51:19,2026-03-20 04:51:21
1,Running,2026-03-20 04:50:28,2026-03-20 04:51:25
12,Running,2026-03-20 04:50:33,2026-03-20 04:51:25
1,Blocked,2026-03-20 04:51:25,2026-03-20 04:51:26
8,Running,2026-03-20 04:51:21,2026-03-20 04:52:21
8,Blocked,2026-03-20 04:52:21,2026-03-20 04:52:23
2,Running,2026-03-20 04:50:28,2026-03-20 04:52:24
1,Running,2026-03-20 04:51:26,2026-03-20 04:52:27
2,Blocked,2026-03-20 04:52:24,2026-03-20 04:52:31
1,Blocked,2026-03-20 04:52:27,2026-03-20 04:52:31
13,Running,2026-03-20 04:41:26,2026-03-20 04:52:38
8,Running,2026-03-20 04:52:23,2026-03-20 04:54:19
1,Running,2026-03-20 04:52:31,2026-03-20 04:54:34
1,Blocked,2026-03-20 04:54:34,2026-03-20 04:54:36
8,Blocked,2026-03-20 04:54:19,2026-03-20 04:54:39
5,Running,2026-03-20 04:49:22,2026-03-20 04:55:28
2,Running,2026-03-20 04:52:31,2026-03-20 04:55:31
5,Starved,2026-03-20 04:55:28,2026-03-20 04:55:34
2,Blocked,2026-03-20 04:55:31,2026-03-20 04:55:34
8,Running,2026-03-20 04:54:39,2026-03-20 04:55:43
8,Blocked,2026-03-20 04:55:43,2026-03-20 04:55:55
6,Running,2026-03-20 04:42:36,2026-03-20 04:56:23
5,Running,2026-03-20 04:55:34,2026-03-20 04:56:32
6,Starved,2026-03-20 04:56:23,2026-03-20 04:56:32
3,Running,2026-03-20 04:49:22,2026-03-20 04:56:33
1,Running,2026-03-20 04:54:36,2026-03-20 04:56:35
5,Starved,2026-03-20 04:56:32,2026-03-20 04:56:40
3,Blocked,2026-03-20 04:56:33,2026-03-20 04:56:40
1,Blocked,2026-03-20 04:56:35,2026-03-20 04:56:40
8,Running,2026-03-20 04:55:55,2026-03-20 04:56:46
8,Blocked,2026-03-20 04:56:46,2026-03-20 04:56:53
6,Running,2026-03-20 04:56:32,2026-03-20 04:57:27
5,Running,2026-03-20 04:56:40,2026-03-20 04:57:31
6,Starved,2026-03-20 04:57:27,2026-03-20 04:57:31
3,Running,2026-03-20 04:56:40,2026-03-20 04:57:33
5,Starved,2026-03-20 04:57:31,2026-03-20 04:57:40
3,Blocked,2026-03-20 04:57:33,2026-03-20 04:57:40
1,Running,2026-03-20 04:56:40,2026-03-20 04:57:43
1,Blocked,2026-03-20 04:57:43,2026-03-20 04:57:45
8,Running,2026-03-20 04:56:53,2026-03-20 04:57:49
8,Blocked,2026-03-20 04:57:49,2026-03-20 04:57:56
6,Running,2026-03-20 04:57:31,2026-03-20 04:58:24
6,Starved,2026-03-20 04:58:24,2026-03-20 04:58:36
1,Running,2026-03-20 04:57:45,2026-03-20 04:58:43
1,Blocked,2026-03-20 04:58:43,2026-03-20 04:58:44
2,Running,2026-03-20 04:55:34,2026-03-20 04:59:35
12,Down,2026-03-20 04:51:25,2026-03-20 04:59:35
2,Blocked,2026-03-20 04:59:35,2026-03-20 04:59:37
8,Running,2026-03-20 04:57:56,2026-03-20 05:00:04
8,Blocked,2026-03-20 05:00:04,2026-03-20 05:00:09
5,Running,2026-03-20 04:57:40,2026-03-20 05:00:34
1,Running,2026-03-20 04:58:44,2026-03-20 05:00:36
2,Running,2026-03-20 04:59:37,2026-03-20 05:00:37
5,Starved,2026-03-20 05:00:34,2026-03-20 05:00:41
2,Blocked,2026-03-20 05:00:37,2026-03-20 05:00:41
1,Blocked,2026-03-20 05:00:36,2026-03-20 05:00:41
13,Starved,2026-03-20 04:52:38,2026-03-20 05:00:46
8,Running,2026-03-20 05:00:09,2026-03-20 05:01:05
8,Blocked,2026-03-20 05:01:05,2026-03-20 05:01:13
2,Running,2026-03-20 05:00:41,2026-03-20 05:01:34
5,Running,2026-03-20 05:00:41,2026-03-20 05:01:38
3,Running,2026-03-20 04:57:40,2026-03-20 05:01:40
1,Running,2026-03-20 05:00:41,2026-03-20 05:01:41
5,Starved,2026-03-20 05:01:38,2026-03-20 05:02:13
3,Blocked,2026-03-20 05:01:40,2026-03-20 05:02:13
2,Blocked,2026-03-20 05:01:34,2026-03-20 05:02:13
1,Blocked,2026-03-20 05:01:41,2026-03-20 05:02:13
8,Running,2026-03-20 05:01:13,2026-03-20 05:02:21
8,Blocked,2026-03-20 05:02:21,2026-03-20 05:02:31
6,Running,2026-03-20 04:58:36,2026-03-20 05:02:40
13,Running,2026-03-20 05:00:46,2026-03-20 05:02:46
13,Starved,2026-03-20 05:02:46,2026-03-20 05:02:47
3,Running,2026-03-20 05:02:13,2026-03-20 05:03:04
5,Running,2026-03-20 05:02:13,2026-03-20 05:03:13
6,Starved,2026-03-20 05:02:40,2026-03-20 05:03:13
1,Running,2026-03-20 05:02:13,2026-03-20 05:03:15
2,Running,2026-03-20 05:02:13,2026-03-20 05:03:16
5,Starved,2026-03-20 05:03:13,2026-03-20 05:03:17
3,Blocked,2026-03-20 05:03:04,2026-03-20 05:03:17
2,Blocked,2026-03-20 05:03:16,2026-03-20 05:03:17
1,Blocked,2026-03-20 05:03:15,2026-03-20 05:03:17
8,Running,2026-03-20 05:02:31,2026-03-20 05:03:34
8,Blocked,2026-03-20 05:03:34,2026-03-20 05:03:58
6,Running,2026-03-20 05:03:13,2026-03-20 05:04:07
5,Running,2026-03-20 05:03:17,2026-03-20 05:04:09
6,Starved,2026-03-20 05:04:07,2026-03-20 05:04:09
3,Running,2026-03-20 05:03:17,2026-03-20 05:04:13
2,Running,2026-03-20 05:03:17,2026-03-20 05:04:16
5,Starved,2026-03-20 05:04:09,2026-03-20 05:04:25
3,Blocked,2026-03-20 05:04:13,2026-03-20 05:04:25
2,Blocked,2026-03-20 05:04:16,2026-03-20 05:04:25
8,Running,2026-03-20 05:03:58,2026-03-20 05:04:51
8,Blocked,2026-03-20 05:04:51,2026-03-20 05:04:53
6,Running,2026-03-20 05:04:09,2026-03-20 05:05:15
3,Running,2026-03-20 05:04:25,2026-03-20 05:05:25
1,Running,2026-03-20 05:03:17,2026-03-20 05:05:26
5,Running,2026-03-20 05:04:25,2026-03-20 05:05:29
6,Starved,2026-03-20 05:05:15,2026-03-20 05:05:29
5,Starved,2026-03-20 05:05:29,2026-03-20 05:05:29
3,Blocked,2026-03-20 05:05:25,2026-03-20 05:05:29
1,Blocked,2026-03-20 05:05:26,2026-03-20 05:05:35
6,Running,2026-03-20 05:05:29,2026-03-20 05:06:28
6,Starved,2026-03-20 05:06:28,2026-03-20 05:06:35
3,Running,2026-03-20 05:05:29,2026-03-20 05:07:28
3,Blocked,2026-03-20 05:07:28,2026-03-20 05:07:31
11,Running,2026-03-20 04:47:17,2026-03-20 05:07:32
11,Down,2026-03-20 05:07:32,2026-03-20 05:07:36
6,Running,2026-03-20 05:06:35,2026-03-20 05:07:36
6,Starved,2026-03-20 05:07:36,2026-03-20 05:07:40
2,Running,2026-03-20 05:04:25,2026-03-20 05:08:21
3,Running,2026-03-20 05:07:31,2026-03-20 05:08:24
5,Running,2026-03-20 05:05:29,2026-03-20 05:08:38
1,Running,2026-03-20 05:05:35,2026-03-20 05:08:44
5,Starved,2026-03-20 05:08:38,2026-03-20 05:08:58
3,Blocked,2026-03-20 05:08:24,2026-03-20 05:08:58
2,Blocked,2026-03-20 05:08:21,2026-03-20 05:08:58
1,Blocked,2026-03-20 05:08:44,2026-03-20 05:08:58
6,Running,2026-03-20 05:07:40,2026-03-20 05:09:35
2,Running,2026-03-20 05:08:58,2026-03-20 05:09:55
3,Running,2026-03-20 05:08:58,2026-03-20 05:09:57
1,Running,2026-03-20 05:08:58,2026-03-20 05:10:03
5,Running,2026-03-20 05:08:58,2026-03-20 05:10:06
6,Starved,2026-03-20 05:09:35,2026-03-20 05:10:06
5,Starved,2026-03-20 05:10:06,2026-03-20 05:10:07
3,Blocked,2026-03-20 05:09:57,2026-03-20 05:10:07
2,Blocked,2026-03-20 05:09:55,2026-03-20 05:10:07
1,Blocked,2026-03-20 05:10:03,2026-03-20 05:10:07
2,Running,2026-03-20 05:10:07,2026-03-20 05:10:59
5,Running,2026-03-20 05:10:07,2026-03-20 05:11:03
1,Running,2026-03-20 05:10:07,2026-03-20 05:11:05
5,Starved,2026-03-20 05:11:03,2026-03-20 05:11:06
2,Blocked,2026-03-20 05:10:59,2026-03-20 05:11:06
1,Blocked,2026-03-20 05:11:05,2026-03-20 05:11:06
13,Running,2026-03-20 05:02:47,2026-03-20 05:11:43
13,Starved,2026-03-20 05:11:43,2026-03-20 05:11:44
6,Running,2026-03-20 05:10:06,2026-03-20 05:11:56
2,Running,2026-03-20 05:11:06,2026-03-20 05:12:03
6,Starved,2026-03-20 05:11:56,2026-03-20 05:12:04
2,Blocked,2026-03-20 05:12:03,2026-03-20 05:12:10
13,Running,2026-03-20 05:11:44,2026-03-20 05:12:43
13,Starved,2026-03-20 05:12:43,2026-03-20 05:12:44
6,Running,2026-03-20 05:12:04,2026-03-20 05:12:53
2,Running,2026-03-20 05:12:10,2026-03-20 05:13:00
5,Running,2026-03-20 05:11:06,2026-03-20 05:13:03
6,Starved,2026-03-20 05:12:53,2026-03-20 05:13:03
3,Running,2026-03-20 05:10:07,2026-03-20 05:13:12
1,Running,2026-03-20 05:11:06,2026-03-20 05:13:12
5,Starved,2026-03-20 05:13:03,2026-03-20 05:13:13
3,Blocked,2026-03-20 05:13:12,2026-03-20 05:13:13
2,Blocked,2026-03-20 05:13:00,2026-03-20 05:13:13
1,Blocked,2026-03-20 05:13:12,2026-03-20 05:13:13
13,Running,2026-03-20 05:12:44,2026-03-20 05:13:47
8,Running,2026-03-20 05:04:53,2026-03-20 05:13:52
13,Starved,2026-03-20 05:13:47,2026-03-20 05:13:58
6,Running,2026-03-20 05:13:03,2026-03-20 05:14:04
8,Blocked,2026-03-20 05:13:52,2026-03-20 05:14:05
1,Running,2026-03-20 05:13:13,2026-03-20 05:14:08
2,Running,2026-03-20 05:13:13,2026-03-20 05:14:10
6,Starved,2026-03-20 05:14:04,2026-03-20 05:14:14
2,Blocked,2026-03-20 05:14:10,2026-03-20 05:14:15
1,Blocked,2026-03-20 05:14:08,2026-03-20 05:14:15
3,Running,2026-03-20 05:13:13,2026-03-20 05:15:06
3,Blocked,2026-03-20 05:15:06,2026-03-20 05:15:07
2,Running,2026-03-20 05:14:15,2026-03-20 05:16:06
6,Running,2026-03-20 05:14:14,2026-03-20 05:16:07
3,Running,2026-03-20 05:15:07,2026-03-20 05:16:11
3,Blocked,2026-03-20 05:16:11,2026-03-20 05:16:11
2,Blocked,2026-03-20 05:16:06,2026-03-20 05:16:11
6,Starved,2026-03-20 05:16:07,2026-03-20 05:16:14
13,Running,2026-03-20 05:13:58,2026-03-20 05:16:57
13,Starved,2026-03-20 05:16:57,2026-03-20 05:16:59
8,Running,2026-03-20 05:14:05,2026-03-20 05:16:59
8,Blocked,2026-03-20 05:16:59,2026-03-20 05:16:59
3,Running,2026-03-20 05:16:11,2026-03-20 05:17:03
6,Running,2026-03-20 05:16:14,2026-03-20 05:17:06
1,Running,2026-03-20 05:14:15,2026-03-20 05:17:07
5,Running,2026-03-20 05:13:13,2026-03-20 05:17:12
6,Starved,2026-03-20 05:17:06,2026-03-20 05:17:12
2,Running,2026-03-20 05:16:11,2026-03-20 05:17:15
5,Starved,2026-03-20 05:17:12,2026-03-20 05:17:16
3,Blocked,2026-03-20 05:17:03,2026-03-20 05:17:16
2,Blocked,2026-03-20 05:17:15,2026-03-20 05:17:16
1,Blocked,2026-03-20 05:17:07,2026-03-20 05:17:16
6,Running,2026-03-20 05:17:12,2026-03-20 05:18:08
6,Starved,2026-03-20 05:18:08,2026-03-20 05:18:16
6,Running,2026-03-20 05:18:16,2026-03-20 05:19:04
6,Starved,2026-03-20 05:19:04,2026-03-20 05:19:09
8,Running,2026-03-20 05:16:59,2026-03-20 05:20:06
8,Blocked,2026-03-20 05:20:06,2026-03-20 05:20:15
8,Running,2026-03-20 05:20:15,2026-03-20 05:21:05
5,Running,2026-03-20 05:17:16,2026-03-20 05:21:06
5,Starved,2026-03-20 05:21:06,2026-03-20 05:21:09
8,Blocked,2026-03-20 05:21:05,2026-03-20 05:21:35
3,Running,2026-03-20 05:17:16,2026-03-20 05:22:05
3,Blocked,2026-03-20 05:22:05,2026-03-20 05:22:10
1,Running,2026-03-20 05:17:16,2026-03-20 05:22:17
1,Blocked,2026-03-20 05:22:17,2026-03-20 05:22:17
8,Running,2026-03-20 05:21:35,2026-03-20 05:22:38
8,Blocked,2026-03-20 05:22:38,2026-03-20 05:22:42
2,Running,2026-03-20 05:17:16,2026-03-20 05:23:10
2,Blocked,2026-03-20 05:23:10,2026-03-20 05:23:13
3,Running,2026-03-20 05:22:10,2026-03-20 05:24:03
5,Running,2026-03-20 05:21:09,2026-03-20 05:24:09
1,Running,2026-03-20 05:22:17,2026-03-20 05:24:15
2,Running,2026-03-20 05:23:13,2026-03-20 05:24:15
5,Starved,2026-03-20 05:24:09,2026-03-20 05:24:17
3,Blocked,2026-03-20 05:24:03,2026-03-20 05:24:17
2,Blocked,2026-03-20 05:24:15,2026-03-20 05:24:17
1,Blocked,2026-03-20 05:24:15,2026-03-20 05:24:17
8,Running,2026-03-20 05:22:42,2026-03-20 05:24:48
8,Blocked,2026-03-20 05:24:48,2026-03-20 05:25:07
6,Running,2026-03-20 05:19:09,2026-03-20 05:25:10
2,Running,2026-03-20 05:24:17,2026-03-20 05:25:15
3,Running,2026-03-20 05:24:17,2026-03-20 05:25:16
1,Running,2026-03-20 05:24:17,2026-03-20 05:25:18
3,Blocked,2026-03-20 05:25:16,2026-03-20 05:25:23
2,Blocked,2026-03-20 05:25:15,2026-03-20 05:25:23
1,Blocked,2026-03-20 05:25:18,2026-03-20 05:25:23
6,Starved,2026-03-20 05:25:10,2026-03-20 05:25:24
8,Running,2026-03-20 05:25:07,2026-03-20 05:26:05
8,Blocked,2026-03-20 05:26:05,2026-03-20 05:26:08
2,Running,2026-03-20 05:25:23,2026-03-20 05:26:26
6,Running,2026-03-20 05:25:24,2026-03-20 05:26:27
2,Blocked,2026-03-20 05:26:26,2026-03-20 05:26:28
6,Starved,2026-03-20 05:26:27,2026-03-20 05:26:34
6,Running,2026-03-20 05:26:34,2026-03-20 05:27:35
6,Starved,2026-03-20 05:27:35,2026-03-20 05:27:36
8,Running,2026-03-20 05:26:08,2026-03-20 05:28:01
8,Blocked,2026-03-20 05:28:01,2026-03-20 05:28:03
6,Running,2026-03-20 05:27:36,2026-03-20 05:28:29
6,Starved,2026-03-20 05:28:29,2026-03-20 05:28:31
1,Down,2026-03-20 05:25:23,2026-03-20 05:28:55
8,Running,2026-03-20 05:28:03,2026-03-20 05:29:03
10,Running,2026-03-20 04:37:27,2026-03-20 05:29:22
6,Running,2026-03-20 05:28:31,2026-03-20 05:29:27
8,Blocked,2026-03-20 05:29:03,2026-03-20 05:29:30
6,Starved,2026-03-20 05:29:27,2026-03-20 05:29:33
3,Running,2026-03-20 05:25:23,2026-03-20 05:29:59
8,Running,2026-03-20 05:29:30,2026-03-20 05:30:21
3,Blocked,2026-03-20 05:29:59,2026-03-20 05:30:23
6,Running,2026-03-20 05:29:33,2026-03-20 05:30:31
8,Blocked,2026-03-20 05:30:21,2026-03-20 05:30:32
6,Starved,2026-03-20 05:30:31,2026-03-20 05:30:36
3,Running,2026-03-20 05:30:23,2026-03-20 05:31:27
3,Blocked,2026-03-20 05:31:27,2026-03-20 05:31:28
6,Running,2026-03-20 05:30:36,2026-03-20 05:31:31
11,Running,2026-03-20 05:07:36,2026-03-20 05:31:34
10,Down,2026-03-20 05:29:22,2026-03-20 05:31:38
6,Starved,2026-03-20 05:31:31,2026-03-20 05:31:43
8,Running,2026-03-20 05:30:32,2026-03-20 05:32:26
8,Blocked,2026-03-20 05:32:26,2026-03-20 05:32:31
11,Starved,2026-03-20 05:31:34,2026-03-20 05:32:37
3,Running,2026-03-20 05:31:28,2026-03-20 05:33:30
8,Running,2026-03-20 05:32:31,2026-03-20 05:33:31
11,Running,2026-03-20 05:32:37,2026-03-20 05:33:35
3,Blocked,2026-03-20 05:33:30,2026-03-20 05:33:38
8,Blocked,2026-03-20 05:33:31,2026-03-20 05:33:42
11,Starved,2026-03-20 05:33:35,2026-03-20 05:33:45
13,Running,2026-03-20 05:16:59,2026-03-20 05:33:49
12,Running,2026-03-20 04:59:35,2026-03-20 05:34:26
2,Running,2026-03-20 05:26:28,2026-03-20 05:34:38
11,Running,2026-03-20 05:33:45,2026-03-20 05:34:43
3,Running,2026-03-20 05:33:38,2026-03-20 05:34:44
6,Running,2026-03-20 05:31:43,2026-03-20 05:34:45
11,Starved,2026-03-20 05:34:43,2026-03-20 05:34:46
3,Blocked,2026-03-20 05:34:44,2026-03-20 05:34:50
2,Blocked,2026-03-20 05:34:38,2026-03-20 05:34:50
6,Starved,2026-03-20 05:34:45,2026-03-20 05:35:00
3,Running,2026-03-20 05:34:50,2026-03-20 05:35:42
2,Running,2026-03-20 05:34:50,2026-03-20 05:35:49
6,Running,2026-03-20 05:35:00,2026-03-20 05:36:07
5,Running,2026-03-20 05:24:17,2026-03-20 05:36:07
6,Starved,2026-03-20 05:36:07,2026-03-20 05:36:07
5,Starved,2026-03-20 05:36:07,2026-03-20 05:36:26
3,Blocked,2026-03-20 05:35:42,2026-03-20 05:36:26
2,Blocked,2026-03-20 05:35:49,2026-03-20 05:36:26
11,Running,2026-03-20 05:34:46,2026-03-20 05:36:47
11,Starved,2026-03-20 05:36:47,2026-03-20 05:36:50
2,Down,2026-03-20 05:36:26,2026-03-20 05:37:14
6,Running,2026-03-20 05:36:07,2026-03-20 05:37:15
5,Running,2026-03-20 05:36:26,2026-03-20 05:37:29
6,Starved,2026-03-20 05:37:15,2026-03-20 05:37:29
12,Down,2026-03-20 05:34:26,2026-03-20 05:37:29
5,Starved,2026-03-20 05:37:29,2026-03-20 05:37:35
6,Running,2026-03-20 05:37:29,2026-03-20 05:38:19
5,Running,2026-03-20 05:37:35,2026-03-20 05:38:34
6,Starved,2026-03-20 05:38:19,2026-03-20 05:38:34
8,Running,2026-03-20 05:33:42,2026-03-20 05:38:39
3,Running,2026-03-20 05:36:26,2026-03-20 05:38:40
8,Blocked,2026-03-20 05:38:39,2026-03-20 05:38:46
5,Starved,2026-03-20 05:38:34,2026-03-20 05:38:46
3,Blocked,2026-03-20 05:38:40,2026-03-20 05:38:46
6,Running,2026-03-20 05:38:34,2026-03-20 05:39:31
3,Running,2026-03-20 05:38:46,2026-03-20 05:39:42
5,Running,2026-03-20 05:38:46,2026-03-20 05:39:48
6,Starved,2026-03-20 05:39:31,2026-03-20 05:39:48
5,Starved,2026-03-20 05:39:48,2026-03-20 05:39:53
3,Blocked,2026-03-20 05:39:42,2026-03-20 05:39:53
5,Running,2026-03-20 05:39:53,2026-03-20 05:40:42
3,Running,2026-03-20 05:39:53,2026-03-20 05:40:51
5,Starved,2026-03-20 05:40:42,2026-03-20 05:40:55
3,Blocked,2026-03-20 05:40:51,2026-03-20 05:40:55
6,Running,2026-03-20 05:39:48,2026-03-20 05:41:52
5,Running,2026-03-20 05:40:55,2026-03-20 05:41:56
6,Starved,2026-03-20 05:41:52,2026-03-20 05:41:56
3,Running,2026-03-20 05:40:55,2026-03-20 05:42:00
5,Starved,2026-03-20 05:41:56,2026-03-20 05:42:03
3,Blocked,2026-03-20 05:42:00,2026-03-20 05:42:03
6,Running,2026-03-20 05:41:56,2026-03-20 05:42:54
6,Starved,2026-03-20 05:42:54,2026-03-20 05:43:04
6,Running,2026-03-20 05:43:04,2026-03-20 05:43:58
6,Starved,2026-03-20 05:43:58,2026-03-20 05:44:05
5,Running,2026-03-20 05:42:03,2026-03-20 05:44:58
8,Running,2026-03-20 05:38:46,2026-03-20 05:45:03
13,Down,2026-03-20 05:33:49,2026-03-20 05:45:08
4,Running,2026-03-20 02:13:08,2026-03-20 05:45:11
5,Starved,2026-03-20 05:44:58,2026-03-20 05:45:11
8,Blocked,2026-03-20 05:45:03,2026-03-20 05:45:15
3,Running,2026-03-20 05:42:03,2026-03-20 05:45:16
2,Running,2026-03-20 05:37:14,2026-03-20 05:45:22
8,Running,2026-03-20 05:45:15,2026-03-20 05:46:14
6,Running,2026-03-20 05:44:05,2026-03-20 05:46:16
5,Running,2026-03-20 05:45:11,2026-03-20 05:46:21
6,Starved,2026-03-20 05:46:16,2026-03-20 05:46:21
1,Running,2026-03-20 05:28:55,2026-03-20 05:46:33
8,Blocked,2026-03-20 05:46:14,2026-03-20 05:46:33
6,Running,2026-03-20 05:46:21,2026-03-20 05:47:16
8,Running,2026-03-20 05:46:33,2026-03-20 05:49:22
8,Blocked,2026-03-20 05:49:22,2026-03-20 05:49:24
8,Running,2026-03-20 05:49:24,2026-03-20 05:50:22
8,Blocked,2026-03-20 05:50:22,2026-03-20 05:50:24
8,Running,2026-03-20 05:50:24,2026-03-20 05:55:31
8,Blocked,2026-03-20 05:55:31,2026-03-20 05:55:31
8,Running,2026-03-20 05:55:31,2026-03-20 05:56:33
8,Blocked,2026-03-20 05:56:33,2026-03-20 05:56:37
8,Running,2026-03-20 05:56:37,2026-03-20 05:57:44
8,Blocked,2026-03-20 05:57:44,2026-03-20 05:57:54
1,Blocked,2026-03-20 05:46:33,2026-03-20 06:00:00
2,Blocked,2026-03-20 05:45:22,2026-03-20 06:00:00
3,Blocked,2026-03-20 05:45:16,2026-03-20 06:00:00
4,Down,2026-03-20 05:45:11,2026-03-20 06:00:00
5,Starved,2026-03-20 05:46:21,2026-03-20 06:00:00
6,Starved,2026-03-20 05:47:16,2026-03-20 06:00:00
7,Running,2026-03-20 04:34:52,2026-03-20 06:00:00
8,Running,2026-03-20 05:57:54,2026-03-20 06:00:00
9,Running,2026-03-20 04:29:49,2026-03-20 06:00:00
10,Running,2026-03-20 05:31:38,2026-03-20 06:00:00
11,Running,2026-03-20 05:36:50,2026-03-20 06:00:00
12,Running,2026-03-20 05:37:29,2026-03-20 06:00:00
13,Running,2026-03-20 05:45:08,2026-03-20 06:00:00
