part_id,activity,ts_start,ts_finish,result,scrap
1,1,2026-03-18 06:00:00,2026-03-18 06:01:07,OK,NO
1,2,2026-03-18 06:01:07,2026-03-18 06:02:12,OK,NO
2,1,2026-03-18 06:01:07,2026-03-18 06:02:18,OK,NO
3,1,2026-03-18 06:02:18,2026-03-18 06:03:12,OK,NO
2,2,2026-03-18 06:02:18,2026-03-18 06:03:16,OK,NO
1,3,2026-03-18 06:02:12,2026-03-18 06:03:16,OK,NO
4,1,2026-03-18 06:03:12,2026-03-18 06:04:02,OK,NO
3,2,2026-03-18 06:03:16,2026-03-18 06:04:12,OK,NO
1,4,2026-03-18 06:03:16,2026-03-18 06:04:18,OK,NO
2,3,2026-03-18 06:03:16,2026-03-18 06:04:23,OK,NO
4,2,2026-03-18 06:04:12,2026-03-18 06:05:07,OK,NO
5,1,2026-03-18 06:04:02,2026-03-18 06:05:10,OK,NO
3,3,2026-03-18 06:04:23,2026-03-18 06:05:22,OK,NO
1,5,2026-03-18 06:04:18,2026-03-18 06:05:27,OK,NO
2,4,2026-03-18 06:04:23,2026-03-18 06:06:02,OK,NO
6,1,2026-03-18 06:05:10,2026-03-18 06:06:16,OK,NO
5,2,2026-03-18 06:05:10,2026-03-18 06:06:18,OK,NO
1,6,2026-03-18 06:05:27,2026-03-18 06:06:23,OK,NO
4,3,2026-03-18 06:05:22,2026-03-18 06:06:36,OK,NO
3,4,2026-03-18 06:06:02,2026-03-18 06:06:57,OK,NO
6,2,2026-03-18 06:06:18,2026-03-18 06:07:16,OK,NO
7,1,2026-03-18 06:06:16,2026-03-18 06:07:28,OK,NO
1,7,2026-03-18 06:06:23,2026-03-18 06:07:33,OK,NO
5,3,2026-03-18 06:06:36,2026-03-18 06:07:40,OK,NO
4,4,2026-03-18 06:06:57,2026-03-18 06:08:15,OK,NO
8,1,2026-03-18 06:07:28,2026-03-18 06:08:22,OK,NO
1,8,2026-03-18 06:07:33,2026-03-18 06:08:32,OK,NO
7,2,2026-03-18 06:07:28,2026-03-18 06:08:33,OK,NO
6,3,2026-03-18 06:07:40,2026-03-18 06:08:46,OK,NO
9,1,2026-03-18 06:08:22,2026-03-18 06:09:16,OK,NO
5,4,2026-03-18 06:08:15,2026-03-18 06:09:19,OK,NO
2,5,2026-03-18 06:08:25,2026-03-18 06:09:22,OK,NO
8,2,2026-03-18 06:08:33,2026-03-18 06:09:28,OK,NO
1,9,2026-03-18 06:08:32,2026-03-18 06:09:31,OK,NO
10,1,2026-03-18 06:09:16,2026-03-18 06:10:16,OK,NO
6,4,2026-03-18 06:09:19,2026-03-18 06:10:18,OK,NO
2,6,2026-03-18 06:09:22,2026-03-18 06:10:19,OK,NO
3,5,2026-03-18 06:09:22,2026-03-18 06:10:20,OK,NO
9,2,2026-03-18 06:09:28,2026-03-18 06:10:32,OK,NO
1,10,2026-03-18 06:09:31,2026-03-18 06:10:34,OK,NO
11,1,2026-03-18 06:10:16,2026-03-18 06:11:20,OK,NO
3,6,2026-03-18 06:10:20,2026-03-18 06:11:21,OK,NO
4,5,2026-03-18 06:10:20,2026-03-18 06:11:31,OK,NO
1,11,2026-03-18 06:10:34,2026-03-18 06:11:32,OK,NO
2,7,2026-03-18 06:10:19,2026-03-18 06:11:47,OK,NO
12,1,2026-03-18 06:11:20,2026-03-18 06:12:16,OK,NO
7,3,2026-03-18 06:11:18,2026-03-18 06:12:19,OK,NO
10,2,2026-03-18 06:11:18,2026-03-18 06:12:25,OK,NO
1,12,2026-03-18 06:11:32,2026-03-18 06:12:28,OK,NO
5,5,2026-03-18 06:11:31,2026-03-18 06:12:31,OK,NO
4,6,2026-03-18 06:11:31,2026-03-18 06:12:40,OK,NO
3,7,2026-03-18 06:11:47,2026-03-18 06:12:59,OK,NO
13,1,2026-03-18 06:12:16,2026-03-18 06:13:08,OK,NO
7,4,2026-03-18 06:12:19,2026-03-18 06:13:17,OK,NO
11,2,2026-03-18 06:12:25,2026-03-18 06:13:18,OK,NO
8,3,2026-03-18 06:12:19,2026-03-18 06:13:20,OK,NO
6,5,2026-03-18 06:12:31,2026-03-18 06:13:32,OK,NO
5,6,2026-03-18 06:12:40,2026-03-18 06:13:43,OK,NO
14,1,2026-03-18 06:13:08,2026-03-18 06:14:12,OK,NO
9,3,2026-03-18 06:13:20,2026-03-18 06:14:19,OK,NO
4,7,2026-03-18 06:12:59,2026-03-18 06:14:21,OK,NO
7,5,2026-03-18 06:13:32,2026-03-18 06:14:26,OK,NO
12,2,2026-03-18 06:13:20,2026-03-18 06:14:29,OK,NO
6,6,2026-03-18 06:13:43,2026-03-18 06:14:35,OK,NO
8,4,2026-03-18 06:13:20,2026-03-18 06:14:38,OK,NO
2,8,2026-03-18 06:13:57,2026-03-18 06:14:54,OK,NO
10,3,2026-03-18 06:14:19,2026-03-18 06:15:09,OK,NO
15,1,2026-03-18 06:14:12,2026-03-18 06:15:13,OK,NO
5,7,2026-03-18 06:14:21,2026-03-18 06:15:25,OK,NO
13,2,2026-03-18 06:14:29,2026-03-18 06:15:30,OK,NO
7,6,2026-03-18 06:14:35,2026-03-18 06:15:32,OK,NO
9,4,2026-03-18 06:14:38,2026-03-18 06:15:34,OK,NO
8,5,2026-03-18 06:14:38,2026-03-18 06:15:41,OK,NO
3,8,2026-03-18 06:14:54,2026-03-18 06:15:57,OK,NO
16,1,2026-03-18 06:15:13,2026-03-18 06:16:11,OK,NO
11,3,2026-03-18 06:15:09,2026-03-18 06:16:19,OK,NO
2,9,2026-03-18 06:14:54,2026-03-18 06:16:24,OK,NO
14,2,2026-03-18 06:15:30,2026-03-18 06:16:25,OK,NO
6,7,2026-03-18 06:15:25,2026-03-18 06:16:29,OK,NO
9,5,2026-03-18 06:15:41,2026-03-18 06:16:38,OK,NO
10,4,2026-03-18 06:15:34,2026-03-18 06:16:39,OK,NO
8,6,2026-03-18 06:15:41,2026-03-18 06:16:43,OK,NO
4,8,2026-03-18 06:15:57,2026-03-18 06:16:53,OK,NO
3,9,2026-03-18 06:16:24,2026-03-18 06:17:17,OK,NO
17,1,2026-03-18 06:16:11,2026-03-18 06:17:18,OK,NO
15,2,2026-03-18 06:16:25,2026-03-18 06:17:22,OK,NO
12,3,2026-03-18 06:16:19,2026-03-18 06:17:24,OK,NO
2,10,2026-03-18 06:16:24,2026-03-18 06:17:25,OK,NO
11,4,2026-03-18 06:16:39,2026-03-18 06:17:28,OK,NO
7,7,2026-03-18 06:16:29,2026-03-18 06:17:31,OK,NO
10,5,2026-03-18 06:16:39,2026-03-18 06:17:43,OK,NO
9,6,2026-03-18 06:16:43,2026-03-18 06:17:43,OK,NO
5,8,2026-03-18 06:16:53,2026-03-18 06:17:48,OK,NO
18,1,2026-03-18 06:17:18,2026-03-18 06:18:14,OK,NO
3,10,2026-03-18 06:17:25,2026-03-18 06:18:19,OK,NO
16,2,2026-03-18 06:17:24,2026-03-18 06:18:28,OK,NO
13,3,2026-03-18 06:17:24,2026-03-18 06:18:28,OK,NO
2,11,2026-03-18 06:17:25,2026-03-18 06:18:30,OK,NO
4,9,2026-03-18 06:17:17,2026-03-18 06:18:34,OK,NO
6,8,2026-03-18 06:17:48,2026-03-18 06:18:34,OK,NO
10,6,2026-03-18 06:17:43,2026-03-18 06:18:41,OK,NO
12,4,2026-03-18 06:17:28,2026-03-18 06:18:45,OK,NO
11,5,2026-03-18 06:17:43,2026-03-18 06:18:48,OK,NO
8,7,2026-03-18 06:17:31,2026-03-18 06:19:01,OK,NO
19,1,2026-03-18 06:18:14,2026-03-18 06:19:11,OK,NO
2,12,2026-03-18 06:18:30,2026-03-18 06:19:25,OK,NO
14,3,2026-03-18 06:18:28,2026-03-18 06:19:27,OK,NO
17,2,2026-03-18 06:18:28,2026-03-18 06:19:29,OK,NO
3,11,2026-03-18 06:18:30,2026-03-18 06:19:30,OK,NO
7,8,2026-03-18 06:18:34,2026-03-18 06:19:33,OK,NO
5,9,2026-03-18 06:18:34,2026-03-18 06:19:36,OK,NO
4,10,2026-03-18 06:18:34,2026-03-18 06:19:38,OK,NO
11,6,2026-03-18 06:18:48,2026-03-18 06:19:52,OK,NO
12,5,2026-03-18 06:18:48,2026-03-18 06:19:58,OK,NO
13,4,2026-03-18 06:18:45,2026-03-18 06:19:58,OK,NO
9,7,2026-03-18 06:19:01,2026-03-18 06:20:07,OK,NO
20,1,2026-03-18 06:19:11,2026-03-18 06:20:23,OK,NO
15,3,2026-03-18 06:19:27,2026-03-18 06:20:24,OK,NO
6,9,2026-03-18 06:19:36,2026-03-18 06:20:29,OK,NO
3,12,2026-03-18 06:19:30,2026-03-18 06:20:29,OK,NO
18,2,2026-03-18 06:19:29,2026-03-18 06:20:33,OK,NO
8,8,2026-03-18 06:19:33,2026-03-18 06:20:37,OK,NO
5,10,2026-03-18 06:19:38,2026-03-18 06:20:38,OK,NO
4,11,2026-03-18 06:19:38,2026-03-18 06:20:39,OK,NO
10,7,2026-03-18 06:20:07,2026-03-18 06:21:00,OK,NO
12,6,2026-03-18 06:19:58,2026-03-18 06:21:01,OK,NO
13,5,2026-03-18 06:19:58,2026-03-18 06:21:01,OK,NO
16,3,2026-03-18 06:20:24,2026-03-18 06:21:16,OK,NO
21,1,2026-03-18 06:20:23,2026-03-18 06:21:19,OK,NO
14,4,2026-03-18 06:19:58,2026-03-18 06:21:21,OK,NO
19,2,2026-03-18 06:20:33,2026-03-18 06:21:25,OK,NO
4,12,2026-03-18 06:20:39,2026-03-18 06:21:32,OK,NO
6,10,2026-03-18 06:20:38,2026-03-18 06:21:34,OK,NO
9,8,2026-03-18 06:20:37,2026-03-18 06:21:38,OK,NO
5,11,2026-03-18 06:20:39,2026-03-18 06:21:40,OK,NO
7,9,2026-03-18 06:20:29,2026-03-18 06:21:41,OK,NO
13,6,2026-03-18 06:21:01,2026-03-18 06:21:55,OK,NO
11,7,2026-03-18 06:21:00,2026-03-18 06:21:57,OK,NO
17,3,2026-03-18 06:21:21,2026-03-18 06:22:16,OK,NO
14,5,2026-03-18 06:21:21,2026-03-18 06:22:22,OK,NO
22,1,2026-03-18 06:21:19,2026-03-18 06:22:22,OK,NO
20,2,2026-03-18 06:21:25,2026-03-18 06:22:30,OK,NO
15,4,2026-03-18 06:21:21,2026-03-18 06:22:32,OK,NO
5,12,2026-03-18 06:21:40,2026-03-18 06:22:34,OK,NO
7,10,2026-03-18 06:21:41,2026-03-18 06:22:34,OK,NO
6,11,2026-03-18 06:21:40,2026-03-18 06:22:36,OK,NO
10,8,2026-03-18 06:21:38,2026-03-18 06:22:43,OK,NO
12,7,2026-03-18 06:21:57,2026-03-18 06:23:11,OK,NO
23,1,2026-03-18 06:22:22,2026-03-18 06:23:22,OK,NO
14,6,2026-03-18 06:22:22,2026-03-18 06:23:28,OK,NO
6,12,2026-03-18 06:22:36,2026-03-18 06:23:29,OK,NO
15,5,2026-03-18 06:22:32,2026-03-18 06:23:29,OK,NO
7,11,2026-03-18 06:22:36,2026-03-18 06:23:32,OK,NO
18,3,2026-03-18 06:22:32,2026-03-18 06:23:33,OK,NO
16,4,2026-03-18 06:22:32,2026-03-18 06:23:35,OK,NO
21,2,2026-03-18 06:22:32,2026-03-18 06:23:38,OK,NO
11,8,2026-03-18 06:22:43,2026-03-18 06:23:46,OK,NO
13,7,2026-03-18 06:23:11,2026-03-18 06:24:12,OK,NO
7,12,2026-03-18 06:23:32,2026-03-18 06:24:17,OK,NO
24,1,2026-03-18 06:23:22,2026-03-18 06:24:21,OK,NO
19,3,2026-03-18 06:23:35,2026-03-18 06:24:30,OK,NO
16,5,2026-03-18 06:23:35,2026-03-18 06:24:35,OK,NO
22,2,2026-03-18 06:23:38,2026-03-18 06:24:39,OK,NO
12,8,2026-03-18 06:23:46,2026-03-18 06:24:47,OK,NO
17,4,2026-03-18 06:23:35,2026-03-18 06:24:52,OK,NO
25,1,2026-03-18 06:24:21,2026-03-18 06:25:18,OK,NO
14,7,2026-03-18 06:24:12,2026-03-18 06:25:44,OK,NO
18,4,2026-03-18 06:24:52,2026-03-18 06:25:46,OK,NO
23,2,2026-03-18 06:24:52,2026-03-18 06:25:57,OK,NO
20,3,2026-03-18 06:24:52,2026-03-18 06:25:59,OK,NO
26,1,2026-03-18 06:25:18,2026-03-18 06:26:19,OK,NO
19,4,2026-03-18 06:25:46,2026-03-18 06:26:51,OK,NO
24,2,2026-03-18 06:25:59,2026-03-18 06:27:01,OK,NO
21,3,2026-03-18 06:25:59,2026-03-18 06:27:02,OK,NO
27,1,2026-03-18 06:26:19,2026-03-18 06:27:21,OK,NO
25,2,2026-03-18 06:27:02,2026-03-18 06:27:55,OK,NO
22,3,2026-03-18 06:27:02,2026-03-18 06:28:05,OK,NO
20,4,2026-03-18 06:26:51,2026-03-18 06:28:18,OK,NO
28,1,2026-03-18 06:27:21,2026-03-18 06:28:21,OK,NO
15,6,2026-03-18 06:27:32,2026-03-18 06:28:31,OK,NO
23,3,2026-03-18 06:28:18,2026-03-18 06:29:13,OK,NO
26,2,2026-03-18 06:28:18,2026-03-18 06:29:18,OK,NO
21,4,2026-03-18 06:28:18,2026-03-18 06:29:24,OK,NO
16,6,2026-03-18 06:28:31,2026-03-18 06:29:27,OK,NO
29,1,2026-03-18 06:28:21,2026-03-18 06:29:27,OK,NO
15,7,2026-03-18 06:28:31,2026-03-18 06:29:34,OK,NO
27,2,2026-03-18 06:29:24,2026-03-18 06:30:23,OK,NO
24,3,2026-03-18 06:29:24,2026-03-18 06:30:25,OK,NO
30,1,2026-03-18 06:29:27,2026-03-18 06:30:35,OK,NO
16,7,2026-03-18 06:29:34,2026-03-18 06:30:42,OK,NO
22,4,2026-03-18 06:29:24,2026-03-18 06:30:50,OK,NO
31,1,2026-03-18 06:30:35,2026-03-18 06:31:35,OK,NO
28,2,2026-03-18 06:30:50,2026-03-18 06:31:55,OK,NO
25,3,2026-03-18 06:30:50,2026-03-18 06:31:59,OK,NO
23,4,2026-03-18 06:30:50,2026-03-18 06:32:03,OK,NO
17,5,2026-03-18 06:30:58,2026-03-18 06:32:06,OK,NO
32,1,2026-03-18 06:31:35,2026-03-18 06:32:36,OK,NO
29,2,2026-03-18 06:32:03,2026-03-18 06:32:57,OK,NO
17,6,2026-03-18 06:32:06,2026-03-18 06:32:58,OK,NO
26,3,2026-03-18 06:32:03,2026-03-18 06:33:00,OK,NO
18,5,2026-03-18 06:32:06,2026-03-18 06:33:02,OK,NO
24,4,2026-03-18 06:32:03,2026-03-18 06:33:11,OK,NO
33,1,2026-03-18 06:32:36,2026-03-18 06:33:38,OK,NO
18,6,2026-03-18 06:33:02,2026-03-18 06:33:58,OK,NO
19,5,2026-03-18 06:33:02,2026-03-18 06:34:00,OK,NO
25,4,2026-03-18 06:33:11,2026-03-18 06:34:06,OK,NO
27,3,2026-03-18 06:33:11,2026-03-18 06:34:09,OK,NO
30,2,2026-03-18 06:33:11,2026-03-18 06:34:19,OK,NO
17,7,2026-03-18 06:32:58,2026-03-18 06:34:19,OK,NO
34,1,2026-03-18 06:33:38,2026-03-18 06:34:40,OK,NO
20,5,2026-03-18 06:34:00,2026-03-18 06:35:02,OK,NO
26,4,2026-03-18 06:34:06,2026-03-18 06:35:10,OK,NO
19,6,2026-03-18 06:34:00,2026-03-18 06:35:10,OK,NO
28,3,2026-03-18 06:34:09,2026-03-18 06:35:13,OK,NO
31,2,2026-03-18 06:34:19,2026-03-18 06:35:28,OK,NO
35,1,2026-03-18 06:34:40,2026-03-18 06:35:35,OK,NO
21,5,2026-03-18 06:35:02,2026-03-18 06:36:08,OK,NO
29,3,2026-03-18 06:35:13,2026-03-18 06:36:11,OK,NO
27,4,2026-03-18 06:35:10,2026-03-18 06:36:14,OK,NO
20,6,2026-03-18 06:35:10,2026-03-18 06:36:19,OK,NO
32,2,2026-03-18 06:35:28,2026-03-18 06:36:22,OK,NO
36,1,2026-03-18 06:35:35,2026-03-18 06:36:35,OK,NO
28,4,2026-03-18 06:36:14,2026-03-18 06:37:05,OK,NO
22,5,2026-03-18 06:36:08,2026-03-18 06:37:07,OK,NO
30,3,2026-03-18 06:36:14,2026-03-18 06:37:18,OK,NO
21,6,2026-03-18 06:36:19,2026-03-18 06:37:21,OK,NO
33,2,2026-03-18 06:36:22,2026-03-18 06:37:28,OK,NO
37,1,2026-03-18 06:36:35,2026-03-18 06:37:38,OK,NO
23,5,2026-03-18 06:37:07,2026-03-18 06:38:00,OK,NO
29,4,2026-03-18 06:37:05,2026-03-18 06:38:07,OK,NO
31,3,2026-03-18 06:37:18,2026-03-18 06:38:23,OK,NO
22,6,2026-03-18 06:37:21,2026-03-18 06:38:24,OK,NO
34,2,2026-03-18 06:37:28,2026-03-18 06:38:30,OK,NO
38,1,2026-03-18 06:37:38,2026-03-18 06:38:43,OK,NO
24,5,2026-03-18 06:38:00,2026-03-18 06:39:05,OK,NO
30,4,2026-03-18 06:38:07,2026-03-18 06:39:09,OK,NO
23,6,2026-03-18 06:38:24,2026-03-18 06:39:19,OK,NO
32,3,2026-03-18 06:38:23,2026-03-18 06:39:20,OK,NO
35,2,2026-03-18 06:38:30,2026-03-18 06:39:22,OK,NO
39,1,2026-03-18 06:38:43,2026-03-18 06:39:37,OK,NO
31,4,2026-03-18 06:39:09,2026-03-18 06:40:09,OK,NO
25,5,2026-03-18 06:39:05,2026-03-18 06:40:09,OK,NO
36,2,2026-03-18 06:39:22,2026-03-18 06:40:14,OK,NO
33,3,2026-03-18 06:39:20,2026-03-18 06:40:18,OK,NO
24,6,2026-03-18 06:39:19,2026-03-18 06:40:21,OK,NO
40,1,2026-03-18 06:39:37,2026-03-18 06:40:38,OK,NO
13,8,2026-03-18 06:39:49,2026-03-18 06:40:47,OK,NO
18,7,2026-03-18 06:39:49,2026-03-18 06:40:47,OK,NO
26,5,2026-03-18 06:40:09,2026-03-18 06:41:09,OK,NO
25,6,2026-03-18 06:40:21,2026-03-18 06:41:14,OK,NO
32,4,2026-03-18 06:40:09,2026-03-18 06:41:14,OK,NO
8,9,2026-03-18 06:39:49,2026-03-18 06:41:15,OK,NO
34,3,2026-03-18 06:40:18,2026-03-18 06:41:25,OK,NO
37,2,2026-03-18 06:40:18,2026-03-18 06:41:28,OK,NO
41,1,2026-03-18 06:40:38,2026-03-18 06:41:40,OK,NO
14,8,2026-03-18 06:41:15,2026-03-18 06:42:07,OK,NO
27,5,2026-03-18 06:41:09,2026-03-18 06:42:08,OK,NO
9,9,2026-03-18 06:41:15,2026-03-18 06:42:11,OK,NO
33,4,2026-03-18 06:41:14,2026-03-18 06:42:14,OK,NO
26,6,2026-03-18 06:41:14,2026-03-18 06:42:17,OK,NO
19,7,2026-03-18 06:41:15,2026-03-18 06:42:19,OK,NO
35,3,2026-03-18 06:41:25,2026-03-18 06:42:24,OK,NO
8,10,2026-03-18 06:41:15,2026-03-18 06:42:26,OK,NO
38,2,2026-03-18 06:41:28,2026-03-18 06:42:35,OK,NO
42,1,2026-03-18 06:41:40,2026-03-18 06:42:38,OK,NO
28,5,2026-03-18 06:42:08,2026-03-18 06:43:04,OK,NO
8,11,2026-03-18 06:42:26,2026-03-18 06:43:13,OK,NO
15,8,2026-03-18 06:42:11,2026-03-18 06:43:13,OK,NO
34,4,2026-03-18 06:42:14,2026-03-18 06:43:15,OK,NO
10,9,2026-03-18 06:42:11,2026-03-18 06:43:16,OK,NO
27,6,2026-03-18 06:42:17,2026-03-18 06:43:18,OK,NO
36,3,2026-03-18 06:42:24,2026-03-18 06:43:18,OK,NO
9,10,2026-03-18 06:42:26,2026-03-18 06:43:29,OK,NO
39,2,2026-03-18 06:42:35,2026-03-18 06:43:31,OK,NO
20,7,2026-03-18 06:42:19,2026-03-18 06:43:33,OK,NO
43,1,2026-03-18 06:42:38,2026-03-18 06:43:37,OK,NO
29,5,2026-03-18 06:43:04,2026-03-18 06:44:00,OK,NO
35,4,2026-03-18 06:43:15,2026-03-18 06:44:10,OK,NO
28,6,2026-03-18 06:43:18,2026-03-18 06:44:16,OK,NO
8,12,2026-03-18 06:43:13,2026-03-18 06:44:17,OK,NO
16,8,2026-03-18 06:43:16,2026-03-18 06:44:17,OK,NO
37,3,2026-03-18 06:43:18,2026-03-18 06:44:18,OK,NO
40,2,2026-03-18 06:43:31,2026-03-18 06:44:23,OK,NO
11,9,2026-03-18 06:43:16,2026-03-18 06:44:23,OK,NO
9,11,2026-03-18 06:43:29,2026-03-18 06:44:25,OK,NO
44,1,2026-03-18 06:43:37,2026-03-18 06:44:33,OK,NO
10,10,2026-03-18 06:43:29,2026-03-18 06:44:35,OK,NO
21,7,2026-03-18 06:43:33,2026-03-18 06:44:41,OK,NO
36,4,2026-03-18 06:44:10,2026-03-18 06:45:04,OK,NO
30,5,2026-03-18 06:44:00,2026-03-18 06:45:06,OK,NO
29,6,2026-03-18 06:44:16,2026-03-18 06:45:17,OK,NO
38,3,2026-03-18 06:44:18,2026-03-18 06:45:18,OK,NO
10,11,2026-03-18 06:44:35,2026-03-18 06:45:27,OK,NO
41,2,2026-03-18 06:44:23,2026-03-18 06:45:28,OK,NO
45,1,2026-03-18 06:44:33,2026-03-18 06:45:28,OK,NO
17,8,2026-03-18 06:44:23,2026-03-18 06:45:28,OK,NO
9,12,2026-03-18 06:44:25,2026-03-18 06:45:30,OK,NO
12,9,2026-03-18 06:44:23,2026-03-18 06:45:33,OK,NO
11,10,2026-03-18 06:44:35,2026-03-18 06:45:34,OK,NO
22,7,2026-03-18 06:44:41,2026-03-18 06:45:56,OK,NO
31,5,2026-03-18 06:45:06,2026-03-18 06:46:05,OK,NO
30,6,2026-03-18 06:45:17,2026-03-18 06:46:13,OK,NO
46,1,2026-03-18 06:45:28,2026-03-18 06:46:23,OK,NO
39,3,2026-03-18 06:45:18,2026-03-18 06:46:23,OK,NO
18,8,2026-03-18 06:45:33,2026-03-18 06:46:25,OK,NO
11,11,2026-03-18 06:45:34,2026-03-18 06:46:27,OK,NO
42,2,2026-03-18 06:45:28,2026-03-18 06:46:28,OK,NO
37,4,2026-03-18 06:45:04,2026-03-18 06:46:31,OK,NO
13,9,2026-03-18 06:45:33,2026-03-18 06:46:31,OK,NO
10,12,2026-03-18 06:45:30,2026-03-18 06:46:34,OK,NO
12,10,2026-03-18 06:45:34,2026-03-18 06:46:48,OK,NO
32,5,2026-03-18 06:46:05,2026-03-18 06:47:03,OK,NO
23,7,2026-03-18 06:45:56,2026-03-18 06:47:08,OK,NO
31,6,2026-03-18 06:46:13,2026-03-18 06:47:10,OK,NO
47,1,2026-03-18 06:46:23,2026-03-18 06:47:17,OK,NO
40,3,2026-03-18 06:46:31,2026-03-18 06:47:21,OK,NO
11,12,2026-03-18 06:46:34,2026-03-18 06:47:30,OK,NO
19,8,2026-03-18 06:46:31,2026-03-18 06:47:30,OK,NO
43,2,2026-03-18 06:46:31,2026-03-18 06:47:39,OK,NO
38,4,2026-03-18 06:46:31,2026-03-18 06:47:41,OK,NO
12,11,2026-03-18 06:46:48,2026-03-18 06:47:42,OK,NO
14,9,2026-03-18 06:46:31,2026-03-18 06:47:57,OK,NO
13,10,2026-03-18 06:46:48,2026-03-18 06:47:59,OK,NO
32,6,2026-03-18 06:47:10,2026-03-18 06:48:02,OK,NO
33,5,2026-03-18 06:47:03,2026-03-18 06:48:11,OK,NO
24,7,2026-03-18 06:47:08,2026-03-18 06:48:14,OK,NO
48,1,2026-03-18 06:47:17,2026-03-18 06:48:26,OK,NO
44,2,2026-03-18 06:47:41,2026-03-18 06:48:42,OK,NO
41,3,2026-03-18 06:47:41,2026-03-18 06:48:47,OK,NO
20,8,2026-03-18 06:47:57,2026-03-18 06:48:50,OK,NO
12,12,2026-03-18 06:47:42,2026-03-18 06:48:50,OK,NO
39,4,2026-03-18 06:47:41,2026-03-18 06:48:55,OK,NO
13,11,2026-03-18 06:47:59,2026-03-18 06:48:56,OK,NO
33,6,2026-03-18 06:48:11,2026-03-18 06:49:02,OK,NO
15,9,2026-03-18 06:47:57,2026-03-18 06:49:02,OK,NO
14,10,2026-03-18 06:47:59,2026-03-18 06:49:04,OK,NO
34,5,2026-03-18 06:48:11,2026-03-18 06:49:14,OK,NO
49,1,2026-03-18 06:48:26,2026-03-18 06:49:22,OK,NO
25,7,2026-03-18 06:48:14,2026-03-18 06:49:27,OK,NO
13,12,2026-03-18 06:48:56,2026-03-18 06:49:44,OK,NO
45,2,2026-03-18 06:48:55,2026-03-18 06:49:49,OK,NO
42,3,2026-03-18 06:48:55,2026-03-18 06:49:53,OK,NO
40,4,2026-03-18 06:48:55,2026-03-18 06:49:59,OK,NO
16,9,2026-03-18 06:49:02,2026-03-18 06:50:01,OK,NO
21,8,2026-03-18 06:49:02,2026-03-18 06:50:01,OK,NO
15,10,2026-03-18 06:49:04,2026-03-18 06:50:01,OK,NO
14,11,2026-03-18 06:49:04,2026-03-18 06:50:04,OK,NO
35,5,2026-03-18 06:49:14,2026-03-18 06:50:08,OK,NO
50,1,2026-03-18 06:49:22,2026-03-18 06:50:14,OK,NO
34,6,2026-03-18 06:49:14,2026-03-18 06:50:18,OK,NO
26,7,2026-03-18 06:49:27,2026-03-18 06:50:25,OK,NO
15,11,2026-03-18 06:50:04,2026-03-18 06:50:55,OK,NO
16,10,2026-03-18 06:50:01,2026-03-18 06:50:59,OK,NO
22,8,2026-03-18 06:50:01,2026-03-18 06:51:03,OK,NO
46,2,2026-03-18 06:49:59,2026-03-18 06:51:04,OK,NO
36,5,2026-03-18 06:50:08,2026-03-18 06:51:05,OK,NO
14,12,2026-03-18 06:50:04,2026-03-18 06:51:07,OK,NO
43,3,2026-03-18 06:49:59,2026-03-18 06:51:13,OK,NO
41,4,2026-03-18 06:49:59,2026-03-18 06:51:14,OK,NO
51,1,2026-03-18 06:50:14,2026-03-18 06:51:16,OK,NO
17,9,2026-03-18 06:50:01,2026-03-18 06:51:20,OK,NO
35,6,2026-03-18 06:50:18,2026-03-18 06:51:24,OK,NO
27,7,2026-03-18 06:50:25,2026-03-18 06:51:25,OK,NO
16,11,2026-03-18 06:50:59,2026-03-18 06:52:01,OK,NO
15,12,2026-03-18 06:51:07,2026-03-18 06:52:03,OK,NO
37,5,2026-03-18 06:51:05,2026-03-18 06:52:04,OK,NO
52,1,2026-03-18 06:51:16,2026-03-18 06:52:09,OK,NO
23,8,2026-03-18 06:51:20,2026-03-18 06:52:09,OK,NO
42,4,2026-03-18 06:51:14,2026-03-18 06:52:14,OK,NO
36,6,2026-03-18 06:51:24,2026-03-18 06:52:16,OK,NO
18,9,2026-03-18 06:51:20,2026-03-18 06:52:18,OK,NO
44,3,2026-03-18 06:51:14,2026-03-18 06:52:19,OK,NO
47,2,2026-03-18 06:51:14,2026-03-18 06:52:23,OK,NO
17,10,2026-03-18 06:51:20,2026-03-18 06:52:29,OK,NO
28,7,2026-03-18 06:51:25,2026-03-18 06:52:30,OK,NO
16,12,2026-03-18 06:52:03,2026-03-18 06:52:57,OK,NO
38,5,2026-03-18 06:52:04,2026-03-18 06:53:03,OK,NO
53,1,2026-03-18 06:52:09,2026-03-18 06:53:03,OK,NO
37,6,2026-03-18 06:52:16,2026-03-18 06:53:05,OK,NO
19,9,2026-03-18 06:52:18,2026-03-18 06:53:17,OK,NO
24,8,2026-03-18 06:52:18,2026-03-18 06:53:21,OK,NO
29,7,2026-03-18 06:52:30,2026-03-18 06:53:28,OK,NO
18,10,2026-03-18 06:52:29,2026-03-18 06:53:29,OK,NO
17,11,2026-03-18 06:52:29,2026-03-18 06:53:31,OK,NO
38,6,2026-03-18 06:53:05,2026-03-18 06:53:55,OK,NO
39,5,2026-03-18 06:53:03,2026-03-18 06:54:02,OK,NO
54,1,2026-03-18 06:53:03,2026-03-18 06:54:06,OK,NO
25,8,2026-03-18 06:53:21,2026-03-18 06:54:21,OK,NO
30,7,2026-03-18 06:53:28,2026-03-18 06:54:24,OK,NO
19,10,2026-03-18 06:53:29,2026-03-18 06:54:25,OK,NO
20,9,2026-03-18 06:53:17,2026-03-18 06:54:27,OK,NO
17,12,2026-03-18 06:53:31,2026-03-18 06:54:31,OK,NO
18,11,2026-03-18 06:53:31,2026-03-18 06:54:35,OK,NO
40,5,2026-03-18 06:54:02,2026-03-18 06:55:01,OK,NO
39,6,2026-03-18 06:54:02,2026-03-18 06:55:03,OK,NO
55,1,2026-03-18 06:54:06,2026-03-18 06:55:04,OK,NO
20,10,2026-03-18 06:54:27,2026-03-18 06:55:12,OK,NO
21,9,2026-03-18 06:54:27,2026-03-18 06:55:20,OK,NO
31,7,2026-03-18 06:54:27,2026-03-18 06:55:21,OK,NO
19,11,2026-03-18 06:54:35,2026-03-18 06:55:28,OK,NO
26,8,2026-03-18 06:54:27,2026-03-18 06:55:31,OK,NO
18,12,2026-03-18 06:54:35,2026-03-18 06:55:32,OK,NO
41,5,2026-03-18 06:55:01,2026-03-18 06:55:57,OK,NO
40,6,2026-03-18 06:55:03,2026-03-18 06:56:02,OK,NO
56,1,2026-03-18 06:55:04,2026-03-18 06:56:02,OK,NO
21,10,2026-03-18 06:55:20,2026-03-18 06:56:25,OK,NO
19,12,2026-03-18 06:55:32,2026-03-18 06:56:26,OK,NO
20,11,2026-03-18 06:55:28,2026-03-18 06:56:30,OK,NO
32,7,2026-03-18 06:55:31,2026-03-18 06:56:31,OK,NO
27,8,2026-03-18 06:55:31,2026-03-18 06:56:35,OK,NO
22,9,2026-03-18 06:55:20,2026-03-18 06:56:39,OK,NO
57,1,2026-03-18 06:56:02,2026-03-18 06:56:53,OK,NO
41,6,2026-03-18 06:56:02,2026-03-18 06:57:02,OK,NO
42,5,2026-03-18 06:55:57,2026-03-18 06:57:04,OK,NO
48,2,2026-03-18 06:56:08,2026-03-18 06:57:06,OK,NO
45,3,2026-03-18 06:56:08,2026-03-18 06:57:14,OK,NO
43,4,2026-03-18 06:56:08,2026-03-18 06:57:19,OK,NO
21,11,2026-03-18 06:56:30,2026-03-18 06:57:32,OK,NO
28,8,2026-03-18 06:56:39,2026-03-18 06:57:33,OK,NO
20,12,2026-03-18 06:56:30,2026-03-18 06:57:34,OK,NO
33,7,2026-03-18 06:56:39,2026-03-18 06:57:37,OK,NO
23,9,2026-03-18 06:56:39,2026-03-18 06:57:38,OK,NO
22,10,2026-03-18 06:56:39,2026-03-18 06:57:46,OK,NO
58,1,2026-03-18 06:57:00,2026-03-18 06:57:53,OK,NO
42,6,2026-03-18 06:57:04,2026-03-18 06:58:02,OK,NO
43,5,2026-03-18 06:57:19,2026-03-18 06:58:07,OK,NO
49,2,2026-03-18 06:57:19,2026-03-18 06:58:19,OK,NO
46,3,2026-03-18 06:57:19,2026-03-18 06:58:20,OK,NO
21,12,2026-03-18 06:57:34,2026-03-18 06:58:28,OK,NO
29,8,2026-03-18 06:57:38,2026-03-18 06:58:32,OK,NO
34,7,2026-03-18 06:57:38,2026-03-18 06:58:40,OK,NO
24,9,2026-03-18 06:57:38,2026-03-18 06:58:40,OK,NO
22,11,2026-03-18 06:57:46,2026-03-18 06:58:41,OK,NO
23,10,2026-03-18 06:57:46,2026-03-18 06:58:41,OK,NO
44,4,2026-03-18 06:57:19,2026-03-18 06:58:47,OK,NO
59,1,2026-03-18 06:58:00,2026-03-18 06:59:03,OK,NO
43,6,2026-03-18 06:58:07,2026-03-18 06:59:04,OK,NO
23,11,2026-03-18 06:58:41,2026-03-18 06:59:34,OK,NO
35,7,2026-03-18 06:58:40,2026-03-18 06:59:36,OK,NO
22,12,2026-03-18 06:58:41,2026-03-18 06:59:37,OK,NO
24,10,2026-03-18 06:58:41,2026-03-18 06:59:39,OK,NO
25,9,2026-03-18 06:58:40,2026-03-18 06:59:42,OK,NO
50,2,2026-03-18 06:58:47,2026-03-18 06:59:47,OK,NO
30,8,2026-03-18 06:58:40,2026-03-18 06:59:50,OK,NO
44,5,2026-03-18 06:58:47,2026-03-18 06:59:51,OK,NO
45,4,2026-03-18 06:58:47,2026-03-18 06:59:53,OK,NO
47,3,2026-03-18 06:58:47,2026-03-18 06:59:58,OK,NO
60,1,2026-03-18 06:59:03,2026-03-18 07:00:03,OK,NO
24,11,2026-03-18 06:59:39,2026-03-18 07:00:34,OK,NO
23,12,2026-03-18 06:59:37,2026-03-18 07:00:41,OK,NO
26,9,2026-03-18 06:59:42,2026-03-18 07:00:42,OK,NO
25,10,2026-03-18 06:59:42,2026-03-18 07:00:44,OK,NO
31,8,2026-03-18 06:59:50,2026-03-18 07:00:48,OK,NO
44,6,2026-03-18 06:59:51,2026-03-18 07:00:50,OK,NO
45,5,2026-03-18 06:59:53,2026-03-18 07:00:55,OK,NO
36,7,2026-03-18 06:59:50,2026-03-18 07:00:57,OK,NO
48,3,2026-03-18 06:59:58,2026-03-18 07:01:04,OK,NO
51,2,2026-03-18 06:59:58,2026-03-18 07:01:05,OK,NO
61,1,2026-03-18 07:00:03,2026-03-18 07:01:07,OK,NO
46,4,2026-03-18 06:59:53,2026-03-18 07:01:15,OK,NO
25,11,2026-03-18 07:00:44,2026-03-18 07:01:38,OK,NO
32,8,2026-03-18 07:00:48,2026-03-18 07:01:39,OK,NO
27,9,2026-03-18 07:00:42,2026-03-18 07:01:42,OK,NO
26,10,2026-03-18 07:00:44,2026-03-18 07:01:44,OK,NO
24,12,2026-03-18 07:00:58,2026-03-18 07:01:55,OK,NO
45,6,2026-03-18 07:00:55,2026-03-18 07:01:57,OK,NO
62,1,2026-03-18 07:01:07,2026-03-18 07:02:00,OK,NO
46,5,2026-03-18 07:01:15,2026-03-18 07:02:11,OK,NO
52,2,2026-03-18 07:01:15,2026-03-18 07:02:12,OK,NO
49,3,2026-03-18 07:01:15,2026-03-18 07:02:16,OK,NO
37,7,2026-03-18 07:00:57,2026-03-18 07:02:18,OK,NO
47,4,2026-03-18 07:01:15,2026-03-18 07:02:27,OK,NO
27,10,2026-03-18 07:01:44,2026-03-18 07:02:36,OK,NO
28,9,2026-03-18 07:01:42,2026-03-18 07:02:38,OK,NO
33,8,2026-03-18 07:01:42,2026-03-18 07:02:40,OK,NO
26,11,2026-03-18 07:01:44,2026-03-18 07:02:46,OK,NO
63,1,2026-03-18 07:02:00,2026-03-18 07:02:50,OK,NO
46,6,2026-03-18 07:02:11,2026-03-18 07:02:59,OK,NO
25,12,2026-03-18 07:01:55,2026-03-18 07:03:00,OK,NO
50,3,2026-03-18 07:02:27,2026-03-18 07:03:18,OK,NO
38,7,2026-03-18 07:02:18,2026-03-18 07:03:19,OK,NO
53,2,2026-03-18 07:02:27,2026-03-18 07:03:25,OK,NO
47,5,2026-03-18 07:02:27,2026-03-18 07:03:27,OK,NO
34,8,2026-03-18 07:02:40,2026-03-18 07:03:33,OK,NO
28,10,2026-03-18 07:02:38,2026-03-18 07:03:41,OK,NO
27,11,2026-03-18 07:02:46,2026-03-18 07:03:43,OK,NO
29,9,2026-03-18 07:02:38,2026-03-18 07:03:45,OK,NO
48,4,2026-03-18 07:02:27,2026-03-18 07:03:55,OK,NO
64,1,2026-03-18 07:03:00,2026-03-18 07:03:57,OK,NO
26,12,2026-03-18 07:03:00,2026-03-18 07:03:58,OK,NO
39,7,2026-03-18 07:03:19,2026-03-18 07:04:22,OK,NO
47,6,2026-03-18 07:03:27,2026-03-18 07:04:27,OK,NO
35,8,2026-03-18 07:03:45,2026-03-18 07:04:39,OK,NO
30,9,2026-03-18 07:03:45,2026-03-18 07:04:44,OK,NO
48,5,2026-03-18 07:03:55,2026-03-18 07:04:50,OK,NO
29,10,2026-03-18 07:03:45,2026-03-18 07:04:52,OK,NO
54,2,2026-03-18 07:03:55,2026-03-18 07:04:53,OK,NO
28,11,2026-03-18 07:03:43,2026-03-18 07:04:54,OK,NO
51,3,2026-03-18 07:03:55,2026-03-18 07:04:54,OK,NO
27,12,2026-03-18 07:03:58,2026-03-18 07:04:56,OK,NO
65,1,2026-03-18 07:04:00,2026-03-18 07:05:05,OK,NO
49,4,2026-03-18 07:03:55,2026-03-18 07:05:18,OK,NO
40,7,2026-03-18 07:04:22,2026-03-18 07:05:32,OK,NO
36,8,2026-03-18 07:04:44,2026-03-18 07:05:46,OK,NO
31,9,2026-03-18 07:04:44,2026-03-18 07:05:49,OK,NO
48,6,2026-03-18 07:04:50,2026-03-18 07:05:52,OK,NO
29,11,2026-03-18 07:04:54,2026-03-18 07:05:53,OK,NO
30,10,2026-03-18 07:04:52,2026-03-18 07:05:57,OK,NO
28,12,2026-03-18 07:04:56,2026-03-18 07:05:57,OK,NO
66,1,2026-03-18 07:05:05,2026-03-18 07:06:05,OK,NO
52,3,2026-03-18 07:05:18,2026-03-18 07:06:08,OK,NO
50,4,2026-03-18 07:05:18,2026-03-18 07:06:16,OK,NO
49,5,2026-03-18 07:05:18,2026-03-18 07:06:17,OK,NO
55,2,2026-03-18 07:05:18,2026-03-18 07:06:21,OK,NO
41,7,2026-03-18 07:05:32,2026-03-18 07:06:36,OK,NO
32,9,2026-03-18 07:05:49,2026-03-18 07:06:42,OK,NO
37,8,2026-03-18 07:05:49,2026-03-18 07:06:49,OK,NO
30,11,2026-03-18 07:05:57,2026-03-18 07:06:59,OK,NO
31,10,2026-03-18 07:05:57,2026-03-18 07:07:01,OK,NO
29,12,2026-03-18 07:05:57,2026-03-18 07:07:02,OK,NO
67,1,2026-03-18 07:06:05,2026-03-18 07:07:09,OK,NO
50,5,2026-03-18 07:06:17,2026-03-18 07:07:09,OK,NO
53,3,2026-03-18 07:06:16,2026-03-18 07:07:10,OK,NO
51,4,2026-03-18 07:06:16,2026-03-18 07:07:15,OK,NO
49,6,2026-03-18 07:06:17,2026-03-18 07:07:16,OK,NO
56,2,2026-03-18 07:06:21,2026-03-18 07:07:26,OK,NO
42,7,2026-03-18 07:06:36,2026-03-18 07:07:30,OK,NO
33,9,2026-03-18 07:06:42,2026-03-18 07:07:41,OK,NO
38,8,2026-03-18 07:06:49,2026-03-18 07:07:51,OK,NO
30,12,2026-03-18 07:07:02,2026-03-18 07:07:53,OK,NO
31,11,2026-03-18 07:07:01,2026-03-18 07:07:56,OK,NO
68,1,2026-03-18 07:07:09,2026-03-18 07:08:07,OK,NO
52,4,2026-03-18 07:07:15,2026-03-18 07:08:12,OK,NO
50,6,2026-03-18 07:07:16,2026-03-18 07:08:12,OK,NO
32,10,2026-03-18 07:07:01,2026-03-18 07:08:15,OK,NO
51,5,2026-03-18 07:07:15,2026-03-18 07:08:20,OK,NO
54,3,2026-03-18 07:07:15,2026-03-18 07:08:23,OK,NO
57,2,2026-03-18 07:07:26,2026-03-18 07:08:28,OK,NO
34,9,2026-03-18 07:07:41,2026-03-18 07:08:41,OK,NO
39,8,2026-03-18 07:07:51,2026-03-18 07:08:42,OK,NO
31,12,2026-03-18 07:07:56,2026-03-18 07:08:51,OK,NO
69,1,2026-03-18 07:08:07,2026-03-18 07:09:05,OK,NO
51,6,2026-03-18 07:08:20,2026-03-18 07:09:09,OK,NO
53,4,2026-03-18 07:08:12,2026-03-18 07:09:11,OK,NO
32,11,2026-03-18 07:08:15,2026-03-18 07:09:12,OK,NO
52,5,2026-03-18 07:08:20,2026-03-18 07:09:15,OK,NO
33,10,2026-03-18 07:08:15,2026-03-18 07:09:18,OK,NO
55,3,2026-03-18 07:08:23,2026-03-18 07:09:25,OK,NO
58,2,2026-03-18 07:08:28,2026-03-18 07:09:25,OK,NO
40,8,2026-03-18 07:08:42,2026-03-18 07:09:37,OK,NO
35,9,2026-03-18 07:08:41,2026-03-18 07:09:45,OK,NO
54,4,2026-03-18 07:09:11,2026-03-18 07:10:09,OK,NO
70,1,2026-03-18 07:09:05,2026-03-18 07:10:10,OK,NO
52,6,2026-03-18 07:09:15,2026-03-18 07:10:11,OK,NO
32,12,2026-03-18 07:09:12,2026-03-18 07:10:12,OK,NO
53,5,2026-03-18 07:09:15,2026-03-18 07:10:16,OK,NO
33,11,2026-03-18 07:09:18,2026-03-18 07:10:19,OK,NO
59,2,2026-03-18 07:09:25,2026-03-18 07:10:19,OK,NO
34,10,2026-03-18 07:09:18,2026-03-18 07:10:27,OK,NO
56,3,2026-03-18 07:09:25,2026-03-18 07:10:28,OK,NO
36,9,2026-03-18 07:09:45,2026-03-18 07:10:47,OK,NO
41,8,2026-03-18 07:09:45,2026-03-18 07:10:47,OK,NO
71,1,2026-03-18 07:10:10,2026-03-18 07:11:09,OK,NO
54,5,2026-03-18 07:10:16,2026-03-18 07:11:11,OK,NO
53,6,2026-03-18 07:10:16,2026-03-18 07:11:19,OK,NO
33,12,2026-03-18 07:10:19,2026-03-18 07:11:20,OK,NO
57,3,2026-03-18 07:10:28,2026-03-18 07:11:28,OK,NO
34,11,2026-03-18 07:10:27,2026-03-18 07:11:31,OK,NO
35,10,2026-03-18 07:10:27,2026-03-18 07:11:33,OK,NO
60,2,2026-03-18 07:10:28,2026-03-18 07:11:34,OK,NO
55,4,2026-03-18 07:10:09,2026-03-18 07:11:39,OK,NO
42,8,2026-03-18 07:10:47,2026-03-18 07:11:47,OK,NO
37,9,2026-03-18 07:10:47,2026-03-18 07:12:07,OK,NO
72,1,2026-03-18 07:11:09,2026-03-18 07:12:19,OK,NO
54,6,2026-03-18 07:11:19,2026-03-18 07:12:20,OK,NO
35,11,2026-03-18 07:11:33,2026-03-18 07:12:24,OK,NO
36,10,2026-03-18 07:11:33,2026-03-18 07:12:24,OK,NO
55,5,2026-03-18 07:11:39,2026-03-18 07:12:34,OK,NO
34,12,2026-03-18 07:11:31,2026-03-18 07:12:35,OK,NO
58,3,2026-03-18 07:11:39,2026-03-18 07:12:39,OK,NO
61,2,2026-03-18 07:11:39,2026-03-18 07:12:49,OK,NO
56,4,2026-03-18 07:11:39,2026-03-18 07:13:09,OK,NO
38,9,2026-03-18 07:12:07,2026-03-18 07:13:12,OK,NO
37,10,2026-03-18 07:12:24,2026-03-18 07:13:17,OK,NO
73,1,2026-03-18 07:12:19,2026-03-18 07:13:21,OK,NO
36,11,2026-03-18 07:12:24,2026-03-18 07:13:27,OK,NO
35,12,2026-03-18 07:12:35,2026-03-18 07:13:36,OK,NO
55,6,2026-03-18 07:12:34,2026-03-18 07:13:36,OK,NO
59,3,2026-03-18 07:13:09,2026-03-18 07:14:00,OK,NO
57,4,2026-03-18 07:13:09,2026-03-18 07:14:01,OK,NO
62,2,2026-03-18 07:13:09,2026-03-18 07:14:04,OK,NO
56,5,2026-03-18 07:13:09,2026-03-18 07:14:04,OK,NO
39,9,2026-03-18 07:13:12,2026-03-18 07:14:07,OK,NO
38,10,2026-03-18 07:13:17,2026-03-18 07:14:08,OK,NO
74,1,2026-03-18 07:13:21,2026-03-18 07:14:19,OK,NO
36,12,2026-03-18 07:13:36,2026-03-18 07:14:27,OK,NO
37,11,2026-03-18 07:13:27,2026-03-18 07:14:28,OK,NO
60,3,2026-03-18 07:14:01,2026-03-18 07:15:04,OK,NO
56,6,2026-03-18 07:14:04,2026-03-18 07:15:05,OK,NO
39,10,2026-03-18 07:14:08,2026-03-18 07:15:05,OK,NO
40,9,2026-03-18 07:14:07,2026-03-18 07:15:09,OK,NO
63,2,2026-03-18 07:14:04,2026-03-18 07:15:11,OK,NO
57,5,2026-03-18 07:14:04,2026-03-18 07:15:13,OK,NO
58,4,2026-03-18 07:14:01,2026-03-18 07:15:14,OK,NO
37,12,2026-03-18 07:14:28,2026-03-18 07:15:29,OK,NO
75,1,2026-03-18 07:14:19,2026-03-18 07:15:30,OK,NO
38,11,2026-03-18 07:14:28,2026-03-18 07:15:37,OK,NO
43,7,2026-03-18 07:14:49,2026-03-18 07:15:48,OK,NO
41,9,2026-03-18 07:15:09,2026-03-18 07:16:05,OK,NO
40,10,2026-03-18 07:15:09,2026-03-18 07:16:08,OK,NO
58,5,2026-03-18 07:15:14,2026-03-18 07:16:12,OK,NO
61,3,2026-03-18 07:15:14,2026-03-18 07:16:15,OK,NO
64,2,2026-03-18 07:15:14,2026-03-18 07:16:17,OK,NO
57,6,2026-03-18 07:15:13,2026-03-18 07:16:17,OK,NO
59,4,2026-03-18 07:15:14,2026-03-18 07:16:18,OK,NO
76,1,2026-03-18 07:15:30,2026-03-18 07:16:28,OK,NO
38,12,2026-03-18 07:15:37,2026-03-18 07:16:45,OK,NO
43,8,2026-03-18 07:15:48,2026-03-18 07:16:49,OK,NO
39,11,2026-03-18 07:16:01,2026-03-18 07:17:02,OK,NO
41,10,2026-03-18 07:16:08,2026-03-18 07:17:07,OK,NO
42,9,2026-03-18 07:16:05,2026-03-18 07:17:08,OK,NO
62,3,2026-03-18 07:16:18,2026-03-18 07:17:10,OK,NO
65,2,2026-03-18 07:16:18,2026-03-18 07:17:11,OK,NO
58,6,2026-03-18 07:16:17,2026-03-18 07:17:14,OK,NO
59,5,2026-03-18 07:16:18,2026-03-18 07:17:21,OK,NO
44,7,2026-03-18 07:15:48,2026-03-18 07:17:24,OK,NO
77,1,2026-03-18 07:16:28,2026-03-18 07:17:30,OK,NO
60,4,2026-03-18 07:16:18,2026-03-18 07:17:52,OK,NO
40,11,2026-03-18 07:17:02,2026-03-18 07:18:04,OK,NO
42,10,2026-03-18 07:17:08,2026-03-18 07:18:05,OK,NO
39,12,2026-03-18 07:17:02,2026-03-18 07:18:10,OK,NO
43,9,2026-03-18 07:17:08,2026-03-18 07:18:10,OK,NO
44,8,2026-03-18 07:17:24,2026-03-18 07:18:16,OK,NO
59,6,2026-03-18 07:17:21,2026-03-18 07:18:20,OK,NO
45,7,2026-03-18 07:17:24,2026-03-18 07:18:35,OK,NO
66,2,2026-03-18 07:17:52,2026-03-18 07:18:47,OK,NO
60,5,2026-03-18 07:17:52,2026-03-18 07:18:50,OK,NO
63,3,2026-03-18 07:17:52,2026-03-18 07:18:52,OK,NO
61,4,2026-03-18 07:17:52,2026-03-18 07:18:53,OK,NO
78,1,2026-03-18 07:17:52,2026-03-18 07:18:55,OK,NO
41,11,2026-03-18 07:18:04,2026-03-18 07:19:03,OK,NO
40,12,2026-03-18 07:18:10,2026-03-18 07:19:09,OK,NO
43,10,2026-03-18 07:18:10,2026-03-18 07:19:11,OK,NO
45,8,2026-03-18 07:18:35,2026-03-18 07:19:38,OK,NO
44,9,2026-03-18 07:18:16,2026-03-18 07:19:41,OK,NO
61,5,2026-03-18 07:18:53,2026-03-18 07:19:47,OK,NO
79,1,2026-03-18 07:18:55,2026-03-18 07:19:48,OK,NO
64,3,2026-03-18 07:18:53,2026-03-18 07:19:54,OK,NO
42,11,2026-03-18 07:19:03,2026-03-18 07:19:56,OK,NO
60,6,2026-03-18 07:18:50,2026-03-18 07:19:56,OK,NO
62,4,2026-03-18 07:18:53,2026-03-18 07:19:56,OK,NO
67,2,2026-03-18 07:18:53,2026-03-18 07:20:03,OK,NO
41,12,2026-03-18 07:19:09,2026-03-18 07:20:04,OK,NO
46,7,2026-03-18 07:18:59,2026-03-18 07:20:06,OK,NO
45,9,2026-03-18 07:19:41,2026-03-18 07:20:35,OK,NO
44,10,2026-03-18 07:19:41,2026-03-18 07:20:42,OK,NO
62,5,2026-03-18 07:19:56,2026-03-18 07:20:47,OK,NO
43,11,2026-03-18 07:19:56,2026-03-18 07:20:54,OK,NO
65,3,2026-03-18 07:19:56,2026-03-18 07:20:56,OK,NO
42,12,2026-03-18 07:20:04,2026-03-18 07:20:59,OK,NO
61,6,2026-03-18 07:19:56,2026-03-18 07:21:03,OK,NO
68,2,2026-03-18 07:20:03,2026-03-18 07:21:05,OK,NO
80,1,2026-03-18 07:20:03,2026-03-18 07:21:05,OK,NO
63,4,2026-03-18 07:19:56,2026-03-18 07:21:09,OK,NO
46,8,2026-03-18 07:20:06,2026-03-18 07:21:09,OK,NO
47,7,2026-03-18 07:20:06,2026-03-18 07:21:15,OK,NO
45,10,2026-03-18 07:20:42,2026-03-18 07:21:47,OK,NO
43,12,2026-03-18 07:20:59,2026-03-18 07:22:03,OK,NO
63,5,2026-03-18 07:21:09,2026-03-18 07:22:03,OK,NO
44,11,2026-03-18 07:20:54,2026-03-18 07:22:04,OK,NO
62,6,2026-03-18 07:21:03,2026-03-18 07:22:08,OK,NO
66,3,2026-03-18 07:21:09,2026-03-18 07:22:08,OK,NO
69,2,2026-03-18 07:21:09,2026-03-18 07:22:08,OK,NO
46,9,2026-03-18 07:21:09,2026-03-18 07:22:10,OK,NO
81,1,2026-03-18 07:21:09,2026-03-18 07:22:11,OK,NO
47,8,2026-03-18 07:21:15,2026-03-18 07:22:25,OK,NO
64,4,2026-03-18 07:21:09,2026-03-18 07:22:27,OK,NO
48,7,2026-03-18 07:21:15,2026-03-18 07:22:29,OK,NO
46,10,2026-03-18 07:22:10,2026-03-18 07:23:03,OK,NO
45,11,2026-03-18 07:22:04,2026-03-18 07:23:10,OK,NO
44,12,2026-03-18 07:22:04,2026-03-18 07:23:10,OK,NO
64,5,2026-03-18 07:22:27,2026-03-18 07:23:21,OK,NO
70,2,2026-03-18 07:22:27,2026-03-18 07:23:22,OK,NO
65,4,2026-03-18 07:22:27,2026-03-18 07:23:23,OK,NO
63,6,2026-03-18 07:22:08,2026-03-18 07:23:24,OK,NO
82,1,2026-03-18 07:22:27,2026-03-18 07:23:27,OK,NO
49,7,2026-03-18 07:22:29,2026-03-18 07:23:28,OK,NO
47,9,2026-03-18 07:22:25,2026-03-18 07:23:28,OK,NO
67,3,2026-03-18 07:22:27,2026-03-18 07:23:31,OK,NO
48,8,2026-03-18 07:22:29,2026-03-18 07:23:37,OK,NO
45,12,2026-03-18 07:23:10,2026-03-18 07:24:09,OK,NO
46,11,2026-03-18 07:23:10,2026-03-18 07:24:12,OK,NO
49,8,2026-03-18 07:23:37,2026-03-18 07:24:28,OK,NO
50,7,2026-03-18 07:23:28,2026-03-18 07:24:31,OK,NO
65,5,2026-03-18 07:23:23,2026-03-18 07:24:31,OK,NO
68,3,2026-03-18 07:23:31,2026-03-18 07:24:33,OK,NO
47,10,2026-03-18 07:23:28,2026-03-18 07:24:33,OK,NO
64,6,2026-03-18 07:23:24,2026-03-18 07:24:35,OK,NO
71,2,2026-03-18 07:23:31,2026-03-18 07:24:36,OK,NO
83,1,2026-03-18 07:23:31,2026-03-18 07:24:36,OK,NO
66,4,2026-03-18 07:23:23,2026-03-18 07:24:41,OK,NO
48,9,2026-03-18 07:23:37,2026-03-18 07:25:01,OK,NO
46,12,2026-03-18 07:24:12,2026-03-18 07:25:19,OK,NO
50,8,2026-03-18 07:24:31,2026-03-18 07:25:24,OK,NO
65,6,2026-03-18 07:24:35,2026-03-18 07:25:27,OK,NO
51,7,2026-03-18 07:24:31,2026-03-18 07:25:32,OK,NO
47,11,2026-03-18 07:24:33,2026-03-18 07:25:37,OK,NO
72,2,2026-03-18 07:24:41,2026-03-18 07:25:38,OK,NO
84,1,2026-03-18 07:24:41,2026-03-18 07:25:42,OK,NO
66,5,2026-03-18 07:24:41,2026-03-18 07:25:44,OK,NO
69,3,2026-03-18 07:24:41,2026-03-18 07:25:45,OK,NO
48,10,2026-03-18 07:25:01,2026-03-18 07:25:53,OK,NO
49,9,2026-03-18 07:25:01,2026-03-18 07:26:05,OK,NO
67,4,2026-03-18 07:24:41,2026-03-18 07:26:22,OK,NO
51,8,2026-03-18 07:25:32,2026-03-18 07:26:25,OK,NO
66,6,2026-03-18 07:25:44,2026-03-18 07:26:42,OK,NO
48,11,2026-03-18 07:25:53,2026-03-18 07:26:58,OK,NO
50,9,2026-03-18 07:26:05,2026-03-18 07:27:06,OK,NO
73,2,2026-03-18 07:26:22,2026-03-18 07:27:12,OK,NO
85,1,2026-03-18 07:26:22,2026-03-18 07:27:13,OK,NO
70,3,2026-03-18 07:26:22,2026-03-18 07:27:16,OK,NO
67,5,2026-03-18 07:26:22,2026-03-18 07:27:16,OK,NO
49,10,2026-03-18 07:26:05,2026-03-18 07:27:18,OK,NO
68,4,2026-03-18 07:26:22,2026-03-18 07:27:20,OK,NO
71,3,2026-03-18 07:27:20,2026-03-18 07:28:08,OK,NO
51,9,2026-03-18 07:27:06,2026-03-18 07:28:10,OK,NO
68,5,2026-03-18 07:27:20,2026-03-18 07:28:15,OK,NO
74,2,2026-03-18 07:27:20,2026-03-18 07:28:17,OK,NO
49,11,2026-03-18 07:27:18,2026-03-18 07:28:20,OK,NO
67,6,2026-03-18 07:27:16,2026-03-18 07:28:21,OK,NO
69,4,2026-03-18 07:27:20,2026-03-18 07:28:23,OK,NO
86,1,2026-03-18 07:27:20,2026-03-18 07:28:24,OK,NO
50,10,2026-03-18 07:27:18,2026-03-18 07:28:27,OK,NO
87,1,2026-03-18 07:28:24,2026-03-18 07:29:15,OK,NO
69,5,2026-03-18 07:28:23,2026-03-18 07:29:22,OK,NO
72,3,2026-03-18 07:28:23,2026-03-18 07:29:24,OK,NO
68,6,2026-03-18 07:28:21,2026-03-18 07:29:26,OK,NO
75,2,2026-03-18 07:28:23,2026-03-18 07:29:26,OK,NO
51,10,2026-03-18 07:28:27,2026-03-18 07:29:37,OK,NO
70,4,2026-03-18 07:28:23,2026-03-18 07:29:59,OK,NO
69,6,2026-03-18 07:29:26,2026-03-18 07:30:20,OK,NO
47,12,2026-03-18 07:29:48,2026-03-18 07:30:51,OK,NO
50,11,2026-03-18 07:29:48,2026-03-18 07:30:55,OK,NO
70,5,2026-03-18 07:29:59,2026-03-18 07:30:55,OK,NO
73,3,2026-03-18 07:29:59,2026-03-18 07:30:56,OK,NO
88,1,2026-03-18 07:29:59,2026-03-18 07:31:05,OK,NO
76,2,2026-03-18 07:29:59,2026-03-18 07:31:07,OK,NO
71,4,2026-03-18 07:29:59,2026-03-18 07:31:15,OK,NO
48,12,2026-03-18 07:30:51,2026-03-18 07:31:41,OK,NO
70,6,2026-03-18 07:30:55,2026-03-18 07:32:00,OK,NO
51,11,2026-03-18 07:30:55,2026-03-18 07:32:01,OK,NO
74,3,2026-03-18 07:31:15,2026-03-18 07:32:10,OK,NO
89,1,2026-03-18 07:31:15,2026-03-18 07:32:13,OK,NO
72,4,2026-03-18 07:31:15,2026-03-18 07:32:16,OK,NO
77,2,2026-03-18 07:31:15,2026-03-18 07:32:22,OK,NO
71,5,2026-03-18 07:31:15,2026-03-18 07:32:29,OK,NO
49,12,2026-03-18 07:31:41,2026-03-18 07:32:40,OK,NO
75,3,2026-03-18 07:32:16,2026-03-18 07:33:14,OK,NO
73,4,2026-03-18 07:32:16,2026-03-18 07:33:15,OK,NO
78,2,2026-03-18 07:32:22,2026-03-18 07:33:15,OK,NO
90,1,2026-03-18 07:32:22,2026-03-18 07:33:21,OK,NO
72,5,2026-03-18 07:32:29,2026-03-18 07:33:32,OK,NO
71,6,2026-03-18 07:32:29,2026-03-18 07:33:36,OK,NO
50,12,2026-03-18 07:32:40,2026-03-18 07:33:44,OK,NO
74,4,2026-03-18 07:33:15,2026-03-18 07:34:06,OK,NO
79,2,2026-03-18 07:33:15,2026-03-18 07:34:21,OK,NO
76,3,2026-03-18 07:33:15,2026-03-18 07:34:24,OK,NO
73,5,2026-03-18 07:33:32,2026-03-18 07:34:25,OK,NO
72,6,2026-03-18 07:33:36,2026-03-18 07:34:31,OK,NO
91,1,2026-03-18 07:33:21,2026-03-18 07:34:37,OK,NO
51,12,2026-03-18 07:33:44,2026-03-18 07:34:38,OK,NO
52,7,2026-03-18 07:34:03,2026-03-18 07:34:56,OK,NO
74,5,2026-03-18 07:34:25,2026-03-18 07:35:19,OK,NO
80,2,2026-03-18 07:34:24,2026-03-18 07:35:20,OK,NO
77,3,2026-03-18 07:34:24,2026-03-18 07:35:21,OK,NO
73,6,2026-03-18 07:34:31,2026-03-18 07:35:31,OK,NO
75,4,2026-03-18 07:34:06,2026-03-18 07:35:35,OK,NO
92,1,2026-03-18 07:34:37,2026-03-18 07:35:41,OK,NO
52,8,2026-03-18 07:34:56,2026-03-18 07:35:56,OK,NO
53,7,2026-03-18 07:34:56,2026-03-18 07:36:04,OK,NO
81,2,2026-03-18 07:35:35,2026-03-18 07:36:32,OK,NO
74,6,2026-03-18 07:35:31,2026-03-18 07:36:35,OK,NO
75,5,2026-03-18 07:35:35,2026-03-18 07:36:37,OK,NO
93,1,2026-03-18 07:35:41,2026-03-18 07:36:39,OK,NO
78,3,2026-03-18 07:35:35,2026-03-18 07:36:44,OK,NO
76,4,2026-03-18 07:35:35,2026-03-18 07:36:45,OK,NO
52,9,2026-03-18 07:35:56,2026-03-18 07:36:54,OK,NO
54,7,2026-03-18 07:36:04,2026-03-18 07:37:02,OK,NO
53,8,2026-03-18 07:36:04,2026-03-18 07:37:10,OK,NO
94,1,2026-03-18 07:36:45,2026-03-18 07:37:35,OK,NO
75,6,2026-03-18 07:36:37,2026-03-18 07:37:39,OK,NO
76,5,2026-03-18 07:36:45,2026-03-18 07:37:42,OK,NO
82,2,2026-03-18 07:36:45,2026-03-18 07:37:45,OK,NO
77,4,2026-03-18 07:36:45,2026-03-18 07:37:45,OK,NO
52,10,2026-03-18 07:36:54,2026-03-18 07:37:47,OK,NO
79,3,2026-03-18 07:36:45,2026-03-18 07:37:59,OK,NO
53,9,2026-03-18 07:37:10,2026-03-18 07:38:09,OK,NO
55,7,2026-03-18 07:37:02,2026-03-18 07:38:10,OK,NO
54,8,2026-03-18 07:37:10,2026-03-18 07:38:10,OK,NO
76,6,2026-03-18 07:37:42,2026-03-18 07:38:39,OK,NO
77,5,2026-03-18 07:37:45,2026-03-18 07:38:46,OK,NO
78,4,2026-03-18 07:37:45,2026-03-18 07:38:48,OK,NO
52,11,2026-03-18 07:37:47,2026-03-18 07:38:50,OK,NO
95,1,2026-03-18 07:37:59,2026-03-18 07:39:00,OK,NO
53,10,2026-03-18 07:38:09,2026-03-18 07:39:03,OK,NO
83,2,2026-03-18 07:37:59,2026-03-18 07:39:03,OK,NO
55,8,2026-03-18 07:38:10,2026-03-18 07:39:04,OK,NO
80,3,2026-03-18 07:37:59,2026-03-18 07:39:05,OK,NO
54,9,2026-03-18 07:38:10,2026-03-18 07:39:09,OK,NO
56,7,2026-03-18 07:38:10,2026-03-18 07:39:42,OK,NO
78,5,2026-03-18 07:38:48,2026-03-18 07:39:45,OK,NO
79,4,2026-03-18 07:38:48,2026-03-18 07:39:45,OK,NO
96,1,2026-03-18 07:39:05,2026-03-18 07:39:56,OK,NO
77,6,2026-03-18 07:38:46,2026-03-18 07:39:57,OK,NO
52,12,2026-03-18 07:38:50,2026-03-18 07:40:01,OK,NO
84,2,2026-03-18 07:39:05,2026-03-18 07:40:08,OK,NO
54,10,2026-03-18 07:39:09,2026-03-18 07:40:11,OK,NO
81,3,2026-03-18 07:39:05,2026-03-18 07:40:13,OK,NO
53,11,2026-03-18 07:39:03,2026-03-18 07:40:16,OK,NO
79,5,2026-03-18 07:39:45,2026-03-18 07:40:35,OK,NO
55,9,2026-03-18 07:39:09,2026-03-18 07:40:35,OK,NO
57,7,2026-03-18 07:39:42,2026-03-18 07:40:36,OK,NO
56,8,2026-03-18 07:39:42,2026-03-18 07:40:46,OK,NO
78,6,2026-03-18 07:39:57,2026-03-18 07:41:02,OK,NO
80,4,2026-03-18 07:39:45,2026-03-18 07:41:12,OK,NO
85,2,2026-03-18 07:40:13,2026-03-18 07:41:12,OK,NO
82,3,2026-03-18 07:40:13,2026-03-18 07:41:14,OK,NO
53,12,2026-03-18 07:40:16,2026-03-18 07:41:17,OK,NO
97,1,2026-03-18 07:40:13,2026-03-18 07:41:18,OK,NO
54,11,2026-03-18 07:40:16,2026-03-18 07:41:19,OK,NO
58,7,2026-03-18 07:40:36,2026-03-18 07:41:34,OK,NO
57,8,2026-03-18 07:40:46,2026-03-18 07:41:39,OK,NO
79,6,2026-03-18 07:41:02,2026-03-18 07:41:58,OK,NO
56,9,2026-03-18 07:40:46,2026-03-18 07:42:09,OK,NO
54,12,2026-03-18 07:41:19,2026-03-18 07:42:11,OK,NO
81,4,2026-03-18 07:41:12,2026-03-18 07:42:17,OK,NO
86,2,2026-03-18 07:41:14,2026-03-18 07:42:18,OK,NO
98,1,2026-03-18 07:41:18,2026-03-18 07:42:19,OK,NO
80,5,2026-03-18 07:41:12,2026-03-18 07:42:20,OK,NO
83,3,2026-03-18 07:41:14,2026-03-18 07:42:21,OK,NO
59,7,2026-03-18 07:41:34,2026-03-18 07:42:26,OK,NO
58,8,2026-03-18 07:41:39,2026-03-18 07:42:39,OK,NO
81,5,2026-03-18 07:42:20,2026-03-18 07:43:14,OK,NO
57,9,2026-03-18 07:42:09,2026-03-18 07:43:15,OK,NO
87,2,2026-03-18 07:42:21,2026-03-18 07:43:20,OK,NO
80,6,2026-03-18 07:42:20,2026-03-18 07:43:23,OK,NO
99,1,2026-03-18 07:42:21,2026-03-18 07:43:24,OK,NO
84,3,2026-03-18 07:42:21,2026-03-18 07:43:29,OK,NO
59,8,2026-03-18 07:42:39,2026-03-18 07:43:35,OK,NO
60,7,2026-03-18 07:42:26,2026-03-18 07:43:43,OK,NO
82,4,2026-03-18 07:42:17,2026-03-18 07:43:44,OK,NO
58,9,2026-03-18 07:43:15,2026-03-18 07:44:06,OK,NO
81,6,2026-03-18 07:43:23,2026-03-18 07:44:16,OK,NO
55,10,2026-03-18 07:43:34,2026-03-18 07:44:34,OK,NO
88,2,2026-03-18 07:43:44,2026-03-18 07:44:35,OK,NO
61,7,2026-03-18 07:43:43,2026-03-18 07:44:38,OK,NO
60,8,2026-03-18 07:43:43,2026-03-18 07:44:39,OK,NO
82,5,2026-03-18 07:43:44,2026-03-18 07:44:40,OK,NO
100,1,2026-03-18 07:43:44,2026-03-18 07:44:45,OK,NO
85,3,2026-03-18 07:43:44,2026-03-18 07:44:57,OK,NO
59,9,2026-03-18 07:44:06,2026-03-18 07:45:05,OK,NO
83,4,2026-03-18 07:43:44,2026-03-18 07:45:06,OK,NO
55,11,2026-03-18 07:44:34,2026-03-18 07:45:28,OK,NO
62,7,2026-03-18 07:44:38,2026-03-18 07:45:29,OK,NO
61,8,2026-03-18 07:44:39,2026-03-18 07:45:36,OK,NO
56,10,2026-03-18 07:44:34,2026-03-18 07:45:47,OK,NO
82,6,2026-03-18 07:44:40,2026-03-18 07:45:49,OK,NO
101,1,2026-03-18 07:45:06,2026-03-18 07:45:58,OK,NO
89,2,2026-03-18 07:45:06,2026-03-18 07:46:00,OK,NO
83,5,2026-03-18 07:45:06,2026-03-18 07:46:01,OK,NO
86,3,2026-03-18 07:45:06,2026-03-18 07:46:06,OK,NO
84,4,2026-03-18 07:45:06,2026-03-18 07:46:09,OK,NO
60,9,2026-03-18 07:45:05,2026-03-18 07:46:21,OK,NO
63,7,2026-03-18 07:45:29,2026-03-18 07:46:32,OK,NO
55,12,2026-03-18 07:45:28,2026-03-18 07:46:40,OK,NO
62,8,2026-03-18 07:45:36,2026-03-18 07:46:42,OK,NO
57,10,2026-03-18 07:45:47,2026-03-18 07:46:42,OK,NO
56,11,2026-03-18 07:45:47,2026-03-18 07:46:48,OK,NO
83,6,2026-03-18 07:46:01,2026-03-18 07:46:53,OK,NO
87,3,2026-03-18 07:46:09,2026-03-18 07:47:05,OK,NO
102,1,2026-03-18 07:46:09,2026-03-18 07:47:07,OK,NO
84,5,2026-03-18 07:46:09,2026-03-18 07:47:09,OK,NO
90,2,2026-03-18 07:46:09,2026-03-18 07:47:09,OK,NO
85,4,2026-03-18 07:46:09,2026-03-18 07:47:12,OK,NO
64,7,2026-03-18 07:46:32,2026-03-18 07:47:25,OK,NO
61,9,2026-03-18 07:46:21,2026-03-18 07:47:31,OK,NO
63,8,2026-03-18 07:46:42,2026-03-18 07:47:39,OK,NO
58,10,2026-03-18 07:46:42,2026-03-18 07:47:44,OK,NO
56,12,2026-03-18 07:46:48,2026-03-18 07:47:51,OK,NO
57,11,2026-03-18 07:46:48,2026-03-18 07:47:51,OK,NO
103,1,2026-03-18 07:47:12,2026-03-18 07:48:06,OK,NO
85,5,2026-03-18 07:47:12,2026-03-18 07:48:12,OK,NO
84,6,2026-03-18 07:47:09,2026-03-18 07:48:13,OK,NO
86,4,2026-03-18 07:47:12,2026-03-18 07:48:20,OK,NO
91,2,2026-03-18 07:47:12,2026-03-18 07:48:21,OK,NO
88,3,2026-03-18 07:47:12,2026-03-18 07:48:22,OK,NO
65,7,2026-03-18 07:47:25,2026-03-18 07:48:28,OK,NO
62,9,2026-03-18 07:47:31,2026-03-18 07:48:28,OK,NO
64,8,2026-03-18 07:47:39,2026-03-18 07:48:38,OK,NO
57,12,2026-03-18 07:47:51,2026-03-18 07:48:40,OK,NO
59,10,2026-03-18 07:47:44,2026-03-18 07:48:44,OK,NO
58,11,2026-03-18 07:47:51,2026-03-18 07:49:01,OK,NO
85,6,2026-03-18 07:48:13,2026-03-18 07:49:12,OK,NO
89,3,2026-03-18 07:48:22,2026-03-18 07:49:23,OK,NO
92,2,2026-03-18 07:48:22,2026-03-18 07:49:24,OK,NO
86,5,2026-03-18 07:48:20,2026-03-18 07:49:29,OK,NO
87,4,2026-03-18 07:48:20,2026-03-18 07:49:32,OK,NO
66,7,2026-03-18 07:48:28,2026-03-18 07:49:33,OK,NO
65,8,2026-03-18 07:48:38,2026-03-18 07:49:35,OK,NO
63,9,2026-03-18 07:48:28,2026-03-18 07:49:36,OK,NO
60,10,2026-03-18 07:48:44,2026-03-18 07:49:43,OK,NO
58,12,2026-03-18 07:49:01,2026-03-18 07:49:55,OK,NO
59,11,2026-03-18 07:49:01,2026-03-18 07:50:01,OK,NO
93,2,2026-03-18 07:49:32,2026-03-18 07:50:26,OK,NO
86,6,2026-03-18 07:49:29,2026-03-18 07:50:29,OK,NO
87,5,2026-03-18 07:49:32,2026-03-18 07:50:30,OK,NO
90,3,2026-03-18 07:49:32,2026-03-18 07:50:30,OK,NO
88,4,2026-03-18 07:49:32,2026-03-18 07:50:33,OK,NO
66,8,2026-03-18 07:49:35,2026-03-18 07:50:34,OK,NO
64,9,2026-03-18 07:49:36,2026-03-18 07:50:35,OK,NO
61,10,2026-03-18 07:49:43,2026-03-18 07:50:39,OK,NO
60,11,2026-03-18 07:50:01,2026-03-18 07:50:51,OK,NO
59,12,2026-03-18 07:50:01,2026-03-18 07:50:56,OK,NO
67,7,2026-03-18 07:49:33,2026-03-18 07:50:57,OK,NO
89,4,2026-03-18 07:50:33,2026-03-18 07:51:30,OK,NO
94,2,2026-03-18 07:50:33,2026-03-18 07:51:33,OK,NO
91,3,2026-03-18 07:50:33,2026-03-18 07:51:33,OK,NO
88,5,2026-03-18 07:50:33,2026-03-18 07:51:34,OK,NO
87,6,2026-03-18 07:50:30,2026-03-18 07:51:36,OK,NO
62,10,2026-03-18 07:50:39,2026-03-18 07:51:38,OK,NO
65,9,2026-03-18 07:50:35,2026-03-18 07:51:41,OK,NO
104,1,2026-03-18 07:50:38,2026-03-18 07:51:46,OK,NO
68,7,2026-03-18 07:50:57,2026-03-18 07:51:51,OK,NO
60,12,2026-03-18 07:50:56,2026-03-18 07:51:55,OK,NO
61,11,2026-03-18 07:50:51,2026-03-18 07:52:01,OK,NO
67,8,2026-03-18 07:50:57,2026-03-18 07:52:06,OK,NO
88,6,2026-03-18 07:51:36,2026-03-18 07:52:33,OK,NO
89,5,2026-03-18 07:51:34,2026-03-18 07:52:33,OK,NO
95,2,2026-03-18 07:51:33,2026-03-18 07:52:35,OK,NO
92,3,2026-03-18 07:51:33,2026-03-18 07:52:38,OK,NO
90,4,2026-03-18 07:51:30,2026-03-18 07:52:41,OK,NO
66,9,2026-03-18 07:51:41,2026-03-18 07:52:42,OK,NO
63,10,2026-03-18 07:51:38,2026-03-18 07:52:47,OK,NO
105,1,2026-03-18 07:51:46,2026-03-18 07:52:53,OK,NO
69,7,2026-03-18 07:51:51,2026-03-18 07:52:56,OK,NO
68,8,2026-03-18 07:52:06,2026-03-18 07:53:03,OK,NO
61,12,2026-03-18 07:52:01,2026-03-18 07:53:08,OK,NO
62,11,2026-03-18 07:52:01,2026-03-18 07:53:15,OK,NO
90,5,2026-03-18 07:52:41,2026-03-18 07:53:30,OK,NO
91,4,2026-03-18 07:52:41,2026-03-18 07:53:38,OK,NO
89,6,2026-03-18 07:52:33,2026-03-18 07:53:39,OK,NO
96,2,2026-03-18 07:52:41,2026-03-18 07:53:49,OK,NO
67,9,2026-03-18 07:52:42,2026-03-18 07:53:52,OK,NO
93,3,2026-03-18 07:52:41,2026-03-18 07:53:52,OK,NO
64,10,2026-03-18 07:52:47,2026-03-18 07:53:52,OK,NO
106,1,2026-03-18 07:52:53,2026-03-18 07:54:01,OK,NO
69,8,2026-03-18 07:53:03,2026-03-18 07:54:06,OK,NO
62,12,2026-03-18 07:53:15,2026-03-18 07:54:08,OK,NO
63,11,2026-03-18 07:53:15,2026-03-18 07:54:15,OK,NO
70,7,2026-03-18 07:52:56,2026-03-18 07:54:18,OK,NO
92,4,2026-03-18 07:53:38,2026-03-18 07:54:35,OK,NO
91,5,2026-03-18 07:53:38,2026-03-18 07:54:39,OK,NO
90,6,2026-03-18 07:53:39,2026-03-18 07:54:48,OK,NO
68,9,2026-03-18 07:53:52,2026-03-18 07:54:49,OK,NO
65,10,2026-03-18 07:53:52,2026-03-18 07:54:50,OK,NO
94,3,2026-03-18 07:53:52,2026-03-18 07:54:53,OK,NO
97,2,2026-03-18 07:53:52,2026-03-18 07:54:55,OK,NO
64,11,2026-03-18 07:54:15,2026-03-18 07:55:09,OK,NO
70,8,2026-03-18 07:54:18,2026-03-18 07:55:12,OK,NO
107,1,2026-03-18 07:54:01,2026-03-18 07:55:15,OK,NO
63,12,2026-03-18 07:54:15,2026-03-18 07:55:20,OK,NO
71,7,2026-03-18 07:54:18,2026-03-18 07:55:29,OK,NO
92,5,2026-03-18 07:54:39,2026-03-18 07:55:44,OK,NO
66,10,2026-03-18 07:54:50,2026-03-18 07:55:44,OK,NO
91,6,2026-03-18 07:54:48,2026-03-18 07:55:45,OK,NO
69,9,2026-03-18 07:54:49,2026-03-18 07:55:48,OK,NO
98,2,2026-03-18 07:54:55,2026-03-18 07:55:52,OK,NO
95,3,2026-03-18 07:54:53,2026-03-18 07:55:58,OK,NO
93,4,2026-03-18 07:54:35,2026-03-18 07:55:59,OK,NO
64,12,2026-03-18 07:55:20,2026-03-18 07:56:11,OK,NO
65,11,2026-03-18 07:55:09,2026-03-18 07:56:16,OK,NO
108,1,2026-03-18 07:55:15,2026-03-18 07:56:17,OK,NO
72,7,2026-03-18 07:55:29,2026-03-18 07:56:25,OK,NO
71,8,2026-03-18 07:55:29,2026-03-18 07:56:32,OK,NO
92,6,2026-03-18 07:55:45,2026-03-18 07:56:42,OK,NO
67,10,2026-03-18 07:55:44,2026-03-18 07:56:54,OK,NO
99,2,2026-03-18 07:55:59,2026-03-18 07:56:57,OK,NO
93,5,2026-03-18 07:55:59,2026-03-18 07:56:58,OK,NO
109,1,2026-03-18 07:56:17,2026-03-18 07:57:06,OK,NO
66,11,2026-03-18 07:56:16,2026-03-18 07:57:06,OK,NO
96,3,2026-03-18 07:55:59,2026-03-18 07:57:09,OK,NO
70,9,2026-03-18 07:55:48,2026-03-18 07:57:10,OK,NO
94,4,2026-03-18 07:55:59,2026-03-18 07:57:18,OK,NO
73,7,2026-03-18 07:56:25,2026-03-18 07:57:21,OK,NO
65,12,2026-03-18 07:56:16,2026-03-18 07:57:25,OK,NO
72,8,2026-03-18 07:56:32,2026-03-18 07:57:35,OK,NO
93,6,2026-03-18 07:56:58,2026-03-18 07:57:53,OK,NO
110,1,2026-03-18 07:57:06,2026-03-18 07:58:01,OK,NO
68,10,2026-03-18 07:56:54,2026-03-18 07:58:02,OK,NO
95,4,2026-03-18 07:57:18,2026-03-18 07:58:11,OK,NO
67,11,2026-03-18 07:57:06,2026-03-18 07:58:14,OK,NO
74,7,2026-03-18 07:57:21,2026-03-18 07:58:18,OK,NO
71,9,2026-03-18 07:57:10,2026-03-18 07:58:20,OK,NO
94,5,2026-03-18 07:57:18,2026-03-18 07:58:23,OK,NO
97,3,2026-03-18 07:57:18,2026-03-18 07:58:24,OK,NO
100,2,2026-03-18 07:57:18,2026-03-18 07:58:28,OK,NO
73,8,2026-03-18 07:57:35,2026-03-18 07:58:30,OK,NO
66,12,2026-03-18 07:57:25,2026-03-18 07:58:33,OK,NO
111,1,2026-03-18 07:58:01,2026-03-18 07:58:56,OK,NO
69,10,2026-03-18 07:58:02,2026-03-18 07:59:03,OK,NO
68,11,2026-03-18 07:58:14,2026-03-18 07:59:11,OK,NO
72,9,2026-03-18 07:58:20,2026-03-18 07:59:18,OK,NO
96,4,2026-03-18 07:58:11,2026-03-18 07:59:20,OK,NO
74,8,2026-03-18 07:58:30,2026-03-18 07:59:21,OK,NO
75,7,2026-03-18 07:58:18,2026-03-18 07:59:25,OK,NO
101,2,2026-03-18 07:58:28,2026-03-18 07:59:29,OK,NO
94,6,2026-03-18 07:58:23,2026-03-18 07:59:29,OK,NO
98,3,2026-03-18 07:58:24,2026-03-18 07:59:29,OK,NO
95,5,2026-03-18 07:58:23,2026-03-18 07:59:29,OK,NO
67,12,2026-03-18 07:58:33,2026-03-18 07:59:30,OK,NO
70,10,2026-03-18 07:59:03,2026-03-18 07:59:56,OK,NO
112,1,2026-03-18 07:58:56,2026-03-18 07:59:57,OK,NO
69,11,2026-03-18 07:59:11,2026-03-18 08:00:09,OK,NO
97,4,2026-03-18 07:59:20,2026-03-18 08:00:17,OK,NO
99,3,2026-03-18 07:59:29,2026-03-18 08:00:23,OK,NO
102,2,2026-03-18 07:59:29,2026-03-18 08:00:24,OK,NO
76,7,2026-03-18 07:59:25,2026-03-18 08:00:24,OK,NO
68,12,2026-03-18 07:59:30,2026-03-18 08:00:25,OK,NO
73,9,2026-03-18 07:59:18,2026-03-18 08:00:28,OK,NO
75,8,2026-03-18 07:59:25,2026-03-18 08:00:28,OK,NO
96,5,2026-03-18 07:59:29,2026-03-18 08:00:31,OK,NO
95,6,2026-03-18 07:59:29,2026-03-18 08:00:33,OK,NO
113,1,2026-03-18 07:59:57,2026-03-18 08:00:51,OK,NO
70,11,2026-03-18 08:00:09,2026-03-18 08:00:59,OK,NO
71,10,2026-03-18 07:59:56,2026-03-18 08:01:05,OK,NO
77,7,2026-03-18 08:00:24,2026-03-18 08:01:18,OK,NO
97,5,2026-03-18 08:00:31,2026-03-18 08:01:21,OK,NO
69,12,2026-03-18 08:00:25,2026-03-18 08:01:27,OK,NO
103,2,2026-03-18 08:00:24,2026-03-18 08:01:27,OK,NO
76,8,2026-03-18 08:00:28,2026-03-18 08:01:27,OK,NO
100,3,2026-03-18 08:00:23,2026-03-18 08:01:28,OK,NO
74,9,2026-03-18 08:00:28,2026-03-18 08:01:30,OK,NO
96,6,2026-03-18 08:00:33,2026-03-18 08:01:41,OK,NO
98,4,2026-03-18 08:00:17,2026-03-18 08:01:46,OK,NO
114,1,2026-03-18 08:00:51,2026-03-18 08:01:49,OK,NO
71,11,2026-03-18 08:01:05,2026-03-18 08:02:13,OK,NO
78,7,2026-03-18 08:01:18,2026-03-18 08:02:20,OK,NO
72,10,2026-03-18 08:01:05,2026-03-18 08:02:23,OK,NO
70,12,2026-03-18 08:01:27,2026-03-18 08:02:26,OK,NO
75,9,2026-03-18 08:01:30,2026-03-18 08:02:32,OK,NO
77,8,2026-03-18 08:01:27,2026-03-18 08:02:33,OK,NO
97,6,2026-03-18 08:01:41,2026-03-18 08:02:39,OK,NO
104,2,2026-03-18 08:01:46,2026-03-18 08:02:40,OK,NO
101,3,2026-03-18 08:01:46,2026-03-18 08:02:46,OK,NO
115,1,2026-03-18 08:01:49,2026-03-18 08:02:47,OK,NO
98,5,2026-03-18 08:01:46,2026-03-18 08:02:51,OK,NO
99,4,2026-03-18 08:01:46,2026-03-18 08:03:14,OK,NO
79,7,2026-03-18 08:02:20,2026-03-18 08:03:26,OK,NO
73,10,2026-03-18 08:02:23,2026-03-18 08:03:26,OK,NO
71,12,2026-03-18 08:02:26,2026-03-18 08:03:36,OK,NO
78,8,2026-03-18 08:02:33,2026-03-18 08:03:37,OK,NO
76,9,2026-03-18 08:02:32,2026-03-18 08:03:38,OK,NO
116,1,2026-03-18 08:02:47,2026-03-18 08:03:43,OK,NO
98,6,2026-03-18 08:02:51,2026-03-18 08:03:50,OK,NO
105,2,2026-03-18 08:03:14,2026-03-18 08:04:07,OK,NO
102,3,2026-03-18 08:03:14,2026-03-18 08:04:09,OK,NO
100,4,2026-03-18 08:03:14,2026-03-18 08:04:13,OK,NO
99,5,2026-03-18 08:03:14,2026-03-18 08:04:15,OK,NO
74,10,2026-03-18 08:03:26,2026-03-18 08:04:28,OK,NO
77,9,2026-03-18 08:03:38,2026-03-18 08:04:41,OK,NO
80,7,2026-03-18 08:03:26,2026-03-18 08:04:41,OK,NO
79,8,2026-03-18 08:03:37,2026-03-18 08:04:45,OK,NO
117,1,2026-03-18 08:03:43,2026-03-18 08:04:47,OK,NO
100,5,2026-03-18 08:04:15,2026-03-18 08:05:13,OK,NO
99,6,2026-03-18 08:04:15,2026-03-18 08:05:13,OK,NO
103,3,2026-03-18 08:04:13,2026-03-18 08:05:14,OK,NO
106,2,2026-03-18 08:04:13,2026-03-18 08:05:18,OK,NO
101,4,2026-03-18 08:04:13,2026-03-18 08:05:23,OK,NO
75,10,2026-03-18 08:04:28,2026-03-18 08:05:28,OK,NO
78,9,2026-03-18 08:04:41,2026-03-18 08:05:43,OK,NO
80,8,2026-03-18 08:04:45,2026-03-18 08:05:44,OK,NO
118,1,2026-03-18 08:04:47,2026-03-18 08:05:45,OK,NO
81,7,2026-03-18 08:04:41,2026-03-18 08:05:52,OK,NO
100,6,2026-03-18 08:05:13,2026-03-18 08:06:17,OK,NO
104,3,2026-03-18 08:05:23,2026-03-18 08:06:22,OK,NO
101,5,2026-03-18 08:05:23,2026-03-18 08:06:26,OK,NO
107,2,2026-03-18 08:05:23,2026-03-18 08:06:26,OK,NO
102,4,2026-03-18 08:05:23,2026-03-18 08:06:33,OK,NO
76,10,2026-03-18 08:05:28,2026-03-18 08:06:34,OK,NO
119,1,2026-03-18 08:05:45,2026-03-18 08:06:39,OK,NO
79,9,2026-03-18 08:05:43,2026-03-18 08:06:45,OK,NO
81,8,2026-03-18 08:05:52,2026-03-18 08:06:56,OK,NO
82,7,2026-03-18 08:05:52,2026-03-18 08:07:25,OK,NO
101,6,2026-03-18 08:06:26,2026-03-18 08:07:27,OK,NO
102,5,2026-03-18 08:06:33,2026-03-18 08:07:28,OK,NO
105,3,2026-03-18 08:06:33,2026-03-18 08:07:29,OK,NO
120,1,2026-03-18 08:06:39,2026-03-18 08:07:33,OK,NO
103,4,2026-03-18 08:06:33,2026-03-18 08:07:35,OK,NO
77,10,2026-03-18 08:06:34,2026-03-18 08:07:36,OK,NO
108,2,2026-03-18 08:06:33,2026-03-18 08:07:39,OK,NO
72,11,2026-03-18 08:06:49,2026-03-18 08:07:43,OK,NO
80,9,2026-03-18 08:06:45,2026-03-18 08:08:10,OK,NO
102,6,2026-03-18 08:07:28,2026-03-18 08:08:27,OK,NO
82,8,2026-03-18 08:07:25,2026-03-18 08:08:29,OK,NO
103,5,2026-03-18 08:07:35,2026-03-18 08:08:35,OK,NO
109,2,2026-03-18 08:07:39,2026-03-18 08:08:36,OK,NO
73,11,2026-03-18 08:07:43,2026-03-18 08:08:38,OK,NO
78,10,2026-03-18 08:07:36,2026-03-18 08:08:38,OK,NO
106,3,2026-03-18 08:07:35,2026-03-18 08:08:41,OK,NO
121,1,2026-03-18 08:07:39,2026-03-18 08:08:42,OK,NO
104,4,2026-03-18 08:07:35,2026-03-18 08:08:44,OK,NO
72,12,2026-03-18 08:07:43,2026-03-18 08:08:44,OK,NO
83,7,2026-03-18 08:07:25,2026-03-18 08:08:50,OK,NO
81,9,2026-03-18 08:08:10,2026-03-18 08:09:03,OK,NO
74,11,2026-03-18 08:08:38,2026-03-18 08:09:29,OK,NO
103,6,2026-03-18 08:08:35,2026-03-18 08:09:35,OK,NO
79,10,2026-03-18 08:08:38,2026-03-18 08:09:40,OK,NO
110,2,2026-03-18 08:08:44,2026-03-18 08:09:43,OK,NO
122,1,2026-03-18 08:08:44,2026-03-18 08:09:45,OK,NO
83,8,2026-03-18 08:08:50,2026-03-18 08:09:47,OK,NO
107,3,2026-03-18 08:08:44,2026-03-18 08:09:47,OK,NO
104,5,2026-03-18 08:08:44,2026-03-18 08:09:47,OK,NO
84,7,2026-03-18 08:08:50,2026-03-18 08:09:53,OK,NO
105,4,2026-03-18 08:08:44,2026-03-18 08:09:57,OK,NO
82,9,2026-03-18 08:09:03,2026-03-18 08:10:31,OK,NO
80,10,2026-03-18 08:09:40,2026-03-18 08:10:34,OK,NO
75,11,2026-03-18 08:09:29,2026-03-18 08:10:37,OK,NO
108,3,2026-03-18 08:09:57,2026-03-18 08:10:48,OK,NO
123,1,2026-03-18 08:09:57,2026-03-18 08:10:49,OK,NO
104,6,2026-03-18 08:09:47,2026-03-18 08:10:49,OK,NO
84,8,2026-03-18 08:09:53,2026-03-18 08:10:51,OK,NO
111,2,2026-03-18 08:09:57,2026-03-18 08:11:01,OK,NO
105,5,2026-03-18 08:09:57,2026-03-18 08:11:03,OK,NO
85,7,2026-03-18 08:09:53,2026-03-18 08:11:08,OK,NO
106,4,2026-03-18 08:09:57,2026-03-18 08:11:12,OK,NO
81,10,2026-03-18 08:10:34,2026-03-18 08:11:31,OK,NO
83,9,2026-03-18 08:10:31,2026-03-18 08:11:41,OK,NO
85,8,2026-03-18 08:11:08,2026-03-18 08:12:00,OK,NO
105,6,2026-03-18 08:11:03,2026-03-18 08:12:03,OK,NO
112,2,2026-03-18 08:11:12,2026-03-18 08:12:04,OK,NO
124,1,2026-03-18 08:11:12,2026-03-18 08:12:11,OK,NO
86,7,2026-03-18 08:11:08,2026-03-18 08:12:12,OK,NO
106,5,2026-03-18 08:11:12,2026-03-18 08:12:15,OK,NO
109,3,2026-03-18 08:11:12,2026-03-18 08:12:15,OK,NO
107,4,2026-03-18 08:11:12,2026-03-18 08:12:26,OK,NO
82,10,2026-03-18 08:11:31,2026-03-18 08:12:39,OK,NO
84,9,2026-03-18 08:11:41,2026-03-18 08:12:43,OK,NO
86,8,2026-03-18 08:12:12,2026-03-18 08:13:06,OK,NO
108,4,2026-03-18 08:12:26,2026-03-18 08:13:14,OK,NO
87,7,2026-03-18 08:12:12,2026-03-18 08:13:16,OK,NO
125,1,2026-03-18 08:12:26,2026-03-18 08:13:25,OK,NO
110,3,2026-03-18 08:12:26,2026-03-18 08:13:26,OK,NO
106,6,2026-03-18 08:12:15,2026-03-18 08:13:28,OK,NO
107,5,2026-03-18 08:12:26,2026-03-18 08:13:28,OK,NO
113,2,2026-03-18 08:12:26,2026-03-18 08:13:29,OK,NO
83,10,2026-03-18 08:12:39,2026-03-18 08:13:39,OK,NO
85,9,2026-03-18 08:12:43,2026-03-18 08:13:40,OK,NO
109,4,2026-03-18 08:13:14,2026-03-18 08:14:13,OK,NO
88,7,2026-03-18 08:13:16,2026-03-18 08:14:18,OK,NO
87,8,2026-03-18 08:13:16,2026-03-18 08:14:20,OK,NO
114,2,2026-03-18 08:13:29,2026-03-18 08:14:28,OK,NO
108,5,2026-03-18 08:13:28,2026-03-18 08:14:28,OK,NO
111,3,2026-03-18 08:13:26,2026-03-18 08:14:30,OK,NO
126,1,2026-03-18 08:13:29,2026-03-18 08:14:35,OK,NO
86,9,2026-03-18 08:13:40,2026-03-18 08:14:35,OK,NO
107,6,2026-03-18 08:13:28,2026-03-18 08:14:36,OK,NO
84,10,2026-03-18 08:13:39,2026-03-18 08:14:44,OK,NO
73,12,2026-03-18 08:14:11,2026-03-18 08:15:09,OK,NO
110,4,2026-03-18 08:14:13,2026-03-18 08:15:11,OK,NO
76,11,2026-03-18 08:14:11,2026-03-18 08:15:12,OK,NO
88,8,2026-03-18 08:14:20,2026-03-18 08:15:16,OK,NO
89,7,2026-03-18 08:14:18,2026-03-18 08:15:22,OK,NO
109,5,2026-03-18 08:14:28,2026-03-18 08:15:24,OK,NO
115,2,2026-03-18 08:14:30,2026-03-18 08:15:30,OK,NO
112,3,2026-03-18 08:14:30,2026-03-18 08:15:31,OK,NO
87,9,2026-03-18 08:14:35,2026-03-18 08:15:33,OK,NO
108,6,2026-03-18 08:14:36,2026-03-18 08:15:35,OK,NO
127,1,2026-03-18 08:14:35,2026-03-18 08:15:38,OK,NO
85,10,2026-03-18 08:14:44,2026-03-18 08:15:43,OK,NO
77,11,2026-03-18 08:15:12,2026-03-18 08:16:15,OK,NO
89,8,2026-03-18 08:15:22,2026-03-18 08:16:19,OK,NO
116,2,2026-03-18 08:15:31,2026-03-18 08:16:21,OK,NO
74,12,2026-03-18 08:15:09,2026-03-18 08:16:21,OK,NO
110,5,2026-03-18 08:15:24,2026-03-18 08:16:23,OK,NO
113,3,2026-03-18 08:15:31,2026-03-18 08:16:23,OK,NO
90,7,2026-03-18 08:15:22,2026-03-18 08:16:26,OK,NO
88,9,2026-03-18 08:15:33,2026-03-18 08:16:28,OK,NO
111,4,2026-03-18 08:15:11,2026-03-18 08:16:31,OK,NO
109,6,2026-03-18 08:15:35,2026-03-18 08:16:33,OK,NO
86,10,2026-03-18 08:15:43,2026-03-18 08:16:39,OK,NO
128,1,2026-03-18 08:15:38,2026-03-18 08:16:43,OK,NO
91,7,2026-03-18 08:16:26,2026-03-18 08:17:15,OK,NO
75,12,2026-03-18 08:16:21,2026-03-18 08:17:17,OK,NO
89,9,2026-03-18 08:16:28,2026-03-18 08:17:20,OK,NO
78,11,2026-03-18 08:16:21,2026-03-18 08:17:23,OK,NO
87,10,2026-03-18 08:16:39,2026-03-18 08:17:29,OK,NO
114,3,2026-03-18 08:16:31,2026-03-18 08:17:30,OK,NO
110,6,2026-03-18 08:16:33,2026-03-18 08:17:31,OK,NO
90,8,2026-03-18 08:16:26,2026-03-18 08:17:31,OK,NO
111,5,2026-03-18 08:16:31,2026-03-18 08:17:33,OK,NO
129,1,2026-03-18 08:16:43,2026-03-18 08:17:37,OK,NO
117,2,2026-03-18 08:16:31,2026-03-18 08:17:40,OK,NO
112,4,2026-03-18 08:16:31,2026-03-18 08:17:49,OK,NO
92,7,2026-03-18 08:17:15,2026-03-18 08:18:17,OK,NO
76,12,2026-03-18 08:17:17,2026-03-18 08:18:18,OK,NO
79,11,2026-03-18 08:17:23,2026-03-18 08:18:18,OK,NO
111,6,2026-03-18 08:17:33,2026-03-18 08:18:24,OK,NO
91,8,2026-03-18 08:17:31,2026-03-18 08:18:28,OK,NO
90,9,2026-03-18 08:17:31,2026-03-18 08:18:39,OK,NO
88,10,2026-03-18 08:17:29,2026-03-18 08:18:40,OK,NO
112,5,2026-03-18 08:17:49,2026-03-18 08:18:42,OK,NO
115,3,2026-03-18 08:17:49,2026-03-18 08:18:43,OK,NO
118,2,2026-03-18 08:17:49,2026-03-18 08:18:50,OK,NO
130,1,2026-03-18 08:17:49,2026-03-18 08:18:59,OK,NO
77,12,2026-03-18 08:18:18,2026-03-18 08:19:08,OK,NO
80,11,2026-03-18 08:18:18,2026-03-18 08:19:14,OK,NO
113,4,2026-03-18 08:17:49,2026-03-18 08:19:21,OK,NO
89,10,2026-03-18 08:18:40,2026-03-18 08:19:28,OK,NO
93,7,2026-03-18 08:18:17,2026-03-18 08:19:30,OK,NO
92,8,2026-03-18 08:18:28,2026-03-18 08:19:33,OK,NO
91,9,2026-03-18 08:18:39,2026-03-18 08:19:34,OK,NO
112,6,2026-03-18 08:18:42,2026-03-18 08:19:38,OK,NO
78,12,2026-03-18 08:19:08,2026-03-18 08:20:01,OK,NO
81,11,2026-03-18 08:19:14,2026-03-18 08:20:11,OK,NO
113,5,2026-03-18 08:19:21,2026-03-18 08:20:17,OK,NO
119,2,2026-03-18 08:19:21,2026-03-18 08:20:20,OK,NO
114,4,2026-03-18 08:19:21,2026-03-18 08:20:20,OK,NO
90,10,2026-03-18 08:19:28,2026-03-18 08:20:23,OK,NO
131,1,2026-03-18 08:19:21,2026-03-18 08:20:23,OK,NO
93,8,2026-03-18 08:19:33,2026-03-18 08:20:26,OK,NO
116,3,2026-03-18 08:19:21,2026-03-18 08:20:26,OK,NO
92,9,2026-03-18 08:19:34,2026-03-18 08:20:36,OK,NO
94,7,2026-03-18 08:19:30,2026-03-18 08:20:40,OK,NO
79,12,2026-03-18 08:20:01,2026-03-18 08:20:59,OK,NO
113,6,2026-03-18 08:20:17,2026-03-18 08:21:08,OK,NO
82,11,2026-03-18 08:20:11,2026-03-18 08:21:16,OK,NO
117,3,2026-03-18 08:20:26,2026-03-18 08:21:19,OK,NO
114,5,2026-03-18 08:20:20,2026-03-18 08:21:21,OK,NO
91,10,2026-03-18 08:20:23,2026-03-18 08:21:21,OK,NO
132,1,2026-03-18 08:20:26,2026-03-18 08:21:25,OK,NO
120,2,2026-03-18 08:20:26,2026-03-18 08:21:27,OK,NO
115,4,2026-03-18 08:20:20,2026-03-18 08:21:32,OK,NO
94,8,2026-03-18 08:20:40,2026-03-18 08:21:33,OK,NO
95,7,2026-03-18 08:20:40,2026-03-18 08:21:39,OK,NO
93,9,2026-03-18 08:20:36,2026-03-18 08:21:58,OK,NO
80,12,2026-03-18 08:20:59,2026-03-18 08:22:01,OK,NO
83,11,2026-03-18 08:21:16,2026-03-18 08:22:08,OK,NO
114,6,2026-03-18 08:21:21,2026-03-18 08:22:20,OK,NO
118,3,2026-03-18 08:21:32,2026-03-18 08:22:26,OK,NO
92,10,2026-03-18 08:21:21,2026-03-18 08:22:32,OK,NO
121,2,2026-03-18 08:21:32,2026-03-18 08:22:32,OK,NO
115,5,2026-03-18 08:21:32,2026-03-18 08:22:34,OK,NO
133,1,2026-03-18 08:21:32,2026-03-18 08:22:37,OK,NO
95,8,2026-03-18 08:21:39,2026-03-18 08:22:42,OK,NO
96,7,2026-03-18 08:21:39,2026-03-18 08:22:50,OK,NO
116,4,2026-03-18 08:21:32,2026-03-18 08:22:58,OK,NO
81,12,2026-03-18 08:22:01,2026-03-18 08:23:05,OK,NO
84,11,2026-03-18 08:22:08,2026-03-18 08:23:09,OK,NO
94,9,2026-03-18 08:21:58,2026-03-18 08:23:16,OK,NO
115,6,2026-03-18 08:22:34,2026-03-18 08:23:23,OK,NO
93,10,2026-03-18 08:22:32,2026-03-18 08:23:36,OK,NO
119,3,2026-03-18 08:22:58,2026-03-18 08:23:48,OK,NO
122,2,2026-03-18 08:22:58,2026-03-18 08:23:50,OK,NO
134,1,2026-03-18 08:22:58,2026-03-18 08:23:52,OK,NO
96,8,2026-03-18 08:22:50,2026-03-18 08:23:55,OK,NO
116,5,2026-03-18 08:22:58,2026-03-18 08:23:57,OK,NO
97,7,2026-03-18 08:22:50,2026-03-18 08:23:57,OK,NO
82,12,2026-03-18 08:23:05,2026-03-18 08:24:07,OK,NO
95,9,2026-03-18 08:23:16,2026-03-18 08:24:10,OK,NO
85,11,2026-03-18 08:23:09,2026-03-18 08:24:14,OK,NO
117,4,2026-03-18 08:22:58,2026-03-18 08:24:20,OK,NO
94,10,2026-03-18 08:23:36,2026-03-18 08:24:26,OK,NO
83,12,2026-03-18 08:24:07,2026-03-18 08:24:54,OK,NO
116,6,2026-03-18 08:23:57,2026-03-18 08:24:58,OK,NO
97,8,2026-03-18 08:23:57,2026-03-18 08:25:03,OK,NO
96,9,2026-03-18 08:24:10,2026-03-18 08:25:10,OK,NO
86,11,2026-03-18 08:24:14,2026-03-18 08:25:16,OK,NO
98,7,2026-03-18 08:23:57,2026-03-18 08:25:20,OK,NO
117,5,2026-03-18 08:24:20,2026-03-18 08:25:21,OK,NO
135,1,2026-03-18 08:24:20,2026-03-18 08:25:21,OK,NO
118,4,2026-03-18 08:24:20,2026-03-18 08:25:23,OK,NO
123,2,2026-03-18 08:24:20,2026-03-18 08:25:24,OK,NO
95,10,2026-03-18 08:24:26,2026-03-18 08:25:28,OK,NO
120,3,2026-03-18 08:24:20,2026-03-18 08:25:29,OK,NO
84,12,2026-03-18 08:24:54,2026-03-18 08:25:53,OK,NO
97,9,2026-03-18 08:25:10,2026-03-18 08:26:09,OK,NO
87,11,2026-03-18 08:25:16,2026-03-18 08:26:13,OK,NO
98,8,2026-03-18 08:25:20,2026-03-18 08:26:15,OK,NO
96,10,2026-03-18 08:25:28,2026-03-18 08:26:16,OK,NO
117,6,2026-03-18 08:25:21,2026-03-18 08:26:17,OK,NO
119,4,2026-03-18 08:25:23,2026-03-18 08:26:25,OK,NO
118,5,2026-03-18 08:25:23,2026-03-18 08:26:26,OK,NO
136,1,2026-03-18 08:25:29,2026-03-18 08:26:28,OK,NO
121,3,2026-03-18 08:25:29,2026-03-18 08:26:29,OK,NO
124,2,2026-03-18 08:25:29,2026-03-18 08:26:34,OK,NO
99,7,2026-03-18 08:25:20,2026-03-18 08:26:38,OK,NO
85,12,2026-03-18 08:25:53,2026-03-18 08:26:58,OK,NO
97,10,2026-03-18 08:26:16,2026-03-18 08:27:08,OK,NO
88,11,2026-03-18 08:26:13,2026-03-18 08:27:18,OK,NO
98,9,2026-03-18 08:26:15,2026-03-18 08:27:22,OK,NO
118,6,2026-03-18 08:26:26,2026-03-18 08:27:23,OK,NO
119,5,2026-03-18 08:26:26,2026-03-18 08:27:26,OK,NO
120,4,2026-03-18 08:26:25,2026-03-18 08:27:26,OK,NO
122,3,2026-03-18 08:26:29,2026-03-18 08:27:27,OK,NO
125,2,2026-03-18 08:26:34,2026-03-18 08:27:28,OK,NO
100,7,2026-03-18 08:26:38,2026-03-18 08:27:29,OK,NO
137,1,2026-03-18 08:26:34,2026-03-18 08:27:32,OK,NO
99,8,2026-03-18 08:26:38,2026-03-18 08:27:44,OK,NO
86,12,2026-03-18 08:26:58,2026-03-18 08:28:01,OK,NO
123,3,2026-03-18 08:27:27,2026-03-18 08:28:27,OK,NO
119,6,2026-03-18 08:27:26,2026-03-18 08:28:30,OK,NO
89,11,2026-03-18 08:27:18,2026-03-18 08:28:31,OK,NO
120,5,2026-03-18 08:27:26,2026-03-18 08:28:31,OK,NO
98,10,2026-03-18 08:27:22,2026-03-18 08:28:33,OK,NO
126,2,2026-03-18 08:27:28,2026-03-18 08:28:35,OK,NO
138,1,2026-03-18 08:27:32,2026-03-18 08:28:36,OK,NO
121,4,2026-03-18 08:27:26,2026-03-18 08:28:37,OK,NO
101,7,2026-03-18 08:27:29,2026-03-18 08:28:39,OK,NO
100,8,2026-03-18 08:27:44,2026-03-18 08:28:47,OK,NO
99,9,2026-03-18 08:27:44,2026-03-18 08:28:59,OK,NO
87,12,2026-03-18 08:28:01,2026-03-18 08:29:03,OK,NO
121,5,2026-03-18 08:28:37,2026-03-18 08:29:29,OK,NO
139,1,2026-03-18 08:28:37,2026-03-18 08:29:34,OK,NO
124,3,2026-03-18 08:28:37,2026-03-18 08:29:36,OK,NO
90,11,2026-03-18 08:28:31,2026-03-18 08:29:36,OK,NO
127,2,2026-03-18 08:28:37,2026-03-18 08:29:41,OK,NO
120,6,2026-03-18 08:28:31,2026-03-18 08:29:42,OK,NO
122,4,2026-03-18 08:28:37,2026-03-18 08:29:44,OK,NO
101,8,2026-03-18 08:28:47,2026-03-18 08:29:46,OK,NO
102,7,2026-03-18 08:28:39,2026-03-18 08:29:49,OK,NO
99,10,2026-03-18 08:28:59,2026-03-18 08:29:55,OK,NO
88,12,2026-03-18 08:29:03,2026-03-18 08:30:03,OK,NO
100,9,2026-03-18 08:28:59,2026-03-18 08:30:05,OK,NO
91,11,2026-03-18 08:29:36,2026-03-18 08:30:30,OK,NO
121,6,2026-03-18 08:29:42,2026-03-18 08:30:38,OK,NO
122,5,2026-03-18 08:29:44,2026-03-18 08:30:42,OK,NO
125,3,2026-03-18 08:29:44,2026-03-18 08:30:43,OK,NO
128,2,2026-03-18 08:29:44,2026-03-18 08:30:44,OK,NO
103,7,2026-03-18 08:29:49,2026-03-18 08:30:47,OK,NO
140,1,2026-03-18 08:29:44,2026-03-18 08:30:50,OK,NO
102,8,2026-03-18 08:29:49,2026-03-18 08:30:50,OK,NO
123,4,2026-03-18 08:29:44,2026-03-18 08:30:52,OK,NO
89,12,2026-03-18 08:30:03,2026-03-18 08:30:53,OK,NO
100,10,2026-03-18 08:30:05,2026-03-18 08:31:00,OK,NO
101,9,2026-03-18 08:30:05,2026-03-18 08:31:08,OK,NO
92,11,2026-03-18 08:30:30,2026-03-18 08:31:32,OK,NO
122,6,2026-03-18 08:30:42,2026-03-18 08:31:40,OK,NO
104,7,2026-03-18 08:30:47,2026-03-18 08:31:47,OK,NO
129,2,2026-03-18 08:30:52,2026-03-18 08:31:48,OK,NO
141,1,2026-03-18 08:30:52,2026-03-18 08:31:52,OK,NO
123,5,2026-03-18 08:30:52,2026-03-18 08:31:55,OK,NO
126,3,2026-03-18 08:30:52,2026-03-18 08:31:57,OK,NO
124,4,2026-03-18 08:30:52,2026-03-18 08:31:58,OK,NO
103,8,2026-03-18 08:30:50,2026-03-18 08:31:59,OK,NO
90,12,2026-03-18 08:30:53,2026-03-18 08:31:59,OK,NO
102,9,2026-03-18 08:31:08,2026-03-18 08:32:09,OK,NO
101,10,2026-03-18 08:31:08,2026-03-18 08:32:15,OK,NO
93,11,2026-03-18 08:31:32,2026-03-18 08:32:28,OK,NO
105,7,2026-03-18 08:31:47,2026-03-18 08:32:47,OK,NO
142,1,2026-03-18 08:31:58,2026-03-18 08:32:56,OK,NO
130,2,2026-03-18 08:31:58,2026-03-18 08:32:57,OK,NO
104,8,2026-03-18 08:31:59,2026-03-18 08:32:58,OK,NO
123,6,2026-03-18 08:31:55,2026-03-18 08:32:58,OK,NO
91,12,2026-03-18 08:31:59,2026-03-18 08:32:58,OK,NO
127,3,2026-03-18 08:31:58,2026-03-18 08:33:01,OK,NO
124,5,2026-03-18 08:31:58,2026-03-18 08:33:05,OK,NO
125,4,2026-03-18 08:31:58,2026-03-18 08:33:06,OK,NO
102,10,2026-03-18 08:32:15,2026-03-18 08:33:08,OK,NO
103,9,2026-03-18 08:32:09,2026-03-18 08:33:14,OK,NO
94,11,2026-03-18 08:32:28,2026-03-18 08:33:23,OK,NO
105,8,2026-03-18 08:32:58,2026-03-18 08:33:47,OK,NO
92,12,2026-03-18 08:32:58,2026-03-18 08:33:48,OK,NO
106,7,2026-03-18 08:32:47,2026-03-18 08:33:54,OK,NO
126,4,2026-03-18 08:33:06,2026-03-18 08:33:57,OK,NO
128,3,2026-03-18 08:33:06,2026-03-18 08:33:59,OK,NO
124,6,2026-03-18 08:33:05,2026-03-18 08:33:59,OK,NO
143,1,2026-03-18 08:33:06,2026-03-18 08:34:09,OK,NO
131,2,2026-03-18 08:33:06,2026-03-18 08:34:11,OK,NO
104,9,2026-03-18 08:33:14,2026-03-18 08:34:17,OK,NO
95,11,2026-03-18 08:33:23,2026-03-18 08:34:18,OK,NO
125,5,2026-03-18 08:33:06,2026-03-18 08:34:19,OK,NO
103,10,2026-03-18 08:33:14,2026-03-18 08:34:20,OK,NO
93,12,2026-03-18 08:33:48,2026-03-18 08:34:41,OK,NO
129,3,2026-03-18 08:33:59,2026-03-18 08:34:51,OK,NO
106,8,2026-03-18 08:33:54,2026-03-18 08:34:54,OK,NO
107,7,2026-03-18 08:33:54,2026-03-18 08:34:58,OK,NO
144,1,2026-03-18 08:34:11,2026-03-18 08:35:07,OK,NO
96,11,2026-03-18 08:34:18,2026-03-18 08:35:12,OK,NO
132,2,2026-03-18 08:34:11,2026-03-18 08:35:15,OK,NO
125,6,2026-03-18 08:34:19,2026-03-18 08:35:19,OK,NO
104,10,2026-03-18 08:34:20,2026-03-18 08:35:21,OK,NO
105,9,2026-03-18 08:34:17,2026-03-18 08:35:21,OK,NO
126,5,2026-03-18 08:34:19,2026-03-18 08:35:23,OK,NO
127,4,2026-03-18 08:33:57,2026-03-18 08:35:34,OK,NO
94,12,2026-03-18 08:34:41,2026-03-18 08:35:47,OK,NO
107,8,2026-03-18 08:34:58,2026-03-18 08:35:54,OK,NO
108,7,2026-03-18 08:34:58,2026-03-18 08:36:04,OK,NO
97,11,2026-03-18 08:35:12,2026-03-18 08:36:12,OK,NO
126,6,2026-03-18 08:35:23,2026-03-18 08:36:14,OK,NO
128,4,2026-03-18 08:35:34,2026-03-18 08:36:19,OK,NO
106,9,2026-03-18 08:35:21,2026-03-18 08:36:21,OK,NO
105,10,2026-03-18 08:35:21,2026-03-18 08:36:22,OK,NO
145,1,2026-03-18 08:35:34,2026-03-18 08:36:35,OK,NO
133,2,2026-03-18 08:35:34,2026-03-18 08:36:36,OK,NO
130,3,2026-03-18 08:35:34,2026-03-18 08:36:42,OK,NO
127,5,2026-03-18 08:35:34,2026-03-18 08:36:44,OK,NO
95,12,2026-03-18 08:35:47,2026-03-18 08:36:46,OK,NO
108,8,2026-03-18 08:36:04,2026-03-18 08:36:58,OK,NO
109,7,2026-03-18 08:36:04,2026-03-18 08:37:01,OK,NO
129,4,2026-03-18 08:36:19,2026-03-18 08:37:16,OK,NO
98,11,2026-03-18 08:36:12,2026-03-18 08:37:19,OK,NO
107,9,2026-03-18 08:36:21,2026-03-18 08:37:22,OK,NO
106,10,2026-03-18 08:36:22,2026-03-18 08:37:26,OK,NO
146,1,2026-03-18 08:36:42,2026-03-18 08:37:41,OK,NO
128,5,2026-03-18 08:36:44,2026-03-18 08:37:42,OK,NO
134,2,2026-03-18 08:36:42,2026-03-18 08:37:42,OK,NO
131,3,2026-03-18 08:36:42,2026-03-18 08:37:43,OK,NO
127,6,2026-03-18 08:36:44,2026-03-18 08:37:46,OK,NO
96,12,2026-03-18 08:36:46,2026-03-18 08:37:51,OK,NO
109,8,2026-03-18 08:37:01,2026-03-18 08:38:06,OK,NO
110,7,2026-03-18 08:37:01,2026-03-18 08:38:08,OK,NO
99,11,2026-03-18 08:37:19,2026-03-18 08:38:14,OK,NO
130,4,2026-03-18 08:37:16,2026-03-18 08:38:14,OK,NO
108,9,2026-03-18 08:37:22,2026-03-18 08:38:28,OK,NO
135,2,2026-03-18 08:37:43,2026-03-18 08:38:32,OK,NO
107,10,2026-03-18 08:37:26,2026-03-18 08:38:33,OK,NO
147,1,2026-03-18 08:37:43,2026-03-18 08:38:44,OK,NO
129,5,2026-03-18 08:37:42,2026-03-18 08:38:49,OK,NO
132,3,2026-03-18 08:37:43,2026-03-18 08:38:53,OK,NO
128,6,2026-03-18 08:37:46,2026-03-18 08:38:53,OK,NO
97,12,2026-03-18 08:37:51,2026-03-18 08:38:57,OK,NO
110,8,2026-03-18 08:38:08,2026-03-18 08:39:09,OK,NO
100,11,2026-03-18 08:38:14,2026-03-18 08:39:14,OK,NO
111,7,2026-03-18 08:38:08,2026-03-18 08:39:19,OK,NO
109,9,2026-03-18 08:38:28,2026-03-18 08:39:29,OK,NO
131,4,2026-03-18 08:38:14,2026-03-18 08:39:29,OK,NO
108,10,2026-03-18 08:38:33,2026-03-18 08:39:35,OK,NO
129,6,2026-03-18 08:38:53,2026-03-18 08:39:45,OK,NO
130,5,2026-03-18 08:38:49,2026-03-18 08:39:49,OK,NO
148,1,2026-03-18 08:38:53,2026-03-18 08:39:49,OK,NO
136,2,2026-03-18 08:38:53,2026-03-18 08:39:53,OK,NO
98,12,2026-03-18 08:38:57,2026-03-18 08:39:54,OK,NO
133,3,2026-03-18 08:38:53,2026-03-18 08:39:57,OK,NO
101,11,2026-03-18 08:39:14,2026-03-18 08:40:10,OK,NO
111,8,2026-03-18 08:39:19,2026-03-18 08:40:18,OK,NO
132,4,2026-03-18 08:39:29,2026-03-18 08:40:32,OK,NO
110,9,2026-03-18 08:39:29,2026-03-18 08:40:34,OK,NO
109,10,2026-03-18 08:39:35,2026-03-18 08:40:43,OK,NO
130,6,2026-03-18 08:39:49,2026-03-18 08:40:44,OK,NO
131,5,2026-03-18 08:39:49,2026-03-18 08:40:47,OK,NO
99,12,2026-03-18 08:39:54,2026-03-18 08:40:48,OK,NO
134,3,2026-03-18 08:39:57,2026-03-18 08:40:48,OK,NO
149,1,2026-03-18 08:39:57,2026-03-18 08:40:53,OK,NO
112,7,2026-03-18 08:39:19,2026-03-18 08:40:57,OK,NO
137,2,2026-03-18 08:39:57,2026-03-18 08:41:04,OK,NO
102,11,2026-03-18 08:40:10,2026-03-18 08:41:08,OK,NO
133,4,2026-03-18 08:40:32,2026-03-18 08:41:37,OK,NO
110,10,2026-03-18 08:40:43,2026-03-18 08:41:39,OK,NO
131,6,2026-03-18 08:40:47,2026-03-18 08:41:40,OK,NO
132,5,2026-03-18 08:40:47,2026-03-18 08:41:44,OK,NO
135,3,2026-03-18 08:40:48,2026-03-18 08:41:48,OK,NO
100,12,2026-03-18 08:40:48,2026-03-18 08:41:50,OK,NO
111,9,2026-03-18 08:40:34,2026-03-18 08:41:50,OK,NO
138,2,2026-03-18 08:41:04,2026-03-18 08:42:01,OK,NO
150,1,2026-03-18 08:41:04,2026-03-18 08:42:02,OK,NO
112,8,2026-03-18 08:40:57,2026-03-18 08:42:03,OK,NO
103,11,2026-03-18 08:41:08,2026-03-18 08:42:13,OK,NO
113,7,2026-03-18 08:40:57,2026-03-18 08:42:25,OK,NO
132,6,2026-03-18 08:41:44,2026-03-18 08:42:37,OK,NO
133,5,2026-03-18 08:41:44,2026-03-18 08:42:37,OK,NO
111,10,2026-03-18 08:41:50,2026-03-18 08:42:40,OK,NO
134,4,2026-03-18 08:41:37,2026-03-18 08:42:47,OK,NO
136,3,2026-03-18 08:41:48,2026-03-18 08:42:51,OK,NO
101,12,2026-03-18 08:41:50,2026-03-18 08:43:03,OK,NO
139,2,2026-03-18 08:42:01,2026-03-18 08:43:09,OK,NO
151,1,2026-03-18 08:42:02,2026-03-18 08:43:11,OK,NO
104,11,2026-03-18 08:42:13,2026-03-18 08:43:12,OK,NO
112,9,2026-03-18 08:42:03,2026-03-18 08:43:21,OK,NO
113,8,2026-03-18 08:42:25,2026-03-18 08:43:28,OK,NO
114,7,2026-03-18 08:42:25,2026-03-18 08:43:35,OK,NO
133,6,2026-03-18 08:42:37,2026-03-18 08:43:48,OK,NO
134,5,2026-03-18 08:42:47,2026-03-18 08:43:51,OK,NO
137,3,2026-03-18 08:42:51,2026-03-18 08:43:58,OK,NO
102,12,2026-03-18 08:43:03,2026-03-18 08:44:02,OK,NO
135,4,2026-03-18 08:42:47,2026-03-18 08:44:04,OK,NO
105,11,2026-03-18 08:43:12,2026-03-18 08:44:09,OK,NO
152,1,2026-03-18 08:43:11,2026-03-18 08:44:09,OK,NO
140,2,2026-03-18 08:43:09,2026-03-18 08:44:16,OK,NO
112,10,2026-03-18 08:43:21,2026-03-18 08:44:23,OK,NO
115,7,2026-03-18 08:43:35,2026-03-18 08:44:32,OK,NO
114,8,2026-03-18 08:43:35,2026-03-18 08:44:38,OK,NO
113,9,2026-03-18 08:43:28,2026-03-18 08:44:41,OK,NO
134,6,2026-03-18 08:43:51,2026-03-18 08:44:49,OK,NO
136,4,2026-03-18 08:44:04,2026-03-18 08:44:57,OK,NO
138,3,2026-03-18 08:44:04,2026-03-18 08:44:58,OK,NO
135,5,2026-03-18 08:44:04,2026-03-18 08:44:59,OK,NO
103,12,2026-03-18 08:44:02,2026-03-18 08:45:01,OK,NO
106,11,2026-03-18 08:44:09,2026-03-18 08:45:08,OK,NO
141,2,2026-03-18 08:44:16,2026-03-18 08:45:13,OK,NO
153,1,2026-03-18 08:44:16,2026-03-18 08:45:18,OK,NO
115,8,2026-03-18 08:44:38,2026-03-18 08:45:33,OK,NO
113,10,2026-03-18 08:44:41,2026-03-18 08:45:34,OK,NO
114,9,2026-03-18 08:44:41,2026-03-18 08:45:45,OK,NO
116,7,2026-03-18 08:44:32,2026-03-18 08:45:56,OK,NO
139,3,2026-03-18 08:44:58,2026-03-18 08:45:58,OK,NO
135,6,2026-03-18 08:44:59,2026-03-18 08:45:58,OK,NO
107,11,2026-03-18 08:45:08,2026-03-18 08:46:02,OK,NO
136,5,2026-03-18 08:44:59,2026-03-18 08:46:05,OK,NO
104,12,2026-03-18 08:45:01,2026-03-18 08:46:06,OK,NO
137,4,2026-03-18 08:44:57,2026-03-18 08:46:06,OK,NO
142,2,2026-03-18 08:45:13,2026-03-18 08:46:10,OK,NO
154,1,2026-03-18 08:45:18,2026-03-18 08:46:29,OK,NO
114,10,2026-03-18 08:45:45,2026-03-18 08:46:47,OK,NO
116,8,2026-03-18 08:45:56,2026-03-18 08:46:51,OK,NO
138,4,2026-03-18 08:46:06,2026-03-18 08:46:57,OK,NO
137,5,2026-03-18 08:46:06,2026-03-18 08:47:02,OK,NO
140,3,2026-03-18 08:46:06,2026-03-18 08:47:05,OK,NO
136,6,2026-03-18 08:46:05,2026-03-18 08:47:05,OK,NO
143,2,2026-03-18 08:46:10,2026-03-18 08:47:08,OK,NO
105,12,2026-03-18 08:46:06,2026-03-18 08:47:09,OK,NO
117,7,2026-03-18 08:45:56,2026-03-18 08:47:14,OK,NO
108,11,2026-03-18 08:46:06,2026-03-18 08:47:18,OK,NO
155,1,2026-03-18 08:46:29,2026-03-18 08:47:30,OK,NO
139,4,2026-03-18 08:46:57,2026-03-18 08:47:53,OK,NO
138,5,2026-03-18 08:47:02,2026-03-18 08:47:57,OK,NO
144,2,2026-03-18 08:47:08,2026-03-18 08:48:03,OK,NO
118,7,2026-03-18 08:47:14,2026-03-18 08:48:06,OK,NO
141,3,2026-03-18 08:47:05,2026-03-18 08:48:09,OK,NO
106,12,2026-03-18 08:47:09,2026-03-18 08:48:09,OK,NO
137,6,2026-03-18 08:47:05,2026-03-18 08:48:12,OK,NO
117,8,2026-03-18 08:47:14,2026-03-18 08:48:13,OK,NO
109,11,2026-03-18 08:47:18,2026-03-18 08:48:14,OK,NO
156,1,2026-03-18 08:47:30,2026-03-18 08:48:33,OK,NO
115,9,2026-03-18 08:47:28,2026-03-18 08:48:36,OK,NO
139,5,2026-03-18 08:47:57,2026-03-18 08:48:53,OK,NO
140,4,2026-03-18 08:47:53,2026-03-18 08:48:57,OK,NO
138,6,2026-03-18 08:48:12,2026-03-18 08:49:05,OK,NO
110,11,2026-03-18 08:48:14,2026-03-18 08:49:08,OK,NO
119,7,2026-03-18 08:48:06,2026-03-18 08:49:11,OK,NO
107,12,2026-03-18 08:48:09,2026-03-18 08:49:12,OK,NO
142,3,2026-03-18 08:48:09,2026-03-18 08:49:13,OK,NO
145,2,2026-03-18 08:48:09,2026-03-18 08:49:17,OK,NO
118,8,2026-03-18 08:48:13,2026-03-18 08:49:17,OK,NO
115,10,2026-03-18 08:48:36,2026-03-18 08:49:31,OK,NO
157,1,2026-03-18 08:48:33,2026-03-18 08:49:33,OK,NO
116,9,2026-03-18 08:48:36,2026-03-18 08:49:57,OK,NO
140,5,2026-03-18 08:48:57,2026-03-18 08:50:00,OK,NO
120,7,2026-03-18 08:49:11,2026-03-18 08:50:05,OK,NO
141,4,2026-03-18 08:48:57,2026-03-18 08:50:05,OK,NO
139,6,2026-03-18 08:49:05,2026-03-18 08:50:08,OK,NO
146,2,2026-03-18 08:49:17,2026-03-18 08:50:11,OK,NO
143,3,2026-03-18 08:49:13,2026-03-18 08:50:11,OK,NO
108,12,2026-03-18 08:49:12,2026-03-18 08:50:17,OK,NO
111,11,2026-03-18 08:49:12,2026-03-18 08:50:17,OK,NO
119,8,2026-03-18 08:49:17,2026-03-18 08:50:19,OK,NO
158,1,2026-03-18 08:49:33,2026-03-18 08:50:32,OK,NO
144,3,2026-03-18 08:50:11,2026-03-18 08:51:02,OK,NO
147,2,2026-03-18 08:50:11,2026-03-18 08:51:08,OK,NO
142,4,2026-03-18 08:50:05,2026-03-18 08:51:08,OK,NO
120,8,2026-03-18 08:50:19,2026-03-18 08:51:12,OK,NO
141,5,2026-03-18 08:50:05,2026-03-18 08:51:12,OK,NO
121,7,2026-03-18 08:50:05,2026-03-18 08:51:13,OK,NO
140,6,2026-03-18 08:50:08,2026-03-18 08:51:14,OK,NO
116,10,2026-03-18 08:49:57,2026-03-18 08:51:17,OK,NO
109,12,2026-03-18 08:50:17,2026-03-18 08:51:20,OK,NO
112,11,2026-03-18 08:50:17,2026-03-18 08:51:21,OK,NO
117,9,2026-03-18 08:49:57,2026-03-18 08:51:22,OK,NO
159,1,2026-03-18 08:50:32,2026-03-18 08:51:34,OK,NO
121,8,2026-03-18 08:51:13,2026-03-18 08:52:01,OK,NO
142,5,2026-03-18 08:51:12,2026-03-18 08:52:02,OK,NO
145,3,2026-03-18 08:51:08,2026-03-18 08:52:03,OK,NO
148,2,2026-03-18 08:51:08,2026-03-18 08:52:07,OK,NO
141,6,2026-03-18 08:51:14,2026-03-18 08:52:11,OK,NO
143,4,2026-03-18 08:51:08,2026-03-18 08:52:13,OK,NO
122,7,2026-03-18 08:51:13,2026-03-18 08:52:14,OK,NO
110,12,2026-03-18 08:51:20,2026-03-18 08:52:15,OK,NO
113,11,2026-03-18 08:51:21,2026-03-18 08:52:22,OK,NO
117,10,2026-03-18 08:51:22,2026-03-18 08:52:24,OK,NO
118,9,2026-03-18 08:51:22,2026-03-18 08:52:25,OK,NO
160,1,2026-03-18 08:51:34,2026-03-18 08:52:29,OK,NO
144,4,2026-03-18 08:52:13,2026-03-18 08:53:06,OK,NO
149,2,2026-03-18 08:52:13,2026-03-18 08:53:09,OK,NO
111,12,2026-03-18 08:52:15,2026-03-18 08:53:09,OK,NO
146,3,2026-03-18 08:52:13,2026-03-18 08:53:11,OK,NO
122,8,2026-03-18 08:52:14,2026-03-18 08:53:12,OK,NO
114,11,2026-03-18 08:52:22,2026-03-18 08:53:12,OK,NO
142,6,2026-03-18 08:52:11,2026-03-18 08:53:13,OK,NO
123,7,2026-03-18 08:52:14,2026-03-18 08:53:13,OK,NO
143,5,2026-03-18 08:52:13,2026-03-18 08:53:16,OK,NO
119,9,2026-03-18 08:52:25,2026-03-18 08:53:20,OK,NO
118,10,2026-03-18 08:52:25,2026-03-18 08:53:29,OK,NO
161,1,2026-03-18 08:52:29,2026-03-18 08:53:37,OK,NO
112,12,2026-03-18 08:53:09,2026-03-18 08:54:06,OK,NO
115,11,2026-03-18 08:53:12,2026-03-18 08:54:11,OK,NO
147,3,2026-03-18 08:53:11,2026-03-18 08:54:12,OK,NO
124,7,2026-03-18 08:53:13,2026-03-18 08:54:14,OK,NO
120,9,2026-03-18 08:53:20,2026-03-18 08:54:14,OK,NO
123,8,2026-03-18 08:53:13,2026-03-18 08:54:16,OK,NO
150,2,2026-03-18 08:53:11,2026-03-18 08:54:16,OK,NO
143,6,2026-03-18 08:53:16,2026-03-18 08:54:21,OK,NO
145,4,2026-03-18 08:53:06,2026-03-18 08:54:24,OK,NO
119,10,2026-03-18 08:53:29,2026-03-18 08:54:32,OK,NO
162,1,2026-03-18 08:53:37,2026-03-18 08:54:41,OK,NO
113,12,2026-03-18 08:54:06,2026-03-18 08:55:05,OK,NO
116,11,2026-03-18 08:54:11,2026-03-18 08:55:05,OK,NO
125,7,2026-03-18 08:54:14,2026-03-18 08:55:12,OK,NO
148,3,2026-03-18 08:54:24,2026-03-18 08:55:14,OK,NO
121,9,2026-03-18 08:54:14,2026-03-18 08:55:17,OK,NO
146,4,2026-03-18 08:54:24,2026-03-18 08:55:18,OK,NO
124,8,2026-03-18 08:54:16,2026-03-18 08:55:20,OK,NO
120,10,2026-03-18 08:54:32,2026-03-18 08:55:27,OK,NO
151,2,2026-03-18 08:54:24,2026-03-18 08:55:29,OK,NO
163,1,2026-03-18 08:54:41,2026-03-18 08:55:43,OK,NO
149,3,2026-03-18 08:55:18,2026-03-18 08:56:09,OK,NO
114,12,2026-03-18 08:55:05,2026-03-18 08:56:11,OK,NO
126,7,2026-03-18 08:55:12,2026-03-18 08:56:13,OK,NO
117,11,2026-03-18 08:55:05,2026-03-18 08:56:19,OK,NO
122,9,2026-03-18 08:55:17,2026-03-18 08:56:20,OK,NO
125,8,2026-03-18 08:55:20,2026-03-18 08:56:21,OK,NO
147,4,2026-03-18 08:55:18,2026-03-18 08:56:30,OK,NO
121,10,2026-03-18 08:55:27,2026-03-18 08:56:31,OK,NO
164,1,2026-03-18 08:55:43,2026-03-18 08:56:32,OK,NO
152,2,2026-03-18 08:55:29,2026-03-18 08:56:34,OK,NO
115,12,2026-03-18 08:56:11,2026-03-18 08:57:13,OK,NO
123,9,2026-03-18 08:56:20,2026-03-18 08:57:19,OK,NO
118,11,2026-03-18 08:56:19,2026-03-18 08:57:20,OK,NO
122,10,2026-03-18 08:56:31,2026-03-18 08:57:27,OK,NO
127,7,2026-03-18 08:56:13,2026-03-18 08:57:29,OK,NO
126,8,2026-03-18 08:56:21,2026-03-18 08:57:31,OK,NO
165,1,2026-03-18 08:56:34,2026-03-18 08:57:34,OK,NO
150,3,2026-03-18 08:56:30,2026-03-18 08:57:34,OK,NO
153,2,2026-03-18 08:56:34,2026-03-18 08:57:39,OK,NO
148,4,2026-03-18 08:56:30,2026-03-18 08:57:56,OK,NO
119,11,2026-03-18 08:57:20,2026-03-18 08:58:13,OK,NO
116,12,2026-03-18 08:57:13,2026-03-18 08:58:14,OK,NO
124,9,2026-03-18 08:57:19,2026-03-18 08:58:20,OK,NO
128,7,2026-03-18 08:57:29,2026-03-18 08:58:27,OK,NO
127,8,2026-03-18 08:57:31,2026-03-18 08:58:31,OK,NO
123,10,2026-03-18 08:57:27,2026-03-18 08:58:38,OK,NO
149,4,2026-03-18 08:57:56,2026-03-18 08:58:50,OK,NO
151,3,2026-03-18 08:57:56,2026-03-18 08:58:54,OK,NO
154,2,2026-03-18 08:57:56,2026-03-18 08:58:58,OK,NO
166,1,2026-03-18 08:57:56,2026-03-18 08:59:07,OK,NO
120,11,2026-03-18 08:58:14,2026-03-18 08:59:09,OK,NO
117,12,2026-03-18 08:58:14,2026-03-18 08:59:16,OK,NO
125,9,2026-03-18 08:58:20,2026-03-18 08:59:22,OK,NO
128,8,2026-03-18 08:58:31,2026-03-18 08:59:22,OK,NO
129,7,2026-03-18 08:58:27,2026-03-18 08:59:28,OK,NO
124,10,2026-03-18 08:58:38,2026-03-18 08:59:32,OK,NO
150,4,2026-03-18 08:58:50,2026-03-18 08:59:51,OK,NO
155,2,2026-03-18 08:58:58,2026-03-18 09:00:00,OK,NO
152,3,2026-03-18 08:58:54,2026-03-18 09:00:01,OK,NO
144,5,2026-03-18 08:59:11,2026-03-18 09:00:02,OK,NO
167,1,2026-03-18 08:59:07,2026-03-18 09:00:10,OK,NO
118,12,2026-03-18 08:59:16,2026-03-18 09:00:10,OK,NO
121,11,2026-03-18 08:59:16,2026-03-18 09:00:14,OK,NO
126,9,2026-03-18 08:59:22,2026-03-18 09:00:27,OK,NO
125,10,2026-03-18 08:59:32,2026-03-18 09:00:28,OK,NO
129,8,2026-03-18 08:59:28,2026-03-18 09:00:29,OK,NO
130,7,2026-03-18 08:59:28,2026-03-18 09:00:31,OK,NO
153,3,2026-03-18 09:00:01,2026-03-18 09:00:54,OK,NO
144,6,2026-03-18 09:00:02,2026-03-18 09:00:55,OK,NO
156,2,2026-03-18 09:00:01,2026-03-18 09:00:58,OK,NO
151,4,2026-03-18 08:59:51,2026-03-18 09:01:02,OK,NO
145,5,2026-03-18 09:00:02,2026-03-18 09:01:03,OK,NO
119,12,2026-03-18 09:00:10,2026-03-18 09:01:07,OK,NO
122,11,2026-03-18 09:00:14,2026-03-18 09:01:11,OK,NO
168,1,2026-03-18 09:00:10,2026-03-18 09:01:16,OK,NO
126,10,2026-03-18 09:00:28,2026-03-18 09:01:27,OK,NO
130,8,2026-03-18 09:00:31,2026-03-18 09:01:27,OK,NO
131,7,2026-03-18 09:00:31,2026-03-18 09:01:39,OK,NO
127,9,2026-03-18 09:00:27,2026-03-18 09:01:47,OK,NO
120,12,2026-03-18 09:01:07,2026-03-18 09:01:55,OK,NO
123,11,2026-03-18 09:01:11,2026-03-18 09:01:56,OK,NO
145,6,2026-03-18 09:01:03,2026-03-18 09:01:58,OK,NO
154,3,2026-03-18 09:01:02,2026-03-18 09:02:05,OK,NO
152,4,2026-03-18 09:01:02,2026-03-18 09:02:06,OK,NO
146,5,2026-03-18 09:01:03,2026-03-18 09:02:08,OK,NO
169,1,2026-03-18 09:01:16,2026-03-18 09:02:09,OK,NO
157,2,2026-03-18 09:01:02,2026-03-18 09:02:13,OK,NO
131,8,2026-03-18 09:01:39,2026-03-18 09:02:34,OK,NO
128,9,2026-03-18 09:01:47,2026-03-18 09:02:45,OK,NO
132,7,2026-03-18 09:01:39,2026-03-18 09:02:48,OK,NO
124,11,2026-03-18 09:01:56,2026-03-18 09:02:51,OK,NO
127,10,2026-03-18 09:01:47,2026-03-18 09:02:52,OK,NO
121,12,2026-03-18 09:01:55,2026-03-18 09:02:56,OK,NO
153,4,2026-03-18 09:02:06,2026-03-18 09:03:08,OK,NO
147,5,2026-03-18 09:02:08,2026-03-18 09:03:09,OK,NO
146,6,2026-03-18 09:02:08,2026-03-18 09:03:11,OK,NO
155,3,2026-03-18 09:02:06,2026-03-18 09:03:13,OK,NO
158,2,2026-03-18 09:02:13,2026-03-18 09:03:14,OK,NO
170,1,2026-03-18 09:02:13,2026-03-18 09:03:16,OK,NO
129,9,2026-03-18 09:02:45,2026-03-18 09:03:35,OK,NO
133,7,2026-03-18 09:02:48,2026-03-18 09:03:43,OK,NO
132,8,2026-03-18 09:02:48,2026-03-18 09:03:44,OK,NO
125,11,2026-03-18 09:02:56,2026-03-18 09:03:45,OK,NO
156,3,2026-03-18 09:03:13,2026-03-18 09:04:01,OK,NO
122,12,2026-03-18 09:02:56,2026-03-18 09:04:04,OK,NO
128,10,2026-03-18 09:02:52,2026-03-18 09:04:05,OK,NO
147,6,2026-03-18 09:03:11,2026-03-18 09:04:10,OK,NO
171,1,2026-03-18 09:03:16,2026-03-18 09:04:11,OK,NO
148,5,2026-03-18 09:03:09,2026-03-18 09:04:16,OK,NO
159,2,2026-03-18 09:03:14,2026-03-18 09:04:22,OK,NO
154,4,2026-03-18 09:03:08,2026-03-18 09:04:30,OK,NO
133,8,2026-03-18 09:03:44,2026-03-18 09:04:39,OK,NO
130,9,2026-03-18 09:03:35,2026-03-18 09:04:43,OK,NO
134,7,2026-03-18 09:03:43,2026-03-18 09:04:56,OK,NO
126,11,2026-03-18 09:04:04,2026-03-18 09:05:01,OK,NO
123,12,2026-03-18 09:04:04,2026-03-18 09:05:07,OK,NO
129,10,2026-03-18 09:04:05,2026-03-18 09:05:07,OK,NO
149,5,2026-03-18 09:04:16,2026-03-18 09:05:10,OK,NO
148,6,2026-03-18 09:04:16,2026-03-18 09:05:17,OK,NO
157,3,2026-03-18 09:04:30,2026-03-18 09:05:32,OK,NO
160,2,2026-03-18 09:04:30,2026-03-18 09:05:35,OK,NO
155,4,2026-03-18 09:04:30,2026-03-18 09:05:35,OK,NO
172,1,2026-03-18 09:04:30,2026-03-18 09:05:40,OK,NO
131,9,2026-03-18 09:04:43,2026-03-18 09:05:41,OK,NO
134,8,2026-03-18 09:04:56,2026-03-18 09:05:55,OK,NO
130,10,2026-03-18 09:05:07,2026-03-18 09:06:01,OK,NO
135,7,2026-03-18 09:04:56,2026-03-18 09:06:05,OK,NO
124,12,2026-03-18 09:05:07,2026-03-18 09:06:07,OK,NO
149,6,2026-03-18 09:05:17,2026-03-18 09:06:08,OK,NO
127,11,2026-03-18 09:05:07,2026-03-18 09:06:08,OK,NO
150,5,2026-03-18 09:05:10,2026-03-18 09:06:12,OK,NO
156,4,2026-03-18 09:05:35,2026-03-18 09:06:28,OK,NO
158,3,2026-03-18 09:05:35,2026-03-18 09:06:29,OK,NO
173,1,2026-03-18 09:05:40,2026-03-18 09:06:39,OK,NO
132,9,2026-03-18 09:05:41,2026-03-18 09:06:40,OK,NO
161,2,2026-03-18 09:05:35,2026-03-18 09:06:42,OK,NO
135,8,2026-03-18 09:06:05,2026-03-18 09:07:01,OK,NO
131,10,2026-03-18 09:06:01,2026-03-18 09:07:05,OK,NO
136,7,2026-03-18 09:06:05,2026-03-18 09:07:05,OK,NO
151,5,2026-03-18 09:06:12,2026-03-18 09:07:12,OK,NO
150,6,2026-03-18 09:06:12,2026-03-18 09:07:15,OK,NO
128,11,2026-03-18 09:06:08,2026-03-18 09:07:15,OK,NO
125,12,2026-03-18 09:06:07,2026-03-18 09:07:15,OK,NO
157,4,2026-03-18 09:06:28,2026-03-18 09:07:29,OK,NO
159,3,2026-03-18 09:06:29,2026-03-18 09:07:30,OK,NO
162,2,2026-03-18 09:06:42,2026-03-18 09:07:34,OK,NO
174,1,2026-03-18 09:06:42,2026-03-18 09:07:38,OK,NO
133,9,2026-03-18 09:06:40,2026-03-18 09:07:48,OK,NO
132,10,2026-03-18 09:07:05,2026-03-18 09:07:57,OK,NO
152,5,2026-03-18 09:07:12,2026-03-18 09:08:03,OK,NO
137,7,2026-03-18 09:07:05,2026-03-18 09:08:11,OK,NO
136,8,2026-03-18 09:07:05,2026-03-18 09:08:14,OK,NO
129,11,2026-03-18 09:07:15,2026-03-18 09:08:14,OK,NO
126,12,2026-03-18 09:07:15,2026-03-18 09:08:18,OK,NO
151,6,2026-03-18 09:07:15,2026-03-18 09:08:24,OK,NO
160,3,2026-03-18 09:07:30,2026-03-18 09:08:24,OK,NO
163,2,2026-03-18 09:07:34,2026-03-18 09:08:32,OK,NO
175,1,2026-03-18 09:07:38,2026-03-18 09:08:37,OK,NO
133,10,2026-03-18 09:07:57,2026-03-18 09:08:56,OK,NO
153,5,2026-03-18 09:08:03,2026-03-18 09:09:02,OK,NO
158,4,2026-03-18 09:07:29,2026-03-18 09:09:06,OK,NO
127,12,2026-03-18 09:08:18,2026-03-18 09:09:06,OK,NO
134,9,2026-03-18 09:07:48,2026-03-18 09:09:11,OK,NO
138,7,2026-03-18 09:08:11,2026-03-18 09:09:11,OK,NO
137,8,2026-03-18 09:08:14,2026-03-18 09:09:18,OK,NO
130,11,2026-03-18 09:08:18,2026-03-18 09:09:20,OK,NO
152,6,2026-03-18 09:08:24,2026-03-18 09:09:22,OK,NO
164,2,2026-03-18 09:09:06,2026-03-18 09:09:59,OK,NO
176,1,2026-03-18 09:09:06,2026-03-18 09:10:00,OK,NO
128,12,2026-03-18 09:09:06,2026-03-18 09:10:01,OK,NO
139,7,2026-03-18 09:09:11,2026-03-18 09:10:04,OK,NO
159,4,2026-03-18 09:09:06,2026-03-18 09:10:08,OK,NO
161,3,2026-03-18 09:09:06,2026-03-18 09:10:10,OK,NO
154,5,2026-03-18 09:09:02,2026-03-18 09:10:11,OK,NO
135,9,2026-03-18 09:09:11,2026-03-18 09:10:12,OK,NO
131,11,2026-03-18 09:09:20,2026-03-18 09:10:13,OK,NO
134,10,2026-03-18 09:09:11,2026-03-18 09:10:17,OK,NO
153,6,2026-03-18 09:09:22,2026-03-18 09:10:18,OK,NO
138,8,2026-03-18 09:09:18,2026-03-18 09:10:26,OK,NO
177,1,2026-03-18 09:10:10,2026-03-18 09:10:59,OK,NO
140,7,2026-03-18 09:10:04,2026-03-18 09:11:01,OK,NO
129,12,2026-03-18 09:10:01,2026-03-18 09:11:08,OK,NO
132,11,2026-03-18 09:10:13,2026-03-18 09:11:10,OK,NO
154,6,2026-03-18 09:10:18,2026-03-18 09:11:11,OK,NO
165,2,2026-03-18 09:10:10,2026-03-18 09:11:12,OK,NO
160,4,2026-03-18 09:10:08,2026-03-18 09:11:13,OK,NO
155,5,2026-03-18 09:10:11,2026-03-18 09:11:14,OK,NO
135,10,2026-03-18 09:10:17,2026-03-18 09:11:17,OK,NO
136,9,2026-03-18 09:10:12,2026-03-18 09:11:20,OK,NO
162,3,2026-03-18 09:10:10,2026-03-18 09:11:23,OK,NO
139,8,2026-03-18 09:10:26,2026-03-18 09:11:29,OK,NO
161,4,2026-03-18 09:11:13,2026-03-18 09:12:03,OK,NO
141,7,2026-03-18 09:11:01,2026-03-18 09:12:06,OK,NO
130,12,2026-03-18 09:11:08,2026-03-18 09:12:07,OK,NO
133,11,2026-03-18 09:11:10,2026-03-18 09:12:10,OK,NO
178,1,2026-03-18 09:11:23,2026-03-18 09:12:15,OK,NO
163,3,2026-03-18 09:11:23,2026-03-18 09:12:16,OK,NO
155,6,2026-03-18 09:11:14,2026-03-18 09:12:16,OK,NO
136,10,2026-03-18 09:11:20,2026-03-18 09:12:18,OK,NO
137,9,2026-03-18 09:11:20,2026-03-18 09:12:18,OK,NO
156,5,2026-03-18 09:11:14,2026-03-18 09:12:19,OK,NO
166,2,2026-03-18 09:11:23,2026-03-18 09:12:21,OK,NO
140,8,2026-03-18 09:11:29,2026-03-18 09:12:23,OK,NO
134,11,2026-03-18 09:12:10,2026-03-18 09:13:01,OK,NO
131,12,2026-03-18 09:12:07,2026-03-18 09:13:06,OK,NO
162,4,2026-03-18 09:12:03,2026-03-18 09:13:10,OK,NO
179,1,2026-03-18 09:12:21,2026-03-18 09:13:12,OK,NO
137,10,2026-03-18 09:12:18,2026-03-18 09:13:13,OK,NO
164,3,2026-03-18 09:12:16,2026-03-18 09:13:13,OK,NO
157,5,2026-03-18 09:12:19,2026-03-18 09:13:15,OK,NO
142,7,2026-03-18 09:12:06,2026-03-18 09:13:16,OK,NO
141,8,2026-03-18 09:12:23,2026-03-18 09:13:20,OK,NO
138,9,2026-03-18 09:12:18,2026-03-18 09:13:22,OK,NO
156,6,2026-03-18 09:12:19,2026-03-18 09:13:23,OK,NO
167,2,2026-03-18 09:12:21,2026-03-18 09:13:27,OK,NO
165,3,2026-03-18 09:13:13,2026-03-18 09:14:07,OK,NO
163,4,2026-03-18 09:13:10,2026-03-18 09:14:08,OK,NO
138,10,2026-03-18 09:13:22,2026-03-18 09:14:09,OK,NO
132,12,2026-03-18 09:13:06,2026-03-18 09:14:12,OK,NO
142,8,2026-03-18 09:13:20,2026-03-18 09:14:14,OK,NO
135,11,2026-03-18 09:13:06,2026-03-18 09:14:15,OK,NO
143,7,2026-03-18 09:13:16,2026-03-18 09:14:17,OK,NO
158,5,2026-03-18 09:13:15,2026-03-18 09:14:20,OK,NO
139,9,2026-03-18 09:13:22,2026-03-18 09:14:20,OK,NO
157,6,2026-03-18 09:13:23,2026-03-18 09:14:20,OK,NO
180,1,2026-03-18 09:13:27,2026-03-18 09:14:28,OK,NO
168,2,2026-03-18 09:13:27,2026-03-18 09:14:29,OK,NO
164,4,2026-03-18 09:14:08,2026-03-18 09:15:07,OK,NO
133,12,2026-03-18 09:14:12,2026-03-18 09:15:09,OK,NO
166,3,2026-03-18 09:14:08,2026-03-18 09:15:10,OK,NO
144,7,2026-03-18 09:14:17,2026-03-18 09:15:10,OK,NO
159,5,2026-03-18 09:14:20,2026-03-18 09:15:13,OK,NO
136,11,2026-03-18 09:14:15,2026-03-18 09:15:14,OK,NO
143,8,2026-03-18 09:14:17,2026-03-18 09:15:16,OK,NO
158,6,2026-03-18 09:14:20,2026-03-18 09:15:21,OK,NO
139,10,2026-03-18 09:14:20,2026-03-18 09:15:22,OK,NO
181,1,2026-03-18 09:14:29,2026-03-18 09:15:24,OK,NO
140,9,2026-03-18 09:14:20,2026-03-18 09:15:26,OK,NO
169,2,2026-03-18 09:14:29,2026-03-18 09:15:27,OK,NO
167,3,2026-03-18 09:15:10,2026-03-18 09:16:04,OK,NO
134,12,2026-03-18 09:15:09,2026-03-18 09:16:05,OK,NO
137,11,2026-03-18 09:15:14,2026-03-18 09:16:07,OK,NO
144,8,2026-03-18 09:15:16,2026-03-18 09:16:08,OK,NO
145,7,2026-03-18 09:15:10,2026-03-18 09:16:14,OK,NO
160,5,2026-03-18 09:15:13,2026-03-18 09:16:15,OK,NO
140,10,2026-03-18 09:15:26,2026-03-18 09:16:16,OK,NO
165,4,2026-03-18 09:15:07,2026-03-18 09:16:18,OK,NO
159,6,2026-03-18 09:15:21,2026-03-18 09:16:22,OK,NO
182,1,2026-03-18 09:15:27,2026-03-18 09:16:24,OK,NO
141,9,2026-03-18 09:15:26,2026-03-18 09:16:29,OK,NO
170,2,2026-03-18 09:15:27,2026-03-18 09:16:32,OK,NO
135,12,2026-03-18 09:16:05,2026-03-18 09:16:56,OK,NO
145,8,2026-03-18 09:16:14,2026-03-18 09:17:09,OK,NO
138,11,2026-03-18 09:16:07,2026-03-18 09:17:12,OK,NO
161,5,2026-03-18 09:16:15,2026-03-18 09:17:15,OK,NO
160,6,2026-03-18 09:16:22,2026-03-18 09:17:19,OK,NO
146,7,2026-03-18 09:16:14,2026-03-18 09:17:21,OK,NO
168,3,2026-03-18 09:16:18,2026-03-18 09:17:21,OK,NO
142,9,2026-03-18 09:16:29,2026-03-18 09:17:28,OK,NO
141,10,2026-03-18 09:16:29,2026-03-18 09:17:29,OK,NO
171,2,2026-03-18 09:16:32,2026-03-18 09:17:31,OK,NO
183,1,2026-03-18 09:16:32,2026-03-18 09:17:34,OK,NO
166,4,2026-03-18 09:16:18,2026-03-18 09:17:50,OK,NO
136,12,2026-03-18 09:16:56,2026-03-18 09:18:01,OK,NO
162,5,2026-03-18 09:17:15,2026-03-18 09:18:14,OK,NO
146,8,2026-03-18 09:17:21,2026-03-18 09:18:23,OK,NO
161,6,2026-03-18 09:17:19,2026-03-18 09:18:24,OK,NO
142,10,2026-03-18 09:17:29,2026-03-18 09:18:28,OK,NO
143,9,2026-03-18 09:17:28,2026-03-18 09:18:30,OK,NO
147,7,2026-03-18 09:17:21,2026-03-18 09:18:42,OK,NO
169,3,2026-03-18 09:17:50,2026-03-18 09:18:48,OK,NO
184,1,2026-03-18 09:17:50,2026-03-18 09:18:50,OK,NO
172,2,2026-03-18 09:17:50,2026-03-18 09:18:51,OK,NO
167,4,2026-03-18 09:17:50,2026-03-18 09:18:53,OK,NO
137,12,2026-03-18 09:18:01,2026-03-18 09:19:02,OK,NO
163,5,2026-03-18 09:18:14,2026-03-18 09:19:19,OK,NO
143,10,2026-03-18 09:18:30,2026-03-18 09:19:29,OK,NO
147,8,2026-03-18 09:18:42,2026-03-18 09:19:34,OK,NO
144,9,2026-03-18 09:18:30,2026-03-18 09:19:38,OK,NO
162,6,2026-03-18 09:18:24,2026-03-18 09:19:39,OK,NO
185,1,2026-03-18 09:18:53,2026-03-18 09:19:45,OK,NO
170,3,2026-03-18 09:18:53,2026-03-18 09:19:50,OK,NO
173,2,2026-03-18 09:18:53,2026-03-18 09:19:51,OK,NO
168,4,2026-03-18 09:18:53,2026-03-18 09:19:57,OK,NO
138,12,2026-03-18 09:19:02,2026-03-18 09:20:05,OK,NO
148,7,2026-03-18 09:18:42,2026-03-18 09:20:14,OK,NO
164,5,2026-03-18 09:19:19,2026-03-18 09:20:27,OK,NO
145,9,2026-03-18 09:19:38,2026-03-18 09:20:35,OK,NO
144,10,2026-03-18 09:19:38,2026-03-18 09:20:37,OK,NO
163,6,2026-03-18 09:19:39,2026-03-18 09:20:45,OK,NO
186,1,2026-03-18 09:19:57,2026-03-18 09:20:49,OK,NO
171,3,2026-03-18 09:19:57,2026-03-18 09:20:49,OK,NO
169,4,2026-03-18 09:19:57,2026-03-18 09:20:57,OK,NO
174,2,2026-03-18 09:19:57,2026-03-18 09:20:57,OK,NO
148,8,2026-03-18 09:20:14,2026-03-18 09:21:14,OK,NO
149,7,2026-03-18 09:20:14,2026-03-18 09:21:19,OK,NO
146,9,2026-03-18 09:20:35,2026-03-18 09:21:27,OK,NO
165,5,2026-03-18 09:20:27,2026-03-18 09:21:34,OK,NO
164,6,2026-03-18 09:20:45,2026-03-18 09:21:35,OK,NO
145,10,2026-03-18 09:20:37,2026-03-18 09:21:40,OK,NO
187,1,2026-03-18 09:20:57,2026-03-18 09:21:54,OK,NO
175,2,2026-03-18 09:20:57,2026-03-18 09:21:55,OK,NO
172,3,2026-03-18 09:20:57,2026-03-18 09:22:03,OK,NO
150,7,2026-03-18 09:21:19,2026-03-18 09:22:13,OK,NO
149,8,2026-03-18 09:21:19,2026-03-18 09:22:16,OK,NO
170,4,2026-03-18 09:20:57,2026-03-18 09:22:19,OK,NO
165,6,2026-03-18 09:21:35,2026-03-18 09:22:39,OK,NO
166,5,2026-03-18 09:21:34,2026-03-18 09:22:39,OK,NO
146,10,2026-03-18 09:21:40,2026-03-18 09:22:46,OK,NO
147,9,2026-03-18 09:21:27,2026-03-18 09:23:06,OK,NO
188,1,2026-03-18 09:22:19,2026-03-18 09:23:09,OK,NO
171,4,2026-03-18 09:22:19,2026-03-18 09:23:14,OK,NO
151,7,2026-03-18 09:22:13,2026-03-18 09:23:15,OK,NO
173,3,2026-03-18 09:22:19,2026-03-18 09:23:16,OK,NO
176,2,2026-03-18 09:22:19,2026-03-18 09:23:21,OK,NO
150,8,2026-03-18 09:22:16,2026-03-18 09:23:26,OK,NO
166,6,2026-03-18 09:22:39,2026-03-18 09:23:34,OK,NO
167,5,2026-03-18 09:22:39,2026-03-18 09:23:37,OK,NO
147,10,2026-03-18 09:23:06,2026-03-18 09:24:08,OK,NO
189,1,2026-03-18 09:23:21,2026-03-18 09:24:16,OK,NO
152,7,2026-03-18 09:23:15,2026-03-18 09:24:17,OK,NO
174,3,2026-03-18 09:23:16,2026-03-18 09:24:19,OK,NO
172,4,2026-03-18 09:23:14,2026-03-18 09:24:24,OK,NO
148,9,2026-03-18 09:23:06,2026-03-18 09:24:28,OK,NO
177,2,2026-03-18 09:23:21,2026-03-18 09:24:30,OK,NO
167,6,2026-03-18 09:23:37,2026-03-18 09:24:30,OK,NO
151,8,2026-03-18 09:23:26,2026-03-18 09:24:30,OK,NO
168,5,2026-03-18 09:23:37,2026-03-18 09:24:32,OK,NO
139,11,2026-03-18 09:23:37,2026-03-18 09:24:33,OK,NO
153,7,2026-03-18 09:24:17,2026-03-18 09:25:13,OK,NO
175,3,2026-03-18 09:24:24,2026-03-18 09:25:14,OK,NO
168,6,2026-03-18 09:24:32,2026-03-18 09:25:22,OK,NO
148,10,2026-03-18 09:24:28,2026-03-18 09:25:23,OK,NO
173,4,2026-03-18 09:24:24,2026-03-18 09:25:27,OK,NO
149,9,2026-03-18 09:24:28,2026-03-18 09:25:28,OK,NO
190,1,2026-03-18 09:24:30,2026-03-18 09:25:30,OK,NO
152,8,2026-03-18 09:24:30,2026-03-18 09:25:33,OK,NO
178,2,2026-03-18 09:24:30,2026-03-18 09:25:33,OK,NO
140,11,2026-03-18 09:24:33,2026-03-18 09:25:34,OK,NO
139,12,2026-03-18 09:24:33,2026-03-18 09:25:41,OK,NO
169,5,2026-03-18 09:24:32,2026-03-18 09:25:41,OK,NO
150,9,2026-03-18 09:25:28,2026-03-18 09:26:22,OK,NO
174,4,2026-03-18 09:25:27,2026-03-18 09:26:26,OK,NO
176,3,2026-03-18 09:25:27,2026-03-18 09:26:26,OK,NO
153,8,2026-03-18 09:25:33,2026-03-18 09:26:27,OK,NO
179,2,2026-03-18 09:25:33,2026-03-18 09:26:28,OK,NO
154,7,2026-03-18 09:25:13,2026-03-18 09:26:29,OK,NO
141,11,2026-03-18 09:25:34,2026-03-18 09:26:29,OK,NO
191,1,2026-03-18 09:25:33,2026-03-18 09:26:34,OK,NO
149,10,2026-03-18 09:25:28,2026-03-18 09:26:36,OK,NO
169,6,2026-03-18 09:25:41,2026-03-18 09:26:37,OK,NO
140,12,2026-03-18 09:25:41,2026-03-18 09:26:41,OK,NO
170,5,2026-03-18 09:25:41,2026-03-18 09:26:42,OK,NO
151,9,2026-03-18 09:26:22,2026-03-18 09:27:17,OK,NO
177,3,2026-03-18 09:26:26,2026-03-18 09:27:19,OK,NO
142,11,2026-03-18 09:26:29,2026-03-18 09:27:22,OK,NO
175,4,2026-03-18 09:26:26,2026-03-18 09:27:23,OK,NO
192,1,2026-03-18 09:26:34,2026-03-18 09:27:30,OK,NO
180,2,2026-03-18 09:26:28,2026-03-18 09:27:30,OK,NO
154,8,2026-03-18 09:26:29,2026-03-18 09:27:34,OK,NO
155,7,2026-03-18 09:26:29,2026-03-18 09:27:39,OK,NO
171,5,2026-03-18 09:26:42,2026-03-18 09:27:39,OK,NO
150,10,2026-03-18 09:26:36,2026-03-18 09:27:40,OK,NO
141,12,2026-03-18 09:26:41,2026-03-18 09:27:45,OK,NO
170,6,2026-03-18 09:26:42,2026-03-18 09:27:45,OK,NO
152,9,2026-03-18 09:27:17,2026-03-18 09:28:21,OK,NO
176,4,2026-03-18 09:27:23,2026-03-18 09:28:23,OK,NO
178,3,2026-03-18 09:27:23,2026-03-18 09:28:24,OK,NO
143,11,2026-03-18 09:27:22,2026-03-18 09:28:26,OK,NO
193,1,2026-03-18 09:27:30,2026-03-18 09:28:26,OK,NO
181,2,2026-03-18 09:27:30,2026-03-18 09:28:35,OK,NO
172,5,2026-03-18 09:27:39,2026-03-18 09:28:37,OK,NO
155,8,2026-03-18 09:27:39,2026-03-18 09:28:39,OK,NO
142,12,2026-03-18 09:27:45,2026-03-18 09:28:40,OK,NO
151,10,2026-03-18 09:27:40,2026-03-18 09:28:41,OK,NO
156,7,2026-03-18 09:27:39,2026-03-18 09:28:43,OK,NO
171,6,2026-03-18 09:27:45,2026-03-18 09:28:50,OK,NO
153,9,2026-03-18 09:28:21,2026-03-18 09:29:22,OK,NO
144,11,2026-03-18 09:28:26,2026-03-18 09:29:24,OK,NO
179,3,2026-03-18 09:28:24,2026-03-18 09:29:26,OK,NO
182,2,2026-03-18 09:28:35,2026-03-18 09:29:31,OK,NO
194,1,2026-03-18 09:28:35,2026-03-18 09:29:36,OK,NO
156,8,2026-03-18 09:28:43,2026-03-18 09:29:40,OK,NO
143,12,2026-03-18 09:28:40,2026-03-18 09:29:40,OK,NO
173,5,2026-03-18 09:28:37,2026-03-18 09:29:42,OK,NO
172,6,2026-03-18 09:28:50,2026-03-18 09:29:45,OK,NO
157,7,2026-03-18 09:28:43,2026-03-18 09:29:49,OK,NO
177,4,2026-03-18 09:28:23,2026-03-18 09:29:50,OK,NO
145,11,2026-03-18 09:29:24,2026-03-18 09:30:21,OK,NO
144,12,2026-03-18 09:29:40,2026-03-18 09:30:37,OK,NO
174,5,2026-03-18 09:29:42,2026-03-18 09:30:41,OK,NO
173,6,2026-03-18 09:29:45,2026-03-18 09:30:44,OK,NO
183,2,2026-03-18 09:29:50,2026-03-18 09:30:47,OK,NO
157,8,2026-03-18 09:29:49,2026-03-18 09:30:48,OK,NO
195,1,2026-03-18 09:29:50,2026-03-18 09:30:49,OK,NO
178,4,2026-03-18 09:29:50,2026-03-18 09:30:51,OK,NO
154,9,2026-03-18 09:29:22,2026-03-18 09:30:52,OK,NO
180,3,2026-03-18 09:29:50,2026-03-18 09:30:54,OK,NO
158,7,2026-03-18 09:29:49,2026-03-18 09:31:17,OK,NO
146,11,2026-03-18 09:30:21,2026-03-18 09:31:27,OK,NO
175,5,2026-03-18 09:30:41,2026-03-18 09:31:36,OK,NO
145,12,2026-03-18 09:30:37,2026-03-18 09:31:39,OK,NO
181,3,2026-03-18 09:30:54,2026-03-18 09:31:44,OK,NO
174,6,2026-03-18 09:30:44,2026-03-18 09:31:46,OK,NO
196,1,2026-03-18 09:30:54,2026-03-18 09:31:52,OK,NO
184,2,2026-03-18 09:30:54,2026-03-18 09:31:56,OK,NO
155,9,2026-03-18 09:30:52,2026-03-18 09:31:58,OK,NO
158,8,2026-03-18 09:31:17,2026-03-18 09:32:16,OK,NO
159,7,2026-03-18 09:31:17,2026-03-18 09:32:20,OK,NO
179,4,2026-03-18 09:30:51,2026-03-18 09:32:22,OK,NO
147,11,2026-03-18 09:31:27,2026-03-18 09:32:25,OK,NO
176,5,2026-03-18 09:31:36,2026-03-18 09:32:33,OK,NO
146,12,2026-03-18 09:31:39,2026-03-18 09:32:41,OK,NO
175,6,2026-03-18 09:31:46,2026-03-18 09:32:44,OK,NO
159,8,2026-03-18 09:32:20,2026-03-18 09:33:19,OK,NO
160,7,2026-03-18 09:32:20,2026-03-18 09:33:20,OK,NO
182,3,2026-03-18 09:32:22,2026-03-18 09:33:21,OK,NO
148,11,2026-03-18 09:32:25,2026-03-18 09:33:21,OK,NO
177,5,2026-03-18 09:32:33,2026-03-18 09:33:28,OK,NO
147,12,2026-03-18 09:32:41,2026-03-18 09:33:40,OK,NO
180,4,2026-03-18 09:32:22,2026-03-18 09:33:41,OK,NO
176,6,2026-03-18 09:32:44,2026-03-18 09:33:45,OK,NO
160,8,2026-03-18 09:33:20,2026-03-18 09:34:15,OK,NO
149,11,2026-03-18 09:33:21,2026-03-18 09:34:19,OK,NO
178,5,2026-03-18 09:33:28,2026-03-18 09:34:20,OK,NO
161,7,2026-03-18 09:33:20,2026-03-18 09:34:21,OK,NO
148,12,2026-03-18 09:33:40,2026-03-18 09:34:33,OK,NO
181,4,2026-03-18 09:33:41,2026-03-18 09:34:38,OK,NO
177,6,2026-03-18 09:33:45,2026-03-18 09:34:44,OK,NO
183,3,2026-03-18 09:33:41,2026-03-18 09:34:45,OK,NO
197,1,2026-03-18 09:34:02,2026-03-18 09:35:00,OK,NO
185,2,2026-03-18 09:34:02,2026-03-18 09:35:00,OK,NO
179,5,2026-03-18 09:34:20,2026-03-18 09:35:20,OK,NO
162,7,2026-03-18 09:34:21,2026-03-18 09:35:21,OK,NO
150,11,2026-03-18 09:34:19,2026-03-18 09:35:21,OK,NO
149,12,2026-03-18 09:34:33,2026-03-18 09:35:30,OK,NO
184,3,2026-03-18 09:34:45,2026-03-18 09:35:44,OK,NO
178,6,2026-03-18 09:34:44,2026-03-18 09:35:48,OK,NO
198,1,2026-03-18 09:35:00,2026-03-18 09:35:55,OK,NO
186,2,2026-03-18 09:35:00,2026-03-18 09:35:56,OK,NO
182,4,2026-03-18 09:34:38,2026-03-18 09:36:05,OK,NO
163,7,2026-03-18 09:35:21,2026-03-18 09:36:18,OK,NO
180,5,2026-03-18 09:35:20,2026-03-18 09:36:20,OK,NO
150,12,2026-03-18 09:35:30,2026-03-18 09:36:32,OK,NO
199,1,2026-03-18 09:35:56,2026-03-18 09:36:58,OK,NO
187,2,2026-03-18 09:35:56,2026-03-18 09:37:01,OK,NO
185,3,2026-03-18 09:36:05,2026-03-18 09:37:05,OK,NO
179,6,2026-03-18 09:36:27,2026-03-18 09:37:17,OK,NO
181,5,2026-03-18 09:36:20,2026-03-18 09:37:20,OK,NO
183,4,2026-03-18 09:36:05,2026-03-18 09:37:24,OK,NO
164,7,2026-03-18 09:36:18,2026-03-18 09:37:30,OK,NO
151,11,2026-03-18 09:36:39,2026-03-18 09:37:41,OK,NO
188,2,2026-03-18 09:37:01,2026-03-18 09:37:53,OK,NO
200,1,2026-03-18 09:37:01,2026-03-18 09:38:01,OK,NO
180,6,2026-03-18 09:37:17,2026-03-18 09:38:15,OK,NO
182,5,2026-03-18 09:37:20,2026-03-18 09:38:19,OK,NO
186,3,2026-03-18 09:37:24,2026-03-18 09:38:22,OK,NO
184,4,2026-03-18 09:37:24,2026-03-18 09:38:41,OK,NO
165,7,2026-03-18 09:37:30,2026-03-18 09:38:43,OK,NO
151,12,2026-03-18 09:37:41,2026-03-18 09:38:47,OK,NO
189,2,2026-03-18 09:37:53,2026-03-18 09:38:49,OK,NO
201,1,2026-03-18 09:38:01,2026-03-18 09:39:05,OK,NO
183,5,2026-03-18 09:38:19,2026-03-18 09:39:15,OK,NO
181,6,2026-03-18 09:38:15,2026-03-18 09:39:18,OK,NO
187,3,2026-03-18 09:38:41,2026-03-18 09:39:45,OK,NO
190,2,2026-03-18 09:38:49,2026-03-18 09:39:48,OK,NO
202,1,2026-03-18 09:39:05,2026-03-18 09:40:06,OK,NO
182,6,2026-03-18 09:39:18,2026-03-18 09:40:09,OK,NO
185,4,2026-03-18 09:38:41,2026-03-18 09:40:10,OK,NO
184,5,2026-03-18 09:39:15,2026-03-18 09:40:13,OK,NO
183,6,2026-03-18 09:40:09,2026-03-18 09:41:07,OK,NO
188,3,2026-03-18 09:40:10,2026-03-18 09:41:07,OK,NO
185,5,2026-03-18 09:40:13,2026-03-18 09:41:07,OK,NO
203,1,2026-03-18 09:40:10,2026-03-18 09:41:10,OK,NO
191,2,2026-03-18 09:40:10,2026-03-18 09:41:19,OK,NO
186,4,2026-03-18 09:40:10,2026-03-18 09:41:40,OK,NO
184,6,2026-03-18 09:41:07,2026-03-18 09:42:10,OK,NO
192,2,2026-03-18 09:41:40,2026-03-18 09:42:29,OK,NO
186,5,2026-03-18 09:41:40,2026-03-18 09:42:34,OK,NO
189,3,2026-03-18 09:41:40,2026-03-18 09:42:35,OK,NO
204,1,2026-03-18 09:41:40,2026-03-18 09:42:35,OK,NO
187,4,2026-03-18 09:41:40,2026-03-18 09:42:54,OK,NO
185,6,2026-03-18 09:42:10,2026-03-18 09:43:07,OK,NO
188,4,2026-03-18 09:42:54,2026-03-18 09:43:48,OK,NO
187,5,2026-03-18 09:42:54,2026-03-18 09:43:49,OK,NO
193,2,2026-03-18 09:42:54,2026-03-18 09:43:51,OK,NO
205,1,2026-03-18 09:42:54,2026-03-18 09:43:55,OK,NO
190,3,2026-03-18 09:42:54,2026-03-18 09:43:57,OK,NO
186,6,2026-03-18 09:43:07,2026-03-18 09:44:08,OK,NO
189,4,2026-03-18 09:43:48,2026-03-18 09:44:43,OK,NO
188,5,2026-03-18 09:43:49,2026-03-18 09:44:47,OK,NO
206,1,2026-03-18 09:43:57,2026-03-18 09:44:50,OK,NO
194,2,2026-03-18 09:43:57,2026-03-18 09:44:55,OK,NO
191,3,2026-03-18 09:43:57,2026-03-18 09:44:57,OK,NO
187,6,2026-03-18 09:44:08,2026-03-18 09:45:07,OK,NO
190,4,2026-03-18 09:44:43,2026-03-18 09:45:35,OK,NO
189,5,2026-03-18 09:44:47,2026-03-18 09:45:47,OK,NO
192,3,2026-03-18 09:44:57,2026-03-18 09:45:52,OK,NO
195,2,2026-03-18 09:44:57,2026-03-18 09:45:56,OK,NO
207,1,2026-03-18 09:44:57,2026-03-18 09:45:59,OK,NO
188,6,2026-03-18 09:45:07,2026-03-18 09:46:17,OK,NO
191,4,2026-03-18 09:45:35,2026-03-18 09:46:41,OK,NO
193,3,2026-03-18 09:45:52,2026-03-18 09:46:50,OK,NO
190,5,2026-03-18 09:45:47,2026-03-18 09:46:54,OK,NO
196,2,2026-03-18 09:45:56,2026-03-18 09:46:54,OK,NO
208,1,2026-03-18 09:45:59,2026-03-18 09:46:59,OK,NO
189,6,2026-03-18 09:46:17,2026-03-18 09:47:32,OK,NO
192,4,2026-03-18 09:46:41,2026-03-18 09:47:36,OK,NO
194,3,2026-03-18 09:46:50,2026-03-18 09:47:39,OK,NO
197,2,2026-03-18 09:46:54,2026-03-18 09:47:51,OK,NO
191,5,2026-03-18 09:46:54,2026-03-18 09:47:52,OK,NO
209,1,2026-03-18 09:46:59,2026-03-18 09:47:59,OK,NO
192,5,2026-03-18 09:47:52,2026-03-18 09:48:40,OK,NO
195,3,2026-03-18 09:47:39,2026-03-18 09:48:42,OK,NO
190,6,2026-03-18 09:47:32,2026-03-18 09:48:42,OK,NO
193,4,2026-03-18 09:47:36,2026-03-18 09:48:52,OK,NO
198,2,2026-03-18 09:47:51,2026-03-18 09:48:52,OK,NO
210,1,2026-03-18 09:47:59,2026-03-18 09:49:13,OK,NO
196,3,2026-03-18 09:48:52,2026-03-18 09:49:44,OK,NO
191,6,2026-03-18 09:48:42,2026-03-18 09:49:45,OK,NO
199,2,2026-03-18 09:48:52,2026-03-18 09:49:48,OK,NO
194,4,2026-03-18 09:48:52,2026-03-18 09:49:57,OK,NO
193,5,2026-03-18 09:48:52,2026-03-18 09:49:58,OK,NO
211,1,2026-03-18 09:49:13,2026-03-18 09:50:15,OK,NO
192,6,2026-03-18 09:49:45,2026-03-18 09:50:44,OK,NO
194,5,2026-03-18 09:49:58,2026-03-18 09:50:50,OK,NO
197,3,2026-03-18 09:49:57,2026-03-18 09:50:51,OK,NO
200,2,2026-03-18 09:49:57,2026-03-18 09:50:59,OK,NO
195,4,2026-03-18 09:49:57,2026-03-18 09:51:06,OK,NO
212,1,2026-03-18 09:50:15,2026-03-18 09:51:19,OK,NO
193,6,2026-03-18 09:50:44,2026-03-18 09:51:49,OK,NO
195,5,2026-03-18 09:51:06,2026-03-18 09:52:00,OK,NO
196,4,2026-03-18 09:51:06,2026-03-18 09:52:04,OK,NO
198,3,2026-03-18 09:51:06,2026-03-18 09:52:05,OK,NO
201,2,2026-03-18 09:51:06,2026-03-18 09:52:07,OK,NO
213,1,2026-03-18 09:51:19,2026-03-18 09:52:20,OK,NO
152,10,2026-03-18 09:51:40,2026-03-18 09:52:34,OK,NO
161,8,2026-03-18 09:51:40,2026-03-18 09:52:35,OK,NO
194,6,2026-03-18 09:51:49,2026-03-18 09:52:36,OK,NO
156,9,2026-03-18 09:51:40,2026-03-18 09:52:37,OK,NO
196,5,2026-03-18 09:52:04,2026-03-18 09:52:56,OK,NO
199,3,2026-03-18 09:52:05,2026-03-18 09:52:58,OK,NO
166,7,2026-03-18 09:51:40,2026-03-18 09:52:59,OK,NO
197,4,2026-03-18 09:52:04,2026-03-18 09:53:01,OK,NO
202,2,2026-03-18 09:52:07,2026-03-18 09:53:09,OK,NO
214,1,2026-03-18 09:52:20,2026-03-18 09:53:19,OK,NO
153,10,2026-03-18 09:52:34,2026-03-18 09:53:29,OK,NO
195,6,2026-03-18 09:52:36,2026-03-18 09:53:33,OK,NO
157,9,2026-03-18 09:52:37,2026-03-18 09:53:33,OK,NO
152,11,2026-03-18 09:52:34,2026-03-18 09:53:39,OK,NO
162,8,2026-03-18 09:52:37,2026-03-18 09:53:43,OK,NO
203,2,2026-03-18 09:53:09,2026-03-18 09:53:57,OK,NO
167,7,2026-03-18 09:52:59,2026-03-18 09:53:58,OK,NO
197,5,2026-03-18 09:53:01,2026-03-18 09:54:02,OK,NO
200,3,2026-03-18 09:53:01,2026-03-18 09:54:05,OK,NO
215,1,2026-03-18 09:53:19,2026-03-18 09:54:14,OK,NO
198,4,2026-03-18 09:53:01,2026-03-18 09:54:17,OK,NO
196,6,2026-03-18 09:53:33,2026-03-18 09:54:31,OK,NO
154,10,2026-03-18 09:53:29,2026-03-18 09:54:32,OK,NO
163,8,2026-03-18 09:53:43,2026-03-18 09:54:38,OK,NO
153,11,2026-03-18 09:53:39,2026-03-18 09:54:44,OK,NO
152,12,2026-03-18 09:53:39,2026-03-18 09:54:51,OK,NO
158,9,2026-03-18 09:53:33,2026-03-18 09:54:54,OK,NO
168,7,2026-03-18 09:53:58,2026-03-18 09:55:03,OK,NO
198,5,2026-03-18 09:54:17,2026-03-18 09:55:12,OK,NO
204,2,2026-03-18 09:54:17,2026-03-18 09:55:18,OK,NO
201,3,2026-03-18 09:54:17,2026-03-18 09:55:20,OK,NO
197,6,2026-03-18 09:54:31,2026-03-18 09:55:24,OK,NO
216,1,2026-03-18 09:54:17,2026-03-18 09:55:26,OK,NO
155,10,2026-03-18 09:54:32,2026-03-18 09:55:29,OK,NO
154,11,2026-03-18 09:54:44,2026-03-18 09:55:41,OK,NO
199,4,2026-03-18 09:54:17,2026-03-18 09:55:47,OK,NO
164,8,2026-03-18 09:54:54,2026-03-18 09:55:47,OK,NO
153,12,2026-03-18 09:54:51,2026-03-18 09:55:55,OK,NO
159,9,2026-03-18 09:54:54,2026-03-18 09:55:59,OK,NO
169,7,2026-03-18 09:55:03,2026-03-18 09:56:07,OK,NO
198,6,2026-03-18 09:55:24,2026-03-18 09:56:22,OK,NO
156,10,2026-03-18 09:55:29,2026-03-18 09:56:34,OK,NO
155,11,2026-03-18 09:55:41,2026-03-18 09:56:34,OK,NO
202,3,2026-03-18 09:55:47,2026-03-18 09:56:44,OK,NO
217,1,2026-03-18 09:55:47,2026-03-18 09:56:47,OK,NO
165,8,2026-03-18 09:55:59,2026-03-18 09:56:50,OK,NO
199,5,2026-03-18 09:55:47,2026-03-18 09:56:50,OK,NO
200,4,2026-03-18 09:55:47,2026-03-18 09:56:53,OK,NO
205,2,2026-03-18 09:55:47,2026-03-18 09:56:56,OK,NO
154,12,2026-03-18 09:55:55,2026-03-18 09:57:03,OK,NO
160,9,2026-03-18 09:55:59,2026-03-18 09:57:05,OK,NO
170,7,2026-03-18 09:56:07,2026-03-18 09:57:21,OK,NO
157,10,2026-03-18 09:56:34,2026-03-18 09:57:35,OK,NO
156,11,2026-03-18 09:56:34,2026-03-18 09:57:35,OK,NO
199,6,2026-03-18 09:56:50,2026-03-18 09:57:45,OK,NO
203,3,2026-03-18 09:56:53,2026-03-18 09:57:49,OK,NO
200,5,2026-03-18 09:56:53,2026-03-18 09:57:52,OK,NO
206,2,2026-03-18 09:56:56,2026-03-18 09:57:57,OK,NO
201,4,2026-03-18 09:56:53,2026-03-18 09:57:59,OK,NO
166,8,2026-03-18 09:57:05,2026-03-18 09:58:03,OK,NO
155,12,2026-03-18 09:57:03,2026-03-18 09:58:03,OK,NO
218,1,2026-03-18 09:56:56,2026-03-18 09:58:07,OK,NO
161,9,2026-03-18 09:57:05,2026-03-18 09:58:08,OK,NO
171,7,2026-03-18 09:57:21,2026-03-18 09:58:26,OK,NO
157,11,2026-03-18 09:57:35,2026-03-18 09:58:27,OK,NO
158,10,2026-03-18 09:57:35,2026-03-18 09:58:45,OK,NO
200,6,2026-03-18 09:57:52,2026-03-18 09:58:50,OK,NO
219,1,2026-03-18 09:58:07,2026-03-18 09:58:57,OK,NO
201,5,2026-03-18 09:57:59,2026-03-18 09:58:57,OK,NO
167,8,2026-03-18 09:58:08,2026-03-18 09:58:58,OK,NO
202,4,2026-03-18 09:57:59,2026-03-18 09:59:01,OK,NO
162,9,2026-03-18 09:58:08,2026-03-18 09:59:04,OK,NO
156,12,2026-03-18 09:58:03,2026-03-18 09:59:04,OK,NO
204,3,2026-03-18 09:57:59,2026-03-18 09:59:04,OK,NO
207,2,2026-03-18 09:57:59,2026-03-18 09:59:06,OK,NO
172,7,2026-03-18 09:58:26,2026-03-18 09:59:28,OK,NO
159,10,2026-03-18 09:58:45,2026-03-18 09:59:42,OK,NO
158,11,2026-03-18 09:58:45,2026-03-18 09:59:47,OK,NO
157,12,2026-03-18 09:59:04,2026-03-18 09:59:56,OK,NO
201,6,2026-03-18 09:58:57,2026-03-18 09:59:56,OK,NO
203,4,2026-03-18 09:59:01,2026-03-18 09:59:58,OK,NO
202,5,2026-03-18 09:59:01,2026-03-18 09:59:59,OK,NO
168,8,2026-03-18 09:59:04,2026-03-18 09:59:59,OK,NO
220,1,2026-03-18 09:59:06,2026-03-18 10:00:00,OK,NO
205,3,2026-03-18 09:59:04,2026-03-18 10:00:03,OK,NO
163,9,2026-03-18 09:59:04,2026-03-18 10:00:03,OK,NO
208,2,2026-03-18 09:59:06,2026-03-18 10:00:05,OK,NO
173,7,2026-03-18 09:59:28,2026-03-18 10:00:27,OK,NO
160,10,2026-03-18 09:59:42,2026-03-18 10:00:39,OK,NO
159,11,2026-03-18 09:59:47,2026-03-18 10:00:47,OK,NO
158,12,2026-03-18 09:59:56,2026-03-18 10:00:52,OK,NO
164,9,2026-03-18 10:00:03,2026-03-18 10:01:00,OK,NO
202,6,2026-03-18 09:59:59,2026-03-18 10:01:01,OK,NO
206,3,2026-03-18 10:00:03,2026-03-18 10:01:02,OK,NO
203,5,2026-03-18 09:59:59,2026-03-18 10:01:04,OK,NO
221,1,2026-03-18 10:00:05,2026-03-18 10:01:06,OK,NO
209,2,2026-03-18 10:00:05,2026-03-18 10:01:08,OK,NO
169,8,2026-03-18 10:00:03,2026-03-18 10:01:08,OK,NO
204,4,2026-03-18 09:59:58,2026-03-18 10:01:24,OK,NO
174,7,2026-03-18 10:00:27,2026-03-18 10:01:28,OK,NO
161,10,2026-03-18 10:00:39,2026-03-18 10:01:39,OK,NO
160,11,2026-03-18 10:00:47,2026-03-18 10:01:55,OK,NO
203,6,2026-03-18 10:01:04,2026-03-18 10:02:03,OK,NO
170,8,2026-03-18 10:01:08,2026-03-18 10:02:05,OK,NO
165,9,2026-03-18 10:01:00,2026-03-18 10:02:09,OK,NO
175,7,2026-03-18 10:01:28,2026-03-18 10:02:18,OK,NO
222,1,2026-03-18 10:01:24,2026-03-18 10:02:28,OK,NO
205,4,2026-03-18 10:01:24,2026-03-18 10:02:31,OK,NO
162,10,2026-03-18 10:01:39,2026-03-18 10:02:33,OK,NO
204,5,2026-03-18 10:01:24,2026-03-18 10:02:34,OK,NO
210,2,2026-03-18 10:01:24,2026-03-18 10:02:34,OK,NO
207,3,2026-03-18 10:01:24,2026-03-18 10:02:39,OK,NO
161,11,2026-03-18 10:01:55,2026-03-18 10:02:56,OK,NO
171,8,2026-03-18 10:02:09,2026-03-18 10:03:01,OK,NO
176,7,2026-03-18 10:02:18,2026-03-18 10:03:24,OK,NO
204,6,2026-03-18 10:02:34,2026-03-18 10:03:28,OK,NO
166,9,2026-03-18 10:02:09,2026-03-18 10:03:29,OK,NO
206,4,2026-03-18 10:02:31,2026-03-18 10:03:34,OK,NO
208,3,2026-03-18 10:02:39,2026-03-18 10:03:34,OK,NO
205,5,2026-03-18 10:02:34,2026-03-18 10:03:41,OK,NO
223,1,2026-03-18 10:02:39,2026-03-18 10:03:41,OK,NO
163,10,2026-03-18 10:02:33,2026-03-18 10:03:42,OK,NO
211,2,2026-03-18 10:02:39,2026-03-18 10:03:45,OK,NO
159,12,2026-03-18 10:03:10,2026-03-18 10:04:06,OK,NO
162,11,2026-03-18 10:03:10,2026-03-18 10:04:09,OK,NO
167,9,2026-03-18 10:03:29,2026-03-18 10:04:25,OK,NO
172,8,2026-03-18 10:03:29,2026-03-18 10:04:29,OK,NO
209,3,2026-03-18 10:03:34,2026-03-18 10:04:34,OK,NO
206,5,2026-03-18 10:03:41,2026-03-18 10:04:35,OK,NO
207,4,2026-03-18 10:03:34,2026-03-18 10:04:36,OK,NO
224,1,2026-03-18 10:03:45,2026-03-18 10:04:44,OK,NO
164,10,2026-03-18 10:03:42,2026-03-18 10:04:46,OK,NO
177,7,2026-03-18 10:03:29,2026-03-18 10:04:49,OK,NO
205,6,2026-03-18 10:03:41,2026-03-18 10:04:50,OK,NO
212,2,2026-03-18 10:03:45,2026-03-18 10:04:51,OK,NO
160,12,2026-03-18 10:04:06,2026-03-18 10:04:58,OK,NO
163,11,2026-03-18 10:04:09,2026-03-18 10:05:15,OK,NO
173,8,2026-03-18 10:04:29,2026-03-18 10:05:22,OK,NO
168,9,2026-03-18 10:04:25,2026-03-18 10:05:27,OK,NO
208,4,2026-03-18 10:04:36,2026-03-18 10:05:29,OK,NO
207,5,2026-03-18 10:04:36,2026-03-18 10:05:32,OK,NO
210,3,2026-03-18 10:04:36,2026-03-18 10:05:35,OK,NO
165,10,2026-03-18 10:04:46,2026-03-18 10:05:37,OK,NO
161,12,2026-03-18 10:04:58,2026-03-18 10:05:48,OK,NO
225,1,2026-03-18 10:04:51,2026-03-18 10:05:49,OK,NO
178,7,2026-03-18 10:04:49,2026-03-18 10:05:52,OK,NO
213,2,2026-03-18 10:04:51,2026-03-18 10:05:52,OK,NO
206,6,2026-03-18 10:04:50,2026-03-18 10:05:53,OK,NO
164,11,2026-03-18 10:05:15,2026-03-18 10:06:15,OK,NO
174,8,2026-03-18 10:05:27,2026-03-18 10:06:20,OK,NO
211,3,2026-03-18 10:05:35,2026-03-18 10:06:25,OK,NO
169,9,2026-03-18 10:05:27,2026-03-18 10:06:28,OK,NO
209,4,2026-03-18 10:05:29,2026-03-18 10:06:33,OK,NO
166,10,2026-03-18 10:05:37,2026-03-18 10:06:33,OK,NO
208,5,2026-03-18 10:05:32,2026-03-18 10:06:34,OK,NO
162,12,2026-03-18 10:05:48,2026-03-18 10:06:50,OK,NO
214,2,2026-03-18 10:05:52,2026-03-18 10:06:52,OK,NO
207,6,2026-03-18 10:05:53,2026-03-18 10:06:54,OK,NO
226,1,2026-03-18 10:05:52,2026-03-18 10:07:06,OK,NO
179,7,2026-03-18 10:05:52,2026-03-18 10:07:19,OK,NO
167,10,2026-03-18 10:06:33,2026-03-18 10:07:24,OK,NO
212,3,2026-03-18 10:06:33,2026-03-18 10:07:31,OK,NO
209,5,2026-03-18 10:06:34,2026-03-18 10:07:33,OK,NO
175,8,2026-03-18 10:06:28,2026-03-18 10:07:35,OK,NO
170,9,2026-03-18 10:06:28,2026-03-18 10:07:36,OK,NO
210,4,2026-03-18 10:06:33,2026-03-18 10:07:44,OK,NO
163,12,2026-03-18 10:06:50,2026-03-18 10:07:55,OK,NO
208,6,2026-03-18 10:06:54,2026-03-18 10:08:07,OK,NO
165,11,2026-03-18 10:07:09,2026-03-18 10:08:10,OK,NO
168,10,2026-03-18 10:07:24,2026-03-18 10:08:19,OK,NO
180,7,2026-03-18 10:07:19,2026-03-18 10:08:31,OK,NO
171,9,2026-03-18 10:07:36,2026-03-18 10:08:35,OK,NO
176,8,2026-03-18 10:07:36,2026-03-18 10:08:37,OK,NO
213,3,2026-03-18 10:07:44,2026-03-18 10:08:45,OK,NO
210,5,2026-03-18 10:07:44,2026-03-18 10:08:49,OK,NO
164,12,2026-03-18 10:07:55,2026-03-18 10:08:54,OK,NO
209,6,2026-03-18 10:08:07,2026-03-18 10:09:06,OK,NO
166,11,2026-03-18 10:08:10,2026-03-18 10:09:08,OK,NO
169,10,2026-03-18 10:08:19,2026-03-18 10:09:21,OK,NO
211,4,2026-03-18 10:07:44,2026-03-18 10:09:23,OK,NO
172,9,2026-03-18 10:08:35,2026-03-18 10:09:36,OK,NO
177,8,2026-03-18 10:08:37,2026-03-18 10:09:37,OK,NO
181,7,2026-03-18 10:08:31,2026-03-18 10:09:40,OK,NO
167,11,2026-03-18 10:09:08,2026-03-18 10:10:01,OK,NO
165,12,2026-03-18 10:08:54,2026-03-18 10:10:03,OK,NO
210,6,2026-03-18 10:09:06,2026-03-18 10:10:10,OK,NO
170,10,2026-03-18 10:09:21,2026-03-18 10:10:11,OK,NO
212,4,2026-03-18 10:09:23,2026-03-18 10:10:21,OK,NO
211,5,2026-03-18 10:09:23,2026-03-18 10:10:24,OK,NO
214,3,2026-03-18 10:09:23,2026-03-18 10:10:31,OK,NO
178,8,2026-03-18 10:09:37,2026-03-18 10:10:35,OK,NO
173,9,2026-03-18 10:09:36,2026-03-18 10:10:39,OK,NO
168,11,2026-03-18 10:10:01,2026-03-18 10:10:48,OK,NO
182,7,2026-03-18 10:09:40,2026-03-18 10:10:59,OK,NO
166,12,2026-03-18 10:10:03,2026-03-18 10:11:02,OK,NO
171,10,2026-03-18 10:10:11,2026-03-18 10:11:16,OK,NO
212,5,2026-03-18 10:10:24,2026-03-18 10:11:25,OK,NO
211,6,2026-03-18 10:10:24,2026-03-18 10:11:30,OK,NO
213,4,2026-03-18 10:10:21,2026-03-18 10:11:31,OK,NO
174,9,2026-03-18 10:10:39,2026-03-18 10:11:45,OK,NO
179,8,2026-03-18 10:10:39,2026-03-18 10:11:48,OK,NO
169,11,2026-03-18 10:10:48,2026-03-18 10:12:06,OK,NO
172,10,2026-03-18 10:11:16,2026-03-18 10:12:10,OK,NO
167,12,2026-03-18 10:11:02,2026-03-18 10:12:11,OK,NO
183,7,2026-03-18 10:10:59,2026-03-18 10:12:18,OK,NO
214,4,2026-03-18 10:11:31,2026-03-18 10:12:28,OK,NO
213,5,2026-03-18 10:11:31,2026-03-18 10:12:30,OK,NO
212,6,2026-03-18 10:11:30,2026-03-18 10:12:35,OK,NO
168,12,2026-03-18 10:12:11,2026-03-18 10:13:04,OK,NO
173,10,2026-03-18 10:12:10,2026-03-18 10:13:06,OK,NO
170,11,2026-03-18 10:12:06,2026-03-18 10:13:12,OK,NO
214,5,2026-03-18 10:12:30,2026-03-18 10:13:26,OK,NO
213,6,2026-03-18 10:12:35,2026-03-18 10:13:29,OK,NO
184,7,2026-03-18 10:12:18,2026-03-18 10:13:50,OK,NO
174,10,2026-03-18 10:13:06,2026-03-18 10:14:02,OK,NO
169,12,2026-03-18 10:13:04,2026-03-18 10:14:03,OK,NO
171,11,2026-03-18 10:13:12,2026-03-18 10:14:09,OK,NO
214,6,2026-03-18 10:13:29,2026-03-18 10:14:32,OK,NO
170,12,2026-03-18 10:14:03,2026-03-18 10:15:00,OK,NO
172,11,2026-03-18 10:14:09,2026-03-18 10:15:11,OK,NO
175,9,2026-03-18 10:14:49,2026-03-18 10:15:49,OK,NO
171,12,2026-03-18 10:15:00,2026-03-18 10:16:02,OK,NO
173,11,2026-03-18 10:15:11,2026-03-18 10:16:24,OK,NO
176,9,2026-03-18 10:15:49,2026-03-18 10:16:40,OK,NO
175,10,2026-03-18 10:15:49,2026-03-18 10:16:41,OK,NO
172,12,2026-03-18 10:16:02,2026-03-18 10:17:11,OK,NO
174,11,2026-03-18 10:16:24,2026-03-18 10:17:22,OK,NO
176,10,2026-03-18 10:16:41,2026-03-18 10:17:39,OK,NO
177,9,2026-03-18 10:16:40,2026-03-18 10:17:53,OK,NO
173,12,2026-03-18 10:17:11,2026-03-18 10:18:03,OK,NO
175,11,2026-03-18 10:17:22,2026-03-18 10:18:10,OK,NO
178,9,2026-03-18 10:17:53,2026-03-18 10:18:51,OK,NO
176,11,2026-03-18 10:18:10,2026-03-18 10:19:02,OK,NO
174,12,2026-03-18 10:18:03,2026-03-18 10:19:03,OK,NO
177,10,2026-03-18 10:17:53,2026-03-18 10:19:03,OK,NO
175,12,2026-03-18 10:19:03,2026-03-18 10:19:56,OK,NO
177,11,2026-03-18 10:19:03,2026-03-18 10:19:57,OK,NO
178,10,2026-03-18 10:19:03,2026-03-18 10:20:05,OK,NO
179,9,2026-03-18 10:18:51,2026-03-18 10:20:12,OK,NO
180,8,2026-03-18 10:19:27,2026-03-18 10:20:30,OK,NO
176,12,2026-03-18 10:19:56,2026-03-18 10:20:52,OK,NO
178,11,2026-03-18 10:20:05,2026-03-18 10:21:00,OK,NO
185,7,2026-03-18 10:19:27,2026-03-18 10:21:08,OK,NO
179,10,2026-03-18 10:20:12,2026-03-18 10:21:08,OK,NO
180,9,2026-03-18 10:20:30,2026-03-18 10:21:34,OK,NO
181,8,2026-03-18 10:20:30,2026-03-18 10:21:36,OK,NO
177,12,2026-03-18 10:20:52,2026-03-18 10:21:46,OK,NO
179,11,2026-03-18 10:21:08,2026-03-18 10:22:00,OK,NO
186,7,2026-03-18 10:21:08,2026-03-18 10:22:16,OK,NO
180,10,2026-03-18 10:21:34,2026-03-18 10:22:38,OK,NO
181,9,2026-03-18 10:21:36,2026-03-18 10:22:43,OK,NO
178,12,2026-03-18 10:21:46,2026-03-18 10:22:47,OK,NO
227,1,2026-03-18 10:22:33,2026-03-18 10:23:24,OK,NO
215,2,2026-03-18 10:22:33,2026-03-18 10:23:27,OK,NO
180,11,2026-03-18 10:22:38,2026-03-18 10:23:30,OK,NO
181,10,2026-03-18 10:22:43,2026-03-18 10:23:44,OK,NO
179,12,2026-03-18 10:22:47,2026-03-18 10:23:52,OK,NO
215,3,2026-03-18 10:23:27,2026-03-18 10:24:23,OK,NO
216,2,2026-03-18 10:23:27,2026-03-18 10:24:25,OK,NO
228,1,2026-03-18 10:23:27,2026-03-18 10:24:34,OK,NO
181,11,2026-03-18 10:23:44,2026-03-18 10:24:43,OK,NO
180,12,2026-03-18 10:23:52,2026-03-18 10:24:52,OK,NO
216,3,2026-03-18 10:24:25,2026-03-18 10:25:16,OK,NO
215,4,2026-03-18 10:24:23,2026-03-18 10:25:24,OK,NO
229,1,2026-03-18 10:24:34,2026-03-18 10:25:29,OK,NO
217,2,2026-03-18 10:24:25,2026-03-18 10:25:32,OK,NO
181,12,2026-03-18 10:24:52,2026-03-18 10:25:51,OK,NO
230,1,2026-03-18 10:25:32,2026-03-18 10:26:22,OK,NO
215,5,2026-03-18 10:25:24,2026-03-18 10:26:26,OK,NO
218,2,2026-03-18 10:25:32,2026-03-18 10:26:30,OK,NO
216,4,2026-03-18 10:25:24,2026-03-18 10:26:33,OK,NO
217,3,2026-03-18 10:25:32,2026-03-18 10:26:34,OK,NO
182,8,2026-03-18 10:25:54,2026-03-18 10:27:01,OK,NO
187,7,2026-03-18 10:25:54,2026-03-18 10:27:07,OK,NO
215,6,2026-03-18 10:26:26,2026-03-18 10:27:23,OK,NO
216,5,2026-03-18 10:26:33,2026-03-18 10:27:33,OK,NO
231,1,2026-03-18 10:26:30,2026-03-18 10:27:34,OK,NO
219,2,2026-03-18 10:26:30,2026-03-18 10:27:38,OK,NO
218,3,2026-03-18 10:26:34,2026-03-18 10:27:39,OK,NO
217,4,2026-03-18 10:26:34,2026-03-18 10:27:51,OK,NO
183,8,2026-03-18 10:27:01,2026-03-18 10:28:06,OK,NO
188,7,2026-03-18 10:27:07,2026-03-18 10:28:11,OK,NO
182,9,2026-03-18 10:27:01,2026-03-18 10:28:16,OK,NO
216,6,2026-03-18 10:27:33,2026-03-18 10:28:34,OK,NO
220,2,2026-03-18 10:27:38,2026-03-18 10:28:35,OK,NO
219,3,2026-03-18 10:27:39,2026-03-18 10:28:39,OK,NO
232,1,2026-03-18 10:27:38,2026-03-18 10:28:51,OK,NO
217,5,2026-03-18 10:27:51,2026-03-18 10:28:54,OK,NO
218,4,2026-03-18 10:27:51,2026-03-18 10:28:57,OK,NO
189,7,2026-03-18 10:28:11,2026-03-18 10:29:05,OK,NO
184,8,2026-03-18 10:28:06,2026-03-18 10:29:12,OK,NO
182,10,2026-03-18 10:28:16,2026-03-18 10:29:28,OK,NO
220,3,2026-03-18 10:28:39,2026-03-18 10:29:34,OK,NO
221,2,2026-03-18 10:28:35,2026-03-18 10:29:38,OK,NO
183,9,2026-03-18 10:28:16,2026-03-18 10:29:44,OK,NO
233,1,2026-03-18 10:28:51,2026-03-18 10:29:52,OK,NO
218,5,2026-03-18 10:28:57,2026-03-18 10:29:54,OK,NO
217,6,2026-03-18 10:28:54,2026-03-18 10:29:55,OK,NO
219,4,2026-03-18 10:28:57,2026-03-18 10:30:00,OK,NO
185,8,2026-03-18 10:29:12,2026-03-18 10:30:15,OK,NO
190,7,2026-03-18 10:29:12,2026-03-18 10:30:16,OK,NO
182,11,2026-03-18 10:29:28,2026-03-18 10:30:37,OK,NO
221,3,2026-03-18 10:29:38,2026-03-18 10:30:40,OK,NO
183,10,2026-03-18 10:29:44,2026-03-18 10:30:43,OK,NO
222,2,2026-03-18 10:29:38,2026-03-18 10:30:44,OK,NO
218,6,2026-03-18 10:29:55,2026-03-18 10:31:00,OK,NO
234,1,2026-03-18 10:29:52,2026-03-18 10:31:03,OK,NO
219,5,2026-03-18 10:30:00,2026-03-18 10:31:06,OK,NO
184,9,2026-03-18 10:29:44,2026-03-18 10:31:10,OK,NO
186,8,2026-03-18 10:30:15,2026-03-18 10:31:13,OK,NO
191,7,2026-03-18 10:30:16,2026-03-18 10:31:18,OK,NO
220,4,2026-03-18 10:30:00,2026-03-18 10:31:23,OK,NO
183,11,2026-03-18 10:30:43,2026-03-18 10:31:37,OK,NO
182,12,2026-03-18 10:30:37,2026-03-18 10:31:41,OK,NO
223,2,2026-03-18 10:30:44,2026-03-18 10:31:51,OK,NO
222,3,2026-03-18 10:30:44,2026-03-18 10:31:51,OK,NO
235,1,2026-03-18 10:31:03,2026-03-18 10:32:01,OK,NO
184,10,2026-03-18 10:31:10,2026-03-18 10:32:07,OK,NO
219,6,2026-03-18 10:31:06,2026-03-18 10:32:09,OK,NO
192,7,2026-03-18 10:31:18,2026-03-18 10:32:17,OK,NO
187,8,2026-03-18 10:31:13,2026-03-18 10:32:20,OK,NO
221,4,2026-03-18 10:31:23,2026-03-18 10:32:22,OK,NO
185,9,2026-03-18 10:31:10,2026-03-18 10:32:25,OK,NO
220,5,2026-03-18 10:31:23,2026-03-18 10:32:27,OK,NO
183,12,2026-03-18 10:31:41,2026-03-18 10:32:33,OK,NO
223,3,2026-03-18 10:31:51,2026-03-18 10:32:55,OK,NO
184,11,2026-03-18 10:32:07,2026-03-18 10:32:55,OK,NO
224,2,2026-03-18 10:31:51,2026-03-18 10:32:57,OK,NO
236,1,2026-03-18 10:32:01,2026-03-18 10:33:06,OK,NO
188,8,2026-03-18 10:32:20,2026-03-18 10:33:21,OK,NO
221,5,2026-03-18 10:32:27,2026-03-18 10:33:24,OK,NO
185,10,2026-03-18 10:32:25,2026-03-18 10:33:27,OK,NO
222,4,2026-03-18 10:32:22,2026-03-18 10:33:29,OK,NO
220,6,2026-03-18 10:32:27,2026-03-18 10:33:35,OK,NO
193,7,2026-03-18 10:32:20,2026-03-18 10:33:45,OK,NO
186,9,2026-03-18 10:32:25,2026-03-18 10:33:52,OK,NO
225,2,2026-03-18 10:32:57,2026-03-18 10:33:53,OK,NO
184,12,2026-03-18 10:32:55,2026-03-18 10:34:03,OK,NO
224,3,2026-03-18 10:32:57,2026-03-18 10:34:09,OK,NO
237,1,2026-03-18 10:33:06,2026-03-18 10:34:10,OK,NO
185,11,2026-03-18 10:33:27,2026-03-18 10:34:20,OK,NO
189,8,2026-03-18 10:33:21,2026-03-18 10:34:22,OK,NO
223,4,2026-03-18 10:33:29,2026-03-18 10:34:24,OK,NO
222,5,2026-03-18 10:33:29,2026-03-18 10:34:29,OK,NO
221,6,2026-03-18 10:33:35,2026-03-18 10:34:30,OK,NO
187,9,2026-03-18 10:33:52,2026-03-18 10:34:52,OK,NO
226,2,2026-03-18 10:33:53,2026-03-18 10:34:54,OK,NO
194,7,2026-03-18 10:33:45,2026-03-18 10:34:55,OK,NO
186,10,2026-03-18 10:33:52,2026-03-18 10:34:57,OK,NO
225,3,2026-03-18 10:34:09,2026-03-18 10:35:07,OK,NO
238,1,2026-03-18 10:34:10,2026-03-18 10:35:14,OK,NO
185,12,2026-03-18 10:34:20,2026-03-18 10:35:19,OK,NO
223,5,2026-03-18 10:34:29,2026-03-18 10:35:25,OK,NO
224,4,2026-03-18 10:34:24,2026-03-18 10:35:27,OK,NO
190,8,2026-03-18 10:34:22,2026-03-18 10:35:27,OK,NO
222,6,2026-03-18 10:34:30,2026-03-18 10:35:30,OK,NO
227,2,2026-03-18 10:34:54,2026-03-18 10:35:48,OK,NO
188,9,2026-03-18 10:34:52,2026-03-18 10:35:50,OK,NO
186,11,2026-03-18 10:34:57,2026-03-18 10:35:57,OK,NO
195,7,2026-03-18 10:34:55,2026-03-18 10:36:01,OK,NO
187,10,2026-03-18 10:34:57,2026-03-18 10:36:01,OK,NO
226,3,2026-03-18 10:35:07,2026-03-18 10:36:08,OK,NO
191,8,2026-03-18 10:35:27,2026-03-18 10:36:20,OK,NO
239,1,2026-03-18 10:35:14,2026-03-18 10:36:23,OK,NO
224,5,2026-03-18 10:35:27,2026-03-18 10:36:27,OK,NO
223,6,2026-03-18 10:35:30,2026-03-18 10:36:40,OK,NO
189,9,2026-03-18 10:35:50,2026-03-18 10:36:40,OK,NO
225,4,2026-03-18 10:35:27,2026-03-18 10:36:41,OK,NO
228,2,2026-03-18 10:35:48,2026-03-18 10:36:51,OK,NO
196,7,2026-03-18 10:36:01,2026-03-18 10:36:57,OK,NO
186,12,2026-03-18 10:35:57,2026-03-18 10:37:05,OK,NO
227,3,2026-03-18 10:36:08,2026-03-18 10:37:06,OK,NO
187,11,2026-03-18 10:36:01,2026-03-18 10:37:08,OK,NO
188,10,2026-03-18 10:36:01,2026-03-18 10:37:19,OK,NO
192,8,2026-03-18 10:36:20,2026-03-18 10:37:20,OK,NO
240,1,2026-03-18 10:36:23,2026-03-18 10:37:21,OK,NO
224,6,2026-03-18 10:36:40,2026-03-18 10:37:32,OK,NO
225,5,2026-03-18 10:36:41,2026-03-18 10:37:35,OK,NO
226,4,2026-03-18 10:36:41,2026-03-18 10:37:48,OK,NO
229,2,2026-03-18 10:36:51,2026-03-18 10:37:50,OK,NO
197,7,2026-03-18 10:36:57,2026-03-18 10:37:53,OK,NO
190,9,2026-03-18 10:36:40,2026-03-18 10:37:54,OK,NO
188,11,2026-03-18 10:37:19,2026-03-18 10:38:12,OK,NO
228,3,2026-03-18 10:37:06,2026-03-18 10:38:13,OK,NO
193,8,2026-03-18 10:37:20,2026-03-18 10:38:18,OK,NO
189,10,2026-03-18 10:37:19,2026-03-18 10:38:21,OK,NO
241,1,2026-03-18 10:37:21,2026-03-18 10:38:28,OK,NO
225,6,2026-03-18 10:37:35,2026-03-18 10:38:38,OK,NO
226,5,2026-03-18 10:37:48,2026-03-18 10:38:45,OK,NO
230,2,2026-03-18 10:37:50,2026-03-18 10:38:46,OK,NO
187,12,2026-03-18 10:38:11,2026-03-18 10:39:01,OK,NO
191,9,2026-03-18 10:37:54,2026-03-18 10:39:03,OK,NO
227,4,2026-03-18 10:37:48,2026-03-18 10:39:06,OK,NO
189,11,2026-03-18 10:38:21,2026-03-18 10:39:13,OK,NO
229,3,2026-03-18 10:38:13,2026-03-18 10:39:18,OK,NO
190,10,2026-03-18 10:38:21,2026-03-18 10:39:19,OK,NO
198,7,2026-03-18 10:37:53,2026-03-18 10:39:20,OK,NO
194,8,2026-03-18 10:38:18,2026-03-18 10:39:23,OK,NO
242,1,2026-03-18 10:38:28,2026-03-18 10:39:38,OK,NO
226,6,2026-03-18 10:38:45,2026-03-18 10:39:47,OK,NO
231,2,2026-03-18 10:38:46,2026-03-18 10:39:48,OK,NO
188,12,2026-03-18 10:39:01,2026-03-18 10:39:57,OK,NO
227,5,2026-03-18 10:39:06,2026-03-18 10:40:06,OK,NO
192,9,2026-03-18 10:39:03,2026-03-18 10:40:10,OK,NO
191,10,2026-03-18 10:39:19,2026-03-18 10:40:11,OK,NO
228,4,2026-03-18 10:39:06,2026-03-18 10:40:12,OK,NO
190,11,2026-03-18 10:39:19,2026-03-18 10:40:13,OK,NO
230,3,2026-03-18 10:39:18,2026-03-18 10:40:17,OK,NO
195,8,2026-03-18 10:39:23,2026-03-18 10:40:25,OK,NO
243,1,2026-03-18 10:39:38,2026-03-18 10:40:33,OK,NO
232,2,2026-03-18 10:39:48,2026-03-18 10:40:38,OK,NO
199,7,2026-03-18 10:39:20,2026-03-18 10:40:41,OK,NO
189,12,2026-03-18 10:39:57,2026-03-18 10:41:00,OK,NO
192,10,2026-03-18 10:40:11,2026-03-18 10:41:03,OK,NO
227,6,2026-03-18 10:40:06,2026-03-18 10:41:03,OK,NO
231,3,2026-03-18 10:40:17,2026-03-18 10:41:09,OK,NO
228,5,2026-03-18 10:40:12,2026-03-18 10:41:09,OK,NO
191,11,2026-03-18 10:40:13,2026-03-18 10:41:14,OK,NO
229,4,2026-03-18 10:40:12,2026-03-18 10:41:21,OK,NO
244,1,2026-03-18 10:40:33,2026-03-18 10:41:25,OK,NO
193,9,2026-03-18 10:40:10,2026-03-18 10:41:30,OK,NO
196,8,2026-03-18 10:40:25,2026-03-18 10:41:31,OK,NO
233,2,2026-03-18 10:40:38,2026-03-18 10:41:40,OK,NO
200,7,2026-03-18 10:40:41,2026-03-18 10:41:50,OK,NO
190,12,2026-03-18 10:41:00,2026-03-18 10:42:03,OK,NO
192,11,2026-03-18 10:41:14,2026-03-18 10:42:09,OK,NO
229,5,2026-03-18 10:41:21,2026-03-18 10:42:16,OK,NO
228,6,2026-03-18 10:41:09,2026-03-18 10:42:16,OK,NO
232,3,2026-03-18 10:41:21,2026-03-18 10:42:22,OK,NO
245,1,2026-03-18 10:41:25,2026-03-18 10:42:28,OK,NO
230,4,2026-03-18 10:41:21,2026-03-18 10:42:29,OK,NO
193,10,2026-03-18 10:41:30,2026-03-18 10:42:31,OK,NO
197,8,2026-03-18 10:41:31,2026-03-18 10:42:34,OK,NO
194,9,2026-03-18 10:41:30,2026-03-18 10:42:37,OK,NO
234,2,2026-03-18 10:41:40,2026-03-18 10:42:37,OK,NO
201,7,2026-03-18 10:41:50,2026-03-18 10:42:59,OK,NO
191,12,2026-03-18 10:42:03,2026-03-18 10:43:00,OK,NO
230,5,2026-03-18 10:42:29,2026-03-18 10:43:19,OK,NO
229,6,2026-03-18 10:42:16,2026-03-18 10:43:24,OK,NO
233,3,2026-03-18 10:42:29,2026-03-18 10:43:25,OK,NO
231,4,2026-03-18 10:42:29,2026-03-18 10:43:27,OK,NO
246,1,2026-03-18 10:42:28,2026-03-18 10:43:27,OK,NO
193,11,2026-03-18 10:42:31,2026-03-18 10:43:30,OK,NO
194,10,2026-03-18 10:42:37,2026-03-18 10:43:34,OK,NO
198,8,2026-03-18 10:42:34,2026-03-18 10:43:35,OK,NO
195,9,2026-03-18 10:42:37,2026-03-18 10:43:35,OK,NO
235,2,2026-03-18 10:42:37,2026-03-18 10:43:39,OK,NO
202,7,2026-03-18 10:42:59,2026-03-18 10:44:02,OK,NO
192,12,2026-03-18 10:43:00,2026-03-18 10:44:10,OK,NO
231,5,2026-03-18 10:43:27,2026-03-18 10:44:18,OK,NO
247,1,2026-03-18 10:43:27,2026-03-18 10:44:28,OK,NO
199,8,2026-03-18 10:43:35,2026-03-18 10:44:29,OK,NO
194,11,2026-03-18 10:43:34,2026-03-18 10:44:30,OK,NO
195,10,2026-03-18 10:43:35,2026-03-18 10:44:32,OK,NO
232,4,2026-03-18 10:43:27,2026-03-18 10:44:33,OK,NO
230,6,2026-03-18 10:43:24,2026-03-18 10:44:34,OK,NO
196,9,2026-03-18 10:43:35,2026-03-18 10:44:36,OK,NO
234,3,2026-03-18 10:43:27,2026-03-18 10:44:36,OK,NO
236,2,2026-03-18 10:43:39,2026-03-18 10:44:39,OK,NO
203,7,2026-03-18 10:44:02,2026-03-18 10:45:01,OK,NO
193,12,2026-03-18 10:44:10,2026-03-18 10:45:04,OK,NO
232,5,2026-03-18 10:44:33,2026-03-18 10:45:35,OK,NO
248,1,2026-03-18 10:44:28,2026-03-18 10:45:36,OK,NO
231,6,2026-03-18 10:44:34,2026-03-18 10:45:37,OK,NO
200,8,2026-03-18 10:44:29,2026-03-18 10:45:38,OK,NO
195,11,2026-03-18 10:44:32,2026-03-18 10:45:39,OK,NO
233,4,2026-03-18 10:44:33,2026-03-18 10:45:39,OK,NO
197,9,2026-03-18 10:44:36,2026-03-18 10:45:39,OK,NO
235,3,2026-03-18 10:44:36,2026-03-18 10:45:39,OK,NO
196,10,2026-03-18 10:44:36,2026-03-18 10:45:39,OK,NO
237,2,2026-03-18 10:44:39,2026-03-18 10:45:44,OK,NO
194,12,2026-03-18 10:45:04,2026-03-18 10:45:59,OK,NO
204,7,2026-03-18 10:45:01,2026-03-18 10:46:20,OK,NO
233,5,2026-03-18 10:45:39,2026-03-18 10:46:25,OK,NO
249,1,2026-03-18 10:45:36,2026-03-18 10:46:32,OK,NO
238,2,2026-03-18 10:45:44,2026-03-18 10:46:36,OK,NO
234,4,2026-03-18 10:45:39,2026-03-18 10:46:39,OK,NO
196,11,2026-03-18 10:45:39,2026-03-18 10:46:41,OK,NO
197,10,2026-03-18 10:45:39,2026-03-18 10:46:42,OK,NO
201,8,2026-03-18 10:45:38,2026-03-18 10:46:50,OK,NO
236,3,2026-03-18 10:45:39,2026-03-18 10:46:50,OK,NO
198,9,2026-03-18 10:45:39,2026-03-18 10:47:02,OK,NO
195,12,2026-03-18 10:45:59,2026-03-18 10:47:04,OK,NO
232,6,2026-03-18 10:46:19,2026-03-18 10:47:23,OK,NO
239,2,2026-03-18 10:46:36,2026-03-18 10:47:25,OK,NO
205,7,2026-03-18 10:46:20,2026-03-18 10:47:34,OK,NO
250,1,2026-03-18 10:46:32,2026-03-18 10:47:37,OK,NO
234,5,2026-03-18 10:46:39,2026-03-18 10:47:39,OK,NO
202,8,2026-03-18 10:46:50,2026-03-18 10:47:40,OK,NO
197,11,2026-03-18 10:46:42,2026-03-18 10:47:46,OK,NO
237,3,2026-03-18 10:46:50,2026-03-18 10:47:50,OK,NO
235,4,2026-03-18 10:46:39,2026-03-18 10:48:00,OK,NO
196,12,2026-03-18 10:47:04,2026-03-18 10:48:06,OK,NO
198,10,2026-03-18 10:47:02,2026-03-18 10:48:06,OK,NO
199,9,2026-03-18 10:47:02,2026-03-18 10:48:10,OK,NO
233,6,2026-03-18 10:47:23,2026-03-18 10:48:19,OK,NO
251,1,2026-03-18 10:47:37,2026-03-18 10:48:27,OK,NO
240,2,2026-03-18 10:47:25,2026-03-18 10:48:29,OK,NO
203,8,2026-03-18 10:47:40,2026-03-18 10:48:46,OK,NO
206,7,2026-03-18 10:47:34,2026-03-18 10:48:47,OK,NO
236,4,2026-03-18 10:48:00,2026-03-18 10:48:51,OK,NO
235,5,2026-03-18 10:48:00,2026-03-18 10:48:56,OK,NO
238,3,2026-03-18 10:48:00,2026-03-18 10:49:04,OK,NO
198,11,2026-03-18 10:48:06,2026-03-18 10:49:06,OK,NO
197,12,2026-03-18 10:48:06,2026-03-18 10:49:09,OK,NO
234,6,2026-03-18 10:48:19,2026-03-18 10:49:09,OK,NO
200,9,2026-03-18 10:48:10,2026-03-18 10:49:10,OK,NO
199,10,2026-03-18 10:48:10,2026-03-18 10:49:13,OK,NO
252,1,2026-03-18 10:48:27,2026-03-18 10:49:30,OK,NO
241,2,2026-03-18 10:48:29,2026-03-18 10:49:35,OK,NO
237,4,2026-03-18 10:48:51,2026-03-18 10:49:44,OK,NO
207,7,2026-03-18 10:48:47,2026-03-18 10:49:49,OK,NO
204,8,2026-03-18 10:48:46,2026-03-18 10:49:50,OK,NO
236,5,2026-03-18 10:48:56,2026-03-18 10:49:52,OK,NO
239,3,2026-03-18 10:49:04,2026-03-18 10:49:57,OK,NO
198,12,2026-03-18 10:49:09,2026-03-18 10:50:04,OK,NO
201,9,2026-03-18 10:49:10,2026-03-18 10:50:06,OK,NO
199,11,2026-03-18 10:49:13,2026-03-18 10:50:10,OK,NO
235,6,2026-03-18 10:49:09,2026-03-18 10:50:11,OK,NO
200,10,2026-03-18 10:49:13,2026-03-18 10:50:13,OK,NO
253,1,2026-03-18 10:49:30,2026-03-18 10:50:19,OK,NO
242,2,2026-03-18 10:49:35,2026-03-18 10:50:38,OK,NO
205,8,2026-03-18 10:49:50,2026-03-18 10:50:47,OK,NO
237,5,2026-03-18 10:49:52,2026-03-18 10:50:50,OK,NO
208,7,2026-03-18 10:49:49,2026-03-18 10:50:51,OK,NO
238,4,2026-03-18 10:49:44,2026-03-18 10:50:57,OK,NO
202,9,2026-03-18 10:50:06,2026-03-18 10:51:02,OK,NO
240,3,2026-03-18 10:49:57,2026-03-18 10:51:04,OK,NO
199,12,2026-03-18 10:50:10,2026-03-18 10:51:05,OK,NO
200,11,2026-03-18 10:50:13,2026-03-18 10:51:07,OK,NO
236,6,2026-03-18 10:50:11,2026-03-18 10:51:09,OK,NO
201,10,2026-03-18 10:50:13,2026-03-18 10:51:09,OK,NO
254,1,2026-03-18 10:50:19,2026-03-18 10:51:12,OK,NO
243,2,2026-03-18 10:50:38,2026-03-18 10:51:48,OK,NO
206,8,2026-03-18 10:50:47,2026-03-18 10:51:52,OK,NO
209,7,2026-03-18 10:50:51,2026-03-18 10:51:53,OK,NO
238,5,2026-03-18 10:50:57,2026-03-18 10:51:54,OK,NO
202,10,2026-03-18 10:51:09,2026-03-18 10:52:00,OK,NO
203,9,2026-03-18 10:51:02,2026-03-18 10:52:01,OK,NO
201,11,2026-03-18 10:51:09,2026-03-18 10:52:03,OK,NO
200,12,2026-03-18 10:51:07,2026-03-18 10:52:07,OK,NO
237,6,2026-03-18 10:51:09,2026-03-18 10:52:07,OK,NO
241,3,2026-03-18 10:51:04,2026-03-18 10:52:07,OK,NO
255,1,2026-03-18 10:51:12,2026-03-18 10:52:08,OK,NO
239,4,2026-03-18 10:50:57,2026-03-18 10:52:17,OK,NO
207,8,2026-03-18 10:51:52,2026-03-18 10:52:46,OK,NO
244,2,2026-03-18 10:51:48,2026-03-18 10:52:50,OK,NO
210,7,2026-03-18 10:51:53,2026-03-18 10:52:58,OK,NO
256,1,2026-03-18 10:52:08,2026-03-18 10:53:01,OK,NO
201,12,2026-03-18 10:52:07,2026-03-18 10:53:02,OK,NO
202,11,2026-03-18 10:52:03,2026-03-18 10:53:06,OK,NO
238,6,2026-03-18 10:52:07,2026-03-18 10:53:09,OK,NO
203,10,2026-03-18 10:52:01,2026-03-18 10:53:10,OK,NO
239,5,2026-03-18 10:52:17,2026-03-18 10:53:13,OK,NO
204,9,2026-03-18 10:52:01,2026-03-18 10:53:18,OK,NO
242,3,2026-03-18 10:52:17,2026-03-18 10:53:19,OK,NO
240,4,2026-03-18 10:52:17,2026-03-18 10:53:21,OK,NO
208,8,2026-03-18 10:52:46,2026-03-18 10:53:40,OK,NO
245,2,2026-03-18 10:52:50,2026-03-18 10:53:55,OK,NO
202,12,2026-03-18 10:53:06,2026-03-18 10:54:01,OK,NO
205,9,2026-03-18 10:53:18,2026-03-18 10:54:10,OK,NO
203,11,2026-03-18 10:53:10,2026-03-18 10:54:16,OK,NO
239,6,2026-03-18 10:53:13,2026-03-18 10:54:19,OK,NO
243,3,2026-03-18 10:53:21,2026-03-18 10:54:19,OK,NO
240,5,2026-03-18 10:53:21,2026-03-18 10:54:23,OK,NO
204,10,2026-03-18 10:53:18,2026-03-18 10:54:23,OK,NO
211,7,2026-03-18 10:52:58,2026-03-18 10:54:25,OK,NO
241,4,2026-03-18 10:53:21,2026-03-18 10:54:26,OK,NO
209,8,2026-03-18 10:53:40,2026-03-18 10:54:38,OK,NO
246,2,2026-03-18 10:53:55,2026-03-18 10:54:56,OK,NO
206,9,2026-03-18 10:54:10,2026-03-18 10:55:04,OK,NO
203,12,2026-03-18 10:54:16,2026-03-18 10:55:08,OK,NO
242,4,2026-03-18 10:54:26,2026-03-18 10:55:19,OK,NO
204,11,2026-03-18 10:54:23,2026-03-18 10:55:20,OK,NO
240,6,2026-03-18 10:54:23,2026-03-18 10:55:22,OK,NO
205,10,2026-03-18 10:54:23,2026-03-18 10:55:24,OK,NO
244,3,2026-03-18 10:54:26,2026-03-18 10:55:30,OK,NO
241,5,2026-03-18 10:54:26,2026-03-18 10:55:34,OK,NO
210,8,2026-03-18 10:54:38,2026-03-18 10:55:34,OK,NO
212,7,2026-03-18 10:54:25,2026-03-18 10:55:35,OK,NO
247,2,2026-03-18 10:54:56,2026-03-18 10:55:54,OK,NO
207,9,2026-03-18 10:55:04,2026-03-18 10:56:07,OK,NO
204,12,2026-03-18 10:55:20,2026-03-18 10:56:25,OK,NO
242,5,2026-03-18 10:55:34,2026-03-18 10:56:26,OK,NO
206,10,2026-03-18 10:55:24,2026-03-18 10:56:29,OK,NO
245,3,2026-03-18 10:55:30,2026-03-18 10:56:31,OK,NO
205,11,2026-03-18 10:55:24,2026-03-18 10:56:31,OK,NO
241,6,2026-03-18 10:55:34,2026-03-18 10:56:35,OK,NO
211,8,2026-03-18 10:55:34,2026-03-18 10:56:37,OK,NO
243,4,2026-03-18 10:55:19,2026-03-18 10:56:53,OK,NO
248,2,2026-03-18 10:55:54,2026-03-18 10:56:57,OK,NO
213,7,2026-03-18 10:55:35,2026-03-18 10:57:08,OK,NO
208,9,2026-03-18 10:56:07,2026-03-18 10:57:08,OK,NO
207,10,2026-03-18 10:56:29,2026-03-18 10:57:23,OK,NO
242,6,2026-03-18 10:56:35,2026-03-18 10:57:28,OK,NO
205,12,2026-03-18 10:56:31,2026-03-18 10:57:35,OK,NO
206,11,2026-03-18 10:56:31,2026-03-18 10:57:41,OK,NO
246,3,2026-03-18 10:56:53,2026-03-18 10:57:43,OK,NO
212,8,2026-03-18 10:56:37,2026-03-18 10:57:44,OK,NO
249,2,2026-03-18 10:56:57,2026-03-18 10:57:52,OK,NO
243,5,2026-03-18 10:56:53,2026-03-18 10:57:57,OK,NO
209,9,2026-03-18 10:57:08,2026-03-18 10:58:09,OK,NO
214,7,2026-03-18 10:57:08,2026-03-18 10:58:13,OK,NO
208,10,2026-03-18 10:57:23,2026-03-18 10:58:15,OK,NO
244,4,2026-03-18 10:56:53,2026-03-18 10:58:23,OK,NO
213,8,2026-03-18 10:57:44,2026-03-18 10:58:38,OK,NO
207,11,2026-03-18 10:57:41,2026-03-18 10:58:46,OK,NO
206,12,2026-03-18 10:57:41,2026-03-18 10:58:49,OK,NO
243,6,2026-03-18 10:57:57,2026-03-18 10:59:02,OK,NO
210,9,2026-03-18 10:58:09,2026-03-18 10:59:14,OK,NO
250,2,2026-03-18 10:58:23,2026-03-18 10:59:18,OK,NO
209,10,2026-03-18 10:58:15,2026-03-18 10:59:21,OK,NO
215,7,2026-03-18 10:58:13,2026-03-18 10:59:23,OK,NO
244,5,2026-03-18 10:58:23,2026-03-18 10:59:29,OK,NO
247,3,2026-03-18 10:58:23,2026-03-18 10:59:30,OK,NO
214,8,2026-03-18 10:58:38,2026-03-18 10:59:40,OK,NO
245,4,2026-03-18 10:58:23,2026-03-18 10:59:47,OK,NO
208,11,2026-03-18 10:58:46,2026-03-18 10:59:48,OK,NO
207,12,2026-03-18 10:58:49,2026-03-18 10:59:49,OK,NO
216,7,2026-03-18 10:59:23,2026-03-18 11:00:26,OK,NO
215,8,2026-03-18 10:59:40,2026-03-18 11:00:28,OK,NO
244,6,2026-03-18 10:59:29,2026-03-18 11:00:31,OK,NO
210,10,2026-03-18 10:59:21,2026-03-18 11:00:31,OK,NO
211,9,2026-03-18 10:59:14,2026-03-18 11:00:33,OK,NO
245,5,2026-03-18 10:59:47,2026-03-18 11:00:39,OK,NO
209,11,2026-03-18 10:59:48,2026-03-18 11:00:40,OK,NO
248,3,2026-03-18 10:59:47,2026-03-18 11:00:43,OK,NO
246,4,2026-03-18 10:59:47,2026-03-18 11:00:47,OK,NO
251,2,2026-03-18 10:59:47,2026-03-18 11:00:48,OK,NO
208,12,2026-03-18 10:59:49,2026-03-18 11:00:49,OK,NO
211,10,2026-03-18 11:00:33,2026-03-18 11:01:23,OK,NO
210,11,2026-03-18 11:00:40,2026-03-18 11:01:32,OK,NO
212,9,2026-03-18 11:00:33,2026-03-18 11:01:32,OK,NO
217,7,2026-03-18 11:00:26,2026-03-18 11:01:36,OK,NO
247,4,2026-03-18 11:00:47,2026-03-18 11:01:36,OK,NO
216,8,2026-03-18 11:00:28,2026-03-18 11:01:37,OK,NO
245,6,2026-03-18 11:00:39,2026-03-18 11:01:41,OK,NO
249,3,2026-03-18 11:00:47,2026-03-18 11:01:47,OK,NO
246,5,2026-03-18 11:00:47,2026-03-18 11:01:50,OK,NO
209,12,2026-03-18 11:00:49,2026-03-18 11:01:52,OK,NO
252,2,2026-03-18 11:00:48,2026-03-18 11:01:56,OK,NO
212,10,2026-03-18 11:01:32,2026-03-18 11:02:29,OK,NO
218,7,2026-03-18 11:01:36,2026-03-18 11:02:36,OK,NO
217,8,2026-03-18 11:01:37,2026-03-18 11:02:37,OK,NO
211,11,2026-03-18 11:01:32,2026-03-18 11:02:37,OK,NO
210,12,2026-03-18 11:01:52,2026-03-18 11:02:43,OK,NO
213,9,2026-03-18 11:01:32,2026-03-18 11:02:46,OK,NO
250,3,2026-03-18 11:01:47,2026-03-18 11:02:46,OK,NO
247,5,2026-03-18 11:01:50,2026-03-18 11:02:47,OK,NO
246,6,2026-03-18 11:01:50,2026-03-18 11:02:49,OK,NO
253,2,2026-03-18 11:01:56,2026-03-18 11:03:01,OK,NO
248,4,2026-03-18 11:01:36,2026-03-18 11:03:06,OK,NO
257,1,2026-03-18 11:02:16,2026-03-18 11:03:18,OK,NO
212,11,2026-03-18 11:02:37,2026-03-18 11:03:25,OK,NO
211,12,2026-03-18 11:02:43,2026-03-18 11:03:29,OK,NO
219,7,2026-03-18 11:02:36,2026-03-18 11:03:32,OK,NO
218,8,2026-03-18 11:02:37,2026-03-18 11:03:36,OK,NO
214,9,2026-03-18 11:02:46,2026-03-18 11:03:43,OK,NO
213,10,2026-03-18 11:02:46,2026-03-18 11:03:43,OK,NO
247,6,2026-03-18 11:02:49,2026-03-18 11:03:51,OK,NO
248,5,2026-03-18 11:03:06,2026-03-18 11:03:58,OK,NO
254,2,2026-03-18 11:03:06,2026-03-18 11:04:12,OK,NO
258,1,2026-03-18 11:03:18,2026-03-18 11:04:13,OK,NO
251,3,2026-03-18 11:03:06,2026-03-18 11:04:17,OK,NO
249,4,2026-03-18 11:03:06,2026-03-18 11:04:17,OK,NO
212,12,2026-03-18 11:03:29,2026-03-18 11:04:31,OK,NO
214,10,2026-03-18 11:03:43,2026-03-18 11:04:36,OK,NO
215,9,2026-03-18 11:03:43,2026-03-18 11:04:43,OK,NO
213,11,2026-03-18 11:03:43,2026-03-18 11:04:43,OK,NO
219,8,2026-03-18 11:03:36,2026-03-18 11:04:45,OK,NO
220,7,2026-03-18 11:03:32,2026-03-18 11:04:52,OK,NO
248,6,2026-03-18 11:03:58,2026-03-18 11:04:59,OK,NO
259,1,2026-03-18 11:04:13,2026-03-18 11:05:11,OK,NO
249,5,2026-03-18 11:04:17,2026-03-18 11:05:15,OK,NO
255,2,2026-03-18 11:04:17,2026-03-18 11:05:18,OK,NO
252,3,2026-03-18 11:04:17,2026-03-18 11:05:26,OK,NO
250,4,2026-03-18 11:04:17,2026-03-18 11:05:36,OK,NO
213,12,2026-03-18 11:04:43,2026-03-18 11:05:38,OK,NO
215,10,2026-03-18 11:04:43,2026-03-18 11:05:41,OK,NO
214,11,2026-03-18 11:04:43,2026-03-18 11:05:41,OK,NO
216,9,2026-03-18 11:04:43,2026-03-18 11:05:43,OK,NO
221,7,2026-03-18 11:04:52,2026-03-18 11:05:51,OK,NO
220,8,2026-03-18 11:04:52,2026-03-18 11:05:52,OK,NO
260,1,2026-03-18 11:05:11,2026-03-18 11:06:10,OK,NO
249,6,2026-03-18 11:05:15,2026-03-18 11:06:13,OK,NO
253,3,2026-03-18 11:05:36,2026-03-18 11:06:28,OK,NO
256,2,2026-03-18 11:05:36,2026-03-18 11:06:34,OK,NO
215,11,2026-03-18 11:05:41,2026-03-18 11:06:36,OK,NO
214,12,2026-03-18 11:05:41,2026-03-18 11:06:38,OK,NO
250,5,2026-03-18 11:05:36,2026-03-18 11:06:41,OK,NO
217,9,2026-03-18 11:05:43,2026-03-18 11:06:44,OK,NO
221,8,2026-03-18 11:05:52,2026-03-18 11:06:52,OK,NO
216,10,2026-03-18 11:05:43,2026-03-18 11:06:52,OK,NO
222,7,2026-03-18 11:05:51,2026-03-18 11:06:56,OK,NO
261,1,2026-03-18 11:06:10,2026-03-18 11:07:06,OK,NO
251,4,2026-03-18 11:05:36,2026-03-18 11:07:11,OK,NO
218,9,2026-03-18 11:06:44,2026-03-18 11:07:43,OK,NO
215,12,2026-03-18 11:06:38,2026-03-18 11:07:47,OK,NO
250,6,2026-03-18 11:06:41,2026-03-18 11:07:47,OK,NO
216,11,2026-03-18 11:06:52,2026-03-18 11:07:48,OK,NO
217,10,2026-03-18 11:06:52,2026-03-18 11:07:50,OK,NO
223,7,2026-03-18 11:06:56,2026-03-18 11:07:55,OK,NO
222,8,2026-03-18 11:06:56,2026-03-18 11:07:58,OK,NO
257,2,2026-03-18 11:07:11,2026-03-18 11:08:03,OK,NO
254,3,2026-03-18 11:07:11,2026-03-18 11:08:04,OK,NO
262,1,2026-03-18 11:07:06,2026-03-18 11:08:08,OK,NO
251,5,2026-03-18 11:07:11,2026-03-18 11:08:19,OK,NO
252,4,2026-03-18 11:07:11,2026-03-18 11:08:23,OK,NO
219,9,2026-03-18 11:07:43,2026-03-18 11:08:45,OK,NO
216,12,2026-03-18 11:07:48,2026-03-18 11:08:45,OK,NO
218,10,2026-03-18 11:07:50,2026-03-18 11:08:49,OK,NO
217,11,2026-03-18 11:07:50,2026-03-18 11:08:52,OK,NO
223,8,2026-03-18 11:07:58,2026-03-18 11:08:57,OK,NO
224,7,2026-03-18 11:07:55,2026-03-18 11:09:04,OK,NO
263,1,2026-03-18 11:08:08,2026-03-18 11:09:13,OK,NO
253,4,2026-03-18 11:08:23,2026-03-18 11:09:18,OK,NO
255,3,2026-03-18 11:08:23,2026-03-18 11:09:18,OK,NO
251,6,2026-03-18 11:08:19,2026-03-18 11:09:19,OK,NO
252,5,2026-03-18 11:08:23,2026-03-18 11:09:23,OK,NO
258,2,2026-03-18 11:08:23,2026-03-18 11:09:24,OK,NO
217,12,2026-03-18 11:08:52,2026-03-18 11:09:49,OK,NO
219,10,2026-03-18 11:08:49,2026-03-18 11:09:51,OK,NO
218,11,2026-03-18 11:08:52,2026-03-18 11:09:53,OK,NO
224,8,2026-03-18 11:09:04,2026-03-18 11:10:04,OK,NO
264,1,2026-03-18 11:09:13,2026-03-18 11:10:07,OK,NO
220,9,2026-03-18 11:08:45,2026-03-18 11:10:08,OK,NO
225,7,2026-03-18 11:09:04,2026-03-18 11:10:15,OK,NO
256,3,2026-03-18 11:09:18,2026-03-18 11:10:18,OK,NO
259,2,2026-03-18 11:09:24,2026-03-18 11:10:19,OK,NO
253,5,2026-03-18 11:09:23,2026-03-18 11:10:22,OK,NO
252,6,2026-03-18 11:09:23,2026-03-18 11:10:29,OK,NO
254,4,2026-03-18 11:09:18,2026-03-18 11:10:36,OK,NO
219,11,2026-03-18 11:09:53,2026-03-18 11:10:51,OK,NO
221,9,2026-03-18 11:10:08,2026-03-18 11:11:01,OK,NO
220,10,2026-03-18 11:10:08,2026-03-18 11:11:03,OK,NO
265,1,2026-03-18 11:10:07,2026-03-18 11:11:03,OK,NO
218,12,2026-03-18 11:09:53,2026-03-18 11:11:05,OK,NO
225,8,2026-03-18 11:10:15,2026-03-18 11:11:18,OK,NO
253,6,2026-03-18 11:10:29,2026-03-18 11:11:24,OK,NO
226,7,2026-03-18 11:10:15,2026-03-18 11:11:28,OK,NO
254,5,2026-03-18 11:10:36,2026-03-18 11:11:34,OK,NO
222,9,2026-03-18 11:11:01,2026-03-18 11:11:53,OK,NO
220,11,2026-03-18 11:11:03,2026-03-18 11:12:04,OK,NO
221,10,2026-03-18 11:11:03,2026-03-18 11:12:05,OK,NO
260,2,2026-03-18 11:11:10,2026-03-18 11:12:07,OK,NO
266,1,2026-03-18 11:11:03,2026-03-18 11:12:09,OK,NO
255,4,2026-03-18 11:11:10,2026-03-18 11:12:09,OK,NO
257,3,2026-03-18 11:11:10,2026-03-18 11:12:12,OK,NO
219,12,2026-03-18 11:11:05,2026-03-18 11:12:13,OK,NO
226,8,2026-03-18 11:11:28,2026-03-18 11:12:26,OK,NO
254,6,2026-03-18 11:11:34,2026-03-18 11:12:31,OK,NO
227,7,2026-03-18 11:11:28,2026-03-18 11:12:48,OK,NO
223,9,2026-03-18 11:11:53,2026-03-18 11:12:48,OK,NO
255,5,2026-03-18 11:12:09,2026-03-18 11:13:01,OK,NO
267,1,2026-03-18 11:12:09,2026-03-18 11:13:03,OK,NO
221,11,2026-03-18 11:12:05,2026-03-18 11:13:05,OK,NO
220,12,2026-03-18 11:12:13,2026-03-18 11:13:06,OK,NO
258,3,2026-03-18 11:12:12,2026-03-18 11:13:10,OK,NO
222,10,2026-03-18 11:12:05,2026-03-18 11:13:11,OK,NO
256,4,2026-03-18 11:12:09,2026-03-18 11:13:20,OK,NO
261,2,2026-03-18 11:12:12,2026-03-18 11:13:23,OK,NO
227,8,2026-03-18 11:12:48,2026-03-18 11:13:45,OK,NO
224,9,2026-03-18 11:12:48,2026-03-18 11:13:49,OK,NO
228,7,2026-03-18 11:12:48,2026-03-18 11:13:51,OK,NO
255,6,2026-03-18 11:13:01,2026-03-18 11:13:58,OK,NO
223,10,2026-03-18 11:13:11,2026-03-18 11:14:04,OK,NO
268,1,2026-03-18 11:13:03,2026-03-18 11:14:07,OK,NO
221,12,2026-03-18 11:13:06,2026-03-18 11:14:09,OK,NO
222,11,2026-03-18 11:13:11,2026-03-18 11:14:12,OK,NO
256,5,2026-03-18 11:13:20,2026-03-18 11:14:16,OK,NO
259,3,2026-03-18 11:13:20,2026-03-18 11:14:20,OK,NO
262,2,2026-03-18 11:13:23,2026-03-18 11:14:25,OK,NO
225,9,2026-03-18 11:13:49,2026-03-18 11:14:45,OK,NO
229,7,2026-03-18 11:13:51,2026-03-18 11:14:50,OK,NO
257,4,2026-03-18 11:13:20,2026-03-18 11:14:51,OK,NO
228,8,2026-03-18 11:13:51,2026-03-18 11:15:05,OK,NO
269,1,2026-03-18 11:14:07,2026-03-18 11:15:06,OK,NO
224,10,2026-03-18 11:14:04,2026-03-18 11:15:09,OK,NO
256,6,2026-03-18 11:14:16,2026-03-18 11:15:14,OK,NO
222,12,2026-03-18 11:14:12,2026-03-18 11:15:17,OK,NO
223,11,2026-03-18 11:14:12,2026-03-18 11:15:19,OK,NO
263,2,2026-03-18 11:14:51,2026-03-18 11:15:41,OK,NO
258,4,2026-03-18 11:14:51,2026-03-18 11:15:44,OK,NO
226,9,2026-03-18 11:14:45,2026-03-18 11:15:46,OK,NO
230,7,2026-03-18 11:14:50,2026-03-18 11:15:53,OK,NO
260,3,2026-03-18 11:14:51,2026-03-18 11:15:54,OK,NO
257,5,2026-03-18 11:14:51,2026-03-18 11:15:56,OK,NO
225,10,2026-03-18 11:15:09,2026-03-18 11:16:04,OK,NO
229,8,2026-03-18 11:15:05,2026-03-18 11:16:10,OK,NO
270,1,2026-03-18 11:15:06,2026-03-18 11:16:11,OK,NO
224,11,2026-03-18 11:15:19,2026-03-18 11:16:24,OK,NO
223,12,2026-03-18 11:15:19,2026-03-18 11:16:24,OK,NO
259,4,2026-03-18 11:15:44,2026-03-18 11:16:43,OK,NO
261,3,2026-03-18 11:15:54,2026-03-18 11:16:47,OK,NO
231,7,2026-03-18 11:15:53,2026-03-18 11:16:49,OK,NO
226,10,2026-03-18 11:16:04,2026-03-18 11:16:58,OK,NO
258,5,2026-03-18 11:15:56,2026-03-18 11:16:59,OK,NO
227,9,2026-03-18 11:15:46,2026-03-18 11:17:01,OK,NO
230,8,2026-03-18 11:16:10,2026-03-18 11:17:03,OK,NO
271,1,2026-03-18 11:16:11,2026-03-18 11:17:04,OK,NO
257,6,2026-03-18 11:15:56,2026-03-18 11:17:04,OK,NO
264,2,2026-03-18 11:15:54,2026-03-18 11:17:07,OK,NO
224,12,2026-03-18 11:16:24,2026-03-18 11:17:26,OK,NO
225,11,2026-03-18 11:16:24,2026-03-18 11:17:28,OK,NO
260,4,2026-03-18 11:16:43,2026-03-18 11:17:36,OK,NO
262,3,2026-03-18 11:16:47,2026-03-18 11:17:45,OK,NO
232,7,2026-03-18 11:16:49,2026-03-18 11:17:51,OK,NO
259,5,2026-03-18 11:16:59,2026-03-18 11:17:54,OK,NO
228,9,2026-03-18 11:17:01,2026-03-18 11:17:58,OK,NO
258,6,2026-03-18 11:17:04,2026-03-18 11:17:59,OK,NO
265,2,2026-03-18 11:17:07,2026-03-18 11:18:00,OK,NO
231,8,2026-03-18 11:17:03,2026-03-18 11:18:04,OK,NO
227,10,2026-03-18 11:17:01,2026-03-18 11:18:07,OK,NO
272,1,2026-03-18 11:17:04,2026-03-18 11:18:13,OK,NO
225,12,2026-03-18 11:17:28,2026-03-18 11:18:21,OK,NO
226,11,2026-03-18 11:17:28,2026-03-18 11:18:25,OK,NO
263,3,2026-03-18 11:17:45,2026-03-18 11:18:39,OK,NO
260,5,2026-03-18 11:17:54,2026-03-18 11:18:44,OK,NO
261,4,2026-03-18 11:17:36,2026-03-18 11:18:48,OK,NO
229,9,2026-03-18 11:17:58,2026-03-18 11:18:49,OK,NO
233,7,2026-03-18 11:17:51,2026-03-18 11:19:00,OK,NO
259,6,2026-03-18 11:17:59,2026-03-18 11:19:00,OK,NO
266,2,2026-03-18 11:18:00,2026-03-18 11:19:02,OK,NO
232,8,2026-03-18 11:18:04,2026-03-18 11:19:05,OK,NO
228,10,2026-03-18 11:18:07,2026-03-18 11:19:09,OK,NO
273,1,2026-03-18 11:18:13,2026-03-18 11:19:19,OK,NO
226,12,2026-03-18 11:18:25,2026-03-18 11:19:27,OK,NO
227,11,2026-03-18 11:18:25,2026-03-18 11:19:28,OK,NO
264,3,2026-03-18 11:18:48,2026-03-18 11:19:46,OK,NO
262,4,2026-03-18 11:18:48,2026-03-18 11:19:52,OK,NO
261,5,2026-03-18 11:18:48,2026-03-18 11:19:53,OK,NO
230,9,2026-03-18 11:18:49,2026-03-18 11:19:54,OK,NO
233,8,2026-03-18 11:19:05,2026-03-18 11:19:55,OK,NO
260,6,2026-03-18 11:19:00,2026-03-18 11:19:59,OK,NO
267,2,2026-03-18 11:19:02,2026-03-18 11:20:03,OK,NO
234,7,2026-03-18 11:19:00,2026-03-18 11:20:04,OK,NO
229,10,2026-03-18 11:19:09,2026-03-18 11:20:14,OK,NO
274,1,2026-03-18 11:19:19,2026-03-18 11:20:25,OK,NO
228,11,2026-03-18 11:19:28,2026-03-18 11:20:26,OK,NO
227,12,2026-03-18 11:19:28,2026-03-18 11:20:26,OK,NO
231,9,2026-03-18 11:19:54,2026-03-18 11:20:48,OK,NO
265,3,2026-03-18 11:19:52,2026-03-18 11:20:48,OK,NO
263,4,2026-03-18 11:19:52,2026-03-18 11:20:59,OK,NO
261,6,2026-03-18 11:19:59,2026-03-18 11:20:59,OK,NO
262,5,2026-03-18 11:19:53,2026-03-18 11:21:01,OK,NO
234,8,2026-03-18 11:20:04,2026-03-18 11:21:02,OK,NO
230,10,2026-03-18 11:20:14,2026-03-18 11:21:09,OK,NO
268,2,2026-03-18 11:20:03,2026-03-18 11:21:15,OK,NO
228,12,2026-03-18 11:20:26,2026-03-18 11:21:20,OK,NO
235,7,2026-03-18 11:20:04,2026-03-18 11:21:20,OK,NO
229,11,2026-03-18 11:20:26,2026-03-18 11:21:21,OK,NO
275,1,2026-03-18 11:20:25,2026-03-18 11:21:36,OK,NO
232,9,2026-03-18 11:20:48,2026-03-18 11:21:51,OK,NO
266,3,2026-03-18 11:20:59,2026-03-18 11:21:54,OK,NO
262,6,2026-03-18 11:21:01,2026-03-18 11:22:02,OK,NO
264,4,2026-03-18 11:20:59,2026-03-18 11:22:13,OK,NO
235,8,2026-03-18 11:21:20,2026-03-18 11:22:15,OK,NO
231,10,2026-03-18 11:21:09,2026-03-18 11:22:16,OK,NO
263,5,2026-03-18 11:21:01,2026-03-18 11:22:18,OK,NO
236,7,2026-03-18 11:21:20,2026-03-18 11:22:18,OK,NO
229,12,2026-03-18 11:21:21,2026-03-18 11:22:18,OK,NO
269,2,2026-03-18 11:21:15,2026-03-18 11:22:21,OK,NO
230,11,2026-03-18 11:21:21,2026-03-18 11:22:23,OK,NO
233,9,2026-03-18 11:21:51,2026-03-18 11:22:47,OK,NO
276,1,2026-03-18 11:21:36,2026-03-18 11:22:48,OK,NO
267,3,2026-03-18 11:22:13,2026-03-18 11:23:06,OK,NO
265,4,2026-03-18 11:22:13,2026-03-18 11:23:07,OK,NO
237,7,2026-03-18 11:22:18,2026-03-18 11:23:11,OK,NO
231,11,2026-03-18 11:22:23,2026-03-18 11:23:13,OK,NO
236,8,2026-03-18 11:22:18,2026-03-18 11:23:17,OK,NO
270,2,2026-03-18 11:22:21,2026-03-18 11:23:21,OK,NO
232,10,2026-03-18 11:22:16,2026-03-18 11:23:22,OK,NO
263,6,2026-03-18 11:22:18,2026-03-18 11:23:24,OK,NO
264,5,2026-03-18 11:22:18,2026-03-18 11:23:24,OK,NO
230,12,2026-03-18 11:22:23,2026-03-18 11:23:29,OK,NO
277,1,2026-03-18 11:22:48,2026-03-18 11:23:49,OK,NO
268,3,2026-03-18 11:23:07,2026-03-18 11:23:57,OK,NO
234,9,2026-03-18 11:22:47,2026-03-18 11:24:00,OK,NO
237,8,2026-03-18 11:23:17,2026-03-18 11:24:12,OK,NO
271,2,2026-03-18 11:23:21,2026-03-18 11:24:12,OK,NO
266,4,2026-03-18 11:23:07,2026-03-18 11:24:14,OK,NO
232,11,2026-03-18 11:23:22,2026-03-18 11:24:16,OK,NO
264,6,2026-03-18 11:23:24,2026-03-18 11:24:21,OK,NO
265,5,2026-03-18 11:23:24,2026-03-18 11:24:24,OK,NO
231,12,2026-03-18 11:23:29,2026-03-18 11:24:26,OK,NO
233,10,2026-03-18 11:23:22,2026-03-18 11:24:29,OK,NO
238,7,2026-03-18 11:23:11,2026-03-18 11:24:31,OK,NO
278,1,2026-03-18 11:23:49,2026-03-18 11:24:49,OK,NO
235,9,2026-03-18 11:24:00,2026-03-18 11:25:01,OK,NO
269,3,2026-03-18 11:24:14,2026-03-18 11:25:11,OK,NO
267,4,2026-03-18 11:24:14,2026-03-18 11:25:15,OK,NO
272,2,2026-03-18 11:24:14,2026-03-18 11:25:15,OK,NO
233,11,2026-03-18 11:24:29,2026-03-18 11:25:17,OK,NO
265,6,2026-03-18 11:24:24,2026-03-18 11:25:18,OK,NO
238,8,2026-03-18 11:24:31,2026-03-18 11:25:18,OK,NO
266,5,2026-03-18 11:24:24,2026-03-18 11:25:23,OK,NO
232,12,2026-03-18 11:24:26,2026-03-18 11:25:29,OK,NO
234,10,2026-03-18 11:24:29,2026-03-18 11:25:36,OK,NO
279,1,2026-03-18 11:24:49,2026-03-18 11:25:38,OK,NO
239,7,2026-03-18 11:24:31,2026-03-18 11:25:54,OK,NO
236,9,2026-03-18 11:25:01,2026-03-18 11:26:07,OK,NO
273,2,2026-03-18 11:25:15,2026-03-18 11:26:12,OK,NO
268,4,2026-03-18 11:25:15,2026-03-18 11:26:13,OK,NO
270,3,2026-03-18 11:25:15,2026-03-18 11:26:14,OK,NO
235,10,2026-03-18 11:25:36,2026-03-18 11:26:25,OK,NO
267,5,2026-03-18 11:25:23,2026-03-18 11:26:25,OK,NO
266,6,2026-03-18 11:25:23,2026-03-18 11:26:28,OK,NO
233,12,2026-03-18 11:25:29,2026-03-18 11:26:30,OK,NO
234,11,2026-03-18 11:25:36,2026-03-18 11:26:32,OK,NO
280,1,2026-03-18 11:25:38,2026-03-18 11:26:33,OK,NO
239,8,2026-03-18 11:25:54,2026-03-18 11:26:48,OK,NO
240,7,2026-03-18 11:25:54,2026-03-18 11:26:52,OK,NO
237,9,2026-03-18 11:26:07,2026-03-18 11:27:07,OK,NO
274,2,2026-03-18 11:26:14,2026-03-18 11:27:18,OK,NO
271,3,2026-03-18 11:26:14,2026-03-18 11:27:19,OK,NO
236,10,2026-03-18 11:26:25,2026-03-18 11:27:22,OK,NO
268,5,2026-03-18 11:26:25,2026-03-18 11:27:25,OK,NO
281,1,2026-03-18 11:26:33,2026-03-18 11:27:29,OK,NO
235,11,2026-03-18 11:26:32,2026-03-18 11:27:30,OK,NO
269,4,2026-03-18 11:26:13,2026-03-18 11:27:35,OK,NO
267,6,2026-03-18 11:26:28,2026-03-18 11:27:36,OK,NO
234,12,2026-03-18 11:26:32,2026-03-18 11:27:37,OK,NO
241,7,2026-03-18 11:26:52,2026-03-18 11:27:47,OK,NO
240,8,2026-03-18 11:26:52,2026-03-18 11:27:56,OK,NO
238,9,2026-03-18 11:27:07,2026-03-18 11:28:18,OK,NO
237,10,2026-03-18 11:27:22,2026-03-18 11:28:22,OK,NO
236,11,2026-03-18 11:27:30,2026-03-18 11:28:23,OK,NO
269,5,2026-03-18 11:27:35,2026-03-18 11:28:31,OK,NO
268,6,2026-03-18 11:27:36,2026-03-18 11:28:35,OK,NO
235,12,2026-03-18 11:27:37,2026-03-18 11:28:35,OK,NO
282,1,2026-03-18 11:27:29,2026-03-18 11:28:39,OK,NO
275,2,2026-03-18 11:27:35,2026-03-18 11:28:40,OK,NO
272,3,2026-03-18 11:27:35,2026-03-18 11:28:48,OK,NO
270,4,2026-03-18 11:27:35,2026-03-18 11:28:55,OK,NO
242,7,2026-03-18 11:27:47,2026-03-18 11:28:56,OK,NO
241,8,2026-03-18 11:27:56,2026-03-18 11:29:02,OK,NO
238,10,2026-03-18 11:28:22,2026-03-18 11:29:21,OK,NO
237,11,2026-03-18 11:28:23,2026-03-18 11:29:24,OK,NO
239,9,2026-03-18 11:28:18,2026-03-18 11:29:32,OK,NO
269,6,2026-03-18 11:28:35,2026-03-18 11:29:35,OK,NO
236,12,2026-03-18 11:28:35,2026-03-18 11:29:36,OK,NO
270,5,2026-03-18 11:28:55,2026-03-18 11:29:51,OK,NO
276,2,2026-03-18 11:28:55,2026-03-18 11:29:53,OK,NO
271,4,2026-03-18 11:28:55,2026-03-18 11:29:53,OK,NO
242,8,2026-03-18 11:29:02,2026-03-18 11:29:54,OK,NO
283,1,2026-03-18 11:28:39,2026-03-18 11:29:55,OK,NO
273,3,2026-03-18 11:28:55,2026-03-18 11:30:02,OK,NO
243,7,2026-03-18 11:28:56,2026-03-18 11:30:29,OK,NO
240,9,2026-03-18 11:29:32,2026-03-18 11:30:30,OK,NO
237,12,2026-03-18 11:29:36,2026-03-18 11:30:31,OK,NO
238,11,2026-03-18 11:29:24,2026-03-18 11:30:32,OK,NO
239,10,2026-03-18 11:29:32,2026-03-18 11:30:37,OK,NO
271,5,2026-03-18 11:29:53,2026-03-18 11:30:43,OK,NO
272,4,2026-03-18 11:29:53,2026-03-18 11:30:45,OK,NO
270,6,2026-03-18 11:29:51,2026-03-18 11:30:48,OK,NO
284,1,2026-03-18 11:29:55,2026-03-18 11:30:48,OK,NO
274,3,2026-03-18 11:30:02,2026-03-18 11:31:05,OK,NO
277,2,2026-03-18 11:30:02,2026-03-18 11:31:06,OK,NO
241,9,2026-03-18 11:30:30,2026-03-18 11:31:23,OK,NO
238,12,2026-03-18 11:30:32,2026-03-18 11:31:30,OK,NO
243,8,2026-03-18 11:30:29,2026-03-18 11:31:32,OK,NO
240,10,2026-03-18 11:30:37,2026-03-18 11:31:45,OK,NO
239,11,2026-03-18 11:30:37,2026-03-18 11:31:45,OK,NO
273,4,2026-03-18 11:30:45,2026-03-18 11:31:45,OK,NO
271,6,2026-03-18 11:30:48,2026-03-18 11:31:45,OK,NO
272,5,2026-03-18 11:30:45,2026-03-18 11:31:48,OK,NO
244,7,2026-03-18 11:30:29,2026-03-18 11:31:51,OK,NO
285,1,2026-03-18 11:30:48,2026-03-18 11:31:52,OK,NO
278,2,2026-03-18 11:31:06,2026-03-18 11:32:06,OK,NO
275,3,2026-03-18 11:31:05,2026-03-18 11:32:11,OK,NO
242,9,2026-03-18 11:31:23,2026-03-18 11:32:17,OK,NO
274,4,2026-03-18 11:31:45,2026-03-18 11:32:40,OK,NO
241,10,2026-03-18 11:31:45,2026-03-18 11:32:40,OK,NO
272,6,2026-03-18 11:31:48,2026-03-18 11:32:41,OK,NO
286,1,2026-03-18 11:31:52,2026-03-18 11:32:42,OK,NO
239,12,2026-03-18 11:31:45,2026-03-18 11:32:44,OK,NO
273,5,2026-03-18 11:31:48,2026-03-18 11:32:46,OK,NO
240,11,2026-03-18 11:31:45,2026-03-18 11:32:50,OK,NO
244,8,2026-03-18 11:31:51,2026-03-18 11:32:51,OK,NO
276,3,2026-03-18 11:32:11,2026-03-18 11:33:11,OK,NO
245,7,2026-03-18 11:31:51,2026-03-18 11:33:13,OK,NO
279,2,2026-03-18 11:32:11,2026-03-18 11:33:14,OK,NO
275,4,2026-03-18 11:32:40,2026-03-18 11:33:34,OK,NO
287,1,2026-03-18 11:32:42,2026-03-18 11:33:35,OK,NO
241,11,2026-03-18 11:32:50,2026-03-18 11:33:46,OK,NO
243,9,2026-03-18 11:32:17,2026-03-18 11:33:48,OK,NO
242,10,2026-03-18 11:32:40,2026-03-18 11:33:48,OK,NO
274,5,2026-03-18 11:32:46,2026-03-18 11:33:52,OK,NO
273,6,2026-03-18 11:32:46,2026-03-18 11:33:53,OK,NO
240,12,2026-03-18 11:32:50,2026-03-18 11:33:55,OK,NO
280,2,2026-03-18 11:33:14,2026-03-18 11:34:05,OK,NO
277,3,2026-03-18 11:33:11,2026-03-18 11:34:07,OK,NO
245,8,2026-03-18 11:33:13,2026-03-18 11:34:12,OK,NO
246,7,2026-03-18 11:33:13,2026-03-18 11:34:18,OK,NO
288,1,2026-03-18 11:33:35,2026-03-18 11:34:32,OK,NO
276,4,2026-03-18 11:33:34,2026-03-18 11:34:40,OK,NO
243,10,2026-03-18 11:33:48,2026-03-18 11:34:41,OK,NO
242,11,2026-03-18 11:33:48,2026-03-18 11:34:42,OK,NO
241,12,2026-03-18 11:33:55,2026-03-18 11:34:48,OK,NO
275,5,2026-03-18 11:33:52,2026-03-18 11:34:50,OK,NO
274,6,2026-03-18 11:33:53,2026-03-18 11:34:56,OK,NO
281,2,2026-03-18 11:34:07,2026-03-18 11:34:58,OK,NO
244,9,2026-03-18 11:33:48,2026-03-18 11:35:05,OK,NO
278,3,2026-03-18 11:34:07,2026-03-18 11:35:10,OK,NO
247,7,2026-03-18 11:34:18,2026-03-18 11:35:12,OK,NO
289,1,2026-03-18 11:34:32,2026-03-18 11:35:24,OK,NO
246,8,2026-03-18 11:34:18,2026-03-18 11:35:28,OK,NO
243,11,2026-03-18 11:34:42,2026-03-18 11:35:32,OK,NO
277,4,2026-03-18 11:34:40,2026-03-18 11:35:35,OK,NO
276,5,2026-03-18 11:34:50,2026-03-18 11:35:48,OK,NO
242,12,2026-03-18 11:34:48,2026-03-18 11:35:54,OK,NO
275,6,2026-03-18 11:34:56,2026-03-18 11:35:54,OK,NO
244,10,2026-03-18 11:35:05,2026-03-18 11:36:01,OK,NO
282,2,2026-03-18 11:35:10,2026-03-18 11:36:05,OK,NO
279,3,2026-03-18 11:35:10,2026-03-18 11:36:13,OK,NO
290,1,2026-03-18 11:35:24,2026-03-18 11:36:16,OK,NO
245,9,2026-03-18 11:35:05,2026-03-18 11:36:18,OK,NO
247,8,2026-03-18 11:35:28,2026-03-18 11:36:20,OK,NO
248,7,2026-03-18 11:35:12,2026-03-18 11:36:38,OK,NO
278,4,2026-03-18 11:35:35,2026-03-18 11:36:44,OK,NO
277,5,2026-03-18 11:35:48,2026-03-18 11:36:45,OK,NO
276,6,2026-03-18 11:35:54,2026-03-18 11:36:52,OK,NO
243,12,2026-03-18 11:35:54,2026-03-18 11:36:53,OK,NO
244,11,2026-03-18 11:36:01,2026-03-18 11:37:05,OK,NO
246,9,2026-03-18 11:36:18,2026-03-18 11:37:11,OK,NO
283,2,2026-03-18 11:36:13,2026-03-18 11:37:11,OK,NO
291,1,2026-03-18 11:36:16,2026-03-18 11:37:14,OK,NO
280,3,2026-03-18 11:36:13,2026-03-18 11:37:24,OK,NO
245,10,2026-03-18 11:36:18,2026-03-18 11:37:26,OK,NO
248,8,2026-03-18 11:36:38,2026-03-18 11:37:35,OK,NO
278,5,2026-03-18 11:36:45,2026-03-18 11:37:37,OK,NO
249,7,2026-03-18 11:36:38,2026-03-18 11:37:48,OK,NO
279,4,2026-03-18 11:36:44,2026-03-18 11:37:52,OK,NO
277,6,2026-03-18 11:36:52,2026-03-18 11:37:56,OK,NO
244,12,2026-03-18 11:37:05,2026-03-18 11:38:07,OK,NO
292,1,2026-03-18 11:37:14,2026-03-18 11:38:10,OK,NO
247,9,2026-03-18 11:37:11,2026-03-18 11:38:13,OK,NO
245,11,2026-03-18 11:37:26,2026-03-18 11:38:24,OK,NO
281,3,2026-03-18 11:37:24,2026-03-18 11:38:25,OK,NO
284,2,2026-03-18 11:37:24,2026-03-18 11:38:26,OK,NO
246,10,2026-03-18 11:37:26,2026-03-18 11:38:27,OK,NO
279,5,2026-03-18 11:37:52,2026-03-18 11:38:47,OK,NO
280,4,2026-03-18 11:37:52,2026-03-18 11:38:53,OK,NO
249,8,2026-03-18 11:37:48,2026-03-18 11:38:56,OK,NO
250,7,2026-03-18 11:37:48,2026-03-18 11:38:56,OK,NO
278,6,2026-03-18 11:37:56,2026-03-18 11:39:07,OK,NO
293,1,2026-03-18 11:38:10,2026-03-18 11:39:09,OK,NO
245,12,2026-03-18 11:38:24,2026-03-18 11:39:18,OK,NO
248,9,2026-03-18 11:38:13,2026-03-18 11:39:19,OK,NO
282,3,2026-03-18 11:38:25,2026-03-18 11:39:22,OK,NO
247,10,2026-03-18 11:38:27,2026-03-18 11:39:23,OK,NO
285,2,2026-03-18 11:38:26,2026-03-18 11:39:24,OK,NO
246,11,2026-03-18 11:38:27,2026-03-18 11:39:30,OK,NO
280,5,2026-03-18 11:38:53,2026-03-18 11:39:45,OK,NO
250,8,2026-03-18 11:38:56,2026-03-18 11:39:54,OK,NO
281,4,2026-03-18 11:38:53,2026-03-18 11:39:58,OK,NO
294,1,2026-03-18 11:39:09,2026-03-18 11:40:07,OK,NO
279,6,2026-03-18 11:39:07,2026-03-18 11:40:09,OK,NO
249,9,2026-03-18 11:39:19,2026-03-18 11:40:12,OK,NO
283,3,2026-03-18 11:39:22,2026-03-18 11:40:14,OK,NO
286,2,2026-03-18 11:39:24,2026-03-18 11:40:25,OK,NO
246,12,2026-03-18 11:39:30,2026-03-18 11:40:29,OK,NO
248,10,2026-03-18 11:39:23,2026-03-18 11:40:29,OK,NO
251,7,2026-03-18 11:38:56,2026-03-18 11:40:33,OK,NO
247,11,2026-03-18 11:39:30,2026-03-18 11:40:35,OK,NO
281,5,2026-03-18 11:39:58,2026-03-18 11:40:58,OK,NO
282,4,2026-03-18 11:39:58,2026-03-18 11:40:59,OK,NO
295,1,2026-03-18 11:40:07,2026-03-18 11:41:06,OK,NO
284,3,2026-03-18 11:40:14,2026-03-18 11:41:10,OK,NO
250,9,2026-03-18 11:40:12,2026-03-18 11:41:10,OK,NO
280,6,2026-03-18 11:40:09,2026-03-18 11:41:12,OK,NO
249,10,2026-03-18 11:40:29,2026-03-18 11:41:22,OK,NO
287,2,2026-03-18 11:40:25,2026-03-18 11:41:25,OK,NO
247,12,2026-03-18 11:40:35,2026-03-18 11:41:38,OK,NO
248,11,2026-03-18 11:40:35,2026-03-18 11:41:38,OK,NO
251,8,2026-03-18 11:40:33,2026-03-18 11:41:44,OK,NO
252,7,2026-03-18 11:40:33,2026-03-18 11:41:45,OK,NO
282,5,2026-03-18 11:40:59,2026-03-18 11:42:03,OK,NO
285,3,2026-03-18 11:41:10,2026-03-18 11:42:08,OK,NO
281,6,2026-03-18 11:41:12,2026-03-18 11:42:09,OK,NO
296,1,2026-03-18 11:41:06,2026-03-18 11:42:12,OK,NO
288,2,2026-03-18 11:41:25,2026-03-18 11:42:22,OK,NO
250,10,2026-03-18 11:41:22,2026-03-18 11:42:24,OK,NO
283,4,2026-03-18 11:40:59,2026-03-18 11:42:31,OK,NO
253,7,2026-03-18 11:41:45,2026-03-18 11:42:45,OK,NO
252,8,2026-03-18 11:41:45,2026-03-18 11:42:46,OK,NO
248,12,2026-03-18 11:41:38,2026-03-18 11:42:46,OK,NO
249,11,2026-03-18 11:41:38,2026-03-18 11:42:46,OK,NO
282,6,2026-03-18 11:42:09,2026-03-18 11:43:05,OK,NO
251,9,2026-03-18 11:41:44,2026-03-18 11:43:10,OK,NO
297,1,2026-03-18 11:42:12,2026-03-18 11:43:12,OK,NO
289,2,2026-03-18 11:42:31,2026-03-18 11:43:31,OK,NO
283,5,2026-03-18 11:42:31,2026-03-18 11:43:32,OK,NO
286,3,2026-03-18 11:42:31,2026-03-18 11:43:38,OK,NO
250,11,2026-03-18 11:42:46,2026-03-18 11:43:42,OK,NO
253,8,2026-03-18 11:42:46,2026-03-18 11:43:42,OK,NO
249,12,2026-03-18 11:42:46,2026-03-18 11:43:47,OK,NO
284,4,2026-03-18 11:42:31,2026-03-18 11:44:05,OK,NO
251,10,2026-03-18 11:43:10,2026-03-18 11:44:11,OK,NO
252,9,2026-03-18 11:43:10,2026-03-18 11:44:14,OK,NO
298,1,2026-03-18 11:43:12,2026-03-18 11:44:14,OK,NO
254,7,2026-03-18 11:42:45,2026-03-18 11:44:15,OK,NO
283,6,2026-03-18 11:43:32,2026-03-18 11:44:45,OK,NO
250,12,2026-03-18 11:43:47,2026-03-18 11:44:47,OK,NO
290,2,2026-03-18 11:44:05,2026-03-18 11:44:55,OK,NO
253,9,2026-03-18 11:44:14,2026-03-18 11:45:04,OK,NO
287,3,2026-03-18 11:44:05,2026-03-18 11:45:04,OK,NO
254,8,2026-03-18 11:44:15,2026-03-18 11:45:07,OK,NO
285,4,2026-03-18 11:44:05,2026-03-18 11:45:09,OK,NO
251,11,2026-03-18 11:44:11,2026-03-18 11:45:16,OK,NO
255,7,2026-03-18 11:44:15,2026-03-18 11:45:17,OK,NO
299,1,2026-03-18 11:44:14,2026-03-18 11:45:22,OK,NO
252,10,2026-03-18 11:44:14,2026-03-18 11:45:24,OK,NO
291,2,2026-03-18 11:45:09,2026-03-18 11:46:02,OK,NO
288,3,2026-03-18 11:45:09,2026-03-18 11:46:05,OK,NO
253,10,2026-03-18 11:45:24,2026-03-18 11:46:14,OK,NO
251,12,2026-03-18 11:45:16,2026-03-18 11:46:14,OK,NO
255,8,2026-03-18 11:45:17,2026-03-18 11:46:19,OK,NO
254,9,2026-03-18 11:45:07,2026-03-18 11:46:20,OK,NO
300,1,2026-03-18 11:45:22,2026-03-18 11:46:22,OK,NO
252,11,2026-03-18 11:45:24,2026-03-18 11:46:22,OK,NO
256,7,2026-03-18 11:45:17,2026-03-18 11:46:31,OK,NO
286,4,2026-03-18 11:45:09,2026-03-18 11:46:34,OK,NO
254,10,2026-03-18 11:46:20,2026-03-18 11:47:12,OK,NO
252,12,2026-03-18 11:46:22,2026-03-18 11:47:20,OK,NO
256,8,2026-03-18 11:46:31,2026-03-18 11:47:24,OK,NO
255,9,2026-03-18 11:46:20,2026-03-18 11:47:27,OK,NO
253,11,2026-03-18 11:46:22,2026-03-18 11:47:27,OK,NO
292,2,2026-03-18 11:46:34,2026-03-18 11:47:28,OK,NO
289,3,2026-03-18 11:46:34,2026-03-18 11:47:28,OK,NO
301,1,2026-03-18 11:46:22,2026-03-18 11:47:32,OK,NO
287,4,2026-03-18 11:46:34,2026-03-18 11:47:43,OK,NO
257,7,2026-03-18 11:46:31,2026-03-18 11:47:55,OK,NO
255,10,2026-03-18 11:47:27,2026-03-18 11:48:19,OK,NO
253,12,2026-03-18 11:47:27,2026-03-18 11:48:30,OK,NO
256,9,2026-03-18 11:47:27,2026-03-18 11:48:32,OK,NO
254,11,2026-03-18 11:47:27,2026-03-18 11:48:33,OK,NO
302,1,2026-03-18 11:47:32,2026-03-18 11:48:43,OK,NO
290,3,2026-03-18 11:47:43,2026-03-18 11:48:44,OK,NO
293,2,2026-03-18 11:47:43,2026-03-18 11:48:45,OK,NO
288,4,2026-03-18 11:47:43,2026-03-18 11:48:46,OK,NO
257,8,2026-03-18 11:47:55,2026-03-18 11:48:49,OK,NO
258,7,2026-03-18 11:47:55,2026-03-18 11:49:07,OK,NO
256,10,2026-03-18 11:48:32,2026-03-18 11:49:31,OK,NO
255,11,2026-03-18 11:48:33,2026-03-18 11:49:31,OK,NO
254,12,2026-03-18 11:48:33,2026-03-18 11:49:32,OK,NO
303,1,2026-03-18 11:48:43,2026-03-18 11:49:44,OK,NO
289,4,2026-03-18 11:48:46,2026-03-18 11:49:46,OK,NO
294,2,2026-03-18 11:48:46,2026-03-18 11:49:47,OK,NO
291,3,2026-03-18 11:48:46,2026-03-18 11:49:50,OK,NO
258,8,2026-03-18 11:49:07,2026-03-18 11:49:56,OK,NO
259,7,2026-03-18 11:49:07,2026-03-18 11:49:59,OK,NO
257,9,2026-03-18 11:48:49,2026-03-18 11:50:07,OK,NO
256,11,2026-03-18 11:49:31,2026-03-18 11:50:28,OK,NO
255,12,2026-03-18 11:49:32,2026-03-18 11:50:34,OK,NO
304,1,2026-03-18 11:49:44,2026-03-18 11:50:44,OK,NO
290,4,2026-03-18 11:49:46,2026-03-18 11:50:46,OK,NO
295,2,2026-03-18 11:49:50,2026-03-18 11:50:52,OK,NO
259,8,2026-03-18 11:49:59,2026-03-18 11:50:54,OK,NO
292,3,2026-03-18 11:49:50,2026-03-18 11:50:54,OK,NO
257,10,2026-03-18 11:50:07,2026-03-18 11:51:04,OK,NO
260,7,2026-03-18 11:49:59,2026-03-18 11:51:05,OK,NO
258,9,2026-03-18 11:50:07,2026-03-18 11:51:08,OK,NO
256,12,2026-03-18 11:50:34,2026-03-18 11:51:32,OK,NO
305,1,2026-03-18 11:50:44,2026-03-18 11:51:42,OK,NO
296,2,2026-03-18 11:50:54,2026-03-18 11:51:49,OK,NO
291,4,2026-03-18 11:50:46,2026-03-18 11:51:57,OK,NO
259,9,2026-03-18 11:51:08,2026-03-18 11:51:58,OK,NO
293,3,2026-03-18 11:50:54,2026-03-18 11:51:58,OK,NO
260,8,2026-03-18 11:51:05,2026-03-18 11:52:01,OK,NO
257,11,2026-03-18 11:51:04,2026-03-18 11:52:11,OK,NO
258,10,2026-03-18 11:51:08,2026-03-18 11:52:13,OK,NO
261,7,2026-03-18 11:51:05,2026-03-18 11:52:16,OK,NO
306,1,2026-03-18 11:51:42,2026-03-18 11:52:44,OK,NO
297,2,2026-03-18 11:51:58,2026-03-18 11:52:56,OK,NO
260,9,2026-03-18 11:52:01,2026-03-18 11:52:58,OK,NO
294,3,2026-03-18 11:51:58,2026-03-18 11:53:00,OK,NO
259,10,2026-03-18 11:52:13,2026-03-18 11:53:12,OK,NO
258,11,2026-03-18 11:52:13,2026-03-18 11:53:13,OK,NO
261,8,2026-03-18 11:52:16,2026-03-18 11:53:14,OK,NO
257,12,2026-03-18 11:52:11,2026-03-18 11:53:15,OK,NO
284,5,2026-03-18 11:52:25,2026-03-18 11:53:18,OK,NO
292,4,2026-03-18 11:51:57,2026-03-18 11:53:20,OK,NO
262,7,2026-03-18 11:52:16,2026-03-18 11:53:28,OK,NO
307,1,2026-03-18 11:52:44,2026-03-18 11:53:49,OK,NO
261,9,2026-03-18 11:53:14,2026-03-18 11:54:07,OK,NO
260,10,2026-03-18 11:53:12,2026-03-18 11:54:10,OK,NO
259,11,2026-03-18 11:53:13,2026-03-18 11:54:13,OK,NO
285,5,2026-03-18 11:53:18,2026-03-18 11:54:15,OK,NO
295,3,2026-03-18 11:53:20,2026-03-18 11:54:17,OK,NO
258,12,2026-03-18 11:53:15,2026-03-18 11:54:19,OK,NO
262,8,2026-03-18 11:53:28,2026-03-18 11:54:21,OK,NO
298,2,2026-03-18 11:53:20,2026-03-18 11:54:24,OK,NO
284,6,2026-03-18 11:53:18,2026-03-18 11:54:26,OK,NO
263,7,2026-03-18 11:53:28,2026-03-18 11:54:29,OK,NO
293,4,2026-03-18 11:53:20,2026-03-18 11:54:49,OK,NO
308,1,2026-03-18 11:53:49,2026-03-18 11:54:52,OK,NO
261,10,2026-03-18 11:54:10,2026-03-18 11:55:05,OK,NO
260,11,2026-03-18 11:54:13,2026-03-18 11:55:09,OK,NO
286,5,2026-03-18 11:54:15,2026-03-18 11:55:13,OK,NO
262,9,2026-03-18 11:54:21,2026-03-18 11:55:20,OK,NO
259,12,2026-03-18 11:54:19,2026-03-18 11:55:23,OK,NO
285,6,2026-03-18 11:54:26,2026-03-18 11:55:25,OK,NO
263,8,2026-03-18 11:54:29,2026-03-18 11:55:32,OK,NO
296,3,2026-03-18 11:54:49,2026-03-18 11:55:42,OK,NO
299,2,2026-03-18 11:54:49,2026-03-18 11:55:47,OK,NO
264,7,2026-03-18 11:54:29,2026-03-18 11:55:48,OK,NO
309,1,2026-03-18 11:54:52,2026-03-18 11:55:58,OK,NO
261,11,2026-03-18 11:55:09,2026-03-18 11:56:05,OK,NO
287,5,2026-03-18 11:55:13,2026-03-18 11:56:11,OK,NO
294,4,2026-03-18 11:54:49,2026-03-18 11:56:16,OK,NO
286,6,2026-03-18 11:55:25,2026-03-18 11:56:20,OK,NO
262,10,2026-03-18 11:55:20,2026-03-18 11:56:21,OK,NO
260,12,2026-03-18 11:55:23,2026-03-18 11:56:27,OK,NO
263,9,2026-03-18 11:55:32,2026-03-18 11:56:28,OK,NO
265,7,2026-03-18 11:55:48,2026-03-18 11:56:50,OK,NO
264,8,2026-03-18 11:55:48,2026-03-18 11:56:50,OK,NO
310,1,2026-03-18 11:55:58,2026-03-18 11:56:58,OK,NO
297,3,2026-03-18 11:56:16,2026-03-18 11:57:13,OK,NO
262,11,2026-03-18 11:56:21,2026-03-18 11:57:13,OK,NO
295,4,2026-03-18 11:56:16,2026-03-18 11:57:15,OK,NO
287,6,2026-03-18 11:56:20,2026-03-18 11:57:17,OK,NO
288,5,2026-03-18 11:56:11,2026-03-18 11:57:22,OK,NO
300,2,2026-03-18 11:56:16,2026-03-18 11:57:24,OK,NO
263,10,2026-03-18 11:56:28,2026-03-18 11:57:29,OK,NO
261,12,2026-03-18 11:56:27,2026-03-18 11:57:32,OK,NO
264,9,2026-03-18 11:56:50,2026-03-18 11:57:47,OK,NO
265,8,2026-03-18 11:56:50,2026-03-18 11:57:51,OK,NO
311,1,2026-03-18 11:56:58,2026-03-18 11:57:59,OK,NO
266,7,2026-03-18 11:56:50,2026-03-18 11:58:10,OK,NO
289,5,2026-03-18 11:57:22,2026-03-18 11:58:13,OK,NO
296,4,2026-03-18 11:57:15,2026-03-18 11:58:15,OK,NO
263,11,2026-03-18 11:57:29,2026-03-18 11:58:16,OK,NO
298,3,2026-03-18 11:57:15,2026-03-18 11:58:17,OK,NO
262,12,2026-03-18 11:57:32,2026-03-18 11:58:24,OK,NO
301,2,2026-03-18 11:57:24,2026-03-18 11:58:26,OK,NO
288,6,2026-03-18 11:57:22,2026-03-18 11:58:28,OK,NO
264,10,2026-03-18 11:57:47,2026-03-18 11:58:46,OK,NO
265,9,2026-03-18 11:57:51,2026-03-18 11:58:50,OK,NO
312,1,2026-03-18 11:57:59,2026-03-18 11:59:01,OK,NO
267,7,2026-03-18 11:58:10,2026-03-18 11:59:10,OK,NO
266,8,2026-03-18 11:58:18,2026-03-18 11:59:17,OK,NO
297,4,2026-03-18 11:58:15,2026-03-18 11:59:18,OK,NO
290,5,2026-03-18 11:58:13,2026-03-18 11:59:19,OK,NO
302,2,2026-03-18 11:58:26,2026-03-18 11:59:19,OK,NO
299,3,2026-03-18 11:58:17,2026-03-18 11:59:20,OK,NO
263,12,2026-03-18 11:58:24,2026-03-18 11:59:21,OK,NO
289,6,2026-03-18 11:58:28,2026-03-18 11:59:31,OK,NO
264,11,2026-03-18 11:58:46,2026-03-18 11:59:48,OK,NO
265,10,2026-03-18 11:58:50,2026-03-18 12:00:01,OK,NO
313,1,2026-03-18 11:59:01,2026-03-18 12:00:04,OK,NO
268,7,2026-03-18 11:59:10,2026-03-18 12:00:11,OK,NO
266,9,2026-03-18 11:59:17,2026-03-18 12:00:14,OK,NO
267,8,2026-03-18 11:59:17,2026-03-18 12:00:16,OK,NO
291,5,2026-03-18 11:59:19,2026-03-18 12:00:18,OK,NO
298,4,2026-03-18 11:59:18,2026-03-18 12:00:23,OK,NO
303,2,2026-03-18 11:59:20,2026-03-18 12:00:25,OK,NO
300,3,2026-03-18 11:59:20,2026-03-18 12:00:25,OK,NO
290,6,2026-03-18 11:59:31,2026-03-18 12:00:33,OK,NO
264,12,2026-03-18 11:59:48,2026-03-18 12:00:51,OK,NO
314,1,2026-03-18 12:00:04,2026-03-18 12:00:59,OK,NO
265,11,2026-03-18 12:00:01,2026-03-18 12:01:00,OK,NO
292,5,2026-03-18 12:00:18,2026-03-18 12:01:13,OK,NO
268,8,2026-03-18 12:00:16,2026-03-18 12:01:16,OK,NO
266,10,2026-03-18 12:00:14,2026-03-18 12:01:19,OK,NO
267,9,2026-03-18 12:00:16,2026-03-18 12:01:19,OK,NO
301,3,2026-03-18 12:00:25,2026-03-18 12:01:22,OK,NO
269,7,2026-03-18 12:00:11,2026-03-18 12:01:33,OK,NO
304,2,2026-03-18 12:00:25,2026-03-18 12:01:33,OK,NO
291,6,2026-03-18 12:00:33,2026-03-18 12:01:40,OK,NO
299,4,2026-03-18 12:00:23,2026-03-18 12:01:58,OK,NO
315,1,2026-03-18 12:00:59,2026-03-18 12:01:59,OK,NO
265,12,2026-03-18 12:01:00,2026-03-18 12:02:04,OK,NO
293,5,2026-03-18 12:01:13,2026-03-18 12:02:09,OK,NO
266,11,2026-03-18 12:01:19,2026-03-18 12:02:19,OK,NO
267,10,2026-03-18 12:01:19,2026-03-18 12:02:19,OK,NO
268,9,2026-03-18 12:01:19,2026-03-18 12:02:25,OK,NO
269,8,2026-03-18 12:01:33,2026-03-18 12:02:27,OK,NO
292,6,2026-03-18 12:01:40,2026-03-18 12:02:46,OK,NO
316,1,2026-03-18 12:01:59,2026-03-18 12:02:47,OK,NO
270,7,2026-03-18 12:01:33,2026-03-18 12:02:49,OK,NO
300,4,2026-03-18 12:01:58,2026-03-18 12:02:53,OK,NO
305,2,2026-03-18 12:01:58,2026-03-18 12:02:54,OK,NO
302,3,2026-03-18 12:01:58,2026-03-18 12:03:00,OK,NO
294,5,2026-03-18 12:02:09,2026-03-18 12:03:06,OK,NO
267,11,2026-03-18 12:02:19,2026-03-18 12:03:10,OK,NO
266,12,2026-03-18 12:02:19,2026-03-18 12:03:26,OK,NO
268,10,2026-03-18 12:02:25,2026-03-18 12:03:28,OK,NO
293,6,2026-03-18 12:02:46,2026-03-18 12:03:39,OK,NO
317,1,2026-03-18 12:02:47,2026-03-18 12:03:42,OK,NO
269,9,2026-03-18 12:02:27,2026-03-18 12:03:49,OK,NO
270,8,2026-03-18 12:02:49,2026-03-18 12:03:54,OK,NO
271,7,2026-03-18 12:02:49,2026-03-18 12:03:56,OK,NO
301,4,2026-03-18 12:02:53,2026-03-18 12:04:00,OK,NO
303,3,2026-03-18 12:03:00,2026-03-18 12:04:01,OK,NO
306,2,2026-03-18 12:03:00,2026-03-18 12:04:03,OK,NO
295,5,2026-03-18 12:03:06,2026-03-18 12:04:06,OK,NO
268,11,2026-03-18 12:03:28,2026-03-18 12:04:16,OK,NO
267,12,2026-03-18 12:03:26,2026-03-18 12:04:25,OK,NO
294,6,2026-03-18 12:03:39,2026-03-18 12:04:37,OK,NO
269,10,2026-03-18 12:03:49,2026-03-18 12:04:44,OK,NO
318,1,2026-03-18 12:03:42,2026-03-18 12:04:51,OK,NO
271,8,2026-03-18 12:03:56,2026-03-18 12:04:52,OK,NO
307,2,2026-03-18 12:04:03,2026-03-18 12:04:53,OK,NO
302,4,2026-03-18 12:04:00,2026-03-18 12:04:57,OK,NO
272,7,2026-03-18 12:03:56,2026-03-18 12:04:59,OK,NO
296,5,2026-03-18 12:04:06,2026-03-18 12:04:59,OK,NO
304,3,2026-03-18 12:04:01,2026-03-18 12:05:00,OK,NO
270,9,2026-03-18 12:03:54,2026-03-18 12:05:13,OK,NO
268,12,2026-03-18 12:04:25,2026-03-18 12:05:17,OK,NO
295,6,2026-03-18 12:04:37,2026-03-18 12:05:43,OK,NO
269,11,2026-03-18 12:04:44,2026-03-18 12:05:47,OK,NO
319,1,2026-03-18 12:04:51,2026-03-18 12:05:55,OK,NO
273,7,2026-03-18 12:04:59,2026-03-18 12:05:55,OK,NO
272,8,2026-03-18 12:04:59,2026-03-18 12:05:56,OK,NO
297,5,2026-03-18 12:04:59,2026-03-18 12:06:05,OK,NO
308,2,2026-03-18 12:05:00,2026-03-18 12:06:06,OK,NO
271,9,2026-03-18 12:05:13,2026-03-18 12:06:06,OK,NO
305,3,2026-03-18 12:05:00,2026-03-18 12:06:08,OK,NO
270,10,2026-03-18 12:05:13,2026-03-18 12:06:11,OK,NO
303,4,2026-03-18 12:04:57,2026-03-18 12:06:19,OK,NO
296,6,2026-03-18 12:05:43,2026-03-18 12:06:38,OK,NO
269,12,2026-03-18 12:05:47,2026-03-18 12:06:43,OK,NO
273,8,2026-03-18 12:05:56,2026-03-18 12:06:48,OK,NO
274,7,2026-03-18 12:05:55,2026-03-18 12:06:53,OK,NO
298,5,2026-03-18 12:06:05,2026-03-18 12:06:56,OK,NO
320,1,2026-03-18 12:05:55,2026-03-18 12:07:02,OK,NO
271,10,2026-03-18 12:06:11,2026-03-18 12:07:03,OK,NO
272,9,2026-03-18 12:06:06,2026-03-18 12:07:07,OK,NO
309,2,2026-03-18 12:06:19,2026-03-18 12:07:11,OK,NO
270,11,2026-03-18 12:06:11,2026-03-18 12:07:13,OK,NO
306,3,2026-03-18 12:06:19,2026-03-18 12:07:15,OK,NO
297,6,2026-03-18 12:06:38,2026-03-18 12:07:31,OK,NO
304,4,2026-03-18 12:06:19,2026-03-18 12:07:32,OK,NO
274,8,2026-03-18 12:06:53,2026-03-18 12:07:48,OK,NO
321,1,2026-03-18 12:07:02,2026-03-18 12:07:49,OK,NO
299,5,2026-03-18 12:06:56,2026-03-18 12:07:54,OK,NO
275,7,2026-03-18 12:06:53,2026-03-18 12:08:05,OK,NO
270,12,2026-03-18 12:07:13,2026-03-18 12:08:09,OK,NO
272,10,2026-03-18 12:07:07,2026-03-18 12:08:10,OK,NO
271,11,2026-03-18 12:07:13,2026-03-18 12:08:13,OK,NO
273,9,2026-03-18 12:07:07,2026-03-18 12:08:15,OK,NO
307,3,2026-03-18 12:07:32,2026-03-18 12:08:28,OK,NO
298,6,2026-03-18 12:07:31,2026-03-18 12:08:36,OK,NO
310,2,2026-03-18 12:07:32,2026-03-18 12:08:37,OK,NO
322,1,2026-03-18 12:07:49,2026-03-18 12:08:45,OK,NO
305,4,2026-03-18 12:07:32,2026-03-18 12:08:55,OK,NO
300,5,2026-03-18 12:07:54,2026-03-18 12:08:58,OK,NO
276,7,2026-03-18 12:08:05,2026-03-18 12:09:03,OK,NO
275,8,2026-03-18 12:08:05,2026-03-18 12:09:11,OK,NO
271,12,2026-03-18 12:08:13,2026-03-18 12:09:13,OK,NO
274,9,2026-03-18 12:08:15,2026-03-18 12:09:14,OK,NO
272,11,2026-03-18 12:08:13,2026-03-18 12:09:15,OK,NO
273,10,2026-03-18 12:08:15,2026-03-18 12:09:20,OK,NO
299,6,2026-03-18 12:08:36,2026-03-18 12:09:34,OK,NO
311,2,2026-03-18 12:08:55,2026-03-18 12:09:49,OK,NO
308,3,2026-03-18 12:08:55,2026-03-18 12:09:54,OK,NO
277,7,2026-03-18 12:09:03,2026-03-18 12:09:54,OK,NO
323,1,2026-03-18 12:08:55,2026-03-18 12:09:59,OK,NO
301,5,2026-03-18 12:08:58,2026-03-18 12:10:10,OK,NO
306,4,2026-03-18 12:08:55,2026-03-18 12:10:12,OK,NO
275,9,2026-03-18 12:09:14,2026-03-18 12:10:14,OK,NO
272,12,2026-03-18 12:09:15,2026-03-18 12:10:17,OK,NO
276,8,2026-03-18 12:09:11,2026-03-18 12:10:22,OK,NO
273,11,2026-03-18 12:09:20,2026-03-18 12:10:25,OK,NO
274,10,2026-03-18 12:09:20,2026-03-18 12:10:30,OK,NO
300,6,2026-03-18 12:09:34,2026-03-18 12:10:39,OK,NO
302,5,2026-03-18 12:10:10,2026-03-18 12:11:05,OK,NO
278,7,2026-03-18 12:09:54,2026-03-18 12:11:07,OK,NO
312,2,2026-03-18 12:10:12,2026-03-18 12:11:08,OK,NO
324,1,2026-03-18 12:10:12,2026-03-18 12:11:17,OK,NO
309,3,2026-03-18 12:10:12,2026-03-18 12:11:20,OK,NO
274,11,2026-03-18 12:10:30,2026-03-18 12:11:21,OK,NO
277,8,2026-03-18 12:10:22,2026-03-18 12:11:22,OK,NO
273,12,2026-03-18 12:10:25,2026-03-18 12:11:22,OK,NO
275,10,2026-03-18 12:10:30,2026-03-18 12:11:22,OK,NO
276,9,2026-03-18 12:10:22,2026-03-18 12:11:30,OK,NO
301,6,2026-03-18 12:10:39,2026-03-18 12:11:36,OK,NO
307,4,2026-03-18 12:10:12,2026-03-18 12:11:39,OK,NO
303,5,2026-03-18 12:11:05,2026-03-18 12:11:59,OK,NO
275,11,2026-03-18 12:11:22,2026-03-18 12:12:12,OK,NO
278,8,2026-03-18 12:11:22,2026-03-18 12:12:23,OK,NO
279,7,2026-03-18 12:11:07,2026-03-18 12:12:24,OK,NO
274,12,2026-03-18 12:11:22,2026-03-18 12:12:25,OK,NO
276,10,2026-03-18 12:11:30,2026-03-18 12:12:28,OK,NO
302,6,2026-03-18 12:11:36,2026-03-18 12:12:31,OK,NO
277,9,2026-03-18 12:11:30,2026-03-18 12:12:34,OK,NO
308,4,2026-03-18 12:11:39,2026-03-18 12:12:35,OK,NO
310,3,2026-03-18 12:11:39,2026-03-18 12:12:36,OK,NO
325,1,2026-03-18 12:11:39,2026-03-18 12:12:41,OK,NO
313,2,2026-03-18 12:11:39,2026-03-18 12:12:49,OK,NO
304,5,2026-03-18 12:11:59,2026-03-18 12:13:03,OK,NO
276,11,2026-03-18 12:12:28,2026-03-18 12:13:18,OK,NO
275,12,2026-03-18 12:12:25,2026-03-18 12:13:23,OK,NO
279,8,2026-03-18 12:12:24,2026-03-18 12:13:25,OK,NO
280,7,2026-03-18 12:12:24,2026-03-18 12:13:26,OK,NO
303,6,2026-03-18 12:12:31,2026-03-18 12:13:28,OK,NO
278,9,2026-03-18 12:12:34,2026-03-18 12:13:31,OK,NO
311,3,2026-03-18 12:12:36,2026-03-18 12:13:37,OK,NO
326,1,2026-03-18 12:12:49,2026-03-18 12:13:37,OK,NO
277,10,2026-03-18 12:12:34,2026-03-18 12:13:40,OK,NO
309,4,2026-03-18 12:12:35,2026-03-18 12:13:47,OK,NO
314,2,2026-03-18 12:12:49,2026-03-18 12:13:52,OK,NO
305,5,2026-03-18 12:13:03,2026-03-18 12:14:06,OK,NO
276,12,2026-03-18 12:13:23,2026-03-18 12:14:23,OK,NO
280,8,2026-03-18 12:13:26,2026-03-18 12:14:24,OK,NO
304,6,2026-03-18 12:13:28,2026-03-18 12:14:28,OK,NO
281,7,2026-03-18 12:13:26,2026-03-18 12:14:31,OK,NO
279,9,2026-03-18 12:13:31,2026-03-18 12:14:37,OK,NO
278,10,2026-03-18 12:13:40,2026-03-18 12:14:38,OK,NO
312,3,2026-03-18 12:13:47,2026-03-18 12:14:43,OK,NO
315,2,2026-03-18 12:13:52,2026-03-18 12:14:45,OK,NO
277,11,2026-03-18 12:13:40,2026-03-18 12:14:47,OK,NO
327,1,2026-03-18 12:13:52,2026-03-18 12:14:48,OK,NO
310,4,2026-03-18 12:13:47,2026-03-18 12:14:55,OK,NO
306,5,2026-03-18 12:14:06,2026-03-18 12:15:00,OK,NO
281,8,2026-03-18 12:14:31,2026-03-18 12:15:23,OK,NO
279,10,2026-03-18 12:14:38,2026-03-18 12:15:29,OK,NO
305,6,2026-03-18 12:14:28,2026-03-18 12:15:40,OK,NO
282,7,2026-03-18 12:14:31,2026-03-18 12:15:41,OK,NO
280,9,2026-03-18 12:14:37,2026-03-18 12:15:45,OK,NO
277,12,2026-03-18 12:14:47,2026-03-18 12:15:51,OK,NO
328,1,2026-03-18 12:14:55,2026-03-18 12:15:51,OK,NO
278,11,2026-03-18 12:14:47,2026-03-18 12:15:54,OK,NO
316,2,2026-03-18 12:14:55,2026-03-18 12:15:57,OK,NO
307,5,2026-03-18 12:15:00,2026-03-18 12:15:58,OK,NO
313,3,2026-03-18 12:14:55,2026-03-18 12:16:03,OK,NO
311,4,2026-03-18 12:14:55,2026-03-18 12:16:22,OK,NO
282,8,2026-03-18 12:15:41,2026-03-18 12:16:34,OK,NO
281,9,2026-03-18 12:15:45,2026-03-18 12:16:38,OK,NO
306,6,2026-03-18 12:15:40,2026-03-18 12:16:44,OK,NO
280,10,2026-03-18 12:15:45,2026-03-18 12:16:47,OK,NO
279,11,2026-03-18 12:15:54,2026-03-18 12:16:57,OK,NO
308,5,2026-03-18 12:15:58,2026-03-18 12:16:58,OK,NO
278,12,2026-03-18 12:15:54,2026-03-18 12:17:00,OK,NO
283,7,2026-03-18 12:15:41,2026-03-18 12:17:08,OK,NO
314,3,2026-03-18 12:16:22,2026-03-18 12:17:14,OK,NO
329,1,2026-03-18 12:16:22,2026-03-18 12:17:16,OK,NO
317,2,2026-03-18 12:16:22,2026-03-18 12:17:24,OK,NO
282,9,2026-03-18 12:16:38,2026-03-18 12:17:32,OK,NO
312,4,2026-03-18 12:16:22,2026-03-18 12:17:44,OK,NO
307,6,2026-03-18 12:16:44,2026-03-18 12:17:45,OK,NO
281,10,2026-03-18 12:16:47,2026-03-18 12:17:46,OK,NO
309,5,2026-03-18 12:16:58,2026-03-18 12:17:54,OK,NO
279,12,2026-03-18 12:17:00,2026-03-18 12:18:02,OK,NO
280,11,2026-03-18 12:16:57,2026-03-18 12:18:03,OK,NO
283,8,2026-03-18 12:17:08,2026-03-18 12:18:11,OK,NO
284,7,2026-03-18 12:17:08,2026-03-18 12:18:38,OK,NO
308,6,2026-03-18 12:17:45,2026-03-18 12:18:39,OK,NO
282,10,2026-03-18 12:17:46,2026-03-18 12:18:39,OK,NO
330,1,2026-03-18 12:17:44,2026-03-18 12:18:42,OK,NO
318,2,2026-03-18 12:17:44,2026-03-18 12:18:43,OK,NO
315,3,2026-03-18 12:17:44,2026-03-18 12:18:47,OK,NO
310,5,2026-03-18 12:17:54,2026-03-18 12:18:49,OK,NO
313,4,2026-03-18 12:17:44,2026-03-18 12:18:52,OK,NO
280,12,2026-03-18 12:18:03,2026-03-18 12:19:05,OK,NO
281,11,2026-03-18 12:18:03,2026-03-18 12:19:08,OK,NO
283,9,2026-03-18 12:18:11,2026-03-18 12:19:15,OK,NO
309,6,2026-03-18 12:18:39,2026-03-18 12:19:27,OK,NO
284,8,2026-03-18 12:18:38,2026-03-18 12:19:31,OK,NO
319,2,2026-03-18 12:18:52,2026-03-18 12:19:44,OK,NO
311,5,2026-03-18 12:18:49,2026-03-18 12:19:48,OK,NO
285,7,2026-03-18 12:18:38,2026-03-18 12:19:50,OK,NO
316,3,2026-03-18 12:18:52,2026-03-18 12:19:59,OK,NO
281,12,2026-03-18 12:19:08,2026-03-18 12:19:59,OK,NO
331,1,2026-03-18 12:18:52,2026-03-18 12:20:02,OK,NO
282,11,2026-03-18 12:19:08,2026-03-18 12:20:06,OK,NO
283,10,2026-03-18 12:19:15,2026-03-18 12:20:10,OK,NO
314,4,2026-03-18 12:18:52,2026-03-18 12:20:25,OK,NO
310,6,2026-03-18 12:19:27,2026-03-18 12:20:34,OK,NO
312,5,2026-03-18 12:19:48,2026-03-18 12:20:47,OK,NO
284,9,2026-03-18 12:19:31,2026-03-18 12:20:51,OK,NO
285,8,2026-03-18 12:19:50,2026-03-18 12:20:53,OK,NO
283,11,2026-03-18 12:20:10,2026-03-18 12:21:09,OK,NO
282,12,2026-03-18 12:20:06,2026-03-18 12:21:13,OK,NO
315,4,2026-03-18 12:20:25,2026-03-18 12:21:15,OK,NO
332,1,2026-03-18 12:20:25,2026-03-18 12:21:17,OK,NO
286,7,2026-03-18 12:19:50,2026-03-18 12:21:23,OK,NO
317,3,2026-03-18 12:20:25,2026-03-18 12:21:27,OK,NO
320,2,2026-03-18 12:20:25,2026-03-18 12:21:31,OK,NO
313,5,2026-03-18 12:20:47,2026-03-18 12:21:41,OK,NO
284,10,2026-03-18 12:20:51,2026-03-18 12:21:54,OK,NO
285,9,2026-03-18 12:20:53,2026-03-18 12:21:59,OK,NO
283,12,2026-03-18 12:21:13,2026-03-18 12:22:05,OK,NO
287,7,2026-03-18 12:21:23,2026-03-18 12:22:27,OK,NO
316,4,2026-03-18 12:21:15,2026-03-18 12:22:28,OK,NO
286,8,2026-03-18 12:21:23,2026-03-18 12:22:29,OK,NO
318,3,2026-03-18 12:21:27,2026-03-18 12:22:31,OK,NO
321,2,2026-03-18 12:21:31,2026-03-18 12:22:34,OK,NO
333,1,2026-03-18 12:21:31,2026-03-18 12:22:37,OK,NO
314,5,2026-03-18 12:21:41,2026-03-18 12:22:43,OK,NO
284,11,2026-03-18 12:21:54,2026-03-18 12:22:56,OK,NO
285,10,2026-03-18 12:21:59,2026-03-18 12:22:56,OK,NO
287,8,2026-03-18 12:22:29,2026-03-18 12:23:27,OK,NO
288,7,2026-03-18 12:22:27,2026-03-18 12:23:33,OK,NO
315,5,2026-03-18 12:22:43,2026-03-18 12:23:36,OK,NO
286,9,2026-03-18 12:22:29,2026-03-18 12:23:39,OK,NO
285,11,2026-03-18 12:22:56,2026-03-18 12:23:55,OK,NO
284,12,2026-03-18 12:22:56,2026-03-18 12:24:01,OK,NO
287,9,2026-03-18 12:23:39,2026-03-18 12:24:32,OK,NO
316,5,2026-03-18 12:23:36,2026-03-18 12:24:36,OK,NO
288,8,2026-03-18 12:23:33,2026-03-18 12:24:38,OK,NO
286,10,2026-03-18 12:23:39,2026-03-18 12:24:38,OK,NO
289,7,2026-03-18 12:23:33,2026-03-18 12:24:45,OK,NO
285,12,2026-03-18 12:24:01,2026-03-18 12:24:59,OK,NO
288,9,2026-03-18 12:24:38,2026-03-18 12:25:32,OK,NO
286,11,2026-03-18 12:24:38,2026-03-18 12:25:34,OK,NO
287,10,2026-03-18 12:24:38,2026-03-18 12:25:41,OK,NO
290,7,2026-03-18 12:24:45,2026-03-18 12:25:42,OK,NO
289,8,2026-03-18 12:24:45,2026-03-18 12:25:43,OK,NO
286,12,2026-03-18 12:25:34,2026-03-18 12:26:28,OK,NO
288,10,2026-03-18 12:25:41,2026-03-18 12:26:37,OK,NO
287,11,2026-03-18 12:25:41,2026-03-18 12:26:40,OK,NO
289,9,2026-03-18 12:25:43,2026-03-18 12:26:43,OK,NO
290,8,2026-03-18 12:25:43,2026-03-18 12:26:47,OK,NO
291,7,2026-03-18 12:25:42,2026-03-18 12:27:05,OK,NO
317,4,2026-03-18 12:26:18,2026-03-18 12:27:15,OK,NO
319,3,2026-03-18 12:26:18,2026-03-18 12:27:20,OK,NO
322,2,2026-03-18 12:26:18,2026-03-18 12:27:27,OK,NO
287,12,2026-03-18 12:26:40,2026-03-18 12:27:36,OK,NO
290,9,2026-03-18 12:26:47,2026-03-18 12:27:39,OK,NO
288,11,2026-03-18 12:26:40,2026-03-18 12:27:40,OK,NO
289,10,2026-03-18 12:26:43,2026-03-18 12:27:44,OK,NO
334,1,2026-03-18 12:26:45,2026-03-18 12:27:51,OK,NO
292,7,2026-03-18 12:27:05,2026-03-18 12:28:06,OK,NO
291,8,2026-03-18 12:27:05,2026-03-18 12:28:12,OK,NO
320,3,2026-03-18 12:27:20,2026-03-18 12:28:15,OK,NO
323,2,2026-03-18 12:27:27,2026-03-18 12:28:16,OK,NO
288,12,2026-03-18 12:27:40,2026-03-18 12:28:36,OK,NO
317,5,2026-03-18 12:27:48,2026-03-18 12:28:42,OK,NO
290,10,2026-03-18 12:27:44,2026-03-18 12:28:43,OK,NO
311,6,2026-03-18 12:27:48,2026-03-18 12:28:51,OK,NO
289,11,2026-03-18 12:27:44,2026-03-18 12:28:53,OK,NO
335,1,2026-03-18 12:27:51,2026-03-18 12:28:53,OK,NO
318,4,2026-03-18 12:27:15,2026-03-18 12:28:54,OK,NO
292,8,2026-03-18 12:28:12,2026-03-18 12:29:11,OK,NO
291,9,2026-03-18 12:28:12,2026-03-18 12:29:32,OK,NO
293,7,2026-03-18 12:28:06,2026-03-18 12:29:40,OK,NO
289,12,2026-03-18 12:28:53,2026-03-18 12:29:45,OK,NO
318,5,2026-03-18 12:28:54,2026-03-18 12:29:45,OK,NO
336,1,2026-03-18 12:28:54,2026-03-18 12:29:45,OK,NO
312,6,2026-03-18 12:28:51,2026-03-18 12:29:56,OK,NO
321,3,2026-03-18 12:28:54,2026-03-18 12:30:01,OK,NO
290,11,2026-03-18 12:28:53,2026-03-18 12:30:01,OK,NO
324,2,2026-03-18 12:28:54,2026-03-18 12:30:02,OK,NO
291,10,2026-03-18 12:29:32,2026-03-18 12:30:29,OK,NO
319,4,2026-03-18 12:28:54,2026-03-18 12:30:32,OK,NO
292,9,2026-03-18 12:29:32,2026-03-18 12:30:35,OK,NO
293,8,2026-03-18 12:29:40,2026-03-18 12:30:39,OK,NO
313,6,2026-03-18 12:29:56,2026-03-18 12:30:54,OK,NO
294,7,2026-03-18 12:29:40,2026-03-18 12:31:04,OK,NO
290,12,2026-03-18 12:30:01,2026-03-18 12:31:05,OK,NO
291,11,2026-03-18 12:30:29,2026-03-18 12:31:23,OK,NO
337,1,2026-03-18 12:30:32,2026-03-18 12:31:32,OK,NO
319,5,2026-03-18 12:30:32,2026-03-18 12:31:34,OK,NO
325,2,2026-03-18 12:30:32,2026-03-18 12:31:34,OK,NO
320,4,2026-03-18 12:30:32,2026-03-18 12:31:34,OK,NO
292,10,2026-03-18 12:30:35,2026-03-18 12:31:35,OK,NO
322,3,2026-03-18 12:30:32,2026-03-18 12:31:36,OK,NO
294,8,2026-03-18 12:31:04,2026-03-18 12:32:01,OK,NO
295,7,2026-03-18 12:31:04,2026-03-18 12:32:01,OK,NO
314,6,2026-03-18 12:30:54,2026-03-18 12:32:02,OK,NO
293,9,2026-03-18 12:30:39,2026-03-18 12:32:11,OK,NO
291,12,2026-03-18 12:31:23,2026-03-18 12:32:22,OK,NO
338,1,2026-03-18 12:31:36,2026-03-18 12:32:27,OK,NO
323,3,2026-03-18 12:31:36,2026-03-18 12:32:30,OK,NO
326,2,2026-03-18 12:31:36,2026-03-18 12:32:42,OK,NO
320,5,2026-03-18 12:31:34,2026-03-18 12:32:44,OK,NO
315,6,2026-03-18 12:32:02,2026-03-18 12:32:50,OK,NO
321,4,2026-03-18 12:31:34,2026-03-18 12:33:03,OK,NO
295,8,2026-03-18 12:32:01,2026-03-18 12:33:07,OK,NO
293,10,2026-03-18 12:32:11,2026-03-18 12:33:11,OK,NO
296,7,2026-03-18 12:32:01,2026-03-18 12:33:11,OK,NO
294,9,2026-03-18 12:32:11,2026-03-18 12:33:23,OK,NO
316,6,2026-03-18 12:32:50,2026-03-18 12:33:42,OK,NO
322,4,2026-03-18 12:33:03,2026-03-18 12:34:03,OK,NO
327,2,2026-03-18 12:33:03,2026-03-18 12:34:04,OK,NO
324,3,2026-03-18 12:33:03,2026-03-18 12:34:04,OK,NO
321,5,2026-03-18 12:33:03,2026-03-18 12:34:06,OK,NO
296,8,2026-03-18 12:33:11,2026-03-18 12:34:06,OK,NO
339,1,2026-03-18 12:33:03,2026-03-18 12:34:08,OK,NO
294,10,2026-03-18 12:33:23,2026-03-18 12:34:17,OK,NO
292,11,2026-03-18 12:33:22,2026-03-18 12:34:23,OK,NO
295,9,2026-03-18 12:33:23,2026-03-18 12:34:24,OK,NO
297,7,2026-03-18 12:33:11,2026-03-18 12:34:29,OK,NO
317,6,2026-03-18 12:33:42,2026-03-18 12:34:37,OK,NO
328,2,2026-03-18 12:34:04,2026-03-18 12:35:02,OK,NO
325,3,2026-03-18 12:34:04,2026-03-18 12:35:04,OK,NO
340,1,2026-03-18 12:34:08,2026-03-18 12:35:06,OK,NO
322,5,2026-03-18 12:34:06,2026-03-18 12:35:06,OK,NO
323,4,2026-03-18 12:34:03,2026-03-18 12:35:17,OK,NO
292,12,2026-03-18 12:34:23,2026-03-18 12:35:21,OK,NO
296,9,2026-03-18 12:34:24,2026-03-18 12:35:22,OK,NO
295,10,2026-03-18 12:34:24,2026-03-18 12:35:24,OK,NO
293,11,2026-03-18 12:34:23,2026-03-18 12:35:26,OK,NO
297,8,2026-03-18 12:34:29,2026-03-18 12:35:27,OK,NO
318,6,2026-03-18 12:34:37,2026-03-18 12:35:35,OK,NO
298,7,2026-03-18 12:34:29,2026-03-18 12:35:40,OK,NO
326,3,2026-03-18 12:35:17,2026-03-18 12:36:10,OK,NO
323,5,2026-03-18 12:35:17,2026-03-18 12:36:15,OK,NO
297,9,2026-03-18 12:35:27,2026-03-18 12:36:20,OK,NO
329,2,2026-03-18 12:35:17,2026-03-18 12:36:22,OK,NO
341,1,2026-03-18 12:35:17,2026-03-18 12:36:22,OK,NO
294,11,2026-03-18 12:35:26,2026-03-18 12:36:23,OK,NO
324,4,2026-03-18 12:35:17,2026-03-18 12:36:23,OK,NO
293,12,2026-03-18 12:35:26,2026-03-18 12:36:30,OK,NO
296,10,2026-03-18 12:35:24,2026-03-18 12:36:32,OK,NO
319,6,2026-03-18 12:35:35,2026-03-18 12:36:35,OK,NO
298,8,2026-03-18 12:35:40,2026-03-18 12:36:44,OK,NO
342,1,2026-03-18 12:36:23,2026-03-18 12:37:10,OK,NO
299,7,2026-03-18 12:35:40,2026-03-18 12:37:12,OK,NO
325,4,2026-03-18 12:36:23,2026-03-18 12:37:14,OK,NO
294,12,2026-03-18 12:36:30,2026-03-18 12:37:20,OK,NO
295,11,2026-03-18 12:36:23,2026-03-18 12:37:20,OK,NO
324,5,2026-03-18 12:36:23,2026-03-18 12:37:21,OK,NO
330,2,2026-03-18 12:36:23,2026-03-18 12:37:24,OK,NO
320,6,2026-03-18 12:36:35,2026-03-18 12:37:26,OK,NO
327,3,2026-03-18 12:36:23,2026-03-18 12:37:29,OK,NO
297,10,2026-03-18 12:36:32,2026-03-18 12:37:43,OK,NO
298,9,2026-03-18 12:36:44,2026-03-18 12:37:47,OK,NO
299,8,2026-03-18 12:37:12,2026-03-18 12:38:05,OK,NO
325,5,2026-03-18 12:37:21,2026-03-18 12:38:14,OK,NO
296,11,2026-03-18 12:37:20,2026-03-18 12:38:19,OK,NO
295,12,2026-03-18 12:37:20,2026-03-18 12:38:22,OK,NO
300,7,2026-03-18 12:37:12,2026-03-18 12:38:23,OK,NO
326,4,2026-03-18 12:37:14,2026-03-18 12:38:24,OK,NO
331,2,2026-03-18 12:37:29,2026-03-18 12:38:26,OK,NO
321,6,2026-03-18 12:37:26,2026-03-18 12:38:27,OK,NO
343,1,2026-03-18 12:37:29,2026-03-18 12:38:28,OK,NO
328,3,2026-03-18 12:37:29,2026-03-18 12:38:36,OK,NO
298,10,2026-03-18 12:37:47,2026-03-18 12:38:57,OK,NO
297,11,2026-03-18 12:38:19,2026-03-18 12:39:08,OK,NO
327,4,2026-03-18 12:38:24,2026-03-18 12:39:17,OK,NO
299,9,2026-03-18 12:38:05,2026-03-18 12:39:18,OK,NO
322,6,2026-03-18 12:38:27,2026-03-18 12:39:20,OK,NO
300,8,2026-03-18 12:38:23,2026-03-18 12:39:22,OK,NO
326,5,2026-03-18 12:38:24,2026-03-18 12:39:22,OK,NO
301,7,2026-03-18 12:38:23,2026-03-18 12:39:24,OK,NO
296,12,2026-03-18 12:38:22,2026-03-18 12:39:25,OK,NO
332,2,2026-03-18 12:38:36,2026-03-18 12:39:28,OK,NO
329,3,2026-03-18 12:38:36,2026-03-18 12:39:35,OK,NO
344,1,2026-03-18 12:38:36,2026-03-18 12:39:36,OK,NO
298,11,2026-03-18 12:39:08,2026-03-18 12:40:07,OK,NO
299,10,2026-03-18 12:39:18,2026-03-18 12:40:12,OK,NO
328,4,2026-03-18 12:39:17,2026-03-18 12:40:21,OK,NO
297,12,2026-03-18 12:39:25,2026-03-18 12:40:24,OK,NO
301,8,2026-03-18 12:39:24,2026-03-18 12:40:26,OK,NO
327,5,2026-03-18 12:39:22,2026-03-18 12:40:29,OK,NO
300,9,2026-03-18 12:39:22,2026-03-18 12:40:29,OK,NO
323,6,2026-03-18 12:39:20,2026-03-18 12:40:32,OK,NO
345,1,2026-03-18 12:39:36,2026-03-18 12:40:33,OK,NO
333,2,2026-03-18 12:39:35,2026-03-18 12:40:33,OK,NO
330,3,2026-03-18 12:39:35,2026-03-18 12:40:34,OK,NO
302,7,2026-03-18 12:39:24,2026-03-18 12:40:35,OK,NO
299,11,2026-03-18 12:40:12,2026-03-18 12:41:01,OK,NO
298,12,2026-03-18 12:40:24,2026-03-18 12:41:12,OK,NO
302,8,2026-03-18 12:40:35,2026-03-18 12:41:26,OK,NO
324,6,2026-03-18 12:40:32,2026-03-18 12:41:27,OK,NO
331,3,2026-03-18 12:40:34,2026-03-18 12:41:27,OK,NO
301,9,2026-03-18 12:40:29,2026-03-18 12:41:31,OK,NO
346,1,2026-03-18 12:40:34,2026-03-18 12:41:33,OK,NO
328,5,2026-03-18 12:40:29,2026-03-18 12:41:34,OK,NO
300,10,2026-03-18 12:40:29,2026-03-18 12:41:34,OK,NO
334,2,2026-03-18 12:40:34,2026-03-18 12:41:39,OK,NO
329,4,2026-03-18 12:40:21,2026-03-18 12:41:41,OK,NO
299,12,2026-03-18 12:41:12,2026-03-18 12:42:09,OK,NO
303,7,2026-03-18 12:40:35,2026-03-18 12:42:09,OK,NO
300,11,2026-03-18 12:41:34,2026-03-18 12:42:32,OK,NO
325,6,2026-03-18 12:41:27,2026-03-18 12:42:35,OK,NO
335,2,2026-03-18 12:41:41,2026-03-18 12:42:36,OK,NO
347,1,2026-03-18 12:41:41,2026-03-18 12:42:37,OK,NO
332,3,2026-03-18 12:41:41,2026-03-18 12:42:38,OK,NO
302,9,2026-03-18 12:41:31,2026-03-18 12:42:39,OK,NO
329,5,2026-03-18 12:41:41,2026-03-18 12:42:45,OK,NO
330,4,2026-03-18 12:41:41,2026-03-18 12:43:10,OK,NO
303,8,2026-03-18 12:42:09,2026-03-18 12:43:13,OK,NO
326,6,2026-03-18 12:42:35,2026-03-18 12:43:26,OK,NO
300,12,2026-03-18 12:42:32,2026-03-18 12:43:29,OK,NO
304,7,2026-03-18 12:42:09,2026-03-18 12:43:41,OK,NO
336,2,2026-03-18 12:43:10,2026-03-18 12:44:03,OK,NO
333,3,2026-03-18 12:43:10,2026-03-18 12:44:03,OK,NO
348,1,2026-03-18 12:43:10,2026-03-18 12:44:03,OK,NO
330,5,2026-03-18 12:43:10,2026-03-18 12:44:06,OK,NO
331,4,2026-03-18 12:43:10,2026-03-18 12:44:12,OK,NO
327,6,2026-03-18 12:43:26,2026-03-18 12:44:24,OK,NO
303,9,2026-03-18 12:43:13,2026-03-18 12:44:33,OK,NO
304,8,2026-03-18 12:43:41,2026-03-18 12:44:39,OK,NO
305,7,2026-03-18 12:43:41,2026-03-18 12:44:59,OK,NO
337,2,2026-03-18 12:44:12,2026-03-18 12:45:06,OK,NO
334,3,2026-03-18 12:44:12,2026-03-18 12:45:11,OK,NO
349,1,2026-03-18 12:44:12,2026-03-18 12:45:15,OK,NO
332,4,2026-03-18 12:44:12,2026-03-18 12:45:19,OK,NO
331,5,2026-03-18 12:44:12,2026-03-18 12:45:21,OK,NO
328,6,2026-03-18 12:44:24,2026-03-18 12:45:27,OK,NO
304,9,2026-03-18 12:44:39,2026-03-18 12:45:49,OK,NO
305,8,2026-03-18 12:44:59,2026-03-18 12:45:58,OK,NO
338,2,2026-03-18 12:45:19,2026-03-18 12:46:17,OK,NO
350,1,2026-03-18 12:45:19,2026-03-18 12:46:17,OK,NO
335,3,2026-03-18 12:45:19,2026-03-18 12:46:22,OK,NO
332,5,2026-03-18 12:45:21,2026-03-18 12:46:23,OK,NO
333,4,2026-03-18 12:45:19,2026-03-18 12:46:23,OK,NO
306,7,2026-03-18 12:44:59,2026-03-18 12:46:35,OK,NO
329,6,2026-03-18 12:45:27,2026-03-18 12:46:38,OK,NO
339,2,2026-03-18 12:46:23,2026-03-18 12:47:17,OK,NO
333,5,2026-03-18 12:46:23,2026-03-18 12:47:17,OK,NO
351,1,2026-03-18 12:46:23,2026-03-18 12:47:19,OK,NO
336,3,2026-03-18 12:46:23,2026-03-18 12:47:21,OK,NO
334,4,2026-03-18 12:46:23,2026-03-18 12:47:34,OK,NO
306,8,2026-03-18 12:46:35,2026-03-18 12:47:38,OK,NO
330,6,2026-03-18 12:46:38,2026-03-18 12:47:45,OK,NO
307,7,2026-03-18 12:46:35,2026-03-18 12:48:06,OK,NO
340,2,2026-03-18 12:47:34,2026-03-18 12:48:29,OK,NO
352,1,2026-03-18 12:47:34,2026-03-18 12:48:30,OK,NO
337,3,2026-03-18 12:47:34,2026-03-18 12:48:33,OK,NO
334,5,2026-03-18 12:47:34,2026-03-18 12:48:43,OK,NO
331,6,2026-03-18 12:47:45,2026-03-18 12:48:44,OK,NO
335,4,2026-03-18 12:47:34,2026-03-18 12:48:52,OK,NO
307,8,2026-03-18 12:48:06,2026-03-18 12:49:01,OK,NO
308,7,2026-03-18 12:48:06,2026-03-18 12:49:22,OK,NO
332,6,2026-03-18 12:48:44,2026-03-18 12:49:41,OK,NO
338,3,2026-03-18 12:48:52,2026-03-18 12:49:49,OK,NO
335,5,2026-03-18 12:48:52,2026-03-18 12:49:50,OK,NO
341,2,2026-03-18 12:48:52,2026-03-18 12:50:00,OK,NO
353,1,2026-03-18 12:48:52,2026-03-18 12:50:01,OK,NO
336,4,2026-03-18 12:48:52,2026-03-18 12:50:26,OK,NO
308,8,2026-03-18 12:49:22,2026-03-18 12:50:29,OK,NO
309,7,2026-03-18 12:49:22,2026-03-18 12:50:31,OK,NO
333,6,2026-03-18 12:49:41,2026-03-18 12:50:44,OK,NO
337,4,2026-03-18 12:50:26,2026-03-18 12:51:18,OK,NO
336,5,2026-03-18 12:50:26,2026-03-18 12:51:25,OK,NO
354,1,2026-03-18 12:50:26,2026-03-18 12:51:27,OK,NO
339,3,2026-03-18 12:50:26,2026-03-18 12:51:31,OK,NO
342,2,2026-03-18 12:50:26,2026-03-18 12:51:33,OK,NO
309,8,2026-03-18 12:50:31,2026-03-18 12:51:33,OK,NO
310,7,2026-03-18 12:50:31,2026-03-18 12:51:38,OK,NO
334,6,2026-03-18 12:50:44,2026-03-18 12:51:47,OK,NO
337,5,2026-03-18 12:51:25,2026-03-18 12:52:20,OK,NO
355,1,2026-03-18 12:51:33,2026-03-18 12:52:28,OK,NO
340,3,2026-03-18 12:51:31,2026-03-18 12:52:29,OK,NO
343,2,2026-03-18 12:51:33,2026-03-18 12:52:31,OK,NO
335,6,2026-03-18 12:51:47,2026-03-18 12:52:51,OK,NO
338,4,2026-03-18 12:51:18,2026-03-18 12:52:52,OK,NO
311,7,2026-03-18 12:51:38,2026-03-18 12:52:56,OK,NO
336,6,2026-03-18 12:52:51,2026-03-18 12:53:43,OK,NO
344,2,2026-03-18 12:52:52,2026-03-18 12:53:50,OK,NO
338,5,2026-03-18 12:52:52,2026-03-18 12:53:51,OK,NO
339,4,2026-03-18 12:52:52,2026-03-18 12:53:53,OK,NO
356,1,2026-03-18 12:52:52,2026-03-18 12:53:55,OK,NO
341,3,2026-03-18 12:52:52,2026-03-18 12:53:55,OK,NO
312,7,2026-03-18 12:52:56,2026-03-18 12:54:26,OK,NO
337,6,2026-03-18 12:53:43,2026-03-18 12:54:46,OK,NO
342,3,2026-03-18 12:53:55,2026-03-18 12:54:53,OK,NO
345,2,2026-03-18 12:53:55,2026-03-18 12:54:55,OK,NO
339,5,2026-03-18 12:53:53,2026-03-18 12:55:01,OK,NO
357,1,2026-03-18 12:53:55,2026-03-18 12:55:04,OK,NO
340,4,2026-03-18 12:53:53,2026-03-18 12:55:15,OK,NO
338,6,2026-03-18 12:54:46,2026-03-18 12:55:48,OK,NO
340,5,2026-03-18 12:55:15,2026-03-18 12:56:05,OK,NO
313,7,2026-03-18 12:54:26,2026-03-18 12:56:07,OK,NO
341,4,2026-03-18 12:55:15,2026-03-18 12:56:11,OK,NO
358,1,2026-03-18 12:55:15,2026-03-18 12:56:19,OK,NO
343,3,2026-03-18 12:55:15,2026-03-18 12:56:24,OK,NO
346,2,2026-03-18 12:55:15,2026-03-18 12:56:25,OK,NO
339,6,2026-03-18 12:55:48,2026-03-18 12:56:45,OK,NO
342,4,2026-03-18 12:56:11,2026-03-18 12:57:11,OK,NO
341,5,2026-03-18 12:56:11,2026-03-18 12:57:14,OK,NO
359,1,2026-03-18 12:56:25,2026-03-18 12:57:22,OK,NO
347,2,2026-03-18 12:56:25,2026-03-18 12:57:25,OK,NO
344,3,2026-03-18 12:56:24,2026-03-18 12:57:27,OK,NO
314,7,2026-03-18 12:56:07,2026-03-18 12:57:31,OK,NO
340,6,2026-03-18 12:56:45,2026-03-18 12:57:45,OK,NO
343,4,2026-03-18 12:57:11,2026-03-18 12:58:10,OK,NO
360,1,2026-03-18 12:57:27,2026-03-18 12:58:16,OK,NO
342,5,2026-03-18 12:57:14,2026-03-18 12:58:18,OK,NO
345,3,2026-03-18 12:57:27,2026-03-18 12:58:22,OK,NO
348,2,2026-03-18 12:57:27,2026-03-18 12:58:36,OK,NO
341,6,2026-03-18 12:57:45,2026-03-18 12:58:46,OK,NO
310,8,2026-03-18 12:57:51,2026-03-18 12:58:48,OK,NO
301,10,2026-03-18 12:57:51,2026-03-18 12:58:56,OK,NO
315,7,2026-03-18 12:57:51,2026-03-18 12:59:02,OK,NO
305,9,2026-03-18 12:57:51,2026-03-18 12:59:10,OK,NO
344,4,2026-03-18 12:58:10,2026-03-18 12:59:15,OK,NO
343,5,2026-03-18 12:58:18,2026-03-18 12:59:20,OK,NO
346,3,2026-03-18 12:58:22,2026-03-18 12:59:27,OK,NO
349,2,2026-03-18 12:58:36,2026-03-18 12:59:30,OK,NO
361,1,2026-03-18 12:58:36,2026-03-18 12:59:43,OK,NO
342,6,2026-03-18 12:58:46,2026-03-18 12:59:51,OK,NO
302,10,2026-03-18 12:58:56,2026-03-18 12:59:57,OK,NO
301,11,2026-03-18 12:58:56,2026-03-18 13:00:01,OK,NO
345,4,2026-03-18 12:59:15,2026-03-18 13:00:12,OK,NO
311,8,2026-03-18 12:59:10,2026-03-18 13:00:14,OK,NO
347,3,2026-03-18 12:59:27,2026-03-18 13:00:17,OK,NO
316,7,2026-03-18 12:59:10,2026-03-18 13:00:26,OK,NO
344,5,2026-03-18 12:59:20,2026-03-18 13:00:26,OK,NO
350,2,2026-03-18 12:59:30,2026-03-18 13:00:28,OK,NO
306,9,2026-03-18 12:59:10,2026-03-18 13:00:40,OK,NO
362,1,2026-03-18 12:59:43,2026-03-18 13:00:48,OK,NO
303,10,2026-03-18 12:59:57,2026-03-18 13:00:53,OK,NO
343,6,2026-03-18 12:59:51,2026-03-18 13:00:56,OK,NO
301,12,2026-03-18 13:00:01,2026-03-18 13:01:00,OK,NO
302,11,2026-03-18 13:00:15,2026-03-18 13:01:14,OK,NO
345,5,2026-03-18 13:00:26,2026-03-18 13:01:18,OK,NO
351,2,2026-03-18 13:00:28,2026-03-18 13:01:23,OK,NO
348,3,2026-03-18 13:00:17,2026-03-18 13:01:23,OK,NO
312,8,2026-03-18 13:00:40,2026-03-18 13:01:27,OK,NO
346,4,2026-03-18 13:00:12,2026-03-18 13:01:31,OK,NO
363,1,2026-03-18 13:00:48,2026-03-18 13:01:42,OK,NO
317,7,2026-03-18 13:00:40,2026-03-18 13:01:47,OK,NO
307,9,2026-03-18 13:00:40,2026-03-18 13:01:52,OK,NO
344,6,2026-03-18 13:00:56,2026-03-18 13:01:54,OK,NO
304,10,2026-03-18 13:00:53,2026-03-18 13:01:55,OK,NO
302,12,2026-03-18 13:01:14,2026-03-18 13:02:13,OK,NO
303,11,2026-03-18 13:01:14,2026-03-18 13:02:13,OK,NO
346,5,2026-03-18 13:01:31,2026-03-18 13:02:24,OK,NO
349,3,2026-03-18 13:01:31,2026-03-18 13:02:30,OK,NO
352,2,2026-03-18 13:01:31,2026-03-18 13:02:34,OK,NO
347,4,2026-03-18 13:01:31,2026-03-18 13:02:35,OK,NO
364,1,2026-03-18 13:01:42,2026-03-18 13:02:39,OK,NO
313,8,2026-03-18 13:01:52,2026-03-18 13:02:47,OK,NO
345,6,2026-03-18 13:01:54,2026-03-18 13:02:49,OK,NO
308,9,2026-03-18 13:01:52,2026-03-18 13:02:59,OK,NO
304,11,2026-03-18 13:02:13,2026-03-18 13:03:01,OK,NO
305,10,2026-03-18 13:01:55,2026-03-18 13:03:06,OK,NO
318,7,2026-03-18 13:01:52,2026-03-18 13:03:20,OK,NO
303,12,2026-03-18 13:02:13,2026-03-18 13:03:20,OK,NO
347,5,2026-03-18 13:02:35,2026-03-18 13:03:31,OK,NO
348,4,2026-03-18 13:02:35,2026-03-18 13:03:33,OK,NO
353,2,2026-03-18 13:02:35,2026-03-18 13:03:34,OK,NO
350,3,2026-03-18 13:02:35,2026-03-18 13:03:35,OK,NO
365,1,2026-03-18 13:02:39,2026-03-18 13:03:38,OK,NO
346,6,2026-03-18 13:02:49,2026-03-18 13:03:41,OK,NO
314,8,2026-03-18 13:02:59,2026-03-18 13:04:01,OK,NO
305,11,2026-03-18 13:03:06,2026-03-18 13:04:07,OK,NO
309,9,2026-03-18 13:02:59,2026-03-18 13:04:07,OK,NO
306,10,2026-03-18 13:03:06,2026-03-18 13:04:10,OK,NO
304,12,2026-03-18 13:03:20,2026-03-18 13:04:14,OK,NO
351,3,2026-03-18 13:03:35,2026-03-18 13:04:28,OK,NO
354,2,2026-03-18 13:03:35,2026-03-18 13:04:34,OK,NO
366,1,2026-03-18 13:03:38,2026-03-18 13:04:35,OK,NO
348,5,2026-03-18 13:03:33,2026-03-18 13:04:36,OK,NO
347,6,2026-03-18 13:03:41,2026-03-18 13:04:37,OK,NO
319,7,2026-03-18 13:03:20,2026-03-18 13:04:41,OK,NO
349,4,2026-03-18 13:03:33,2026-03-18 13:04:44,OK,NO
307,10,2026-03-18 13:04:10,2026-03-18 13:05:04,OK,NO
315,8,2026-03-18 13:04:07,2026-03-18 13:05:07,OK,NO
310,9,2026-03-18 13:04:07,2026-03-18 13:05:10,OK,NO
306,11,2026-03-18 13:04:10,2026-03-18 13:05:14,OK,NO
305,12,2026-03-18 13:04:14,2026-03-18 13:05:18,OK,NO
348,6,2026-03-18 13:04:37,2026-03-18 13:05:29,OK,NO
355,2,2026-03-18 13:04:44,2026-03-18 13:05:39,OK,NO
367,1,2026-03-18 13:04:44,2026-03-18 13:05:41,OK,NO
352,3,2026-03-18 13:04:44,2026-03-18 13:05:44,OK,NO
350,4,2026-03-18 13:04:44,2026-03-18 13:05:47,OK,NO
320,7,2026-03-18 13:04:41,2026-03-18 13:05:48,OK,NO
349,5,2026-03-18 13:04:44,2026-03-18 13:05:53,OK,NO
307,11,2026-03-18 13:05:14,2026-03-18 13:06:06,OK,NO
308,10,2026-03-18 13:05:04,2026-03-18 13:06:11,OK,NO
316,8,2026-03-18 13:05:10,2026-03-18 13:06:12,OK,NO
306,12,2026-03-18 13:05:18,2026-03-18 13:06:16,OK,NO
311,9,2026-03-18 13:05:10,2026-03-18 13:06:33,OK,NO
353,3,2026-03-18 13:05:47,2026-03-18 13:06:42,OK,NO
368,1,2026-03-18 13:05:47,2026-03-18 13:06:45,OK,NO
356,2,2026-03-18 13:05:47,2026-03-18 13:06:56,OK,NO
350,5,2026-03-18 13:05:53,2026-03-18 13:06:59,OK,NO
351,4,2026-03-18 13:05:47,2026-03-18 13:07:00,OK,NO
349,6,2026-03-18 13:05:53,2026-03-18 13:07:02,OK,NO
308,11,2026-03-18 13:06:11,2026-03-18 13:07:07,OK,NO
309,10,2026-03-18 13:06:11,2026-03-18 13:07:07,OK,NO
307,12,2026-03-18 13:06:16,2026-03-18 13:07:12,OK,NO
321,7,2026-03-18 13:05:48,2026-03-18 13:07:21,OK,NO
317,8,2026-03-18 13:06:33,2026-03-18 13:07:29,OK,NO
312,9,2026-03-18 13:06:33,2026-03-18 13:07:42,OK,NO
310,10,2026-03-18 13:07:07,2026-03-18 13:07:55,OK,NO
309,11,2026-03-18 13:07:07,2026-03-18 13:07:55,OK,NO
351,5,2026-03-18 13:07:00,2026-03-18 13:07:58,OK,NO
357,2,2026-03-18 13:07:00,2026-03-18 13:08:00,OK,NO
352,4,2026-03-18 13:07:00,2026-03-18 13:08:02,OK,NO
350,6,2026-03-18 13:07:02,2026-03-18 13:08:04,OK,NO
354,3,2026-03-18 13:07:00,2026-03-18 13:08:04,OK,NO
369,1,2026-03-18 13:07:00,2026-03-18 13:08:05,OK,NO
308,12,2026-03-18 13:07:12,2026-03-18 13:08:21,OK,NO
322,7,2026-03-18 13:07:21,2026-03-18 13:08:24,OK,NO
318,8,2026-03-18 13:07:42,2026-03-18 13:08:44,OK,NO
310,11,2026-03-18 13:07:55,2026-03-18 13:08:47,OK,NO
370,1,2026-03-18 13:08:05,2026-03-18 13:09:02,OK,NO
355,3,2026-03-18 13:08:04,2026-03-18 13:09:06,OK,NO
358,2,2026-03-18 13:08:04,2026-03-18 13:09:06,OK,NO
311,10,2026-03-18 13:07:55,2026-03-18 13:09:06,OK,NO
351,6,2026-03-18 13:08:04,2026-03-18 13:09:08,OK,NO
313,9,2026-03-18 13:07:42,2026-03-18 13:09:10,OK,NO
352,5,2026-03-18 13:08:02,2026-03-18 13:09:11,OK,NO
309,12,2026-03-18 13:08:21,2026-03-18 13:09:11,OK,NO
353,4,2026-03-18 13:08:02,2026-03-18 13:09:21,OK,NO
323,7,2026-03-18 13:08:24,2026-03-18 13:09:37,OK,NO
311,11,2026-03-18 13:09:06,2026-03-18 13:09:57,OK,NO
310,12,2026-03-18 13:09:11,2026-03-18 13:10:07,OK,NO
319,8,2026-03-18 13:09:10,2026-03-18 13:10:08,OK,NO
312,10,2026-03-18 13:09:06,2026-03-18 13:10:10,OK,NO
352,6,2026-03-18 13:09:11,2026-03-18 13:10:12,OK,NO
356,3,2026-03-18 13:09:21,2026-03-18 13:10:15,OK,NO
314,9,2026-03-18 13:09:10,2026-03-18 13:10:20,OK,NO
371,1,2026-03-18 13:09:21,2026-03-18 13:10:21,OK,NO
353,5,2026-03-18 13:09:21,2026-03-18 13:10:25,OK,NO
359,2,2026-03-18 13:09:21,2026-03-18 13:10:27,OK,NO
354,4,2026-03-18 13:09:21,2026-03-18 13:10:33,OK,NO
324,7,2026-03-18 13:09:37,2026-03-18 13:10:46,OK,NO
313,10,2026-03-18 13:10:10,2026-03-18 13:11:02,OK,NO
312,11,2026-03-18 13:10:10,2026-03-18 13:11:11,OK,NO
320,8,2026-03-18 13:10:20,2026-03-18 13:11:15,OK,NO
311,12,2026-03-18 13:10:07,2026-03-18 13:11:15,OK,NO
360,2,2026-03-18 13:10:33,2026-03-18 13:11:27,OK,NO
353,6,2026-03-18 13:10:25,2026-03-18 13:11:29,OK,NO
372,1,2026-03-18 13:10:33,2026-03-18 13:11:30,OK,NO
354,5,2026-03-18 13:10:33,2026-03-18 13:11:35,OK,NO
315,9,2026-03-18 13:10:20,2026-03-18 13:11:35,OK,NO
357,3,2026-03-18 13:10:33,2026-03-18 13:11:37,OK,NO
355,4,2026-03-18 13:10:33,2026-03-18 13:11:41,OK,NO
325,7,2026-03-18 13:10:46,2026-03-18 13:11:52,OK,NO
314,10,2026-03-18 13:11:02,2026-03-18 13:12:09,OK,NO
313,11,2026-03-18 13:11:11,2026-03-18 13:12:13,OK,NO
312,12,2026-03-18 13:11:15,2026-03-18 13:12:15,OK,NO
354,6,2026-03-18 13:11:35,2026-03-18 13:12:33,OK,NO
316,9,2026-03-18 13:11:35,2026-03-18 13:12:33,OK,NO
373,1,2026-03-18 13:11:41,2026-03-18 13:12:35,OK,NO
321,8,2026-03-18 13:11:35,2026-03-18 13:12:36,OK,NO
361,2,2026-03-18 13:11:41,2026-03-18 13:12:37,OK,NO
355,5,2026-03-18 13:11:41,2026-03-18 13:12:47,OK,NO
356,4,2026-03-18 13:11:41,2026-03-18 13:12:50,OK,NO
358,3,2026-03-18 13:11:41,2026-03-18 13:12:50,OK,NO
326,7,2026-03-18 13:11:52,2026-03-18 13:13:00,OK,NO
315,10,2026-03-18 13:12:09,2026-03-18 13:13:03,OK,NO
313,12,2026-03-18 13:12:15,2026-03-18 13:13:09,OK,NO
314,11,2026-03-18 13:12:13,2026-03-18 13:13:19,OK,NO
322,8,2026-03-18 13:12:36,2026-03-18 13:13:37,OK,NO
317,9,2026-03-18 13:12:33,2026-03-18 13:13:39,OK,NO
355,6,2026-03-18 13:12:47,2026-03-18 13:13:45,OK,NO
362,2,2026-03-18 13:12:50,2026-03-18 13:13:46,OK,NO
356,5,2026-03-18 13:12:50,2026-03-18 13:13:50,OK,NO
374,1,2026-03-18 13:12:50,2026-03-18 13:13:52,OK,NO
359,3,2026-03-18 13:12:50,2026-03-18 13:13:55,OK,NO
327,7,2026-03-18 13:13:00,2026-03-18 13:13:58,OK,NO
316,10,2026-03-18 13:13:03,2026-03-18 13:14:04,OK,NO
357,4,2026-03-18 13:12:50,2026-03-18 13:14:08,OK,NO
315,11,2026-03-18 13:13:19,2026-03-18 13:14:13,OK,NO
314,12,2026-03-18 13:13:19,2026-03-18 13:14:25,OK,NO
323,8,2026-03-18 13:13:39,2026-03-18 13:14:41,OK,NO
356,6,2026-03-18 13:13:50,2026-03-18 13:14:48,OK,NO
318,9,2026-03-18 13:13:39,2026-03-18 13:15:02,OK,NO
317,10,2026-03-18 13:14:04,2026-03-18 13:15:05,OK,NO
328,7,2026-03-18 13:13:58,2026-03-18 13:15:05,OK,NO
358,4,2026-03-18 13:14:08,2026-03-18 13:15:09,OK,NO
316,11,2026-03-18 13:14:13,2026-03-18 13:15:18,OK,NO
315,12,2026-03-18 13:14:25,2026-03-18 13:15:22,OK,NO
324,8,2026-03-18 13:15:02,2026-03-18 13:15:59,OK,NO
359,4,2026-03-18 13:15:09,2026-03-18 13:16:15,OK,NO
319,9,2026-03-18 13:15:02,2026-03-18 13:16:15,OK,NO
316,12,2026-03-18 13:15:22,2026-03-18 13:16:18,OK,NO
318,10,2026-03-18 13:15:25,2026-03-18 13:16:20,OK,NO
317,11,2026-03-18 13:15:18,2026-03-18 13:16:23,OK,NO
329,7,2026-03-18 13:15:05,2026-03-18 13:16:33,OK,NO
357,5,2026-03-18 13:15:49,2026-03-18 13:16:43,OK,NO
325,8,2026-03-18 13:16:15,2026-03-18 13:17:06,OK,NO
320,9,2026-03-18 13:16:15,2026-03-18 13:17:06,OK,NO
317,12,2026-03-18 13:16:23,2026-03-18 13:17:12,OK,NO
319,10,2026-03-18 13:16:20,2026-03-18 13:17:13,OK,NO
318,11,2026-03-18 13:16:23,2026-03-18 13:17:16,OK,NO
357,6,2026-03-18 13:16:43,2026-03-18 13:17:44,OK,NO
358,5,2026-03-18 13:16:43,2026-03-18 13:17:48,OK,NO
330,7,2026-03-18 13:16:33,2026-03-18 13:17:58,OK,NO
326,8,2026-03-18 13:17:06,2026-03-18 13:18:13,OK,NO
320,10,2026-03-18 13:17:13,2026-03-18 13:18:14,OK,NO
319,11,2026-03-18 13:17:16,2026-03-18 13:18:19,OK,NO
318,12,2026-03-18 13:17:16,2026-03-18 13:18:20,OK,NO
321,9,2026-03-18 13:17:06,2026-03-18 13:18:24,OK,NO
358,6,2026-03-18 13:17:48,2026-03-18 13:18:53,OK,NO
359,5,2026-03-18 13:17:48,2026-03-18 13:18:59,OK,NO
331,7,2026-03-18 13:17:58,2026-03-18 13:19:02,OK,NO
321,10,2026-03-18 13:18:24,2026-03-18 13:19:22,OK,NO
319,12,2026-03-18 13:18:20,2026-03-18 13:19:23,OK,NO
327,8,2026-03-18 13:18:24,2026-03-18 13:19:23,OK,NO
320,11,2026-03-18 13:18:19,2026-03-18 13:19:23,OK,NO
322,9,2026-03-18 13:18:24,2026-03-18 13:19:27,OK,NO
359,6,2026-03-18 13:18:59,2026-03-18 13:19:51,OK,NO
322,10,2026-03-18 13:19:27,2026-03-18 13:20:19,OK,NO
323,9,2026-03-18 13:19:27,2026-03-18 13:20:21,OK,NO
320,12,2026-03-18 13:19:23,2026-03-18 13:20:23,OK,NO
321,11,2026-03-18 13:19:23,2026-03-18 13:20:24,OK,NO
332,7,2026-03-18 13:19:02,2026-03-18 13:20:25,OK,NO
328,8,2026-03-18 13:19:27,2026-03-18 13:20:32,OK,NO
324,9,2026-03-18 13:20:21,2026-03-18 13:21:19,OK,NO
323,10,2026-03-18 13:20:21,2026-03-18 13:21:20,OK,NO
322,11,2026-03-18 13:20:24,2026-03-18 13:21:21,OK,NO
321,12,2026-03-18 13:20:24,2026-03-18 13:21:26,OK,NO
329,8,2026-03-18 13:20:32,2026-03-18 13:21:30,OK,NO
333,7,2026-03-18 13:20:25,2026-03-18 13:21:46,OK,NO
324,10,2026-03-18 13:21:20,2026-03-18 13:22:12,OK,NO
325,9,2026-03-18 13:21:19,2026-03-18 13:22:17,OK,NO
322,12,2026-03-18 13:21:26,2026-03-18 13:22:19,OK,NO
323,11,2026-03-18 13:21:21,2026-03-18 13:22:27,OK,NO
330,8,2026-03-18 13:21:30,2026-03-18 13:22:32,OK,NO
334,7,2026-03-18 13:21:46,2026-03-18 13:23:06,OK,NO
325,10,2026-03-18 13:22:17,2026-03-18 13:23:20,OK,NO
326,9,2026-03-18 13:22:17,2026-03-18 13:23:25,OK,NO
324,11,2026-03-18 13:22:27,2026-03-18 13:23:28,OK,NO
323,12,2026-03-18 13:22:27,2026-03-18 13:23:28,OK,NO
331,8,2026-03-18 13:22:32,2026-03-18 13:23:33,OK,NO
326,10,2026-03-18 13:23:25,2026-03-18 13:24:17,OK,NO
335,7,2026-03-18 13:23:06,2026-03-18 13:24:22,OK,NO
325,11,2026-03-18 13:23:28,2026-03-18 13:24:26,OK,NO
327,9,2026-03-18 13:23:25,2026-03-18 13:24:31,OK,NO
324,12,2026-03-18 13:23:28,2026-03-18 13:24:35,OK,NO
332,8,2026-03-18 13:23:33,2026-03-18 13:24:35,OK,NO
363,2,2026-03-18 13:24:20,2026-03-18 13:25:19,OK,NO
375,1,2026-03-18 13:24:20,2026-03-18 13:25:21,OK,NO
326,11,2026-03-18 13:24:26,2026-03-18 13:25:22,OK,NO
360,3,2026-03-18 13:24:20,2026-03-18 13:25:24,OK,NO
327,10,2026-03-18 13:24:31,2026-03-18 13:25:24,OK,NO
328,9,2026-03-18 13:24:31,2026-03-18 13:25:29,OK,NO
333,8,2026-03-18 13:24:35,2026-03-18 13:25:33,OK,NO
325,12,2026-03-18 13:24:35,2026-03-18 13:25:39,OK,NO
336,7,2026-03-18 13:24:22,2026-03-18 13:25:56,OK,NO
327,11,2026-03-18 13:25:24,2026-03-18 13:26:25,OK,NO
361,3,2026-03-18 13:25:24,2026-03-18 13:26:25,OK,NO
364,2,2026-03-18 13:25:24,2026-03-18 13:26:25,OK,NO
376,1,2026-03-18 13:25:24,2026-03-18 13:26:33,OK,NO
360,4,2026-03-18 13:25:24,2026-03-18 13:26:36,OK,NO
334,8,2026-03-18 13:25:33,2026-03-18 13:26:38,OK,NO
326,12,2026-03-18 13:25:39,2026-03-18 13:26:40,OK,NO
329,9,2026-03-18 13:25:29,2026-03-18 13:26:53,OK,NO
337,7,2026-03-18 13:25:56,2026-03-18 13:27:06,OK,NO
360,5,2026-03-18 13:26:36,2026-03-18 13:27:24,OK,NO
362,3,2026-03-18 13:26:25,2026-03-18 13:27:25,OK,NO
377,1,2026-03-18 13:26:33,2026-03-18 13:27:33,OK,NO
365,2,2026-03-18 13:26:25,2026-03-18 13:27:35,OK,NO
327,12,2026-03-18 13:26:40,2026-03-18 13:27:35,OK,NO
361,4,2026-03-18 13:26:36,2026-03-18 13:27:36,OK,NO
335,8,2026-03-18 13:26:53,2026-03-18 13:27:56,OK,NO
330,9,2026-03-18 13:26:53,2026-03-18 13:28:17,OK,NO
338,7,2026-03-18 13:27:06,2026-03-18 13:28:24,OK,NO
366,2,2026-03-18 13:27:35,2026-03-18 13:28:27,OK,NO
363,3,2026-03-18 13:27:25,2026-03-18 13:28:29,OK,NO
361,5,2026-03-18 13:27:36,2026-03-18 13:28:32,OK,NO
362,4,2026-03-18 13:27:36,2026-03-18 13:28:33,OK,NO
378,1,2026-03-18 13:27:35,2026-03-18 13:28:33,OK,NO
360,6,2026-03-18 13:27:24,2026-03-18 13:28:36,OK,NO
331,9,2026-03-18 13:28:17,2026-03-18 13:29:12,OK,NO
336,8,2026-03-18 13:28:17,2026-03-18 13:29:16,OK,NO
362,5,2026-03-18 13:28:33,2026-03-18 13:29:20,OK,NO
364,3,2026-03-18 13:28:29,2026-03-18 13:29:30,OK,NO
339,7,2026-03-18 13:28:24,2026-03-18 13:29:32,OK,NO
367,2,2026-03-18 13:28:29,2026-03-18 13:29:33,OK,NO
379,1,2026-03-18 13:28:33,2026-03-18 13:29:34,OK,NO
361,6,2026-03-18 13:28:36,2026-03-18 13:29:39,OK,NO
363,4,2026-03-18 13:28:33,2026-03-18 13:29:54,OK,NO
365,3,2026-03-18 13:29:30,2026-03-18 13:30:27,OK,NO
380,1,2026-03-18 13:29:34,2026-03-18 13:30:29,OK,NO
368,2,2026-03-18 13:29:33,2026-03-18 13:30:32,OK,NO
362,6,2026-03-18 13:29:39,2026-03-18 13:30:39,OK,NO
363,5,2026-03-18 13:29:54,2026-03-18 13:30:55,OK,NO
340,7,2026-03-18 13:29:32,2026-03-18 13:31:02,OK,NO
363,6,2026-03-18 13:30:55,2026-03-18 13:31:53,OK,NO
341,7,2026-03-18 13:31:02,2026-03-18 13:32:12,OK,NO
369,2,2026-03-18 13:31:46,2026-03-18 13:32:40,OK,NO
381,1,2026-03-18 13:31:46,2026-03-18 13:32:51,OK,NO
366,3,2026-03-18 13:31:46,2026-03-18 13:32:51,OK,NO
364,4,2026-03-18 13:31:46,2026-03-18 13:32:53,OK,NO
382,1,2026-03-18 13:32:53,2026-03-18 13:33:45,OK,NO
367,3,2026-03-18 13:32:53,2026-03-18 13:33:46,OK,NO
370,2,2026-03-18 13:32:53,2026-03-18 13:33:53,OK,NO
365,4,2026-03-18 13:32:53,2026-03-18 13:33:53,OK,NO
364,5,2026-03-18 13:32:53,2026-03-18 13:33:57,OK,NO
364,6,2026-03-18 13:33:57,2026-03-18 13:34:48,OK,NO
371,2,2026-03-18 13:33:53,2026-03-18 13:34:53,OK,NO
365,5,2026-03-18 13:33:57,2026-03-18 13:34:54,OK,NO
368,3,2026-03-18 13:33:53,2026-03-18 13:34:54,OK,NO
366,4,2026-03-18 13:33:53,2026-03-18 13:34:58,OK,NO
383,1,2026-03-18 13:33:53,2026-03-18 13:35:00,OK,NO
369,3,2026-03-18 13:34:58,2026-03-18 13:35:51,OK,NO
365,6,2026-03-18 13:34:54,2026-03-18 13:35:53,OK,NO
367,4,2026-03-18 13:34:58,2026-03-18 13:35:56,OK,NO
384,1,2026-03-18 13:35:00,2026-03-18 13:35:58,OK,NO
372,2,2026-03-18 13:34:58,2026-03-18 13:36:00,OK,NO
366,5,2026-03-18 13:34:58,2026-03-18 13:36:03,OK,NO
368,4,2026-03-18 13:35:56,2026-03-18 13:36:51,OK,NO
366,6,2026-03-18 13:36:03,2026-03-18 13:36:56,OK,NO
373,2,2026-03-18 13:36:00,2026-03-18 13:37:00,OK,NO
370,3,2026-03-18 13:35:56,2026-03-18 13:37:00,OK,NO
367,5,2026-03-18 13:36:03,2026-03-18 13:37:03,OK,NO
385,1,2026-03-18 13:36:00,2026-03-18 13:37:04,OK,NO
369,4,2026-03-18 13:36:51,2026-03-18 13:37:43,OK,NO
367,6,2026-03-18 13:37:03,2026-03-18 13:37:57,OK,NO
371,3,2026-03-18 13:37:00,2026-03-18 13:38:00,OK,NO
374,2,2026-03-18 13:37:00,2026-03-18 13:38:04,OK,NO
386,1,2026-03-18 13:37:04,2026-03-18 13:38:05,OK,NO
368,5,2026-03-18 13:37:03,2026-03-18 13:38:12,OK,NO
370,4,2026-03-18 13:37:43,2026-03-18 13:38:47,OK,NO
372,3,2026-03-18 13:38:00,2026-03-18 13:38:59,OK,NO
375,2,2026-03-18 13:38:04,2026-03-18 13:39:05,OK,NO
387,1,2026-03-18 13:38:05,2026-03-18 13:39:08,OK,NO
369,5,2026-03-18 13:38:12,2026-03-18 13:39:19,OK,NO
368,6,2026-03-18 13:38:12,2026-03-18 13:39:21,OK,NO
371,4,2026-03-18 13:38:47,2026-03-18 13:39:44,OK,NO
373,3,2026-03-18 13:38:59,2026-03-18 13:39:58,OK,NO
388,1,2026-03-18 13:39:08,2026-03-18 13:40:07,OK,NO
376,2,2026-03-18 13:39:05,2026-03-18 13:40:08,OK,NO
369,6,2026-03-18 13:39:21,2026-03-18 13:40:21,OK,NO
370,5,2026-03-18 13:39:19,2026-03-18 13:40:23,OK,NO
374,3,2026-03-18 13:39:58,2026-03-18 13:41:09,OK,NO
372,4,2026-03-18 13:39:44,2026-03-18 13:41:09,OK,NO
389,1,2026-03-18 13:40:08,2026-03-18 13:41:13,OK,NO
377,2,2026-03-18 13:40:08,2026-03-18 13:41:16,OK,NO
371,5,2026-03-18 13:40:23,2026-03-18 13:41:20,OK,NO
370,6,2026-03-18 13:40:23,2026-03-18 13:41:25,OK,NO
372,5,2026-03-18 13:41:20,2026-03-18 13:42:18,OK,NO
332,9,2026-03-18 13:41:31,2026-03-18 13:42:22,OK,NO
337,8,2026-03-18 13:41:31,2026-03-18 13:42:28,OK,NO
371,6,2026-03-18 13:41:25,2026-03-18 13:42:28,OK,NO
328,10,2026-03-18 13:41:31,2026-03-18 13:42:29,OK,NO
342,7,2026-03-18 13:41:31,2026-03-18 13:42:50,OK,NO
333,9,2026-03-18 13:42:29,2026-03-18 13:43:16,OK,NO
328,11,2026-03-18 13:42:29,2026-03-18 13:43:28,OK,NO
338,8,2026-03-18 13:42:29,2026-03-18 13:43:28,OK,NO
372,6,2026-03-18 13:42:28,2026-03-18 13:43:36,OK,NO
329,10,2026-03-18 13:42:29,2026-03-18 13:43:39,OK,NO
343,7,2026-03-18 13:42:50,2026-03-18 13:43:47,OK,NO
328,12,2026-03-18 13:43:28,2026-03-18 13:44:32,OK,NO
329,11,2026-03-18 13:43:39,2026-03-18 13:44:40,OK,NO
330,10,2026-03-18 13:43:39,2026-03-18 13:44:41,OK,NO
339,8,2026-03-18 13:43:39,2026-03-18 13:44:49,OK,NO
334,9,2026-03-18 13:43:39,2026-03-18 13:44:55,OK,NO
344,7,2026-03-18 13:43:47,2026-03-18 13:45:17,OK,NO
331,10,2026-03-18 13:44:41,2026-03-18 13:45:41,OK,NO
335,9,2026-03-18 13:44:55,2026-03-18 13:45:45,OK,NO
340,8,2026-03-18 13:44:55,2026-03-18 13:45:47,OK,NO
330,11,2026-03-18 13:44:41,2026-03-18 13:45:49,OK,NO
345,7,2026-03-18 13:45:17,2026-03-18 13:46:28,OK,NO
332,10,2026-03-18 13:45:41,2026-03-18 13:46:39,OK,NO
341,8,2026-03-18 13:45:47,2026-03-18 13:46:43,OK,NO
331,11,2026-03-18 13:45:49,2026-03-18 13:46:46,OK,NO
336,9,2026-03-18 13:45:45,2026-03-18 13:47:02,OK,NO
333,10,2026-03-18 13:46:39,2026-03-18 13:47:30,OK,NO
346,7,2026-03-18 13:46:28,2026-03-18 13:47:46,OK,NO
337,9,2026-03-18 13:47:02,2026-03-18 13:47:54,OK,NO
329,12,2026-03-18 13:46:49,2026-03-18 13:47:55,OK,NO
332,11,2026-03-18 13:46:49,2026-03-18 13:48:00,OK,NO
342,8,2026-03-18 13:47:02,2026-03-18 13:48:05,OK,NO
334,10,2026-03-18 13:47:30,2026-03-18 13:48:25,OK,NO
330,12,2026-03-18 13:47:55,2026-03-18 13:48:47,OK,NO
343,8,2026-03-18 13:48:05,2026-03-18 13:48:51,OK,NO
347,7,2026-03-18 13:47:46,2026-03-18 13:49:01,OK,NO
333,11,2026-03-18 13:48:00,2026-03-18 13:49:05,OK,NO
338,9,2026-03-18 13:47:54,2026-03-18 13:49:14,OK,NO
335,10,2026-03-18 13:48:25,2026-03-18 13:49:27,OK,NO
331,12,2026-03-18 13:48:47,2026-03-18 13:49:45,OK,NO
334,11,2026-03-18 13:49:05,2026-03-18 13:49:59,OK,NO
344,8,2026-03-18 13:49:14,2026-03-18 13:50:15,OK,NO
339,9,2026-03-18 13:49:14,2026-03-18 13:50:20,OK,NO
348,7,2026-03-18 13:49:01,2026-03-18 13:50:21,OK,NO
336,10,2026-03-18 13:49:27,2026-03-18 13:50:27,OK,NO
332,12,2026-03-18 13:49:45,2026-03-18 13:50:47,OK,NO
378,2,2026-03-18 13:49:59,2026-03-18 13:50:51,OK,NO
390,1,2026-03-18 13:49:59,2026-03-18 13:50:53,OK,NO
335,11,2026-03-18 13:49:59,2026-03-18 13:50:56,OK,NO
375,3,2026-03-18 13:49:59,2026-03-18 13:51:04,OK,NO
373,4,2026-03-18 13:49:59,2026-03-18 13:51:09,OK,NO
337,10,2026-03-18 13:50:27,2026-03-18 13:51:20,OK,NO
345,8,2026-03-18 13:50:20,2026-03-18 13:51:26,OK,NO
340,9,2026-03-18 13:50:20,2026-03-18 13:51:35,OK,NO
349,7,2026-03-18 13:50:21,2026-03-18 13:51:40,OK,NO
333,12,2026-03-18 13:50:47,2026-03-18 13:51:52,OK,NO
336,11,2026-03-18 13:50:56,2026-03-18 13:51:56,OK,NO
379,2,2026-03-18 13:51:09,2026-03-18 13:52:01,OK,NO
391,1,2026-03-18 13:51:09,2026-03-18 13:52:05,OK,NO
373,5,2026-03-18 13:51:09,2026-03-18 13:52:11,OK,NO
376,3,2026-03-18 13:51:09,2026-03-18 13:52:13,OK,NO
338,10,2026-03-18 13:51:20,2026-03-18 13:52:21,OK,NO
341,9,2026-03-18 13:51:35,2026-03-18 13:52:31,OK,NO
374,4,2026-03-18 13:51:09,2026-03-18 13:52:38,OK,NO
346,8,2026-03-18 13:51:35,2026-03-18 13:52:39,OK,NO
334,12,2026-03-18 13:51:52,2026-03-18 13:52:46,OK,NO
350,7,2026-03-18 13:51:40,2026-03-18 13:52:48,OK,NO
337,11,2026-03-18 13:51:56,2026-03-18 13:52:53,OK,NO
373,6,2026-03-18 13:52:11,2026-03-18 13:53:17,OK,NO
339,10,2026-03-18 13:52:21,2026-03-18 13:53:22,OK,NO
392,1,2026-03-18 13:52:38,2026-03-18 13:53:29,OK,NO
374,5,2026-03-18 13:52:38,2026-03-18 13:53:29,OK,NO
377,3,2026-03-18 13:52:38,2026-03-18 13:53:30,OK,NO
342,9,2026-03-18 13:52:31,2026-03-18 13:53:31,OK,NO
380,2,2026-03-18 13:52:38,2026-03-18 13:53:31,OK,NO
335,12,2026-03-18 13:52:46,2026-03-18 13:53:38,OK,NO
347,8,2026-03-18 13:52:39,2026-03-18 13:53:41,OK,NO
375,4,2026-03-18 13:52:38,2026-03-18 13:53:51,OK,NO
338,11,2026-03-18 13:52:53,2026-03-18 13:54:02,OK,NO
343,9,2026-03-18 13:53:31,2026-03-18 13:54:19,OK,NO
340,10,2026-03-18 13:53:22,2026-03-18 13:54:31,OK,NO
336,12,2026-03-18 13:53:38,2026-03-18 13:54:31,OK,NO
374,6,2026-03-18 13:53:29,2026-03-18 13:54:38,OK,NO
375,5,2026-03-18 13:53:51,2026-03-18 13:54:45,OK,NO
393,1,2026-03-18 13:53:51,2026-03-18 13:54:47,OK,NO
348,8,2026-03-18 13:53:41,2026-03-18 13:54:47,OK,NO
376,4,2026-03-18 13:53:51,2026-03-18 13:54:53,OK,NO
378,3,2026-03-18 13:53:51,2026-03-18 13:54:55,OK,NO
381,2,2026-03-18 13:53:51,2026-03-18 13:54:58,OK,NO
344,9,2026-03-18 13:54:19,2026-03-18 13:55:20,OK,NO
375,6,2026-03-18 13:54:45,2026-03-18 13:55:34,OK,NO
337,12,2026-03-18 13:54:31,2026-03-18 13:55:36,OK,NO
341,10,2026-03-18 13:54:31,2026-03-18 13:55:38,OK,NO
349,8,2026-03-18 13:54:47,2026-03-18 13:55:41,OK,NO
379,3,2026-03-18 13:54:55,2026-03-18 13:55:55,OK,NO
394,1,2026-03-18 13:54:58,2026-03-18 13:55:56,OK,NO
377,4,2026-03-18 13:54:53,2026-03-18 13:55:57,OK,NO
382,2,2026-03-18 13:54:58,2026-03-18 13:56:00,OK,NO
339,11,2026-03-18 13:55:02,2026-03-18 13:56:02,OK,NO
376,5,2026-03-18 13:54:53,2026-03-18 13:56:04,OK,NO
338,12,2026-03-18 13:55:36,2026-03-18 13:56:32,OK,NO
345,9,2026-03-18 13:55:20,2026-03-18 13:56:35,OK,NO
342,10,2026-03-18 13:55:38,2026-03-18 13:56:41,OK,NO
380,3,2026-03-18 13:55:57,2026-03-18 13:56:48,OK,NO
350,8,2026-03-18 13:55:41,2026-03-18 13:56:48,OK,NO
395,1,2026-03-18 13:56:00,2026-03-18 13:56:52,OK,NO
340,11,2026-03-18 13:56:02,2026-03-18 13:56:58,OK,NO
376,6,2026-03-18 13:56:04,2026-03-18 13:56:59,OK,NO
378,4,2026-03-18 13:55:57,2026-03-18 13:57:00,OK,NO
383,2,2026-03-18 13:56:00,2026-03-18 13:57:06,OK,NO
377,5,2026-03-18 13:56:04,2026-03-18 13:57:12,OK,NO
339,12,2026-03-18 13:56:32,2026-03-18 13:57:29,OK,NO
343,10,2026-03-18 13:56:41,2026-03-18 13:57:32,OK,NO
346,9,2026-03-18 13:56:35,2026-03-18 13:57:42,OK,NO
379,4,2026-03-18 13:57:00,2026-03-18 13:57:55,OK,NO
341,11,2026-03-18 13:56:58,2026-03-18 13:58:00,OK,NO
396,1,2026-03-18 13:57:06,2026-03-18 13:58:06,OK,NO
384,2,2026-03-18 13:57:06,2026-03-18 13:58:09,OK,NO
381,3,2026-03-18 13:57:00,2026-03-18 13:58:09,OK,NO
378,5,2026-03-18 13:57:12,2026-03-18 13:58:13,OK,NO
377,6,2026-03-18 13:57:12,2026-03-18 13:58:20,OK,NO
344,10,2026-03-18 13:57:32,2026-03-18 13:58:30,OK,NO
340,12,2026-03-18 13:57:29,2026-03-18 13:58:36,OK,NO
347,9,2026-03-18 13:57:42,2026-03-18 13:58:37,OK,NO
380,4,2026-03-18 13:57:55,2026-03-18 13:58:56,OK,NO
342,11,2026-03-18 13:58:00,2026-03-18 13:58:56,OK,NO
385,2,2026-03-18 13:58:09,2026-03-18 13:59:06,OK,NO
382,3,2026-03-18 13:58:09,2026-03-18 13:59:11,OK,NO
379,5,2026-03-18 13:58:13,2026-03-18 13:59:15,OK,NO
397,1,2026-03-18 13:58:09,2026-03-18 13:59:16,OK,NO
378,6,2026-03-18 13:58:20,2026-03-18 13:59:16,OK,NO
345,10,2026-03-18 13:58:30,2026-03-18 13:59:22,OK,NO
348,9,2026-03-18 13:58:37,2026-03-18 13:59:40,OK,NO
341,12,2026-03-18 13:58:36,2026-03-18 13:59:43,OK,NO
381,4,2026-03-18 13:58:56,2026-03-18 14:00:01,OK,NO
343,11,2026-03-18 13:58:56,2026-03-18 14:00:04,OK,NO
386,2,2026-03-18 13:59:11,2026-03-18 14:00:09,OK,NO
383,3,2026-03-18 13:59:11,2026-03-18 14:00:09,OK,NO
380,5,2026-03-18 13:59:15,2026-03-18 14:00:11,OK,NO
379,6,2026-03-18 13:59:16,2026-03-18 14:00:16,OK,NO
398,1,2026-03-18 13:59:16,2026-03-18 14:00:23,OK,NO
346,10,2026-03-18 13:59:22,2026-03-18 14:00:29,OK,NO
349,9,2026-03-18 13:59:40,2026-03-18 14:00:39,OK,NO
342,12,2026-03-18 13:59:43,2026-03-18 14:00:42,OK,NO
381,5,2026-03-18 14:00:11,2026-03-18 14:00:58,OK,NO
384,3,2026-03-18 14:00:09,2026-03-18 14:01:00,OK,NO
387,2,2026-03-18 14:00:09,2026-03-18 14:01:02,OK,NO
380,6,2026-03-18 14:00:16,2026-03-18 14:01:16,OK,NO
344,11,2026-03-18 14:00:04,2026-03-18 14:01:21,OK,NO
382,4,2026-03-18 14:00:01,2026-03-18 14:01:23,OK,NO
399,1,2026-03-18 14:00:23,2026-03-18 14:01:28,OK,NO
350,9,2026-03-18 14:00:39,2026-03-18 14:01:33,OK,NO
343,12,2026-03-18 14:00:42,2026-03-18 14:01:39,OK,NO
347,10,2026-03-18 14:00:29,2026-03-18 14:01:43,OK,NO
345,11,2026-03-18 14:01:21,2026-03-18 14:02:14,OK,NO
381,6,2026-03-18 14:01:16,2026-03-18 14:02:15,OK,NO
383,4,2026-03-18 14:01:23,2026-03-18 14:02:19,OK,NO
388,2,2026-03-18 14:01:23,2026-03-18 14:02:19,OK,NO
400,1,2026-03-18 14:01:28,2026-03-18 14:02:26,OK,NO
385,3,2026-03-18 14:01:23,2026-03-18 14:02:27,OK,NO
382,5,2026-03-18 14:01:23,2026-03-18 14:02:30,OK,NO
344,12,2026-03-18 14:01:39,2026-03-18 14:02:39,OK,NO
348,10,2026-03-18 14:01:43,2026-03-18 14:02:46,OK,NO
346,11,2026-03-18 14:02:14,2026-03-18 14:03:05,OK,NO
384,4,2026-03-18 14:02:19,2026-03-18 14:03:22,OK,NO
386,3,2026-03-18 14:02:27,2026-03-18 14:03:24,OK,NO
389,2,2026-03-18 14:02:27,2026-03-18 14:03:25,OK,NO
382,6,2026-03-18 14:02:30,2026-03-18 14:03:33,OK,NO
383,5,2026-03-18 14:02:30,2026-03-18 14:03:34,OK,NO
349,10,2026-03-18 14:02:46,2026-03-18 14:03:37,OK,NO
401,1,2026-03-18 14:02:27,2026-03-18 14:03:40,OK,NO
345,12,2026-03-18 14:02:39,2026-03-18 14:03:41,OK,NO
347,11,2026-03-18 14:03:05,2026-03-18 14:04:04,OK,NO
385,4,2026-03-18 14:03:22,2026-03-18 14:04:17,OK,NO
390,2,2026-03-18 14:03:25,2026-03-18 14:04:21,OK,NO
387,3,2026-03-18 14:03:24,2026-03-18 14:04:25,OK,NO
383,6,2026-03-18 14:03:34,2026-03-18 14:04:32,OK,NO
384,5,2026-03-18 14:03:34,2026-03-18 14:04:33,OK,NO
346,12,2026-03-18 14:03:41,2026-03-18 14:04:36,OK,NO
402,1,2026-03-18 14:03:40,2026-03-18 14:04:43,OK,NO
350,10,2026-03-18 14:03:37,2026-03-18 14:04:47,OK,NO
348,11,2026-03-18 14:04:04,2026-03-18 14:05:00,OK,NO
386,4,2026-03-18 14:04:17,2026-03-18 14:05:16,OK,NO
384,6,2026-03-18 14:04:33,2026-03-18 14:05:28,OK,NO
388,3,2026-03-18 14:04:25,2026-03-18 14:05:29,OK,NO
391,2,2026-03-18 14:04:25,2026-03-18 14:05:35,OK,NO
385,5,2026-03-18 14:04:33,2026-03-18 14:05:37,OK,NO
347,12,2026-03-18 14:04:36,2026-03-18 14:05:40,OK,NO
403,1,2026-03-18 14:04:43,2026-03-18 14:05:46,OK,NO
349,11,2026-03-18 14:05:00,2026-03-18 14:05:58,OK,NO
389,3,2026-03-18 14:05:29,2026-03-18 14:06:29,OK,NO
386,5,2026-03-18 14:05:37,2026-03-18 14:06:39,OK,NO
392,2,2026-03-18 14:05:35,2026-03-18 14:06:41,OK,NO
404,1,2026-03-18 14:05:46,2026-03-18 14:06:43,OK,NO
387,4,2026-03-18 14:05:16,2026-03-18 14:06:44,OK,NO
348,12,2026-03-18 14:05:40,2026-03-18 14:06:47,OK,NO
385,6,2026-03-18 14:05:37,2026-03-18 14:06:48,OK,NO
350,11,2026-03-18 14:05:58,2026-03-18 14:06:59,OK,NO
351,7,2026-03-18 14:05:34,2026-03-18 14:07:00,OK,NO
393,2,2026-03-18 14:06:44,2026-03-18 14:07:35,OK,NO
386,6,2026-03-18 14:06:48,2026-03-18 14:07:36,OK,NO
387,5,2026-03-18 14:06:44,2026-03-18 14:07:44,OK,NO
388,4,2026-03-18 14:06:44,2026-03-18 14:07:47,OK,NO
390,3,2026-03-18 14:06:44,2026-03-18 14:07:49,OK,NO
405,1,2026-03-18 14:06:44,2026-03-18 14:07:49,OK,NO
349,12,2026-03-18 14:06:47,2026-03-18 14:07:50,OK,NO
351,8,2026-03-18 14:07:00,2026-03-18 14:07:56,OK,NO
389,4,2026-03-18 14:07:47,2026-03-18 14:08:34,OK,NO
387,6,2026-03-18 14:07:44,2026-03-18 14:08:38,OK,NO
351,9,2026-03-18 14:07:56,2026-03-18 14:08:51,OK,NO
388,5,2026-03-18 14:07:47,2026-03-18 14:08:52,OK,NO
350,12,2026-03-18 14:07:50,2026-03-18 14:08:54,OK,NO
391,3,2026-03-18 14:07:49,2026-03-18 14:08:55,OK,NO
406,1,2026-03-18 14:07:49,2026-03-18 14:08:56,OK,NO
394,2,2026-03-18 14:07:49,2026-03-18 14:08:58,OK,NO
390,4,2026-03-18 14:08:34,2026-03-18 14:09:31,OK,NO
395,2,2026-03-18 14:08:58,2026-03-18 14:09:52,OK,NO
392,3,2026-03-18 14:08:55,2026-03-18 14:09:53,OK,NO
388,6,2026-03-18 14:08:52,2026-03-18 14:09:54,OK,NO
351,10,2026-03-18 14:08:51,2026-03-18 14:09:56,OK,NO
389,5,2026-03-18 14:08:52,2026-03-18 14:09:58,OK,NO
407,1,2026-03-18 14:08:58,2026-03-18 14:10:11,OK,NO
391,4,2026-03-18 14:09:31,2026-03-18 14:10:43,OK,NO
396,2,2026-03-18 14:09:53,2026-03-18 14:10:47,OK,NO
390,5,2026-03-18 14:09:58,2026-03-18 14:10:49,OK,NO
393,3,2026-03-18 14:09:53,2026-03-18 14:10:50,OK,NO
352,7,2026-03-18 14:09:52,2026-03-18 14:10:54,OK,NO
351,11,2026-03-18 14:09:56,2026-03-18 14:10:59,OK,NO
389,6,2026-03-18 14:09:58,2026-03-18 14:11:04,OK,NO
408,1,2026-03-18 14:10:11,2026-03-18 14:11:12,OK,NO
391,5,2026-03-18 14:10:49,2026-03-18 14:11:54,OK,NO
390,6,2026-03-18 14:11:04,2026-03-18 14:11:58,OK,NO
352,8,2026-03-18 14:10:54,2026-03-18 14:11:59,OK,NO
392,4,2026-03-18 14:10:43,2026-03-18 14:12:02,OK,NO
351,12,2026-03-18 14:10:59,2026-03-18 14:12:03,OK,NO
353,7,2026-03-18 14:10:54,2026-03-18 14:12:14,OK,NO
391,6,2026-03-18 14:11:58,2026-03-18 14:12:55,OK,NO
352,9,2026-03-18 14:11:59,2026-03-18 14:12:59,OK,NO
392,5,2026-03-18 14:12:02,2026-03-18 14:13:02,OK,NO
353,8,2026-03-18 14:12:14,2026-03-18 14:13:12,OK,NO
393,4,2026-03-18 14:12:02,2026-03-18 14:13:12,OK,NO
409,1,2026-03-18 14:12:32,2026-03-18 14:13:26,OK,NO
394,3,2026-03-18 14:12:32,2026-03-18 14:13:32,OK,NO
397,2,2026-03-18 14:12:32,2026-03-18 14:13:34,OK,NO
354,7,2026-03-18 14:12:14,2026-03-18 14:13:39,OK,NO
392,6,2026-03-18 14:13:02,2026-03-18 14:13:54,OK,NO
352,10,2026-03-18 14:12:59,2026-03-18 14:14:02,OK,NO
393,5,2026-03-18 14:13:12,2026-03-18 14:14:16,OK,NO
353,9,2026-03-18 14:13:12,2026-03-18 14:14:31,OK,NO
398,2,2026-03-18 14:13:34,2026-03-18 14:14:31,OK,NO
395,3,2026-03-18 14:13:32,2026-03-18 14:14:36,OK,NO
354,8,2026-03-18 14:13:39,2026-03-18 14:14:36,OK,NO
410,1,2026-03-18 14:13:34,2026-03-18 14:14:46,OK,NO
394,4,2026-03-18 14:13:32,2026-03-18 14:14:56,OK,NO
355,7,2026-03-18 14:13:39,2026-03-18 14:14:57,OK,NO
352,11,2026-03-18 14:14:02,2026-03-18 14:15:06,OK,NO
393,6,2026-03-18 14:14:16,2026-03-18 14:15:16,OK,NO
353,10,2026-03-18 14:14:31,2026-03-18 14:15:27,OK,NO
396,3,2026-03-18 14:14:36,2026-03-18 14:15:31,OK,NO
354,9,2026-03-18 14:14:36,2026-03-18 14:15:36,OK,NO
399,2,2026-03-18 14:14:36,2026-03-18 14:15:41,OK,NO
411,1,2026-03-18 14:14:46,2026-03-18 14:15:49,OK,NO
355,8,2026-03-18 14:14:57,2026-03-18 14:15:57,OK,NO
395,4,2026-03-18 14:14:56,2026-03-18 14:16:05,OK,NO
356,7,2026-03-18 14:14:57,2026-03-18 14:16:08,OK,NO
394,5,2026-03-18 14:14:56,2026-03-18 14:16:08,OK,NO
352,12,2026-03-18 14:15:06,2026-03-18 14:16:09,OK,NO
397,3,2026-03-18 14:15:31,2026-03-18 14:16:26,OK,NO
354,10,2026-03-18 14:15:36,2026-03-18 14:16:32,OK,NO
353,11,2026-03-18 14:15:27,2026-03-18 14:16:33,OK,NO
400,2,2026-03-18 14:15:41,2026-03-18 14:16:47,OK,NO
412,1,2026-03-18 14:15:49,2026-03-18 14:16:49,OK,NO
355,9,2026-03-18 14:15:57,2026-03-18 14:17:04,OK,NO
395,5,2026-03-18 14:16:08,2026-03-18 14:17:04,OK,NO
396,4,2026-03-18 14:16:05,2026-03-18 14:17:11,OK,NO
356,8,2026-03-18 14:16:08,2026-03-18 14:17:13,OK,NO
394,6,2026-03-18 14:16:08,2026-03-18 14:17:16,OK,NO
357,7,2026-03-18 14:16:08,2026-03-18 14:17:16,OK,NO
398,3,2026-03-18 14:16:26,2026-03-18 14:17:22,OK,NO
353,12,2026-03-18 14:16:33,2026-03-18 14:17:30,OK,NO
354,11,2026-03-18 14:16:33,2026-03-18 14:17:36,OK,NO
401,2,2026-03-18 14:16:47,2026-03-18 14:17:43,OK,NO
413,1,2026-03-18 14:16:49,2026-03-18 14:17:44,OK,NO
355,10,2026-03-18 14:17:04,2026-03-18 14:17:57,OK,NO
357,8,2026-03-18 14:17:16,2026-03-18 14:18:06,OK,NO
397,4,2026-03-18 14:17:11,2026-03-18 14:18:08,OK,NO
396,5,2026-03-18 14:17:11,2026-03-18 14:18:13,OK,NO
356,9,2026-03-18 14:17:13,2026-03-18 14:18:14,OK,NO
395,6,2026-03-18 14:17:16,2026-03-18 14:18:20,OK,NO
399,3,2026-03-18 14:17:22,2026-03-18 14:18:25,OK,NO
358,7,2026-03-18 14:17:16,2026-03-18 14:18:25,OK,NO
402,2,2026-03-18 14:17:43,2026-03-18 14:18:38,OK,NO
414,1,2026-03-18 14:17:44,2026-03-18 14:18:45,OK,NO
354,12,2026-03-18 14:17:36,2026-03-18 14:18:46,OK,NO
355,11,2026-03-18 14:17:57,2026-03-18 14:19:01,OK,NO
398,4,2026-03-18 14:18:08,2026-03-18 14:19:11,OK,NO
356,10,2026-03-18 14:18:14,2026-03-18 14:19:11,OK,NO
396,6,2026-03-18 14:18:20,2026-03-18 14:19:15,OK,NO
397,5,2026-03-18 14:18:13,2026-03-18 14:19:18,OK,NO
400,3,2026-03-18 14:18:25,2026-03-18 14:19:19,OK,NO
357,9,2026-03-18 14:18:14,2026-03-18 14:19:20,OK,NO
359,7,2026-03-18 14:18:25,2026-03-18 14:19:29,OK,NO
358,8,2026-03-18 14:18:25,2026-03-18 14:19:30,OK,NO
403,2,2026-03-18 14:18:38,2026-03-18 14:19:42,OK,NO
415,1,2026-03-18 14:18:45,2026-03-18 14:19:44,OK,NO
355,12,2026-03-18 14:19:01,2026-03-18 14:19:55,OK,NO
356,11,2026-03-18 14:19:11,2026-03-18 14:20:02,OK,NO
399,4,2026-03-18 14:19:11,2026-03-18 14:20:03,OK,NO
398,5,2026-03-18 14:19:18,2026-03-18 14:20:16,OK,NO
397,6,2026-03-18 14:19:18,2026-03-18 14:20:16,OK,NO
357,10,2026-03-18 14:19:20,2026-03-18 14:20:24,OK,NO
358,9,2026-03-18 14:19:30,2026-03-18 14:20:28,OK,NO
401,3,2026-03-18 14:19:19,2026-03-18 14:20:29,OK,NO
416,1,2026-03-18 14:19:44,2026-03-18 14:20:34,OK,NO
404,2,2026-03-18 14:19:42,2026-03-18 14:20:39,OK,NO
359,8,2026-03-18 14:19:30,2026-03-18 14:20:43,OK,NO
360,7,2026-03-18 14:19:29,2026-03-18 14:20:50,OK,NO
356,12,2026-03-18 14:20:02,2026-03-18 14:20:53,OK,NO
400,4,2026-03-18 14:20:03,2026-03-18 14:20:58,OK,NO
398,6,2026-03-18 14:20:16,2026-03-18 14:21:12,OK,NO
399,5,2026-03-18 14:20:16,2026-03-18 14:21:18,OK,NO
357,11,2026-03-18 14:20:24,2026-03-18 14:21:25,OK,NO
358,10,2026-03-18 14:20:28,2026-03-18 14:21:29,OK,NO
402,3,2026-03-18 14:20:29,2026-03-18 14:21:32,OK,NO
417,1,2026-03-18 14:20:39,2026-03-18 14:21:35,OK,NO
405,2,2026-03-18 14:20:39,2026-03-18 14:21:44,OK,NO
359,9,2026-03-18 14:20:43,2026-03-18 14:21:44,OK,NO
361,7,2026-03-18 14:20:50,2026-03-18 14:21:56,OK,NO
360,8,2026-03-18 14:20:50,2026-03-18 14:22:00,OK,NO
401,4,2026-03-18 14:20:58,2026-03-18 14:22:01,OK,NO
400,5,2026-03-18 14:21:18,2026-03-18 14:22:14,OK,NO
399,6,2026-03-18 14:21:18,2026-03-18 14:22:18,OK,NO
357,12,2026-03-18 14:21:25,2026-03-18 14:22:22,OK,NO
358,11,2026-03-18 14:21:29,2026-03-18 14:22:37,OK,NO
403,3,2026-03-18 14:21:32,2026-03-18 14:22:38,OK,NO
406,2,2026-03-18 14:21:44,2026-03-18 14:22:40,OK,NO
418,1,2026-03-18 14:21:44,2026-03-18 14:22:41,OK,NO
359,10,2026-03-18 14:21:44,2026-03-18 14:22:46,OK,NO
360,9,2026-03-18 14:22:00,2026-03-18 14:22:58,OK,NO
361,8,2026-03-18 14:22:00,2026-03-18 14:22:59,OK,NO
362,7,2026-03-18 14:21:56,2026-03-18 14:23:01,OK,NO
401,5,2026-03-18 14:22:14,2026-03-18 14:23:08,OK,NO
400,6,2026-03-18 14:22:18,2026-03-18 14:23:12,OK,NO
407,2,2026-03-18 14:22:40,2026-03-18 14:23:29,OK,NO
402,4,2026-03-18 14:22:01,2026-03-18 14:23:32,OK,NO
358,12,2026-03-18 14:22:37,2026-03-18 14:23:36,OK,NO
419,1,2026-03-18 14:22:41,2026-03-18 14:23:40,OK,NO
404,3,2026-03-18 14:22:38,2026-03-18 14:23:40,OK,NO
359,11,2026-03-18 14:22:46,2026-03-18 14:23:45,OK,NO
362,8,2026-03-18 14:23:01,2026-03-18 14:24:01,OK,NO
361,9,2026-03-18 14:22:59,2026-03-18 14:24:05,OK,NO
401,6,2026-03-18 14:23:12,2026-03-18 14:24:07,OK,NO
360,10,2026-03-18 14:22:58,2026-03-18 14:24:09,OK,NO
403,4,2026-03-18 14:23:32,2026-03-18 14:24:31,OK,NO
402,5,2026-03-18 14:23:32,2026-03-18 14:24:34,OK,NO
363,7,2026-03-18 14:23:01,2026-03-18 14:24:40,OK,NO
405,3,2026-03-18 14:23:40,2026-03-18 14:24:41,OK,NO
420,1,2026-03-18 14:23:40,2026-03-18 14:24:47,OK,NO
408,2,2026-03-18 14:23:40,2026-03-18 14:24:47,OK,NO
359,12,2026-03-18 14:23:45,2026-03-18 14:24:56,OK,NO
362,9,2026-03-18 14:24:05,2026-03-18 14:25:02,OK,NO
360,11,2026-03-18 14:24:09,2026-03-18 14:25:03,OK,NO
361,10,2026-03-18 14:24:09,2026-03-18 14:25:03,OK,NO
404,4,2026-03-18 14:24:31,2026-03-18 14:25:23,OK,NO
363,8,2026-03-18 14:24:40,2026-03-18 14:25:33,OK,NO
403,5,2026-03-18 14:24:34,2026-03-18 14:25:33,OK,NO
402,6,2026-03-18 14:24:34,2026-03-18 14:25:41,OK,NO
421,1,2026-03-18 14:24:47,2026-03-18 14:25:43,OK,NO
406,3,2026-03-18 14:24:41,2026-03-18 14:25:47,OK,NO
364,7,2026-03-18 14:24:40,2026-03-18 14:25:53,OK,NO
409,2,2026-03-18 14:24:47,2026-03-18 14:25:57,OK,NO
361,11,2026-03-18 14:25:03,2026-03-18 14:25:58,OK,NO
362,10,2026-03-18 14:25:03,2026-03-18 14:26:07,OK,NO
360,12,2026-03-18 14:25:03,2026-03-18 14:26:13,OK,NO
405,4,2026-03-18 14:25:23,2026-03-18 14:26:32,OK,NO
404,5,2026-03-18 14:25:33,2026-03-18 14:26:32,OK,NO
407,3,2026-03-18 14:25:47,2026-03-18 14:26:43,OK,NO
363,9,2026-03-18 14:25:33,2026-03-18 14:26:47,OK,NO
364,8,2026-03-18 14:25:53,2026-03-18 14:26:47,OK,NO
403,6,2026-03-18 14:25:41,2026-03-18 14:26:49,OK,NO
410,2,2026-03-18 14:25:57,2026-03-18 14:26:50,OK,NO
422,1,2026-03-18 14:25:57,2026-03-18 14:26:50,OK,NO
362,11,2026-03-18 14:26:07,2026-03-18 14:26:57,OK,NO
365,7,2026-03-18 14:25:53,2026-03-18 14:26:57,OK,NO
361,12,2026-03-18 14:26:13,2026-03-18 14:27:06,OK,NO
405,5,2026-03-18 14:26:32,2026-03-18 14:27:33,OK,NO
406,4,2026-03-18 14:26:32,2026-03-18 14:27:34,OK,NO
408,3,2026-03-18 14:26:43,2026-03-18 14:27:37,OK,NO
404,6,2026-03-18 14:26:49,2026-03-18 14:27:43,OK,NO
423,1,2026-03-18 14:26:50,2026-03-18 14:27:44,OK,NO
411,2,2026-03-18 14:26:50,2026-03-18 14:27:44,OK,NO
364,9,2026-03-18 14:26:47,2026-03-18 14:27:47,OK,NO
363,10,2026-03-18 14:26:47,2026-03-18 14:27:56,OK,NO
365,8,2026-03-18 14:26:57,2026-03-18 14:27:57,OK,NO
362,12,2026-03-18 14:27:06,2026-03-18 14:28:09,OK,NO
366,7,2026-03-18 14:26:57,2026-03-18 14:28:13,OK,NO
406,5,2026-03-18 14:27:34,2026-03-18 14:28:30,OK,NO
409,3,2026-03-18 14:27:37,2026-03-18 14:28:31,OK,NO
405,6,2026-03-18 14:27:43,2026-03-18 14:28:33,OK,NO
407,4,2026-03-18 14:27:34,2026-03-18 14:28:35,OK,NO
412,2,2026-03-18 14:27:44,2026-03-18 14:28:36,OK,NO
424,1,2026-03-18 14:27:44,2026-03-18 14:28:47,OK,NO
365,9,2026-03-18 14:27:57,2026-03-18 14:28:50,OK,NO
364,10,2026-03-18 14:27:56,2026-03-18 14:28:54,OK,NO
363,11,2026-03-18 14:27:56,2026-03-18 14:28:56,OK,NO
366,8,2026-03-18 14:28:13,2026-03-18 14:29:05,OK,NO
367,7,2026-03-18 14:28:13,2026-03-18 14:29:26,OK,NO
410,3,2026-03-18 14:28:35,2026-03-18 14:29:27,OK,NO
406,6,2026-03-18 14:28:33,2026-03-18 14:29:33,OK,NO
407,5,2026-03-18 14:28:35,2026-03-18 14:29:35,OK,NO
408,4,2026-03-18 14:28:35,2026-03-18 14:29:36,OK,NO
413,2,2026-03-18 14:28:36,2026-03-18 14:29:37,OK,NO
425,1,2026-03-18 14:28:47,2026-03-18 14:29:47,OK,NO
364,11,2026-03-18 14:28:56,2026-03-18 14:29:51,OK,NO
365,10,2026-03-18 14:28:54,2026-03-18 14:29:55,OK,NO
366,9,2026-03-18 14:29:05,2026-03-18 14:29:58,OK,NO
363,12,2026-03-18 14:28:56,2026-03-18 14:30:02,OK,NO
367,8,2026-03-18 14:29:26,2026-03-18 14:30:23,OK,NO
368,7,2026-03-18 14:29:26,2026-03-18 14:30:29,OK,NO
409,4,2026-03-18 14:29:36,2026-03-18 14:30:33,OK,NO
411,3,2026-03-18 14:29:36,2026-03-18 14:30:35,OK,NO
414,2,2026-03-18 14:29:37,2026-03-18 14:30:37,OK,NO
407,6,2026-03-18 14:29:35,2026-03-18 14:30:38,OK,NO
408,5,2026-03-18 14:29:36,2026-03-18 14:30:40,OK,NO
426,1,2026-03-18 14:29:47,2026-03-18 14:30:48,OK,NO
365,11,2026-03-18 14:29:55,2026-03-18 14:30:52,OK,NO
364,12,2026-03-18 14:30:02,2026-03-18 14:31:00,OK,NO
366,10,2026-03-18 14:29:58,2026-03-18 14:31:06,OK,NO
367,9,2026-03-18 14:30:23,2026-03-18 14:31:18,OK,NO
412,3,2026-03-18 14:30:35,2026-03-18 14:31:30,OK,NO
415,2,2026-03-18 14:30:37,2026-03-18 14:31:35,OK,NO
368,8,2026-03-18 14:30:29,2026-03-18 14:31:36,OK,NO
369,7,2026-03-18 14:30:29,2026-03-18 14:31:36,OK,NO
409,5,2026-03-18 14:30:40,2026-03-18 14:31:37,OK,NO
408,6,2026-03-18 14:30:40,2026-03-18 14:31:42,OK,NO
410,4,2026-03-18 14:30:33,2026-03-18 14:31:43,OK,NO
427,1,2026-03-18 14:30:48,2026-03-18 14:31:50,OK,NO
365,12,2026-03-18 14:31:00,2026-03-18 14:32:04,OK,NO
366,11,2026-03-18 14:31:06,2026-03-18 14:32:07,OK,NO
367,10,2026-03-18 14:31:18,2026-03-18 14:32:25,OK,NO
368,9,2026-03-18 14:31:36,2026-03-18 14:32:27,OK,NO
369,8,2026-03-18 14:31:36,2026-03-18 14:32:31,OK,NO
411,4,2026-03-18 14:31:43,2026-03-18 14:32:40,OK,NO
409,6,2026-03-18 14:31:42,2026-03-18 14:32:41,OK,NO
416,2,2026-03-18 14:31:43,2026-03-18 14:32:46,OK,NO
413,3,2026-03-18 14:31:43,2026-03-18 14:32:49,OK,NO
428,1,2026-03-18 14:31:50,2026-03-18 14:32:54,OK,NO
370,7,2026-03-18 14:31:36,2026-03-18 14:32:56,OK,NO
366,12,2026-03-18 14:32:07,2026-03-18 14:33:07,OK,NO
367,11,2026-03-18 14:32:25,2026-03-18 14:33:23,OK,NO
369,9,2026-03-18 14:32:31,2026-03-18 14:33:32,OK,NO
368,10,2026-03-18 14:32:27,2026-03-18 14:33:38,OK,NO
414,3,2026-03-18 14:32:49,2026-03-18 14:33:39,OK,NO
412,4,2026-03-18 14:32:40,2026-03-18 14:33:50,OK,NO
429,1,2026-03-18 14:32:54,2026-03-18 14:33:54,OK,NO
370,8,2026-03-18 14:32:56,2026-03-18 14:34:00,OK,NO
417,2,2026-03-18 14:32:49,2026-03-18 14:34:04,OK,NO
371,7,2026-03-18 14:32:56,2026-03-18 14:34:07,OK,NO
367,12,2026-03-18 14:33:23,2026-03-18 14:34:28,OK,NO
369,10,2026-03-18 14:33:38,2026-03-18 14:34:37,OK,NO
415,3,2026-03-18 14:33:50,2026-03-18 14:34:48,OK,NO
368,11,2026-03-18 14:33:38,2026-03-18 14:34:48,OK,NO
413,4,2026-03-18 14:33:50,2026-03-18 14:34:54,OK,NO
370,9,2026-03-18 14:34:00,2026-03-18 14:34:59,OK,NO
430,1,2026-03-18 14:34:04,2026-03-18 14:35:12,OK,NO
371,8,2026-03-18 14:34:07,2026-03-18 14:35:16,OK,NO
418,2,2026-03-18 14:34:04,2026-03-18 14:35:17,OK,NO
372,7,2026-03-18 14:34:07,2026-03-18 14:35:31,OK,NO
369,11,2026-03-18 14:34:48,2026-03-18 14:35:45,OK,NO
368,12,2026-03-18 14:34:48,2026-03-18 14:35:47,OK,NO
414,4,2026-03-18 14:34:54,2026-03-18 14:35:55,OK,NO
416,3,2026-03-18 14:34:54,2026-03-18 14:35:57,OK,NO
410,5,2026-03-18 14:35:07,2026-03-18 14:36:00,OK,NO
370,10,2026-03-18 14:34:59,2026-03-18 14:36:02,OK,NO
431,1,2026-03-18 14:35:17,2026-03-18 14:36:15,OK,NO
371,9,2026-03-18 14:35:16,2026-03-18 14:36:16,OK,NO
419,2,2026-03-18 14:35:17,2026-03-18 14:36:22,OK,NO
372,8,2026-03-18 14:35:31,2026-03-18 14:36:35,OK,NO
369,12,2026-03-18 14:35:47,2026-03-18 14:36:46,OK,NO
417,3,2026-03-18 14:35:57,2026-03-18 14:36:50,OK,NO
373,7,2026-03-18 14:35:31,2026-03-18 14:36:54,OK,NO
415,4,2026-03-18 14:35:55,2026-03-18 14:36:57,OK,NO
410,6,2026-03-18 14:36:00,2026-03-18 14:36:58,OK,NO
370,11,2026-03-18 14:36:02,2026-03-18 14:37:01,OK,NO
371,10,2026-03-18 14:36:16,2026-03-18 14:37:08,OK,NO
411,5,2026-03-18 14:36:00,2026-03-18 14:37:09,OK,NO
420,2,2026-03-18 14:36:22,2026-03-18 14:37:22,OK,NO
432,1,2026-03-18 14:36:22,2026-03-18 14:37:26,OK,NO
416,4,2026-03-18 14:36:57,2026-03-18 14:37:53,OK,NO
373,8,2026-03-18 14:36:54,2026-03-18 14:37:55,OK,NO
372,9,2026-03-18 14:36:35,2026-03-18 14:37:57,OK,NO
418,3,2026-03-18 14:36:57,2026-03-18 14:38:00,OK,NO
371,11,2026-03-18 14:37:08,2026-03-18 14:38:01,OK,NO
370,12,2026-03-18 14:37:01,2026-03-18 14:38:02,OK,NO
411,6,2026-03-18 14:37:09,2026-03-18 14:38:06,OK,NO
412,5,2026-03-18 14:37:09,2026-03-18 14:38:15,OK,NO
421,2,2026-03-18 14:37:22,2026-03-18 14:38:23,OK,NO
433,1,2026-03-18 14:37:26,2026-03-18 14:38:26,OK,NO
374,7,2026-03-18 14:36:54,2026-03-18 14:38:36,OK,NO
372,10,2026-03-18 14:37:57,2026-03-18 14:38:53,OK,NO
373,9,2026-03-18 14:37:57,2026-03-18 14:38:56,OK,NO
419,3,2026-03-18 14:38:00,2026-03-18 14:38:59,OK,NO
371,12,2026-03-18 14:38:02,2026-03-18 14:39:02,OK,NO
413,5,2026-03-18 14:38:15,2026-03-18 14:39:13,OK,NO
412,6,2026-03-18 14:38:15,2026-03-18 14:39:14,OK,NO
417,4,2026-03-18 14:37:53,2026-03-18 14:39:16,OK,NO
422,2,2026-03-18 14:38:23,2026-03-18 14:39:18,OK,NO
434,1,2026-03-18 14:38:26,2026-03-18 14:39:23,OK,NO
374,8,2026-03-18 14:38:36,2026-03-18 14:39:37,OK,NO
372,11,2026-03-18 14:38:53,2026-03-18 14:39:49,OK,NO
375,7,2026-03-18 14:38:36,2026-03-18 14:39:52,OK,NO
373,10,2026-03-18 14:38:56,2026-03-18 14:40:05,OK,NO
420,3,2026-03-18 14:39:16,2026-03-18 14:40:19,OK,NO
435,1,2026-03-18 14:39:23,2026-03-18 14:40:20,OK,NO
414,5,2026-03-18 14:39:13,2026-03-18 14:40:21,OK,NO
413,6,2026-03-18 14:39:14,2026-03-18 14:40:22,OK,NO
423,2,2026-03-18 14:39:18,2026-03-18 14:40:25,OK,NO
418,4,2026-03-18 14:39:16,2026-03-18 14:40:28,OK,NO
372,12,2026-03-18 14:39:49,2026-03-18 14:40:45,OK,NO
375,8,2026-03-18 14:39:52,2026-03-18 14:40:56,OK,NO
374,9,2026-03-18 14:39:37,2026-03-18 14:41:08,OK,NO
376,7,2026-03-18 14:39:52,2026-03-18 14:41:09,OK,NO
373,11,2026-03-18 14:40:05,2026-03-18 14:41:10,OK,NO
419,4,2026-03-18 14:40:28,2026-03-18 14:41:22,OK,NO
415,5,2026-03-18 14:40:21,2026-03-18 14:41:27,OK,NO
414,6,2026-03-18 14:40:22,2026-03-18 14:41:28,OK,NO
424,2,2026-03-18 14:40:28,2026-03-18 14:41:30,OK,NO
421,3,2026-03-18 14:40:28,2026-03-18 14:41:30,OK,NO
436,1,2026-03-18 14:40:28,2026-03-18 14:41:33,OK,NO
376,8,2026-03-18 14:41:09,2026-03-18 14:42:03,OK,NO
374,10,2026-03-18 14:41:08,2026-03-18 14:42:14,OK,NO
373,12,2026-03-18 14:41:10,2026-03-18 14:42:14,OK,NO
375,9,2026-03-18 14:41:08,2026-03-18 14:42:17,OK,NO
420,4,2026-03-18 14:41:22,2026-03-18 14:42:21,OK,NO
425,2,2026-03-18 14:41:30,2026-03-18 14:42:24,OK,NO
377,7,2026-03-18 14:41:09,2026-03-18 14:42:27,OK,NO
415,6,2026-03-18 14:41:28,2026-03-18 14:42:29,OK,NO
422,3,2026-03-18 14:41:30,2026-03-18 14:42:38,OK,NO
416,5,2026-03-18 14:41:27,2026-03-18 14:42:38,OK,NO
437,1,2026-03-18 14:41:33,2026-03-18 14:42:48,OK,NO
375,10,2026-03-18 14:42:17,2026-03-18 14:43:11,OK,NO
376,9,2026-03-18 14:42:17,2026-03-18 14:43:14,OK,NO
374,11,2026-03-18 14:42:14,2026-03-18 14:43:18,OK,NO
377,8,2026-03-18 14:42:27,2026-03-18 14:43:22,OK,NO
378,7,2026-03-18 14:42:27,2026-03-18 14:43:28,OK,NO
417,5,2026-03-18 14:42:38,2026-03-18 14:43:37,OK,NO
416,6,2026-03-18 14:42:38,2026-03-18 14:43:37,OK,NO
423,3,2026-03-18 14:42:38,2026-03-18 14:43:38,OK,NO
421,4,2026-03-18 14:42:21,2026-03-18 14:43:44,OK,NO
374,12,2026-03-18 14:43:18,2026-03-18 14:44:05,OK,NO
376,10,2026-03-18 14:43:14,2026-03-18 14:44:10,OK,NO
377,9,2026-03-18 14:43:22,2026-03-18 14:44:18,OK,NO
375,11,2026-03-18 14:43:18,2026-03-18 14:44:21,OK,NO
378,8,2026-03-18 14:43:28,2026-03-18 14:44:29,OK,NO
422,4,2026-03-18 14:43:44,2026-03-18 14:44:30,OK,NO
417,6,2026-03-18 14:43:37,2026-03-18 14:44:34,OK,NO
418,5,2026-03-18 14:43:37,2026-03-18 14:44:46,OK,NO
424,3,2026-03-18 14:43:44,2026-03-18 14:44:49,OK,NO
379,7,2026-03-18 14:43:28,2026-03-18 14:44:50,OK,NO
378,9,2026-03-18 14:44:29,2026-03-18 14:45:19,OK,NO
377,10,2026-03-18 14:44:18,2026-03-18 14:45:19,OK,NO
376,11,2026-03-18 14:44:21,2026-03-18 14:45:23,OK,NO
375,12,2026-03-18 14:44:21,2026-03-18 14:45:23,OK,NO
379,8,2026-03-18 14:44:50,2026-03-18 14:45:42,OK,NO
423,4,2026-03-18 14:44:30,2026-03-18 14:45:44,OK,NO
419,5,2026-03-18 14:44:46,2026-03-18 14:45:49,OK,NO
418,6,2026-03-18 14:44:46,2026-03-18 14:45:51,OK,NO
425,3,2026-03-18 14:44:49,2026-03-18 14:45:53,OK,NO
380,7,2026-03-18 14:44:50,2026-03-18 14:46:01,OK,NO
378,10,2026-03-18 14:45:19,2026-03-18 14:46:12,OK,NO
377,11,2026-03-18 14:45:23,2026-03-18 14:46:24,OK,NO
376,12,2026-03-18 14:45:23,2026-03-18 14:46:27,OK,NO
379,9,2026-03-18 14:45:42,2026-03-18 14:46:34,OK,NO
419,6,2026-03-18 14:45:51,2026-03-18 14:46:44,OK,NO
424,4,2026-03-18 14:45:44,2026-03-18 14:46:49,OK,NO
420,5,2026-03-18 14:45:49,2026-03-18 14:46:54,OK,NO
380,8,2026-03-18 14:46:01,2026-03-18 14:46:55,OK,NO
381,7,2026-03-18 14:46:01,2026-03-18 14:47:12,OK,NO
378,11,2026-03-18 14:46:24,2026-03-18 14:47:15,OK,NO
377,12,2026-03-18 14:46:27,2026-03-18 14:47:19,OK,NO
379,10,2026-03-18 14:46:34,2026-03-18 14:47:32,OK,NO
420,6,2026-03-18 14:46:54,2026-03-18 14:47:51,OK,NO
380,9,2026-03-18 14:46:55,2026-03-18 14:47:56,OK,NO
421,5,2026-03-18 14:46:54,2026-03-18 14:48:02,OK,NO
425,4,2026-03-18 14:46:49,2026-03-18 14:48:05,OK,NO
381,8,2026-03-18 14:47:12,2026-03-18 14:48:08,OK,NO
382,7,2026-03-18 14:47:12,2026-03-18 14:48:21,OK,NO
378,12,2026-03-18 14:47:19,2026-03-18 14:48:27,OK,NO
379,11,2026-03-18 14:47:32,2026-03-18 14:48:38,OK,NO
380,10,2026-03-18 14:47:56,2026-03-18 14:49:00,OK,NO
422,5,2026-03-18 14:48:02,2026-03-18 14:49:00,OK,NO
421,6,2026-03-18 14:48:02,2026-03-18 14:49:03,OK,NO
381,9,2026-03-18 14:48:08,2026-03-18 14:49:13,OK,NO
382,8,2026-03-18 14:48:21,2026-03-18 14:49:23,OK,NO
383,7,2026-03-18 14:48:21,2026-03-18 14:49:31,OK,NO
379,12,2026-03-18 14:48:38,2026-03-18 14:49:34,OK,NO
423,5,2026-03-18 14:49:00,2026-03-18 14:49:51,OK,NO
380,11,2026-03-18 14:49:00,2026-03-18 14:50:00,OK,NO
381,10,2026-03-18 14:49:13,2026-03-18 14:50:03,OK,NO
422,6,2026-03-18 14:49:06,2026-03-18 14:50:10,OK,NO
382,9,2026-03-18 14:49:23,2026-03-18 14:50:30,OK,NO
384,7,2026-03-18 14:49:31,2026-03-18 14:50:36,OK,NO
383,8,2026-03-18 14:49:31,2026-03-18 14:50:42,OK,NO
381,11,2026-03-18 14:50:03,2026-03-18 14:50:54,OK,NO
424,5,2026-03-18 14:49:51,2026-03-18 14:50:55,OK,NO
380,12,2026-03-18 14:50:00,2026-03-18 14:50:58,OK,NO
423,6,2026-03-18 14:50:10,2026-03-18 14:51:05,OK,NO
382,10,2026-03-18 14:50:30,2026-03-18 14:51:32,OK,NO
383,9,2026-03-18 14:50:42,2026-03-18 14:51:41,OK,NO
384,8,2026-03-18 14:50:42,2026-03-18 14:51:45,OK,NO
385,7,2026-03-18 14:50:36,2026-03-18 14:51:52,OK,NO
381,12,2026-03-18 14:50:58,2026-03-18 14:51:53,OK,NO
424,6,2026-03-18 14:51:05,2026-03-18 14:52:01,OK,NO
425,5,2026-03-18 14:50:55,2026-03-18 14:52:02,OK,NO
382,11,2026-03-18 14:51:32,2026-03-18 14:52:30,OK,NO
383,10,2026-03-18 14:51:41,2026-03-18 14:52:41,OK,NO
438,1,2026-03-18 14:51:40,2026-03-18 14:52:42,OK,NO
384,9,2026-03-18 14:51:45,2026-03-18 14:52:43,OK,NO
385,8,2026-03-18 14:51:52,2026-03-18 14:52:45,OK,NO
426,2,2026-03-18 14:51:40,2026-03-18 14:52:47,OK,NO
425,6,2026-03-18 14:52:02,2026-03-18 14:53:00,OK,NO
386,7,2026-03-18 14:51:52,2026-03-18 14:53:11,OK,NO
382,12,2026-03-18 14:52:30,2026-03-18 14:53:33,OK,NO
426,3,2026-03-18 14:52:47,2026-03-18 14:53:40,OK,NO
384,10,2026-03-18 14:52:43,2026-03-18 14:53:41,OK,NO
439,1,2026-03-18 14:52:47,2026-03-18 14:53:42,OK,NO
385,9,2026-03-18 14:52:45,2026-03-18 14:53:43,OK,NO
427,2,2026-03-18 14:52:47,2026-03-18 14:53:45,OK,NO
383,11,2026-03-18 14:52:41,2026-03-18 14:53:48,OK,NO
386,8,2026-03-18 14:53:11,2026-03-18 14:54:09,OK,NO
385,10,2026-03-18 14:53:43,2026-03-18 14:54:41,OK,NO
387,7,2026-03-18 14:53:11,2026-03-18 14:54:41,OK,NO
383,12,2026-03-18 14:53:48,2026-03-18 14:54:42,OK,NO
384,11,2026-03-18 14:53:48,2026-03-18 14:54:46,OK,NO
427,3,2026-03-18 14:53:45,2026-03-18 14:54:46,OK,NO
440,1,2026-03-18 14:53:45,2026-03-18 14:54:46,OK,NO
428,2,2026-03-18 14:53:45,2026-03-18 14:54:53,OK,NO
426,4,2026-03-18 14:53:40,2026-03-18 14:55:00,OK,NO
386,9,2026-03-18 14:54:09,2026-03-18 14:55:05,OK,NO
387,8,2026-03-18 14:54:41,2026-03-18 14:55:41,OK,NO
384,12,2026-03-18 14:54:46,2026-03-18 14:55:41,OK,NO
441,1,2026-03-18 14:54:53,2026-03-18 14:55:42,OK,NO
385,11,2026-03-18 14:54:46,2026-03-18 14:55:44,OK,NO
428,3,2026-03-18 14:54:53,2026-03-18 14:55:54,OK,NO
429,2,2026-03-18 14:54:53,2026-03-18 14:55:56,OK,NO
386,10,2026-03-18 14:55:05,2026-03-18 14:56:00,OK,NO
388,7,2026-03-18 14:54:41,2026-03-18 14:56:01,OK,NO
426,5,2026-03-18 14:55:00,2026-03-18 14:56:04,OK,NO
427,4,2026-03-18 14:55:00,2026-03-18 14:56:24,OK,NO
385,12,2026-03-18 14:55:44,2026-03-18 14:56:37,OK,NO
442,1,2026-03-18 14:55:56,2026-03-18 14:56:50,OK,NO
388,8,2026-03-18 14:56:01,2026-03-18 14:56:52,OK,NO
429,3,2026-03-18 14:55:56,2026-03-18 14:56:53,OK,NO
430,2,2026-03-18 14:55:56,2026-03-18 14:57:01,OK,NO
386,11,2026-03-18 14:56:00,2026-03-18 14:57:02,OK,NO
426,6,2026-03-18 14:56:04,2026-03-18 14:57:06,OK,NO
387,9,2026-03-18 14:55:41,2026-03-18 14:57:07,OK,NO
389,7,2026-03-18 14:56:01,2026-03-18 14:57:10,OK,NO
427,5,2026-03-18 14:56:24,2026-03-18 14:57:25,OK,NO
428,4,2026-03-18 14:56:24,2026-03-18 14:57:40,OK,NO
388,9,2026-03-18 14:57:07,2026-03-18 14:57:59,OK,NO
443,1,2026-03-18 14:57:01,2026-03-18 14:57:59,OK,NO
386,12,2026-03-18 14:57:02,2026-03-18 14:58:02,OK,NO
430,3,2026-03-18 14:57:01,2026-03-18 14:58:04,OK,NO
387,10,2026-03-18 14:57:07,2026-03-18 14:58:07,OK,NO
389,8,2026-03-18 14:57:10,2026-03-18 14:58:08,OK,NO
431,2,2026-03-18 14:57:01,2026-03-18 14:58:08,OK,NO
390,7,2026-03-18 14:57:10,2026-03-18 14:58:16,OK,NO
428,5,2026-03-18 14:57:40,2026-03-18 14:58:43,OK,NO
429,4,2026-03-18 14:57:40,2026-03-18 14:58:52,OK,NO
389,9,2026-03-18 14:58:08,2026-03-18 14:59:06,OK,NO
388,10,2026-03-18 14:58:07,2026-03-18 14:59:07,OK,NO
431,3,2026-03-18 14:58:08,2026-03-18 14:59:12,OK,NO
387,11,2026-03-18 14:58:07,2026-03-18 14:59:13,OK,NO
432,2,2026-03-18 14:58:08,2026-03-18 14:59:14,OK,NO
444,1,2026-03-18 14:58:08,2026-03-18 14:59:16,OK,NO
390,8,2026-03-18 14:58:16,2026-03-18 14:59:23,OK,NO
391,7,2026-03-18 14:58:16,2026-03-18 14:59:25,OK,NO
429,5,2026-03-18 14:58:52,2026-03-18 14:59:54,OK,NO
430,4,2026-03-18 14:58:52,2026-03-18 14:59:59,OK,NO
388,11,2026-03-18 14:59:13,2026-03-18 15:00:09,OK,NO
389,10,2026-03-18 14:59:07,2026-03-18 15:00:14,OK,NO
433,2,2026-03-18 14:59:14,2026-03-18 15:00:14,OK,NO
432,3,2026-03-18 14:59:14,2026-03-18 15:00:16,OK,NO
391,8,2026-03-18 14:59:25,2026-03-18 15:00:17,OK,NO
390,9,2026-03-18 14:59:23,2026-03-18 15:00:18,OK,NO
387,12,2026-03-18 14:59:13,2026-03-18 15:00:24,OK,NO
445,1,2026-03-18 14:59:16,2026-03-18 15:00:24,OK,NO
392,7,2026-03-18 14:59:25,2026-03-18 15:00:54,OK,NO
434,2,2026-03-18 15:00:14,2026-03-18 15:01:05,OK,NO
430,5,2026-03-18 14:59:59,2026-03-18 15:01:07,OK,NO
431,4,2026-03-18 14:59:59,2026-03-18 15:01:13,OK,NO
389,11,2026-03-18 15:00:14,2026-03-18 15:01:13,OK,NO
390,10,2026-03-18 15:00:18,2026-03-18 15:01:15,OK,NO
433,3,2026-03-18 15:00:16,2026-03-18 15:01:17,OK,NO
446,1,2026-03-18 15:00:24,2026-03-18 15:01:24,OK,NO
388,12,2026-03-18 15:00:24,2026-03-18 15:01:28,OK,NO
391,9,2026-03-18 15:00:18,2026-03-18 15:01:28,OK,NO
393,7,2026-03-18 15:00:54,2026-03-18 15:01:58,OK,NO
392,8,2026-03-18 15:00:54,2026-03-18 15:02:00,OK,NO
435,2,2026-03-18 15:01:05,2026-03-18 15:02:10,OK,NO
431,5,2026-03-18 15:01:13,2026-03-18 15:02:14,OK,NO
434,3,2026-03-18 15:01:17,2026-03-18 15:02:14,OK,NO
390,11,2026-03-18 15:01:15,2026-03-18 15:02:17,OK,NO
391,10,2026-03-18 15:01:28,2026-03-18 15:02:22,OK,NO
389,12,2026-03-18 15:01:28,2026-03-18 15:02:24,OK,NO
447,1,2026-03-18 15:01:24,2026-03-18 15:02:27,OK,NO
432,4,2026-03-18 15:01:13,2026-03-18 15:02:30,OK,NO
393,8,2026-03-18 15:02:00,2026-03-18 15:02:52,OK,NO
392,9,2026-03-18 15:02:00,2026-03-18 15:03:04,OK,NO
391,11,2026-03-18 15:02:22,2026-03-18 15:03:19,OK,NO
436,2,2026-03-18 15:02:10,2026-03-18 15:03:20,OK,NO
394,7,2026-03-18 15:01:58,2026-03-18 15:03:24,OK,NO
432,5,2026-03-18 15:02:30,2026-03-18 15:03:26,OK,NO
448,1,2026-03-18 15:02:27,2026-03-18 15:03:29,OK,NO
435,3,2026-03-18 15:02:30,2026-03-18 15:03:34,OK,NO
390,12,2026-03-18 15:02:24,2026-03-18 15:03:34,OK,NO
433,4,2026-03-18 15:02:30,2026-03-18 15:03:38,OK,NO
392,10,2026-03-18 15:03:04,2026-03-18 15:03:59,OK,NO
393,9,2026-03-18 15:03:04,2026-03-18 15:04:02,OK,NO
437,2,2026-03-18 15:03:20,2026-03-18 15:04:11,OK,NO
449,1,2026-03-18 15:03:29,2026-03-18 15:04:25,OK,NO
394,8,2026-03-18 15:03:24,2026-03-18 15:04:25,OK,NO
391,12,2026-03-18 15:03:34,2026-03-18 15:04:35,OK,NO
436,3,2026-03-18 15:03:38,2026-03-18 15:04:35,OK,NO
395,7,2026-03-18 15:03:24,2026-03-18 15:04:37,OK,NO
392,11,2026-03-18 15:03:59,2026-03-18 15:04:52,OK,NO
393,10,2026-03-18 15:04:02,2026-03-18 15:04:56,OK,NO
438,2,2026-03-18 15:04:11,2026-03-18 15:05:11,OK,NO
434,4,2026-03-18 15:03:38,2026-03-18 15:05:13,OK,NO
450,1,2026-03-18 15:04:25,2026-03-18 15:05:17,OK,NO
392,12,2026-03-18 15:04:52,2026-03-18 15:05:46,OK,NO
395,8,2026-03-18 15:04:37,2026-03-18 15:05:46,OK,NO
394,9,2026-03-18 15:04:25,2026-03-18 15:05:49,OK,NO
393,11,2026-03-18 15:04:56,2026-03-18 15:05:54,OK,NO
396,7,2026-03-18 15:04:37,2026-03-18 15:05:58,OK,NO
439,2,2026-03-18 15:05:11,2026-03-18 15:06:08,OK,NO
451,1,2026-03-18 15:05:17,2026-03-18 15:06:17,OK,NO
435,4,2026-03-18 15:05:13,2026-03-18 15:06:22,OK,NO
437,3,2026-03-18 15:05:13,2026-03-18 15:06:23,OK,NO
394,10,2026-03-18 15:05:49,2026-03-18 15:06:36,OK,NO
395,9,2026-03-18 15:05:49,2026-03-18 15:06:52,OK,NO
393,12,2026-03-18 15:05:54,2026-03-18 15:06:53,OK,NO
396,8,2026-03-18 15:05:58,2026-03-18 15:07:00,OK,NO
397,7,2026-03-18 15:05:58,2026-03-18 15:07:05,OK,NO
440,2,2026-03-18 15:06:08,2026-03-18 15:07:11,OK,NO
436,4,2026-03-18 15:06:22,2026-03-18 15:07:18,OK,NO
452,1,2026-03-18 15:06:17,2026-03-18 15:07:22,OK,NO
438,3,2026-03-18 15:06:23,2026-03-18 15:07:23,OK,NO
394,11,2026-03-18 15:06:36,2026-03-18 15:07:36,OK,NO
396,9,2026-03-18 15:07:00,2026-03-18 15:07:49,OK,NO
395,10,2026-03-18 15:06:52,2026-03-18 15:07:52,OK,NO
441,2,2026-03-18 15:07:11,2026-03-18 15:08:08,OK,NO
397,8,2026-03-18 15:07:05,2026-03-18 15:08:08,OK,NO
437,4,2026-03-18 15:07:18,2026-03-18 15:08:19,OK,NO
453,1,2026-03-18 15:07:22,2026-03-18 15:08:21,OK,NO
439,3,2026-03-18 15:07:23,2026-03-18 15:08:24,OK,NO
398,7,2026-03-18 15:07:05,2026-03-18 15:08:28,OK,NO
394,12,2026-03-18 15:07:36,2026-03-18 15:08:38,OK,NO
396,10,2026-03-18 15:07:52,2026-03-18 15:08:47,OK,NO
395,11,2026-03-18 15:07:52,2026-03-18 15:08:56,OK,NO
397,9,2026-03-18 15:08:08,2026-03-18 15:09:06,OK,NO
442,2,2026-03-18 15:08:08,2026-03-18 15:09:12,OK,NO
438,4,2026-03-18 15:08:19,2026-03-18 15:09:14,OK,NO
454,1,2026-03-18 15:08:21,2026-03-18 15:09:18,OK,NO
398,8,2026-03-18 15:08:28,2026-03-18 15:09:26,OK,NO
440,3,2026-03-18 15:08:24,2026-03-18 15:09:26,OK,NO
399,7,2026-03-18 15:08:28,2026-03-18 15:09:40,OK,NO
395,12,2026-03-18 15:08:56,2026-03-18 15:09:56,OK,NO
396,11,2026-03-18 15:08:56,2026-03-18 15:10:08,OK,NO
397,10,2026-03-18 15:09:06,2026-03-18 15:10:09,OK,NO
443,2,2026-03-18 15:09:12,2026-03-18 15:10:18,OK,NO
441,3,2026-03-18 15:09:26,2026-03-18 15:10:20,OK,NO
455,1,2026-03-18 15:09:18,2026-03-18 15:10:21,OK,NO
439,4,2026-03-18 15:09:14,2026-03-18 15:10:30,OK,NO
399,8,2026-03-18 15:09:40,2026-03-18 15:10:35,OK,NO
398,9,2026-03-18 15:09:26,2026-03-18 15:10:37,OK,NO
397,11,2026-03-18 15:10:09,2026-03-18 15:11:04,OK,NO
396,12,2026-03-18 15:10:08,2026-03-18 15:11:06,OK,NO
400,7,2026-03-18 15:09:40,2026-03-18 15:11:08,OK,NO
427,6,2026-03-18 15:10:18,2026-03-18 15:11:13,OK,NO
433,5,2026-03-18 15:10:18,2026-03-18 15:11:17,OK,NO
456,1,2026-03-18 15:10:21,2026-03-18 15:11:21,OK,NO
444,2,2026-03-18 15:10:18,2026-03-18 15:11:22,OK,NO
442,3,2026-03-18 15:10:30,2026-03-18 15:11:32,OK,NO
399,9,2026-03-18 15:10:37,2026-03-18 15:11:38,OK,NO
440,4,2026-03-18 15:10:30,2026-03-18 15:11:45,OK,NO
398,10,2026-03-18 15:10:37,2026-03-18 15:11:48,OK,NO
400,8,2026-03-18 15:11:08,2026-03-18 15:12:12,OK,NO
397,12,2026-03-18 15:11:06,2026-03-18 15:12:13,OK,NO
428,6,2026-03-18 15:11:13,2026-03-18 15:12:15,OK,NO
457,1,2026-03-18 15:11:22,2026-03-18 15:12:18,OK,NO
401,7,2026-03-18 15:11:08,2026-03-18 15:12:21,OK,NO
434,5,2026-03-18 15:11:17,2026-03-18 15:12:22,OK,NO
445,2,2026-03-18 15:11:22,2026-03-18 15:12:30,OK,NO
399,10,2026-03-18 15:11:48,2026-03-18 15:12:44,OK,NO
443,3,2026-03-18 15:11:45,2026-03-18 15:12:44,OK,NO
441,4,2026-03-18 15:11:45,2026-03-18 15:12:53,OK,NO
398,11,2026-03-18 15:11:48,2026-03-18 15:12:55,OK,NO
435,5,2026-03-18 15:12:22,2026-03-18 15:13:13,OK,NO
400,9,2026-03-18 15:12:12,2026-03-18 15:13:15,OK,NO
429,6,2026-03-18 15:12:15,2026-03-18 15:13:17,OK,NO
401,8,2026-03-18 15:12:21,2026-03-18 15:13:23,OK,NO
446,2,2026-03-18 15:12:30,2026-03-18 15:13:35,OK,NO
458,1,2026-03-18 15:12:30,2026-03-18 15:13:35,OK,NO
398,12,2026-03-18 15:12:55,2026-03-18 15:13:49,OK,NO
399,11,2026-03-18 15:12:55,2026-03-18 15:13:54,OK,NO
444,3,2026-03-18 15:12:53,2026-03-18 15:13:56,OK,NO
442,4,2026-03-18 15:12:53,2026-03-18 15:14:04,OK,NO
436,5,2026-03-18 15:13:17,2026-03-18 15:14:05,OK,NO
402,7,2026-03-18 15:12:21,2026-03-18 15:14:12,OK,NO
400,10,2026-03-18 15:13:15,2026-03-18 15:14:13,OK,NO
430,6,2026-03-18 15:13:17,2026-03-18 15:14:14,OK,NO
401,9,2026-03-18 15:13:23,2026-03-18 15:14:25,OK,NO
447,2,2026-03-18 15:13:35,2026-03-18 15:14:30,OK,NO
459,1,2026-03-18 15:13:35,2026-03-18 15:14:38,OK,NO
399,12,2026-03-18 15:13:54,2026-03-18 15:14:52,OK,NO
445,3,2026-03-18 15:14:04,2026-03-18 15:15:09,OK,NO
437,5,2026-03-18 15:14:14,2026-03-18 15:15:09,OK,NO
443,4,2026-03-18 15:14:04,2026-03-18 15:15:14,OK,NO
400,11,2026-03-18 15:14:13,2026-03-18 15:15:17,OK,NO
403,7,2026-03-18 15:14:12,2026-03-18 15:15:18,OK,NO
402,8,2026-03-18 15:14:12,2026-03-18 15:15:19,OK,NO
431,6,2026-03-18 15:14:14,2026-03-18 15:15:19,OK,NO
401,10,2026-03-18 15:14:25,2026-03-18 15:15:25,OK,NO
448,2,2026-03-18 15:14:30,2026-03-18 15:15:29,OK,NO
460,1,2026-03-18 15:14:38,2026-03-18 15:15:36,OK,NO
444,4,2026-03-18 15:15:14,2026-03-18 15:16:04,OK,NO
400,12,2026-03-18 15:15:17,2026-03-18 15:16:08,OK,NO
446,3,2026-03-18 15:15:14,2026-03-18 15:16:16,OK,NO
403,8,2026-03-18 15:15:19,2026-03-18 15:16:23,OK,NO
401,11,2026-03-18 15:15:25,2026-03-18 15:16:24,OK,NO
404,7,2026-03-18 15:15:18,2026-03-18 15:16:25,OK,NO
432,6,2026-03-18 15:15:19,2026-03-18 15:16:25,OK,NO
438,5,2026-03-18 15:15:19,2026-03-18 15:16:27,OK,NO
402,9,2026-03-18 15:15:19,2026-03-18 15:16:30,OK,NO
461,1,2026-03-18 15:15:36,2026-03-18 15:16:38,OK,NO
449,2,2026-03-18 15:15:29,2026-03-18 15:16:39,OK,NO
445,4,2026-03-18 15:16:04,2026-03-18 15:17:01,OK,NO
447,3,2026-03-18 15:16:16,2026-03-18 15:17:10,OK,NO
404,8,2026-03-18 15:16:25,2026-03-18 15:17:16,OK,NO
402,10,2026-03-18 15:16:30,2026-03-18 15:17:18,OK,NO
401,12,2026-03-18 15:16:24,2026-03-18 15:17:20,OK,NO
403,9,2026-03-18 15:16:30,2026-03-18 15:17:21,OK,NO
433,6,2026-03-18 15:16:25,2026-03-18 15:17:25,OK,NO
439,5,2026-03-18 15:16:27,2026-03-18 15:17:33,OK,NO
405,7,2026-03-18 15:16:25,2026-03-18 15:17:43,OK,NO
450,2,2026-03-18 15:16:39,2026-03-18 15:17:45,OK,NO
448,3,2026-03-18 15:17:10,2026-03-18 15:18:03,OK,NO
446,4,2026-03-18 15:17:01,2026-03-18 15:18:08,OK,NO
402,11,2026-03-18 15:17:18,2026-03-18 15:18:16,OK,NO
404,9,2026-03-18 15:17:21,2026-03-18 15:18:17,OK,NO
403,10,2026-03-18 15:17:21,2026-03-18 15:18:18,OK,NO
451,2,2026-03-18 15:17:45,2026-03-18 15:18:39,OK,NO
405,8,2026-03-18 15:17:43,2026-03-18 15:18:43,OK,NO
406,7,2026-03-18 15:17:43,2026-03-18 15:18:47,OK,NO
447,4,2026-03-18 15:18:08,2026-03-18 15:19:00,OK,NO
449,3,2026-03-18 15:18:08,2026-03-18 15:19:06,OK,NO
404,10,2026-03-18 15:18:18,2026-03-18 15:19:16,OK,NO
402,12,2026-03-18 15:18:16,2026-03-18 15:19:19,OK,NO
403,11,2026-03-18 15:18:18,2026-03-18 15:19:23,OK,NO
452,2,2026-03-18 15:18:39,2026-03-18 15:19:35,OK,NO
406,8,2026-03-18 15:18:47,2026-03-18 15:19:40,OK,NO
405,9,2026-03-18 15:18:43,2026-03-18 15:19:51,OK,NO
407,7,2026-03-18 15:18:47,2026-03-18 15:19:57,OK,NO
440,5,2026-03-18 15:19:24,2026-03-18 15:20:16,OK,NO
404,11,2026-03-18 15:19:23,2026-03-18 15:20:18,OK,NO
448,4,2026-03-18 15:19:00,2026-03-18 15:20:21,OK,NO
434,6,2026-03-18 15:19:24,2026-03-18 15:20:22,OK,NO
403,12,2026-03-18 15:19:23,2026-03-18 15:20:23,OK,NO
406,9,2026-03-18 15:19:51,2026-03-18 15:20:51,OK,NO
405,10,2026-03-18 15:19:51,2026-03-18 15:20:55,OK,NO
407,8,2026-03-18 15:19:57,2026-03-18 15:21:02,OK,NO
408,7,2026-03-18 15:19:57,2026-03-18 15:21:08,OK,NO
441,5,2026-03-18 15:20:22,2026-03-18 15:21:14,OK,NO
404,12,2026-03-18 15:20:23,2026-03-18 15:21:14,OK,NO
449,4,2026-03-18 15:20:21,2026-03-18 15:21:20,OK,NO
435,6,2026-03-18 15:20:22,2026-03-18 15:21:26,OK,NO
405,11,2026-03-18 15:20:55,2026-03-18 15:21:53,OK,NO
407,9,2026-03-18 15:21:02,2026-03-18 15:21:55,OK,NO
406,10,2026-03-18 15:20:55,2026-03-18 15:21:59,OK,NO
408,8,2026-03-18 15:21:08,2026-03-18 15:22:05,OK,NO
442,5,2026-03-18 15:21:26,2026-03-18 15:22:16,OK,NO
409,7,2026-03-18 15:21:08,2026-03-18 15:22:20,OK,NO
436,6,2026-03-18 15:21:26,2026-03-18 15:22:25,OK,NO
407,10,2026-03-18 15:21:59,2026-03-18 15:22:52,OK,NO
405,12,2026-03-18 15:21:53,2026-03-18 15:22:52,OK,NO
406,11,2026-03-18 15:21:59,2026-03-18 15:22:58,OK,NO
408,9,2026-03-18 15:22:05,2026-03-18 15:22:59,OK,NO
462,1,2026-03-18 15:22:20,2026-03-18 15:23:11,OK,NO
437,6,2026-03-18 15:22:25,2026-03-18 15:23:16,OK,NO
409,8,2026-03-18 15:22:20,2026-03-18 15:23:17,OK,NO
443,5,2026-03-18 15:22:25,2026-03-18 15:23:20,OK,NO
410,7,2026-03-18 15:22:20,2026-03-18 15:23:35,OK,NO
406,12,2026-03-18 15:22:58,2026-03-18 15:23:49,OK,NO
408,10,2026-03-18 15:22:59,2026-03-18 15:23:52,OK,NO
407,11,2026-03-18 15:22:58,2026-03-18 15:23:52,OK,NO
450,3,2026-03-18 15:23:05,2026-03-18 15:24:03,OK,NO
453,2,2026-03-18 15:23:05,2026-03-18 15:24:03,OK,NO
463,1,2026-03-18 15:23:11,2026-03-18 15:24:06,OK,NO
438,6,2026-03-18 15:23:16,2026-03-18 15:24:11,OK,NO
444,5,2026-03-18 15:23:20,2026-03-18 15:24:17,OK,NO
409,9,2026-03-18 15:23:17,2026-03-18 15:24:18,OK,NO
410,8,2026-03-18 15:23:35,2026-03-18 15:24:35,OK,NO
411,7,2026-03-18 15:23:35,2026-03-18 15:24:46,OK,NO
407,12,2026-03-18 15:23:52,2026-03-18 15:24:54,OK,NO
408,11,2026-03-18 15:23:52,2026-03-18 15:24:55,OK,NO
451,3,2026-03-18 15:24:03,2026-03-18 15:25:01,OK,NO
450,4,2026-03-18 15:24:03,2026-03-18 15:25:05,OK,NO
454,2,2026-03-18 15:24:03,2026-03-18 15:25:06,OK,NO
464,1,2026-03-18 15:24:06,2026-03-18 15:25:07,OK,NO
439,6,2026-03-18 15:24:11,2026-03-18 15:25:11,OK,NO
445,5,2026-03-18 15:24:17,2026-03-18 15:25:20,OK,NO
409,10,2026-03-18 15:24:18,2026-03-18 15:25:26,OK,NO
410,9,2026-03-18 15:24:35,2026-03-18 15:25:36,OK,NO
411,8,2026-03-18 15:24:46,2026-03-18 15:25:45,OK,NO
408,12,2026-03-18 15:24:55,2026-03-18 15:25:48,OK,NO
440,6,2026-03-18 15:25:11,2026-03-18 15:26:01,OK,NO
452,3,2026-03-18 15:25:01,2026-03-18 15:26:02,OK,NO
412,7,2026-03-18 15:24:46,2026-03-18 15:26:07,OK,NO
446,5,2026-03-18 15:25:20,2026-03-18 15:26:12,OK,NO
455,2,2026-03-18 15:25:06,2026-03-18 15:26:14,OK,NO
465,1,2026-03-18 15:25:07,2026-03-18 15:26:15,OK,NO
451,4,2026-03-18 15:25:05,2026-03-18 15:26:18,OK,NO
409,11,2026-03-18 15:25:26,2026-03-18 15:26:20,OK,NO
410,10,2026-03-18 15:25:36,2026-03-18 15:26:44,OK,NO
411,9,2026-03-18 15:25:45,2026-03-18 15:26:44,OK,NO
441,6,2026-03-18 15:26:01,2026-03-18 15:27:02,OK,NO
453,3,2026-03-18 15:26:02,2026-03-18 15:27:03,OK,NO
412,8,2026-03-18 15:26:07,2026-03-18 15:27:03,OK,NO
456,2,2026-03-18 15:26:14,2026-03-18 15:27:14,OK,NO
466,1,2026-03-18 15:26:15,2026-03-18 15:27:17,OK,NO
447,5,2026-03-18 15:26:12,2026-03-18 15:27:21,OK,NO
452,4,2026-03-18 15:26:18,2026-03-18 15:27:25,OK,NO
409,12,2026-03-18 15:26:20,2026-03-18 15:27:25,OK,NO
413,7,2026-03-18 15:26:07,2026-03-18 15:27:33,OK,NO
410,11,2026-03-18 15:26:44,2026-03-18 15:27:45,OK,NO
411,10,2026-03-18 15:26:44,2026-03-18 15:27:45,OK,NO
412,9,2026-03-18 15:27:03,2026-03-18 15:27:59,OK,NO
454,3,2026-03-18 15:27:03,2026-03-18 15:28:03,OK,NO
442,6,2026-03-18 15:27:02,2026-03-18 15:28:15,OK,NO
467,1,2026-03-18 15:27:17,2026-03-18 15:28:18,OK,NO
457,2,2026-03-18 15:27:14,2026-03-18 15:28:20,OK,NO
413,8,2026-03-18 15:27:33,2026-03-18 15:28:22,OK,NO
453,4,2026-03-18 15:27:25,2026-03-18 15:28:23,OK,NO
448,5,2026-03-18 15:27:21,2026-03-18 15:28:26,OK,NO
414,7,2026-03-18 15:27:33,2026-03-18 15:28:40,OK,NO
411,11,2026-03-18 15:27:45,2026-03-18 15:28:46,OK,NO
410,12,2026-03-18 15:27:45,2026-03-18 15:28:47,OK,NO
455,3,2026-03-18 15:28:03,2026-03-18 15:28:58,OK,NO
412,10,2026-03-18 15:27:59,2026-03-18 15:28:58,OK,NO
443,6,2026-03-18 15:28:15,2026-03-18 15:29:04,OK,NO
468,1,2026-03-18 15:28:18,2026-03-18 15:29:08,OK,NO
454,4,2026-03-18 15:28:23,2026-03-18 15:29:18,OK,NO
458,2,2026-03-18 15:28:20,2026-03-18 15:29:19,OK,NO
413,9,2026-03-18 15:28:22,2026-03-18 15:29:24,OK,NO
449,5,2026-03-18 15:28:26,2026-03-18 15:29:33,OK,NO
414,8,2026-03-18 15:28:40,2026-03-18 15:29:37,OK,NO
415,7,2026-03-18 15:28:40,2026-03-18 15:29:39,OK,NO
411,12,2026-03-18 15:28:47,2026-03-18 15:29:47,OK,NO
412,11,2026-03-18 15:28:58,2026-03-18 15:29:52,OK,NO
444,6,2026-03-18 15:29:04,2026-03-18 15:30:02,OK,NO
456,3,2026-03-18 15:28:58,2026-03-18 15:30:09,OK,NO
469,1,2026-03-18 15:29:08,2026-03-18 15:30:12,OK,NO
455,4,2026-03-18 15:29:18,2026-03-18 15:30:14,OK,NO
413,10,2026-03-18 15:29:24,2026-03-18 15:30:15,OK,NO
459,2,2026-03-18 15:29:19,2026-03-18 15:30:24,OK,NO
415,8,2026-03-18 15:29:39,2026-03-18 15:30:26,OK,NO
450,5,2026-03-18 15:29:33,2026-03-18 15:30:29,OK,NO
414,9,2026-03-18 15:29:37,2026-03-18 15:30:33,OK,NO
416,7,2026-03-18 15:29:39,2026-03-18 15:30:42,OK,NO
412,12,2026-03-18 15:29:52,2026-03-18 15:30:52,OK,NO
445,6,2026-03-18 15:30:02,2026-03-18 15:30:53,OK,NO
457,3,2026-03-18 15:30:09,2026-03-18 15:31:05,OK,NO
470,1,2026-03-18 15:30:12,2026-03-18 15:31:05,OK,NO
456,4,2026-03-18 15:30:14,2026-03-18 15:31:15,OK,NO
413,11,2026-03-18 15:30:15,2026-03-18 15:31:19,OK,NO
460,2,2026-03-18 15:30:24,2026-03-18 15:31:27,OK,NO
415,9,2026-03-18 15:30:33,2026-03-18 15:31:32,OK,NO
414,10,2026-03-18 15:30:33,2026-03-18 15:31:33,OK,NO
451,5,2026-03-18 15:30:29,2026-03-18 15:31:34,OK,NO
416,8,2026-03-18 15:30:42,2026-03-18 15:31:46,OK,NO
446,6,2026-03-18 15:30:53,2026-03-18 15:31:47,OK,NO
458,3,2026-03-18 15:31:05,2026-03-18 15:32:09,OK,NO
417,7,2026-03-18 15:30:42,2026-03-18 15:32:10,OK,NO
471,1,2026-03-18 15:31:05,2026-03-18 15:32:13,OK,NO
413,12,2026-03-18 15:31:19,2026-03-18 15:32:15,OK,NO
457,4,2026-03-18 15:31:15,2026-03-18 15:32:17,OK,NO
461,2,2026-03-18 15:31:27,2026-03-18 15:32:27,OK,NO
414,11,2026-03-18 15:31:33,2026-03-18 15:32:29,OK,NO
452,5,2026-03-18 15:31:34,2026-03-18 15:32:36,OK,NO
415,10,2026-03-18 15:31:33,2026-03-18 15:32:41,OK,NO
416,9,2026-03-18 15:31:46,2026-03-18 15:32:50,OK,NO
447,6,2026-03-18 15:31:47,2026-03-18 15:32:50,OK,NO
472,1,2026-03-18 15:32:13,2026-03-18 15:33:04,OK,NO
417,8,2026-03-18 15:32:10,2026-03-18 15:33:07,OK,NO
459,3,2026-03-18 15:32:09,2026-03-18 15:33:11,OK,NO
458,4,2026-03-18 15:32:17,2026-03-18 15:33:19,OK,NO
418,7,2026-03-18 15:32:10,2026-03-18 15:33:24,OK,NO
462,2,2026-03-18 15:32:27,2026-03-18 15:33:27,OK,NO
414,12,2026-03-18 15:32:29,2026-03-18 15:33:32,OK,NO
415,11,2026-03-18 15:32:41,2026-03-18 15:33:42,OK,NO
453,5,2026-03-18 15:32:36,2026-03-18 15:33:42,OK,NO
448,6,2026-03-18 15:32:50,2026-03-18 15:33:50,OK,NO
416,10,2026-03-18 15:32:50,2026-03-18 15:33:58,OK,NO
460,3,2026-03-18 15:33:11,2026-03-18 15:34:06,OK,NO
417,9,2026-03-18 15:33:07,2026-03-18 15:34:14,OK,NO
473,1,2026-03-18 15:33:04,2026-03-18 15:34:16,OK,NO
418,8,2026-03-18 15:33:24,2026-03-18 15:34:21,OK,NO
463,2,2026-03-18 15:33:27,2026-03-18 15:34:29,OK,NO
454,5,2026-03-18 15:33:42,2026-03-18 15:34:35,OK,NO
419,7,2026-03-18 15:33:24,2026-03-18 15:34:35,OK,NO
415,12,2026-03-18 15:33:42,2026-03-18 15:34:41,OK,NO
459,4,2026-03-18 15:33:19,2026-03-18 15:34:43,OK,NO
449,6,2026-03-18 15:33:50,2026-03-18 15:34:49,OK,NO
416,11,2026-03-18 15:33:58,2026-03-18 15:35:01,OK,NO
461,3,2026-03-18 15:34:06,2026-03-18 15:35:13,OK,NO
417,10,2026-03-18 15:34:14,2026-03-18 15:35:19,OK,NO
474,1,2026-03-18 15:34:16,2026-03-18 15:35:20,OK,NO
419,8,2026-03-18 15:34:35,2026-03-18 15:35:23,OK,NO
418,9,2026-03-18 15:34:21,2026-03-18 15:35:25,OK,NO
464,2,2026-03-18 15:34:29,2026-03-18 15:35:29,OK,NO
455,5,2026-03-18 15:34:35,2026-03-18 15:35:30,OK,NO
450,6,2026-03-18 15:34:49,2026-03-18 15:35:47,OK,NO
460,4,2026-03-18 15:34:43,2026-03-18 15:35:53,OK,NO
416,12,2026-03-18 15:35:01,2026-03-18 15:35:55,OK,NO
420,7,2026-03-18 15:34:35,2026-03-18 15:35:57,OK,NO
462,3,2026-03-18 15:35:13,2026-03-18 15:36:16,OK,NO
419,9,2026-03-18 15:35:25,2026-03-18 15:36:16,OK,NO
465,2,2026-03-18 15:35:29,2026-03-18 15:36:20,OK,NO
475,1,2026-03-18 15:35:20,2026-03-18 15:36:21,OK,NO
417,11,2026-03-18 15:35:19,2026-03-18 15:36:21,OK,NO
418,10,2026-03-18 15:35:25,2026-03-18 15:36:22,OK,NO
456,5,2026-03-18 15:35:30,2026-03-18 15:36:34,OK,NO
451,6,2026-03-18 15:35:47,2026-03-18 15:36:50,OK,NO
420,8,2026-03-18 15:35:57,2026-03-18 15:37:07,OK,NO
461,4,2026-03-18 15:35:53,2026-03-18 15:37:09,OK,NO
419,10,2026-03-18 15:36:22,2026-03-18 15:37:12,OK,NO
463,3,2026-03-18 15:36:16,2026-03-18 15:37:14,OK,NO
417,12,2026-03-18 15:36:21,2026-03-18 15:37:23,OK,NO
418,11,2026-03-18 15:36:22,2026-03-18 15:37:24,OK,NO
466,2,2026-03-18 15:36:20,2026-03-18 15:37:26,OK,NO
457,5,2026-03-18 15:36:34,2026-03-18 15:37:29,OK,NO
421,7,2026-03-18 15:35:57,2026-03-18 15:37:34,OK,NO
452,6,2026-03-18 15:36:50,2026-03-18 15:37:47,OK,NO
420,9,2026-03-18 15:37:07,2026-03-18 15:37:57,OK,NO
464,3,2026-03-18 15:37:14,2026-03-18 15:38:07,OK,NO
462,4,2026-03-18 15:37:09,2026-03-18 15:38:23,OK,NO
418,12,2026-03-18 15:37:24,2026-03-18 15:38:24,OK,NO
458,5,2026-03-18 15:37:29,2026-03-18 15:38:26,OK,NO
419,11,2026-03-18 15:37:24,2026-03-18 15:38:28,OK,NO
467,2,2026-03-18 15:37:26,2026-03-18 15:38:30,OK,NO
421,8,2026-03-18 15:37:34,2026-03-18 15:38:39,OK,NO
422,7,2026-03-18 15:37:34,2026-03-18 15:38:39,OK,NO
453,6,2026-03-18 15:37:47,2026-03-18 15:38:48,OK,NO
420,10,2026-03-18 15:37:57,2026-03-18 15:38:51,OK,NO
459,5,2026-03-18 15:38:26,2026-03-18 15:39:20,OK,NO
465,3,2026-03-18 15:38:23,2026-03-18 15:39:24,OK,NO
463,4,2026-03-18 15:38:23,2026-03-18 15:39:26,OK,NO
419,12,2026-03-18 15:38:28,2026-03-18 15:39:30,OK,NO
468,2,2026-03-18 15:38:30,2026-03-18 15:39:36,OK,NO
422,8,2026-03-18 15:38:39,2026-03-18 15:39:41,OK,NO
420,11,2026-03-18 15:38:51,2026-03-18 15:39:43,OK,NO
454,6,2026-03-18 15:38:48,2026-03-18 15:39:47,OK,NO
421,9,2026-03-18 15:38:39,2026-03-18 15:39:49,OK,NO
423,7,2026-03-18 15:38:39,2026-03-18 15:40:06,OK,NO
460,5,2026-03-18 15:39:20,2026-03-18 15:40:13,OK,NO
464,4,2026-03-18 15:39:26,2026-03-18 15:40:25,OK,NO
469,2,2026-03-18 15:39:36,2026-03-18 15:40:30,OK,NO
466,3,2026-03-18 15:39:26,2026-03-18 15:40:32,OK,NO
420,12,2026-03-18 15:39:43,2026-03-18 15:40:42,OK,NO
421,10,2026-03-18 15:39:49,2026-03-18 15:40:46,OK,NO
455,6,2026-03-18 15:39:47,2026-03-18 15:40:48,OK,NO
422,9,2026-03-18 15:39:49,2026-03-18 15:40:53,OK,NO
423,8,2026-03-18 15:40:06,2026-03-18 15:40:58,OK,NO
461,5,2026-03-18 15:40:13,2026-03-18 15:41:13,OK,NO
424,7,2026-03-18 15:40:06,2026-03-18 15:41:21,OK,NO
465,4,2026-03-18 15:40:25,2026-03-18 15:41:26,OK,NO
467,3,2026-03-18 15:40:32,2026-03-18 15:41:28,OK,NO
470,2,2026-03-18 15:40:32,2026-03-18 15:41:33,OK,NO
421,11,2026-03-18 15:40:46,2026-03-18 15:41:43,OK,NO
422,10,2026-03-18 15:40:53,2026-03-18 15:41:46,OK,NO
456,6,2026-03-18 15:40:48,2026-03-18 15:41:54,OK,NO
424,8,2026-03-18 15:41:21,2026-03-18 15:42:16,OK,NO
462,5,2026-03-18 15:41:13,2026-03-18 15:42:20,OK,NO
423,9,2026-03-18 15:40:58,2026-03-18 15:42:22,OK,NO
476,1,2026-03-18 15:41:25,2026-03-18 15:42:24,OK,NO
468,3,2026-03-18 15:41:28,2026-03-18 15:42:26,OK,NO
466,4,2026-03-18 15:41:26,2026-03-18 15:42:27,OK,NO
471,2,2026-03-18 15:41:33,2026-03-18 15:42:33,OK,NO
421,12,2026-03-18 15:41:43,2026-03-18 15:42:43,OK,NO
422,11,2026-03-18 15:41:46,2026-03-18 15:42:48,OK,NO
457,6,2026-03-18 15:41:54,2026-03-18 15:43:02,OK,NO
425,7,2026-03-18 15:41:21,2026-03-18 15:43:05,OK,NO
424,9,2026-03-18 15:42:22,2026-03-18 15:43:15,OK,NO
463,5,2026-03-18 15:42:20,2026-03-18 15:43:16,OK,NO
477,1,2026-03-18 15:42:24,2026-03-18 15:43:20,OK,NO
423,10,2026-03-18 15:42:22,2026-03-18 15:43:22,OK,NO
469,3,2026-03-18 15:42:27,2026-03-18 15:43:26,OK,NO
467,4,2026-03-18 15:42:27,2026-03-18 15:43:26,OK,NO
472,2,2026-03-18 15:42:33,2026-03-18 15:43:35,OK,NO
422,12,2026-03-18 15:42:48,2026-03-18 15:43:45,OK,NO
458,6,2026-03-18 15:43:02,2026-03-18 15:43:56,OK,NO
425,8,2026-03-18 15:43:05,2026-03-18 15:44:07,OK,NO
424,10,2026-03-18 15:43:22,2026-03-18 15:44:18,OK,NO
478,1,2026-03-18 15:43:20,2026-03-18 15:44:18,OK,NO
426,7,2026-03-18 15:43:05,2026-03-18 15:44:23,OK,NO
423,11,2026-03-18 15:43:22,2026-03-18 15:44:24,OK,NO
464,5,2026-03-18 15:43:16,2026-03-18 15:44:26,OK,NO
470,3,2026-03-18 15:43:26,2026-03-18 15:44:30,OK,NO
473,2,2026-03-18 15:43:35,2026-03-18 15:44:30,OK,NO
468,4,2026-03-18 15:43:26,2026-03-18 15:44:36,OK,NO
459,6,2026-03-18 15:43:56,2026-03-18 15:45:05,OK,NO
479,1,2026-03-18 15:44:18,2026-03-18 15:45:19,OK,NO
425,9,2026-03-18 15:44:07,2026-03-18 15:45:20,OK,NO
423,12,2026-03-18 15:44:24,2026-03-18 15:45:20,OK,NO
465,5,2026-03-18 15:44:26,2026-03-18 15:45:28,OK,NO
426,8,2026-03-18 15:44:23,2026-03-18 15:45:29,OK,NO
424,11,2026-03-18 15:44:24,2026-03-18 15:45:29,OK,NO
471,3,2026-03-18 15:44:36,2026-03-18 15:45:30,OK,NO
474,2,2026-03-18 15:44:36,2026-03-18 15:45:35,OK,NO
469,4,2026-03-18 15:44:36,2026-03-18 15:45:47,OK,NO
427,7,2026-03-18 15:44:23,2026-03-18 15:46:03,OK,NO
460,6,2026-03-18 15:45:05,2026-03-18 15:46:06,OK,NO
480,1,2026-03-18 15:45:19,2026-03-18 15:46:13,OK,NO
425,10,2026-03-18 15:45:20,2026-03-18 15:46:21,OK,NO
466,5,2026-03-18 15:45:28,2026-03-18 15:46:22,OK,NO
426,9,2026-03-18 15:45:29,2026-03-18 15:46:33,OK,NO
424,12,2026-03-18 15:45:29,2026-03-18 15:46:42,OK,NO
470,4,2026-03-18 15:45:47,2026-03-18 15:46:44,OK,NO
472,3,2026-03-18 15:45:47,2026-03-18 15:46:49,OK,NO
427,8,2026-03-18 15:46:03,2026-03-18 15:46:54,OK,NO
475,2,2026-03-18 15:45:47,2026-03-18 15:46:58,OK,NO
461,6,2026-03-18 15:46:06,2026-03-18 15:47:04,OK,NO
481,1,2026-03-18 15:46:13,2026-03-18 15:47:09,OK,NO
425,11,2026-03-18 15:46:21,2026-03-18 15:47:14,OK,NO
467,5,2026-03-18 15:46:22,2026-03-18 15:47:28,OK,NO
426,10,2026-03-18 15:46:33,2026-03-18 15:47:37,OK,NO
428,7,2026-03-18 15:46:03,2026-03-18 15:47:44,OK,NO
473,3,2026-03-18 15:46:49,2026-03-18 15:47:44,OK,NO
476,2,2026-03-18 15:46:58,2026-03-18 15:47:49,OK,NO
471,4,2026-03-18 15:46:44,2026-03-18 15:47:52,OK,NO
482,1,2026-03-18 15:47:09,2026-03-18 15:48:08,OK,NO
462,6,2026-03-18 15:47:04,2026-03-18 15:48:11,OK,NO
425,12,2026-03-18 15:47:14,2026-03-18 15:48:14,OK,NO
427,9,2026-03-18 15:46:54,2026-03-18 15:48:18,OK,NO
468,5,2026-03-18 15:47:28,2026-03-18 15:48:25,OK,NO
426,11,2026-03-18 15:47:37,2026-03-18 15:48:37,OK,NO
477,2,2026-03-18 15:47:52,2026-03-18 15:48:40,OK,NO
428,8,2026-03-18 15:47:44,2026-03-18 15:48:48,OK,NO
474,3,2026-03-18 15:47:52,2026-03-18 15:48:52,OK,NO
483,1,2026-03-18 15:48:08,2026-03-18 15:49:01,OK,NO
472,4,2026-03-18 15:47:52,2026-03-18 15:49:04,OK,NO
429,7,2026-03-18 15:47:44,2026-03-18 15:49:10,OK,NO
469,5,2026-03-18 15:48:25,2026-03-18 15:49:12,OK,NO
463,6,2026-03-18 15:48:11,2026-03-18 15:49:14,OK,NO
427,10,2026-03-18 15:48:18,2026-03-18 15:49:24,OK,NO
426,12,2026-03-18 15:48:37,2026-03-18 15:49:35,OK,NO
478,2,2026-03-18 15:49:04,2026-03-18 15:49:55,OK,NO
484,1,2026-03-18 15:49:01,2026-03-18 15:49:55,OK,NO
429,8,2026-03-18 15:49:10,2026-03-18 15:49:59,OK,NO
475,3,2026-03-18 15:49:04,2026-03-18 15:50:04,OK,NO
464,6,2026-03-18 15:49:14,2026-03-18 15:50:10,OK,NO
428,9,2026-03-18 15:48:48,2026-03-18 15:50:10,OK,NO
470,5,2026-03-18 15:49:14,2026-03-18 15:50:12,OK,NO
473,4,2026-03-18 15:49:04,2026-03-18 15:50:13,OK,NO
427,11,2026-03-18 15:49:24,2026-03-18 15:50:22,OK,NO
430,7,2026-03-18 15:49:10,2026-03-18 15:50:33,OK,NO
485,1,2026-03-18 15:49:55,2026-03-18 15:50:57,OK,NO
465,6,2026-03-18 15:50:10,2026-03-18 15:51:07,OK,NO
476,3,2026-03-18 15:50:13,2026-03-18 15:51:09,OK,NO
474,4,2026-03-18 15:50:13,2026-03-18 15:51:11,OK,NO
479,2,2026-03-18 15:50:13,2026-03-18 15:51:11,OK,NO
471,5,2026-03-18 15:50:12,2026-03-18 15:51:13,OK,NO
428,10,2026-03-18 15:50:10,2026-03-18 15:51:22,OK,NO
427,12,2026-03-18 15:50:22,2026-03-18 15:51:25,OK,NO
429,9,2026-03-18 15:50:39,2026-03-18 15:51:33,OK,NO
430,8,2026-03-18 15:50:33,2026-03-18 15:51:33,OK,NO
486,1,2026-03-18 15:50:57,2026-03-18 15:51:58,OK,NO
431,7,2026-03-18 15:50:33,2026-03-18 15:51:59,OK,NO
466,6,2026-03-18 15:51:07,2026-03-18 15:52:04,OK,NO
472,5,2026-03-18 15:51:13,2026-03-18 15:52:05,OK,NO
480,2,2026-03-18 15:51:11,2026-03-18 15:52:07,OK,NO
475,4,2026-03-18 15:51:11,2026-03-18 15:52:08,OK,NO
477,3,2026-03-18 15:51:11,2026-03-18 15:52:15,OK,NO
428,11,2026-03-18 15:51:22,2026-03-18 15:52:24,OK,NO
429,10,2026-03-18 15:51:33,2026-03-18 15:52:33,OK,NO
430,9,2026-03-18 15:51:33,2026-03-18 15:52:35,OK,NO
487,1,2026-03-18 15:51:58,2026-03-18 15:52:49,OK,NO
431,8,2026-03-18 15:51:59,2026-03-18 15:52:55,OK,NO
467,6,2026-03-18 15:52:04,2026-03-18 15:53:04,OK,NO
473,5,2026-03-18 15:52:05,2026-03-18 15:53:04,OK,NO
476,4,2026-03-18 15:52:08,2026-03-18 15:53:08,OK,NO
478,3,2026-03-18 15:52:15,2026-03-18 15:53:11,OK,NO
481,2,2026-03-18 15:52:15,2026-03-18 15:53:20,OK,NO
430,10,2026-03-18 15:52:35,2026-03-18 15:53:29,OK,NO
428,12,2026-03-18 15:52:24,2026-03-18 15:53:32,OK,NO
429,11,2026-03-18 15:52:33,2026-03-18 15:53:35,OK,NO
432,7,2026-03-18 15:51:59,2026-03-18 15:53:42,OK,NO
431,9,2026-03-18 15:52:55,2026-03-18 15:53:52,OK,NO
474,5,2026-03-18 15:53:04,2026-03-18 15:53:56,OK,NO
488,1,2026-03-18 15:52:49,2026-03-18 15:53:57,OK,NO
479,3,2026-03-18 15:53:11,2026-03-18 15:54:04,OK,NO
477,4,2026-03-18 15:53:08,2026-03-18 15:54:04,OK,NO
468,6,2026-03-18 15:53:04,2026-03-18 15:54:05,OK,NO
482,2,2026-03-18 15:53:20,2026-03-18 15:54:18,OK,NO
430,11,2026-03-18 15:53:35,2026-03-18 15:54:41,OK,NO
429,12,2026-03-18 15:53:35,2026-03-18 15:54:42,OK,NO
432,8,2026-03-18 15:53:42,2026-03-18 15:54:48,OK,NO
431,10,2026-03-18 15:53:52,2026-03-18 15:54:53,OK,NO
433,7,2026-03-18 15:53:42,2026-03-18 15:54:59,OK,NO
478,4,2026-03-18 15:54:04,2026-03-18 15:55:03,OK,NO
480,3,2026-03-18 15:54:04,2026-03-18 15:55:05,OK,NO
469,6,2026-03-18 15:54:05,2026-03-18 15:55:09,OK,NO
475,5,2026-03-18 15:54:05,2026-03-18 15:55:09,OK,NO
483,2,2026-03-18 15:54:18,2026-03-18 15:55:21,OK,NO
431,11,2026-03-18 15:54:53,2026-03-18 15:55:45,OK,NO
430,12,2026-03-18 15:54:42,2026-03-18 15:55:47,OK,NO
433,8,2026-03-18 15:54:59,2026-03-18 15:55:48,OK,NO
470,6,2026-03-18 15:55:09,2026-03-18 15:55:57,OK,NO
481,3,2026-03-18 15:55:05,2026-03-18 15:56:01,OK,NO
432,9,2026-03-18 15:54:48,2026-03-18 15:56:02,OK,NO
479,4,2026-03-18 15:55:03,2026-03-18 15:56:11,OK,NO
476,5,2026-03-18 15:55:09,2026-03-18 15:56:13,OK,NO
484,2,2026-03-18 15:55:21,2026-03-18 15:56:31,OK,NO
471,6,2026-03-18 15:55:57,2026-03-18 15:56:55,OK,NO
431,12,2026-03-18 15:55:47,2026-03-18 15:56:55,OK,NO
433,9,2026-03-18 15:56:02,2026-03-18 15:56:56,OK,NO
480,4,2026-03-18 15:56:11,2026-03-18 15:57:03,OK,NO
432,10,2026-03-18 15:56:02,2026-03-18 15:57:04,OK,NO
482,3,2026-03-18 15:56:11,2026-03-18 15:57:18,OK,NO
477,5,2026-03-18 15:56:13,2026-03-18 15:57:19,OK,NO
485,2,2026-03-18 15:56:31,2026-03-18 15:57:27,OK,NO
434,7,2026-03-18 15:56:23,2026-03-18 15:57:46,OK,NO
472,6,2026-03-18 15:56:55,2026-03-18 15:57:52,OK,NO
432,11,2026-03-18 15:57:04,2026-03-18 15:58:00,OK,NO
481,4,2026-03-18 15:57:03,2026-03-18 15:58:07,OK,NO
433,10,2026-03-18 15:57:04,2026-03-18 15:58:09,OK,NO
489,1,2026-03-18 15:56:59,2026-03-18 15:58:11,OK,NO
478,5,2026-03-18 15:57:19,2026-03-18 15:58:14,OK,NO
483,3,2026-03-18 15:57:18,2026-03-18 15:58:19,OK,NO
486,2,2026-03-18 15:57:27,2026-03-18 15:58:36,OK,NO
434,8,2026-03-18 15:57:46,2026-03-18 15:58:40,OK,NO
473,6,2026-03-18 15:57:52,2026-03-18 15:58:44,OK,NO
432,12,2026-03-18 15:58:00,2026-03-18 15:58:49,OK,NO
490,1,2026-03-18 15:58:11,2026-03-18 15:59:08,OK,NO
482,4,2026-03-18 15:58:07,2026-03-18 15:59:08,OK,NO
479,5,2026-03-18 15:58:14,2026-03-18 15:59:11,OK,NO
433,11,2026-03-18 15:58:09,2026-03-18 15:59:11,OK,NO
484,3,2026-03-18 15:58:19,2026-03-18 15:59:14,OK,NO
435,7,2026-03-18 15:57:46,2026-03-18 15:59:18,OK,NO
487,2,2026-03-18 15:58:36,2026-03-18 15:59:37,OK,NO
474,6,2026-03-18 15:58:44,2026-03-18 15:59:46,OK,NO
434,9,2026-03-18 15:58:40,2026-03-18 16:00:02,OK,NO
480,5,2026-03-18 15:59:11,2026-03-18 16:00:07,OK,NO
483,4,2026-03-18 15:59:08,2026-03-18 16:00:09,OK,NO
485,3,2026-03-18 15:59:14,2026-03-18 16:00:11,OK,NO
433,12,2026-03-18 15:59:11,2026-03-18 16:00:12,OK,NO
435,8,2026-03-18 15:59:18,2026-03-18 16:00:19,OK,NO
491,1,2026-03-18 15:59:08,2026-03-18 16:00:19,OK,NO
488,2,2026-03-18 15:59:37,2026-03-18 16:00:33,OK,NO
436,7,2026-03-18 15:59:18,2026-03-18 16:00:33,OK,NO
475,6,2026-03-18 15:59:46,2026-03-18 16:00:47,OK,NO
434,10,2026-03-18 16:00:02,2026-03-18 16:00:54,OK,NO
486,3,2026-03-18 16:00:11,2026-03-18 16:01:06,OK,NO
481,5,2026-03-18 16:00:07,2026-03-18 16:01:06,OK,NO
484,4,2026-03-18 16:00:09,2026-03-18 16:01:17,OK,NO
435,9,2026-03-18 16:00:19,2026-03-18 16:01:18,OK,NO
492,1,2026-03-18 16:00:19,2026-03-18 16:01:21,OK,NO
489,2,2026-03-18 16:00:33,2026-03-18 16:01:30,OK,NO
436,8,2026-03-18 16:00:33,2026-03-18 16:01:35,OK,NO
437,7,2026-03-18 16:00:33,2026-03-18 16:01:44,OK,NO
476,6,2026-03-18 16:00:47,2026-03-18 16:01:46,OK,NO
434,11,2026-03-18 16:00:54,2026-03-18 16:01:54,OK,NO
482,5,2026-03-18 16:01:06,2026-03-18 16:02:09,OK,NO
485,4,2026-03-18 16:01:17,2026-03-18 16:02:18,OK,NO
435,10,2026-03-18 16:01:21,2026-03-18 16:02:19,OK,NO
493,1,2026-03-18 16:01:21,2026-03-18 16:02:19,OK,NO
487,3,2026-03-18 16:01:17,2026-03-18 16:02:22,OK,NO
490,2,2026-03-18 16:01:30,2026-03-18 16:02:28,OK,NO
436,9,2026-03-18 16:01:35,2026-03-18 16:02:40,OK,NO
437,8,2026-03-18 16:01:44,2026-03-18 16:02:44,OK,NO
434,12,2026-03-18 16:01:54,2026-03-18 16:02:51,OK,NO
477,6,2026-03-18 16:01:46,2026-03-18 16:02:53,OK,NO
438,7,2026-03-18 16:01:44,2026-03-18 16:03:01,OK,NO
483,5,2026-03-18 16:02:09,2026-03-18 16:03:02,OK,NO
494,1,2026-03-18 16:02:19,2026-03-18 16:03:12,OK,NO
435,11,2026-03-18 16:02:19,2026-03-18 16:03:13,OK,NO
486,4,2026-03-18 16:02:18,2026-03-18 16:03:16,OK,NO
488,3,2026-03-18 16:02:22,2026-03-18 16:03:20,OK,NO
436,10,2026-03-18 16:02:40,2026-03-18 16:03:38,OK,NO
491,2,2026-03-18 16:02:28,2026-03-18 16:03:39,OK,NO
437,9,2026-03-18 16:02:44,2026-03-18 16:03:39,OK,NO
478,6,2026-03-18 16:02:53,2026-03-18 16:03:52,OK,NO
438,8,2026-03-18 16:03:01,2026-03-18 16:03:53,OK,NO
435,12,2026-03-18 16:03:13,2026-03-18 16:04:05,OK,NO
439,7,2026-03-18 16:03:01,2026-03-18 16:04:07,OK,NO
484,5,2026-03-18 16:03:02,2026-03-18 16:04:10,OK,NO
495,1,2026-03-18 16:03:12,2026-03-18 16:04:12,OK,NO
489,3,2026-03-18 16:03:20,2026-03-18 16:04:20,OK,NO
487,4,2026-03-18 16:03:16,2026-03-18 16:04:22,OK,NO
436,11,2026-03-18 16:03:38,2026-03-18 16:04:41,OK,NO
492,2,2026-03-18 16:03:39,2026-03-18 16:04:42,OK,NO
437,10,2026-03-18 16:03:39,2026-03-18 16:04:51,OK,NO
438,9,2026-03-18 16:03:53,2026-03-18 16:05:00,OK,NO
479,6,2026-03-18 16:03:52,2026-03-18 16:05:03,OK,NO
439,8,2026-03-18 16:04:07,2026-03-18 16:05:08,OK,NO
440,7,2026-03-18 16:04:07,2026-03-18 16:05:11,OK,NO
485,5,2026-03-18 16:04:10,2026-03-18 16:05:13,OK,NO
488,4,2026-03-18 16:04:22,2026-03-18 16:05:13,OK,NO
496,1,2026-03-18 16:04:12,2026-03-18 16:05:18,OK,NO
490,3,2026-03-18 16:04:22,2026-03-18 16:05:23,OK,NO
436,12,2026-03-18 16:04:41,2026-03-18 16:05:41,OK,NO
493,2,2026-03-18 16:04:42,2026-03-18 16:05:44,OK,NO
437,11,2026-03-18 16:04:51,2026-03-18 16:05:50,OK,NO
439,9,2026-03-18 16:05:08,2026-03-18 16:06:02,OK,NO
438,10,2026-03-18 16:05:00,2026-03-18 16:06:07,OK,NO
440,8,2026-03-18 16:05:11,2026-03-18 16:06:09,OK,NO
491,3,2026-03-18 16:05:23,2026-03-18 16:06:23,OK,NO
489,4,2026-03-18 16:05:13,2026-03-18 16:06:23,OK,NO
497,1,2026-03-18 16:05:18,2026-03-18 16:06:25,OK,NO
441,7,2026-03-18 16:05:11,2026-03-18 16:06:31,OK,NO
437,12,2026-03-18 16:05:50,2026-03-18 16:06:48,OK,NO
494,2,2026-03-18 16:05:44,2026-03-18 16:06:52,OK,NO
439,10,2026-03-18 16:06:07,2026-03-18 16:06:57,OK,NO
440,9,2026-03-18 16:06:09,2026-03-18 16:07:08,OK,NO
438,11,2026-03-18 16:06:07,2026-03-18 16:07:12,OK,NO
441,8,2026-03-18 16:06:31,2026-03-18 16:07:31,OK,NO
498,1,2026-03-18 16:06:25,2026-03-18 16:07:31,OK,NO
442,7,2026-03-18 16:06:31,2026-03-18 16:07:48,OK,NO
439,11,2026-03-18 16:07:12,2026-03-18 16:08:04,OK,NO
438,12,2026-03-18 16:07:12,2026-03-18 16:08:07,OK,NO
440,10,2026-03-18 16:07:08,2026-03-18 16:08:12,OK,NO
441,9,2026-03-18 16:07:31,2026-03-18 16:08:25,OK,NO
499,1,2026-03-18 16:07:31,2026-03-18 16:08:34,OK,NO
442,8,2026-03-18 16:07:48,2026-03-18 16:08:44,OK,NO
480,6,2026-03-18 16:07:51,2026-03-18 16:08:53,OK,NO
486,5,2026-03-18 16:07:51,2026-03-18 16:08:56,OK,NO
439,12,2026-03-18 16:08:07,2026-03-18 16:09:04,OK,NO
443,7,2026-03-18 16:07:48,2026-03-18 16:09:07,OK,NO
440,11,2026-03-18 16:08:12,2026-03-18 16:09:16,OK,NO
441,10,2026-03-18 16:08:25,2026-03-18 16:09:26,OK,NO
500,1,2026-03-18 16:08:34,2026-03-18 16:09:31,OK,NO
442,9,2026-03-18 16:08:44,2026-03-18 16:09:44,OK,NO
487,5,2026-03-18 16:08:56,2026-03-18 16:09:57,OK,NO
481,6,2026-03-18 16:08:53,2026-03-18 16:10:01,OK,NO
443,8,2026-03-18 16:09:07,2026-03-18 16:10:12,OK,NO
440,12,2026-03-18 16:09:16,2026-03-18 16:10:14,OK,NO
444,7,2026-03-18 16:09:07,2026-03-18 16:10:20,OK,NO
501,1,2026-03-18 16:09:31,2026-03-18 16:10:29,OK,NO
441,11,2026-03-18 16:09:26,2026-03-18 16:10:31,OK,NO
442,10,2026-03-18 16:09:44,2026-03-18 16:10:57,OK,NO
482,6,2026-03-18 16:10:01,2026-03-18 16:11:06,OK,NO
443,9,2026-03-18 16:10:12,2026-03-18 16:11:13,OK,NO
444,8,2026-03-18 16:10:20,2026-03-18 16:11:13,OK,NO
502,1,2026-03-18 16:10:29,2026-03-18 16:11:23,OK,NO
488,5,2026-03-18 16:10:33,2026-03-18 16:11:25,OK,NO
445,7,2026-03-18 16:10:20,2026-03-18 16:11:30,OK,NO
441,12,2026-03-18 16:10:31,2026-03-18 16:11:32,OK,NO
442,11,2026-03-18 16:10:57,2026-03-18 16:11:56,OK,NO
483,6,2026-03-18 16:11:06,2026-03-18 16:12:02,OK,NO
443,10,2026-03-18 16:11:13,2026-03-18 16:12:09,OK,NO
489,5,2026-03-18 16:11:25,2026-03-18 16:12:14,OK,NO
444,9,2026-03-18 16:11:13,2026-03-18 16:12:21,OK,NO
445,8,2026-03-18 16:11:30,2026-03-18 16:12:25,OK,NO
446,7,2026-03-18 16:11:30,2026-03-18 16:12:31,OK,NO
503,1,2026-03-18 16:11:23,2026-03-18 16:12:33,OK,NO
442,12,2026-03-18 16:11:56,2026-03-18 16:12:48,OK,NO
484,6,2026-03-18 16:12:02,2026-03-18 16:13:05,OK,NO
443,11,2026-03-18 16:12:09,2026-03-18 16:13:10,OK,NO
445,9,2026-03-18 16:12:25,2026-03-18 16:13:20,OK,NO
446,8,2026-03-18 16:12:31,2026-03-18 16:13:24,OK,NO
444,10,2026-03-18 16:12:21,2026-03-18 16:13:27,OK,NO
504,1,2026-03-18 16:12:33,2026-03-18 16:13:31,OK,NO
447,7,2026-03-18 16:12:31,2026-03-18 16:13:45,OK,NO
443,12,2026-03-18 16:13:10,2026-03-18 16:14:02,OK,NO
485,6,2026-03-18 16:13:05,2026-03-18 16:14:07,OK,NO
445,10,2026-03-18 16:13:27,2026-03-18 16:14:24,OK,NO
444,11,2026-03-18 16:13:27,2026-03-18 16:14:25,OK,NO
505,1,2026-03-18 16:13:31,2026-03-18 16:14:26,OK,NO
446,9,2026-03-18 16:13:24,2026-03-18 16:14:27,OK,NO
447,8,2026-03-18 16:13:45,2026-03-18 16:14:46,OK,NO
448,7,2026-03-18 16:13:45,2026-03-18 16:15:03,OK,NO
486,6,2026-03-18 16:14:07,2026-03-18 16:15:10,OK,NO
445,11,2026-03-18 16:14:25,2026-03-18 16:15:17,OK,NO
444,12,2026-03-18 16:14:25,2026-03-18 16:15:19,OK,NO
446,10,2026-03-18 16:14:27,2026-03-18 16:15:27,OK,NO
506,1,2026-03-18 16:14:26,2026-03-18 16:15:29,OK,NO
447,9,2026-03-18 16:14:46,2026-03-18 16:15:39,OK,NO
448,8,2026-03-18 16:15:03,2026-03-18 16:16:02,OK,NO
487,6,2026-03-18 16:15:10,2026-03-18 16:16:11,OK,NO
449,7,2026-03-18 16:15:03,2026-03-18 16:16:19,OK,NO
446,11,2026-03-18 16:15:27,2026-03-18 16:16:20,OK,NO
445,12,2026-03-18 16:15:19,2026-03-18 16:16:23,OK,NO
447,10,2026-03-18 16:15:39,2026-03-18 16:16:43,OK,NO
448,9,2026-03-18 16:16:02,2026-03-18 16:16:53,OK,NO
488,6,2026-03-18 16:16:11,2026-03-18 16:17:06,OK,NO
449,8,2026-03-18 16:16:19,2026-03-18 16:17:14,OK,NO
446,12,2026-03-18 16:16:23,2026-03-18 16:17:22,OK,NO
450,7,2026-03-18 16:16:19,2026-03-18 16:17:29,OK,NO
447,11,2026-03-18 16:16:43,2026-03-18 16:17:51,OK,NO
448,10,2026-03-18 16:16:53,2026-03-18 16:17:55,OK,NO
489,6,2026-03-18 16:17:06,2026-03-18 16:18:03,OK,NO
449,9,2026-03-18 16:17:14,2026-03-18 16:18:16,OK,NO
450,8,2026-03-18 16:17:29,2026-03-18 16:18:37,OK,NO
448,11,2026-03-18 16:17:55,2026-03-18 16:18:46,OK,NO
451,7,2026-03-18 16:17:29,2026-03-18 16:18:49,OK,NO
447,12,2026-03-18 16:17:51,2026-03-18 16:18:51,OK,NO
449,10,2026-03-18 16:18:16,2026-03-18 16:19:28,OK,NO
450,9,2026-03-18 16:18:37,2026-03-18 16:19:35,OK,NO
507,1,2026-03-18 16:18:53,2026-03-18 16:19:48,OK,NO
448,12,2026-03-18 16:18:51,2026-03-18 16:19:51,OK,NO
495,2,2026-03-18 16:18:53,2026-03-18 16:19:51,OK,NO
492,3,2026-03-18 16:18:53,2026-03-18 16:19:56,OK,NO
451,8,2026-03-18 16:18:49,2026-03-18 16:19:57,OK,NO
490,4,2026-03-18 16:18:53,2026-03-18 16:20:00,OK,NO
452,7,2026-03-18 16:18:49,2026-03-18 16:20:16,OK,NO
449,11,2026-03-18 16:19:28,2026-03-18 16:20:29,OK,NO
450,10,2026-03-18 16:19:35,2026-03-18 16:20:30,OK,NO
496,2,2026-03-18 16:20:00,2026-03-18 16:20:50,OK,NO
451,9,2026-03-18 16:19:57,2026-03-18 16:20:53,OK,NO
508,1,2026-03-18 16:20:00,2026-03-18 16:20:54,OK,NO
490,5,2026-03-18 16:20:00,2026-03-18 16:20:56,OK,NO
493,3,2026-03-18 16:20:00,2026-03-18 16:20:58,OK,NO
491,4,2026-03-18 16:20:00,2026-03-18 16:21:00,OK,NO
452,8,2026-03-18 16:20:16,2026-03-18 16:21:14,OK,NO
449,12,2026-03-18 16:20:29,2026-03-18 16:21:21,OK,NO
450,11,2026-03-18 16:20:30,2026-03-18 16:21:29,OK,NO
453,7,2026-03-18 16:20:16,2026-03-18 16:21:31,OK,NO
451,10,2026-03-18 16:20:53,2026-03-18 16:21:46,OK,NO
490,6,2026-03-18 16:20:56,2026-03-18 16:21:48,OK,NO
492,4,2026-03-18 16:21:00,2026-03-18 16:21:58,OK,NO
491,5,2026-03-18 16:21:00,2026-03-18 16:21:58,OK,NO
494,3,2026-03-18 16:21:00,2026-03-18 16:22:00,OK,NO
497,2,2026-03-18 16:21:00,2026-03-18 16:22:01,OK,NO
509,1,2026-03-18 16:21:00,2026-03-18 16:22:09,OK,NO
452,9,2026-03-18 16:21:14,2026-03-18 16:22:16,OK,NO
450,12,2026-03-18 16:21:29,2026-03-18 16:22:20,OK,NO
453,8,2026-03-18 16:21:31,2026-03-18 16:22:33,OK,NO
454,7,2026-03-18 16:21:31,2026-03-18 16:22:40,OK,NO
495,3,2026-03-18 16:22:00,2026-03-18 16:22:53,OK,NO
491,6,2026-03-18 16:21:58,2026-03-18 16:22:55,OK,NO
498,2,2026-03-18 16:22:01,2026-03-18 16:22:56,OK,NO
492,5,2026-03-18 16:21:58,2026-03-18 16:22:56,OK,NO
451,11,2026-03-18 16:21:46,2026-03-18 16:22:59,OK,NO
510,1,2026-03-18 16:22:09,2026-03-18 16:23:00,OK,NO
493,4,2026-03-18 16:21:58,2026-03-18 16:23:01,OK,NO
452,10,2026-03-18 16:22:16,2026-03-18 16:23:20,OK,NO
453,9,2026-03-18 16:22:33,2026-03-18 16:23:27,OK,NO
454,8,2026-03-18 16:22:40,2026-03-18 16:23:46,OK,NO
494,4,2026-03-18 16:23:01,2026-03-18 16:23:53,OK,NO
499,2,2026-03-18 16:23:01,2026-03-18 16:24:01,OK,NO
493,5,2026-03-18 16:23:01,2026-03-18 16:24:03,OK,NO
496,3,2026-03-18 16:23:01,2026-03-18 16:24:04,OK,NO
451,12,2026-03-18 16:22:59,2026-03-18 16:24:04,OK,NO
511,1,2026-03-18 16:23:01,2026-03-18 16:24:12,OK,NO
452,11,2026-03-18 16:23:20,2026-03-18 16:24:22,OK,NO
453,10,2026-03-18 16:23:27,2026-03-18 16:24:37,OK,NO
454,9,2026-03-18 16:23:46,2026-03-18 16:24:38,OK,NO
497,3,2026-03-18 16:24:04,2026-03-18 16:24:58,OK,NO
495,4,2026-03-18 16:23:53,2026-03-18 16:25:02,OK,NO
500,2,2026-03-18 16:24:04,2026-03-18 16:25:03,OK,NO
512,1,2026-03-18 16:24:12,2026-03-18 16:25:07,OK,NO
494,5,2026-03-18 16:24:03,2026-03-18 16:25:12,OK,NO
452,12,2026-03-18 16:24:22,2026-03-18 16:25:30,OK,NO
453,11,2026-03-18 16:24:37,2026-03-18 16:25:39,OK,NO
454,10,2026-03-18 16:24:38,2026-03-18 16:25:47,OK,NO
498,3,2026-03-18 16:25:02,2026-03-18 16:26:01,OK,NO
501,2,2026-03-18 16:25:03,2026-03-18 16:26:03,OK,NO
495,5,2026-03-18 16:25:12,2026-03-18 16:26:07,OK,NO
496,4,2026-03-18 16:25:02,2026-03-18 16:26:09,OK,NO
513,1,2026-03-18 16:25:07,2026-03-18 16:26:13,OK,NO
453,12,2026-03-18 16:25:39,2026-03-18 16:26:36,OK,NO
454,11,2026-03-18 16:25:47,2026-03-18 16:26:42,OK,NO
455,7,2026-03-18 16:25:38,2026-03-18 16:26:50,OK,NO
502,2,2026-03-18 16:26:09,2026-03-18 16:27:05,OK,NO
496,5,2026-03-18 16:26:09,2026-03-18 16:27:08,OK,NO
497,4,2026-03-18 16:26:09,2026-03-18 16:27:09,OK,NO
514,1,2026-03-18 16:26:13,2026-03-18 16:27:10,OK,NO
499,3,2026-03-18 16:26:09,2026-03-18 16:27:11,OK,NO
454,12,2026-03-18 16:26:42,2026-03-18 16:27:38,OK,NO
455,8,2026-03-18 16:26:50,2026-03-18 16:27:45,OK,NO
456,7,2026-03-18 16:26:50,2026-03-18 16:28:03,OK,NO
515,1,2026-03-18 16:27:11,2026-03-18 16:28:06,OK,NO
498,4,2026-03-18 16:27:09,2026-03-18 16:28:09,OK,NO
500,3,2026-03-18 16:27:11,2026-03-18 16:28:11,OK,NO
497,5,2026-03-18 16:27:09,2026-03-18 16:28:18,OK,NO
503,2,2026-03-18 16:27:11,2026-03-18 16:28:18,OK,NO
455,9,2026-03-18 16:27:45,2026-03-18 16:28:49,OK,NO
456,8,2026-03-18 16:28:03,2026-03-18 16:29:07,OK,NO
504,2,2026-03-18 16:28:18,2026-03-18 16:29:16,OK,NO
501,3,2026-03-18 16:28:11,2026-03-18 16:29:18,OK,NO
492,6,2026-03-18 16:28:16,2026-03-18 16:29:20,OK,NO
457,7,2026-03-18 16:28:03,2026-03-18 16:29:22,OK,NO
516,1,2026-03-18 16:28:18,2026-03-18 16:29:25,OK,NO
498,5,2026-03-18 16:28:18,2026-03-18 16:29:30,OK,NO
499,4,2026-03-18 16:28:09,2026-03-18 16:29:43,OK,NO
455,10,2026-03-18 16:28:49,2026-03-18 16:29:48,OK,NO
456,9,2026-03-18 16:29:07,2026-03-18 16:30:05,OK,NO
493,6,2026-03-18 16:29:20,2026-03-18 16:30:12,OK,NO
457,8,2026-03-18 16:29:22,2026-03-18 16:30:26,OK,NO
502,3,2026-03-18 16:29:43,2026-03-18 16:30:37,OK,NO
458,7,2026-03-18 16:29:22,2026-03-18 16:30:39,OK,NO
500,4,2026-03-18 16:29:43,2026-03-18 16:30:43,OK,NO
455,11,2026-03-18 16:29:48,2026-03-18 16:30:43,OK,NO
517,1,2026-03-18 16:29:43,2026-03-18 16:30:44,OK,NO
505,2,2026-03-18 16:29:43,2026-03-18 16:30:45,OK,NO
499,5,2026-03-18 16:29:43,2026-03-18 16:30:51,OK,NO
456,10,2026-03-18 16:30:05,2026-03-18 16:31:05,OK,NO
494,6,2026-03-18 16:30:12,2026-03-18 16:31:17,OK,NO
457,9,2026-03-18 16:30:26,2026-03-18 16:31:25,OK,NO
455,12,2026-03-18 16:30:43,2026-03-18 16:31:40,OK,NO
458,8,2026-03-18 16:30:39,2026-03-18 16:31:45,OK,NO
500,5,2026-03-18 16:30:51,2026-03-18 16:31:57,OK,NO
456,11,2026-03-18 16:31:05,2026-03-18 16:32:05,OK,NO
506,2,2026-03-18 16:31:15,2026-03-18 16:32:07,OK,NO
518,1,2026-03-18 16:31:15,2026-03-18 16:32:09,OK,NO
459,7,2026-03-18 16:30:39,2026-03-18 16:32:16,OK,NO
503,3,2026-03-18 16:31:15,2026-03-18 16:32:18,OK,NO
495,6,2026-03-18 16:31:17,2026-03-18 16:32:21,OK,NO
457,10,2026-03-18 16:31:25,2026-03-18 16:32:23,OK,NO
501,4,2026-03-18 16:31:15,2026-03-18 16:32:28,OK,NO
458,9,2026-03-18 16:31:45,2026-03-18 16:32:40,OK,NO
459,8,2026-03-18 16:32:16,2026-03-18 16:33:10,OK,NO
457,11,2026-03-18 16:32:23,2026-03-18 16:33:11,OK,NO
496,6,2026-03-18 16:32:21,2026-03-18 16:33:19,OK,NO
519,1,2026-03-18 16:32:28,2026-03-18 16:33:21,OK,NO
507,2,2026-03-18 16:32:28,2026-03-18 16:33:22,OK,NO
504,3,2026-03-18 16:32:28,2026-03-18 16:33:23,OK,NO
501,5,2026-03-18 16:32:28,2026-03-18 16:33:30,OK,NO
502,4,2026-03-18 16:32:28,2026-03-18 16:33:34,OK,NO
460,7,2026-03-18 16:32:16,2026-03-18 16:33:43,OK,NO
458,10,2026-03-18 16:32:40,2026-03-18 16:33:46,OK,NO
497,6,2026-03-18 16:33:19,2026-03-18 16:34:18,OK,NO
502,5,2026-03-18 16:33:34,2026-03-18 16:34:24,OK,NO
459,9,2026-03-18 16:33:10,2026-03-18 16:34:24,OK,NO
520,1,2026-03-18 16:33:34,2026-03-18 16:34:40,OK,NO
508,2,2026-03-18 16:33:34,2026-03-18 16:34:46,OK,NO
505,3,2026-03-18 16:33:34,2026-03-18 16:34:48,OK,NO
503,4,2026-03-18 16:33:34,2026-03-18 16:34:50,OK,NO
458,11,2026-03-18 16:33:46,2026-03-18 16:34:52,OK,NO
456,12,2026-03-18 16:33:48,2026-03-18 16:34:53,OK,NO
460,8,2026-03-18 16:33:43,2026-03-18 16:34:53,OK,NO
461,7,2026-03-18 16:33:43,2026-03-18 16:35:00,OK,NO
459,10,2026-03-18 16:34:24,2026-03-18 16:35:19,OK,NO
498,6,2026-03-18 16:34:18,2026-03-18 16:35:23,OK,NO
509,2,2026-03-18 16:34:50,2026-03-18 16:35:41,OK,NO
506,3,2026-03-18 16:34:50,2026-03-18 16:35:51,OK,NO
461,8,2026-03-18 16:35:00,2026-03-18 16:35:54,OK,NO
457,12,2026-03-18 16:34:53,2026-03-18 16:35:58,OK,NO
503,5,2026-03-18 16:34:50,2026-03-18 16:35:58,OK,NO
521,1,2026-03-18 16:34:50,2026-03-18 16:36:00,OK,NO
460,9,2026-03-18 16:34:53,2026-03-18 16:36:04,OK,NO
504,4,2026-03-18 16:34:50,2026-03-18 16:36:16,OK,NO
459,11,2026-03-18 16:35:19,2026-03-18 16:36:16,OK,NO
499,6,2026-03-18 16:35:23,2026-03-18 16:36:21,OK,NO
460,10,2026-03-18 16:36:04,2026-03-18 16:36:52,OK,NO
458,12,2026-03-18 16:35:58,2026-03-18 16:36:52,OK,NO
462,7,2026-03-18 16:35:00,2026-03-18 16:37:00,OK,NO
461,9,2026-03-18 16:36:04,2026-03-18 16:37:02,OK,NO
504,5,2026-03-18 16:36:16,2026-03-18 16:37:10,OK,NO
507,3,2026-03-18 16:36:16,2026-03-18 16:37:15,OK,NO
500,6,2026-03-18 16:36:21,2026-03-18 16:37:23,OK,NO
522,1,2026-03-18 16:36:16,2026-03-18 16:37:26,OK,NO
505,4,2026-03-18 16:36:16,2026-03-18 16:37:26,OK,NO
510,2,2026-03-18 16:36:16,2026-03-18 16:37:28,OK,NO
460,11,2026-03-18 16:36:52,2026-03-18 16:37:47,OK,NO
462,8,2026-03-18 16:37:00,2026-03-18 16:37:56,OK,NO
459,12,2026-03-18 16:36:52,2026-03-18 16:37:59,OK,NO
461,10,2026-03-18 16:37:02,2026-03-18 16:37:59,OK,NO
501,6,2026-03-18 16:37:23,2026-03-18 16:38:16,OK,NO
511,2,2026-03-18 16:37:28,2026-03-18 16:38:26,OK,NO
463,7,2026-03-18 16:37:00,2026-03-18 16:38:29,OK,NO
523,1,2026-03-18 16:37:28,2026-03-18 16:38:31,OK,NO
508,3,2026-03-18 16:37:26,2026-03-18 16:38:33,OK,NO
506,4,2026-03-18 16:37:26,2026-03-18 16:38:37,OK,NO
505,5,2026-03-18 16:37:26,2026-03-18 16:38:37,OK,NO
460,12,2026-03-18 16:37:59,2026-03-18 16:38:58,OK,NO
461,11,2026-03-18 16:37:59,2026-03-18 16:39:01,OK,NO
462,9,2026-03-18 16:37:56,2026-03-18 16:39:03,OK,NO
502,6,2026-03-18 16:38:16,2026-03-18 16:39:22,OK,NO
509,3,2026-03-18 16:38:37,2026-03-18 16:39:34,OK,NO
463,8,2026-03-18 16:38:29,2026-03-18 16:39:37,OK,NO
524,1,2026-03-18 16:38:37,2026-03-18 16:39:37,OK,NO
507,4,2026-03-18 16:38:37,2026-03-18 16:39:38,OK,NO
506,5,2026-03-18 16:38:37,2026-03-18 16:39:38,OK,NO
512,2,2026-03-18 16:38:37,2026-03-18 16:39:38,OK,NO
464,7,2026-03-18 16:38:29,2026-03-18 16:39:42,OK,NO
461,12,2026-03-18 16:39:01,2026-03-18 16:40:00,OK,NO
462,10,2026-03-18 16:39:03,2026-03-18 16:40:11,OK,NO
503,6,2026-03-18 16:39:22,2026-03-18 16:40:15,OK,NO
463,9,2026-03-18 16:39:37,2026-03-18 16:40:33,OK,NO
513,2,2026-03-18 16:39:38,2026-03-18 16:40:35,OK,NO
525,1,2026-03-18 16:39:38,2026-03-18 16:40:36,OK,NO
464,8,2026-03-18 16:39:42,2026-03-18 16:40:37,OK,NO
507,5,2026-03-18 16:39:38,2026-03-18 16:40:38,OK,NO
510,3,2026-03-18 16:39:38,2026-03-18 16:40:39,OK,NO
508,4,2026-03-18 16:39:38,2026-03-18 16:40:53,OK,NO
465,7,2026-03-18 16:39:42,2026-03-18 16:40:56,OK,NO
462,11,2026-03-18 16:40:11,2026-03-18 16:41:10,OK,NO
504,6,2026-03-18 16:40:15,2026-03-18 16:41:18,OK,NO
463,10,2026-03-18 16:40:33,2026-03-18 16:41:32,OK,NO
464,9,2026-03-18 16:40:37,2026-03-18 16:41:42,OK,NO
508,5,2026-03-18 16:40:53,2026-03-18 16:41:50,OK,NO
526,1,2026-03-18 16:40:53,2026-03-18 16:41:50,OK,NO
511,3,2026-03-18 16:40:53,2026-03-18 16:41:50,OK,NO
465,8,2026-03-18 16:40:56,2026-03-18 16:41:52,OK,NO
509,4,2026-03-18 16:40:53,2026-03-18 16:41:53,OK,NO
514,2,2026-03-18 16:40:53,2026-03-18 16:42:00,OK,NO
466,7,2026-03-18 16:40:56,2026-03-18 16:42:08,OK,NO
462,12,2026-03-18 16:41:10,2026-03-18 16:42:08,OK,NO
505,6,2026-03-18 16:41:18,2026-03-18 16:42:20,OK,NO
463,11,2026-03-18 16:41:32,2026-03-18 16:42:34,OK,NO
464,10,2026-03-18 16:41:42,2026-03-18 16:42:36,OK,NO
512,3,2026-03-18 16:41:53,2026-03-18 16:42:51,OK,NO
515,2,2026-03-18 16:42:00,2026-03-18 16:42:55,OK,NO
465,9,2026-03-18 16:41:52,2026-03-18 16:42:58,OK,NO
527,1,2026-03-18 16:42:00,2026-03-18 16:43:01,OK,NO
509,5,2026-03-18 16:41:53,2026-03-18 16:43:07,OK,NO
466,8,2026-03-18 16:42:08,2026-03-18 16:43:08,OK,NO
510,4,2026-03-18 16:41:53,2026-03-18 16:43:17,OK,NO
464,11,2026-03-18 16:42:36,2026-03-18 16:43:22,OK,NO
506,6,2026-03-18 16:42:20,2026-03-18 16:43:26,OK,NO
467,7,2026-03-18 16:42:08,2026-03-18 16:43:35,OK,NO
463,12,2026-03-18 16:42:34,2026-03-18 16:43:36,OK,NO
465,10,2026-03-18 16:42:58,2026-03-18 16:43:54,OK,NO
511,4,2026-03-18 16:43:17,2026-03-18 16:44:09,OK,NO
466,9,2026-03-18 16:43:08,2026-03-18 16:44:11,OK,NO
528,1,2026-03-18 16:43:17,2026-03-18 16:44:13,OK,NO
513,3,2026-03-18 16:43:17,2026-03-18 16:44:13,OK,NO
507,6,2026-03-18 16:43:26,2026-03-18 16:44:17,OK,NO
516,2,2026-03-18 16:43:17,2026-03-18 16:44:18,OK,NO
510,5,2026-03-18 16:43:17,2026-03-18 16:44:24,OK,NO
464,12,2026-03-18 16:43:36,2026-03-18 16:44:31,OK,NO
467,8,2026-03-18 16:43:35,2026-03-18 16:44:34,OK,NO
512,4,2026-03-18 16:44:09,2026-03-18 16:45:02,OK,NO
465,11,2026-03-18 16:43:54,2026-03-18 16:45:04,OK,NO
466,10,2026-03-18 16:44:11,2026-03-18 16:45:10,OK,NO
508,6,2026-03-18 16:44:17,2026-03-18 16:45:17,OK,NO
517,2,2026-03-18 16:44:18,2026-03-18 16:45:17,OK,NO
511,5,2026-03-18 16:44:24,2026-03-18 16:45:18,OK,NO
514,3,2026-03-18 16:44:13,2026-03-18 16:45:21,OK,NO
468,7,2026-03-18 16:43:35,2026-03-18 16:45:25,OK,NO
529,1,2026-03-18 16:44:18,2026-03-18 16:45:25,OK,NO
467,9,2026-03-18 16:44:34,2026-03-18 16:45:40,OK,NO
465,12,2026-03-18 16:45:04,2026-03-18 16:45:56,OK,NO
513,4,2026-03-18 16:45:02,2026-03-18 16:46:09,OK,NO
512,5,2026-03-18 16:45:18,2026-03-18 16:46:09,OK,NO
466,11,2026-03-18 16:45:10,2026-03-18 16:46:14,OK,NO
509,6,2026-03-18 16:45:17,2026-03-18 16:46:14,OK,NO
468,8,2026-03-18 16:45:25,2026-03-18 16:46:17,OK,NO
518,2,2026-03-18 16:45:21,2026-03-18 16:46:30,OK,NO
467,10,2026-03-18 16:45:40,2026-03-18 16:46:31,OK,NO
515,3,2026-03-18 16:45:21,2026-03-18 16:46:34,OK,NO
530,1,2026-03-18 16:45:25,2026-03-18 16:46:36,OK,NO
469,7,2026-03-18 16:45:25,2026-03-18 16:47:01,OK,NO
513,5,2026-03-18 16:46:09,2026-03-18 16:47:04,OK,NO
514,4,2026-03-18 16:46:09,2026-03-18 16:47:06,OK,NO
510,6,2026-03-18 16:46:14,2026-03-18 16:47:06,OK,NO
466,12,2026-03-18 16:46:14,2026-03-18 16:47:12,OK,NO
516,3,2026-03-18 16:46:34,2026-03-18 16:47:33,OK,NO
519,2,2026-03-18 16:46:34,2026-03-18 16:47:35,OK,NO
531,1,2026-03-18 16:46:36,2026-03-18 16:47:36,OK,NO
467,11,2026-03-18 16:46:31,2026-03-18 16:47:36,OK,NO
468,9,2026-03-18 16:46:17,2026-03-18 16:47:45,OK,NO
514,5,2026-03-18 16:47:06,2026-03-18 16:47:57,OK,NO
469,8,2026-03-18 16:47:01,2026-03-18 16:48:01,OK,NO
511,6,2026-03-18 16:47:06,2026-03-18 16:48:04,OK,NO
470,7,2026-03-18 16:47:01,2026-03-18 16:48:09,OK,NO
515,4,2026-03-18 16:47:06,2026-03-18 16:48:18,OK,NO
520,2,2026-03-18 16:47:35,2026-03-18 16:48:30,OK,NO
517,3,2026-03-18 16:47:33,2026-03-18 16:48:37,OK,NO
532,1,2026-03-18 16:47:36,2026-03-18 16:48:39,OK,NO
467,12,2026-03-18 16:47:36,2026-03-18 16:48:40,OK,NO
468,10,2026-03-18 16:47:45,2026-03-18 16:48:40,OK,NO
512,6,2026-03-18 16:48:04,2026-03-18 16:49:08,OK,NO
469,9,2026-03-18 16:48:01,2026-03-18 16:49:12,OK,NO
470,8,2026-03-18 16:48:09,2026-03-18 16:49:14,OK,NO
515,5,2026-03-18 16:48:18,2026-03-18 16:49:23,OK,NO
516,4,2026-03-18 16:48:18,2026-03-18 16:49:24,OK,NO
521,2,2026-03-18 16:48:37,2026-03-18 16:49:31,OK,NO
533,1,2026-03-18 16:48:39,2026-03-18 16:49:35,OK,NO
471,7,2026-03-18 16:48:09,2026-03-18 16:49:37,OK,NO
468,11,2026-03-18 16:48:40,2026-03-18 16:49:43,OK,NO
518,3,2026-03-18 16:48:37,2026-03-18 16:49:46,OK,NO
470,9,2026-03-18 16:49:14,2026-03-18 16:50:11,OK,NO
513,6,2026-03-18 16:49:08,2026-03-18 16:50:11,OK,NO
469,10,2026-03-18 16:49:12,2026-03-18 16:50:14,OK,NO
516,5,2026-03-18 16:49:24,2026-03-18 16:50:21,OK,NO
517,4,2026-03-18 16:49:24,2026-03-18 16:50:28,OK,NO
471,8,2026-03-18 16:49:37,2026-03-18 16:50:36,OK,NO
522,2,2026-03-18 16:49:46,2026-03-18 16:50:38,OK,NO
519,3,2026-03-18 16:49:46,2026-03-18 16:50:46,OK,NO
534,1,2026-03-18 16:49:46,2026-03-18 16:50:46,OK,NO
472,7,2026-03-18 16:49:37,2026-03-18 16:50:51,OK,NO
468,12,2026-03-18 16:49:43,2026-03-18 16:50:53,OK,NO
514,6,2026-03-18 16:50:11,2026-03-18 16:51:14,OK,NO
469,11,2026-03-18 16:50:14,2026-03-18 16:51:16,OK,NO
470,10,2026-03-18 16:50:14,2026-03-18 16:51:21,OK,NO
518,4,2026-03-18 16:50:28,2026-03-18 16:51:28,OK,NO
472,8,2026-03-18 16:50:51,2026-03-18 16:51:44,OK,NO
471,9,2026-03-18 16:50:36,2026-03-18 16:51:45,OK,NO
520,3,2026-03-18 16:50:46,2026-03-18 16:51:47,OK,NO
523,2,2026-03-18 16:50:46,2026-03-18 16:51:48,OK,NO
535,1,2026-03-18 16:50:46,2026-03-18 16:51:55,OK,NO
515,6,2026-03-18 16:51:14,2026-03-18 16:52:19,OK,NO
470,11,2026-03-18 16:51:21,2026-03-18 16:52:20,OK,NO
469,12,2026-03-18 16:51:16,2026-03-18 16:52:24,OK,NO
473,7,2026-03-18 16:50:51,2026-03-18 16:52:28,OK,NO
519,4,2026-03-18 16:51:28,2026-03-18 16:52:35,OK,NO
524,2,2026-03-18 16:51:48,2026-03-18 16:52:40,OK,NO
472,9,2026-03-18 16:51:45,2026-03-18 16:52:45,OK,NO
471,10,2026-03-18 16:51:45,2026-03-18 16:52:51,OK,NO
521,3,2026-03-18 16:51:47,2026-03-18 16:52:57,OK,NO
536,1,2026-03-18 16:51:55,2026-03-18 16:52:58,OK,NO
516,6,2026-03-18 16:52:19,2026-03-18 16:53:16,OK,NO
470,12,2026-03-18 16:52:24,2026-03-18 16:53:29,OK,NO
473,8,2026-03-18 16:52:28,2026-03-18 16:53:31,OK,NO
520,4,2026-03-18 16:52:35,2026-03-18 16:53:39,OK,NO
474,7,2026-03-18 16:52:28,2026-03-18 16:53:39,OK,NO
472,10,2026-03-18 16:52:51,2026-03-18 16:53:45,OK,NO
525,2,2026-03-18 16:52:57,2026-03-18 16:53:54,OK,NO
522,3,2026-03-18 16:52:57,2026-03-18 16:53:56,OK,NO
471,11,2026-03-18 16:52:51,2026-03-18 16:53:58,OK,NO
537,1,2026-03-18 16:52:58,2026-03-18 16:54:00,OK,NO
473,9,2026-03-18 16:53:31,2026-03-18 16:54:28,OK,NO
474,8,2026-03-18 16:53:39,2026-03-18 16:54:37,OK,NO
475,7,2026-03-18 16:53:39,2026-03-18 16:54:44,OK,NO
521,4,2026-03-18 16:53:39,2026-03-18 16:54:46,OK,NO
472,11,2026-03-18 16:53:58,2026-03-18 16:54:58,OK,NO
526,2,2026-03-18 16:53:56,2026-03-18 16:54:59,OK,NO
523,3,2026-03-18 16:53:56,2026-03-18 16:55:03,OK,NO
471,12,2026-03-18 16:53:58,2026-03-18 16:55:07,OK,NO
538,1,2026-03-18 16:54:00,2026-03-18 16:55:12,OK,NO
474,9,2026-03-18 16:54:37,2026-03-18 16:55:31,OK,NO
473,10,2026-03-18 16:54:28,2026-03-18 16:55:38,OK,NO
475,8,2026-03-18 16:54:44,2026-03-18 16:55:43,OK,NO
476,7,2026-03-18 16:54:44,2026-03-18 16:56:00,OK,NO
527,2,2026-03-18 16:55:03,2026-03-18 16:56:00,OK,NO
522,4,2026-03-18 16:54:46,2026-03-18 16:56:02,OK,NO
539,1,2026-03-18 16:55:12,2026-03-18 16:56:10,OK,NO
524,3,2026-03-18 16:55:03,2026-03-18 16:56:10,OK,NO
472,12,2026-03-18 16:55:07,2026-03-18 16:56:13,OK,NO
473,11,2026-03-18 16:55:38,2026-03-18 16:56:32,OK,NO
475,9,2026-03-18 16:55:43,2026-03-18 16:56:35,OK,NO
474,10,2026-03-18 16:55:38,2026-03-18 16:56:38,OK,NO
528,2,2026-03-18 16:56:10,2026-03-18 16:56:58,OK,NO
476,8,2026-03-18 16:56:00,2026-03-18 16:56:58,OK,NO
523,4,2026-03-18 16:56:02,2026-03-18 16:57:01,OK,NO
525,3,2026-03-18 16:56:10,2026-03-18 16:57:07,OK,NO
540,1,2026-03-18 16:56:10,2026-03-18 16:57:10,OK,NO
474,11,2026-03-18 16:56:38,2026-03-18 16:57:36,OK,NO
475,10,2026-03-18 16:56:38,2026-03-18 16:57:37,OK,NO
473,12,2026-03-18 16:56:32,2026-03-18 16:57:40,OK,NO
476,9,2026-03-18 16:56:58,2026-03-18 16:57:54,OK,NO
526,3,2026-03-18 16:57:07,2026-03-18 16:58:07,OK,NO
541,1,2026-03-18 16:57:10,2026-03-18 16:58:08,OK,NO
524,4,2026-03-18 16:57:01,2026-03-18 16:58:10,OK,NO
529,2,2026-03-18 16:57:07,2026-03-18 16:58:11,OK,NO
475,11,2026-03-18 16:57:37,2026-03-18 16:58:31,OK,NO
474,12,2026-03-18 16:57:40,2026-03-18 16:58:36,OK,NO
476,10,2026-03-18 16:57:54,2026-03-18 16:58:58,OK,NO
527,3,2026-03-18 16:58:10,2026-03-18 16:59:12,OK,NO
542,1,2026-03-18 16:58:11,2026-03-18 16:59:12,OK,NO
530,2,2026-03-18 16:58:11,2026-03-18 16:59:15,OK,NO
475,12,2026-03-18 16:58:36,2026-03-18 16:59:35,OK,NO
525,4,2026-03-18 16:58:10,2026-03-18 16:59:42,OK,NO
476,11,2026-03-18 16:58:58,2026-03-18 17:00:05,OK,NO
517,5,2026-03-18 16:59:12,2026-03-18 17:00:08,OK,NO
528,3,2026-03-18 16:59:42,2026-03-18 17:00:39,OK,NO
531,2,2026-03-18 16:59:42,2026-03-18 17:00:40,OK,NO
543,1,2026-03-18 16:59:42,2026-03-18 17:00:44,OK,NO
526,4,2026-03-18 16:59:42,2026-03-18 17:00:46,OK,NO
517,6,2026-03-18 17:00:08,2026-03-18 17:01:05,OK,NO
476,12,2026-03-18 17:00:05,2026-03-18 17:01:10,OK,NO
518,5,2026-03-18 17:00:08,2026-03-18 17:01:14,OK,NO
544,1,2026-03-18 17:00:46,2026-03-18 17:01:42,OK,NO
529,3,2026-03-18 17:00:46,2026-03-18 17:01:44,OK,NO
532,2,2026-03-18 17:00:46,2026-03-18 17:01:46,OK,NO
527,4,2026-03-18 17:00:46,2026-03-18 17:01:49,OK,NO
519,5,2026-03-18 17:01:14,2026-03-18 17:02:15,OK,NO
518,6,2026-03-18 17:01:14,2026-03-18 17:02:19,OK,NO
528,4,2026-03-18 17:01:49,2026-03-18 17:02:48,OK,NO
530,3,2026-03-18 17:01:49,2026-03-18 17:02:53,OK,NO
545,1,2026-03-18 17:01:49,2026-03-18 17:02:54,OK,NO
533,2,2026-03-18 17:01:49,2026-03-18 17:02:54,OK,NO
519,6,2026-03-18 17:02:19,2026-03-18 17:03:10,OK,NO
520,5,2026-03-18 17:02:15,2026-03-18 17:03:24,OK,NO
534,2,2026-03-18 17:02:54,2026-03-18 17:03:56,OK,NO
529,4,2026-03-18 17:02:48,2026-03-18 17:03:58,OK,NO
531,3,2026-03-18 17:02:53,2026-03-18 17:03:59,OK,NO
546,1,2026-03-18 17:02:54,2026-03-18 17:04:02,OK,NO
477,7,2026-03-18 17:02:50,2026-03-18 17:04:11,OK,NO
520,6,2026-03-18 17:03:24,2026-03-18 17:04:21,OK,NO
521,5,2026-03-18 17:03:24,2026-03-18 17:04:28,OK,NO
532,3,2026-03-18 17:03:59,2026-03-18 17:04:54,OK,NO
535,2,2026-03-18 17:03:59,2026-03-18 17:04:57,OK,NO
547,1,2026-03-18 17:04:02,2026-03-18 17:05:10,OK,NO
530,4,2026-03-18 17:03:58,2026-03-18 17:05:14,OK,NO
477,8,2026-03-18 17:04:11,2026-03-18 17:05:20,OK,NO
522,5,2026-03-18 17:04:28,2026-03-18 17:05:30,OK,NO
521,6,2026-03-18 17:04:28,2026-03-18 17:05:32,OK,NO
478,7,2026-03-18 17:04:11,2026-03-18 17:05:32,OK,NO
536,2,2026-03-18 17:05:14,2026-03-18 17:06:05,OK,NO
533,3,2026-03-18 17:05:14,2026-03-18 17:06:14,OK,NO
477,9,2026-03-18 17:05:20,2026-03-18 17:06:17,OK,NO
548,1,2026-03-18 17:05:14,2026-03-18 17:06:19,OK,NO
531,4,2026-03-18 17:05:14,2026-03-18 17:06:22,OK,NO
523,5,2026-03-18 17:05:30,2026-03-18 17:06:36,OK,NO
478,8,2026-03-18 17:05:32,2026-03-18 17:06:39,OK,NO
522,6,2026-03-18 17:05:32,2026-03-18 17:06:43,OK,NO
479,7,2026-03-18 17:05:32,2026-03-18 17:06:52,OK,NO
549,1,2026-03-18 17:06:22,2026-03-18 17:07:15,OK,NO
477,10,2026-03-18 17:06:17,2026-03-18 17:07:16,OK,NO
532,4,2026-03-18 17:06:22,2026-03-18 17:07:21,OK,NO
537,2,2026-03-18 17:06:22,2026-03-18 17:07:24,OK,NO
534,3,2026-03-18 17:06:22,2026-03-18 17:07:25,OK,NO
478,9,2026-03-18 17:06:39,2026-03-18 17:07:33,OK,NO
524,5,2026-03-18 17:06:36,2026-03-18 17:07:35,OK,NO
523,6,2026-03-18 17:06:43,2026-03-18 17:07:40,OK,NO
479,8,2026-03-18 17:06:52,2026-03-18 17:07:53,OK,NO
480,7,2026-03-18 17:06:52,2026-03-18 17:08:03,OK,NO
533,4,2026-03-18 17:07:21,2026-03-18 17:08:19,OK,NO
478,10,2026-03-18 17:07:33,2026-03-18 17:08:23,OK,NO
550,1,2026-03-18 17:07:25,2026-03-18 17:08:23,OK,NO
538,2,2026-03-18 17:07:25,2026-03-18 17:08:24,OK,NO
535,3,2026-03-18 17:07:25,2026-03-18 17:08:25,OK,NO
477,11,2026-03-18 17:07:16,2026-03-18 17:08:25,OK,NO
524,6,2026-03-18 17:07:40,2026-03-18 17:08:39,OK,NO
525,5,2026-03-18 17:07:35,2026-03-18 17:08:41,OK,NO
479,9,2026-03-18 17:07:53,2026-03-18 17:09:01,OK,NO
480,8,2026-03-18 17:08:03,2026-03-18 17:09:07,OK,NO
481,7,2026-03-18 17:08:03,2026-03-18 17:09:16,OK,NO
477,12,2026-03-18 17:08:25,2026-03-18 17:09:19,OK,NO
539,2,2026-03-18 17:08:25,2026-03-18 17:09:26,OK,NO
551,1,2026-03-18 17:08:25,2026-03-18 17:09:28,OK,NO
478,11,2026-03-18 17:08:25,2026-03-18 17:09:31,OK,NO
536,3,2026-03-18 17:08:25,2026-03-18 17:09:33,OK,NO
534,4,2026-03-18 17:08:19,2026-03-18 17:09:42,OK,NO
525,6,2026-03-18 17:08:41,2026-03-18 17:09:42,OK,NO
526,5,2026-03-18 17:08:41,2026-03-18 17:09:50,OK,NO
480,9,2026-03-18 17:09:07,2026-03-18 17:09:56,OK,NO
479,10,2026-03-18 17:09:01,2026-03-18 17:09:58,OK,NO
481,8,2026-03-18 17:09:16,2026-03-18 17:10:19,OK,NO
482,7,2026-03-18 17:09:16,2026-03-18 17:10:34,OK,NO
478,12,2026-03-18 17:09:31,2026-03-18 17:10:35,OK,NO
537,3,2026-03-18 17:09:42,2026-03-18 17:10:38,OK,NO
535,4,2026-03-18 17:09:42,2026-03-18 17:10:48,OK,NO
526,6,2026-03-18 17:09:50,2026-03-18 17:10:48,OK,NO
540,2,2026-03-18 17:09:42,2026-03-18 17:10:49,OK,NO
552,1,2026-03-18 17:09:42,2026-03-18 17:10:50,OK,NO
480,10,2026-03-18 17:09:58,2026-03-18 17:10:52,OK,NO
479,11,2026-03-18 17:09:58,2026-03-18 17:10:58,OK,NO
527,5,2026-03-18 17:09:50,2026-03-18 17:11:00,OK,NO
481,9,2026-03-18 17:10:19,2026-03-18 17:11:27,OK,NO
482,8,2026-03-18 17:10:34,2026-03-18 17:11:29,OK,NO
541,2,2026-03-18 17:10:49,2026-03-18 17:11:41,OK,NO
536,4,2026-03-18 17:10:48,2026-03-18 17:11:43,OK,NO
538,3,2026-03-18 17:10:48,2026-03-18 17:11:43,OK,NO
553,1,2026-03-18 17:10:50,2026-03-18 17:11:45,OK,NO
483,7,2026-03-18 17:10:34,2026-03-18 17:11:46,OK,NO
527,6,2026-03-18 17:11:00,2026-03-18 17:11:54,OK,NO
480,11,2026-03-18 17:10:58,2026-03-18 17:11:56,OK,NO
528,5,2026-03-18 17:11:00,2026-03-18 17:12:00,OK,NO
479,12,2026-03-18 17:10:58,2026-03-18 17:12:00,OK,NO
482,9,2026-03-18 17:11:29,2026-03-18 17:12:14,OK,NO
481,10,2026-03-18 17:11:27,2026-03-18 17:12:29,OK,NO
542,2,2026-03-18 17:11:43,2026-03-18 17:12:41,OK,NO
483,8,2026-03-18 17:11:46,2026-03-18 17:12:42,OK,NO
554,1,2026-03-18 17:11:45,2026-03-18 17:12:44,OK,NO
537,4,2026-03-18 17:11:43,2026-03-18 17:12:47,OK,NO
539,3,2026-03-18 17:11:43,2026-03-18 17:12:48,OK,NO
528,6,2026-03-18 17:12:00,2026-03-18 17:12:57,OK,NO
529,5,2026-03-18 17:12:00,2026-03-18 17:13:10,OK,NO
480,12,2026-03-18 17:12:00,2026-03-18 17:13:13,OK,NO
484,7,2026-03-18 17:11:46,2026-03-18 17:13:14,OK,NO
481,11,2026-03-18 17:12:29,2026-03-18 17:13:29,OK,NO
482,10,2026-03-18 17:12:29,2026-03-18 17:13:35,OK,NO
483,9,2026-03-18 17:12:42,2026-03-18 17:13:36,OK,NO
540,3,2026-03-18 17:12:48,2026-03-18 17:13:45,OK,NO
543,2,2026-03-18 17:12:48,2026-03-18 17:13:46,OK,NO
555,1,2026-03-18 17:12:48,2026-03-18 17:13:50,OK,NO
529,6,2026-03-18 17:13:10,2026-03-18 17:13:57,OK,NO
538,4,2026-03-18 17:12:47,2026-03-18 17:14:10,OK,NO
485,7,2026-03-18 17:13:14,2026-03-18 17:14:12,OK,NO
484,8,2026-03-18 17:13:14,2026-03-18 17:14:14,OK,NO
530,5,2026-03-18 17:13:10,2026-03-18 17:14:16,OK,NO
481,12,2026-03-18 17:13:29,2026-03-18 17:14:26,OK,NO
483,10,2026-03-18 17:13:36,2026-03-18 17:14:28,OK,NO
482,11,2026-03-18 17:13:35,2026-03-18 17:14:34,OK,NO
556,1,2026-03-18 17:14:10,2026-03-18 17:15:00,OK,NO
544,2,2026-03-18 17:14:10,2026-03-18 17:15:07,OK,NO
485,8,2026-03-18 17:14:14,2026-03-18 17:15:09,OK,NO
541,3,2026-03-18 17:14:10,2026-03-18 17:15:10,OK,NO
531,5,2026-03-18 17:14:16,2026-03-18 17:15:10,OK,NO
484,9,2026-03-18 17:14:14,2026-03-18 17:15:17,OK,NO
530,6,2026-03-18 17:14:16,2026-03-18 17:15:21,OK,NO
486,7,2026-03-18 17:14:12,2026-03-18 17:15:25,OK,NO
539,4,2026-03-18 17:14:10,2026-03-18 17:15:25,OK,NO
483,11,2026-03-18 17:14:34,2026-03-18 17:15:27,OK,NO
482,12,2026-03-18 17:14:34,2026-03-18 17:15:44,OK,NO
532,5,2026-03-18 17:15:10,2026-03-18 17:16:07,OK,NO
484,10,2026-03-18 17:15:17,2026-03-18 17:16:13,OK,NO
485,9,2026-03-18 17:15:17,2026-03-18 17:16:15,OK,NO
542,3,2026-03-18 17:15:25,2026-03-18 17:16:20,OK,NO
486,8,2026-03-18 17:15:25,2026-03-18 17:16:21,OK,NO
545,2,2026-03-18 17:15:25,2026-03-18 17:16:24,OK,NO
531,6,2026-03-18 17:15:21,2026-03-18 17:16:24,OK,NO
557,1,2026-03-18 17:15:25,2026-03-18 17:16:25,OK,NO
540,4,2026-03-18 17:15:25,2026-03-18 17:16:28,OK,NO
483,12,2026-03-18 17:15:44,2026-03-18 17:16:41,OK,NO
487,7,2026-03-18 17:15:25,2026-03-18 17:16:46,OK,NO
484,11,2026-03-18 17:16:13,2026-03-18 17:16:59,OK,NO
533,5,2026-03-18 17:16:07,2026-03-18 17:17:03,OK,NO
485,10,2026-03-18 17:16:15,2026-03-18 17:17:11,OK,NO
543,3,2026-03-18 17:16:28,2026-03-18 17:17:19,OK,NO
558,1,2026-03-18 17:16:28,2026-03-18 17:17:24,OK,NO
532,6,2026-03-18 17:16:24,2026-03-18 17:17:29,OK,NO
486,9,2026-03-18 17:16:21,2026-03-18 17:17:29,OK,NO
546,2,2026-03-18 17:16:28,2026-03-18 17:17:38,OK,NO
487,8,2026-03-18 17:16:46,2026-03-18 17:17:44,OK,NO
484,12,2026-03-18 17:16:59,2026-03-18 17:17:58,OK,NO
488,7,2026-03-18 17:16:46,2026-03-18 17:18:03,OK,NO
541,4,2026-03-18 17:16:28,2026-03-18 17:18:04,OK,NO
485,11,2026-03-18 17:17:11,2026-03-18 17:18:13,OK,NO
534,5,2026-03-18 17:17:03,2026-03-18 17:18:14,OK,NO
486,10,2026-03-18 17:17:29,2026-03-18 17:18:31,OK,NO
533,6,2026-03-18 17:17:29,2026-03-18 17:18:32,OK,NO
487,9,2026-03-18 17:17:44,2026-03-18 17:18:51,OK,NO
544,3,2026-03-18 17:18:04,2026-03-18 17:19:04,OK,NO
547,2,2026-03-18 17:18:04,2026-03-18 17:19:05,OK,NO
559,1,2026-03-18 17:18:04,2026-03-18 17:19:07,OK,NO
485,12,2026-03-18 17:18:13,2026-03-18 17:19:07,OK,NO
542,4,2026-03-18 17:18:04,2026-03-18 17:19:13,OK,NO
488,8,2026-03-18 17:18:03,2026-03-18 17:19:14,OK,NO
535,5,2026-03-18 17:18:14,2026-03-18 17:19:17,OK,NO
489,7,2026-03-18 17:18:03,2026-03-18 17:19:18,OK,NO
486,11,2026-03-18 17:18:31,2026-03-18 17:19:24,OK,NO
534,6,2026-03-18 17:18:32,2026-03-18 17:19:29,OK,NO
487,10,2026-03-18 17:18:51,2026-03-18 17:20:00,OK,NO
543,4,2026-03-18 17:19:13,2026-03-18 17:20:06,OK,NO
548,2,2026-03-18 17:19:13,2026-03-18 17:20:08,OK,NO
489,8,2026-03-18 17:19:18,2026-03-18 17:20:11,OK,NO
486,12,2026-03-18 17:19:24,2026-03-18 17:20:17,OK,NO
560,1,2026-03-18 17:19:13,2026-03-18 17:20:21,OK,NO
488,9,2026-03-18 17:19:14,2026-03-18 17:20:22,OK,NO
536,5,2026-03-18 17:19:17,2026-03-18 17:20:24,OK,NO
545,3,2026-03-18 17:19:13,2026-03-18 17:20:25,OK,NO
535,6,2026-03-18 17:19:29,2026-03-18 17:20:34,OK,NO
490,7,2026-03-18 17:19:18,2026-03-18 17:20:35,OK,NO
487,11,2026-03-18 17:20:00,2026-03-18 17:21:03,OK,NO
544,4,2026-03-18 17:20:06,2026-03-18 17:21:08,OK,NO
489,9,2026-03-18 17:20:22,2026-03-18 17:21:10,OK,NO
488,10,2026-03-18 17:20:22,2026-03-18 17:21:18,OK,NO
561,1,2026-03-18 17:20:25,2026-03-18 17:21:23,OK,NO
536,6,2026-03-18 17:20:34,2026-03-18 17:21:24,OK,NO
537,5,2026-03-18 17:20:24,2026-03-18 17:21:24,OK,NO
490,8,2026-03-18 17:20:35,2026-03-18 17:21:27,OK,NO
546,3,2026-03-18 17:20:25,2026-03-18 17:21:28,OK,NO
549,2,2026-03-18 17:20:25,2026-03-18 17:21:33,OK,NO
491,7,2026-03-18 17:20:35,2026-03-18 17:21:51,OK,NO
545,4,2026-03-18 17:21:08,2026-03-18 17:22:08,OK,NO
487,12,2026-03-18 17:21:03,2026-03-18 17:22:12,OK,NO
538,5,2026-03-18 17:21:24,2026-03-18 17:22:21,OK,NO
550,2,2026-03-18 17:21:33,2026-03-18 17:22:23,OK,NO
488,11,2026-03-18 17:21:18,2026-03-18 17:22:25,OK,NO
489,10,2026-03-18 17:21:18,2026-03-18 17:22:25,OK,NO
490,9,2026-03-18 17:21:27,2026-03-18 17:22:26,OK,NO
537,6,2026-03-18 17:21:24,2026-03-18 17:22:28,OK,NO
547,3,2026-03-18 17:21:28,2026-03-18 17:22:28,OK,NO
562,1,2026-03-18 17:21:33,2026-03-18 17:22:32,OK,NO
491,8,2026-03-18 17:21:51,2026-03-18 17:22:43,OK,NO
492,7,2026-03-18 17:21:51,2026-03-18 17:23:09,OK,NO
539,5,2026-03-18 17:22:21,2026-03-18 17:23:20,OK,NO
548,3,2026-03-18 17:22:28,2026-03-18 17:23:21,OK,NO
546,4,2026-03-18 17:22:08,2026-03-18 17:23:23,OK,NO
563,1,2026-03-18 17:22:32,2026-03-18 17:23:27,OK,NO
488,12,2026-03-18 17:22:25,2026-03-18 17:23:28,OK,NO
490,10,2026-03-18 17:22:26,2026-03-18 17:23:28,OK,NO
489,11,2026-03-18 17:22:25,2026-03-18 17:23:28,OK,NO
551,2,2026-03-18 17:22:28,2026-03-18 17:23:28,OK,NO
538,6,2026-03-18 17:22:28,2026-03-18 17:23:29,OK,NO
491,9,2026-03-18 17:22:43,2026-03-18 17:23:51,OK,NO
492,8,2026-03-18 17:23:09,2026-03-18 17:24:10,OK,NO
547,4,2026-03-18 17:23:23,2026-03-18 17:24:20,OK,NO
549,3,2026-03-18 17:23:23,2026-03-18 17:24:23,OK,NO
552,2,2026-03-18 17:23:28,2026-03-18 17:24:23,OK,NO
539,6,2026-03-18 17:23:29,2026-03-18 17:24:23,OK,NO
564,1,2026-03-18 17:23:28,2026-03-18 17:24:24,OK,NO
489,12,2026-03-18 17:23:28,2026-03-18 17:24:25,OK,NO
540,5,2026-03-18 17:23:20,2026-03-18 17:24:27,OK,NO
490,11,2026-03-18 17:23:28,2026-03-18 17:24:32,OK,NO
493,7,2026-03-18 17:23:09,2026-03-18 17:24:33,OK,NO
491,10,2026-03-18 17:23:51,2026-03-18 17:25:00,OK,NO
492,9,2026-03-18 17:24:10,2026-03-18 17:25:08,OK,NO
553,2,2026-03-18 17:24:23,2026-03-18 17:25:18,OK,NO
565,1,2026-03-18 17:24:24,2026-03-18 17:25:20,OK,NO
540,6,2026-03-18 17:24:27,2026-03-18 17:25:26,OK,NO
541,5,2026-03-18 17:24:27,2026-03-18 17:25:28,OK,NO
550,3,2026-03-18 17:24:23,2026-03-18 17:25:31,OK,NO
490,12,2026-03-18 17:24:32,2026-03-18 17:25:38,OK,NO
493,8,2026-03-18 17:24:33,2026-03-18 17:25:39,OK,NO
548,4,2026-03-18 17:24:20,2026-03-18 17:25:42,OK,NO
494,7,2026-03-18 17:24:33,2026-03-18 17:25:43,OK,NO
491,11,2026-03-18 17:25:00,2026-03-18 17:26:01,OK,NO
492,10,2026-03-18 17:25:08,2026-03-18 17:26:09,OK,NO
542,5,2026-03-18 17:25:28,2026-03-18 17:26:22,OK,NO
541,6,2026-03-18 17:25:28,2026-03-18 17:26:30,OK,NO
493,9,2026-03-18 17:25:39,2026-03-18 17:26:37,OK,NO
551,3,2026-03-18 17:25:42,2026-03-18 17:26:39,OK,NO
494,8,2026-03-18 17:25:43,2026-03-18 17:26:40,OK,NO
554,2,2026-03-18 17:25:42,2026-03-18 17:26:43,OK,NO
566,1,2026-03-18 17:25:42,2026-03-18 17:26:45,OK,NO
495,7,2026-03-18 17:25:43,2026-03-18 17:27:01,OK,NO
491,12,2026-03-18 17:26:01,2026-03-18 17:27:04,OK,NO
492,11,2026-03-18 17:26:09,2026-03-18 17:27:07,OK,NO
549,4,2026-03-18 17:25:42,2026-03-18 17:27:18,OK,NO
542,6,2026-03-18 17:26:30,2026-03-18 17:27:26,OK,NO
493,10,2026-03-18 17:26:37,2026-03-18 17:27:32,OK,NO
543,5,2026-03-18 17:26:22,2026-03-18 17:27:33,OK,NO
494,9,2026-03-18 17:26:40,2026-03-18 17:27:35,OK,NO
495,8,2026-03-18 17:27:01,2026-03-18 17:28:06,OK,NO
492,12,2026-03-18 17:27:07,2026-03-18 17:28:06,OK,NO
552,3,2026-03-18 17:27:18,2026-03-18 17:28:12,OK,NO
567,1,2026-03-18 17:27:18,2026-03-18 17:28:13,OK,NO
550,4,2026-03-18 17:27:18,2026-03-18 17:28:20,OK,NO
555,2,2026-03-18 17:27:18,2026-03-18 17:28:22,OK,NO
496,7,2026-03-18 17:27:01,2026-03-18 17:28:24,OK,NO
544,5,2026-03-18 17:27:33,2026-03-18 17:28:30,OK,NO
494,10,2026-03-18 17:27:35,2026-03-18 17:28:40,OK,NO
493,11,2026-03-18 17:27:32,2026-03-18 17:28:42,OK,NO
495,9,2026-03-18 17:28:06,2026-03-18 17:29:01,OK,NO
556,2,2026-03-18 17:28:22,2026-03-18 17:29:21,OK,NO
553,3,2026-03-18 17:28:20,2026-03-18 17:29:23,OK,NO
568,1,2026-03-18 17:28:22,2026-03-18 17:29:25,OK,NO
496,8,2026-03-18 17:28:24,2026-03-18 17:29:26,OK,NO
545,5,2026-03-18 17:28:30,2026-03-18 17:29:30,OK,NO
494,11,2026-03-18 17:28:42,2026-03-18 17:29:35,OK,NO
493,12,2026-03-18 17:28:42,2026-03-18 17:29:42,OK,NO
497,7,2026-03-18 17:28:24,2026-03-18 17:29:49,OK,NO
551,4,2026-03-18 17:28:20,2026-03-18 17:29:56,OK,NO
495,10,2026-03-18 17:29:01,2026-03-18 17:29:57,OK,NO
496,9,2026-03-18 17:29:26,2026-03-18 17:30:21,OK,NO
546,5,2026-03-18 17:29:30,2026-03-18 17:30:27,OK,NO
494,12,2026-03-18 17:29:42,2026-03-18 17:30:43,OK,NO
569,1,2026-03-18 17:29:56,2026-03-18 17:30:49,OK,NO
497,8,2026-03-18 17:29:49,2026-03-18 17:30:50,OK,NO
554,3,2026-03-18 17:29:56,2026-03-18 17:30:51,OK,NO
495,11,2026-03-18 17:29:57,2026-03-18 17:30:55,OK,NO
557,2,2026-03-18 17:29:56,2026-03-18 17:30:56,OK,NO
552,4,2026-03-18 17:29:56,2026-03-18 17:31:17,OK,NO
547,5,2026-03-18 17:30:27,2026-03-18 17:31:20,OK,NO
498,7,2026-03-18 17:29:49,2026-03-18 17:31:25,OK,NO
496,10,2026-03-18 17:30:21,2026-03-18 17:31:30,OK,NO
497,9,2026-03-18 17:30:50,2026-03-18 17:31:48,OK,NO
495,12,2026-03-18 17:30:55,2026-03-18 17:31:52,OK,NO
555,3,2026-03-18 17:31:17,2026-03-18 17:32:07,OK,NO
558,2,2026-03-18 17:31:17,2026-03-18 17:32:12,OK,NO
570,1,2026-03-18 17:31:17,2026-03-18 17:32:15,OK,NO
496,11,2026-03-18 17:31:30,2026-03-18 17:32:26,OK,NO
548,5,2026-03-18 17:31:20,2026-03-18 17:32:27,OK,NO
553,4,2026-03-18 17:31:17,2026-03-18 17:32:35,OK,NO
498,8,2026-03-18 17:31:25,2026-03-18 17:32:35,OK,NO
497,10,2026-03-18 17:31:48,2026-03-18 17:32:51,OK,NO
499,7,2026-03-18 17:31:25,2026-03-18 17:33:13,OK,NO
496,12,2026-03-18 17:32:26,2026-03-18 17:33:31,OK,NO
559,2,2026-03-18 17:32:35,2026-03-18 17:33:32,OK,NO
556,3,2026-03-18 17:32:35,2026-03-18 17:33:33,OK,NO
571,1,2026-03-18 17:32:35,2026-03-18 17:33:42,OK,NO
498,9,2026-03-18 17:32:35,2026-03-18 17:33:45,OK,NO
497,11,2026-03-18 17:32:51,2026-03-18 17:33:47,OK,NO
554,4,2026-03-18 17:32:35,2026-03-18 17:33:59,OK,NO
499,8,2026-03-18 17:33:13,2026-03-18 17:34:11,OK,NO
498,10,2026-03-18 17:33:45,2026-03-18 17:34:39,OK,NO
500,7,2026-03-18 17:33:13,2026-03-18 17:34:45,OK,NO
555,4,2026-03-18 17:33:59,2026-03-18 17:34:57,OK,NO
572,1,2026-03-18 17:33:59,2026-03-18 17:34:57,OK,NO
557,3,2026-03-18 17:33:59,2026-03-18 17:35:00,OK,NO
560,2,2026-03-18 17:33:59,2026-03-18 17:35:02,OK,NO
498,11,2026-03-18 17:34:39,2026-03-18 17:35:30,OK,NO
499,9,2026-03-18 17:34:11,2026-03-18 17:35:32,OK,NO
500,8,2026-03-18 17:34:45,2026-03-18 17:35:55,OK,NO
561,2,2026-03-18 17:35:02,2026-03-18 17:35:58,OK,NO
573,1,2026-03-18 17:35:02,2026-03-18 17:36:01,OK,NO
556,4,2026-03-18 17:34:57,2026-03-18 17:36:06,OK,NO
558,3,2026-03-18 17:35:00,2026-03-18 17:36:06,OK,NO
501,7,2026-03-18 17:34:45,2026-03-18 17:36:06,OK,NO
499,10,2026-03-18 17:35:32,2026-03-18 17:36:34,OK,NO
562,2,2026-03-18 17:36:06,2026-03-18 17:36:57,OK,NO
500,9,2026-03-18 17:35:55,2026-03-18 17:36:58,OK,NO
501,8,2026-03-18 17:36:06,2026-03-18 17:37:00,OK,NO
559,3,2026-03-18 17:36:06,2026-03-18 17:37:01,OK,NO
574,1,2026-03-18 17:36:06,2026-03-18 17:37:11,OK,NO
543,6,2026-03-18 17:36:25,2026-03-18 17:37:22,OK,NO
549,5,2026-03-18 17:36:25,2026-03-18 17:37:23,OK,NO
502,7,2026-03-18 17:36:06,2026-03-18 17:37:26,OK,NO
499,11,2026-03-18 17:36:34,2026-03-18 17:37:30,OK,NO
557,4,2026-03-18 17:36:06,2026-03-18 17:37:49,OK,NO
500,10,2026-03-18 17:36:58,2026-03-18 17:37:59,OK,NO
501,9,2026-03-18 17:37:00,2026-03-18 17:38:04,OK,NO
544,6,2026-03-18 17:37:22,2026-03-18 17:38:21,OK,NO
502,8,2026-03-18 17:37:26,2026-03-18 17:38:23,OK,NO
550,5,2026-03-18 17:37:23,2026-03-18 17:38:23,OK,NO
560,3,2026-03-18 17:37:49,2026-03-18 17:38:45,OK,NO
503,7,2026-03-18 17:37:26,2026-03-18 17:38:45,OK,NO
563,2,2026-03-18 17:37:49,2026-03-18 17:38:46,OK,NO
575,1,2026-03-18 17:37:49,2026-03-18 17:38:49,OK,NO
558,4,2026-03-18 17:37:49,2026-03-18 17:38:57,OK,NO
501,10,2026-03-18 17:38:04,2026-03-18 17:39:10,OK,NO
545,6,2026-03-18 17:38:21,2026-03-18 17:39:18,OK,NO
502,9,2026-03-18 17:38:23,2026-03-18 17:39:23,OK,NO
551,5,2026-03-18 17:38:23,2026-03-18 17:39:29,OK,NO
503,8,2026-03-18 17:38:45,2026-03-18 17:39:42,OK,NO
564,2,2026-03-18 17:38:57,2026-03-18 17:39:50,OK,NO
561,3,2026-03-18 17:38:57,2026-03-18 17:39:53,OK,NO
576,1,2026-03-18 17:38:57,2026-03-18 17:39:57,OK,NO
559,4,2026-03-18 17:38:57,2026-03-18 17:40:10,OK,NO
502,10,2026-03-18 17:39:23,2026-03-18 17:40:22,OK,NO
504,7,2026-03-18 17:38:45,2026-03-18 17:40:29,OK,NO
503,9,2026-03-18 17:39:42,2026-03-18 17:40:32,OK,NO
500,11,2026-03-18 17:39:49,2026-03-18 17:40:45,OK,NO
497,12,2026-03-18 17:39:49,2026-03-18 17:40:48,OK,NO
577,1,2026-03-18 17:40:10,2026-03-18 17:41:04,OK,NO
565,2,2026-03-18 17:40:10,2026-03-18 17:41:10,OK,NO
560,4,2026-03-18 17:40:10,2026-03-18 17:41:14,OK,NO
562,3,2026-03-18 17:40:10,2026-03-18 17:41:18,OK,NO
504,8,2026-03-18 17:40:29,2026-03-18 17:41:24,OK,NO
503,10,2026-03-18 17:40:32,2026-03-18 17:41:37,OK,NO
505,7,2026-03-18 17:40:29,2026-03-18 17:41:38,OK,NO
498,12,2026-03-18 17:40:48,2026-03-18 17:41:50,OK,NO
501,11,2026-03-18 17:40:48,2026-03-18 17:41:55,OK,NO
561,4,2026-03-18 17:41:14,2026-03-18 17:42:07,OK,NO
566,2,2026-03-18 17:41:18,2026-03-18 17:42:09,OK,NO
578,1,2026-03-18 17:41:18,2026-03-18 17:42:13,OK,NO
563,3,2026-03-18 17:41:18,2026-03-18 17:42:20,OK,NO
505,8,2026-03-18 17:41:38,2026-03-18 17:42:40,OK,NO
504,9,2026-03-18 17:41:24,2026-03-18 17:42:46,OK,NO
499,12,2026-03-18 17:41:50,2026-03-18 17:42:50,OK,NO
502,11,2026-03-18 17:41:55,2026-03-18 17:42:51,OK,NO
506,7,2026-03-18 17:41:38,2026-03-18 17:42:55,OK,NO
562,4,2026-03-18 17:42:07,2026-03-18 17:43:06,OK,NO
579,1,2026-03-18 17:42:20,2026-03-18 17:43:13,OK,NO
567,2,2026-03-18 17:42:20,2026-03-18 17:43:19,OK,NO
564,3,2026-03-18 17:42:20,2026-03-18 17:43:20,OK,NO
505,9,2026-03-18 17:42:46,2026-03-18 17:43:48,OK,NO
504,10,2026-03-18 17:42:46,2026-03-18 17:43:51,OK,NO
503,11,2026-03-18 17:42:51,2026-03-18 17:43:55,OK,NO
506,8,2026-03-18 17:42:55,2026-03-18 17:43:55,OK,NO
500,12,2026-03-18 17:42:50,2026-03-18 17:43:57,OK,NO
546,6,2026-03-18 17:42:58,2026-03-18 17:44:02,OK,NO
580,1,2026-03-18 17:43:20,2026-03-18 17:44:08,OK,NO
552,5,2026-03-18 17:42:58,2026-03-18 17:44:08,OK,NO
565,3,2026-03-18 17:43:20,2026-03-18 17:44:14,OK,NO
563,4,2026-03-18 17:43:06,2026-03-18 17:44:15,OK,NO
568,2,2026-03-18 17:43:20,2026-03-18 17:44:21,OK,NO
507,7,2026-03-18 17:42:55,2026-03-18 17:44:23,OK,NO
505,10,2026-03-18 17:43:51,2026-03-18 17:44:52,OK,NO
501,12,2026-03-18 17:43:57,2026-03-18 17:44:54,OK,NO
506,9,2026-03-18 17:43:55,2026-03-18 17:44:55,OK,NO
504,11,2026-03-18 17:43:57,2026-03-18 17:45:02,OK,NO
547,6,2026-03-18 17:44:02,2026-03-18 17:45:08,OK,NO
564,4,2026-03-18 17:44:15,2026-03-18 17:45:13,OK,NO
507,8,2026-03-18 17:44:23,2026-03-18 17:45:18,OK,NO
553,5,2026-03-18 17:44:08,2026-03-18 17:45:20,OK,NO
581,1,2026-03-18 17:44:21,2026-03-18 17:45:20,OK,NO
566,3,2026-03-18 17:44:15,2026-03-18 17:45:23,OK,NO
569,2,2026-03-18 17:44:21,2026-03-18 17:45:27,OK,NO
508,7,2026-03-18 17:44:23,2026-03-18 17:45:42,OK,NO
502,12,2026-03-18 17:44:54,2026-03-18 17:45:53,OK,NO
506,10,2026-03-18 17:44:55,2026-03-18 17:45:53,OK,NO
548,6,2026-03-18 17:45:08,2026-03-18 17:45:55,OK,NO
505,11,2026-03-18 17:45:02,2026-03-18 17:46:06,OK,NO
507,9,2026-03-18 17:45:18,2026-03-18 17:46:10,OK,NO
554,5,2026-03-18 17:45:20,2026-03-18 17:46:18,OK,NO
567,3,2026-03-18 17:45:23,2026-03-18 17:46:26,OK,NO
582,1,2026-03-18 17:45:27,2026-03-18 17:46:29,OK,NO
570,2,2026-03-18 17:45:27,2026-03-18 17:46:31,OK,NO
565,4,2026-03-18 17:45:13,2026-03-18 17:46:34,OK,NO
508,8,2026-03-18 17:45:42,2026-03-18 17:46:37,OK,NO
503,12,2026-03-18 17:45:53,2026-03-18 17:46:46,OK,NO
509,7,2026-03-18 17:45:42,2026-03-18 17:46:53,OK,NO
549,6,2026-03-18 17:45:55,2026-03-18 17:46:54,OK,NO
506,11,2026-03-18 17:46:06,2026-03-18 17:47:07,OK,NO
507,10,2026-03-18 17:46:10,2026-03-18 17:47:10,OK,NO
555,5,2026-03-18 17:46:18,2026-03-18 17:47:13,OK,NO
571,2,2026-03-18 17:46:34,2026-03-18 17:47:30,OK,NO
583,1,2026-03-18 17:46:34,2026-03-18 17:47:32,OK,NO
508,9,2026-03-18 17:46:37,2026-03-18 17:47:38,OK,NO
568,3,2026-03-18 17:46:34,2026-03-18 17:47:40,OK,NO
504,12,2026-03-18 17:46:46,2026-03-18 17:47:46,OK,NO
550,6,2026-03-18 17:46:54,2026-03-18 17:47:58,OK,NO
509,8,2026-03-18 17:46:53,2026-03-18 17:48:01,OK,NO
566,4,2026-03-18 17:46:34,2026-03-18 17:48:06,OK,NO
507,11,2026-03-18 17:47:10,2026-03-18 17:48:08,OK,NO
556,5,2026-03-18 17:47:13,2026-03-18 17:48:21,OK,NO
508,10,2026-03-18 17:47:38,2026-03-18 17:48:33,OK,NO
510,7,2026-03-18 17:46:53,2026-03-18 17:48:48,OK,NO
505,12,2026-03-18 17:47:46,2026-03-18 17:48:48,OK,NO
551,6,2026-03-18 17:47:58,2026-03-18 17:48:52,OK,NO
509,9,2026-03-18 17:48:01,2026-03-18 17:48:56,OK,NO
584,1,2026-03-18 17:48:06,2026-03-18 17:49:01,OK,NO
567,4,2026-03-18 17:48:06,2026-03-18 17:49:05,OK,NO
572,2,2026-03-18 17:48:06,2026-03-18 17:49:07,OK,NO
569,3,2026-03-18 17:48:06,2026-03-18 17:49:16,OK,NO
557,5,2026-03-18 17:48:21,2026-03-18 17:49:19,OK,NO
508,11,2026-03-18 17:48:33,2026-03-18 17:49:40,OK,NO
506,12,2026-03-18 17:48:48,2026-03-18 17:49:44,OK,NO
509,10,2026-03-18 17:48:56,2026-03-18 17:49:51,OK,NO
552,6,2026-03-18 17:48:52,2026-03-18 17:49:57,OK,NO
573,2,2026-03-18 17:49:16,2026-03-18 17:50:08,OK,NO
511,7,2026-03-18 17:48:48,2026-03-18 17:50:09,OK,NO
570,3,2026-03-18 17:49:16,2026-03-18 17:50:10,OK,NO
585,1,2026-03-18 17:49:16,2026-03-18 17:50:13,OK,NO
558,5,2026-03-18 17:49:19,2026-03-18 17:50:20,OK,NO
568,4,2026-03-18 17:49:05,2026-03-18 17:50:33,OK,NO
509,11,2026-03-18 17:49:51,2026-03-18 17:50:43,OK,NO
507,12,2026-03-18 17:49:44,2026-03-18 17:50:44,OK,NO
510,8,2026-03-18 17:49:36,2026-03-18 17:50:45,OK,NO
553,6,2026-03-18 17:49:57,2026-03-18 17:50:52,OK,NO
559,5,2026-03-18 17:50:20,2026-03-18 17:51:09,OK,NO
574,2,2026-03-18 17:50:33,2026-03-18 17:51:25,OK,NO
586,1,2026-03-18 17:50:33,2026-03-18 17:51:26,OK,NO
512,7,2026-03-18 17:50:09,2026-03-18 17:51:27,OK,NO
569,4,2026-03-18 17:50:33,2026-03-18 17:51:27,OK,NO
571,3,2026-03-18 17:50:33,2026-03-18 17:51:38,OK,NO
554,6,2026-03-18 17:50:52,2026-03-18 17:51:44,OK,NO
508,12,2026-03-18 17:50:44,2026-03-18 17:51:47,OK,NO
511,8,2026-03-18 17:50:45,2026-03-18 17:51:50,OK,NO
510,9,2026-03-18 17:50:45,2026-03-18 17:52:04,OK,NO
560,5,2026-03-18 17:51:09,2026-03-18 17:52:17,OK,NO
570,4,2026-03-18 17:51:27,2026-03-18 17:52:24,OK,NO
587,1,2026-03-18 17:51:38,2026-03-18 17:52:37,OK,NO
572,3,2026-03-18 17:51:38,2026-03-18 17:52:38,OK,NO
575,2,2026-03-18 17:51:38,2026-03-18 17:52:41,OK,NO
513,7,2026-03-18 17:51:27,2026-03-18 17:52:41,OK,NO
512,8,2026-03-18 17:51:50,2026-03-18 17:52:45,OK,NO
555,6,2026-03-18 17:51:44,2026-03-18 17:52:46,OK,NO
509,12,2026-03-18 17:51:47,2026-03-18 17:52:47,OK,NO
510,10,2026-03-18 17:52:04,2026-03-18 17:52:53,OK,NO
511,9,2026-03-18 17:52:04,2026-03-18 17:53:01,OK,NO
561,5,2026-03-18 17:52:17,2026-03-18 17:53:11,OK,NO
576,2,2026-03-18 17:52:41,2026-03-18 17:53:33,OK,NO
588,1,2026-03-18 17:52:41,2026-03-18 17:53:34,OK,NO
513,8,2026-03-18 17:52:45,2026-03-18 17:53:37,OK,NO
573,3,2026-03-18 17:52:38,2026-03-18 17:53:39,OK,NO
571,4,2026-03-18 17:52:24,2026-03-18 17:53:39,OK,NO
510,11,2026-03-18 17:52:53,2026-03-18 17:53:51,OK,NO
514,7,2026-03-18 17:52:41,2026-03-18 17:54:01,OK,NO
512,9,2026-03-18 17:53:01,2026-03-18 17:54:02,OK,NO
511,10,2026-03-18 17:53:01,2026-03-18 17:54:15,OK,NO
577,2,2026-03-18 17:53:39,2026-03-18 17:54:30,OK,NO
572,4,2026-03-18 17:53:39,2026-03-18 17:54:37,OK,NO
574,3,2026-03-18 17:53:39,2026-03-18 17:54:38,OK,NO
589,1,2026-03-18 17:53:39,2026-03-18 17:54:43,OK,NO
510,12,2026-03-18 17:53:51,2026-03-18 17:54:52,OK,NO
513,9,2026-03-18 17:54:02,2026-03-18 17:54:59,OK,NO
514,8,2026-03-18 17:54:01,2026-03-18 17:55:02,OK,NO
512,10,2026-03-18 17:54:15,2026-03-18 17:55:09,OK,NO
511,11,2026-03-18 17:54:15,2026-03-18 17:55:14,OK,NO
515,7,2026-03-18 17:54:01,2026-03-18 17:55:25,OK,NO
573,4,2026-03-18 17:54:37,2026-03-18 17:55:36,OK,NO
575,3,2026-03-18 17:54:38,2026-03-18 17:55:39,OK,NO
578,2,2026-03-18 17:54:38,2026-03-18 17:55:40,OK,NO
590,1,2026-03-18 17:54:43,2026-03-18 17:55:44,OK,NO
514,9,2026-03-18 17:55:02,2026-03-18 17:56:04,OK,NO
513,10,2026-03-18 17:55:09,2026-03-18 17:56:04,OK,NO
511,12,2026-03-18 17:55:14,2026-03-18 17:56:10,OK,NO
512,11,2026-03-18 17:55:14,2026-03-18 17:56:15,OK,NO
515,8,2026-03-18 17:55:25,2026-03-18 17:56:22,OK,NO
579,2,2026-03-18 17:55:40,2026-03-18 17:56:37,OK,NO
576,3,2026-03-18 17:55:39,2026-03-18 17:56:37,OK,NO
591,1,2026-03-18 17:55:44,2026-03-18 17:56:42,OK,NO
516,7,2026-03-18 17:55:25,2026-03-18 17:56:52,OK,NO
574,4,2026-03-18 17:55:36,2026-03-18 17:56:57,OK,NO
512,12,2026-03-18 17:56:15,2026-03-18 17:57:08,OK,NO
514,10,2026-03-18 17:56:04,2026-03-18 17:57:12,OK,NO
513,11,2026-03-18 17:56:15,2026-03-18 17:57:17,OK,NO
515,9,2026-03-18 17:56:22,2026-03-18 17:57:17,OK,NO
516,8,2026-03-18 17:56:52,2026-03-18 17:57:57,OK,NO
517,7,2026-03-18 17:56:52,2026-03-18 17:58:01,OK,NO
513,12,2026-03-18 17:57:17,2026-03-18 17:58:10,OK,NO
514,11,2026-03-18 17:57:17,2026-03-18 17:58:15,OK,NO
515,10,2026-03-18 17:57:17,2026-03-18 17:58:18,OK,NO
516,9,2026-03-18 17:57:57,2026-03-18 17:58:59,OK,NO
517,8,2026-03-18 17:58:01,2026-03-18 17:59:02,OK,NO
515,11,2026-03-18 17:58:18,2026-03-18 17:59:06,OK,NO
514,12,2026-03-18 17:58:15,2026-03-18 17:59:10,OK,NO
518,7,2026-03-18 17:58:01,2026-03-18 17:59:25,OK,NO
516,10,2026-03-18 17:58:59,2026-03-18 17:59:52,OK,NO
517,9,2026-03-18 17:59:02,2026-03-18 17:59:55,OK,NO
515,12,2026-03-18 17:59:10,2026-03-18 18:00:17,OK,NO
518,8,2026-03-18 17:59:25,2026-03-18 18:00:20,OK,NO
516,11,2026-03-18 17:59:52,2026-03-18 18:00:45,OK,NO
577,3,2026-03-18 17:59:56,2026-03-18 18:00:48,OK,NO
556,6,2026-03-18 17:59:56,2026-03-18 18:00:52,OK,NO
517,10,2026-03-18 17:59:55,2026-03-18 18:00:53,OK,NO
575,4,2026-03-18 17:59:56,2026-03-18 18:00:54,OK,NO
562,5,2026-03-18 17:59:56,2026-03-18 18:00:56,OK,NO
592,1,2026-03-18 17:59:56,2026-03-18 18:00:57,OK,NO
519,7,2026-03-18 17:59:25,2026-03-18 18:00:59,OK,NO
580,2,2026-03-18 17:59:56,2026-03-18 18:01:00,OK,NO
518,9,2026-03-18 18:00:20,2026-03-18 18:01:14,OK,NO
516,12,2026-03-18 18:00:45,2026-03-18 18:01:38,OK,NO
517,11,2026-03-18 18:00:53,2026-03-18 18:01:57,OK,NO
557,6,2026-03-18 18:00:52,2026-03-18 18:01:57,OK,NO
576,4,2026-03-18 18:00:56,2026-03-18 18:01:59,OK,NO
578,3,2026-03-18 18:00:56,2026-03-18 18:02:00,OK,NO
519,8,2026-03-18 18:00:59,2026-03-18 18:02:01,OK,NO
563,5,2026-03-18 18:00:56,2026-03-18 18:02:02,OK,NO
581,2,2026-03-18 18:01:00,2026-03-18 18:02:04,OK,NO
520,7,2026-03-18 18:00:59,2026-03-18 18:02:09,OK,NO
593,1,2026-03-18 18:01:00,2026-03-18 18:02:10,OK,NO
518,10,2026-03-18 18:01:14,2026-03-18 18:02:16,OK,NO
519,9,2026-03-18 18:02:01,2026-03-18 18:02:50,OK,NO
558,6,2026-03-18 18:01:57,2026-03-18 18:02:52,OK,NO
517,12,2026-03-18 18:01:57,2026-03-18 18:02:59,OK,NO
579,3,2026-03-18 18:02:02,2026-03-18 18:02:59,OK,NO
520,8,2026-03-18 18:02:09,2026-03-18 18:03:01,OK,NO
582,2,2026-03-18 18:02:04,2026-03-18 18:03:03,OK,NO
564,5,2026-03-18 18:02:02,2026-03-18 18:03:14,OK,NO
594,1,2026-03-18 18:02:10,2026-03-18 18:03:15,OK,NO
577,4,2026-03-18 18:02:02,2026-03-18 18:03:15,OK,NO
518,11,2026-03-18 18:02:16,2026-03-18 18:03:28,OK,NO
521,7,2026-03-18 18:02:09,2026-03-18 18:03:35,OK,NO
519,10,2026-03-18 18:02:50,2026-03-18 18:03:55,OK,NO
559,6,2026-03-18 18:02:52,2026-03-18 18:04:01,OK,NO
578,4,2026-03-18 18:03:15,2026-03-18 18:04:02,OK,NO
520,9,2026-03-18 18:03:01,2026-03-18 18:04:06,OK,NO
583,2,2026-03-18 18:03:15,2026-03-18 18:04:12,OK,NO
580,3,2026-03-18 18:03:15,2026-03-18 18:04:13,OK,NO
595,1,2026-03-18 18:03:15,2026-03-18 18:04:16,OK,NO
565,5,2026-03-18 18:03:14,2026-03-18 18:04:16,OK,NO
518,12,2026-03-18 18:03:28,2026-03-18 18:04:29,OK,NO
521,8,2026-03-18 18:03:35,2026-03-18 18:04:35,OK,NO
519,11,2026-03-18 18:03:55,2026-03-18 18:04:57,OK,NO
560,6,2026-03-18 18:04:01,2026-03-18 18:05:01,OK,NO
522,7,2026-03-18 18:03:35,2026-03-18 18:05:06,OK,NO
566,5,2026-03-18 18:04:16,2026-03-18 18:05:09,OK,NO
520,10,2026-03-18 18:04:06,2026-03-18 18:05:15,OK,NO
581,3,2026-03-18 18:04:16,2026-03-18 18:05:15,OK,NO
584,2,2026-03-18 18:04:16,2026-03-18 18:05:16,OK,NO
596,1,2026-03-18 18:04:16,2026-03-18 18:05:20,OK,NO
521,9,2026-03-18 18:04:35,2026-03-18 18:05:45,OK,NO
519,12,2026-03-18 18:04:57,2026-03-18 18:05:53,OK,NO
579,4,2026-03-18 18:04:16,2026-03-18 18:05:56,OK,NO
567,5,2026-03-18 18:05:09,2026-03-18 18:06:02,OK,NO
522,8,2026-03-18 18:05:06,2026-03-18 18:06:03,OK,NO
561,6,2026-03-18 18:05:01,2026-03-18 18:06:06,OK,NO
520,11,2026-03-18 18:05:15,2026-03-18 18:06:16,OK,NO
523,7,2026-03-18 18:05:06,2026-03-18 18:06:32,OK,NO
521,10,2026-03-18 18:05:45,2026-03-18 18:06:54,OK,NO
582,3,2026-03-18 18:05:56,2026-03-18 18:06:55,OK,NO
585,2,2026-03-18 18:05:56,2026-03-18 18:06:59,OK,NO
562,6,2026-03-18 18:06:06,2026-03-18 18:07:02,OK,NO
522,9,2026-03-18 18:06:03,2026-03-18 18:07:02,OK,NO
597,1,2026-03-18 18:05:56,2026-03-18 18:07:03,OK,NO
568,5,2026-03-18 18:06:06,2026-03-18 18:07:07,OK,NO
520,12,2026-03-18 18:06:16,2026-03-18 18:07:08,OK,NO
580,4,2026-03-18 18:05:56,2026-03-18 18:07:09,OK,NO
523,8,2026-03-18 18:06:32,2026-03-18 18:07:36,OK,NO
522,10,2026-03-18 18:07:02,2026-03-18 18:07:51,OK,NO
521,11,2026-03-18 18:06:54,2026-03-18 18:07:52,OK,NO
563,6,2026-03-18 18:07:02,2026-03-18 18:07:59,OK,NO
524,7,2026-03-18 18:06:32,2026-03-18 18:08:04,OK,NO
569,5,2026-03-18 18:07:07,2026-03-18 18:08:06,OK,NO
586,2,2026-03-18 18:07:09,2026-03-18 18:08:07,OK,NO
583,3,2026-03-18 18:07:09,2026-03-18 18:08:07,OK,NO
581,4,2026-03-18 18:07:09,2026-03-18 18:08:14,OK,NO
598,1,2026-03-18 18:07:09,2026-03-18 18:08:17,OK,NO
523,9,2026-03-18 18:07:36,2026-03-18 18:08:33,OK,NO
521,12,2026-03-18 18:07:52,2026-03-18 18:08:46,OK,NO
522,11,2026-03-18 18:07:52,2026-03-18 18:08:47,OK,NO
564,6,2026-03-18 18:07:59,2026-03-18 18:08:52,OK,NO
524,8,2026-03-18 18:08:04,2026-03-18 18:09:00,OK,NO
584,3,2026-03-18 18:08:14,2026-03-18 18:09:11,OK,NO
587,2,2026-03-18 18:08:14,2026-03-18 18:09:13,OK,NO
599,1,2026-03-18 18:08:17,2026-03-18 18:09:19,OK,NO
582,4,2026-03-18 18:08:14,2026-03-18 18:09:21,OK,NO
523,10,2026-03-18 18:08:33,2026-03-18 18:09:31,OK,NO
522,12,2026-03-18 18:08:47,2026-03-18 18:09:41,OK,NO
525,7,2026-03-18 18:08:04,2026-03-18 18:09:43,OK,NO
565,6,2026-03-18 18:08:52,2026-03-18 18:09:54,OK,NO
524,9,2026-03-18 18:09:00,2026-03-18 18:10:19,OK,NO
523,11,2026-03-18 18:09:31,2026-03-18 18:10:27,OK,NO
525,8,2026-03-18 18:09:43,2026-03-18 18:10:40,OK,NO
566,6,2026-03-18 18:09:54,2026-03-18 18:10:57,OK,NO
526,7,2026-03-18 18:09:43,2026-03-18 18:11:02,OK,NO
524,10,2026-03-18 18:10:19,2026-03-18 18:11:12,OK,NO
523,12,2026-03-18 18:10:27,2026-03-18 18:11:26,OK,NO
567,6,2026-03-18 18:10:57,2026-03-18 18:12:00,OK,NO
525,9,2026-03-18 18:10:40,2026-03-18 18:12:01,OK,NO
526,8,2026-03-18 18:11:02,2026-03-18 18:12:02,OK,NO
524,11,2026-03-18 18:11:12,2026-03-18 18:12:17,OK,NO
527,7,2026-03-18 18:11:02,2026-03-18 18:12:21,OK,NO
526,9,2026-03-18 18:12:02,2026-03-18 18:12:58,OK,NO
568,6,2026-03-18 18:12:00,2026-03-18 18:13:04,OK,NO
525,10,2026-03-18 18:12:01,2026-03-18 18:13:14,OK,NO
527,8,2026-03-18 18:12:21,2026-03-18 18:13:21,OK,NO
528,7,2026-03-18 18:12:21,2026-03-18 18:13:27,OK,NO
569,6,2026-03-18 18:13:04,2026-03-18 18:13:56,OK,NO
525,11,2026-03-18 18:13:14,2026-03-18 18:14:08,OK,NO
526,10,2026-03-18 18:13:14,2026-03-18 18:14:12,OK,NO
527,9,2026-03-18 18:13:21,2026-03-18 18:14:19,OK,NO
528,8,2026-03-18 18:13:27,2026-03-18 18:14:33,OK,NO
524,12,2026-03-18 18:13:48,2026-03-18 18:14:52,OK,NO
570,5,2026-03-18 18:14:02,2026-03-18 18:14:58,OK,NO
588,2,2026-03-18 18:14:02,2026-03-18 18:14:59,OK,NO
600,1,2026-03-18 18:14:02,2026-03-18 18:14:59,OK,NO
529,7,2026-03-18 18:13:27,2026-03-18 18:15:02,OK,NO
585,3,2026-03-18 18:14:02,2026-03-18 18:15:03,OK,NO
526,11,2026-03-18 18:14:12,2026-03-18 18:15:08,OK,NO
527,10,2026-03-18 18:14:19,2026-03-18 18:15:23,OK,NO
528,9,2026-03-18 18:14:33,2026-03-18 18:15:24,OK,NO
583,4,2026-03-18 18:14:02,2026-03-18 18:15:39,OK,NO
529,8,2026-03-18 18:15:02,2026-03-18 18:15:51,OK,NO
525,12,2026-03-18 18:14:52,2026-03-18 18:15:51,OK,NO
570,6,2026-03-18 18:14:58,2026-03-18 18:16:00,OK,NO
571,5,2026-03-18 18:14:58,2026-03-18 18:16:02,OK,NO
528,10,2026-03-18 18:15:24,2026-03-18 18:16:21,OK,NO
527,11,2026-03-18 18:15:23,2026-03-18 18:16:30,OK,NO
601,1,2026-03-18 18:15:39,2026-03-18 18:16:31,OK,NO
530,7,2026-03-18 18:15:02,2026-03-18 18:16:35,OK,NO
589,2,2026-03-18 18:15:39,2026-03-18 18:16:36,OK,NO
584,4,2026-03-18 18:15:39,2026-03-18 18:16:44,OK,NO
586,3,2026-03-18 18:15:39,2026-03-18 18:16:45,OK,NO
529,9,2026-03-18 18:15:51,2026-03-18 18:16:52,OK,NO
526,12,2026-03-18 18:15:51,2026-03-18 18:16:59,OK,NO
571,6,2026-03-18 18:16:02,2026-03-18 18:17:04,OK,NO
572,5,2026-03-18 18:16:02,2026-03-18 18:17:04,OK,NO
530,8,2026-03-18 18:16:35,2026-03-18 18:17:29,OK,NO
528,11,2026-03-18 18:16:30,2026-03-18 18:17:36,OK,NO
602,1,2026-03-18 18:16:45,2026-03-18 18:17:42,OK,NO
590,2,2026-03-18 18:16:45,2026-03-18 18:17:45,OK,NO
587,3,2026-03-18 18:16:45,2026-03-18 18:17:45,OK,NO
531,7,2026-03-18 18:16:35,2026-03-18 18:17:53,OK,NO
585,4,2026-03-18 18:16:44,2026-03-18 18:17:53,OK,NO
529,10,2026-03-18 18:16:52,2026-03-18 18:17:54,OK,NO
573,5,2026-03-18 18:17:04,2026-03-18 18:17:59,OK,NO
572,6,2026-03-18 18:17:04,2026-03-18 18:18:01,OK,NO
527,12,2026-03-18 18:16:59,2026-03-18 18:18:06,OK,NO
603,1,2026-03-18 18:17:53,2026-03-18 18:18:42,OK,NO
529,11,2026-03-18 18:17:54,2026-03-18 18:18:48,OK,NO
530,9,2026-03-18 18:17:29,2026-03-18 18:18:52,OK,NO
586,4,2026-03-18 18:17:53,2026-03-18 18:18:53,OK,NO
588,3,2026-03-18 18:17:53,2026-03-18 18:18:54,OK,NO
591,2,2026-03-18 18:17:53,2026-03-18 18:18:54,OK,NO
531,8,2026-03-18 18:17:53,2026-03-18 18:18:55,OK,NO
573,6,2026-03-18 18:18:01,2026-03-18 18:18:58,OK,NO
528,12,2026-03-18 18:18:06,2026-03-18 18:19:00,OK,NO
574,5,2026-03-18 18:17:59,2026-03-18 18:19:01,OK,NO
532,7,2026-03-18 18:17:53,2026-03-18 18:19:05,OK,NO
589,3,2026-03-18 18:18:54,2026-03-18 18:19:49,OK,NO
575,5,2026-03-18 18:19:01,2026-03-18 18:19:55,OK,NO
530,10,2026-03-18 18:18:52,2026-03-18 18:19:56,OK,NO
529,12,2026-03-18 18:19:00,2026-03-18 18:19:56,OK,NO
531,9,2026-03-18 18:18:55,2026-03-18 18:19:56,OK,NO
532,8,2026-03-18 18:19:05,2026-03-18 18:20:00,OK,NO
574,6,2026-03-18 18:19:01,2026-03-18 18:20:06,OK,NO
587,4,2026-03-18 18:18:53,2026-03-18 18:20:10,OK,NO
533,7,2026-03-18 18:19:05,2026-03-18 18:20:22,OK,NO
530,11,2026-03-18 18:19:56,2026-03-18 18:20:52,OK,NO
576,5,2026-03-18 18:19:55,2026-03-18 18:20:57,OK,NO
590,3,2026-03-18 18:20:10,2026-03-18 18:21:01,OK,NO
532,9,2026-03-18 18:20:00,2026-03-18 18:21:02,OK,NO
531,10,2026-03-18 18:19:56,2026-03-18 18:21:04,OK,NO
575,6,2026-03-18 18:20:06,2026-03-18 18:21:06,OK,NO
588,4,2026-03-18 18:20:10,2026-03-18 18:21:24,OK,NO
533,8,2026-03-18 18:20:22,2026-03-18 18:21:25,OK,NO
534,7,2026-03-18 18:20:22,2026-03-18 18:21:44,OK,NO
604,1,2026-03-18 18:20:50,2026-03-18 18:21:45,OK,NO
530,12,2026-03-18 18:20:52,2026-03-18 18:21:47,OK,NO
592,2,2026-03-18 18:20:50,2026-03-18 18:21:54,OK,NO
577,5,2026-03-18 18:20:57,2026-03-18 18:21:58,OK,NO
576,6,2026-03-18 18:21:06,2026-03-18 18:22:01,OK,NO
531,11,2026-03-18 18:21:04,2026-03-18 18:22:02,OK,NO
532,10,2026-03-18 18:21:04,2026-03-18 18:22:04,OK,NO
591,3,2026-03-18 18:21:24,2026-03-18 18:22:16,OK,NO
533,9,2026-03-18 18:21:25,2026-03-18 18:22:24,OK,NO
589,4,2026-03-18 18:21:24,2026-03-18 18:22:34,OK,NO
577,6,2026-03-18 18:22:01,2026-03-18 18:22:49,OK,NO
593,2,2026-03-18 18:21:54,2026-03-18 18:22:53,OK,NO
534,8,2026-03-18 18:21:44,2026-03-18 18:22:54,OK,NO
535,7,2026-03-18 18:21:44,2026-03-18 18:22:55,OK,NO
532,11,2026-03-18 18:22:04,2026-03-18 18:22:55,OK,NO
605,1,2026-03-18 18:21:54,2026-03-18 18:22:58,OK,NO
578,5,2026-03-18 18:21:58,2026-03-18 18:23:05,OK,NO
531,12,2026-03-18 18:22:02,2026-03-18 18:23:10,OK,NO
533,10,2026-03-18 18:22:24,2026-03-18 18:23:32,OK,NO
590,4,2026-03-18 18:22:34,2026-03-18 18:23:39,OK,NO
592,3,2026-03-18 18:22:34,2026-03-18 18:23:40,OK,NO
594,2,2026-03-18 18:22:53,2026-03-18 18:23:47,OK,NO
535,8,2026-03-18 18:22:55,2026-03-18 18:23:50,OK,NO
606,1,2026-03-18 18:22:58,2026-03-18 18:23:58,OK,NO
534,9,2026-03-18 18:22:54,2026-03-18 18:23:59,OK,NO
579,5,2026-03-18 18:23:05,2026-03-18 18:24:08,OK,NO
536,7,2026-03-18 18:22:55,2026-03-18 18:24:08,OK,NO
578,6,2026-03-18 18:23:05,2026-03-18 18:24:09,OK,NO
532,12,2026-03-18 18:23:10,2026-03-18 18:24:14,OK,NO
533,11,2026-03-18 18:23:32,2026-03-18 18:24:33,OK,NO
593,3,2026-03-18 18:23:40,2026-03-18 18:24:37,OK,NO
595,2,2026-03-18 18:23:47,2026-03-18 18:24:45,OK,NO
591,4,2026-03-18 18:23:39,2026-03-18 18:24:49,OK,NO
607,1,2026-03-18 18:23:58,2026-03-18 18:24:51,OK,NO
536,8,2026-03-18 18:24:08,2026-03-18 18:25:02,OK,NO
535,9,2026-03-18 18:23:59,2026-03-18 18:25:05,OK,NO
579,6,2026-03-18 18:24:09,2026-03-18 18:25:10,OK,NO
580,5,2026-03-18 18:24:08,2026-03-18 18:25:10,OK,NO
534,10,2026-03-18 18:23:59,2026-03-18 18:25:12,OK,NO
537,7,2026-03-18 18:24:08,2026-03-18 18:25:34,OK,NO
533,12,2026-03-18 18:24:33,2026-03-18 18:25:36,OK,NO
594,3,2026-03-18 18:24:49,2026-03-18 18:25:39,OK,NO
608,1,2026-03-18 18:24:51,2026-03-18 18:25:47,OK,NO
592,4,2026-03-18 18:24:49,2026-03-18 18:25:50,OK,NO
596,2,2026-03-18 18:24:45,2026-03-18 18:25:56,OK,NO
580,6,2026-03-18 18:25:10,2026-03-18 18:26:06,OK,NO
536,9,2026-03-18 18:25:05,2026-03-18 18:26:06,OK,NO
535,10,2026-03-18 18:25:12,2026-03-18 18:26:07,OK,NO
534,11,2026-03-18 18:25:12,2026-03-18 18:26:08,OK,NO
581,5,2026-03-18 18:25:10,2026-03-18 18:26:14,OK,NO
537,8,2026-03-18 18:25:34,2026-03-18 18:26:31,OK,NO
595,3,2026-03-18 18:25:50,2026-03-18 18:26:44,OK,NO
593,4,2026-03-18 18:25:50,2026-03-18 18:26:50,OK,NO
609,1,2026-03-18 18:25:56,2026-03-18 18:26:54,OK,NO
597,2,2026-03-18 18:25:56,2026-03-18 18:26:58,OK,NO
534,12,2026-03-18 18:26:08,2026-03-18 18:27:02,OK,NO
535,11,2026-03-18 18:26:08,2026-03-18 18:27:11,OK,NO
536,10,2026-03-18 18:26:07,2026-03-18 18:27:13,OK,NO
582,5,2026-03-18 18:26:14,2026-03-18 18:27:15,OK,NO
581,6,2026-03-18 18:26:14,2026-03-18 18:27:17,OK,NO
537,9,2026-03-18 18:26:31,2026-03-18 18:27:28,OK,NO
538,7,2026-03-18 18:25:34,2026-03-18 18:27:30,OK,NO
596,3,2026-03-18 18:26:50,2026-03-18 18:27:40,OK,NO
594,4,2026-03-18 18:26:50,2026-03-18 18:27:58,OK,NO
610,1,2026-03-18 18:26:58,2026-03-18 18:28:03,OK,NO
598,2,2026-03-18 18:26:58,2026-03-18 18:28:03,OK,NO
535,12,2026-03-18 18:27:11,2026-03-18 18:28:09,OK,NO
583,5,2026-03-18 18:27:15,2026-03-18 18:28:13,OK,NO
536,11,2026-03-18 18:27:13,2026-03-18 18:28:18,OK,NO
582,6,2026-03-18 18:27:17,2026-03-18 18:28:21,OK,NO
538,8,2026-03-18 18:27:30,2026-03-18 18:28:23,OK,NO
537,10,2026-03-18 18:27:28,2026-03-18 18:28:40,OK,NO
539,7,2026-03-18 18:27:30,2026-03-18 18:28:54,OK,NO
599,2,2026-03-18 18:28:03,2026-03-18 18:28:56,OK,NO
597,3,2026-03-18 18:27:58,2026-03-18 18:29:01,OK,NO
611,1,2026-03-18 18:28:03,2026-03-18 18:29:01,OK,NO
595,4,2026-03-18 18:27:58,2026-03-18 18:29:03,OK,NO
584,5,2026-03-18 18:28:13,2026-03-18 18:29:08,OK,NO
583,6,2026-03-18 18:28:21,2026-03-18 18:29:22,OK,NO
536,12,2026-03-18 18:28:18,2026-03-18 18:29:26,OK,NO
538,9,2026-03-18 18:28:23,2026-03-18 18:29:39,OK,NO
537,11,2026-03-18 18:28:40,2026-03-18 18:29:49,OK,NO
612,1,2026-03-18 18:29:01,2026-03-18 18:29:56,OK,NO
539,8,2026-03-18 18:28:54,2026-03-18 18:29:57,OK,NO
600,2,2026-03-18 18:28:56,2026-03-18 18:30:02,OK,NO
598,3,2026-03-18 18:29:03,2026-03-18 18:30:03,OK,NO
585,5,2026-03-18 18:29:08,2026-03-18 18:30:11,OK,NO
584,6,2026-03-18 18:29:22,2026-03-18 18:30:11,OK,NO
540,7,2026-03-18 18:28:54,2026-03-18 18:30:13,OK,NO
596,4,2026-03-18 18:29:03,2026-03-18 18:30:20,OK,NO
537,12,2026-03-18 18:29:49,2026-03-18 18:30:48,OK,NO
538,10,2026-03-18 18:29:39,2026-03-18 18:30:52,OK,NO
601,2,2026-03-18 18:30:02,2026-03-18 18:30:56,OK,NO
539,9,2026-03-18 18:29:57,2026-03-18 18:31:01,OK,NO
540,8,2026-03-18 18:30:13,2026-03-18 18:31:07,OK,NO
585,6,2026-03-18 18:30:11,2026-03-18 18:31:09,OK,NO
613,1,2026-03-18 18:30:02,2026-03-18 18:31:11,OK,NO
586,5,2026-03-18 18:30:11,2026-03-18 18:31:12,OK,NO
599,3,2026-03-18 18:30:20,2026-03-18 18:31:21,OK,NO
597,4,2026-03-18 18:30:20,2026-03-18 18:31:23,OK,NO
602,2,2026-03-18 18:30:56,2026-03-18 18:31:49,OK,NO
539,10,2026-03-18 18:31:01,2026-03-18 18:31:52,OK,NO
538,11,2026-03-18 18:30:52,2026-03-18 18:31:58,OK,NO
540,9,2026-03-18 18:31:07,2026-03-18 18:31:59,OK,NO
541,7,2026-03-18 18:30:13,2026-03-18 18:31:59,OK,NO
586,6,2026-03-18 18:31:12,2026-03-18 18:32:06,OK,NO
614,1,2026-03-18 18:31:11,2026-03-18 18:32:06,OK,NO
587,5,2026-03-18 18:31:12,2026-03-18 18:32:07,OK,NO
598,4,2026-03-18 18:31:23,2026-03-18 18:32:26,OK,NO
600,3,2026-03-18 18:31:23,2026-03-18 18:32:37,OK,NO
603,2,2026-03-18 18:31:49,2026-03-18 18:32:44,OK,NO
538,12,2026-03-18 18:31:58,2026-03-18 18:32:53,OK,NO
541,8,2026-03-18 18:31:59,2026-03-18 18:32:59,OK,NO
539,11,2026-03-18 18:31:58,2026-03-18 18:33:00,OK,NO
540,10,2026-03-18 18:31:59,2026-03-18 18:33:00,OK,NO
588,5,2026-03-18 18:32:07,2026-03-18 18:33:07,OK,NO
587,6,2026-03-18 18:32:07,2026-03-18 18:33:08,OK,NO
615,1,2026-03-18 18:32:06,2026-03-18 18:33:12,OK,NO
542,7,2026-03-18 18:31:59,2026-03-18 18:33:26,OK,NO
599,4,2026-03-18 18:32:26,2026-03-18 18:33:29,OK,NO
604,2,2026-03-18 18:32:44,2026-03-18 18:33:37,OK,NO
601,3,2026-03-18 18:32:37,2026-03-18 18:33:39,OK,NO
539,12,2026-03-18 18:33:00,2026-03-18 18:34:02,OK,NO
540,11,2026-03-18 18:33:00,2026-03-18 18:34:05,OK,NO
589,5,2026-03-18 18:33:07,2026-03-18 18:34:08,OK,NO
588,6,2026-03-18 18:33:08,2026-03-18 18:34:11,OK,NO
616,1,2026-03-18 18:33:12,2026-03-18 18:34:11,OK,NO
542,8,2026-03-18 18:33:26,2026-03-18 18:34:24,OK,NO
541,9,2026-03-18 18:32:59,2026-03-18 18:34:29,OK,NO
605,2,2026-03-18 18:33:39,2026-03-18 18:34:34,OK,NO
543,7,2026-03-18 18:33:26,2026-03-18 18:34:37,OK,NO
600,4,2026-03-18 18:33:29,2026-03-18 18:34:37,OK,NO
602,3,2026-03-18 18:33:39,2026-03-18 18:34:38,OK,NO
540,12,2026-03-18 18:34:05,2026-03-18 18:35:06,OK,NO
590,5,2026-03-18 18:34:08,2026-03-18 18:35:09,OK,NO
589,6,2026-03-18 18:34:11,2026-03-18 18:35:10,OK,NO
617,1,2026-03-18 18:34:11,2026-03-18 18:35:18,OK,NO
542,9,2026-03-18 18:34:29,2026-03-18 18:35:27,OK,NO
541,10,2026-03-18 18:34:29,2026-03-18 18:35:31,OK,NO
603,3,2026-03-18 18:34:38,2026-03-18 18:35:33,OK,NO
606,2,2026-03-18 18:34:38,2026-03-18 18:35:34,OK,NO
601,4,2026-03-18 18:34:37,2026-03-18 18:35:36,OK,NO
543,8,2026-03-18 18:34:37,2026-03-18 18:35:37,OK,NO
544,7,2026-03-18 18:34:37,2026-03-18 18:35:49,OK,NO
618,1,2026-03-18 18:35:18,2026-03-18 18:36:08,OK,NO
591,5,2026-03-18 18:35:09,2026-03-18 18:36:14,OK,NO
590,6,2026-03-18 18:35:10,2026-03-18 18:36:16,OK,NO
542,10,2026-03-18 18:35:31,2026-03-18 18:36:23,OK,NO
541,11,2026-03-18 18:35:31,2026-03-18 18:36:26,OK,NO
607,2,2026-03-18 18:35:36,2026-03-18 18:36:27,OK,NO
604,3,2026-03-18 18:35:36,2026-03-18 18:36:38,OK,NO
543,9,2026-03-18 18:35:37,2026-03-18 18:36:40,OK,NO
602,4,2026-03-18 18:35:36,2026-03-18 18:36:45,OK,NO
545,7,2026-03-18 18:35:49,2026-03-18 18:36:51,OK,NO
544,8,2026-03-18 18:35:49,2026-03-18 18:36:56,OK,NO
619,1,2026-03-18 18:36:08,2026-03-18 18:37:03,OK,NO
591,6,2026-03-18 18:36:16,2026-03-18 18:37:11,OK,NO
592,5,2026-03-18 18:36:14,2026-03-18 18:37:17,OK,NO
542,11,2026-03-18 18:36:26,2026-03-18 18:37:26,OK,NO
543,10,2026-03-18 18:36:40,2026-03-18 18:37:32,OK,NO
541,12,2026-03-18 18:36:26,2026-03-18 18:37:37,OK,NO
605,3,2026-03-18 18:36:45,2026-03-18 18:37:37,OK,NO
603,4,2026-03-18 18:36:45,2026-03-18 18:37:42,OK,NO
608,2,2026-03-18 18:36:45,2026-03-18 18:37:52,OK,NO
544,9,2026-03-18 18:36:56,2026-03-18 18:37:58,OK,NO
545,8,2026-03-18 18:36:56,2026-03-18 18:38:01,OK,NO
620,1,2026-03-18 18:37:03,2026-03-18 18:38:01,OK,NO
546,7,2026-03-18 18:36:51,2026-03-18 18:38:05,OK,NO
592,6,2026-03-18 18:37:17,2026-03-18 18:38:17,OK,NO
593,5,2026-03-18 18:37:17,2026-03-18 18:38:19,OK,NO
543,11,2026-03-18 18:37:32,2026-03-18 18:38:40,OK,NO
542,12,2026-03-18 18:37:37,2026-03-18 18:38:41,OK,NO
606,3,2026-03-18 18:37:42,2026-03-18 18:38:42,OK,NO
609,2,2026-03-18 18:37:52,2026-03-18 18:38:50,OK,NO
604,4,2026-03-18 18:37:42,2026-03-18 18:38:51,OK,NO
545,9,2026-03-18 18:38:01,2026-03-18 18:38:56,OK,NO
544,10,2026-03-18 18:37:58,2026-03-18 18:38:58,OK,NO
621,1,2026-03-18 18:38:01,2026-03-18 18:39:02,OK,NO
547,7,2026-03-18 18:38:05,2026-03-18 18:39:05,OK,NO
594,5,2026-03-18 18:38:19,2026-03-18 18:39:17,OK,NO
593,6,2026-03-18 18:38:19,2026-03-18 18:39:25,OK,NO
543,12,2026-03-18 18:38:41,2026-03-18 18:39:35,OK,NO
605,4,2026-03-18 18:38:51,2026-03-18 18:39:48,OK,NO
610,2,2026-03-18 18:38:51,2026-03-18 18:39:52,OK,NO
545,10,2026-03-18 18:38:58,2026-03-18 18:39:54,OK,NO
607,3,2026-03-18 18:38:51,2026-03-18 18:39:55,OK,NO
544,11,2026-03-18 18:38:58,2026-03-18 18:40:04,OK,NO
622,1,2026-03-18 18:39:02,2026-03-18 18:40:05,OK,NO
595,5,2026-03-18 18:39:17,2026-03-18 18:40:16,OK,NO
594,6,2026-03-18 18:39:25,2026-03-18 18:40:33,OK,NO
606,4,2026-03-18 18:39:48,2026-03-18 18:40:45,OK,NO
548,7,2026-03-18 18:39:05,2026-03-18 18:40:51,OK,NO
545,11,2026-03-18 18:40:04,2026-03-18 18:40:53,OK,NO
611,2,2026-03-18 18:39:55,2026-03-18 18:40:54,OK,NO
608,3,2026-03-18 18:39:55,2026-03-18 18:40:59,OK,NO
623,1,2026-03-18 18:40:05,2026-03-18 18:41:01,OK,NO
544,12,2026-03-18 18:40:04,2026-03-18 18:41:04,OK,NO
596,5,2026-03-18 18:40:16,2026-03-18 18:41:18,OK,NO
595,6,2026-03-18 18:40:33,2026-03-18 18:41:39,OK,NO
607,4,2026-03-18 18:40:45,2026-03-18 18:41:44,OK,NO
609,3,2026-03-18 18:40:59,2026-03-18 18:41:55,OK,NO
612,2,2026-03-18 18:40:59,2026-03-18 18:41:55,OK,NO
624,1,2026-03-18 18:41:01,2026-03-18 18:41:58,OK,NO
545,12,2026-03-18 18:41:04,2026-03-18 18:42:06,OK,NO
597,5,2026-03-18 18:41:18,2026-03-18 18:42:18,OK,NO
549,7,2026-03-18 18:40:51,2026-03-18 18:42:19,OK,NO
596,6,2026-03-18 18:41:39,2026-03-18 18:42:38,OK,NO
608,4,2026-03-18 18:41:44,2026-03-18 18:42:42,OK,NO
610,3,2026-03-18 18:41:55,2026-03-18 18:42:49,OK,NO
613,2,2026-03-18 18:41:55,2026-03-18 18:42:56,OK,NO
625,1,2026-03-18 18:41:58,2026-03-18 18:42:57,OK,NO
598,5,2026-03-18 18:42:18,2026-03-18 18:43:14,OK,NO
550,7,2026-03-18 18:42:19,2026-03-18 18:43:42,OK,NO
611,3,2026-03-18 18:42:49,2026-03-18 18:43:45,OK,NO
626,1,2026-03-18 18:42:57,2026-03-18 18:43:49,OK,NO
597,6,2026-03-18 18:42:38,2026-03-18 18:43:50,OK,NO
614,2,2026-03-18 18:42:56,2026-03-18 18:43:52,OK,NO
609,4,2026-03-18 18:42:42,2026-03-18 18:44:00,OK,NO
599,5,2026-03-18 18:43:14,2026-03-18 18:44:18,OK,NO
598,6,2026-03-18 18:43:50,2026-03-18 18:44:47,OK,NO
612,3,2026-03-18 18:44:00,2026-03-18 18:44:54,OK,NO
610,4,2026-03-18 18:44:00,2026-03-18 18:45:00,OK,NO
600,5,2026-03-18 18:44:18,2026-03-18 18:45:20,OK,NO
615,2,2026-03-18 18:44:17,2026-03-18 18:45:23,OK,NO
627,1,2026-03-18 18:44:17,2026-03-18 18:45:24,OK,NO
599,6,2026-03-18 18:44:47,2026-03-18 18:45:44,OK,NO
613,3,2026-03-18 18:45:00,2026-03-18 18:45:54,OK,NO
611,4,2026-03-18 18:45:00,2026-03-18 18:46:00,OK,NO
628,1,2026-03-18 18:45:24,2026-03-18 18:46:23,OK,NO
601,5,2026-03-18 18:45:20,2026-03-18 18:46:23,OK,NO
616,2,2026-03-18 18:45:23,2026-03-18 18:46:30,OK,NO
600,6,2026-03-18 18:45:44,2026-03-18 18:46:45,OK,NO
614,3,2026-03-18 18:46:00,2026-03-18 18:46:59,OK,NO
612,4,2026-03-18 18:46:00,2026-03-18 18:47:07,OK,NO
602,5,2026-03-18 18:46:23,2026-03-18 18:47:09,OK,NO
629,1,2026-03-18 18:46:30,2026-03-18 18:47:38,OK,NO
617,2,2026-03-18 18:46:30,2026-03-18 18:47:38,OK,NO
601,6,2026-03-18 18:46:45,2026-03-18 18:47:50,OK,NO
615,3,2026-03-18 18:47:07,2026-03-18 18:48:00,OK,NO
603,5,2026-03-18 18:47:09,2026-03-18 18:48:04,OK,NO
613,4,2026-03-18 18:47:07,2026-03-18 18:48:11,OK,NO
630,1,2026-03-18 18:47:38,2026-03-18 18:48:42,OK,NO
618,2,2026-03-18 18:47:38,2026-03-18 18:48:43,OK,NO
602,6,2026-03-18 18:47:50,2026-03-18 18:48:44,OK,NO
546,8,2026-03-18 18:47:53,2026-03-18 18:48:55,OK,NO
604,5,2026-03-18 18:48:04,2026-03-18 18:49:01,OK,NO
616,3,2026-03-18 18:48:11,2026-03-18 18:49:17,OK,NO
619,2,2026-03-18 18:48:43,2026-03-18 18:49:36,OK,NO
614,4,2026-03-18 18:48:11,2026-03-18 18:49:38,OK,NO
631,1,2026-03-18 18:48:43,2026-03-18 18:49:42,OK,NO
603,6,2026-03-18 18:48:44,2026-03-18 18:49:44,OK,NO
551,7,2026-03-18 18:47:53,2026-03-18 18:49:44,OK,NO
547,8,2026-03-18 18:48:55,2026-03-18 18:49:45,OK,NO
546,9,2026-03-18 18:48:55,2026-03-18 18:49:51,OK,NO
605,5,2026-03-18 18:49:01,2026-03-18 18:49:56,OK,NO
620,2,2026-03-18 18:49:38,2026-03-18 18:50:28,OK,NO
617,3,2026-03-18 18:49:38,2026-03-18 18:50:34,OK,NO
632,1,2026-03-18 18:49:42,2026-03-18 18:50:38,OK,NO
604,6,2026-03-18 18:49:44,2026-03-18 18:50:39,OK,NO
615,4,2026-03-18 18:49:38,2026-03-18 18:50:46,OK,NO
548,8,2026-03-18 18:49:45,2026-03-18 18:50:51,OK,NO
546,10,2026-03-18 18:49:51,2026-03-18 18:50:53,OK,NO
547,9,2026-03-18 18:49:51,2026-03-18 18:50:56,OK,NO
606,5,2026-03-18 18:49:56,2026-03-18 18:50:59,OK,NO
552,7,2026-03-18 18:49:44,2026-03-18 18:51:10,OK,NO
618,3,2026-03-18 18:50:46,2026-03-18 18:51:36,OK,NO
633,1,2026-03-18 18:50:46,2026-03-18 18:51:43,OK,NO
605,6,2026-03-18 18:50:39,2026-03-18 18:51:44,OK,NO
616,4,2026-03-18 18:50:46,2026-03-18 18:51:46,OK,NO
549,8,2026-03-18 18:50:51,2026-03-18 18:51:47,OK,NO
621,2,2026-03-18 18:50:46,2026-03-18 18:51:48,OK,NO
546,11,2026-03-18 18:50:53,2026-03-18 18:51:53,OK,NO
547,10,2026-03-18 18:51:13,2026-03-18 18:52:07,OK,NO
548,9,2026-03-18 18:50:56,2026-03-18 18:52:08,OK,NO
607,5,2026-03-18 18:50:59,2026-03-18 18:52:09,OK,NO
619,3,2026-03-18 18:51:46,2026-03-18 18:52:42,OK,NO
634,1,2026-03-18 18:51:48,2026-03-18 18:52:44,OK,NO
606,6,2026-03-18 18:51:44,2026-03-18 18:52:47,OK,NO
622,2,2026-03-18 18:51:48,2026-03-18 18:52:47,OK,NO
617,4,2026-03-18 18:51:46,2026-03-18 18:52:52,OK,NO
550,8,2026-03-18 18:51:47,2026-03-18 18:52:53,OK,NO
546,12,2026-03-18 18:51:53,2026-03-18 18:52:58,OK,NO
553,7,2026-03-18 18:51:10,2026-03-18 18:52:59,OK,NO
548,10,2026-03-18 18:52:08,2026-03-18 18:53:00,OK,NO
608,5,2026-03-18 18:52:09,2026-03-18 18:53:08,OK,NO
547,11,2026-03-18 18:52:07,2026-03-18 18:53:12,OK,NO
549,9,2026-03-18 18:52:08,2026-03-18 18:53:37,OK,NO
623,2,2026-03-18 18:52:52,2026-03-18 18:53:44,OK,NO
607,6,2026-03-18 18:52:47,2026-03-18 18:53:45,OK,NO
618,4,2026-03-18 18:52:52,2026-03-18 18:53:45,OK,NO
620,3,2026-03-18 18:52:52,2026-03-18 18:53:48,OK,NO
551,8,2026-03-18 18:52:53,2026-03-18 18:53:57,OK,NO
609,5,2026-03-18 18:53:08,2026-03-18 18:53:59,OK,NO
635,1,2026-03-18 18:52:52,2026-03-18 18:54:00,OK,NO
548,11,2026-03-18 18:53:12,2026-03-18 18:54:05,OK,NO
547,12,2026-03-18 18:53:12,2026-03-18 18:54:17,OK,NO
550,9,2026-03-18 18:53:37,2026-03-18 18:54:30,OK,NO
549,10,2026-03-18 18:53:37,2026-03-18 18:54:31,OK,NO
554,7,2026-03-18 18:52:59,2026-03-18 18:54:40,OK,NO
608,6,2026-03-18 18:53:45,2026-03-18 18:54:43,OK,NO
624,2,2026-03-18 18:53:48,2026-03-18 18:54:45,OK,NO
619,4,2026-03-18 18:53:45,2026-03-18 18:54:49,OK,NO
621,3,2026-03-18 18:53:48,2026-03-18 18:54:49,OK,NO
552,8,2026-03-18 18:53:57,2026-03-18 18:54:53,OK,NO
610,5,2026-03-18 18:53:59,2026-03-18 18:55:01,OK,NO
636,1,2026-03-18 18:54:00,2026-03-18 18:55:06,OK,NO
548,12,2026-03-18 18:54:17,2026-03-18 18:55:14,OK,NO
550,10,2026-03-18 18:54:31,2026-03-18 18:55:32,OK,NO
549,11,2026-03-18 18:54:31,2026-03-18 18:55:35,OK,NO
625,2,2026-03-18 18:54:49,2026-03-18 18:55:41,OK,NO
622,3,2026-03-18 18:54:49,2026-03-18 18:55:44,OK,NO
609,6,2026-03-18 18:54:43,2026-03-18 18:55:48,OK,NO
551,9,2026-03-18 18:54:30,2026-03-18 18:55:49,OK,NO
620,4,2026-03-18 18:54:49,2026-03-18 18:55:51,OK,NO
555,7,2026-03-18 18:54:40,2026-03-18 18:55:52,OK,NO
611,5,2026-03-18 18:55:01,2026-03-18 18:55:54,OK,NO
553,8,2026-03-18 18:54:53,2026-03-18 18:55:56,OK,NO
637,1,2026-03-18 18:55:06,2026-03-18 18:56:11,OK,NO
550,11,2026-03-18 18:55:35,2026-03-18 18:56:21,OK,NO
549,12,2026-03-18 18:55:35,2026-03-18 18:56:38,OK,NO
551,10,2026-03-18 18:55:49,2026-03-18 18:56:42,OK,NO
610,6,2026-03-18 18:55:48,2026-03-18 18:56:42,OK,NO
621,4,2026-03-18 18:55:51,2026-03-18 18:56:44,OK,NO
552,9,2026-03-18 18:55:49,2026-03-18 18:56:46,OK,NO
554,8,2026-03-18 18:55:56,2026-03-18 18:56:49,OK,NO
626,2,2026-03-18 18:55:51,2026-03-18 18:56:53,OK,NO
623,3,2026-03-18 18:55:51,2026-03-18 18:56:55,OK,NO
612,5,2026-03-18 18:55:54,2026-03-18 18:56:58,OK,NO
638,1,2026-03-18 18:56:11,2026-03-18 18:57:12,OK,NO
556,7,2026-03-18 18:55:52,2026-03-18 18:57:14,OK,NO
550,12,2026-03-18 18:56:38,2026-03-18 18:57:31,OK,NO
552,10,2026-03-18 18:56:46,2026-03-18 18:57:34,OK,NO
551,11,2026-03-18 18:56:42,2026-03-18 18:57:41,OK,NO
555,8,2026-03-18 18:56:49,2026-03-18 18:57:52,OK,NO
613,5,2026-03-18 18:56:58,2026-03-18 18:57:56,OK,NO
611,6,2026-03-18 18:56:42,2026-03-18 18:57:57,OK,NO
622,4,2026-03-18 18:56:44,2026-03-18 18:57:57,OK,NO
627,2,2026-03-18 18:56:55,2026-03-18 18:58:04,OK,NO
624,3,2026-03-18 18:56:55,2026-03-18 18:58:05,OK,NO
553,9,2026-03-18 18:56:46,2026-03-18 18:58:09,OK,NO
639,1,2026-03-18 18:57:12,2026-03-18 18:58:15,OK,NO
552,11,2026-03-18 18:57:41,2026-03-18 18:58:32,OK,NO
551,12,2026-03-18 18:57:41,2026-03-18 18:58:35,OK,NO
557,7,2026-03-18 18:57:14,2026-03-18 18:58:41,OK,NO
556,8,2026-03-18 18:57:52,2026-03-18 18:58:49,OK,NO
623,4,2026-03-18 18:57:57,2026-03-18 18:58:55,OK,NO
614,5,2026-03-18 18:57:56,2026-03-18 18:58:58,OK,NO
612,6,2026-03-18 18:57:57,2026-03-18 18:59:03,OK,NO
625,3,2026-03-18 18:58:05,2026-03-18 18:59:03,OK,NO
628,2,2026-03-18 18:58:05,2026-03-18 18:59:03,OK,NO
553,10,2026-03-18 18:58:09,2026-03-18 18:59:03,OK,NO
554,9,2026-03-18 18:58:09,2026-03-18 18:59:06,OK,NO
640,1,2026-03-18 18:58:15,2026-03-18 18:59:12,OK,NO
552,12,2026-03-18 18:58:35,2026-03-18 18:59:40,OK,NO
557,8,2026-03-18 18:58:49,2026-03-18 18:59:48,OK,NO
613,6,2026-03-18 18:59:03,2026-03-18 18:59:53,OK,NO
558,7,2026-03-18 18:58:41,2026-03-18 18:59:55,OK,NO
629,2,2026-03-18 18:59:03,2026-03-18 19:00:00,OK,NO
555,9,2026-03-18 18:59:06,2026-03-18 19:00:02,OK,NO
615,5,2026-03-18 18:58:58,2026-03-18 19:00:02,OK,NO
553,11,2026-03-18 18:59:03,2026-03-18 19:00:04,OK,NO
626,3,2026-03-18 18:59:03,2026-03-18 19:00:10,OK,NO
641,1,2026-03-18 18:59:12,2026-03-18 19:00:13,OK,NO
554,10,2026-03-18 18:59:06,2026-03-18 19:00:15,OK,NO
624,4,2026-03-18 18:58:55,2026-03-18 19:00:32,OK,NO
614,6,2026-03-18 18:59:53,2026-03-18 19:00:42,OK,NO
558,8,2026-03-18 18:59:55,2026-03-18 19:00:55,OK,NO
616,5,2026-03-18 19:00:02,2026-03-18 19:00:59,OK,NO
553,12,2026-03-18 19:00:04,2026-03-18 19:01:02,OK,NO
556,9,2026-03-18 19:00:02,2026-03-18 19:01:10,OK,NO
554,11,2026-03-18 19:00:15,2026-03-18 19:01:14,OK,NO
555,10,2026-03-18 19:00:15,2026-03-18 19:01:16,OK,NO
642,1,2026-03-18 19:00:32,2026-03-18 19:01:28,OK,NO
625,4,2026-03-18 19:00:32,2026-03-18 19:01:37,OK,NO
630,2,2026-03-18 19:00:32,2026-03-18 19:01:37,OK,NO
615,6,2026-03-18 19:00:42,2026-03-18 19:01:39,OK,NO
627,3,2026-03-18 19:00:32,2026-03-18 19:01:40,OK,NO
559,7,2026-03-18 18:59:55,2026-03-18 19:01:53,OK,NO
617,5,2026-03-18 19:00:59,2026-03-18 19:01:58,OK,NO
555,11,2026-03-18 19:01:16,2026-03-18 19:02:06,OK,NO
556,10,2026-03-18 19:01:16,2026-03-18 19:02:14,OK,NO
557,9,2026-03-18 19:01:10,2026-03-18 19:02:15,OK,NO
554,12,2026-03-18 19:01:14,2026-03-18 19:02:16,OK,NO
643,1,2026-03-18 19:01:40,2026-03-18 19:02:25,OK,NO
628,3,2026-03-18 19:01:40,2026-03-18 19:02:38,OK,NO
631,2,2026-03-18 19:01:40,2026-03-18 19:02:38,OK,NO
626,4,2026-03-18 19:01:37,2026-03-18 19:02:41,OK,NO
616,6,2026-03-18 19:01:39,2026-03-18 19:02:44,OK,NO
559,8,2026-03-18 19:01:53,2026-03-18 19:02:48,OK,NO
618,5,2026-03-18 19:01:58,2026-03-18 19:03:03,OK,NO
556,11,2026-03-18 19:02:14,2026-03-18 19:03:07,OK,NO
555,12,2026-03-18 19:02:16,2026-03-18 19:03:17,OK,NO
558,9,2026-03-18 19:02:15,2026-03-18 19:03:18,OK,NO
557,10,2026-03-18 19:02:15,2026-03-18 19:03:22,OK,NO
560,7,2026-03-18 19:01:53,2026-03-18 19:03:23,OK,NO
617,6,2026-03-18 19:02:44,2026-03-18 19:03:34,OK,NO
627,4,2026-03-18 19:02:41,2026-03-18 19:03:34,OK,NO
632,2,2026-03-18 19:02:41,2026-03-18 19:03:36,OK,NO
629,3,2026-03-18 19:02:41,2026-03-18 19:03:40,OK,NO
644,1,2026-03-18 19:02:41,2026-03-18 19:03:44,OK,NO
619,5,2026-03-18 19:03:03,2026-03-18 19:04:02,OK,NO
556,12,2026-03-18 19:03:17,2026-03-18 19:04:16,OK,NO
560,8,2026-03-18 19:03:23,2026-03-18 19:04:16,OK,NO
558,10,2026-03-18 19:03:22,2026-03-18 19:04:20,OK,NO
557,11,2026-03-18 19:03:22,2026-03-18 19:04:26,OK,NO
559,9,2026-03-18 19:03:18,2026-03-18 19:04:35,OK,NO
630,3,2026-03-18 19:03:40,2026-03-18 19:04:37,OK,NO
618,6,2026-03-18 19:03:34,2026-03-18 19:04:38,OK,NO
633,2,2026-03-18 19:03:40,2026-03-18 19:04:39,OK,NO
561,7,2026-03-18 19:03:23,2026-03-18 19:04:43,OK,NO
645,1,2026-03-18 19:03:44,2026-03-18 19:04:52,OK,NO
620,5,2026-03-18 19:04:02,2026-03-18 19:04:58,OK,NO
628,4,2026-03-18 19:03:34,2026-03-18 19:05:04,OK,NO
558,11,2026-03-18 19:04:26,2026-03-18 19:05:26,OK,NO
557,12,2026-03-18 19:04:26,2026-03-18 19:05:34,OK,NO
559,10,2026-03-18 19:04:35,2026-03-18 19:05:35,OK,NO
560,9,2026-03-18 19:04:35,2026-03-18 19:05:37,OK,NO
561,8,2026-03-18 19:04:43,2026-03-18 19:05:43,OK,NO
619,6,2026-03-18 19:04:38,2026-03-18 19:05:50,OK,NO
646,1,2026-03-18 19:05:04,2026-03-18 19:05:54,OK,NO
621,5,2026-03-18 19:04:58,2026-03-18 19:05:56,OK,NO
562,7,2026-03-18 19:04:43,2026-03-18 19:06:02,OK,NO
634,2,2026-03-18 19:05:04,2026-03-18 19:06:12,OK,NO
629,4,2026-03-18 19:05:04,2026-03-18 19:06:15,OK,NO
631,3,2026-03-18 19:05:04,2026-03-18 19:06:18,OK,NO
558,12,2026-03-18 19:05:34,2026-03-18 19:06:26,OK,NO
560,10,2026-03-18 19:05:37,2026-03-18 19:06:40,OK,NO
559,11,2026-03-18 19:05:35,2026-03-18 19:06:42,OK,NO
561,9,2026-03-18 19:05:43,2026-03-18 19:06:44,OK,NO
620,6,2026-03-18 19:05:50,2026-03-18 19:06:51,OK,NO
622,5,2026-03-18 19:05:56,2026-03-18 19:06:57,OK,NO
562,8,2026-03-18 19:06:02,2026-03-18 19:07:00,OK,NO
647,1,2026-03-18 19:06:18,2026-03-18 19:07:15,OK,NO
635,2,2026-03-18 19:06:18,2026-03-18 19:07:22,OK,NO
563,7,2026-03-18 19:06:02,2026-03-18 19:07:28,OK,NO
632,3,2026-03-18 19:06:18,2026-03-18 19:07:30,OK,NO
559,12,2026-03-18 19:06:42,2026-03-18 19:07:34,OK,NO
561,10,2026-03-18 19:06:44,2026-03-18 19:07:41,OK,NO
560,11,2026-03-18 19:06:42,2026-03-18 19:07:41,OK,NO
630,4,2026-03-18 19:06:15,2026-03-18 19:07:44,OK,NO
623,5,2026-03-18 19:06:57,2026-03-18 19:07:48,OK,NO
621,6,2026-03-18 19:06:51,2026-03-18 19:07:50,OK,NO
562,9,2026-03-18 19:07:00,2026-03-18 19:08:04,OK,NO
563,8,2026-03-18 19:07:28,2026-03-18 19:08:33,OK,NO
633,3,2026-03-18 19:07:44,2026-03-18 19:08:42,OK,NO
560,12,2026-03-18 19:07:41,2026-03-18 19:08:44,OK,NO
564,7,2026-03-18 19:07:28,2026-03-18 19:08:45,OK,NO
636,2,2026-03-18 19:07:44,2026-03-18 19:08:47,OK,NO
561,11,2026-03-18 19:07:41,2026-03-18 19:08:47,OK,NO
624,5,2026-03-18 19:07:48,2026-03-18 19:08:49,OK,NO
648,1,2026-03-18 19:07:44,2026-03-18 19:08:49,OK,NO
622,6,2026-03-18 19:07:50,2026-03-18 19:08:50,OK,NO
631,4,2026-03-18 19:07:44,2026-03-18 19:09:04,OK,NO
562,10,2026-03-18 19:08:04,2026-03-18 19:09:08,OK,NO
561,12,2026-03-18 19:08:47,2026-03-18 19:09:36,OK,NO
563,9,2026-03-18 19:08:33,2026-03-18 19:09:40,OK,NO
564,8,2026-03-18 19:08:45,2026-03-18 19:09:42,OK,NO
625,5,2026-03-18 19:08:49,2026-03-18 19:09:45,OK,NO
623,6,2026-03-18 19:08:50,2026-03-18 19:09:48,OK,NO
649,1,2026-03-18 19:09:04,2026-03-18 19:10:02,OK,NO
637,2,2026-03-18 19:09:04,2026-03-18 19:10:06,OK,NO
634,3,2026-03-18 19:09:04,2026-03-18 19:10:08,OK,NO
632,4,2026-03-18 19:09:04,2026-03-18 19:10:10,OK,NO
562,11,2026-03-18 19:09:08,2026-03-18 19:10:11,OK,NO
565,7,2026-03-18 19:08:45,2026-03-18 19:10:21,OK,NO
563,10,2026-03-18 19:09:40,2026-03-18 19:10:34,OK,NO
626,5,2026-03-18 19:09:45,2026-03-18 19:10:34,OK,NO
564,9,2026-03-18 19:09:42,2026-03-18 19:10:42,OK,NO
624,6,2026-03-18 19:09:48,2026-03-18 19:10:57,OK,NO
638,2,2026-03-18 19:10:10,2026-03-18 19:11:02,OK,NO
633,4,2026-03-18 19:10:10,2026-03-18 19:11:04,OK,NO
635,3,2026-03-18 19:10:10,2026-03-18 19:11:07,OK,NO
650,1,2026-03-18 19:10:10,2026-03-18 19:11:12,OK,NO
562,12,2026-03-18 19:10:11,2026-03-18 19:11:17,OK,NO
565,8,2026-03-18 19:10:21,2026-03-18 19:11:26,OK,NO
563,11,2026-03-18 19:10:34,2026-03-18 19:11:28,OK,NO
627,5,2026-03-18 19:10:34,2026-03-18 19:11:32,OK,NO
625,6,2026-03-18 19:10:57,2026-03-18 19:11:47,OK,NO
564,10,2026-03-18 19:10:42,2026-03-18 19:11:51,OK,NO
634,4,2026-03-18 19:11:04,2026-03-18 19:12:05,OK,NO
639,2,2026-03-18 19:11:07,2026-03-18 19:12:08,OK,NO
566,7,2026-03-18 19:10:21,2026-03-18 19:12:12,OK,NO
651,1,2026-03-18 19:11:12,2026-03-18 19:12:12,OK,NO
636,3,2026-03-18 19:11:07,2026-03-18 19:12:15,OK,NO
563,12,2026-03-18 19:11:28,2026-03-18 19:12:26,OK,NO
628,5,2026-03-18 19:11:32,2026-03-18 19:12:38,OK,NO
565,9,2026-03-18 19:11:26,2026-03-18 19:12:44,OK,NO
564,11,2026-03-18 19:11:51,2026-03-18 19:12:44,OK,NO
626,6,2026-03-18 19:11:47,2026-03-18 19:12:46,OK,NO
640,2,2026-03-18 19:12:15,2026-03-18 19:13:10,OK,NO
652,1,2026-03-18 19:12:15,2026-03-18 19:13:14,OK,NO
635,4,2026-03-18 19:12:05,2026-03-18 19:13:15,OK,NO
566,8,2026-03-18 19:12:12,2026-03-18 19:13:15,OK,NO
637,3,2026-03-18 19:12:15,2026-03-18 19:13:21,OK,NO
567,7,2026-03-18 19:12:12,2026-03-18 19:13:23,OK,NO
629,5,2026-03-18 19:12:38,2026-03-18 19:13:35,OK,NO
627,6,2026-03-18 19:12:46,2026-03-18 19:13:40,OK,NO
564,12,2026-03-18 19:12:44,2026-03-18 19:13:45,OK,NO
565,10,2026-03-18 19:12:44,2026-03-18 19:13:50,OK,NO
567,8,2026-03-18 19:13:23,2026-03-18 19:14:12,OK,NO
638,3,2026-03-18 19:13:21,2026-03-18 19:14:15,OK,NO
566,9,2026-03-18 19:13:15,2026-03-18 19:14:18,OK,NO
641,2,2026-03-18 19:13:21,2026-03-18 19:14:20,OK,NO
653,1,2026-03-18 19:13:21,2026-03-18 19:14:20,OK,NO
630,5,2026-03-18 19:13:35,2026-03-18 19:14:32,OK,NO
636,4,2026-03-18 19:13:15,2026-03-18 19:14:39,OK,NO
628,6,2026-03-18 19:13:40,2026-03-18 19:14:40,OK,NO
565,11,2026-03-18 19:13:50,2026-03-18 19:14:52,OK,NO
568,7,2026-03-18 19:13:23,2026-03-18 19:15:07,OK,NO
567,9,2026-03-18 19:14:18,2026-03-18 19:15:08,OK,NO
566,10,2026-03-18 19:14:18,2026-03-18 19:15:12,OK,NO
631,5,2026-03-18 19:14:32,2026-03-18 19:15:27,OK,NO
639,3,2026-03-18 19:14:39,2026-03-18 19:15:35,OK,NO
629,6,2026-03-18 19:14:40,2026-03-18 19:15:40,OK,NO
637,4,2026-03-18 19:14:39,2026-03-18 19:15:44,OK,NO
654,1,2026-03-18 19:14:39,2026-03-18 19:15:44,OK,NO
642,2,2026-03-18 19:14:39,2026-03-18 19:15:45,OK,NO
565,12,2026-03-18 19:14:52,2026-03-18 19:15:53,OK,NO
568,8,2026-03-18 19:15:07,2026-03-18 19:16:08,OK,NO
566,11,2026-03-18 19:15:12,2026-03-18 19:16:14,OK,NO
567,10,2026-03-18 19:15:12,2026-03-18 19:16:16,OK,NO
569,7,2026-03-18 19:15:07,2026-03-18 19:16:19,OK,NO
632,5,2026-03-18 19:15:27,2026-03-18 19:16:22,OK,NO
640,3,2026-03-18 19:15:44,2026-03-18 19:16:36,OK,NO
630,6,2026-03-18 19:15:40,2026-03-18 19:16:42,OK,NO
643,2,2026-03-18 19:15:45,2026-03-18 19:16:50,OK,NO
655,1,2026-03-18 19:15:45,2026-03-18 19:16:50,OK,NO
638,4,2026-03-18 19:15:44,2026-03-18 19:17:06,OK,NO
566,12,2026-03-18 19:16:14,2026-03-18 19:17:14,OK,NO
569,8,2026-03-18 19:16:19,2026-03-18 19:17:17,OK,NO
633,5,2026-03-18 19:16:22,2026-03-18 19:17:18,OK,NO
567,11,2026-03-18 19:16:16,2026-03-18 19:17:22,OK,NO
568,9,2026-03-18 19:16:08,2026-03-18 19:17:28,OK,NO
631,6,2026-03-18 19:16:42,2026-03-18 19:17:41,OK,NO
570,7,2026-03-18 19:16:19,2026-03-18 19:17:44,OK,NO
644,2,2026-03-18 19:17:06,2026-03-18 19:17:55,OK,NO
639,4,2026-03-18 19:17:06,2026-03-18 19:18:04,OK,NO
641,3,2026-03-18 19:17:06,2026-03-18 19:18:09,OK,NO
634,5,2026-03-18 19:17:18,2026-03-18 19:18:10,OK,NO
656,1,2026-03-18 19:17:06,2026-03-18 19:18:19,OK,NO
569,9,2026-03-18 19:17:28,2026-03-18 19:18:26,OK,NO
567,12,2026-03-18 19:17:22,2026-03-18 19:18:26,OK,NO
568,10,2026-03-18 19:17:28,2026-03-18 19:18:41,OK,NO
570,8,2026-03-18 19:17:44,2026-03-18 19:18:44,OK,NO
632,6,2026-03-18 19:17:41,2026-03-18 19:18:47,OK,NO
642,3,2026-03-18 19:18:09,2026-03-18 19:18:55,OK,NO
640,4,2026-03-18 19:18:04,2026-03-18 19:19:09,OK,NO
645,2,2026-03-18 19:18:09,2026-03-18 19:19:13,OK,NO
571,7,2026-03-18 19:17:44,2026-03-18 19:19:15,OK,NO
635,5,2026-03-18 19:18:10,2026-03-18 19:19:16,OK,NO
657,1,2026-03-18 19:18:19,2026-03-18 19:19:16,OK,NO
568,11,2026-03-18 19:18:41,2026-03-18 19:19:39,OK,NO
569,10,2026-03-18 19:18:41,2026-03-18 19:19:40,OK,NO
633,6,2026-03-18 19:18:47,2026-03-18 19:19:42,OK,NO
570,9,2026-03-18 19:18:44,2026-03-18 19:19:51,OK,NO
571,8,2026-03-18 19:19:15,2026-03-18 19:20:07,OK,NO
643,3,2026-03-18 19:19:09,2026-03-18 19:20:11,OK,NO
646,2,2026-03-18 19:19:13,2026-03-18 19:20:13,OK,NO
636,5,2026-03-18 19:19:16,2026-03-18 19:20:15,OK,NO
641,4,2026-03-18 19:19:09,2026-03-18 19:20:16,OK,NO
658,1,2026-03-18 19:19:16,2026-03-18 19:20:22,OK,NO
572,7,2026-03-18 19:19:15,2026-03-18 19:20:33,OK,NO
569,11,2026-03-18 19:19:40,2026-03-18 19:20:38,OK,NO
568,12,2026-03-18 19:19:39,2026-03-18 19:20:40,OK,NO
634,6,2026-03-18 19:19:42,2026-03-18 19:20:41,OK,NO
570,10,2026-03-18 19:19:51,2026-03-18 19:20:44,OK,NO
571,9,2026-03-18 19:20:07,2026-03-18 19:21:01,OK,NO
637,5,2026-03-18 19:20:15,2026-03-18 19:21:06,OK,NO
642,4,2026-03-18 19:20:16,2026-03-18 19:21:11,OK,NO
644,3,2026-03-18 19:20:16,2026-03-18 19:21:18,OK,NO
647,2,2026-03-18 19:20:16,2026-03-18 19:21:22,OK,NO
659,1,2026-03-18 19:20:22,2026-03-18 19:21:25,OK,NO
635,6,2026-03-18 19:20:41,2026-03-18 19:21:34,OK,NO
569,12,2026-03-18 19:20:40,2026-03-18 19:21:36,OK,NO
572,8,2026-03-18 19:20:33,2026-03-18 19:21:37,OK,NO
570,11,2026-03-18 19:20:44,2026-03-18 19:21:45,OK,NO
573,7,2026-03-18 19:20:33,2026-03-18 19:21:53,OK,NO
638,5,2026-03-18 19:21:06,2026-03-18 19:21:57,OK,NO
643,4,2026-03-18 19:21:11,2026-03-18 19:22:07,OK,NO
571,10,2026-03-18 19:21:01,2026-03-18 19:22:11,OK,NO
660,1,2026-03-18 19:21:25,2026-03-18 19:22:13,OK,NO
645,3,2026-03-18 19:21:18,2026-03-18 19:22:22,OK,NO
648,2,2026-03-18 19:21:22,2026-03-18 19:22:24,OK,NO
572,9,2026-03-18 19:21:37,2026-03-18 19:22:31,OK,NO
636,6,2026-03-18 19:21:34,2026-03-18 19:22:35,OK,NO
570,12,2026-03-18 19:21:45,2026-03-18 19:22:43,OK,NO
573,8,2026-03-18 19:21:53,2026-03-18 19:22:52,OK,NO
639,5,2026-03-18 19:21:57,2026-03-18 19:23:01,OK,NO
646,3,2026-03-18 19:22:22,2026-03-18 19:23:13,OK,NO
571,11,2026-03-18 19:22:11,2026-03-18 19:23:15,OK,NO
661,1,2026-03-18 19:22:24,2026-03-18 19:23:16,OK,NO
649,2,2026-03-18 19:22:24,2026-03-18 19:23:23,OK,NO
644,4,2026-03-18 19:22:07,2026-03-18 19:23:24,OK,NO
572,10,2026-03-18 19:22:31,2026-03-18 19:23:29,OK,NO
637,6,2026-03-18 19:22:35,2026-03-18 19:23:42,OK,NO
573,9,2026-03-18 19:22:52,2026-03-18 19:23:48,OK,NO
574,7,2026-03-18 19:21:53,2026-03-18 19:24:01,OK,NO
640,5,2026-03-18 19:23:01,2026-03-18 19:24:02,OK,NO
571,12,2026-03-18 19:23:15,2026-03-18 19:24:18,OK,NO
662,1,2026-03-18 19:23:24,2026-03-18 19:24:19,OK,NO
650,2,2026-03-18 19:23:24,2026-03-18 19:24:21,OK,NO
572,11,2026-03-18 19:23:29,2026-03-18 19:24:30,OK,NO
647,3,2026-03-18 19:23:24,2026-03-18 19:24:33,OK,NO
645,4,2026-03-18 19:23:24,2026-03-18 19:24:34,OK,NO
638,6,2026-03-18 19:23:42,2026-03-18 19:24:46,OK,NO
573,10,2026-03-18 19:23:48,2026-03-18 19:24:49,OK,NO
574,8,2026-03-18 19:24:01,2026-03-18 19:24:58,OK,NO
641,5,2026-03-18 19:24:02,2026-03-18 19:25:05,OK,NO
575,7,2026-03-18 19:24:01,2026-03-18 19:25:17,OK,NO
572,12,2026-03-18 19:24:30,2026-03-18 19:25:28,OK,NO
663,1,2026-03-18 19:24:34,2026-03-18 19:25:34,OK,NO
648,3,2026-03-18 19:24:34,2026-03-18 19:25:35,OK,NO
651,2,2026-03-18 19:24:34,2026-03-18 19:25:38,OK,NO
646,4,2026-03-18 19:24:34,2026-03-18 19:25:46,OK,NO
639,6,2026-03-18 19:24:46,2026-03-18 19:25:47,OK,NO
573,11,2026-03-18 19:24:49,2026-03-18 19:25:50,OK,NO
642,5,2026-03-18 19:25:05,2026-03-18 19:26:02,OK,NO
574,9,2026-03-18 19:24:58,2026-03-18 19:26:24,OK,NO
575,8,2026-03-18 19:25:17,2026-03-18 19:26:25,OK,NO
576,7,2026-03-18 19:25:17,2026-03-18 19:26:35,OK,NO
640,6,2026-03-18 19:25:47,2026-03-18 19:26:49,OK,NO
573,12,2026-03-18 19:25:50,2026-03-18 19:26:52,OK,NO
643,5,2026-03-18 19:26:02,2026-03-18 19:27:07,OK,NO
574,10,2026-03-18 19:26:24,2026-03-18 19:27:16,OK,NO
575,9,2026-03-18 19:26:25,2026-03-18 19:27:20,OK,NO
576,8,2026-03-18 19:26:35,2026-03-18 19:27:37,OK,NO
641,6,2026-03-18 19:26:49,2026-03-18 19:27:51,OK,NO
577,7,2026-03-18 19:26:35,2026-03-18 19:27:59,OK,NO
644,5,2026-03-18 19:27:07,2026-03-18 19:28:08,OK,NO
575,10,2026-03-18 19:27:20,2026-03-18 19:28:16,OK,NO
574,11,2026-03-18 19:27:16,2026-03-18 19:28:19,OK,NO
652,2,2026-03-18 19:27:35,2026-03-18 19:28:27,OK,NO
576,9,2026-03-18 19:27:37,2026-03-18 19:28:34,OK,NO
649,3,2026-03-18 19:27:35,2026-03-18 19:28:36,OK,NO
647,4,2026-03-18 19:27:35,2026-03-18 19:28:39,OK,NO
642,6,2026-03-18 19:27:51,2026-03-18 19:28:45,OK,NO
577,8,2026-03-18 19:27:59,2026-03-18 19:29:03,OK,NO
578,7,2026-03-18 19:27:59,2026-03-18 19:29:07,OK,NO
645,5,2026-03-18 19:28:08,2026-03-18 19:29:08,OK,NO
574,12,2026-03-18 19:28:19,2026-03-18 19:29:22,OK,NO
575,11,2026-03-18 19:28:19,2026-03-18 19:29:24,OK,NO
576,10,2026-03-18 19:28:34,2026-03-18 19:29:25,OK,NO
650,3,2026-03-18 19:28:39,2026-03-18 19:29:36,OK,NO
653,2,2026-03-18 19:28:39,2026-03-18 19:29:39,OK,NO
643,6,2026-03-18 19:28:45,2026-03-18 19:29:43,OK,NO
648,4,2026-03-18 19:28:39,2026-03-18 19:29:47,OK,NO
577,9,2026-03-18 19:29:03,2026-03-18 19:29:56,OK,NO
578,8,2026-03-18 19:29:07,2026-03-18 19:30:02,OK,NO
646,5,2026-03-18 19:29:08,2026-03-18 19:30:13,OK,NO
575,12,2026-03-18 19:29:24,2026-03-18 19:30:23,OK,NO
576,11,2026-03-18 19:29:25,2026-03-18 19:30:33,OK,NO
651,3,2026-03-18 19:29:47,2026-03-18 19:30:38,OK,NO
644,6,2026-03-18 19:29:43,2026-03-18 19:30:45,OK,NO
578,9,2026-03-18 19:30:02,2026-03-18 19:30:47,OK,NO
654,2,2026-03-18 19:29:47,2026-03-18 19:30:48,OK,NO
649,4,2026-03-18 19:29:47,2026-03-18 19:30:57,OK,NO
577,10,2026-03-18 19:29:56,2026-03-18 19:30:59,OK,NO
579,7,2026-03-18 19:29:07,2026-03-18 19:30:59,OK,NO
647,5,2026-03-18 19:30:13,2026-03-18 19:31:10,OK,NO
576,12,2026-03-18 19:30:33,2026-03-18 19:31:36,OK,NO
645,6,2026-03-18 19:30:45,2026-03-18 19:31:46,OK,NO
652,3,2026-03-18 19:30:57,2026-03-18 19:31:55,OK,NO
577,11,2026-03-18 19:30:59,2026-03-18 19:31:59,OK,NO
655,2,2026-03-18 19:30:57,2026-03-18 19:32:06,OK,NO
579,8,2026-03-18 19:30:59,2026-03-18 19:32:07,OK,NO
578,10,2026-03-18 19:30:59,2026-03-18 19:32:08,OK,NO
648,5,2026-03-18 19:31:10,2026-03-18 19:32:09,OK,NO
580,7,2026-03-18 19:30:59,2026-03-18 19:32:14,OK,NO
650,4,2026-03-18 19:30:57,2026-03-18 19:32:15,OK,NO
646,6,2026-03-18 19:31:46,2026-03-18 19:32:55,OK,NO
577,12,2026-03-18 19:31:59,2026-03-18 19:33:02,OK,NO
580,8,2026-03-18 19:32:14,2026-03-18 19:33:05,OK,NO
649,5,2026-03-18 19:32:09,2026-03-18 19:33:06,OK,NO
578,11,2026-03-18 19:32:08,2026-03-18 19:33:06,OK,NO
651,4,2026-03-18 19:32:15,2026-03-18 19:33:09,OK,NO
656,2,2026-03-18 19:32:15,2026-03-18 19:33:10,OK,NO
653,3,2026-03-18 19:32:15,2026-03-18 19:33:21,OK,NO
579,9,2026-03-18 19:32:07,2026-03-18 19:33:25,OK,NO
647,6,2026-03-18 19:32:55,2026-03-18 19:33:41,OK,NO
581,7,2026-03-18 19:32:14,2026-03-18 19:33:47,OK,NO
578,12,2026-03-18 19:33:06,2026-03-18 19:34:07,OK,NO
650,5,2026-03-18 19:33:06,2026-03-18 19:34:08,OK,NO
652,4,2026-03-18 19:33:09,2026-03-18 19:34:21,OK,NO
580,9,2026-03-18 19:33:25,2026-03-18 19:34:21,OK,NO
657,2,2026-03-18 19:33:21,2026-03-18 19:34:21,OK,NO
579,10,2026-03-18 19:33:25,2026-03-18 19:34:25,OK,NO
654,3,2026-03-18 19:33:21,2026-03-18 19:34:28,OK,NO
648,6,2026-03-18 19:33:41,2026-03-18 19:34:42,OK,NO
581,8,2026-03-18 19:33:47,2026-03-18 19:34:51,OK,NO
582,7,2026-03-18 19:33:47,2026-03-18 19:35:12,OK,NO
651,5,2026-03-18 19:34:08,2026-03-18 19:35:13,OK,NO
580,10,2026-03-18 19:34:25,2026-03-18 19:35:13,OK,NO
653,4,2026-03-18 19:34:21,2026-03-18 19:35:20,OK,NO
579,11,2026-03-18 19:34:25,2026-03-18 19:35:27,OK,NO
658,2,2026-03-18 19:34:28,2026-03-18 19:35:32,OK,NO
655,3,2026-03-18 19:34:28,2026-03-18 19:35:36,OK,NO
649,6,2026-03-18 19:34:42,2026-03-18 19:35:41,OK,NO
581,9,2026-03-18 19:34:51,2026-03-18 19:35:54,OK,NO
582,8,2026-03-18 19:35:12,2026-03-18 19:36:09,OK,NO
652,5,2026-03-18 19:35:13,2026-03-18 19:36:11,OK,NO
654,4,2026-03-18 19:35:20,2026-03-18 19:36:18,OK,NO
579,12,2026-03-18 19:35:27,2026-03-18 19:36:24,OK,NO
580,11,2026-03-18 19:35:27,2026-03-18 19:36:26,OK,NO
656,3,2026-03-18 19:35:36,2026-03-18 19:36:36,OK,NO
659,2,2026-03-18 19:35:36,2026-03-18 19:36:39,OK,NO
650,6,2026-03-18 19:35:41,2026-03-18 19:36:45,OK,NO
581,10,2026-03-18 19:35:54,2026-03-18 19:36:54,OK,NO
582,9,2026-03-18 19:36:09,2026-03-18 19:37:08,OK,NO
653,5,2026-03-18 19:36:11,2026-03-18 19:37:12,OK,NO
583,7,2026-03-18 19:35:12,2026-03-18 19:37:23,OK,NO
580,12,2026-03-18 19:36:26,2026-03-18 19:37:31,OK,NO
657,3,2026-03-18 19:36:36,2026-03-18 19:37:38,OK,NO
660,2,2026-03-18 19:36:39,2026-03-18 19:37:39,OK,NO
651,6,2026-03-18 19:36:45,2026-03-18 19:37:41,OK,NO
655,4,2026-03-18 19:36:18,2026-03-18 19:37:47,OK,NO
581,11,2026-03-18 19:36:54,2026-03-18 19:37:55,OK,NO
582,10,2026-03-18 19:37:08,2026-03-18 19:38:04,OK,NO
583,8,2026-03-18 19:37:23,2026-03-18 19:38:17,OK,NO
654,5,2026-03-18 19:37:12,2026-03-18 19:38:17,OK,NO
652,6,2026-03-18 19:37:41,2026-03-18 19:38:41,OK,NO
661,2,2026-03-18 19:37:47,2026-03-18 19:38:42,OK,NO
658,3,2026-03-18 19:37:47,2026-03-18 19:38:45,OK,NO
581,12,2026-03-18 19:37:55,2026-03-18 19:38:52,OK,NO
584,7,2026-03-18 19:37:23,2026-03-18 19:38:52,OK,NO
664,1,2026-03-18 19:37:56,2026-03-18 19:38:58,OK,NO
582,11,2026-03-18 19:38:04,2026-03-18 19:39:02,OK,NO
656,4,2026-03-18 19:37:47,2026-03-18 19:39:17,OK,NO
655,5,2026-03-18 19:38:17,2026-03-18 19:39:24,OK,NO
583,9,2026-03-18 19:38:17,2026-03-18 19:39:43,OK,NO
665,1,2026-03-18 19:38:58,2026-03-18 19:39:45,OK,NO
653,6,2026-03-18 19:38:41,2026-03-18 19:39:53,OK,NO
584,8,2026-03-18 19:38:52,2026-03-18 19:39:57,OK,NO
582,12,2026-03-18 19:39:02,2026-03-18 19:40:05,OK,NO
659,3,2026-03-18 19:39:17,2026-03-18 19:40:13,OK,NO
657,4,2026-03-18 19:39:17,2026-03-18 19:40:14,OK,NO
662,2,2026-03-18 19:39:17,2026-03-18 19:40:15,OK,NO
585,7,2026-03-18 19:38:52,2026-03-18 19:40:25,OK,NO
656,5,2026-03-18 19:39:24,2026-03-18 19:40:34,OK,NO
666,1,2026-03-18 19:39:45,2026-03-18 19:40:46,OK,NO
584,9,2026-03-18 19:39:57,2026-03-18 19:40:48,OK,NO
583,10,2026-03-18 19:39:43,2026-03-18 19:40:58,OK,NO
654,6,2026-03-18 19:39:53,2026-03-18 19:40:59,OK,NO
660,3,2026-03-18 19:40:14,2026-03-18 19:41:12,OK,NO
663,2,2026-03-18 19:40:15,2026-03-18 19:41:13,OK,NO
585,8,2026-03-18 19:40:25,2026-03-18 19:41:19,OK,NO
657,5,2026-03-18 19:40:34,2026-03-18 19:41:23,OK,NO
658,4,2026-03-18 19:40:14,2026-03-18 19:41:25,OK,NO
586,7,2026-03-18 19:40:25,2026-03-18 19:41:41,OK,NO
667,1,2026-03-18 19:40:46,2026-03-18 19:41:47,OK,NO
584,10,2026-03-18 19:40:58,2026-03-18 19:41:59,OK,NO
583,11,2026-03-18 19:40:58,2026-03-18 19:42:04,OK,NO
655,6,2026-03-18 19:40:59,2026-03-18 19:42:08,OK,NO
585,9,2026-03-18 19:41:19,2026-03-18 19:42:17,OK,NO
664,2,2026-03-18 19:41:25,2026-03-18 19:42:19,OK,NO
658,5,2026-03-18 19:41:25,2026-03-18 19:42:22,OK,NO
661,3,2026-03-18 19:41:25,2026-03-18 19:42:23,OK,NO
659,4,2026-03-18 19:41:25,2026-03-18 19:42:27,OK,NO
586,8,2026-03-18 19:41:41,2026-03-18 19:42:40,OK,NO
668,1,2026-03-18 19:41:47,2026-03-18 19:42:47,OK,NO
583,12,2026-03-18 19:42:04,2026-03-18 19:43:06,OK,NO
584,11,2026-03-18 19:42:04,2026-03-18 19:43:07,OK,NO
656,6,2026-03-18 19:42:08,2026-03-18 19:43:11,OK,NO
585,10,2026-03-18 19:42:17,2026-03-18 19:43:15,OK,NO
665,2,2026-03-18 19:42:27,2026-03-18 19:43:21,OK,NO
587,7,2026-03-18 19:41:41,2026-03-18 19:43:23,OK,NO
659,5,2026-03-18 19:42:27,2026-03-18 19:43:27,OK,NO
586,9,2026-03-18 19:42:40,2026-03-18 19:43:28,OK,NO
662,3,2026-03-18 19:42:27,2026-03-18 19:43:30,OK,NO
660,4,2026-03-18 19:42:27,2026-03-18 19:43:39,OK,NO
669,1,2026-03-18 19:42:47,2026-03-18 19:43:51,OK,NO
657,6,2026-03-18 19:43:11,2026-03-18 19:44:01,OK,NO
585,11,2026-03-18 19:43:15,2026-03-18 19:44:15,OK,NO
587,8,2026-03-18 19:43:23,2026-03-18 19:44:20,OK,NO
584,12,2026-03-18 19:43:07,2026-03-18 19:44:20,OK,NO
586,10,2026-03-18 19:43:28,2026-03-18 19:44:21,OK,NO
663,3,2026-03-18 19:43:39,2026-03-18 19:44:30,OK,NO
660,5,2026-03-18 19:43:39,2026-03-18 19:44:32,OK,NO
666,2,2026-03-18 19:43:39,2026-03-18 19:44:37,OK,NO
588,7,2026-03-18 19:43:23,2026-03-18 19:44:46,OK,NO
670,1,2026-03-18 19:43:51,2026-03-18 19:44:55,OK,NO
661,4,2026-03-18 19:43:39,2026-03-18 19:45:01,OK,NO
658,6,2026-03-18 19:44:01,2026-03-18 19:45:02,OK,NO
587,9,2026-03-18 19:44:20,2026-03-18 19:45:22,OK,NO
585,12,2026-03-18 19:44:20,2026-03-18 19:45:23,OK,NO
586,11,2026-03-18 19:44:21,2026-03-18 19:45:26,OK,NO
588,8,2026-03-18 19:44:46,2026-03-18 19:45:43,OK,NO
671,1,2026-03-18 19:44:55,2026-03-18 19:45:48,OK,NO
664,3,2026-03-18 19:45:01,2026-03-18 19:45:52,OK,NO
667,2,2026-03-18 19:45:01,2026-03-18 19:45:57,OK,NO
662,4,2026-03-18 19:45:01,2026-03-18 19:45:58,OK,NO
661,5,2026-03-18 19:45:01,2026-03-18 19:46:06,OK,NO
659,6,2026-03-18 19:45:02,2026-03-18 19:46:07,OK,NO
589,7,2026-03-18 19:44:46,2026-03-18 19:46:10,OK,NO
587,10,2026-03-18 19:45:22,2026-03-18 19:46:18,OK,NO
586,12,2026-03-18 19:45:26,2026-03-18 19:46:32,OK,NO
588,9,2026-03-18 19:45:43,2026-03-18 19:46:35,OK,NO
672,1,2026-03-18 19:45:48,2026-03-18 19:46:41,OK,NO
668,2,2026-03-18 19:45:58,2026-03-18 19:46:49,OK,NO
589,8,2026-03-18 19:46:10,2026-03-18 19:47:02,OK,NO
665,3,2026-03-18 19:45:58,2026-03-18 19:47:04,OK,NO
663,4,2026-03-18 19:45:58,2026-03-18 19:47:04,OK,NO
662,5,2026-03-18 19:46:06,2026-03-18 19:47:07,OK,NO
660,6,2026-03-18 19:46:07,2026-03-18 19:47:08,OK,NO
587,11,2026-03-18 19:46:18,2026-03-18 19:47:21,OK,NO
588,10,2026-03-18 19:46:35,2026-03-18 19:47:29,OK,NO
590,7,2026-03-18 19:46:10,2026-03-18 19:47:36,OK,NO
673,1,2026-03-18 19:46:41,2026-03-18 19:47:40,OK,NO
666,3,2026-03-18 19:47:04,2026-03-18 19:47:58,OK,NO
669,2,2026-03-18 19:47:04,2026-03-18 19:48:02,OK,NO
589,9,2026-03-18 19:47:02,2026-03-18 19:48:04,OK,NO
663,5,2026-03-18 19:47:07,2026-03-18 19:48:05,OK,NO
664,4,2026-03-18 19:47:04,2026-03-18 19:48:08,OK,NO
587,12,2026-03-18 19:47:21,2026-03-18 19:48:12,OK,NO
661,6,2026-03-18 19:47:08,2026-03-18 19:48:15,OK,NO
588,11,2026-03-18 19:47:29,2026-03-18 19:48:31,OK,NO
590,8,2026-03-18 19:47:36,2026-03-18 19:48:36,OK,NO
674,1,2026-03-18 19:47:40,2026-03-18 19:48:38,OK,NO
591,7,2026-03-18 19:47:36,2026-03-18 19:48:55,OK,NO
665,4,2026-03-18 19:48:08,2026-03-18 19:48:57,OK,NO
589,10,2026-03-18 19:48:04,2026-03-18 19:48:58,OK,NO
664,5,2026-03-18 19:48:08,2026-03-18 19:49:02,OK,NO
670,2,2026-03-18 19:48:08,2026-03-18 19:49:03,OK,NO
667,3,2026-03-18 19:48:08,2026-03-18 19:49:04,OK,NO
662,6,2026-03-18 19:48:15,2026-03-18 19:49:22,OK,NO
590,9,2026-03-18 19:48:36,2026-03-18 19:49:25,OK,NO
675,1,2026-03-18 19:48:38,2026-03-18 19:49:28,OK,NO
588,12,2026-03-18 19:48:31,2026-03-18 19:49:31,OK,NO
591,8,2026-03-18 19:48:55,2026-03-18 19:49:54,OK,NO
666,4,2026-03-18 19:48:57,2026-03-18 19:49:54,OK,NO
668,3,2026-03-18 19:49:04,2026-03-18 19:50:00,OK,NO
671,2,2026-03-18 19:49:04,2026-03-18 19:50:01,OK,NO
589,11,2026-03-18 19:48:58,2026-03-18 19:50:02,OK,NO
592,7,2026-03-18 19:48:55,2026-03-18 19:50:12,OK,NO
665,5,2026-03-18 19:49:02,2026-03-18 19:50:14,OK,NO
663,6,2026-03-18 19:49:22,2026-03-18 19:50:18,OK,NO
590,10,2026-03-18 19:49:25,2026-03-18 19:50:32,OK,NO
676,1,2026-03-18 19:49:28,2026-03-18 19:50:33,OK,NO
591,9,2026-03-18 19:49:54,2026-03-18 19:50:47,OK,NO
667,4,2026-03-18 19:49:54,2026-03-18 19:50:55,OK,NO
672,2,2026-03-18 19:50:01,2026-03-18 19:50:58,OK,NO
669,3,2026-03-18 19:50:00,2026-03-18 19:51:00,OK,NO
589,12,2026-03-18 19:50:02,2026-03-18 19:51:00,OK,NO
592,8,2026-03-18 19:50:12,2026-03-18 19:51:09,OK,NO
666,5,2026-03-18 19:50:14,2026-03-18 19:51:14,OK,NO
593,7,2026-03-18 19:50:12,2026-03-18 19:51:17,OK,NO
664,6,2026-03-18 19:50:18,2026-03-18 19:51:21,OK,NO
590,11,2026-03-18 19:50:32,2026-03-18 19:51:34,OK,NO
677,1,2026-03-18 19:50:33,2026-03-18 19:51:35,OK,NO
591,10,2026-03-18 19:50:47,2026-03-18 19:51:53,OK,NO
668,4,2026-03-18 19:50:55,2026-03-18 19:51:54,OK,NO
673,2,2026-03-18 19:51:00,2026-03-18 19:51:58,OK,NO
670,3,2026-03-18 19:51:00,2026-03-18 19:52:00,OK,NO
592,9,2026-03-18 19:51:09,2026-03-18 19:52:10,OK,NO
593,8,2026-03-18 19:51:17,2026-03-18 19:52:19,OK,NO
665,6,2026-03-18 19:51:21,2026-03-18 19:52:20,OK,NO
667,5,2026-03-18 19:51:14,2026-03-18 19:52:25,OK,NO
590,12,2026-03-18 19:51:34,2026-03-18 19:52:25,OK,NO
678,1,2026-03-18 19:51:35,2026-03-18 19:52:28,OK,NO
594,7,2026-03-18 19:51:17,2026-03-18 19:52:49,OK,NO
591,11,2026-03-18 19:51:53,2026-03-18 19:52:53,OK,NO
674,2,2026-03-18 19:52:00,2026-03-18 19:53:04,OK,NO
671,3,2026-03-18 19:52:00,2026-03-18 19:53:05,OK,NO
669,4,2026-03-18 19:51:54,2026-03-18 19:53:05,OK,NO
592,10,2026-03-18 19:52:10,2026-03-18 19:53:16,OK,NO
593,9,2026-03-18 19:52:19,2026-03-18 19:53:21,OK,NO
666,6,2026-03-18 19:52:20,2026-03-18 19:53:21,OK,NO
668,5,2026-03-18 19:52:25,2026-03-18 19:53:28,OK,NO
679,1,2026-03-18 19:52:28,2026-03-18 19:53:33,OK,NO
591,12,2026-03-18 19:52:53,2026-03-18 19:53:43,OK,NO
672,3,2026-03-18 19:53:05,2026-03-18 19:53:55,OK,NO
594,8,2026-03-18 19:52:49,2026-03-18 19:54:03,OK,NO
675,2,2026-03-18 19:53:05,2026-03-18 19:54:09,OK,NO
595,7,2026-03-18 19:52:49,2026-03-18 19:54:09,OK,NO
670,4,2026-03-18 19:53:05,2026-03-18 19:54:15,OK,NO
592,11,2026-03-18 19:53:16,2026-03-18 19:54:18,OK,NO
593,10,2026-03-18 19:53:21,2026-03-18 19:54:22,OK,NO
667,6,2026-03-18 19:53:21,2026-03-18 19:54:28,OK,NO
669,5,2026-03-18 19:53:28,2026-03-18 19:54:29,OK,NO
680,1,2026-03-18 19:53:33,2026-03-18 19:54:33,OK,NO
594,9,2026-03-18 19:54:03,2026-03-18 19:55:05,OK,NO
595,8,2026-03-18 19:54:09,2026-03-18 19:55:07,OK,NO
592,12,2026-03-18 19:54:18,2026-03-18 19:55:09,OK,NO
673,3,2026-03-18 19:54:15,2026-03-18 19:55:15,OK,NO
671,4,2026-03-18 19:54:15,2026-03-18 19:55:16,OK,NO
676,2,2026-03-18 19:54:15,2026-03-18 19:55:20,OK,NO
668,6,2026-03-18 19:54:28,2026-03-18 19:55:25,OK,NO
593,11,2026-03-18 19:54:22,2026-03-18 19:55:25,OK,NO
681,1,2026-03-18 19:54:33,2026-03-18 19:55:33,OK,NO
670,5,2026-03-18 19:54:29,2026-03-18 19:55:39,OK,NO
596,7,2026-03-18 19:54:09,2026-03-18 19:55:48,OK,NO
594,10,2026-03-18 19:55:05,2026-03-18 19:56:04,OK,NO
672,4,2026-03-18 19:55:16,2026-03-18 19:56:07,OK,NO
595,9,2026-03-18 19:55:07,2026-03-18 19:56:10,OK,NO
677,2,2026-03-18 19:55:20,2026-03-18 19:56:15,OK,NO
669,6,2026-03-18 19:55:25,2026-03-18 19:56:17,OK,NO
593,12,2026-03-18 19:55:25,2026-03-18 19:56:19,OK,NO
674,3,2026-03-18 19:55:16,2026-03-18 19:56:21,OK,NO
682,1,2026-03-18 19:55:33,2026-03-18 19:56:28,OK,NO
671,5,2026-03-18 19:55:39,2026-03-18 19:56:36,OK,NO
596,8,2026-03-18 19:55:48,2026-03-18 19:56:54,OK,NO
594,11,2026-03-18 19:56:04,2026-03-18 19:57:01,OK,NO
597,7,2026-03-18 19:55:48,2026-03-18 19:57:03,OK,NO
595,10,2026-03-18 19:56:10,2026-03-18 19:57:04,OK,NO
678,2,2026-03-18 19:56:21,2026-03-18 19:57:13,OK,NO
673,4,2026-03-18 19:56:07,2026-03-18 19:57:16,OK,NO
675,3,2026-03-18 19:56:21,2026-03-18 19:57:19,OK,NO
683,1,2026-03-18 19:56:28,2026-03-18 19:57:22,OK,NO
670,6,2026-03-18 19:56:17,2026-03-18 19:57:23,OK,NO
672,5,2026-03-18 19:56:36,2026-03-18 19:57:34,OK,NO
595,11,2026-03-18 19:57:04,2026-03-18 19:57:57,OK,NO
596,9,2026-03-18 19:56:54,2026-03-18 19:57:59,OK,NO
594,12,2026-03-18 19:57:01,2026-03-18 19:58:06,OK,NO
597,8,2026-03-18 19:57:03,2026-03-18 19:58:13,OK,NO
679,2,2026-03-18 19:57:19,2026-03-18 19:58:19,OK,NO
676,3,2026-03-18 19:57:19,2026-03-18 19:58:19,OK,NO
674,4,2026-03-18 19:57:16,2026-03-18 19:58:21,OK,NO
671,6,2026-03-18 19:57:23,2026-03-18 19:58:25,OK,NO
684,1,2026-03-18 19:57:22,2026-03-18 19:58:27,OK,NO
598,7,2026-03-18 19:57:03,2026-03-18 19:58:31,OK,NO
673,5,2026-03-18 19:57:34,2026-03-18 19:58:38,OK,NO
596,10,2026-03-18 19:57:59,2026-03-18 19:58:55,OK,NO
595,12,2026-03-18 19:58:06,2026-03-18 19:59:01,OK,NO
597,9,2026-03-18 19:58:13,2026-03-18 19:59:14,OK,NO
675,4,2026-03-18 19:58:21,2026-03-18 19:59:21,OK,NO
680,2,2026-03-18 19:58:21,2026-03-18 19:59:25,OK,NO
672,6,2026-03-18 19:58:25,2026-03-18 19:59:25,OK,NO
677,3,2026-03-18 19:58:21,2026-03-18 19:59:29,OK,NO
685,1,2026-03-18 19:58:27,2026-03-18 19:59:35,OK,NO
674,5,2026-03-18 19:58:38,2026-03-18 19:59:36,OK,NO
598,8,2026-03-18 19:58:31,2026-03-18 19:59:38,OK,NO
596,11,2026-03-18 19:58:55,2026-03-18 19:59:47,OK,NO
599,7,2026-03-18 19:58:31,2026-03-18 20:00:04,OK,NO
597,10,2026-03-18 19:59:14,2026-03-18 20:00:08,OK,NO
673,6,2026-03-18 19:59:25,2026-03-18 20:00:27,OK,NO
676,4,2026-03-18 19:59:21,2026-03-18 20:00:29,OK,NO
678,3,2026-03-18 19:59:29,2026-03-18 20:00:30,OK,NO
686,1,2026-03-18 19:59:35,2026-03-18 20:00:32,OK,NO
675,5,2026-03-18 19:59:36,2026-03-18 20:00:34,OK,NO
681,2,2026-03-18 19:59:29,2026-03-18 20:00:36,OK,NO
598,9,2026-03-18 19:59:38,2026-03-18 20:00:44,OK,NO
596,12,2026-03-18 19:59:47,2026-03-18 20:00:46,OK,NO
599,8,2026-03-18 20:00:04,2026-03-18 20:01:06,OK,NO
597,11,2026-03-18 20:00:08,2026-03-18 20:01:09,OK,NO
679,3,2026-03-18 20:00:30,2026-03-18 20:01:24,OK,NO
687,1,2026-03-18 20:00:32,2026-03-18 20:01:24,OK,NO
674,6,2026-03-18 20:00:27,2026-03-18 20:01:31,OK,NO
676,5,2026-03-18 20:00:34,2026-03-18 20:01:31,OK,NO
682,2,2026-03-18 20:00:36,2026-03-18 20:01:33,OK,NO
600,7,2026-03-18 20:00:04,2026-03-18 20:01:36,OK,NO
598,10,2026-03-18 20:00:44,2026-03-18 20:01:46,OK,NO
597,12,2026-03-18 20:01:09,2026-03-18 20:02:00,OK,NO
599,9,2026-03-18 20:01:06,2026-03-18 20:02:04,OK,NO
677,4,2026-03-18 20:00:29,2026-03-18 20:02:08,OK,NO
688,1,2026-03-18 20:01:24,2026-03-18 20:02:26,OK,NO
675,6,2026-03-18 20:01:31,2026-03-18 20:02:33,OK,NO
598,11,2026-03-18 20:01:46,2026-03-18 20:02:47,OK,NO
600,8,2026-03-18 20:01:36,2026-03-18 20:02:48,OK,NO
601,7,2026-03-18 20:01:36,2026-03-18 20:02:59,OK,NO
677,5,2026-03-18 20:02:08,2026-03-18 20:03:06,OK,NO
683,2,2026-03-18 20:02:08,2026-03-18 20:03:06,OK,NO
680,3,2026-03-18 20:02:08,2026-03-18 20:03:08,OK,NO
678,4,2026-03-18 20:02:08,2026-03-18 20:03:12,OK,NO
689,1,2026-03-18 20:02:26,2026-03-18 20:03:26,OK,NO
676,6,2026-03-18 20:02:33,2026-03-18 20:03:38,OK,NO
598,12,2026-03-18 20:02:47,2026-03-18 20:03:50,OK,NO
600,9,2026-03-18 20:02:48,2026-03-18 20:03:50,OK,NO
601,8,2026-03-18 20:02:59,2026-03-18 20:03:58,OK,NO
678,5,2026-03-18 20:03:12,2026-03-18 20:04:09,OK,NO
679,4,2026-03-18 20:03:12,2026-03-18 20:04:12,OK,NO
684,2,2026-03-18 20:03:12,2026-03-18 20:04:12,OK,NO
681,3,2026-03-18 20:03:12,2026-03-18 20:04:20,OK,NO
690,1,2026-03-18 20:03:26,2026-03-18 20:04:24,OK,NO
602,7,2026-03-18 20:02:59,2026-03-18 20:04:31,OK,NO
601,9,2026-03-18 20:03:58,2026-03-18 20:04:59,OK,NO
685,2,2026-03-18 20:04:20,2026-03-18 20:05:09,OK,NO
679,5,2026-03-18 20:04:12,2026-03-18 20:05:12,OK,NO
680,4,2026-03-18 20:04:12,2026-03-18 20:05:12,OK,NO
691,1,2026-03-18 20:04:24,2026-03-18 20:05:22,OK,NO
682,3,2026-03-18 20:04:20,2026-03-18 20:05:25,OK,NO
602,8,2026-03-18 20:04:31,2026-03-18 20:05:29,OK,NO
603,7,2026-03-18 20:04:31,2026-03-18 20:05:56,OK,NO
680,5,2026-03-18 20:05:12,2026-03-18 20:06:11,OK,NO
602,9,2026-03-18 20:05:29,2026-03-18 20:06:24,OK,NO
692,1,2026-03-18 20:05:22,2026-03-18 20:06:25,OK,NO
683,3,2026-03-18 20:05:25,2026-03-18 20:06:26,OK,NO
686,2,2026-03-18 20:05:25,2026-03-18 20:06:31,OK,NO
681,4,2026-03-18 20:05:12,2026-03-18 20:06:44,OK,NO
603,8,2026-03-18 20:05:56,2026-03-18 20:07:06,OK,NO
604,7,2026-03-18 20:05:56,2026-03-18 20:07:08,OK,NO
693,1,2026-03-18 20:06:25,2026-03-18 20:07:35,OK,NO
684,3,2026-03-18 20:06:44,2026-03-18 20:07:35,OK,NO
687,2,2026-03-18 20:06:44,2026-03-18 20:07:40,OK,NO
682,4,2026-03-18 20:06:44,2026-03-18 20:07:47,OK,NO
681,5,2026-03-18 20:06:44,2026-03-18 20:07:48,OK,NO
604,8,2026-03-18 20:07:08,2026-03-18 20:08:13,OK,NO
694,1,2026-03-18 20:07:35,2026-03-18 20:08:34,OK,NO
685,3,2026-03-18 20:07:47,2026-03-18 20:08:42,OK,NO
605,7,2026-03-18 20:07:08,2026-03-18 20:08:44,OK,NO
682,5,2026-03-18 20:07:48,2026-03-18 20:08:52,OK,NO
683,4,2026-03-18 20:07:47,2026-03-18 20:09:00,OK,NO
599,10,2026-03-18 20:08:15,2026-03-18 20:09:11,OK,NO
603,9,2026-03-18 20:08:15,2026-03-18 20:09:21,OK,NO
695,1,2026-03-18 20:08:34,2026-03-18 20:09:26,OK,NO
605,8,2026-03-18 20:08:44,2026-03-18 20:09:53,OK,NO
684,4,2026-03-18 20:09:00,2026-03-18 20:09:57,OK,NO
686,3,2026-03-18 20:09:00,2026-03-18 20:09:59,OK,NO
606,7,2026-03-18 20:08:44,2026-03-18 20:10:08,OK,NO
599,11,2026-03-18 20:09:11,2026-03-18 20:10:16,OK,NO
600,10,2026-03-18 20:09:11,2026-03-18 20:10:17,OK,NO
604,9,2026-03-18 20:09:21,2026-03-18 20:10:24,OK,NO
696,1,2026-03-18 20:09:26,2026-03-18 20:10:30,OK,NO
687,3,2026-03-18 20:09:59,2026-03-18 20:10:58,OK,NO
606,8,2026-03-18 20:10:08,2026-03-18 20:11:14,OK,NO
601,10,2026-03-18 20:10:17,2026-03-18 20:11:14,OK,NO
599,12,2026-03-18 20:10:16,2026-03-18 20:11:14,OK,NO
605,9,2026-03-18 20:10:24,2026-03-18 20:11:22,OK,NO
685,4,2026-03-18 20:09:57,2026-03-18 20:11:23,OK,NO
697,1,2026-03-18 20:10:30,2026-03-18 20:11:33,OK,NO
602,10,2026-03-18 20:11:14,2026-03-18 20:12:14,OK,NO
606,9,2026-03-18 20:11:22,2026-03-18 20:12:19,OK,NO
698,1,2026-03-18 20:11:33,2026-03-18 20:12:24,OK,NO
600,11,2026-03-18 20:11:53,2026-03-18 20:12:46,OK,NO
688,2,2026-03-18 20:11:47,2026-03-18 20:12:55,OK,NO
686,4,2026-03-18 20:11:23,2026-03-18 20:12:57,OK,NO
603,10,2026-03-18 20:12:14,2026-03-18 20:13:16,OK,NO
699,1,2026-03-18 20:12:24,2026-03-18 20:13:17,OK,NO
600,12,2026-03-18 20:12:46,2026-03-18 20:13:51,OK,NO
687,4,2026-03-18 20:12:57,2026-03-18 20:13:52,OK,NO
601,11,2026-03-18 20:12:46,2026-03-18 20:13:55,OK,NO
689,2,2026-03-18 20:12:55,2026-03-18 20:13:58,OK,NO
688,3,2026-03-18 20:12:55,2026-03-18 20:13:59,OK,NO
604,10,2026-03-18 20:13:16,2026-03-18 20:14:09,OK,NO
700,1,2026-03-18 20:13:17,2026-03-18 20:14:24,OK,NO
689,3,2026-03-18 20:13:59,2026-03-18 20:14:53,OK,NO
601,12,2026-03-18 20:13:55,2026-03-18 20:14:54,OK,NO
602,11,2026-03-18 20:13:55,2026-03-18 20:14:58,OK,NO
688,4,2026-03-18 20:13:59,2026-03-18 20:14:59,OK,NO
690,2,2026-03-18 20:13:58,2026-03-18 20:15:02,OK,NO
605,10,2026-03-18 20:14:09,2026-03-18 20:15:10,OK,NO
701,1,2026-03-18 20:14:24,2026-03-18 20:15:25,OK,NO
689,4,2026-03-18 20:14:59,2026-03-18 20:15:47,OK,NO
691,2,2026-03-18 20:15:02,2026-03-18 20:15:55,OK,NO
603,11,2026-03-18 20:14:58,2026-03-18 20:16:00,OK,NO
602,12,2026-03-18 20:14:58,2026-03-18 20:16:00,OK,NO
606,10,2026-03-18 20:15:10,2026-03-18 20:16:03,OK,NO
690,3,2026-03-18 20:15:02,2026-03-18 20:16:05,OK,NO
607,7,2026-03-18 20:14:51,2026-03-18 20:16:27,OK,NO
702,1,2026-03-18 20:15:25,2026-03-18 20:16:29,OK,NO
692,2,2026-03-18 20:15:55,2026-03-18 20:16:59,OK,NO
604,11,2026-03-18 20:16:00,2026-03-18 20:16:59,OK,NO
690,4,2026-03-18 20:16:05,2026-03-18 20:17:04,OK,NO
603,12,2026-03-18 20:16:00,2026-03-18 20:17:07,OK,NO
691,3,2026-03-18 20:16:05,2026-03-18 20:17:11,OK,NO
703,1,2026-03-18 20:16:29,2026-03-18 20:17:28,OK,NO
607,8,2026-03-18 20:16:27,2026-03-18 20:17:35,OK,NO
693,2,2026-03-18 20:16:59,2026-03-18 20:17:59,OK,NO
608,7,2026-03-18 20:16:27,2026-03-18 20:18:02,OK,NO
605,11,2026-03-18 20:16:59,2026-03-18 20:18:04,OK,NO
692,3,2026-03-18 20:17:11,2026-03-18 20:18:08,OK,NO
604,12,2026-03-18 20:17:07,2026-03-18 20:18:14,OK,NO
691,4,2026-03-18 20:17:11,2026-03-18 20:18:20,OK,NO
704,1,2026-03-18 20:17:28,2026-03-18 20:18:26,OK,NO
607,9,2026-03-18 20:17:35,2026-03-18 20:18:34,OK,NO
694,2,2026-03-18 20:17:59,2026-03-18 20:18:59,OK,NO
608,8,2026-03-18 20:18:02,2026-03-18 20:19:04,OK,NO
693,3,2026-03-18 20:18:08,2026-03-18 20:19:07,OK,NO
606,11,2026-03-18 20:18:04,2026-03-18 20:19:09,OK,NO
605,12,2026-03-18 20:18:14,2026-03-18 20:19:10,OK,NO
692,4,2026-03-18 20:18:20,2026-03-18 20:19:18,OK,NO
705,1,2026-03-18 20:18:26,2026-03-18 20:19:32,OK,NO
607,10,2026-03-18 20:18:34,2026-03-18 20:19:39,OK,NO
609,7,2026-03-18 20:18:02,2026-03-18 20:19:51,OK,NO
695,2,2026-03-18 20:18:59,2026-03-18 20:20:01,OK,NO
608,9,2026-03-18 20:19:04,2026-03-18 20:20:03,OK,NO
694,3,2026-03-18 20:19:07,2026-03-18 20:20:10,OK,NO
606,12,2026-03-18 20:19:10,2026-03-18 20:20:11,OK,NO
677,6,2026-03-18 20:19:19,2026-03-18 20:20:15,OK,NO
683,5,2026-03-18 20:19:19,2026-03-18 20:20:18,OK,NO
693,4,2026-03-18 20:19:18,2026-03-18 20:20:19,OK,NO
706,1,2026-03-18 20:19:32,2026-03-18 20:20:34,OK,NO
607,11,2026-03-18 20:19:39,2026-03-18 20:20:43,OK,NO
696,2,2026-03-18 20:20:01,2026-03-18 20:20:52,OK,NO
609,8,2026-03-18 20:19:51,2026-03-18 20:21:00,OK,NO
610,7,2026-03-18 20:19:51,2026-03-18 20:21:02,OK,NO
608,10,2026-03-18 20:20:03,2026-03-18 20:21:03,OK,NO
695,3,2026-03-18 20:20:10,2026-03-18 20:21:09,OK,NO
684,5,2026-03-18 20:20:18,2026-03-18 20:21:11,OK,NO
678,6,2026-03-18 20:20:15,2026-03-18 20:21:15,OK,NO
607,12,2026-03-18 20:20:43,2026-03-18 20:21:31,OK,NO
707,1,2026-03-18 20:20:34,2026-03-18 20:21:34,OK,NO
694,4,2026-03-18 20:20:19,2026-03-18 20:21:34,OK,NO
697,2,2026-03-18 20:20:52,2026-03-18 20:21:54,OK,NO
609,9,2026-03-18 20:21:00,2026-03-18 20:21:57,OK,NO
610,8,2026-03-18 20:21:02,2026-03-18 20:21:58,OK,NO
696,3,2026-03-18 20:21:09,2026-03-18 20:22:09,OK,NO
608,11,2026-03-18 20:21:03,2026-03-18 20:22:19,OK,NO
679,6,2026-03-18 20:21:15,2026-03-18 20:22:19,OK,NO
611,7,2026-03-18 20:21:02,2026-03-18 20:22:21,OK,NO
685,5,2026-03-18 20:21:15,2026-03-18 20:22:22,OK,NO
610,9,2026-03-18 20:21:58,2026-03-18 20:22:49,OK,NO
695,4,2026-03-18 20:21:34,2026-03-18 20:22:52,OK,NO
698,2,2026-03-18 20:21:54,2026-03-18 20:22:52,OK,NO
609,10,2026-03-18 20:21:57,2026-03-18 20:22:55,OK,NO
611,8,2026-03-18 20:22:21,2026-03-18 20:23:13,OK,NO
686,5,2026-03-18 20:22:22,2026-03-18 20:23:16,OK,NO
697,3,2026-03-18 20:22:09,2026-03-18 20:23:17,OK,NO
680,6,2026-03-18 20:22:19,2026-03-18 20:23:21,OK,NO
608,12,2026-03-18 20:22:19,2026-03-18 20:23:25,OK,NO
612,7,2026-03-18 20:22:21,2026-03-18 20:23:44,OK,NO
699,2,2026-03-18 20:22:52,2026-03-18 20:23:46,OK,NO
609,11,2026-03-18 20:22:55,2026-03-18 20:23:50,OK,NO
610,10,2026-03-18 20:22:55,2026-03-18 20:24:01,OK,NO
611,9,2026-03-18 20:23:13,2026-03-18 20:24:06,OK,NO
681,6,2026-03-18 20:23:21,2026-03-18 20:24:13,OK,NO
698,3,2026-03-18 20:23:17,2026-03-18 20:24:14,OK,NO
687,5,2026-03-18 20:23:21,2026-03-18 20:24:19,OK,NO
696,4,2026-03-18 20:22:52,2026-03-18 20:24:21,OK,NO
612,8,2026-03-18 20:23:44,2026-03-18 20:24:35,OK,NO
700,2,2026-03-18 20:23:46,2026-03-18 20:24:45,OK,NO
609,12,2026-03-18 20:23:50,2026-03-18 20:24:54,OK,NO
610,11,2026-03-18 20:24:01,2026-03-18 20:24:54,OK,NO
682,6,2026-03-18 20:24:13,2026-03-18 20:25:13,OK,NO
611,10,2026-03-18 20:24:06,2026-03-18 20:25:16,OK,NO
688,5,2026-03-18 20:24:19,2026-03-18 20:25:19,OK,NO
613,7,2026-03-18 20:23:44,2026-03-18 20:25:20,OK,NO
699,3,2026-03-18 20:24:21,2026-03-18 20:25:24,OK,NO
697,4,2026-03-18 20:24:21,2026-03-18 20:25:30,OK,NO
612,9,2026-03-18 20:24:35,2026-03-18 20:25:38,OK,NO
701,2,2026-03-18 20:24:45,2026-03-18 20:25:48,OK,NO
610,12,2026-03-18 20:24:54,2026-03-18 20:25:55,OK,NO
683,6,2026-03-18 20:25:13,2026-03-18 20:26:05,OK,NO
611,11,2026-03-18 20:25:16,2026-03-18 20:26:16,OK,NO
613,8,2026-03-18 20:25:20,2026-03-18 20:26:24,OK,NO
689,5,2026-03-18 20:25:19,2026-03-18 20:26:26,OK,NO
700,3,2026-03-18 20:25:30,2026-03-18 20:26:27,OK,NO
698,4,2026-03-18 20:25:30,2026-03-18 20:26:31,OK,NO
612,10,2026-03-18 20:25:38,2026-03-18 20:26:36,OK,NO
702,2,2026-03-18 20:25:48,2026-03-18 20:26:44,OK,NO
684,6,2026-03-18 20:26:05,2026-03-18 20:27:12,OK,NO
708,1,2026-03-18 20:26:05,2026-03-18 20:27:12,OK,NO
690,5,2026-03-18 20:26:26,2026-03-18 20:27:14,OK,NO
614,7,2026-03-18 20:25:20,2026-03-18 20:27:17,OK,NO
613,9,2026-03-18 20:26:24,2026-03-18 20:27:23,OK,NO
701,3,2026-03-18 20:26:31,2026-03-18 20:27:27,OK,NO
611,12,2026-03-18 20:26:16,2026-03-18 20:27:27,OK,NO
699,4,2026-03-18 20:26:31,2026-03-18 20:27:35,OK,NO
612,11,2026-03-18 20:26:36,2026-03-18 20:27:39,OK,NO
703,2,2026-03-18 20:26:44,2026-03-18 20:27:46,OK,NO
709,1,2026-03-18 20:27:12,2026-03-18 20:28:06,OK,NO
685,6,2026-03-18 20:27:12,2026-03-18 20:28:12,OK,NO
614,8,2026-03-18 20:27:17,2026-03-18 20:28:16,OK,NO
691,5,2026-03-18 20:27:14,2026-03-18 20:28:18,OK,NO
613,10,2026-03-18 20:27:23,2026-03-18 20:28:20,OK,NO
702,3,2026-03-18 20:27:35,2026-03-18 20:28:32,OK,NO
700,4,2026-03-18 20:27:35,2026-03-18 20:28:35,OK,NO
612,12,2026-03-18 20:27:39,2026-03-18 20:28:43,OK,NO
704,2,2026-03-18 20:27:46,2026-03-18 20:28:48,OK,NO
615,7,2026-03-18 20:27:17,2026-03-18 20:28:54,OK,NO
710,1,2026-03-18 20:28:06,2026-03-18 20:29:12,OK,NO
686,6,2026-03-18 20:28:12,2026-03-18 20:29:13,OK,NO
692,5,2026-03-18 20:28:18,2026-03-18 20:29:23,OK,NO
703,3,2026-03-18 20:28:35,2026-03-18 20:29:30,OK,NO
613,11,2026-03-18 20:28:20,2026-03-18 20:29:32,OK,NO
701,4,2026-03-18 20:28:35,2026-03-18 20:29:39,OK,NO
614,9,2026-03-18 20:28:16,2026-03-18 20:29:41,OK,NO
705,2,2026-03-18 20:28:48,2026-03-18 20:29:42,OK,NO
615,8,2026-03-18 20:28:54,2026-03-18 20:30:00,OK,NO
711,1,2026-03-18 20:29:12,2026-03-18 20:30:06,OK,NO
616,7,2026-03-18 20:28:54,2026-03-18 20:30:07,OK,NO
687,6,2026-03-18 20:29:13,2026-03-18 20:30:14,OK,NO
693,5,2026-03-18 20:29:23,2026-03-18 20:30:26,OK,NO
613,12,2026-03-18 20:29:32,2026-03-18 20:30:27,OK,NO
704,3,2026-03-18 20:29:39,2026-03-18 20:30:31,OK,NO
702,4,2026-03-18 20:29:39,2026-03-18 20:30:38,OK,NO
614,10,2026-03-18 20:29:41,2026-03-18 20:30:42,OK,NO
706,2,2026-03-18 20:29:42,2026-03-18 20:30:52,OK,NO
712,1,2026-03-18 20:30:06,2026-03-18 20:30:56,OK,NO
615,9,2026-03-18 20:30:00,2026-03-18 20:31:02,OK,NO
688,6,2026-03-18 20:30:14,2026-03-18 20:31:10,OK,NO
614,11,2026-03-18 20:30:42,2026-03-18 20:31:30,OK,NO
617,7,2026-03-18 20:30:07,2026-03-18 20:31:31,OK,NO
616,8,2026-03-18 20:30:43,2026-03-18 20:31:35,OK,NO
694,5,2026-03-18 20:30:26,2026-03-18 20:31:40,OK,NO
703,4,2026-03-18 20:30:38,2026-03-18 20:31:41,OK,NO
705,3,2026-03-18 20:30:38,2026-03-18 20:31:44,OK,NO
713,1,2026-03-18 20:30:56,2026-03-18 20:31:56,OK,NO
707,2,2026-03-18 20:30:52,2026-03-18 20:32:00,OK,NO
615,10,2026-03-18 20:31:02,2026-03-18 20:32:10,OK,NO
689,6,2026-03-18 20:31:10,2026-03-18 20:32:14,OK,NO
616,9,2026-03-18 20:31:35,2026-03-18 20:32:23,OK,NO
614,12,2026-03-18 20:31:30,2026-03-18 20:32:37,OK,NO
617,8,2026-03-18 20:31:35,2026-03-18 20:32:39,OK,NO
706,3,2026-03-18 20:31:44,2026-03-18 20:32:40,OK,NO
695,5,2026-03-18 20:31:40,2026-03-18 20:32:42,OK,NO
704,4,2026-03-18 20:31:41,2026-03-18 20:32:43,OK,NO
618,7,2026-03-18 20:31:31,2026-03-18 20:32:53,OK,NO
708,2,2026-03-18 20:32:00,2026-03-18 20:33:00,OK,NO
714,1,2026-03-18 20:31:56,2026-03-18 20:33:00,OK,NO
615,11,2026-03-18 20:32:10,2026-03-18 20:33:04,OK,NO
690,6,2026-03-18 20:32:14,2026-03-18 20:33:12,OK,NO
616,10,2026-03-18 20:32:23,2026-03-18 20:33:24,OK,NO
617,9,2026-03-18 20:32:39,2026-03-18 20:33:32,OK,NO
696,5,2026-03-18 20:32:42,2026-03-18 20:33:43,OK,NO
618,8,2026-03-18 20:32:53,2026-03-18 20:33:45,OK,NO
707,3,2026-03-18 20:32:43,2026-03-18 20:33:47,OK,NO
715,1,2026-03-18 20:33:00,2026-03-18 20:33:52,OK,NO
709,2,2026-03-18 20:33:00,2026-03-18 20:34:00,OK,NO
615,12,2026-03-18 20:33:04,2026-03-18 20:34:02,OK,NO
705,4,2026-03-18 20:32:43,2026-03-18 20:34:10,OK,NO
691,6,2026-03-18 20:33:12,2026-03-18 20:34:14,OK,NO
619,7,2026-03-18 20:32:53,2026-03-18 20:34:19,OK,NO
616,11,2026-03-18 20:33:24,2026-03-18 20:34:30,OK,NO
617,10,2026-03-18 20:33:32,2026-03-18 20:34:35,OK,NO
618,9,2026-03-18 20:33:45,2026-03-18 20:34:41,OK,NO
716,1,2026-03-18 20:33:52,2026-03-18 20:34:42,OK,NO
697,5,2026-03-18 20:33:43,2026-03-18 20:34:49,OK,NO
710,2,2026-03-18 20:34:00,2026-03-18 20:34:58,OK,NO
619,8,2026-03-18 20:34:19,2026-03-18 20:35:15,OK,NO
708,3,2026-03-18 20:34:10,2026-03-18 20:35:15,OK,NO
692,6,2026-03-18 20:34:14,2026-03-18 20:35:23,OK,NO
617,11,2026-03-18 20:34:35,2026-03-18 20:35:31,OK,NO
616,12,2026-03-18 20:34:30,2026-03-18 20:35:38,OK,NO
706,4,2026-03-18 20:34:10,2026-03-18 20:35:38,OK,NO
618,10,2026-03-18 20:34:41,2026-03-18 20:35:43,OK,NO
717,1,2026-03-18 20:34:42,2026-03-18 20:35:44,OK,NO
698,5,2026-03-18 20:34:49,2026-03-18 20:35:44,OK,NO
620,7,2026-03-18 20:34:19,2026-03-18 20:35:47,OK,NO
711,2,2026-03-18 20:34:58,2026-03-18 20:36:01,OK,NO
693,6,2026-03-18 20:35:23,2026-03-18 20:36:21,OK,NO
619,9,2026-03-18 20:35:15,2026-03-18 20:36:21,OK,NO
718,1,2026-03-18 20:35:44,2026-03-18 20:36:37,OK,NO
709,3,2026-03-18 20:35:38,2026-03-18 20:36:37,OK,NO
620,8,2026-03-18 20:35:47,2026-03-18 20:36:37,OK,NO
617,12,2026-03-18 20:35:38,2026-03-18 20:36:39,OK,NO
699,5,2026-03-18 20:35:44,2026-03-18 20:36:46,OK,NO
707,4,2026-03-18 20:35:38,2026-03-18 20:36:47,OK,NO
618,11,2026-03-18 20:35:43,2026-03-18 20:36:47,OK,NO
712,2,2026-03-18 20:36:01,2026-03-18 20:36:50,OK,NO
621,7,2026-03-18 20:35:47,2026-03-18 20:37:05,OK,NO
694,6,2026-03-18 20:36:21,2026-03-18 20:37:11,OK,NO
619,10,2026-03-18 20:36:21,2026-03-18 20:37:18,OK,NO
618,12,2026-03-18 20:36:47,2026-03-18 20:37:36,OK,NO
620,9,2026-03-18 20:36:37,2026-03-18 20:37:36,OK,NO
700,5,2026-03-18 20:36:46,2026-03-18 20:37:48,OK,NO
710,3,2026-03-18 20:36:47,2026-03-18 20:37:48,OK,NO
719,1,2026-03-18 20:36:37,2026-03-18 20:37:49,OK,NO
713,2,2026-03-18 20:36:50,2026-03-18 20:37:56,OK,NO
621,8,2026-03-18 20:37:05,2026-03-18 20:37:59,OK,NO
619,11,2026-03-18 20:37:18,2026-03-18 20:38:16,OK,NO
695,6,2026-03-18 20:37:11,2026-03-18 20:38:24,OK,NO
708,4,2026-03-18 20:36:47,2026-03-18 20:38:24,OK,NO
620,10,2026-03-18 20:37:36,2026-03-18 20:38:40,OK,NO
622,7,2026-03-18 20:37:05,2026-03-18 20:38:43,OK,NO
701,5,2026-03-18 20:37:48,2026-03-18 20:38:49,OK,NO
720,1,2026-03-18 20:37:49,2026-03-18 20:38:59,OK,NO
621,9,2026-03-18 20:37:59,2026-03-18 20:39:06,OK,NO
619,12,2026-03-18 20:38:16,2026-03-18 20:39:14,OK,NO
696,6,2026-03-18 20:38:24,2026-03-18 20:39:22,OK,NO
711,3,2026-03-18 20:38:24,2026-03-18 20:39:22,OK,NO
714,2,2026-03-18 20:38:24,2026-03-18 20:39:26,OK,NO
620,11,2026-03-18 20:38:40,2026-03-18 20:39:34,OK,NO
622,8,2026-03-18 20:38:43,2026-03-18 20:39:34,OK,NO
709,4,2026-03-18 20:38:24,2026-03-18 20:39:49,OK,NO
721,1,2026-03-18 20:38:59,2026-03-18 20:39:49,OK,NO
702,5,2026-03-18 20:38:49,2026-03-18 20:39:52,OK,NO
623,7,2026-03-18 20:38:43,2026-03-18 20:40:01,OK,NO
621,10,2026-03-18 20:39:06,2026-03-18 20:40:04,OK,NO
697,6,2026-03-18 20:39:22,2026-03-18 20:40:22,OK,NO
620,12,2026-03-18 20:39:34,2026-03-18 20:40:30,OK,NO
622,9,2026-03-18 20:39:34,2026-03-18 20:40:32,OK,NO
715,2,2026-03-18 20:39:49,2026-03-18 20:40:43,OK,NO
712,3,2026-03-18 20:39:49,2026-03-18 20:40:48,OK,NO
722,1,2026-03-18 20:39:49,2026-03-18 20:40:51,OK,NO
703,5,2026-03-18 20:39:52,2026-03-18 20:40:53,OK,NO
710,4,2026-03-18 20:39:49,2026-03-18 20:41:00,OK,NO
621,11,2026-03-18 20:40:04,2026-03-18 20:41:03,OK,NO
623,8,2026-03-18 20:40:01,2026-03-18 20:41:14,OK,NO
698,6,2026-03-18 20:40:22,2026-03-18 20:41:23,OK,NO
622,10,2026-03-18 20:40:32,2026-03-18 20:41:35,OK,NO
716,2,2026-03-18 20:41:00,2026-03-18 20:41:54,OK,NO
704,5,2026-03-18 20:40:53,2026-03-18 20:41:55,OK,NO
624,7,2026-03-18 20:40:01,2026-03-18 20:41:55,OK,NO
723,1,2026-03-18 20:40:51,2026-03-18 20:41:56,OK,NO
713,3,2026-03-18 20:41:00,2026-03-18 20:41:58,OK,NO
711,4,2026-03-18 20:41:00,2026-03-18 20:42:03,OK,NO
621,12,2026-03-18 20:41:03,2026-03-18 20:42:05,OK,NO
623,9,2026-03-18 20:41:14,2026-03-18 20:42:16,OK,NO
699,6,2026-03-18 20:41:23,2026-03-18 20:42:25,OK,NO
622,11,2026-03-18 20:41:35,2026-03-18 20:42:38,OK,NO
714,3,2026-03-18 20:42:03,2026-03-18 20:42:56,OK,NO
705,5,2026-03-18 20:41:55,2026-03-18 20:42:57,OK,NO
724,1,2026-03-18 20:41:56,2026-03-18 20:43:00,OK,NO
717,2,2026-03-18 20:42:03,2026-03-18 20:43:00,OK,NO
712,4,2026-03-18 20:42:03,2026-03-18 20:43:00,OK,NO
624,8,2026-03-18 20:41:55,2026-03-18 20:43:03,OK,NO
623,10,2026-03-18 20:42:16,2026-03-18 20:43:14,OK,NO
625,7,2026-03-18 20:41:55,2026-03-18 20:43:19,OK,NO
700,6,2026-03-18 20:42:25,2026-03-18 20:43:21,OK,NO
622,12,2026-03-18 20:42:38,2026-03-18 20:43:39,OK,NO
706,5,2026-03-18 20:42:57,2026-03-18 20:43:54,OK,NO
715,3,2026-03-18 20:43:00,2026-03-18 20:43:57,OK,NO
718,2,2026-03-18 20:43:00,2026-03-18 20:43:57,OK,NO
725,1,2026-03-18 20:43:00,2026-03-18 20:44:04,OK,NO
624,9,2026-03-18 20:43:03,2026-03-18 20:44:05,OK,NO
713,4,2026-03-18 20:43:00,2026-03-18 20:44:15,OK,NO
623,11,2026-03-18 20:43:14,2026-03-18 20:44:17,OK,NO
701,6,2026-03-18 20:43:21,2026-03-18 20:44:20,OK,NO
625,8,2026-03-18 20:43:19,2026-03-18 20:44:27,OK,NO
626,7,2026-03-18 20:43:19,2026-03-18 20:44:51,OK,NO
707,5,2026-03-18 20:43:54,2026-03-18 20:44:51,OK,NO
726,1,2026-03-18 20:44:04,2026-03-18 20:45:02,OK,NO
624,10,2026-03-18 20:44:05,2026-03-18 20:45:09,OK,NO
714,4,2026-03-18 20:44:15,2026-03-18 20:45:10,OK,NO
623,12,2026-03-18 20:44:17,2026-03-18 20:45:16,OK,NO
716,3,2026-03-18 20:44:15,2026-03-18 20:45:22,OK,NO
702,6,2026-03-18 20:44:20,2026-03-18 20:45:23,OK,NO
719,2,2026-03-18 20:44:15,2026-03-18 20:45:23,OK,NO
625,9,2026-03-18 20:44:27,2026-03-18 20:45:35,OK,NO
708,5,2026-03-18 20:44:51,2026-03-18 20:45:50,OK,NO
626,8,2026-03-18 20:44:51,2026-03-18 20:46:01,OK,NO
624,11,2026-03-18 20:45:09,2026-03-18 20:46:08,OK,NO
727,1,2026-03-18 20:45:02,2026-03-18 20:46:10,OK,NO
627,7,2026-03-18 20:44:51,2026-03-18 20:46:12,OK,NO
717,3,2026-03-18 20:45:22,2026-03-18 20:46:16,OK,NO
715,4,2026-03-18 20:45:10,2026-03-18 20:46:17,OK,NO
720,2,2026-03-18 20:45:23,2026-03-18 20:46:21,OK,NO
703,6,2026-03-18 20:45:23,2026-03-18 20:46:24,OK,NO
625,10,2026-03-18 20:45:35,2026-03-18 20:46:42,OK,NO
626,9,2026-03-18 20:46:01,2026-03-18 20:46:52,OK,NO
709,5,2026-03-18 20:45:50,2026-03-18 20:46:55,OK,NO
624,12,2026-03-18 20:46:08,2026-03-18 20:46:59,OK,NO
627,8,2026-03-18 20:46:12,2026-03-18 20:47:04,OK,NO
718,3,2026-03-18 20:46:17,2026-03-18 20:47:14,OK,NO
728,1,2026-03-18 20:46:10,2026-03-18 20:47:20,OK,NO
721,2,2026-03-18 20:46:21,2026-03-18 20:47:20,OK,NO
704,6,2026-03-18 20:46:24,2026-03-18 20:47:23,OK,NO
716,4,2026-03-18 20:46:17,2026-03-18 20:47:32,OK,NO
625,11,2026-03-18 20:46:42,2026-03-18 20:47:40,OK,NO
628,7,2026-03-18 20:46:12,2026-03-18 20:47:48,OK,NO
626,10,2026-03-18 20:46:52,2026-03-18 20:47:50,OK,NO
710,5,2026-03-18 20:46:55,2026-03-18 20:47:51,OK,NO
627,9,2026-03-18 20:47:04,2026-03-18 20:48:00,OK,NO
705,6,2026-03-18 20:47:23,2026-03-18 20:48:15,OK,NO
729,1,2026-03-18 20:47:20,2026-03-18 20:48:20,OK,NO
717,4,2026-03-18 20:47:32,2026-03-18 20:48:22,OK,NO
722,2,2026-03-18 20:47:32,2026-03-18 20:48:30,OK,NO
719,3,2026-03-18 20:47:32,2026-03-18 20:48:39,OK,NO
625,12,2026-03-18 20:47:40,2026-03-18 20:48:45,OK,NO
711,5,2026-03-18 20:47:51,2026-03-18 20:48:46,OK,NO
628,8,2026-03-18 20:47:48,2026-03-18 20:48:48,OK,NO
626,11,2026-03-18 20:47:50,2026-03-18 20:48:52,OK,NO
627,10,2026-03-18 20:48:00,2026-03-18 20:48:54,OK,NO
706,6,2026-03-18 20:48:15,2026-03-18 20:49:18,OK,NO
730,1,2026-03-18 20:48:20,2026-03-18 20:49:19,OK,NO
629,7,2026-03-18 20:47:48,2026-03-18 20:49:22,OK,NO
718,4,2026-03-18 20:48:22,2026-03-18 20:49:27,OK,NO
720,3,2026-03-18 20:48:39,2026-03-18 20:49:45,OK,NO
712,5,2026-03-18 20:48:46,2026-03-18 20:49:49,OK,NO
627,11,2026-03-18 20:48:54,2026-03-18 20:49:49,OK,NO
723,2,2026-03-18 20:48:39,2026-03-18 20:49:50,OK,NO
628,9,2026-03-18 20:48:48,2026-03-18 20:49:50,OK,NO
626,12,2026-03-18 20:48:52,2026-03-18 20:49:53,OK,NO
731,1,2026-03-18 20:49:19,2026-03-18 20:50:08,OK,NO
707,6,2026-03-18 20:49:18,2026-03-18 20:50:24,OK,NO
719,4,2026-03-18 20:49:27,2026-03-18 20:50:34,OK,NO
629,8,2026-03-18 20:49:22,2026-03-18 20:50:35,OK,NO
721,3,2026-03-18 20:49:45,2026-03-18 20:50:41,OK,NO
724,2,2026-03-18 20:49:50,2026-03-18 20:50:45,OK,NO
628,10,2026-03-18 20:49:50,2026-03-18 20:50:51,OK,NO
627,12,2026-03-18 20:49:53,2026-03-18 20:50:51,OK,NO
713,5,2026-03-18 20:49:49,2026-03-18 20:50:59,OK,NO
732,1,2026-03-18 20:50:08,2026-03-18 20:51:04,OK,NO
630,7,2026-03-18 20:49:22,2026-03-18 20:51:20,OK,NO
722,3,2026-03-18 20:50:41,2026-03-18 20:51:28,OK,NO
720,4,2026-03-18 20:50:34,2026-03-18 20:51:32,OK,NO
629,9,2026-03-18 20:50:35,2026-03-18 20:51:34,OK,NO
708,6,2026-03-18 20:50:24,2026-03-18 20:51:34,OK,NO
725,2,2026-03-18 20:50:45,2026-03-18 20:51:42,OK,NO
628,11,2026-03-18 20:50:51,2026-03-18 20:51:53,OK,NO
733,1,2026-03-18 20:51:04,2026-03-18 20:52:00,OK,NO
714,5,2026-03-18 20:50:59,2026-03-18 20:52:00,OK,NO
630,8,2026-03-18 20:51:20,2026-03-18 20:52:13,OK,NO
721,4,2026-03-18 20:51:32,2026-03-18 20:52:24,OK,NO
709,6,2026-03-18 20:51:34,2026-03-18 20:52:28,OK,NO
723,3,2026-03-18 20:51:32,2026-03-18 20:52:32,OK,NO
629,10,2026-03-18 20:51:34,2026-03-18 20:52:34,OK,NO
726,2,2026-03-18 20:51:42,2026-03-18 20:52:40,OK,NO
631,7,2026-03-18 20:51:20,2026-03-18 20:52:49,OK,NO
628,12,2026-03-18 20:51:53,2026-03-18 20:52:53,OK,NO
734,1,2026-03-18 20:52:00,2026-03-18 20:52:55,OK,NO
715,5,2026-03-18 20:52:00,2026-03-18 20:53:11,OK,NO
722,4,2026-03-18 20:52:24,2026-03-18 20:53:21,OK,NO
710,6,2026-03-18 20:52:28,2026-03-18 20:53:25,OK,NO
630,9,2026-03-18 20:52:13,2026-03-18 20:53:27,OK,NO
724,3,2026-03-18 20:52:32,2026-03-18 20:53:35,OK,NO
629,11,2026-03-18 20:52:34,2026-03-18 20:53:36,OK,NO
727,2,2026-03-18 20:52:40,2026-03-18 20:53:40,OK,NO
735,1,2026-03-18 20:52:55,2026-03-18 20:54:00,OK,NO
631,8,2026-03-18 20:52:49,2026-03-18 20:54:02,OK,NO
716,5,2026-03-18 20:53:11,2026-03-18 20:54:06,OK,NO
632,7,2026-03-18 20:52:49,2026-03-18 20:54:17,OK,NO
723,4,2026-03-18 20:53:21,2026-03-18 20:54:22,OK,NO
630,10,2026-03-18 20:53:27,2026-03-18 20:54:24,OK,NO
711,6,2026-03-18 20:53:25,2026-03-18 20:54:27,OK,NO
629,12,2026-03-18 20:53:36,2026-03-18 20:54:30,OK,NO
725,3,2026-03-18 20:53:35,2026-03-18 20:54:38,OK,NO
728,2,2026-03-18 20:53:40,2026-03-18 20:54:40,OK,NO
736,1,2026-03-18 20:54:00,2026-03-18 20:54:57,OK,NO
631,9,2026-03-18 20:54:02,2026-03-18 20:55:05,OK,NO
717,5,2026-03-18 20:54:06,2026-03-18 20:55:09,OK,NO
630,11,2026-03-18 20:54:24,2026-03-18 20:55:18,OK,NO
632,8,2026-03-18 20:54:17,2026-03-18 20:55:21,OK,NO
712,6,2026-03-18 20:54:27,2026-03-18 20:55:23,OK,NO
724,4,2026-03-18 20:54:22,2026-03-18 20:55:35,OK,NO
633,7,2026-03-18 20:54:17,2026-03-18 20:55:39,OK,NO
726,3,2026-03-18 20:54:38,2026-03-18 20:55:40,OK,NO
729,2,2026-03-18 20:54:40,2026-03-18 20:55:41,OK,NO
737,1,2026-03-18 20:54:57,2026-03-18 20:55:59,OK,NO
630,12,2026-03-18 20:55:18,2026-03-18 20:56:18,OK,NO
718,5,2026-03-18 20:55:09,2026-03-18 20:56:22,OK,NO
713,6,2026-03-18 20:55:23,2026-03-18 20:56:28,OK,NO
632,9,2026-03-18 20:55:21,2026-03-18 20:56:28,OK,NO
633,8,2026-03-18 20:55:39,2026-03-18 20:56:32,OK,NO
730,2,2026-03-18 20:55:41,2026-03-18 20:56:35,OK,NO
727,3,2026-03-18 20:55:40,2026-03-18 20:56:46,OK,NO
725,4,2026-03-18 20:55:35,2026-03-18 20:56:58,OK,NO
738,1,2026-03-18 20:55:59,2026-03-18 20:57:00,OK,NO
634,7,2026-03-18 20:55:39,2026-03-18 20:57:11,OK,NO
719,5,2026-03-18 20:56:22,2026-03-18 20:57:25,OK,NO
633,9,2026-03-18 20:56:32,2026-03-18 20:57:36,OK,NO
714,6,2026-03-18 20:56:28,2026-03-18 20:57:39,OK,NO
739,1,2026-03-18 20:57:00,2026-03-18 20:57:47,OK,NO
726,4,2026-03-18 20:56:58,2026-03-18 20:57:52,OK,NO
731,2,2026-03-18 20:56:58,2026-03-18 20:57:53,OK,NO
728,3,2026-03-18 20:56:58,2026-03-18 20:58:02,OK,NO
634,8,2026-03-18 20:57:11,2026-03-18 20:58:03,OK,NO
720,5,2026-03-18 20:57:25,2026-03-18 20:58:19,OK,NO
631,10,2026-03-18 20:57:37,2026-03-18 20:58:31,OK,NO
715,6,2026-03-18 20:57:39,2026-03-18 20:58:36,OK,NO
635,7,2026-03-18 20:57:11,2026-03-18 20:58:40,OK,NO
740,1,2026-03-18 20:57:47,2026-03-18 20:58:42,OK,NO
727,4,2026-03-18 20:57:52,2026-03-18 20:59:02,OK,NO
729,3,2026-03-18 20:58:02,2026-03-18 20:59:02,OK,NO
732,2,2026-03-18 20:58:02,2026-03-18 20:59:05,OK,NO
634,9,2026-03-18 20:58:03,2026-03-18 20:59:14,OK,NO
721,5,2026-03-18 20:58:19,2026-03-18 20:59:19,OK,NO
631,11,2026-03-18 20:58:31,2026-03-18 20:59:27,OK,NO
632,10,2026-03-18 20:58:31,2026-03-18 20:59:31,OK,NO
716,6,2026-03-18 20:58:36,2026-03-18 20:59:40,OK,NO
635,8,2026-03-18 20:58:40,2026-03-18 20:59:43,OK,NO
741,1,2026-03-18 20:58:42,2026-03-18 20:59:46,OK,NO
733,2,2026-03-18 20:59:05,2026-03-18 20:59:57,OK,NO
728,4,2026-03-18 20:59:02,2026-03-18 21:00:04,OK,NO
730,3,2026-03-18 20:59:02,2026-03-18 21:00:06,OK,NO
722,5,2026-03-18 20:59:19,2026-03-18 21:00:07,OK,NO
636,7,2026-03-18 20:58:40,2026-03-18 21:00:25,OK,NO
631,12,2026-03-18 20:59:27,2026-03-18 21:00:26,OK,NO
633,10,2026-03-18 20:59:31,2026-03-18 21:00:28,OK,NO
632,11,2026-03-18 20:59:31,2026-03-18 21:00:30,OK,NO
717,6,2026-03-18 20:59:40,2026-03-18 21:00:30,OK,NO
635,9,2026-03-18 20:59:43,2026-03-18 21:00:36,OK,NO
742,1,2026-03-18 20:59:46,2026-03-18 21:00:44,OK,NO
731,3,2026-03-18 21:00:06,2026-03-18 21:00:58,OK,NO
734,2,2026-03-18 21:00:06,2026-03-18 21:01:09,OK,NO
723,5,2026-03-18 21:00:07,2026-03-18 21:01:13,OK,NO
633,11,2026-03-18 21:00:30,2026-03-18 21:01:25,OK,NO
634,10,2026-03-18 21:00:28,2026-03-18 21:01:25,OK,NO
729,4,2026-03-18 21:00:04,2026-03-18 21:01:26,OK,NO
632,12,2026-03-18 21:00:30,2026-03-18 21:01:27,OK,NO
636,8,2026-03-18 21:00:25,2026-03-18 21:01:32,OK,NO
743,1,2026-03-18 21:00:44,2026-03-18 21:01:37,OK,NO
637,7,2026-03-18 21:00:25,2026-03-18 21:02:00,OK,NO
634,11,2026-03-18 21:01:25,2026-03-18 21:02:21,OK,NO
635,10,2026-03-18 21:01:25,2026-03-18 21:02:23,OK,NO
732,3,2026-03-18 21:01:26,2026-03-18 21:02:24,OK,NO
735,2,2026-03-18 21:01:26,2026-03-18 21:02:28,OK,NO
633,12,2026-03-18 21:01:27,2026-03-18 21:02:28,OK,NO
744,1,2026-03-18 21:01:37,2026-03-18 21:02:35,OK,NO
637,8,2026-03-18 21:02:00,2026-03-18 21:02:52,OK,NO
636,9,2026-03-18 21:01:32,2026-03-18 21:02:55,OK,NO
730,4,2026-03-18 21:01:26,2026-03-18 21:03:00,OK,NO
724,5,2026-03-18 21:02:09,2026-03-18 21:03:01,OK,NO
718,6,2026-03-18 21:02:09,2026-03-18 21:03:13,OK,NO
635,11,2026-03-18 21:02:23,2026-03-18 21:03:18,OK,NO
745,1,2026-03-18 21:02:35,2026-03-18 21:03:28,OK,NO
634,12,2026-03-18 21:02:28,2026-03-18 21:03:35,OK,NO
636,10,2026-03-18 21:02:55,2026-03-18 21:03:47,OK,NO
637,9,2026-03-18 21:02:55,2026-03-18 21:03:53,OK,NO
638,7,2026-03-18 21:02:00,2026-03-18 21:03:55,OK,NO
736,2,2026-03-18 21:03:00,2026-03-18 21:04:00,OK,NO
733,3,2026-03-18 21:03:00,2026-03-18 21:04:04,OK,NO
725,5,2026-03-18 21:03:13,2026-03-18 21:04:05,OK,NO
731,4,2026-03-18 21:03:00,2026-03-18 21:04:10,OK,NO
719,6,2026-03-18 21:03:13,2026-03-18 21:04:15,OK,NO
746,1,2026-03-18 21:03:28,2026-03-18 21:04:21,OK,NO
635,12,2026-03-18 21:03:35,2026-03-18 21:04:41,OK,NO
636,11,2026-03-18 21:03:47,2026-03-18 21:04:50,OK,NO
638,8,2026-03-18 21:03:55,2026-03-18 21:04:52,OK,NO
637,10,2026-03-18 21:03:53,2026-03-18 21:05:00,OK,NO
732,4,2026-03-18 21:04:10,2026-03-18 21:05:08,OK,NO
720,6,2026-03-18 21:04:15,2026-03-18 21:05:10,OK,NO
737,2,2026-03-18 21:04:10,2026-03-18 21:05:12,OK,NO
726,5,2026-03-18 21:04:15,2026-03-18 21:05:17,OK,NO
734,3,2026-03-18 21:04:10,2026-03-18 21:05:20,OK,NO
639,7,2026-03-18 21:03:55,2026-03-18 21:05:21,OK,NO
747,1,2026-03-18 21:04:21,2026-03-18 21:05:22,OK,NO
636,12,2026-03-18 21:04:50,2026-03-18 21:05:45,OK,NO
637,11,2026-03-18 21:05:00,2026-03-18 21:06:02,OK,NO
721,6,2026-03-18 21:05:10,2026-03-18 21:06:06,OK,NO
733,4,2026-03-18 21:05:08,2026-03-18 21:06:07,OK,NO
638,9,2026-03-18 21:04:52,2026-03-18 21:06:13,OK,NO
738,2,2026-03-18 21:05:20,2026-03-18 21:06:16,OK,NO
748,1,2026-03-18 21:05:22,2026-03-18 21:06:18,OK,NO
727,5,2026-03-18 21:05:17,2026-03-18 21:06:20,OK,NO
639,8,2026-03-18 21:05:21,2026-03-18 21:06:22,OK,NO
735,3,2026-03-18 21:05:20,2026-03-18 21:06:27,OK,NO
640,7,2026-03-18 21:05:21,2026-03-18 21:06:47,OK,NO
734,4,2026-03-18 21:06:07,2026-03-18 21:07:00,OK,NO
637,12,2026-03-18 21:06:02,2026-03-18 21:07:02,OK,NO
722,6,2026-03-18 21:06:06,2026-03-18 21:07:07,OK,NO
639,9,2026-03-18 21:06:22,2026-03-18 21:07:10,OK,NO
638,10,2026-03-18 21:06:13,2026-03-18 21:07:16,OK,NO
749,1,2026-03-18 21:06:18,2026-03-18 21:07:16,OK,NO
728,5,2026-03-18 21:06:20,2026-03-18 21:07:16,OK,NO
640,8,2026-03-18 21:06:47,2026-03-18 21:07:44,OK,NO
641,7,2026-03-18 21:06:47,2026-03-18 21:08:04,OK,NO
639,10,2026-03-18 21:07:16,2026-03-18 21:08:10,OK,NO
638,11,2026-03-18 21:07:16,2026-03-18 21:08:11,OK,NO
729,5,2026-03-18 21:07:16,2026-03-18 21:08:13,OK,NO
723,6,2026-03-18 21:07:07,2026-03-18 21:08:14,OK,NO
750,1,2026-03-18 21:07:16,2026-03-18 21:08:14,OK,NO
735,4,2026-03-18 21:07:00,2026-03-18 21:08:15,OK,NO
640,9,2026-03-18 21:07:44,2026-03-18 21:08:36,OK,NO
641,8,2026-03-18 21:08:04,2026-03-18 21:09:01,OK,NO
724,6,2026-03-18 21:08:14,2026-03-18 21:09:10,OK,NO
730,5,2026-03-18 21:08:14,2026-03-18 21:09:10,OK,NO
639,11,2026-03-18 21:08:11,2026-03-18 21:09:10,OK,NO
638,12,2026-03-18 21:08:11,2026-03-18 21:09:11,OK,NO
642,7,2026-03-18 21:08:04,2026-03-18 21:09:29,OK,NO
640,10,2026-03-18 21:08:36,2026-03-18 21:09:44,OK,NO
641,9,2026-03-18 21:09:01,2026-03-18 21:10:01,OK,NO
725,6,2026-03-18 21:09:10,2026-03-18 21:10:05,OK,NO
731,5,2026-03-18 21:09:10,2026-03-18 21:10:10,OK,NO
639,12,2026-03-18 21:09:11,2026-03-18 21:10:12,OK,NO
642,8,2026-03-18 21:09:29,2026-03-18 21:10:31,OK,NO
640,11,2026-03-18 21:09:44,2026-03-18 21:10:42,OK,NO
726,6,2026-03-18 21:10:05,2026-03-18 21:10:57,OK,NO
643,7,2026-03-18 21:09:29,2026-03-18 21:10:59,OK,NO
732,5,2026-03-18 21:10:10,2026-03-18 21:11:05,OK,NO
641,10,2026-03-18 21:10:01,2026-03-18 21:11:14,OK,NO
642,9,2026-03-18 21:10:31,2026-03-18 21:11:35,OK,NO
640,12,2026-03-18 21:10:42,2026-03-18 21:11:35,OK,NO
733,5,2026-03-18 21:11:05,2026-03-18 21:11:55,OK,NO
643,8,2026-03-18 21:10:59,2026-03-18 21:12:02,OK,NO
727,6,2026-03-18 21:10:57,2026-03-18 21:12:09,OK,NO
641,11,2026-03-18 21:11:14,2026-03-18 21:12:16,OK,NO
644,7,2026-03-18 21:10:59,2026-03-18 21:12:26,OK,NO
642,10,2026-03-18 21:11:35,2026-03-18 21:12:29,OK,NO
734,5,2026-03-18 21:12:09,2026-03-18 21:12:59,OK,NO
643,9,2026-03-18 21:12:02,2026-03-18 21:13:10,OK,NO
728,6,2026-03-18 21:12:09,2026-03-18 21:13:17,OK,NO
641,12,2026-03-18 21:12:16,2026-03-18 21:13:20,OK,NO
644,8,2026-03-18 21:12:26,2026-03-18 21:13:26,OK,NO
642,11,2026-03-18 21:12:29,2026-03-18 21:13:41,OK,NO
645,7,2026-03-18 21:12:26,2026-03-18 21:14:07,OK,NO
643,10,2026-03-18 21:13:10,2026-03-18 21:14:07,OK,NO
735,5,2026-03-18 21:13:17,2026-03-18 21:14:08,OK,NO
729,6,2026-03-18 21:13:17,2026-03-18 21:14:15,OK,NO
644,9,2026-03-18 21:13:26,2026-03-18 21:14:24,OK,NO
642,12,2026-03-18 21:13:41,2026-03-18 21:14:46,OK,NO
643,11,2026-03-18 21:14:07,2026-03-18 21:15:02,OK,NO
645,8,2026-03-18 21:14:07,2026-03-18 21:15:05,OK,NO
730,6,2026-03-18 21:14:15,2026-03-18 21:15:24,OK,NO
644,10,2026-03-18 21:14:24,2026-03-18 21:15:25,OK,NO
646,7,2026-03-18 21:14:07,2026-03-18 21:15:59,OK,NO
643,12,2026-03-18 21:15:02,2026-03-18 21:15:59,OK,NO
645,9,2026-03-18 21:15:05,2026-03-18 21:16:14,OK,NO
731,6,2026-03-18 21:15:24,2026-03-18 21:16:18,OK,NO
644,11,2026-03-18 21:15:25,2026-03-18 21:16:26,OK,NO
751,1,2026-03-18 21:16:00,2026-03-18 21:16:44,OK,NO
736,3,2026-03-18 21:16:00,2026-03-18 21:16:53,OK,NO
739,2,2026-03-18 21:16:00,2026-03-18 21:16:58,OK,NO
646,8,2026-03-18 21:15:59,2026-03-18 21:17:01,OK,NO
645,10,2026-03-18 21:16:14,2026-03-18 21:17:18,OK,NO
647,7,2026-03-18 21:15:59,2026-03-18 21:17:21,OK,NO
732,6,2026-03-18 21:16:18,2026-03-18 21:17:23,OK,NO
644,12,2026-03-18 21:16:26,2026-03-18 21:17:27,OK,NO
737,3,2026-03-18 21:16:53,2026-03-18 21:17:52,OK,NO
736,4,2026-03-18 21:16:53,2026-03-18 21:17:53,OK,NO
752,1,2026-03-18 21:16:58,2026-03-18 21:17:57,OK,NO
740,2,2026-03-18 21:16:58,2026-03-18 21:18:01,OK,NO
646,9,2026-03-18 21:17:01,2026-03-18 21:18:14,OK,NO
647,8,2026-03-18 21:17:21,2026-03-18 21:18:15,OK,NO
733,6,2026-03-18 21:17:23,2026-03-18 21:18:24,OK,NO
645,11,2026-03-18 21:17:18,2026-03-18 21:18:28,OK,NO
736,5,2026-03-18 21:17:53,2026-03-18 21:18:55,OK,NO
738,3,2026-03-18 21:17:52,2026-03-18 21:18:56,OK,NO
741,2,2026-03-18 21:18:01,2026-03-18 21:18:59,OK,NO
737,4,2026-03-18 21:17:53,2026-03-18 21:19:02,OK,NO
753,1,2026-03-18 21:18:01,2026-03-18 21:19:07,OK,NO
647,9,2026-03-18 21:18:15,2026-03-18 21:19:20,OK,NO
645,12,2026-03-18 21:18:28,2026-03-18 21:19:29,OK,NO
734,6,2026-03-18 21:18:24,2026-03-18 21:19:29,OK,NO
742,2,2026-03-18 21:18:59,2026-03-18 21:19:53,OK,NO
739,3,2026-03-18 21:18:56,2026-03-18 21:19:55,OK,NO
754,1,2026-03-18 21:19:07,2026-03-18 21:20:14,OK,NO
737,5,2026-03-18 21:19:20,2026-03-18 21:20:24,OK,NO
738,4,2026-03-18 21:19:02,2026-03-18 21:20:37,OK,NO
735,6,2026-03-18 21:19:29,2026-03-18 21:20:39,OK,NO
740,3,2026-03-18 21:19:55,2026-03-18 21:20:45,OK,NO
743,2,2026-03-18 21:19:55,2026-03-18 21:20:53,OK,NO
755,1,2026-03-18 21:20:14,2026-03-18 21:21:06,OK,NO
648,7,2026-03-18 21:19:57,2026-03-18 21:21:19,OK,NO
738,5,2026-03-18 21:20:37,2026-03-18 21:21:31,OK,NO
741,3,2026-03-18 21:20:45,2026-03-18 21:21:39,OK,NO
646,10,2026-03-18 21:20:47,2026-03-18 21:21:40,OK,NO
739,4,2026-03-18 21:20:37,2026-03-18 21:21:43,OK,NO
736,6,2026-03-18 21:20:39,2026-03-18 21:21:45,OK,NO
744,2,2026-03-18 21:20:53,2026-03-18 21:21:50,OK,NO
756,1,2026-03-18 21:21:06,2026-03-18 21:22:03,OK,NO
648,8,2026-03-18 21:21:19,2026-03-18 21:22:13,OK,NO
646,11,2026-03-18 21:21:40,2026-03-18 21:22:35,OK,NO
742,3,2026-03-18 21:21:43,2026-03-18 21:22:42,OK,NO
647,10,2026-03-18 21:21:40,2026-03-18 21:22:46,OK,NO
739,5,2026-03-18 21:21:43,2026-03-18 21:22:47,OK,NO
737,6,2026-03-18 21:21:45,2026-03-18 21:22:48,OK,NO
649,7,2026-03-18 21:21:19,2026-03-18 21:22:50,OK,NO
740,4,2026-03-18 21:21:43,2026-03-18 21:22:51,OK,NO
757,1,2026-03-18 21:22:03,2026-03-18 21:22:56,OK,NO
745,2,2026-03-18 21:21:50,2026-03-18 21:22:59,OK,NO
648,9,2026-03-18 21:22:13,2026-03-18 21:23:04,OK,NO
646,12,2026-03-18 21:22:35,2026-03-18 21:23:32,OK,NO
649,8,2026-03-18 21:22:50,2026-03-18 21:23:46,OK,NO
647,11,2026-03-18 21:22:46,2026-03-18 21:23:48,OK,NO
738,6,2026-03-18 21:22:48,2026-03-18 21:23:49,OK,NO
741,4,2026-03-18 21:22:51,2026-03-18 21:23:50,OK,NO
743,3,2026-03-18 21:22:51,2026-03-18 21:23:51,OK,NO
758,1,2026-03-18 21:22:59,2026-03-18 21:23:52,OK,NO
746,2,2026-03-18 21:22:59,2026-03-18 21:23:53,OK,NO
740,5,2026-03-18 21:22:51,2026-03-18 21:23:55,OK,NO
648,10,2026-03-18 21:23:04,2026-03-18 21:24:06,OK,NO
650,7,2026-03-18 21:22:50,2026-03-18 21:24:07,OK,NO
739,6,2026-03-18 21:23:49,2026-03-18 21:24:36,OK,NO
647,12,2026-03-18 21:23:48,2026-03-18 21:24:43,OK,NO
759,1,2026-03-18 21:23:53,2026-03-18 21:24:49,OK,NO
649,9,2026-03-18 21:23:46,2026-03-18 21:24:53,OK,NO
742,4,2026-03-18 21:23:50,2026-03-18 21:24:55,OK,NO
744,3,2026-03-18 21:23:51,2026-03-18 21:24:56,OK,NO
648,11,2026-03-18 21:24:06,2026-03-18 21:25:00,OK,NO
741,5,2026-03-18 21:23:55,2026-03-18 21:25:01,OK,NO
747,2,2026-03-18 21:23:53,2026-03-18 21:25:04,OK,NO
650,8,2026-03-18 21:24:07,2026-03-18 21:25:05,OK,NO
651,7,2026-03-18 21:24:07,2026-03-18 21:25:18,OK,NO
740,6,2026-03-18 21:24:36,2026-03-18 21:25:45,OK,NO
649,10,2026-03-18 21:24:53,2026-03-18 21:25:50,OK,NO
743,4,2026-03-18 21:24:55,2026-03-18 21:25:52,OK,NO
745,3,2026-03-18 21:24:56,2026-03-18 21:26:00,OK,NO
650,9,2026-03-18 21:25:05,2026-03-18 21:26:01,OK,NO
648,12,2026-03-18 21:25:00,2026-03-18 21:26:05,OK,NO
742,5,2026-03-18 21:25:01,2026-03-18 21:26:05,OK,NO
748,2,2026-03-18 21:25:04,2026-03-18 21:26:07,OK,NO
760,1,2026-03-18 21:25:04,2026-03-18 21:26:09,OK,NO
651,8,2026-03-18 21:25:18,2026-03-18 21:26:14,OK,NO
652,7,2026-03-18 21:25:18,2026-03-18 21:26:38,OK,NO
741,6,2026-03-18 21:25:45,2026-03-18 21:26:40,OK,NO
649,11,2026-03-18 21:25:50,2026-03-18 21:26:51,OK,NO
746,3,2026-03-18 21:26:00,2026-03-18 21:26:58,OK,NO
743,5,2026-03-18 21:26:05,2026-03-18 21:27:00,OK,NO
744,4,2026-03-18 21:25:52,2026-03-18 21:27:01,OK,NO
650,10,2026-03-18 21:26:01,2026-03-18 21:27:01,OK,NO
749,2,2026-03-18 21:26:07,2026-03-18 21:27:05,OK,NO
761,1,2026-03-18 21:26:09,2026-03-18 21:27:13,OK,NO
651,9,2026-03-18 21:26:14,2026-03-18 21:27:19,OK,NO
742,6,2026-03-18 21:26:40,2026-03-18 21:27:33,OK,NO
652,8,2026-03-18 21:26:38,2026-03-18 21:27:33,OK,NO
649,12,2026-03-18 21:26:51,2026-03-18 21:27:47,OK,NO
744,5,2026-03-18 21:27:01,2026-03-18 21:27:56,OK,NO
650,11,2026-03-18 21:27:01,2026-03-18 21:28:02,OK,NO
750,2,2026-03-18 21:27:05,2026-03-18 21:28:04,OK,NO
745,4,2026-03-18 21:27:01,2026-03-18 21:28:05,OK,NO
747,3,2026-03-18 21:27:01,2026-03-18 21:28:06,OK,NO
762,1,2026-03-18 21:27:13,2026-03-18 21:28:14,OK,NO
651,10,2026-03-18 21:27:19,2026-03-18 21:28:26,OK,NO
743,6,2026-03-18 21:27:33,2026-03-18 21:28:32,OK,NO
652,9,2026-03-18 21:27:33,2026-03-18 21:28:35,OK,NO
650,12,2026-03-18 21:28:02,2026-03-18 21:28:54,OK,NO
748,3,2026-03-18 21:28:06,2026-03-18 21:29:03,OK,NO
745,5,2026-03-18 21:28:05,2026-03-18 21:29:05,OK,NO
751,2,2026-03-18 21:28:06,2026-03-18 21:29:09,OK,NO
763,1,2026-03-18 21:28:14,2026-03-18 21:29:10,OK,NO
746,4,2026-03-18 21:28:05,2026-03-18 21:29:12,OK,NO
651,11,2026-03-18 21:28:26,2026-03-18 21:29:23,OK,NO
744,6,2026-03-18 21:28:32,2026-03-18 21:29:43,OK,NO
747,4,2026-03-18 21:29:12,2026-03-18 21:30:05,OK,NO
746,5,2026-03-18 21:29:12,2026-03-18 21:30:11,OK,NO
764,1,2026-03-18 21:29:12,2026-03-18 21:30:13,OK,NO
752,2,2026-03-18 21:29:12,2026-03-18 21:30:20,OK,NO
749,3,2026-03-18 21:29:12,2026-03-18 21:30:21,OK,NO
651,12,2026-03-18 21:29:23,2026-03-18 21:30:29,OK,NO
745,6,2026-03-18 21:29:43,2026-03-18 21:30:40,OK,NO
747,5,2026-03-18 21:30:11,2026-03-18 21:31:02,OK,NO
765,1,2026-03-18 21:30:21,2026-03-18 21:31:16,OK,NO
653,7,2026-03-18 21:30:03,2026-03-18 21:31:18,OK,NO
748,4,2026-03-18 21:30:05,2026-03-18 21:31:20,OK,NO
753,2,2026-03-18 21:30:21,2026-03-18 21:31:22,OK,NO
750,3,2026-03-18 21:30:21,2026-03-18 21:31:27,OK,NO
746,6,2026-03-18 21:30:40,2026-03-18 21:31:40,OK,NO
748,5,2026-03-18 21:31:20,2026-03-18 21:32:14,OK,NO
653,8,2026-03-18 21:31:18,2026-03-18 21:32:22,OK,NO
754,2,2026-03-18 21:31:27,2026-03-18 21:32:22,OK,NO
766,1,2026-03-18 21:31:27,2026-03-18 21:32:23,OK,NO
751,3,2026-03-18 21:31:27,2026-03-18 21:32:25,OK,NO
747,6,2026-03-18 21:31:40,2026-03-18 21:32:37,OK,NO
654,7,2026-03-18 21:31:18,2026-03-18 21:32:41,OK,NO
749,4,2026-03-18 21:31:20,2026-03-18 21:32:44,OK,NO
653,9,2026-03-18 21:32:22,2026-03-18 21:33:13,OK,NO
748,6,2026-03-18 21:32:37,2026-03-18 21:33:39,OK,NO
654,8,2026-03-18 21:32:41,2026-03-18 21:33:41,OK,NO
749,5,2026-03-18 21:32:44,2026-03-18 21:33:42,OK,NO
755,2,2026-03-18 21:32:44,2026-03-18 21:33:44,OK,NO
752,3,2026-03-18 21:32:44,2026-03-18 21:33:45,OK,NO
750,4,2026-03-18 21:32:44,2026-03-18 21:33:49,OK,NO
767,1,2026-03-18 21:32:44,2026-03-18 21:33:52,OK,NO
652,10,2026-03-18 21:32:51,2026-03-18 21:33:54,OK,NO
655,7,2026-03-18 21:32:41,2026-03-18 21:34:33,OK,NO
654,9,2026-03-18 21:33:41,2026-03-18 21:34:39,OK,NO
750,5,2026-03-18 21:33:49,2026-03-18 21:34:42,OK,NO
749,6,2026-03-18 21:33:42,2026-03-18 21:34:46,OK,NO
753,3,2026-03-18 21:33:49,2026-03-18 21:34:48,OK,NO
653,10,2026-03-18 21:33:54,2026-03-18 21:34:53,OK,NO
756,2,2026-03-18 21:33:49,2026-03-18 21:34:54,OK,NO
652,11,2026-03-18 21:33:54,2026-03-18 21:34:57,OK,NO
751,4,2026-03-18 21:33:49,2026-03-18 21:35:01,OK,NO
768,1,2026-03-18 21:33:52,2026-03-18 21:35:01,OK,NO
655,8,2026-03-18 21:34:33,2026-03-18 21:35:26,OK,NO
654,10,2026-03-18 21:34:53,2026-03-18 21:35:51,OK,NO
750,6,2026-03-18 21:34:46,2026-03-18 21:35:53,OK,NO
653,11,2026-03-18 21:34:57,2026-03-18 21:35:56,OK,NO
754,3,2026-03-18 21:35:01,2026-03-18 21:35:57,OK,NO
751,5,2026-03-18 21:35:01,2026-03-18 21:35:58,OK,NO
652,12,2026-03-18 21:34:57,2026-03-18 21:35:58,OK,NO
769,1,2026-03-18 21:35:01,2026-03-18 21:35:59,OK,NO
757,2,2026-03-18 21:35:01,2026-03-18 21:35:59,OK,NO
752,4,2026-03-18 21:35:01,2026-03-18 21:36:06,OK,NO
656,7,2026-03-18 21:34:33,2026-03-18 21:36:16,OK,NO
655,9,2026-03-18 21:35:26,2026-03-18 21:36:41,OK,NO
654,11,2026-03-18 21:35:56,2026-03-18 21:37:01,OK,NO
751,6,2026-03-18 21:35:58,2026-03-18 21:37:01,OK,NO
653,12,2026-03-18 21:35:58,2026-03-18 21:37:02,OK,NO
758,2,2026-03-18 21:36:06,2026-03-18 21:37:03,OK,NO
770,1,2026-03-18 21:36:06,2026-03-18 21:37:03,OK,NO
752,5,2026-03-18 21:36:06,2026-03-18 21:37:11,OK,NO
656,8,2026-03-18 21:36:16,2026-03-18 21:37:13,OK,NO
755,3,2026-03-18 21:36:06,2026-03-18 21:37:17,OK,NO
753,4,2026-03-18 21:36:06,2026-03-18 21:37:27,OK,NO
657,7,2026-03-18 21:36:16,2026-03-18 21:37:34,OK,NO
655,10,2026-03-18 21:36:41,2026-03-18 21:37:49,OK,NO
654,12,2026-03-18 21:37:02,2026-03-18 21:38:00,OK,NO
752,6,2026-03-18 21:37:11,2026-03-18 21:38:10,OK,NO
657,8,2026-03-18 21:37:34,2026-03-18 21:38:25,OK,NO
759,2,2026-03-18 21:37:27,2026-03-18 21:38:26,OK,NO
756,3,2026-03-18 21:37:27,2026-03-18 21:38:27,OK,NO
771,1,2026-03-18 21:37:27,2026-03-18 21:38:27,OK,NO
656,9,2026-03-18 21:37:13,2026-03-18 21:38:39,OK,NO
754,4,2026-03-18 21:37:27,2026-03-18 21:38:52,OK,NO
655,11,2026-03-18 21:37:49,2026-03-18 21:38:53,OK,NO
658,7,2026-03-18 21:37:34,2026-03-18 21:39:28,OK,NO
657,9,2026-03-18 21:38:39,2026-03-18 21:39:36,OK,NO
656,10,2026-03-18 21:38:39,2026-03-18 21:39:41,OK,NO
655,12,2026-03-18 21:38:53,2026-03-18 21:39:50,OK,NO
757,3,2026-03-18 21:38:52,2026-03-18 21:39:51,OK,NO
760,2,2026-03-18 21:38:52,2026-03-18 21:39:52,OK,NO
772,1,2026-03-18 21:38:52,2026-03-18 21:39:53,OK,NO
755,4,2026-03-18 21:38:52,2026-03-18 21:39:57,OK,NO
658,8,2026-03-18 21:39:28,2026-03-18 21:40:31,OK,NO
657,10,2026-03-18 21:39:41,2026-03-18 21:40:40,OK,NO
656,11,2026-03-18 21:39:41,2026-03-18 21:40:42,OK,NO
758,3,2026-03-18 21:39:57,2026-03-18 21:40:47,OK,NO
761,2,2026-03-18 21:39:57,2026-03-18 21:40:48,OK,NO
773,1,2026-03-18 21:39:57,2026-03-18 21:40:49,OK,NO
753,5,2026-03-18 21:40:07,2026-03-18 21:40:56,OK,NO
756,4,2026-03-18 21:39:57,2026-03-18 21:40:57,OK,NO
659,7,2026-03-18 21:39:28,2026-03-18 21:40:57,OK,NO
658,9,2026-03-18 21:40:31,2026-03-18 21:41:22,OK,NO
657,11,2026-03-18 21:40:42,2026-03-18 21:41:35,OK,NO
656,12,2026-03-18 21:40:42,2026-03-18 21:41:44,OK,NO
774,1,2026-03-18 21:40:57,2026-03-18 21:41:53,OK,NO
659,8,2026-03-18 21:40:57,2026-03-18 21:41:53,OK,NO
754,5,2026-03-18 21:40:56,2026-03-18 21:41:57,OK,NO
759,3,2026-03-18 21:40:57,2026-03-18 21:41:57,OK,NO
753,6,2026-03-18 21:40:56,2026-03-18 21:41:59,OK,NO
762,2,2026-03-18 21:40:57,2026-03-18 21:42:01,OK,NO
757,4,2026-03-18 21:40:57,2026-03-18 21:42:03,OK,NO
660,7,2026-03-18 21:40:57,2026-03-18 21:42:24,OK,NO
658,10,2026-03-18 21:41:22,2026-03-18 21:42:25,OK,NO
657,12,2026-03-18 21:41:44,2026-03-18 21:42:38,OK,NO
659,9,2026-03-18 21:41:53,2026-03-18 21:42:48,OK,NO
754,6,2026-03-18 21:41:59,2026-03-18 21:42:49,OK,NO
755,5,2026-03-18 21:41:57,2026-03-18 21:42:55,OK,NO
763,2,2026-03-18 21:42:03,2026-03-18 21:43:00,OK,NO
760,3,2026-03-18 21:42:03,2026-03-18 21:43:01,OK,NO
775,1,2026-03-18 21:42:03,2026-03-18 21:43:01,OK,NO
758,4,2026-03-18 21:42:03,2026-03-18 21:43:17,OK,NO
660,8,2026-03-18 21:42:24,2026-03-18 21:43:18,OK,NO
658,11,2026-03-18 21:42:25,2026-03-18 21:43:32,OK,NO
755,6,2026-03-18 21:42:55,2026-03-18 21:43:43,OK,NO
659,10,2026-03-18 21:42:48,2026-03-18 21:43:47,OK,NO
756,5,2026-03-18 21:42:55,2026-03-18 21:43:53,OK,NO
660,9,2026-03-18 21:43:18,2026-03-18 21:44:10,OK,NO
761,3,2026-03-18 21:43:17,2026-03-18 21:44:13,OK,NO
759,4,2026-03-18 21:43:17,2026-03-18 21:44:14,OK,NO
776,1,2026-03-18 21:43:17,2026-03-18 21:44:15,OK,NO
764,2,2026-03-18 21:43:17,2026-03-18 21:44:15,OK,NO
661,7,2026-03-18 21:42:24,2026-03-18 21:44:32,OK,NO
658,12,2026-03-18 21:43:32,2026-03-18 21:44:37,OK,NO
659,11,2026-03-18 21:43:47,2026-03-18 21:44:45,OK,NO
757,5,2026-03-18 21:43:53,2026-03-18 21:44:55,OK,NO
756,6,2026-03-18 21:43:53,2026-03-18 21:44:59,OK,NO
762,3,2026-03-18 21:44:14,2026-03-18 21:45:09,OK,NO
660,10,2026-03-18 21:44:10,2026-03-18 21:45:15,OK,NO
777,1,2026-03-18 21:44:15,2026-03-18 21:45:15,OK,NO
765,2,2026-03-18 21:44:15,2026-03-18 21:45:15,OK,NO
760,4,2026-03-18 21:44:14,2026-03-18 21:45:25,OK,NO
661,8,2026-03-18 21:44:32,2026-03-18 21:45:33,OK,NO
659,12,2026-03-18 21:44:45,2026-03-18 21:45:44,OK,NO
757,6,2026-03-18 21:44:59,2026-03-18 21:46:01,OK,NO
662,7,2026-03-18 21:44:32,2026-03-18 21:46:03,OK,NO
758,5,2026-03-18 21:44:55,2026-03-18 21:46:04,OK,NO
660,11,2026-03-18 21:45:15,2026-03-18 21:46:16,OK,NO
766,2,2026-03-18 21:45:25,2026-03-18 21:46:26,OK,NO
778,1,2026-03-18 21:45:25,2026-03-18 21:46:34,OK,NO
763,3,2026-03-18 21:45:25,2026-03-18 21:46:39,OK,NO
661,9,2026-03-18 21:45:33,2026-03-18 21:46:44,OK,NO
761,4,2026-03-18 21:45:25,2026-03-18 21:46:55,OK,NO
759,5,2026-03-18 21:46:04,2026-03-18 21:46:59,OK,NO
758,6,2026-03-18 21:46:04,2026-03-18 21:47:02,OK,NO
662,8,2026-03-18 21:46:03,2026-03-18 21:47:08,OK,NO
663,7,2026-03-18 21:46:03,2026-03-18 21:47:19,OK,NO
660,12,2026-03-18 21:46:16,2026-03-18 21:47:29,OK,NO
661,10,2026-03-18 21:46:44,2026-03-18 21:47:44,OK,NO
764,3,2026-03-18 21:46:55,2026-03-18 21:47:54,OK,NO
762,4,2026-03-18 21:46:55,2026-03-18 21:47:55,OK,NO
759,6,2026-03-18 21:47:02,2026-03-18 21:47:58,OK,NO
760,5,2026-03-18 21:46:59,2026-03-18 21:47:59,OK,NO
767,2,2026-03-18 21:46:55,2026-03-18 21:48:00,OK,NO
662,9,2026-03-18 21:47:08,2026-03-18 21:48:00,OK,NO
779,1,2026-03-18 21:46:55,2026-03-18 21:48:04,OK,NO
663,8,2026-03-18 21:47:19,2026-03-18 21:48:16,OK,NO
661,11,2026-03-18 21:47:44,2026-03-18 21:48:47,OK,NO
763,4,2026-03-18 21:47:55,2026-03-18 21:48:47,OK,NO
765,3,2026-03-18 21:47:55,2026-03-18 21:48:57,OK,NO
662,10,2026-03-18 21:48:00,2026-03-18 21:48:59,OK,NO
664,7,2026-03-18 21:47:19,2026-03-18 21:49:02,OK,NO
761,5,2026-03-18 21:47:59,2026-03-18 21:49:05,OK,NO
760,6,2026-03-18 21:47:59,2026-03-18 21:49:06,OK,NO
663,9,2026-03-18 21:48:16,2026-03-18 21:49:06,OK,NO
780,1,2026-03-18 21:48:04,2026-03-18 21:49:09,OK,NO
768,2,2026-03-18 21:48:00,2026-03-18 21:49:11,OK,NO
661,12,2026-03-18 21:48:47,2026-03-18 21:49:42,OK,NO
762,5,2026-03-18 21:49:05,2026-03-18 21:49:59,OK,NO
761,6,2026-03-18 21:49:06,2026-03-18 21:50:01,OK,NO
664,8,2026-03-18 21:49:02,2026-03-18 21:50:01,OK,NO
769,2,2026-03-18 21:49:11,2026-03-18 21:50:02,OK,NO
662,11,2026-03-18 21:48:59,2026-03-18 21:50:03,OK,NO
766,3,2026-03-18 21:48:57,2026-03-18 21:50:03,OK,NO
781,1,2026-03-18 21:49:11,2026-03-18 21:50:07,OK,NO
663,10,2026-03-18 21:49:06,2026-03-18 21:50:12,OK,NO
665,7,2026-03-18 21:49:02,2026-03-18 21:50:18,OK,NO
764,4,2026-03-18 21:48:47,2026-03-18 21:50:18,OK,NO
762,6,2026-03-18 21:50:01,2026-03-18 21:50:50,OK,NO
662,12,2026-03-18 21:50:03,2026-03-18 21:50:51,OK,NO
763,5,2026-03-18 21:49:59,2026-03-18 21:51:00,OK,NO
664,9,2026-03-18 21:50:01,2026-03-18 21:51:04,OK,NO
663,11,2026-03-18 21:50:12,2026-03-18 21:51:10,OK,NO
765,4,2026-03-18 21:50:18,2026-03-18 21:51:16,OK,NO
767,3,2026-03-18 21:50:18,2026-03-18 21:51:18,OK,NO
782,1,2026-03-18 21:50:18,2026-03-18 21:51:22,OK,NO
770,2,2026-03-18 21:50:18,2026-03-18 21:51:24,OK,NO
666,7,2026-03-18 21:50:18,2026-03-18 21:51:48,OK,NO
764,5,2026-03-18 21:51:00,2026-03-18 21:51:56,OK,NO
763,6,2026-03-18 21:51:00,2026-03-18 21:51:56,OK,NO
664,10,2026-03-18 21:51:04,2026-03-18 21:51:58,OK,NO
663,12,2026-03-18 21:51:10,2026-03-18 21:52:08,OK,NO
766,4,2026-03-18 21:51:16,2026-03-18 21:52:15,OK,NO
768,3,2026-03-18 21:51:18,2026-03-18 21:52:26,OK,NO
783,1,2026-03-18 21:51:24,2026-03-18 21:52:29,OK,NO
771,2,2026-03-18 21:51:24,2026-03-18 21:52:30,OK,NO
765,5,2026-03-18 21:51:56,2026-03-18 21:52:50,OK,NO
764,6,2026-03-18 21:51:56,2026-03-18 21:52:55,OK,NO
664,11,2026-03-18 21:51:58,2026-03-18 21:52:55,OK,NO
667,7,2026-03-18 21:51:48,2026-03-18 21:53:12,OK,NO
769,3,2026-03-18 21:52:26,2026-03-18 21:53:19,OK,NO
767,4,2026-03-18 21:52:15,2026-03-18 21:53:23,OK,NO
772,2,2026-03-18 21:52:30,2026-03-18 21:53:38,OK,NO
765,6,2026-03-18 21:52:55,2026-03-18 21:53:44,OK,NO
664,12,2026-03-18 21:52:55,2026-03-18 21:53:46,OK,NO
766,5,2026-03-18 21:52:50,2026-03-18 21:53:52,OK,NO
668,7,2026-03-18 21:53:12,2026-03-18 21:54:36,OK,NO
767,5,2026-03-18 21:53:52,2026-03-18 21:54:42,OK,NO
766,6,2026-03-18 21:53:52,2026-03-18 21:54:54,OK,NO
669,7,2026-03-18 21:54:36,2026-03-18 21:56:00,OK,NO
767,6,2026-03-18 21:54:54,2026-03-18 21:56:04,OK,NO
665,8,2026-03-18 21:58:50,2026-03-18 21:59:50,OK,NO
784,1,2026-03-18 21:59:14,2026-03-18 22:00:09,OK,NO
670,7,2026-03-18 21:58:50,2026-03-18 22:00:31,OK,NO
666,8,2026-03-18 21:59:50,2026-03-18 22:00:49,OK,NO
665,9,2026-03-18 21:59:50,2026-03-18 22:00:51,OK,NO
667,8,2026-03-18 22:00:49,2026-03-18 22:01:47,OK,NO
665,10,2026-03-18 22:00:51,2026-03-18 22:01:55,OK,NO
671,7,2026-03-18 22:00:31,2026-03-18 22:02:02,OK,NO
668,8,2026-03-18 22:01:47,2026-03-18 22:02:39,OK,NO
665,11,2026-03-18 22:01:55,2026-03-18 22:02:55,OK,NO
672,7,2026-03-18 22:02:02,2026-03-18 22:03:33,OK,NO
669,8,2026-03-18 22:02:39,2026-03-18 22:03:36,OK,NO
665,12,2026-03-18 22:02:55,2026-03-18 22:03:51,OK,NO
670,8,2026-03-18 22:03:36,2026-03-18 22:04:41,OK,NO
673,7,2026-03-18 22:03:33,2026-03-18 22:05:24,OK,NO
770,3,2026-03-18 22:05:22,2026-03-18 22:06:18,OK,NO
773,2,2026-03-18 22:05:22,2026-03-18 22:06:20,OK,NO
768,4,2026-03-18 22:05:22,2026-03-18 22:06:31,OK,NO
674,7,2026-03-18 22:05:24,2026-03-18 22:06:47,OK,NO
774,2,2026-03-18 22:06:31,2026-03-18 22:07:30,OK,NO
768,5,2026-03-18 22:06:31,2026-03-18 22:07:30,OK,NO
771,3,2026-03-18 22:06:31,2026-03-18 22:07:32,OK,NO
769,4,2026-03-18 22:06:31,2026-03-18 22:08:10,OK,NO
675,7,2026-03-18 22:06:47,2026-03-18 22:08:12,OK,NO
785,1,2026-03-18 22:07:21,2026-03-18 22:08:18,OK,NO
768,6,2026-03-18 22:07:30,2026-03-18 22:08:29,OK,NO
769,5,2026-03-18 22:08:10,2026-03-18 22:09:09,OK,NO
772,3,2026-03-18 22:08:10,2026-03-18 22:09:15,OK,NO
786,1,2026-03-18 22:08:18,2026-03-18 22:09:17,OK,NO
770,4,2026-03-18 22:08:10,2026-03-18 22:09:24,OK,NO
775,2,2026-03-18 22:08:24,2026-03-18 22:09:31,OK,NO
769,6,2026-03-18 22:09:09,2026-03-18 22:09:59,OK,NO
770,5,2026-03-18 22:09:24,2026-03-18 22:10:14,OK,NO
773,3,2026-03-18 22:09:24,2026-03-18 22:10:16,OK,NO
771,4,2026-03-18 22:09:24,2026-03-18 22:10:21,OK,NO
787,1,2026-03-18 22:09:17,2026-03-18 22:10:24,OK,NO
776,2,2026-03-18 22:09:31,2026-03-18 22:10:33,OK,NO
774,3,2026-03-18 22:10:21,2026-03-18 22:11:08,OK,NO
771,5,2026-03-18 22:10:21,2026-03-18 22:11:19,OK,NO
770,6,2026-03-18 22:10:14,2026-03-18 22:11:20,OK,NO
772,4,2026-03-18 22:10:21,2026-03-18 22:11:25,OK,NO
777,2,2026-03-18 22:10:33,2026-03-18 22:11:28,OK,NO
788,1,2026-03-18 22:10:24,2026-03-18 22:11:29,OK,NO
771,6,2026-03-18 22:11:20,2026-03-18 22:12:16,OK,NO
775,3,2026-03-18 22:11:25,2026-03-18 22:12:21,OK,NO
772,5,2026-03-18 22:11:25,2026-03-18 22:12:23,OK,NO
789,1,2026-03-18 22:11:29,2026-03-18 22:12:30,OK,NO
778,2,2026-03-18 22:11:28,2026-03-18 22:12:30,OK,NO
773,4,2026-03-18 22:11:25,2026-03-18 22:12:32,OK,NO
772,6,2026-03-18 22:12:23,2026-03-18 22:13:25,OK,NO
779,2,2026-03-18 22:12:32,2026-03-18 22:13:27,OK,NO
773,5,2026-03-18 22:12:32,2026-03-18 22:13:34,OK,NO
776,3,2026-03-18 22:12:32,2026-03-18 22:13:37,OK,NO
790,1,2026-03-18 22:12:30,2026-03-18 22:13:40,OK,NO
774,4,2026-03-18 22:12:32,2026-03-18 22:13:56,OK,NO
773,6,2026-03-18 22:13:34,2026-03-18 22:14:39,OK,NO
791,1,2026-03-18 22:13:40,2026-03-18 22:14:42,OK,NO
780,2,2026-03-18 22:13:56,2026-03-18 22:14:53,OK,NO
774,5,2026-03-18 22:13:56,2026-03-18 22:14:55,OK,NO
777,3,2026-03-18 22:13:56,2026-03-18 22:14:55,OK,NO
666,9,2026-03-18 22:14:09,2026-03-18 22:15:08,OK,NO
775,4,2026-03-18 22:13:56,2026-03-18 22:15:11,OK,NO
792,1,2026-03-18 22:14:42,2026-03-18 22:15:39,OK,NO
774,6,2026-03-18 22:14:55,2026-03-18 22:15:53,OK,NO
781,2,2026-03-18 22:15:11,2026-03-18 22:16:05,OK,NO
666,10,2026-03-18 22:15:08,2026-03-18 22:16:05,OK,NO
778,3,2026-03-18 22:15:11,2026-03-18 22:16:10,OK,NO
667,9,2026-03-18 22:15:08,2026-03-18 22:16:10,OK,NO
775,5,2026-03-18 22:15:11,2026-03-18 22:16:12,OK,NO
793,1,2026-03-18 22:15:39,2026-03-18 22:16:38,OK,NO
776,4,2026-03-18 22:15:11,2026-03-18 22:16:45,OK,NO
666,11,2026-03-18 22:16:05,2026-03-18 22:17:10,OK,NO
775,6,2026-03-18 22:16:12,2026-03-18 22:17:12,OK,NO
667,10,2026-03-18 22:16:10,2026-03-18 22:17:13,OK,NO
668,9,2026-03-18 22:16:10,2026-03-18 22:17:15,OK,NO
782,2,2026-03-18 22:16:45,2026-03-18 22:17:43,OK,NO
794,1,2026-03-18 22:16:45,2026-03-18 22:17:45,OK,NO
776,5,2026-03-18 22:16:45,2026-03-18 22:17:46,OK,NO
779,3,2026-03-18 22:16:45,2026-03-18 22:17:48,OK,NO
667,11,2026-03-18 22:17:13,2026-03-18 22:18:01,OK,NO
777,4,2026-03-18 22:16:45,2026-03-18 22:18:03,OK,NO
666,12,2026-03-18 22:17:10,2026-03-18 22:18:05,OK,NO
669,9,2026-03-18 22:17:15,2026-03-18 22:18:07,OK,NO
668,10,2026-03-18 22:17:15,2026-03-18 22:18:08,OK,NO
776,6,2026-03-18 22:17:46,2026-03-18 22:18:46,OK,NO
783,2,2026-03-18 22:18:03,2026-03-18 22:19:00,OK,NO
795,1,2026-03-18 22:18:03,2026-03-18 22:19:01,OK,NO
780,3,2026-03-18 22:18:03,2026-03-18 22:19:02,OK,NO
668,11,2026-03-18 22:18:08,2026-03-18 22:19:02,OK,NO
778,4,2026-03-18 22:18:03,2026-03-18 22:19:03,OK,NO
777,5,2026-03-18 22:18:03,2026-03-18 22:19:08,OK,NO
669,10,2026-03-18 22:18:08,2026-03-18 22:19:12,OK,NO
670,9,2026-03-18 22:18:07,2026-03-18 22:19:13,OK,NO
796,1,2026-03-18 22:19:03,2026-03-18 22:19:56,OK,NO
777,6,2026-03-18 22:19:08,2026-03-18 22:20:04,OK,NO
781,3,2026-03-18 22:19:03,2026-03-18 22:20:05,OK,NO
784,2,2026-03-18 22:19:03,2026-03-18 22:20:08,OK,NO
779,4,2026-03-18 22:19:03,2026-03-18 22:20:09,OK,NO
670,10,2026-03-18 22:19:13,2026-03-18 22:20:10,OK,NO
778,5,2026-03-18 22:19:08,2026-03-18 22:20:10,OK,NO
669,11,2026-03-18 22:19:12,2026-03-18 22:20:12,OK,NO
667,12,2026-03-18 22:20:13,2026-03-18 22:21:08,OK,NO
779,5,2026-03-18 22:20:10,2026-03-18 22:21:08,OK,NO
778,6,2026-03-18 22:20:10,2026-03-18 22:21:12,OK,NO
670,11,2026-03-18 22:20:13,2026-03-18 22:21:16,OK,NO
671,8,2026-03-18 22:20:31,2026-03-18 22:21:34,OK,NO
779,6,2026-03-18 22:21:12,2026-03-18 22:22:16,OK,NO
668,12,2026-03-18 22:21:08,2026-03-18 22:22:17,OK,NO
676,7,2026-03-18 22:20:31,2026-03-18 22:22:22,OK,NO
672,8,2026-03-18 22:21:34,2026-03-18 22:22:33,OK,NO
671,9,2026-03-18 22:21:34,2026-03-18 22:22:36,OK,NO
669,12,2026-03-18 22:22:17,2026-03-18 22:23:25,OK,NO
671,10,2026-03-18 22:22:36,2026-03-18 22:23:35,OK,NO
672,9,2026-03-18 22:22:36,2026-03-18 22:23:37,OK,NO
673,8,2026-03-18 22:22:33,2026-03-18 22:23:40,OK,NO
670,12,2026-03-18 22:23:25,2026-03-18 22:24:25,OK,NO
674,8,2026-03-18 22:23:40,2026-03-18 22:24:29,OK,NO
677,7,2026-03-18 22:22:22,2026-03-18 22:24:31,OK,NO
672,10,2026-03-18 22:23:37,2026-03-18 22:24:35,OK,NO
671,11,2026-03-18 22:23:35,2026-03-18 22:24:37,OK,NO
672,11,2026-03-18 22:24:37,2026-03-18 22:25:30,OK,NO
675,8,2026-03-18 22:24:29,2026-03-18 22:25:30,OK,NO
671,12,2026-03-18 22:24:37,2026-03-18 22:25:31,OK,NO
678,7,2026-03-18 22:24:31,2026-03-18 22:26:10,OK,NO
672,12,2026-03-18 22:25:31,2026-03-18 22:26:23,OK,NO
676,8,2026-03-18 22:25:30,2026-03-18 22:26:25,OK,NO
677,8,2026-03-18 22:26:25,2026-03-18 22:27:22,OK,NO
679,7,2026-03-18 22:26:10,2026-03-18 22:27:42,OK,NO
680,7,2026-03-18 22:27:42,2026-03-18 22:29:17,OK,NO
681,7,2026-03-18 22:29:17,2026-03-18 22:31:23,OK,NO
797,1,2026-03-18 22:31:35,2026-03-18 22:32:31,OK,NO
673,9,2026-03-18 22:31:35,2026-03-18 22:32:32,OK,NO
780,4,2026-03-18 22:31:35,2026-03-18 22:32:33,OK,NO
785,2,2026-03-18 22:31:35,2026-03-18 22:32:35,OK,NO
678,8,2026-03-18 22:31:35,2026-03-18 22:32:37,OK,NO
782,3,2026-03-18 22:31:35,2026-03-18 22:32:39,OK,NO
682,7,2026-03-18 22:31:23,2026-03-18 22:32:54,OK,NO
780,5,2026-03-18 22:32:33,2026-03-18 22:33:27,OK,NO
786,2,2026-03-18 22:32:39,2026-03-18 22:33:31,OK,NO
673,10,2026-03-18 22:32:32,2026-03-18 22:33:32,OK,NO
679,8,2026-03-18 22:32:37,2026-03-18 22:33:33,OK,NO
783,3,2026-03-18 22:32:39,2026-03-18 22:33:37,OK,NO
674,9,2026-03-18 22:32:32,2026-03-18 22:33:37,OK,NO
798,1,2026-03-18 22:32:39,2026-03-18 22:33:45,OK,NO
781,4,2026-03-18 22:32:33,2026-03-18 22:34:09,OK,NO
780,6,2026-03-18 22:33:27,2026-03-18 22:34:23,OK,NO
683,7,2026-03-18 22:32:54,2026-03-18 22:34:32,OK,NO
680,8,2026-03-18 22:33:37,2026-03-18 22:34:36,OK,NO
674,10,2026-03-18 22:33:37,2026-03-18 22:34:36,OK,NO
675,9,2026-03-18 22:33:37,2026-03-18 22:34:41,OK,NO
673,11,2026-03-18 22:33:32,2026-03-18 22:34:42,OK,NO
799,1,2026-03-18 22:34:09,2026-03-18 22:35:05,OK,NO
781,5,2026-03-18 22:34:09,2026-03-18 22:35:07,OK,NO
784,3,2026-03-18 22:34:09,2026-03-18 22:35:09,OK,NO
787,2,2026-03-18 22:34:09,2026-03-18 22:35:14,OK,NO
782,4,2026-03-18 22:34:09,2026-03-18 22:35:24,OK,NO
674,11,2026-03-18 22:34:42,2026-03-18 22:35:30,OK,NO
681,8,2026-03-18 22:34:41,2026-03-18 22:35:34,OK,NO
676,9,2026-03-18 22:34:41,2026-03-18 22:35:36,OK,NO
673,12,2026-03-18 22:34:42,2026-03-18 22:35:44,OK,NO
675,10,2026-03-18 22:34:41,2026-03-18 22:35:47,OK,NO
684,7,2026-03-18 22:34:32,2026-03-18 22:36:03,OK,NO
788,2,2026-03-18 22:35:24,2026-03-18 22:36:10,OK,NO
781,6,2026-03-18 22:35:07,2026-03-18 22:36:16,OK,NO
800,1,2026-03-18 22:35:24,2026-03-18 22:36:20,OK,NO
782,5,2026-03-18 22:35:24,2026-03-18 22:36:23,OK,NO
785,3,2026-03-18 22:35:24,2026-03-18 22:36:29,OK,NO
676,10,2026-03-18 22:35:47,2026-03-18 22:36:38,OK,NO
674,12,2026-03-18 22:35:44,2026-03-18 22:36:41,OK,NO
682,8,2026-03-18 22:35:36,2026-03-18 22:36:42,OK,NO
783,4,2026-03-18 22:35:24,2026-03-18 22:36:47,OK,NO
677,9,2026-03-18 22:35:36,2026-03-18 22:36:50,OK,NO
675,11,2026-03-18 22:35:47,2026-03-18 22:36:56,OK,NO
782,6,2026-03-18 22:36:23,2026-03-18 22:37:27,OK,NO
683,8,2026-03-18 22:36:50,2026-03-18 22:37:42,OK,NO
678,9,2026-03-18 22:36:50,2026-03-18 22:37:43,OK,NO
783,5,2026-03-18 22:36:47,2026-03-18 22:37:50,OK,NO
789,2,2026-03-18 22:36:47,2026-03-18 22:37:51,OK,NO
801,1,2026-03-18 22:36:47,2026-03-18 22:37:52,OK,NO
675,12,2026-03-18 22:36:56,2026-03-18 22:37:54,OK,NO
786,3,2026-03-18 22:36:47,2026-03-18 22:37:55,OK,NO
784,4,2026-03-18 22:36:47,2026-03-18 22:38:01,OK,NO
676,11,2026-03-18 22:36:56,2026-03-18 22:38:03,OK,NO
684,8,2026-03-18 22:37:43,2026-03-18 22:38:39,OK,NO
679,9,2026-03-18 22:37:43,2026-03-18 22:38:42,OK,NO
685,7,2026-03-18 22:36:38,2026-03-18 22:38:43,OK,NO
802,1,2026-03-18 22:38:01,2026-03-18 22:38:54,OK,NO
783,6,2026-03-18 22:37:50,2026-03-18 22:38:56,OK,NO
784,5,2026-03-18 22:38:01,2026-03-18 22:38:57,OK,NO
790,2,2026-03-18 22:38:01,2026-03-18 22:39:03,OK,NO
787,3,2026-03-18 22:38:01,2026-03-18 22:39:07,OK,NO
785,4,2026-03-18 22:38:01,2026-03-18 22:39:08,OK,NO
676,12,2026-03-18 22:38:03,2026-03-18 22:39:10,OK,NO
685,8,2026-03-18 22:38:43,2026-03-18 22:39:46,OK,NO
680,9,2026-03-18 22:38:42,2026-03-18 22:39:49,OK,NO
791,2,2026-03-18 22:39:08,2026-03-18 22:39:57,OK,NO
785,5,2026-03-18 22:39:08,2026-03-18 22:40:01,OK,NO
784,6,2026-03-18 22:38:57,2026-03-18 22:40:03,OK,NO
788,3,2026-03-18 22:39:08,2026-03-18 22:40:03,OK,NO
803,1,2026-03-18 22:39:08,2026-03-18 22:40:12,OK,NO
786,4,2026-03-18 22:39:08,2026-03-18 22:40:27,OK,NO
785,6,2026-03-18 22:40:03,2026-03-18 22:41:05,OK,NO
789,3,2026-03-18 22:40:27,2026-03-18 22:41:19,OK,NO
786,5,2026-03-18 22:40:27,2026-03-18 22:41:23,OK,NO
792,2,2026-03-18 22:40:27,2026-03-18 22:41:26,OK,NO
804,1,2026-03-18 22:40:27,2026-03-18 22:41:35,OK,NO
787,4,2026-03-18 22:40:27,2026-03-18 22:41:51,OK,NO
677,10,2026-03-18 22:41:08,2026-03-18 22:42:07,OK,NO
681,9,2026-03-18 22:41:08,2026-03-18 22:42:23,OK,NO
786,6,2026-03-18 22:41:23,2026-03-18 22:42:25,OK,NO
793,2,2026-03-18 22:41:51,2026-03-18 22:42:43,OK,NO
805,1,2026-03-18 22:41:51,2026-03-18 22:42:49,OK,NO
790,3,2026-03-18 22:41:51,2026-03-18 22:42:55,OK,NO
787,5,2026-03-18 22:41:51,2026-03-18 22:42:56,OK,NO
788,4,2026-03-18 22:41:51,2026-03-18 22:42:57,OK,NO
678,10,2026-03-18 22:42:07,2026-03-18 22:43:01,OK,NO
677,11,2026-03-18 22:42:07,2026-03-18 22:43:08,OK,NO
682,9,2026-03-18 22:42:23,2026-03-18 22:43:17,OK,NO
794,2,2026-03-18 22:42:57,2026-03-18 22:43:46,OK,NO
788,5,2026-03-18 22:42:57,2026-03-18 22:43:54,OK,NO
791,3,2026-03-18 22:42:57,2026-03-18 22:43:55,OK,NO
679,10,2026-03-18 22:43:01,2026-03-18 22:43:56,OK,NO
789,4,2026-03-18 22:42:57,2026-03-18 22:44:00,OK,NO
787,6,2026-03-18 22:42:56,2026-03-18 22:44:01,OK,NO
806,1,2026-03-18 22:42:57,2026-03-18 22:44:05,OK,NO
677,12,2026-03-18 22:43:08,2026-03-18 22:44:05,OK,NO
678,11,2026-03-18 22:43:08,2026-03-18 22:44:06,OK,NO
683,9,2026-03-18 22:43:17,2026-03-18 22:44:26,OK,NO
792,3,2026-03-18 22:44:00,2026-03-18 22:44:59,OK,NO
795,2,2026-03-18 22:44:00,2026-03-18 22:44:59,OK,NO
678,12,2026-03-18 22:44:06,2026-03-18 22:44:59,OK,NO
790,4,2026-03-18 22:44:00,2026-03-18 22:45:01,OK,NO
680,10,2026-03-18 22:43:56,2026-03-18 22:45:01,OK,NO
788,6,2026-03-18 22:44:01,2026-03-18 22:45:02,OK,NO
789,5,2026-03-18 22:44:00,2026-03-18 22:45:04,OK,NO
679,11,2026-03-18 22:44:06,2026-03-18 22:45:06,OK,NO
807,1,2026-03-18 22:44:05,2026-03-18 22:45:12,OK,NO
684,9,2026-03-18 22:44:26,2026-03-18 22:45:30,OK,NO
681,10,2026-03-18 22:45:01,2026-03-18 22:45:57,OK,NO
793,3,2026-03-18 22:45:01,2026-03-18 22:45:57,OK,NO
791,4,2026-03-18 22:45:01,2026-03-18 22:45:59,OK,NO
789,6,2026-03-18 22:45:04,2026-03-18 22:46:00,OK,NO
680,11,2026-03-18 22:45:06,2026-03-18 22:46:01,OK,NO
790,5,2026-03-18 22:45:04,2026-03-18 22:46:03,OK,NO
796,2,2026-03-18 22:45:01,2026-03-18 22:46:06,OK,NO
679,12,2026-03-18 22:45:06,2026-03-18 22:46:11,OK,NO
808,1,2026-03-18 22:45:12,2026-03-18 22:46:16,OK,NO
685,9,2026-03-18 22:45:30,2026-03-18 22:46:46,OK,NO
794,3,2026-03-18 22:45:59,2026-03-18 22:46:52,OK,NO
682,10,2026-03-18 22:45:57,2026-03-18 22:46:55,OK,NO
681,11,2026-03-18 22:46:01,2026-03-18 22:46:58,OK,NO
791,5,2026-03-18 22:46:03,2026-03-18 22:47:03,OK,NO
797,2,2026-03-18 22:46:06,2026-03-18 22:47:05,OK,NO
790,6,2026-03-18 22:46:03,2026-03-18 22:47:06,OK,NO
792,4,2026-03-18 22:45:59,2026-03-18 22:47:10,OK,NO
680,12,2026-03-18 22:46:11,2026-03-18 22:47:13,OK,NO
809,1,2026-03-18 22:46:16,2026-03-18 22:47:18,OK,NO
683,10,2026-03-18 22:46:55,2026-03-18 22:47:46,OK,NO
682,11,2026-03-18 22:46:58,2026-03-18 22:47:57,OK,NO
792,5,2026-03-18 22:47:10,2026-03-18 22:48:03,OK,NO
798,2,2026-03-18 22:47:10,2026-03-18 22:48:06,OK,NO
793,4,2026-03-18 22:47:10,2026-03-18 22:48:14,OK,NO
681,12,2026-03-18 22:47:13,2026-03-18 22:48:15,OK,NO
791,6,2026-03-18 22:47:06,2026-03-18 22:48:17,OK,NO
795,3,2026-03-18 22:47:10,2026-03-18 22:48:18,OK,NO
810,1,2026-03-18 22:47:18,2026-03-18 22:48:25,OK,NO
684,10,2026-03-18 22:47:46,2026-03-18 22:48:49,OK,NO
683,11,2026-03-18 22:47:57,2026-03-18 22:49:02,OK,NO
682,12,2026-03-18 22:48:15,2026-03-18 22:49:12,OK,NO
794,4,2026-03-18 22:48:14,2026-03-18 22:49:12,OK,NO
799,2,2026-03-18 22:48:18,2026-03-18 22:49:16,OK,NO
811,1,2026-03-18 22:48:25,2026-03-18 22:49:19,OK,NO
793,5,2026-03-18 22:48:14,2026-03-18 22:49:20,OK,NO
792,6,2026-03-18 22:48:17,2026-03-18 22:49:20,OK,NO
796,3,2026-03-18 22:48:18,2026-03-18 22:49:24,OK,NO
685,10,2026-03-18 22:48:49,2026-03-18 22:49:42,OK,NO
684,11,2026-03-18 22:49:02,2026-03-18 22:50:01,OK,NO
683,12,2026-03-18 22:49:12,2026-03-18 22:50:07,OK,NO
795,4,2026-03-18 22:49:12,2026-03-18 22:50:14,OK,NO
800,2,2026-03-18 22:49:24,2026-03-18 22:50:20,OK,NO
797,3,2026-03-18 22:49:24,2026-03-18 22:50:24,OK,NO
812,1,2026-03-18 22:49:24,2026-03-18 22:50:26,OK,NO
793,6,2026-03-18 22:49:20,2026-03-18 22:50:27,OK,NO
794,5,2026-03-18 22:49:20,2026-03-18 22:50:28,OK,NO
685,11,2026-03-18 22:50:01,2026-03-18 22:51:04,OK,NO
686,7,2026-03-18 22:48:59,2026-03-18 22:51:11,OK,NO
796,4,2026-03-18 22:50:14,2026-03-18 22:51:14,OK,NO
684,12,2026-03-18 22:50:07,2026-03-18 22:51:14,OK,NO
798,3,2026-03-18 22:50:24,2026-03-18 22:51:26,OK,NO
813,1,2026-03-18 22:50:26,2026-03-18 22:51:29,OK,NO
794,6,2026-03-18 22:50:28,2026-03-18 22:51:32,OK,NO
801,2,2026-03-18 22:50:24,2026-03-18 22:51:33,OK,NO
795,5,2026-03-18 22:50:28,2026-03-18 22:51:41,OK,NO
686,8,2026-03-18 22:51:11,2026-03-18 22:52:04,OK,NO
685,12,2026-03-18 22:51:14,2026-03-18 22:52:12,OK,NO
797,4,2026-03-18 22:51:14,2026-03-18 22:52:25,OK,NO
799,3,2026-03-18 22:51:26,2026-03-18 22:52:26,OK,NO
802,2,2026-03-18 22:51:33,2026-03-18 22:52:35,OK,NO
814,1,2026-03-18 22:51:33,2026-03-18 22:52:35,OK,NO
795,6,2026-03-18 22:51:41,2026-03-18 22:52:43,OK,NO
687,7,2026-03-18 22:51:11,2026-03-18 22:52:48,OK,NO
800,3,2026-03-18 22:52:26,2026-03-18 22:53:24,OK,NO
686,9,2026-03-18 22:52:04,2026-03-18 22:53:27,OK,NO
798,4,2026-03-18 22:52:25,2026-03-18 22:53:32,OK,NO
803,2,2026-03-18 22:52:35,2026-03-18 22:53:37,OK,NO
815,1,2026-03-18 22:52:35,2026-03-18 22:53:39,OK,NO
687,8,2026-03-18 22:52:48,2026-03-18 22:54:00,OK,NO
688,7,2026-03-18 22:52:48,2026-03-18 22:54:07,OK,NO
686,10,2026-03-18 22:53:27,2026-03-18 22:54:24,OK,NO
799,4,2026-03-18 22:53:32,2026-03-18 22:54:36,OK,NO
801,3,2026-03-18 22:53:32,2026-03-18 22:54:38,OK,NO
816,1,2026-03-18 22:53:39,2026-03-18 22:54:38,OK,NO
804,2,2026-03-18 22:53:37,2026-03-18 22:54:50,OK,NO
688,8,2026-03-18 22:54:07,2026-03-18 22:54:58,OK,NO
687,9,2026-03-18 22:54:00,2026-03-18 22:55:00,OK,NO
686,11,2026-03-18 22:54:24,2026-03-18 22:55:32,OK,NO
802,3,2026-03-18 22:54:38,2026-03-18 22:55:35,OK,NO
805,2,2026-03-18 22:54:50,2026-03-18 22:55:40,OK,NO
689,7,2026-03-18 22:54:07,2026-03-18 22:55:40,OK,NO
800,4,2026-03-18 22:54:36,2026-03-18 22:55:51,OK,NO
688,9,2026-03-18 22:55:00,2026-03-18 22:55:59,OK,NO
687,10,2026-03-18 22:55:00,2026-03-18 22:56:03,OK,NO
686,12,2026-03-18 22:55:32,2026-03-18 22:56:27,OK,NO
689,8,2026-03-18 22:55:40,2026-03-18 22:56:43,OK,NO
803,3,2026-03-18 22:55:51,2026-03-18 22:56:49,OK,NO
801,4,2026-03-18 22:55:51,2026-03-18 22:56:51,OK,NO
806,2,2026-03-18 22:55:51,2026-03-18 22:56:53,OK,NO
687,11,2026-03-18 22:56:03,2026-03-18 22:57:02,OK,NO
688,10,2026-03-18 22:56:03,2026-03-18 22:57:06,OK,NO
690,7,2026-03-18 22:55:40,2026-03-18 22:57:34,OK,NO
689,9,2026-03-18 22:56:43,2026-03-18 22:57:40,OK,NO
804,3,2026-03-18 22:56:51,2026-03-18 22:57:55,OK,NO
687,12,2026-03-18 22:57:02,2026-03-18 22:57:59,OK,NO
807,2,2026-03-18 22:56:53,2026-03-18 22:58:01,OK,NO
688,11,2026-03-18 22:57:06,2026-03-18 22:58:02,OK,NO
802,4,2026-03-18 22:56:51,2026-03-18 22:58:11,OK,NO
690,8,2026-03-18 22:57:34,2026-03-18 22:58:36,OK,NO
689,10,2026-03-18 22:57:40,2026-03-18 22:58:41,OK,NO
796,5,2026-03-18 22:57:40,2026-03-18 22:58:46,OK,NO
688,12,2026-03-18 22:58:02,2026-03-18 22:58:56,OK,NO
803,4,2026-03-18 22:58:11,2026-03-18 22:59:04,OK,NO
691,7,2026-03-18 22:57:34,2026-03-18 22:59:11,OK,NO
808,2,2026-03-18 22:58:11,2026-03-18 22:59:11,OK,NO
805,3,2026-03-18 22:58:11,2026-03-18 22:59:18,OK,NO
690,9,2026-03-18 22:58:36,2026-03-18 22:59:28,OK,NO
797,5,2026-03-18 22:58:46,2026-03-18 22:59:42,OK,NO
689,11,2026-03-18 22:58:41,2026-03-18 22:59:44,OK,NO
796,6,2026-03-18 22:58:46,2026-03-18 22:59:46,OK,NO
691,8,2026-03-18 22:59:11,2026-03-18 23:00:11,OK,NO
806,3,2026-03-18 22:59:18,2026-03-18 23:00:18,OK,NO
809,2,2026-03-18 22:59:18,2026-03-18 23:00:22,OK,NO
804,4,2026-03-18 22:59:04,2026-03-18 23:00:23,OK,NO
690,10,2026-03-18 22:59:28,2026-03-18 23:00:29,OK,NO
692,7,2026-03-18 22:59:11,2026-03-18 23:00:38,OK,NO
798,5,2026-03-18 22:59:42,2026-03-18 23:00:41,OK,NO
689,12,2026-03-18 22:59:44,2026-03-18 23:00:49,OK,NO
691,9,2026-03-18 23:00:11,2026-03-18 23:01:07,OK,NO
810,2,2026-03-18 23:00:23,2026-03-18 23:01:18,OK,NO
807,3,2026-03-18 23:00:23,2026-03-18 23:01:19,OK,NO
805,4,2026-03-18 23:00:23,2026-03-18 23:01:22,OK,NO
799,5,2026-03-18 23:00:41,2026-03-18 23:01:32,OK,NO
690,11,2026-03-18 23:00:29,2026-03-18 23:01:35,OK,NO
692,8,2026-03-18 23:00:38,2026-03-18 23:01:37,OK,NO
691,10,2026-03-18 23:01:07,2026-03-18 23:02:01,OK,NO
693,7,2026-03-18 23:00:38,2026-03-18 23:02:10,OK,NO
808,3,2026-03-18 23:01:22,2026-03-18 23:02:17,OK,NO
811,2,2026-03-18 23:01:22,2026-03-18 23:02:19,OK,NO
806,4,2026-03-18 23:01:22,2026-03-18 23:02:28,OK,NO
692,9,2026-03-18 23:01:37,2026-03-18 23:02:32,OK,NO
690,12,2026-03-18 23:01:35,2026-03-18 23:02:36,OK,NO
800,5,2026-03-18 23:01:32,2026-03-18 23:02:37,OK,NO
691,11,2026-03-18 23:02:01,2026-03-18 23:03:04,OK,NO
693,8,2026-03-18 23:02:10,2026-03-18 23:03:06,OK,NO
817,1,2026-03-18 23:02:18,2026-03-18 23:03:18,OK,NO
809,3,2026-03-18 23:02:28,2026-03-18 23:03:24,OK,NO
801,5,2026-03-18 23:02:37,2026-03-18 23:03:36,OK,NO
692,10,2026-03-18 23:02:32,2026-03-18 23:03:38,OK,NO
694,7,2026-03-18 23:02:10,2026-03-18 23:03:42,OK,NO
812,2,2026-03-18 23:02:28,2026-03-18 23:03:42,OK,NO
807,4,2026-03-18 23:02:28,2026-03-18 23:03:51,OK,NO
691,12,2026-03-18 23:03:04,2026-03-18 23:04:05,OK,NO
818,1,2026-03-18 23:03:18,2026-03-18 23:04:05,OK,NO
693,9,2026-03-18 23:03:06,2026-03-18 23:04:13,OK,NO
692,11,2026-03-18 23:03:38,2026-03-18 23:04:34,OK,NO
802,5,2026-03-18 23:03:36,2026-03-18 23:04:34,OK,NO
694,8,2026-03-18 23:03:42,2026-03-18 23:04:41,OK,NO
810,3,2026-03-18 23:03:51,2026-03-18 23:04:45,OK,NO
813,2,2026-03-18 23:03:51,2026-03-18 23:04:58,OK,NO
819,1,2026-03-18 23:04:05,2026-03-18 23:05:01,OK,NO
808,4,2026-03-18 23:03:51,2026-03-18 23:05:14,OK,NO
695,7,2026-03-18 23:03:42,2026-03-18 23:05:16,OK,NO
693,10,2026-03-18 23:04:13,2026-03-18 23:05:18,OK,NO
692,12,2026-03-18 23:04:34,2026-03-18 23:05:36,OK,NO
694,9,2026-03-18 23:04:41,2026-03-18 23:05:43,OK,NO
820,1,2026-03-18 23:05:01,2026-03-18 23:06:03,OK,NO
695,8,2026-03-18 23:05:16,2026-03-18 23:06:06,OK,NO
814,2,2026-03-18 23:05:14,2026-03-18 23:06:10,OK,NO
811,3,2026-03-18 23:05:14,2026-03-18 23:06:11,OK,NO
809,4,2026-03-18 23:05:14,2026-03-18 23:06:11,OK,NO
693,11,2026-03-18 23:05:18,2026-03-18 23:06:15,OK,NO
694,10,2026-03-18 23:05:43,2026-03-18 23:06:44,OK,NO
821,1,2026-03-18 23:06:03,2026-03-18 23:06:53,OK,NO
695,9,2026-03-18 23:06:06,2026-03-18 23:07:04,OK,NO
810,4,2026-03-18 23:06:11,2026-03-18 23:07:06,OK,NO
815,2,2026-03-18 23:06:11,2026-03-18 23:07:08,OK,NO
812,3,2026-03-18 23:06:11,2026-03-18 23:07:13,OK,NO
693,12,2026-03-18 23:06:15,2026-03-18 23:07:14,OK,NO
696,7,2026-03-18 23:05:16,2026-03-18 23:07:21,OK,NO
822,1,2026-03-18 23:06:53,2026-03-18 23:07:51,OK,NO
694,11,2026-03-18 23:06:44,2026-03-18 23:07:57,OK,NO
695,10,2026-03-18 23:07:04,2026-03-18 23:08:10,OK,NO
813,3,2026-03-18 23:07:13,2026-03-18 23:08:16,OK,NO
811,4,2026-03-18 23:07:06,2026-03-18 23:08:17,OK,NO
816,2,2026-03-18 23:07:13,2026-03-18 23:08:17,OK,NO
696,8,2026-03-18 23:07:21,2026-03-18 23:08:23,OK,NO
697,7,2026-03-18 23:07:21,2026-03-18 23:08:50,OK,NO
823,1,2026-03-18 23:07:51,2026-03-18 23:08:55,OK,NO
694,12,2026-03-18 23:07:57,2026-03-18 23:09:00,OK,NO
695,11,2026-03-18 23:08:10,2026-03-18 23:09:02,OK,NO
814,3,2026-03-18 23:08:17,2026-03-18 23:09:22,OK,NO
817,2,2026-03-18 23:08:17,2026-03-18 23:09:23,OK,NO
812,4,2026-03-18 23:08:17,2026-03-18 23:09:24,OK,NO
697,8,2026-03-18 23:08:50,2026-03-18 23:09:43,OK,NO
696,9,2026-03-18 23:08:23,2026-03-18 23:09:55,OK,NO
824,1,2026-03-18 23:08:55,2026-03-18 23:09:59,OK,NO
695,12,2026-03-18 23:09:02,2026-03-18 23:10:04,OK,NO
698,7,2026-03-18 23:08:50,2026-03-18 23:10:08,OK,NO
818,2,2026-03-18 23:09:24,2026-03-18 23:10:19,OK,NO
815,3,2026-03-18 23:09:24,2026-03-18 23:10:21,OK,NO
813,4,2026-03-18 23:09:24,2026-03-18 23:10:54,OK,NO
696,10,2026-03-18 23:09:55,2026-03-18 23:10:57,OK,NO
697,9,2026-03-18 23:09:55,2026-03-18 23:10:57,OK,NO
825,1,2026-03-18 23:09:59,2026-03-18 23:11:00,OK,NO
698,8,2026-03-18 23:10:08,2026-03-18 23:11:10,OK,NO
699,7,2026-03-18 23:10:08,2026-03-18 23:11:44,OK,NO
697,10,2026-03-18 23:10:57,2026-03-18 23:11:54,OK,NO
826,1,2026-03-18 23:11:00,2026-03-18 23:11:56,OK,NO
696,11,2026-03-18 23:10:57,2026-03-18 23:11:56,OK,NO
819,2,2026-03-18 23:10:54,2026-03-18 23:11:57,OK,NO
816,3,2026-03-18 23:10:54,2026-03-18 23:12:02,OK,NO
698,9,2026-03-18 23:11:10,2026-03-18 23:12:05,OK,NO
814,4,2026-03-18 23:10:54,2026-03-18 23:12:16,OK,NO
699,8,2026-03-18 23:11:44,2026-03-18 23:12:49,OK,NO
697,11,2026-03-18 23:11:56,2026-03-18 23:12:49,OK,NO
827,1,2026-03-18 23:11:56,2026-03-18 23:12:52,OK,NO
696,12,2026-03-18 23:11:56,2026-03-18 23:12:58,OK,NO
698,10,2026-03-18 23:12:05,2026-03-18 23:13:03,OK,NO
815,4,2026-03-18 23:12:16,2026-03-18 23:13:15,OK,NO
820,2,2026-03-18 23:12:16,2026-03-18 23:13:18,OK,NO
817,3,2026-03-18 23:12:16,2026-03-18 23:13:21,OK,NO
700,7,2026-03-18 23:11:44,2026-03-18 23:13:22,OK,NO
699,9,2026-03-18 23:12:49,2026-03-18 23:13:45,OK,NO
797,6,2026-03-18 23:12:43,2026-03-18 23:13:46,OK,NO
803,5,2026-03-18 23:12:43,2026-03-18 23:13:49,OK,NO
828,1,2026-03-18 23:12:52,2026-03-18 23:13:52,OK,NO
697,12,2026-03-18 23:12:58,2026-03-18 23:13:58,OK,NO
698,11,2026-03-18 23:13:03,2026-03-18 23:13:58,OK,NO
818,3,2026-03-18 23:13:21,2026-03-18 23:14:14,OK,NO
821,2,2026-03-18 23:13:21,2026-03-18 23:14:21,OK,NO
816,4,2026-03-18 23:13:15,2026-03-18 23:14:23,OK,NO
700,8,2026-03-18 23:13:22,2026-03-18 23:14:27,OK,NO
798,6,2026-03-18 23:13:46,2026-03-18 23:14:48,OK,NO
699,10,2026-03-18 23:13:45,2026-03-18 23:14:50,OK,NO
698,12,2026-03-18 23:13:58,2026-03-18 23:14:53,OK,NO
701,7,2026-03-18 23:13:22,2026-03-18 23:14:54,OK,NO
829,1,2026-03-18 23:13:52,2026-03-18 23:14:55,OK,NO
804,5,2026-03-18 23:13:49,2026-03-18 23:14:56,OK,NO
817,4,2026-03-18 23:14:23,2026-03-18 23:15:23,OK,NO
822,2,2026-03-18 23:14:23,2026-03-18 23:15:25,OK,NO
700,9,2026-03-18 23:14:27,2026-03-18 23:15:26,OK,NO
819,3,2026-03-18 23:14:23,2026-03-18 23:15:27,OK,NO
699,11,2026-03-18 23:14:50,2026-03-18 23:15:43,OK,NO
799,6,2026-03-18 23:14:48,2026-03-18 23:15:51,OK,NO
830,1,2026-03-18 23:14:55,2026-03-18 23:15:52,OK,NO
805,5,2026-03-18 23:14:56,2026-03-18 23:15:54,OK,NO
701,8,2026-03-18 23:14:54,2026-03-18 23:15:56,OK,NO
702,7,2026-03-18 23:14:54,2026-03-18 23:16:13,OK,NO
820,3,2026-03-18 23:15:27,2026-03-18 23:16:24,OK,NO
818,4,2026-03-18 23:15:23,2026-03-18 23:16:24,OK,NO
700,10,2026-03-18 23:15:26,2026-03-18 23:16:30,OK,NO
823,2,2026-03-18 23:15:27,2026-03-18 23:16:31,OK,NO
699,12,2026-03-18 23:15:43,2026-03-18 23:16:40,OK,NO
800,6,2026-03-18 23:15:51,2026-03-18 23:16:41,OK,NO
701,9,2026-03-18 23:15:56,2026-03-18 23:16:50,OK,NO
806,5,2026-03-18 23:15:54,2026-03-18 23:16:55,OK,NO
831,1,2026-03-18 23:15:52,2026-03-18 23:17:02,OK,NO
702,8,2026-03-18 23:16:13,2026-03-18 23:17:10,OK,NO
819,4,2026-03-18 23:16:24,2026-03-18 23:17:25,OK,NO
821,3,2026-03-18 23:16:24,2026-03-18 23:17:27,OK,NO
801,6,2026-03-18 23:16:41,2026-03-18 23:17:29,OK,NO
824,2,2026-03-18 23:16:31,2026-03-18 23:17:33,OK,NO
700,11,2026-03-18 23:16:30,2026-03-18 23:17:33,OK,NO
701,10,2026-03-18 23:16:50,2026-03-18 23:17:44,OK,NO
703,7,2026-03-18 23:16:13,2026-03-18 23:17:51,OK,NO
832,1,2026-03-18 23:17:02,2026-03-18 23:17:52,OK,NO
807,5,2026-03-18 23:16:55,2026-03-18 23:17:57,OK,NO
702,9,2026-03-18 23:17:10,2026-03-18 23:18:11,OK,NO
802,6,2026-03-18 23:17:29,2026-03-18 23:18:22,OK,NO
700,12,2026-03-18 23:17:33,2026-03-18 23:18:30,OK,NO
820,4,2026-03-18 23:17:25,2026-03-18 23:18:33,OK,NO
701,11,2026-03-18 23:17:44,2026-03-18 23:18:42,OK,NO
703,8,2026-03-18 23:17:51,2026-03-18 23:18:42,OK,NO
833,1,2026-03-18 23:17:52,2026-03-18 23:18:44,OK,NO
808,5,2026-03-18 23:17:57,2026-03-18 23:19:05,OK,NO
702,10,2026-03-18 23:18:11,2026-03-18 23:19:08,OK,NO
803,6,2026-03-18 23:18:22,2026-03-18 23:19:24,OK,NO
821,4,2026-03-18 23:18:33,2026-03-18 23:19:31,OK,NO
704,7,2026-03-18 23:17:51,2026-03-18 23:19:35,OK,NO
701,12,2026-03-18 23:18:42,2026-03-18 23:19:40,OK,NO
703,9,2026-03-18 23:18:42,2026-03-18 23:19:41,OK,NO
834,1,2026-03-18 23:18:44,2026-03-18 23:19:45,OK,NO
702,11,2026-03-18 23:19:08,2026-03-18 23:20:02,OK,NO
809,5,2026-03-18 23:19:05,2026-03-18 23:20:06,OK,NO
804,6,2026-03-18 23:19:24,2026-03-18 23:20:26,OK,NO
704,8,2026-03-18 23:19:35,2026-03-18 23:20:35,OK,NO
835,1,2026-03-18 23:19:45,2026-03-18 23:20:45,OK,NO
703,10,2026-03-18 23:20:00,2026-03-18 23:21:01,OK,NO
810,5,2026-03-18 23:20:06,2026-03-18 23:21:07,OK,NO
702,12,2026-03-18 23:20:02,2026-03-18 23:21:07,OK,NO
825,2,2026-03-18 23:20:18,2026-03-18 23:21:12,OK,NO
822,3,2026-03-18 23:20:18,2026-03-18 23:21:15,OK,NO
704,9,2026-03-18 23:20:35,2026-03-18 23:21:28,OK,NO
805,6,2026-03-18 23:20:26,2026-03-18 23:21:34,OK,NO
705,7,2026-03-18 23:19:35,2026-03-18 23:21:35,OK,NO
836,1,2026-03-18 23:20:45,2026-03-18 23:21:53,OK,NO
703,11,2026-03-18 23:21:01,2026-03-18 23:21:54,OK,NO
811,5,2026-03-18 23:21:07,2026-03-18 23:22:04,OK,NO
826,2,2026-03-18 23:21:15,2026-03-18 23:22:14,OK,NO
822,4,2026-03-18 23:21:15,2026-03-18 23:22:14,OK,NO
823,3,2026-03-18 23:21:15,2026-03-18 23:22:14,OK,NO
704,10,2026-03-18 23:21:28,2026-03-18 23:22:28,OK,NO
806,6,2026-03-18 23:21:34,2026-03-18 23:22:37,OK,NO
705,8,2026-03-18 23:21:35,2026-03-18 23:22:43,OK,NO
703,12,2026-03-18 23:21:54,2026-03-18 23:22:48,OK,NO
837,1,2026-03-18 23:21:53,2026-03-18 23:22:51,OK,NO
812,5,2026-03-18 23:22:04,2026-03-18 23:22:54,OK,NO
827,2,2026-03-18 23:22:14,2026-03-18 23:23:10,OK,NO
824,3,2026-03-18 23:22:14,2026-03-18 23:23:16,OK,NO
823,4,2026-03-18 23:22:14,2026-03-18 23:23:24,OK,NO
706,7,2026-03-18 23:21:35,2026-03-18 23:23:29,OK,NO
704,11,2026-03-18 23:22:28,2026-03-18 23:23:35,OK,NO
807,6,2026-03-18 23:22:37,2026-03-18 23:23:43,OK,NO
838,1,2026-03-18 23:22:51,2026-03-18 23:23:51,OK,NO
705,9,2026-03-18 23:22:43,2026-03-18 23:23:57,OK,NO
813,5,2026-03-18 23:22:54,2026-03-18 23:24:00,OK,NO
825,3,2026-03-18 23:23:16,2026-03-18 23:24:11,OK,NO
828,2,2026-03-18 23:23:16,2026-03-18 23:24:18,OK,NO
706,8,2026-03-18 23:23:29,2026-03-18 23:24:28,OK,NO
824,4,2026-03-18 23:23:24,2026-03-18 23:24:32,OK,NO
704,12,2026-03-18 23:23:35,2026-03-18 23:24:34,OK,NO
808,6,2026-03-18 23:23:43,2026-03-18 23:24:35,OK,NO
839,1,2026-03-18 23:23:51,2026-03-18 23:24:43,OK,NO
826,3,2026-03-18 23:24:11,2026-03-18 23:24:57,OK,NO
814,5,2026-03-18 23:24:00,2026-03-18 23:24:58,OK,NO
829,2,2026-03-18 23:24:18,2026-03-18 23:25:10,OK,NO
705,10,2026-03-18 23:23:57,2026-03-18 23:25:12,OK,NO
707,7,2026-03-18 23:23:29,2026-03-18 23:25:14,OK,NO
809,6,2026-03-18 23:24:35,2026-03-18 23:25:30,OK,NO
825,4,2026-03-18 23:24:32,2026-03-18 23:25:42,OK,NO
827,3,2026-03-18 23:24:57,2026-03-18 23:25:51,OK,NO
840,1,2026-03-18 23:24:43,2026-03-18 23:25:51,OK,NO
706,9,2026-03-18 23:24:28,2026-03-18 23:25:54,OK,NO
815,5,2026-03-18 23:24:58,2026-03-18 23:26:06,OK,NO
830,2,2026-03-18 23:25:10,2026-03-18 23:26:10,OK,NO
705,11,2026-03-18 23:25:12,2026-03-18 23:26:12,OK,NO
707,8,2026-03-18 23:25:14,2026-03-18 23:26:12,OK,NO
810,6,2026-03-18 23:25:30,2026-03-18 23:26:26,OK,NO
841,1,2026-03-18 23:25:51,2026-03-18 23:26:50,OK,NO
826,4,2026-03-18 23:25:42,2026-03-18 23:26:55,OK,NO
706,10,2026-03-18 23:25:54,2026-03-18 23:26:55,OK,NO
828,3,2026-03-18 23:25:51,2026-03-18 23:27:02,OK,NO
816,5,2026-03-18 23:26:06,2026-03-18 23:27:07,OK,NO
707,9,2026-03-18 23:26:12,2026-03-18 23:27:07,OK,NO
708,7,2026-03-18 23:25:14,2026-03-18 23:27:08,OK,NO
831,2,2026-03-18 23:26:10,2026-03-18 23:27:14,OK,NO
705,12,2026-03-18 23:26:12,2026-03-18 23:27:22,OK,NO
811,6,2026-03-18 23:26:26,2026-03-18 23:27:26,OK,NO
842,1,2026-03-18 23:26:50,2026-03-18 23:27:49,OK,NO
829,3,2026-03-18 23:27:02,2026-03-18 23:27:58,OK,NO
706,11,2026-03-18 23:26:55,2026-03-18 23:28:01,OK,NO
817,5,2026-03-18 23:27:07,2026-03-18 23:28:07,OK,NO
832,2,2026-03-18 23:27:14,2026-03-18 23:28:08,OK,NO
708,8,2026-03-18 23:27:08,2026-03-18 23:28:11,OK,NO
827,4,2026-03-18 23:26:55,2026-03-18 23:28:13,OK,NO
707,10,2026-03-18 23:27:07,2026-03-18 23:28:15,OK,NO
843,1,2026-03-18 23:27:49,2026-03-18 23:28:39,OK,NO
706,12,2026-03-18 23:28:01,2026-03-18 23:28:56,OK,NO
812,6,2026-03-18 23:27:59,2026-03-18 23:28:59,OK,NO
818,5,2026-03-18 23:28:07,2026-03-18 23:28:59,OK,NO
833,2,2026-03-18 23:28:13,2026-03-18 23:29:08,OK,NO
709,7,2026-03-18 23:27:08,2026-03-18 23:29:08,OK,NO
830,3,2026-03-18 23:28:13,2026-03-18 23:29:12,OK,NO
707,11,2026-03-18 23:28:15,2026-03-18 23:29:23,OK,NO
828,4,2026-03-18 23:28:13,2026-03-18 23:29:33,OK,NO
844,1,2026-03-18 23:28:39,2026-03-18 23:29:36,OK,NO
708,9,2026-03-18 23:28:11,2026-03-18 23:29:37,OK,NO
813,6,2026-03-18 23:28:59,2026-03-18 23:29:56,OK,NO
819,5,2026-03-18 23:28:59,2026-03-18 23:30:03,OK,NO
709,8,2026-03-18 23:29:08,2026-03-18 23:30:07,OK,NO
707,12,2026-03-18 23:29:23,2026-03-18 23:30:21,OK,NO
710,7,2026-03-18 23:29:08,2026-03-18 23:30:37,OK,NO
831,3,2026-03-18 23:29:33,2026-03-18 23:30:39,OK,NO
834,2,2026-03-18 23:29:33,2026-03-18 23:30:41,OK,NO
708,10,2026-03-18 23:29:37,2026-03-18 23:30:45,OK,NO
845,1,2026-03-18 23:29:36,2026-03-18 23:30:49,OK,NO
814,6,2026-03-18 23:29:56,2026-03-18 23:30:53,OK,NO
829,4,2026-03-18 23:29:33,2026-03-18 23:31:01,OK,NO
820,5,2026-03-18 23:30:03,2026-03-18 23:31:04,OK,NO
709,9,2026-03-18 23:30:07,2026-03-18 23:31:30,OK,NO
710,8,2026-03-18 23:30:37,2026-03-18 23:31:33,OK,NO
832,3,2026-03-18 23:31:01,2026-03-18 23:31:48,OK,NO
846,1,2026-03-18 23:30:49,2026-03-18 23:31:49,OK,NO
708,11,2026-03-18 23:30:45,2026-03-18 23:31:52,OK,NO
821,5,2026-03-18 23:31:04,2026-03-18 23:31:54,OK,NO
815,6,2026-03-18 23:30:53,2026-03-18 23:31:55,OK,NO
835,2,2026-03-18 23:31:01,2026-03-18 23:32:02,OK,NO
830,4,2026-03-18 23:31:01,2026-03-18 23:32:02,OK,NO
711,7,2026-03-18 23:30:37,2026-03-18 23:32:22,OK,NO
710,9,2026-03-18 23:31:33,2026-03-18 23:32:23,OK,NO
709,10,2026-03-18 23:31:30,2026-03-18 23:32:24,OK,NO
847,1,2026-03-18 23:31:49,2026-03-18 23:32:46,OK,NO
822,5,2026-03-18 23:31:55,2026-03-18 23:32:49,OK,NO
708,12,2026-03-18 23:31:52,2026-03-18 23:32:53,OK,NO
833,3,2026-03-18 23:32:02,2026-03-18 23:32:56,OK,NO
836,2,2026-03-18 23:32:02,2026-03-18 23:33:03,OK,NO
816,6,2026-03-18 23:31:55,2026-03-18 23:33:05,OK,NO
831,4,2026-03-18 23:32:02,2026-03-18 23:33:07,OK,NO
711,8,2026-03-18 23:32:22,2026-03-18 23:33:16,OK,NO
709,11,2026-03-18 23:32:24,2026-03-18 23:33:23,OK,NO
710,10,2026-03-18 23:32:24,2026-03-18 23:33:29,OK,NO
848,1,2026-03-18 23:32:46,2026-03-18 23:33:45,OK,NO
712,7,2026-03-18 23:32:22,2026-03-18 23:33:48,OK,NO
817,6,2026-03-18 23:33:05,2026-03-18 23:34:01,OK,NO
834,3,2026-03-18 23:33:07,2026-03-18 23:34:06,OK,NO
823,5,2026-03-18 23:33:05,2026-03-18 23:34:07,OK,NO
837,2,2026-03-18 23:33:07,2026-03-18 23:34:17,OK,NO
832,4,2026-03-18 23:33:07,2026-03-18 23:34:22,OK,NO
710,11,2026-03-18 23:33:29,2026-03-18 23:34:23,OK,NO
709,12,2026-03-18 23:33:23,2026-03-18 23:34:23,OK,NO
849,1,2026-03-18 23:33:45,2026-03-18 23:34:50,OK,NO
712,8,2026-03-18 23:33:48,2026-03-18 23:34:55,OK,NO
818,6,2026-03-18 23:34:01,2026-03-18 23:35:05,OK,NO
824,5,2026-03-18 23:34:07,2026-03-18 23:35:09,OK,NO
710,12,2026-03-18 23:34:23,2026-03-18 23:35:18,OK,NO
835,3,2026-03-18 23:34:22,2026-03-18 23:35:21,OK,NO
838,2,2026-03-18 23:34:22,2026-03-18 23:35:24,OK,NO
713,7,2026-03-18 23:33:48,2026-03-18 23:35:29,OK,NO
833,4,2026-03-18 23:34:22,2026-03-18 23:35:30,OK,NO
850,1,2026-03-18 23:34:50,2026-03-18 23:36:00,OK,NO
819,6,2026-03-18 23:35:05,2026-03-18 23:36:06,OK,NO
825,5,2026-03-18 23:35:09,2026-03-18 23:36:14,OK,NO
836,3,2026-03-18 23:35:30,2026-03-18 23:36:31,OK,NO
839,2,2026-03-18 23:35:30,2026-03-18 23:36:32,OK,NO
713,8,2026-03-18 23:35:29,2026-03-18 23:36:34,OK,NO
834,4,2026-03-18 23:35:30,2026-03-18 23:36:39,OK,NO
851,1,2026-03-18 23:36:00,2026-03-18 23:36:55,OK,NO
714,7,2026-03-18 23:35:29,2026-03-18 23:37:10,OK,NO
820,6,2026-03-18 23:36:06,2026-03-18 23:37:10,OK,NO
826,5,2026-03-18 23:36:14,2026-03-18 23:37:12,OK,NO
840,2,2026-03-18 23:36:39,2026-03-18 23:37:38,OK,NO
835,4,2026-03-18 23:36:39,2026-03-18 23:37:39,OK,NO
837,3,2026-03-18 23:36:39,2026-03-18 23:37:44,OK,NO
852,1,2026-03-18 23:36:55,2026-03-18 23:37:56,OK,NO
821,6,2026-03-18 23:37:10,2026-03-18 23:38:10,OK,NO
827,5,2026-03-18 23:37:12,2026-03-18 23:38:12,OK,NO
714,8,2026-03-18 23:37:10,2026-03-18 23:38:15,OK,NO
836,4,2026-03-18 23:37:39,2026-03-18 23:38:34,OK,NO
841,2,2026-03-18 23:37:44,2026-03-18 23:38:40,OK,NO
838,3,2026-03-18 23:37:44,2026-03-18 23:38:49,OK,NO
853,1,2026-03-18 23:37:56,2026-03-18 23:38:50,OK,NO
715,7,2026-03-18 23:37:10,2026-03-18 23:38:55,OK,NO
828,5,2026-03-18 23:38:12,2026-03-18 23:39:10,OK,NO
822,6,2026-03-18 23:38:10,2026-03-18 23:39:15,OK,NO
837,4,2026-03-18 23:38:34,2026-03-18 23:39:41,OK,NO
842,2,2026-03-18 23:38:49,2026-03-18 23:39:46,OK,NO
854,1,2026-03-18 23:38:50,2026-03-18 23:39:51,OK,NO
839,3,2026-03-18 23:38:49,2026-03-18 23:39:54,OK,NO
715,8,2026-03-18 23:38:55,2026-03-18 23:39:55,OK,NO
823,6,2026-03-18 23:39:15,2026-03-18 23:40:13,OK,NO
829,5,2026-03-18 23:39:15,2026-03-18 23:40:16,OK,NO
711,9,2026-03-18 23:39:22,2026-03-18 23:40:31,OK,NO
855,1,2026-03-18 23:39:54,2026-03-18 23:40:47,OK,NO
716,7,2026-03-18 23:38:55,2026-03-18 23:40:53,OK,NO
843,2,2026-03-18 23:39:54,2026-03-18 23:40:54,OK,NO
840,3,2026-03-18 23:39:54,2026-03-18 23:41:01,OK,NO
830,5,2026-03-18 23:40:16,2026-03-18 23:41:06,OK,NO
824,6,2026-03-18 23:40:13,2026-03-18 23:41:09,OK,NO
838,4,2026-03-18 23:39:41,2026-03-18 23:41:14,OK,NO
711,10,2026-03-18 23:40:31,2026-03-18 23:41:23,OK,NO
712,9,2026-03-18 23:40:31,2026-03-18 23:41:36,OK,NO
716,8,2026-03-18 23:40:53,2026-03-18 23:41:56,OK,NO
841,3,2026-03-18 23:41:14,2026-03-18 23:42:11,OK,NO
856,1,2026-03-18 23:41:14,2026-03-18 23:42:12,OK,NO
831,5,2026-03-18 23:41:09,2026-03-18 23:42:13,OK,NO
825,6,2026-03-18 23:41:09,2026-03-18 23:42:16,OK,NO
844,2,2026-03-18 23:41:14,2026-03-18 23:42:23,OK,NO
711,11,2026-03-18 23:41:23,2026-03-18 23:42:27,OK,NO
717,7,2026-03-18 23:40:53,2026-03-18 23:42:33,OK,NO
712,10,2026-03-18 23:41:36,2026-03-18 23:42:33,OK,NO
713,9,2026-03-18 23:41:36,2026-03-18 23:42:39,OK,NO
839,4,2026-03-18 23:41:14,2026-03-18 23:42:48,OK,NO
826,6,2026-03-18 23:42:16,2026-03-18 23:43:13,OK,NO
832,5,2026-03-18 23:42:16,2026-03-18 23:43:19,OK,NO
712,11,2026-03-18 23:42:33,2026-03-18 23:43:27,OK,NO
714,9,2026-03-18 23:42:39,2026-03-18 23:43:27,OK,NO
711,12,2026-03-18 23:42:27,2026-03-18 23:43:31,OK,NO
713,10,2026-03-18 23:42:39,2026-03-18 23:43:36,OK,NO
717,8,2026-03-18 23:42:33,2026-03-18 23:43:38,OK,NO
842,3,2026-03-18 23:42:48,2026-03-18 23:43:46,OK,NO
845,2,2026-03-18 23:42:48,2026-03-18 23:43:48,OK,NO
857,1,2026-03-18 23:42:48,2026-03-18 23:43:48,OK,NO
840,4,2026-03-18 23:42:48,2026-03-18 23:43:51,OK,NO
827,6,2026-03-18 23:43:13,2026-03-18 23:44:10,OK,NO
718,7,2026-03-18 23:42:33,2026-03-18 23:44:14,OK,NO
833,5,2026-03-18 23:43:19,2026-03-18 23:44:21,OK,NO
715,9,2026-03-18 23:43:27,2026-03-18 23:44:25,OK,NO
713,11,2026-03-18 23:43:36,2026-03-18 23:44:28,OK,NO
712,12,2026-03-18 23:43:31,2026-03-18 23:44:34,OK,NO
714,10,2026-03-18 23:43:36,2026-03-18 23:44:46,OK,NO
841,4,2026-03-18 23:43:51,2026-03-18 23:44:46,OK,NO
858,1,2026-03-18 23:43:51,2026-03-18 23:44:52,OK,NO
846,2,2026-03-18 23:43:51,2026-03-18 23:45:01,OK,NO
843,3,2026-03-18 23:43:51,2026-03-18 23:45:05,OK,NO
828,6,2026-03-18 23:44:10,2026-03-18 23:45:14,OK,NO
718,8,2026-03-18 23:44:14,2026-03-18 23:45:14,OK,NO
834,5,2026-03-18 23:44:21,2026-03-18 23:45:22,OK,NO
716,9,2026-03-18 23:44:25,2026-03-18 23:45:34,OK,NO
713,12,2026-03-18 23:44:34,2026-03-18 23:45:34,OK,NO
715,10,2026-03-18 23:44:46,2026-03-18 23:45:40,OK,NO
719,7,2026-03-18 23:44:14,2026-03-18 23:45:43,OK,NO
714,11,2026-03-18 23:44:46,2026-03-18 23:45:47,OK,NO
842,4,2026-03-18 23:44:46,2026-03-18 23:45:47,OK,NO
844,3,2026-03-18 23:45:05,2026-03-18 23:46:00,OK,NO
859,1,2026-03-18 23:45:05,2026-03-18 23:46:05,OK,NO
847,2,2026-03-18 23:45:05,2026-03-18 23:46:06,OK,NO
829,6,2026-03-18 23:45:14,2026-03-18 23:46:19,OK,NO
835,5,2026-03-18 23:45:22,2026-03-18 23:46:22,OK,NO
717,9,2026-03-18 23:45:34,2026-03-18 23:46:41,OK,NO
716,10,2026-03-18 23:45:40,2026-03-18 23:46:44,OK,NO
715,11,2026-03-18 23:45:47,2026-03-18 23:46:49,OK,NO
719,8,2026-03-18 23:45:43,2026-03-18 23:46:49,OK,NO
714,12,2026-03-18 23:45:47,2026-03-18 23:46:53,OK,NO
848,2,2026-03-18 23:46:06,2026-03-18 23:46:59,OK,NO
845,3,2026-03-18 23:46:00,2026-03-18 23:47:02,OK,NO
860,1,2026-03-18 23:46:06,2026-03-18 23:47:03,OK,NO
843,4,2026-03-18 23:45:47,2026-03-18 23:47:08,OK,NO
720,7,2026-03-18 23:45:43,2026-03-18 23:47:15,OK,NO
836,5,2026-03-18 23:46:22,2026-03-18 23:47:19,OK,NO
830,6,2026-03-18 23:46:19,2026-03-18 23:47:24,OK,NO
717,10,2026-03-18 23:46:44,2026-03-18 23:47:34,OK,NO
718,9,2026-03-18 23:46:41,2026-03-18 23:47:48,OK,NO
716,11,2026-03-18 23:46:49,2026-03-18 23:47:48,OK,NO
715,12,2026-03-18 23:46:53,2026-03-18 23:48:00,OK,NO
849,2,2026-03-18 23:47:08,2026-03-18 23:48:08,OK,NO
861,1,2026-03-18 23:47:08,2026-03-18 23:48:10,OK,NO
837,5,2026-03-18 23:47:24,2026-03-18 23:48:13,OK,NO
846,3,2026-03-18 23:47:08,2026-03-18 23:48:13,OK,NO
720,8,2026-03-18 23:47:15,2026-03-18 23:48:17,OK,NO
831,6,2026-03-18 23:47:24,2026-03-18 23:48:25,OK,NO
844,4,2026-03-18 23:47:08,2026-03-18 23:48:30,OK,NO
718,10,2026-03-18 23:47:48,2026-03-18 23:48:36,OK,NO
721,7,2026-03-18 23:47:15,2026-03-18 23:48:38,OK,NO
719,9,2026-03-18 23:47:48,2026-03-18 23:48:40,OK,NO
717,11,2026-03-18 23:47:48,2026-03-18 23:48:56,OK,NO
716,12,2026-03-18 23:48:00,2026-03-18 23:49:02,OK,NO
838,5,2026-03-18 23:48:25,2026-03-18 23:49:26,OK,NO
850,2,2026-03-18 23:48:30,2026-03-18 23:49:28,OK,NO
847,3,2026-03-18 23:48:30,2026-03-18 23:49:29,OK,NO
845,4,2026-03-18 23:48:30,2026-03-18 23:49:31,OK,NO
832,6,2026-03-18 23:48:25,2026-03-18 23:49:33,OK,NO
862,1,2026-03-18 23:48:30,2026-03-18 23:49:36,OK,NO
721,8,2026-03-18 23:48:38,2026-03-18 23:49:40,OK,NO
720,9,2026-03-18 23:48:40,2026-03-18 23:49:41,OK,NO
719,10,2026-03-18 23:48:40,2026-03-18 23:49:49,OK,NO
717,12,2026-03-18 23:49:02,2026-03-18 23:49:58,OK,NO
718,11,2026-03-18 23:48:56,2026-03-18 23:50:01,OK,NO
722,7,2026-03-18 23:48:38,2026-03-18 23:50:20,OK,NO
833,6,2026-03-18 23:49:33,2026-03-18 23:50:28,OK,NO
848,3,2026-03-18 23:49:31,2026-03-18 23:50:31,OK,NO
851,2,2026-03-18 23:49:31,2026-03-18 23:50:32,OK,NO
839,5,2026-03-18 23:49:33,2026-03-18 23:50:35,OK,NO
846,4,2026-03-18 23:49:31,2026-03-18 23:50:38,OK,NO
721,9,2026-03-18 23:49:41,2026-03-18 23:50:43,OK,NO
863,1,2026-03-18 23:49:36,2026-03-18 23:50:46,OK,NO
720,10,2026-03-18 23:49:49,2026-03-18 23:50:51,OK,NO
718,12,2026-03-18 23:50:01,2026-03-18 23:51:04,OK,NO
719,11,2026-03-18 23:50:01,2026-03-18 23:51:08,OK,NO
722,8,2026-03-18 23:50:20,2026-03-18 23:51:16,OK,NO
834,6,2026-03-18 23:50:28,2026-03-18 23:51:21,OK,NO
840,5,2026-03-18 23:50:35,2026-03-18 23:51:30,OK,NO
849,3,2026-03-18 23:50:38,2026-03-18 23:51:41,OK,NO
852,2,2026-03-18 23:50:38,2026-03-18 23:51:41,OK,NO
723,7,2026-03-18 23:50:20,2026-03-18 23:51:43,OK,NO
864,1,2026-03-18 23:50:46,2026-03-18 23:51:48,OK,NO
721,10,2026-03-18 23:50:51,2026-03-18 23:51:50,OK,NO
720,11,2026-03-18 23:51:08,2026-03-18 23:52:00,OK,NO
847,4,2026-03-18 23:50:38,2026-03-18 23:52:04,OK,NO
719,12,2026-03-18 23:51:08,2026-03-18 23:52:14,OK,NO
722,9,2026-03-18 23:51:16,2026-03-18 23:52:21,OK,NO
835,6,2026-03-18 23:51:21,2026-03-18 23:52:25,OK,NO
841,5,2026-03-18 23:51:30,2026-03-18 23:52:39,OK,NO
723,8,2026-03-18 23:51:43,2026-03-18 23:52:47,OK,NO
721,11,2026-03-18 23:52:00,2026-03-18 23:52:58,OK,NO
853,2,2026-03-18 23:52:04,2026-03-18 23:53:04,OK,NO
850,3,2026-03-18 23:52:04,2026-03-18 23:53:05,OK,NO
724,7,2026-03-18 23:51:43,2026-03-18 23:53:07,OK,NO
865,1,2026-03-18 23:52:04,2026-03-18 23:53:09,OK,NO
848,4,2026-03-18 23:52:04,2026-03-18 23:53:14,OK,NO
720,12,2026-03-18 23:52:14,2026-03-18 23:53:16,OK,NO
722,10,2026-03-18 23:52:21,2026-03-18 23:53:22,OK,NO
836,6,2026-03-18 23:52:25,2026-03-18 23:53:23,OK,NO
842,5,2026-03-18 23:52:39,2026-03-18 23:53:35,OK,NO
723,9,2026-03-18 23:52:47,2026-03-18 23:53:48,OK,NO
851,3,2026-03-18 23:53:14,2026-03-18 23:54:14,OK,NO
866,1,2026-03-18 23:53:14,2026-03-18 23:54:15,OK,NO
724,8,2026-03-18 23:53:07,2026-03-18 23:54:16,OK,NO
721,12,2026-03-18 23:53:16,2026-03-18 23:54:17,OK,NO
854,2,2026-03-18 23:53:14,2026-03-18 23:54:20,OK,NO
722,11,2026-03-18 23:53:22,2026-03-18 23:54:23,OK,NO
837,6,2026-03-18 23:53:23,2026-03-18 23:54:24,OK,NO
849,4,2026-03-18 23:53:14,2026-03-18 23:54:27,OK,NO
843,5,2026-03-18 23:53:35,2026-03-18 23:54:38,OK,NO
723,10,2026-03-18 23:53:48,2026-03-18 23:54:51,OK,NO
725,7,2026-03-18 23:53:07,2026-03-18 23:55:04,OK,NO
724,9,2026-03-18 23:54:16,2026-03-18 23:55:08,OK,NO
838,6,2026-03-18 23:54:24,2026-03-18 23:55:18,OK,NO
850,4,2026-03-18 23:54:27,2026-03-18 23:55:24,OK,NO
722,12,2026-03-18 23:54:23,2026-03-18 23:55:29,OK,NO
844,5,2026-03-18 23:54:38,2026-03-18 23:55:31,OK,NO
852,3,2026-03-18 23:54:27,2026-03-18 23:55:37,OK,NO
723,11,2026-03-18 23:54:51,2026-03-18 23:55:43,OK,NO
725,8,2026-03-18 23:55:04,2026-03-18 23:55:57,OK,NO
839,6,2026-03-18 23:55:18,2026-03-18 23:56:04,OK,NO
724,10,2026-03-18 23:55:08,2026-03-18 23:56:10,OK,NO
726,7,2026-03-18 23:55:04,2026-03-18 23:56:19,OK,NO
851,4,2026-03-18 23:55:24,2026-03-18 23:56:22,OK,NO
845,5,2026-03-18 23:55:31,2026-03-18 23:56:33,OK,NO
853,3,2026-03-18 23:55:37,2026-03-18 23:56:35,OK,NO
723,12,2026-03-18 23:55:43,2026-03-18 23:56:43,OK,NO
725,9,2026-03-18 23:55:57,2026-03-18 23:57:07,OK,NO
724,11,2026-03-18 23:56:10,2026-03-18 23:57:09,OK,NO
840,6,2026-03-18 23:56:04,2026-03-18 23:57:09,OK,NO
726,8,2026-03-18 23:56:19,2026-03-18 23:57:26,OK,NO
852,4,2026-03-18 23:56:22,2026-03-18 23:57:30,OK,NO
846,5,2026-03-18 23:56:33,2026-03-18 23:57:31,OK,NO
855,2,2026-03-18 23:56:33,2026-03-18 23:57:35,OK,NO
867,1,2026-03-18 23:56:33,2026-03-18 23:57:38,OK,NO
854,3,2026-03-18 23:56:35,2026-03-18 23:57:40,OK,NO
727,7,2026-03-18 23:56:19,2026-03-18 23:57:51,OK,NO
725,10,2026-03-18 23:57:07,2026-03-18 23:58:06,OK,NO
724,12,2026-03-18 23:57:09,2026-03-18 23:58:07,OK,NO
841,6,2026-03-18 23:57:09,2026-03-18 23:58:11,OK,NO
856,2,2026-03-18 23:57:35,2026-03-18 23:58:29,OK,NO
726,9,2026-03-18 23:57:26,2026-03-18 23:58:31,OK,NO
847,5,2026-03-18 23:57:31,2026-03-18 23:58:32,OK,NO
868,1,2026-03-18 23:57:38,2026-03-18 23:58:36,OK,NO
855,3,2026-03-18 23:57:40,2026-03-18 23:58:40,OK,NO
853,4,2026-03-18 23:57:30,2026-03-18 23:58:46,OK,NO
727,8,2026-03-18 23:57:51,2026-03-18 23:58:57,OK,NO
842,6,2026-03-18 23:58:11,2026-03-18 23:59:07,OK,NO
725,11,2026-03-18 23:58:06,2026-03-18 23:59:08,OK,NO
728,7,2026-03-18 23:57:51,2026-03-18 23:59:25,OK,NO
857,2,2026-03-18 23:58:29,2026-03-18 23:59:28,OK,NO
726,10,2026-03-18 23:58:31,2026-03-18 23:59:28,OK,NO
848,5,2026-03-18 23:58:32,2026-03-18 23:59:40,OK,NO
856,3,2026-03-18 23:58:46,2026-03-18 23:59:43,OK,NO
869,1,2026-03-18 23:58:36,2026-03-18 23:59:44,OK,NO
727,9,2026-03-18 23:58:57,2026-03-18 23:59:50,OK,NO
854,4,2026-03-18 23:58:46,2026-03-18 23:59:57,OK,NO
843,6,2026-03-18 23:59:07,2026-03-18 23:59:57,OK,NO
725,12,2026-03-18 23:59:08,2026-03-19 00:00:09,OK,NO
858,2,2026-03-18 23:59:28,2026-03-19 00:00:21,OK,NO
728,8,2026-03-18 23:59:25,2026-03-19 00:00:24,OK,NO
726,11,2026-03-18 23:59:28,2026-03-19 00:00:29,OK,NO
870,1,2026-03-18 23:59:44,2026-03-19 00:00:36,OK,NO
849,5,2026-03-18 23:59:40,2026-03-19 00:00:36,OK,NO
727,10,2026-03-18 23:59:50,2026-03-19 00:00:46,OK,NO
844,6,2026-03-18 23:59:57,2026-03-19 00:00:47,OK,NO
857,3,2026-03-18 23:59:57,2026-03-19 00:01:07,OK,NO
729,7,2026-03-18 23:59:25,2026-03-19 00:01:15,OK,NO
859,2,2026-03-19 00:00:21,2026-03-19 00:01:16,OK,NO
855,4,2026-03-18 23:59:57,2026-03-19 00:01:19,OK,NO
726,12,2026-03-19 00:00:29,2026-03-19 00:01:25,OK,NO
728,9,2026-03-19 00:00:24,2026-03-19 00:01:29,OK,NO
871,1,2026-03-19 00:00:36,2026-03-19 00:01:35,OK,NO
850,5,2026-03-19 00:00:36,2026-03-19 00:01:37,OK,NO
845,6,2026-03-19 00:00:47,2026-03-19 00:01:44,OK,NO
727,11,2026-03-19 00:00:46,2026-03-19 00:01:48,OK,NO
729,8,2026-03-19 00:01:15,2026-03-19 00:02:11,OK,NO
856,4,2026-03-19 00:01:19,2026-03-19 00:02:13,OK,NO
858,3,2026-03-19 00:01:19,2026-03-19 00:02:15,OK,NO
860,2,2026-03-19 00:01:16,2026-03-19 00:02:24,OK,NO
728,10,2026-03-19 00:01:29,2026-03-19 00:02:26,OK,NO
872,1,2026-03-19 00:01:35,2026-03-19 00:02:38,OK,NO
851,5,2026-03-19 00:01:37,2026-03-19 00:02:44,OK,NO
727,12,2026-03-19 00:01:48,2026-03-19 00:02:47,OK,NO
846,6,2026-03-19 00:01:44,2026-03-19 00:02:52,OK,NO
859,3,2026-03-19 00:02:15,2026-03-19 00:03:09,OK,NO
857,4,2026-03-19 00:02:13,2026-03-19 00:03:19,OK,NO
861,2,2026-03-19 00:02:24,2026-03-19 00:03:20,OK,NO
730,7,2026-03-19 00:01:15,2026-03-19 00:03:22,OK,NO
873,1,2026-03-19 00:02:38,2026-03-19 00:03:28,OK,NO
728,11,2026-03-19 00:02:26,2026-03-19 00:03:29,OK,NO
729,9,2026-03-19 00:02:11,2026-03-19 00:03:38,OK,NO
847,6,2026-03-19 00:02:52,2026-03-19 00:03:49,OK,NO
852,5,2026-03-19 00:02:44,2026-03-19 00:03:54,OK,NO
860,3,2026-03-19 00:03:19,2026-03-19 00:04:10,OK,NO
862,2,2026-03-19 00:03:20,2026-03-19 00:04:21,OK,NO
874,1,2026-03-19 00:03:28,2026-03-19 00:04:22,OK,NO
730,8,2026-03-19 00:03:22,2026-03-19 00:04:23,OK,NO
728,12,2026-03-19 00:03:29,2026-03-19 00:04:27,OK,NO
858,4,2026-03-19 00:03:19,2026-03-19 00:04:33,OK,NO
729,10,2026-03-19 00:03:38,2026-03-19 00:04:43,OK,NO
848,6,2026-03-19 00:03:49,2026-03-19 00:04:49,OK,NO
853,5,2026-03-19 00:03:54,2026-03-19 00:04:59,OK,NO
731,7,2026-03-19 00:03:22,2026-03-19 00:05:08,OK,NO
863,2,2026-03-19 00:04:21,2026-03-19 00:05:26,OK,NO
861,3,2026-03-19 00:04:33,2026-03-19 00:05:36,OK,NO
859,4,2026-03-19 00:04:33,2026-03-19 00:05:36,OK,NO
729,11,2026-03-19 00:04:43,2026-03-19 00:05:40,OK,NO
730,9,2026-03-19 00:04:23,2026-03-19 00:05:43,OK,NO
849,6,2026-03-19 00:04:49,2026-03-19 00:05:47,OK,NO
854,5,2026-03-19 00:04:59,2026-03-19 00:05:58,OK,NO
875,1,2026-03-19 00:05:01,2026-03-19 00:06:03,OK,NO
731,8,2026-03-19 00:05:08,2026-03-19 00:06:06,OK,NO
864,2,2026-03-19 00:05:26,2026-03-19 00:06:19,OK,NO
732,7,2026-03-19 00:05:08,2026-03-19 00:06:34,OK,NO
860,4,2026-03-19 00:05:36,2026-03-19 00:06:34,OK,NO
862,3,2026-03-19 00:05:36,2026-03-19 00:06:34,OK,NO
850,6,2026-03-19 00:05:47,2026-03-19 00:06:41,OK,NO
729,12,2026-03-19 00:05:40,2026-03-19 00:06:48,OK,NO
730,10,2026-03-19 00:05:43,2026-03-19 00:06:51,OK,NO
855,5,2026-03-19 00:05:58,2026-03-19 00:07:01,OK,NO
876,1,2026-03-19 00:06:03,2026-03-19 00:07:10,OK,NO
865,2,2026-03-19 00:06:19,2026-03-19 00:07:16,OK,NO
731,9,2026-03-19 00:06:06,2026-03-19 00:07:16,OK,NO
732,8,2026-03-19 00:06:34,2026-03-19 00:07:35,OK,NO
863,3,2026-03-19 00:06:34,2026-03-19 00:07:39,OK,NO
851,6,2026-03-19 00:06:41,2026-03-19 00:07:42,OK,NO
733,7,2026-03-19 00:06:34,2026-03-19 00:07:50,OK,NO
730,11,2026-03-19 00:06:51,2026-03-19 00:07:58,OK,NO
856,5,2026-03-19 00:07:01,2026-03-19 00:07:59,OK,NO
861,4,2026-03-19 00:06:34,2026-03-19 00:08:03,OK,NO
866,2,2026-03-19 00:07:16,2026-03-19 00:08:15,OK,NO
877,1,2026-03-19 00:07:10,2026-03-19 00:08:17,OK,NO
731,10,2026-03-19 00:07:16,2026-03-19 00:08:24,OK,NO
732,9,2026-03-19 00:07:35,2026-03-19 00:08:44,OK,NO
733,8,2026-03-19 00:07:50,2026-03-19 00:08:47,OK,NO
852,6,2026-03-19 00:07:42,2026-03-19 00:08:53,OK,NO
864,3,2026-03-19 00:08:03,2026-03-19 00:08:53,OK,NO
862,4,2026-03-19 00:08:03,2026-03-19 00:08:57,OK,NO
730,12,2026-03-19 00:07:58,2026-03-19 00:09:03,OK,NO
857,5,2026-03-19 00:07:59,2026-03-19 00:09:07,OK,NO
878,1,2026-03-19 00:08:17,2026-03-19 00:09:22,OK,NO
867,2,2026-03-19 00:08:15,2026-03-19 00:09:24,OK,NO
734,7,2026-03-19 00:07:50,2026-03-19 00:09:26,OK,NO
731,11,2026-03-19 00:08:24,2026-03-19 00:09:34,OK,NO
732,10,2026-03-19 00:08:44,2026-03-19 00:09:46,OK,NO
733,9,2026-03-19 00:08:47,2026-03-19 00:09:48,OK,NO
853,6,2026-03-19 00:08:53,2026-03-19 00:09:54,OK,NO
865,3,2026-03-19 00:08:57,2026-03-19 00:09:57,OK,NO
858,5,2026-03-19 00:09:07,2026-03-19 00:10:01,OK,NO
863,4,2026-03-19 00:08:57,2026-03-19 00:10:07,OK,NO
868,2,2026-03-19 00:09:24,2026-03-19 00:10:18,OK,NO
879,1,2026-03-19 00:09:22,2026-03-19 00:10:19,OK,NO
734,8,2026-03-19 00:09:26,2026-03-19 00:10:25,OK,NO
731,12,2026-03-19 00:09:34,2026-03-19 00:10:27,OK,NO
733,10,2026-03-19 00:09:48,2026-03-19 00:10:45,OK,NO
854,6,2026-03-19 00:09:54,2026-03-19 00:10:51,OK,NO
732,11,2026-03-19 00:09:46,2026-03-19 00:10:52,OK,NO
859,5,2026-03-19 00:10:01,2026-03-19 00:11:00,OK,NO
864,4,2026-03-19 00:10:07,2026-03-19 00:11:06,OK,NO
735,7,2026-03-19 00:09:26,2026-03-19 00:11:08,OK,NO
866,3,2026-03-19 00:10:07,2026-03-19 00:11:11,OK,NO
880,1,2026-03-19 00:10:19,2026-03-19 00:11:16,OK,NO
869,2,2026-03-19 00:10:18,2026-03-19 00:11:16,OK,NO
734,9,2026-03-19 00:10:25,2026-03-19 00:11:18,OK,NO
855,6,2026-03-19 00:10:51,2026-03-19 00:11:43,OK,NO
733,11,2026-03-19 00:10:52,2026-03-19 00:11:56,OK,NO
732,12,2026-03-19 00:10:52,2026-03-19 00:11:57,OK,NO
865,4,2026-03-19 00:11:06,2026-03-19 00:12:01,OK,NO
735,8,2026-03-19 00:11:08,2026-03-19 00:12:04,OK,NO
860,5,2026-03-19 00:11:00,2026-03-19 00:12:07,OK,NO
734,10,2026-03-19 00:11:18,2026-03-19 00:12:15,OK,NO
867,3,2026-03-19 00:11:11,2026-03-19 00:12:17,OK,NO
881,1,2026-03-19 00:11:16,2026-03-19 00:12:19,OK,NO
870,2,2026-03-19 00:11:16,2026-03-19 00:12:20,OK,NO
736,7,2026-03-19 00:11:08,2026-03-19 00:12:37,OK,NO
856,6,2026-03-19 00:11:43,2026-03-19 00:12:50,OK,NO
861,5,2026-03-19 00:12:07,2026-03-19 00:12:58,OK,NO
733,12,2026-03-19 00:11:57,2026-03-19 00:12:59,OK,NO
866,4,2026-03-19 00:12:01,2026-03-19 00:13:00,OK,NO
734,11,2026-03-19 00:12:15,2026-03-19 00:13:05,OK,NO
868,3,2026-03-19 00:12:17,2026-03-19 00:13:18,OK,NO
882,1,2026-03-19 00:12:19,2026-03-19 00:13:19,OK,NO
871,2,2026-03-19 00:12:20,2026-03-19 00:13:23,OK,NO
735,9,2026-03-19 00:12:04,2026-03-19 00:13:30,OK,NO
736,8,2026-03-19 00:12:37,2026-03-19 00:13:41,OK,NO
862,5,2026-03-19 00:12:58,2026-03-19 00:13:48,OK,NO
734,12,2026-03-19 00:13:05,2026-03-19 00:13:56,OK,NO
857,6,2026-03-19 00:12:50,2026-03-19 00:13:57,OK,NO
737,7,2026-03-19 00:12:37,2026-03-19 00:14:09,OK,NO
869,3,2026-03-19 00:13:18,2026-03-19 00:14:09,OK,NO
867,4,2026-03-19 00:13:00,2026-03-19 00:14:21,OK,NO
883,1,2026-03-19 00:13:19,2026-03-19 00:14:23,OK,NO
736,9,2026-03-19 00:13:41,2026-03-19 00:14:29,OK,NO
735,10,2026-03-19 00:13:30,2026-03-19 00:14:30,OK,NO
863,5,2026-03-19 00:13:48,2026-03-19 00:14:49,OK,NO
858,6,2026-03-19 00:13:57,2026-03-19 00:14:57,OK,NO
737,8,2026-03-19 00:14:09,2026-03-19 00:15:08,OK,NO
870,3,2026-03-19 00:14:21,2026-03-19 00:15:12,OK,NO
735,11,2026-03-19 00:14:30,2026-03-19 00:15:20,OK,NO
736,10,2026-03-19 00:14:30,2026-03-19 00:15:31,OK,NO
864,5,2026-03-19 00:14:49,2026-03-19 00:15:51,OK,NO
868,4,2026-03-19 00:14:21,2026-03-19 00:15:51,OK,NO
859,6,2026-03-19 00:14:57,2026-03-19 00:15:58,OK,NO
738,7,2026-03-19 00:14:09,2026-03-19 00:16:04,OK,NO
737,9,2026-03-19 00:15:08,2026-03-19 00:16:08,OK,NO
735,12,2026-03-19 00:15:20,2026-03-19 00:16:21,OK,NO
736,11,2026-03-19 00:15:31,2026-03-19 00:16:33,OK,NO
738,8,2026-03-19 00:16:04,2026-03-19 00:16:51,OK,NO
871,3,2026-03-19 00:15:51,2026-03-19 00:16:57,OK,NO
865,5,2026-03-19 00:15:51,2026-03-19 00:16:57,OK,NO
860,6,2026-03-19 00:16:04,2026-03-19 00:16:59,OK,NO
737,10,2026-03-19 00:16:08,2026-03-19 00:17:01,OK,NO
869,4,2026-03-19 00:15:51,2026-03-19 00:17:02,OK,NO
736,12,2026-03-19 00:16:33,2026-03-19 00:17:29,OK,NO
872,2,2026-03-19 00:16:38,2026-03-19 00:17:29,OK,NO
884,1,2026-03-19 00:16:38,2026-03-19 00:17:33,OK,NO
739,7,2026-03-19 00:16:04,2026-03-19 00:17:41,OK,NO
737,11,2026-03-19 00:17:01,2026-03-19 00:17:50,OK,NO
870,4,2026-03-19 00:17:02,2026-03-19 00:18:03,OK,NO
738,9,2026-03-19 00:16:51,2026-03-19 00:18:03,OK,NO
866,5,2026-03-19 00:16:57,2026-03-19 00:18:07,OK,NO
885,1,2026-03-19 00:17:33,2026-03-19 00:18:29,OK,NO
872,3,2026-03-19 00:17:29,2026-03-19 00:18:30,OK,NO
873,2,2026-03-19 00:17:29,2026-03-19 00:18:35,OK,NO
737,12,2026-03-19 00:17:50,2026-03-19 00:18:41,OK,NO
739,8,2026-03-19 00:17:41,2026-03-19 00:18:42,OK,NO
861,6,2026-03-19 00:17:41,2026-03-19 00:18:42,OK,NO
871,4,2026-03-19 00:18:03,2026-03-19 00:19:05,OK,NO
738,10,2026-03-19 00:18:03,2026-03-19 00:19:11,OK,NO
867,5,2026-03-19 00:18:07,2026-03-19 00:19:13,OK,NO
740,7,2026-03-19 00:17:41,2026-03-19 00:19:25,OK,NO
886,1,2026-03-19 00:18:35,2026-03-19 00:19:29,OK,NO
874,2,2026-03-19 00:18:35,2026-03-19 00:19:34,OK,NO
873,3,2026-03-19 00:18:35,2026-03-19 00:19:37,OK,NO
739,9,2026-03-19 00:18:42,2026-03-19 00:19:44,OK,NO
738,11,2026-03-19 00:19:11,2026-03-19 00:20:07,OK,NO
872,4,2026-03-19 00:19:05,2026-03-19 00:20:19,OK,NO
868,5,2026-03-19 00:19:25,2026-03-19 00:20:25,OK,NO
862,6,2026-03-19 00:19:25,2026-03-19 00:20:25,OK,NO
740,8,2026-03-19 00:19:25,2026-03-19 00:20:29,OK,NO
887,1,2026-03-19 00:19:34,2026-03-19 00:20:32,OK,NO
875,2,2026-03-19 00:19:34,2026-03-19 00:20:32,OK,NO
874,3,2026-03-19 00:19:37,2026-03-19 00:20:36,OK,NO
739,10,2026-03-19 00:19:44,2026-03-19 00:20:45,OK,NO
741,7,2026-03-19 00:19:25,2026-03-19 00:20:47,OK,NO
738,12,2026-03-19 00:20:07,2026-03-19 00:21:11,OK,NO
888,1,2026-03-19 00:20:32,2026-03-19 00:21:24,OK,NO
740,9,2026-03-19 00:20:29,2026-03-19 00:21:26,OK,NO
876,2,2026-03-19 00:20:32,2026-03-19 00:21:32,OK,NO
873,4,2026-03-19 00:20:19,2026-03-19 00:21:37,OK,NO
875,3,2026-03-19 00:20:36,2026-03-19 00:21:39,OK,NO
739,11,2026-03-19 00:20:45,2026-03-19 00:21:41,OK,NO
869,5,2026-03-19 00:20:47,2026-03-19 00:21:41,OK,NO
863,6,2026-03-19 00:20:47,2026-03-19 00:21:46,OK,NO
741,8,2026-03-19 00:20:47,2026-03-19 00:21:47,OK,NO
742,7,2026-03-19 00:20:47,2026-03-19 00:22:20,OK,NO
877,2,2026-03-19 00:21:32,2026-03-19 00:22:22,OK,NO
740,10,2026-03-19 00:21:26,2026-03-19 00:22:29,OK,NO
889,1,2026-03-19 00:21:32,2026-03-19 00:22:31,OK,NO
876,3,2026-03-19 00:21:39,2026-03-19 00:22:35,OK,NO
739,12,2026-03-19 00:21:41,2026-03-19 00:22:40,OK,NO
874,4,2026-03-19 00:21:37,2026-03-19 00:22:44,OK,NO
741,9,2026-03-19 00:21:47,2026-03-19 00:23:00,OK,NO
864,6,2026-03-19 00:22:20,2026-03-19 00:23:12,OK,NO
878,2,2026-03-19 00:22:22,2026-03-19 00:23:17,OK,NO
742,8,2026-03-19 00:22:20,2026-03-19 00:23:21,OK,NO
870,5,2026-03-19 00:22:20,2026-03-19 00:23:22,OK,NO
740,11,2026-03-19 00:22:29,2026-03-19 00:23:31,OK,NO
890,1,2026-03-19 00:22:31,2026-03-19 00:23:35,OK,NO
875,4,2026-03-19 00:22:44,2026-03-19 00:23:40,OK,NO
877,3,2026-03-19 00:22:44,2026-03-19 00:23:43,OK,NO
743,7,2026-03-19 00:22:20,2026-03-19 00:23:48,OK,NO
741,10,2026-03-19 00:23:00,2026-03-19 00:24:04,OK,NO
742,9,2026-03-19 00:23:21,2026-03-19 00:24:11,OK,NO
879,2,2026-03-19 00:23:17,2026-03-19 00:24:25,OK,NO
740,12,2026-03-19 00:23:31,2026-03-19 00:24:26,OK,NO
891,1,2026-03-19 00:23:35,2026-03-19 00:24:40,OK,NO
876,4,2026-03-19 00:23:40,2026-03-19 00:24:43,OK,NO
743,8,2026-03-19 00:23:48,2026-03-19 00:24:47,OK,NO
871,5,2026-03-19 00:23:48,2026-03-19 00:24:48,OK,NO
878,3,2026-03-19 00:23:43,2026-03-19 00:24:51,OK,NO
865,6,2026-03-19 00:23:48,2026-03-19 00:24:56,OK,NO
741,11,2026-03-19 00:24:04,2026-03-19 00:25:05,OK,NO
742,10,2026-03-19 00:24:11,2026-03-19 00:25:09,OK,NO
880,2,2026-03-19 00:24:25,2026-03-19 00:25:23,OK,NO
744,7,2026-03-19 00:23:48,2026-03-19 00:25:25,OK,NO
892,1,2026-03-19 00:24:40,2026-03-19 00:25:39,OK,NO
879,3,2026-03-19 00:24:51,2026-03-19 00:25:47,OK,NO
743,9,2026-03-19 00:24:47,2026-03-19 00:25:59,OK,NO
877,4,2026-03-19 00:24:43,2026-03-19 00:26:01,OK,NO
742,11,2026-03-19 00:25:09,2026-03-19 00:26:07,OK,NO
741,12,2026-03-19 00:25:05,2026-03-19 00:26:07,OK,NO
881,2,2026-03-19 00:25:23,2026-03-19 00:26:14,OK,NO
866,6,2026-03-19 00:25:25,2026-03-19 00:26:31,OK,NO
872,5,2026-03-19 00:25:25,2026-03-19 00:26:32,OK,NO
744,8,2026-03-19 00:25:25,2026-03-19 00:26:36,OK,NO
893,1,2026-03-19 00:25:39,2026-03-19 00:26:40,OK,NO
743,10,2026-03-19 00:25:59,2026-03-19 00:26:57,OK,NO
878,4,2026-03-19 00:26:01,2026-03-19 00:26:59,OK,NO
745,7,2026-03-19 00:25:25,2026-03-19 00:27:01,OK,NO
742,12,2026-03-19 00:26:07,2026-03-19 00:27:05,OK,NO
880,3,2026-03-19 00:26:01,2026-03-19 00:27:08,OK,NO
882,2,2026-03-19 00:26:14,2026-03-19 00:27:20,OK,NO
744,9,2026-03-19 00:26:36,2026-03-19 00:27:33,OK,NO
894,1,2026-03-19 00:26:40,2026-03-19 00:27:38,OK,NO
745,8,2026-03-19 00:27:01,2026-03-19 00:27:49,OK,NO
867,6,2026-03-19 00:27:01,2026-03-19 00:27:56,OK,NO
879,4,2026-03-19 00:26:59,2026-03-19 00:27:59,OK,NO
873,5,2026-03-19 00:27:01,2026-03-19 00:28:00,OK,NO
881,3,2026-03-19 00:27:08,2026-03-19 00:28:02,OK,NO
743,11,2026-03-19 00:26:57,2026-03-19 00:28:05,OK,NO
883,2,2026-03-19 00:27:20,2026-03-19 00:28:19,OK,NO
744,10,2026-03-19 00:27:33,2026-03-19 00:28:35,OK,NO
895,1,2026-03-19 00:27:38,2026-03-19 00:28:35,OK,NO
746,7,2026-03-19 00:27:01,2026-03-19 00:28:46,OK,NO
745,9,2026-03-19 00:27:49,2026-03-19 00:28:48,OK,NO
743,12,2026-03-19 00:28:05,2026-03-19 00:28:56,OK,NO
880,4,2026-03-19 00:27:59,2026-03-19 00:29:00,OK,NO
882,3,2026-03-19 00:28:02,2026-03-19 00:29:01,OK,NO
884,2,2026-03-19 00:28:19,2026-03-19 00:29:18,OK,NO
744,11,2026-03-19 00:28:35,2026-03-19 00:29:29,OK,NO
896,1,2026-03-19 00:28:35,2026-03-19 00:29:35,OK,NO
745,10,2026-03-19 00:28:48,2026-03-19 00:29:37,OK,NO
874,5,2026-03-19 00:28:46,2026-03-19 00:29:43,OK,NO
868,6,2026-03-19 00:28:46,2026-03-19 00:29:44,OK,NO
746,8,2026-03-19 00:28:46,2026-03-19 00:29:49,OK,NO
881,4,2026-03-19 00:29:00,2026-03-19 00:29:58,OK,NO
883,3,2026-03-19 00:29:01,2026-03-19 00:30:13,OK,NO
747,7,2026-03-19 00:28:46,2026-03-19 00:30:14,OK,NO
885,2,2026-03-19 00:29:18,2026-03-19 00:30:19,OK,NO
897,1,2026-03-19 00:29:35,2026-03-19 00:30:33,OK,NO
745,11,2026-03-19 00:29:37,2026-03-19 00:30:37,OK,NO
746,9,2026-03-19 00:29:49,2026-03-19 00:30:47,OK,NO
882,4,2026-03-19 00:29:58,2026-03-19 00:31:05,OK,NO
884,3,2026-03-19 00:30:13,2026-03-19 00:31:15,OK,NO
886,2,2026-03-19 00:30:19,2026-03-19 00:31:16,OK,NO
747,8,2026-03-19 00:30:14,2026-03-19 00:31:17,OK,NO
875,5,2026-03-19 00:30:14,2026-03-19 00:31:17,OK,NO
869,6,2026-03-19 00:30:14,2026-03-19 00:31:19,OK,NO
898,1,2026-03-19 00:30:33,2026-03-19 00:31:34,OK,NO
746,10,2026-03-19 00:30:47,2026-03-19 00:31:43,OK,NO
748,7,2026-03-19 00:30:14,2026-03-19 00:31:55,OK,NO
887,2,2026-03-19 00:31:16,2026-03-19 00:32:03,OK,NO
747,9,2026-03-19 00:31:17,2026-03-19 00:32:11,OK,NO
885,3,2026-03-19 00:31:15,2026-03-19 00:32:15,OK,NO
883,4,2026-03-19 00:31:05,2026-03-19 00:32:27,OK,NO
899,1,2026-03-19 00:31:34,2026-03-19 00:32:31,OK,NO
746,11,2026-03-19 00:31:43,2026-03-19 00:32:50,OK,NO
876,5,2026-03-19 00:31:55,2026-03-19 00:32:52,OK,NO
748,8,2026-03-19 00:31:55,2026-03-19 00:32:54,OK,NO
870,6,2026-03-19 00:31:55,2026-03-19 00:32:58,OK,NO
747,10,2026-03-19 00:32:11,2026-03-19 00:33:07,OK,NO
888,2,2026-03-19 00:32:03,2026-03-19 00:33:07,OK,NO
886,3,2026-03-19 00:32:27,2026-03-19 00:33:31,OK,NO
900,1,2026-03-19 00:32:31,2026-03-19 00:33:36,OK,NO
749,7,2026-03-19 00:31:55,2026-03-19 00:33:46,OK,NO
884,4,2026-03-19 00:32:27,2026-03-19 00:33:49,OK,NO
748,9,2026-03-19 00:32:54,2026-03-19 00:33:53,OK,NO
889,2,2026-03-19 00:33:07,2026-03-19 00:33:58,OK,NO
901,1,2026-03-19 00:33:36,2026-03-19 00:34:34,OK,NO
877,5,2026-03-19 00:33:46,2026-03-19 00:34:40,OK,NO
748,10,2026-03-19 00:33:53,2026-03-19 00:34:46,OK,NO
749,8,2026-03-19 00:33:46,2026-03-19 00:34:48,OK,NO
887,3,2026-03-19 00:33:49,2026-03-19 00:34:50,OK,NO
885,4,2026-03-19 00:33:49,2026-03-19 00:34:53,OK,NO
871,6,2026-03-19 00:33:46,2026-03-19 00:34:55,OK,NO
890,2,2026-03-19 00:33:58,2026-03-19 00:34:56,OK,NO
750,7,2026-03-19 00:33:46,2026-03-19 00:35:27,OK,NO
902,1,2026-03-19 00:34:34,2026-03-19 00:35:36,OK,NO
888,3,2026-03-19 00:34:53,2026-03-19 00:35:46,OK,NO
891,2,2026-03-19 00:34:56,2026-03-19 00:36:03,OK,NO
749,9,2026-03-19 00:34:48,2026-03-19 00:36:20,OK,NO
886,4,2026-03-19 00:34:53,2026-03-19 00:36:22,OK,NO
872,6,2026-03-19 00:35:27,2026-03-19 00:36:25,OK,NO
903,1,2026-03-19 00:35:36,2026-03-19 00:36:29,OK,NO
878,5,2026-03-19 00:35:27,2026-03-19 00:36:31,OK,NO
750,8,2026-03-19 00:35:27,2026-03-19 00:36:31,OK,NO
751,7,2026-03-19 00:35:27,2026-03-19 00:37:22,OK,NO
889,3,2026-03-19 00:36:22,2026-03-19 00:37:25,OK,NO
892,2,2026-03-19 00:36:22,2026-03-19 00:37:29,OK,NO
887,4,2026-03-19 00:36:22,2026-03-19 00:37:29,OK,NO
904,1,2026-03-19 00:36:29,2026-03-19 00:37:31,OK,NO
749,10,2026-03-19 00:36:20,2026-03-19 00:37:31,OK,NO
750,9,2026-03-19 00:36:31,2026-03-19 00:37:31,OK,NO
751,8,2026-03-19 00:37:22,2026-03-19 00:38:19,OK,NO
879,5,2026-03-19 00:37:22,2026-03-19 00:38:20,OK,NO
905,1,2026-03-19 00:37:31,2026-03-19 00:38:22,OK,NO
750,10,2026-03-19 00:37:31,2026-03-19 00:38:27,OK,NO
893,2,2026-03-19 00:37:29,2026-03-19 00:38:28,OK,NO
873,6,2026-03-19 00:37:22,2026-03-19 00:38:28,OK,NO
888,4,2026-03-19 00:37:29,2026-03-19 00:38:31,OK,NO
890,3,2026-03-19 00:37:29,2026-03-19 00:38:32,OK,NO
752,7,2026-03-19 00:37:22,2026-03-19 00:38:51,OK,NO
751,9,2026-03-19 00:38:19,2026-03-19 00:39:28,OK,NO
894,2,2026-03-19 00:38:32,2026-03-19 00:39:33,OK,NO
906,1,2026-03-19 00:38:32,2026-03-19 00:39:35,OK,NO
891,3,2026-03-19 00:38:32,2026-03-19 00:39:39,OK,NO
874,6,2026-03-19 00:38:51,2026-03-19 00:39:46,OK,NO
889,4,2026-03-19 00:38:31,2026-03-19 00:39:49,OK,NO
880,5,2026-03-19 00:38:51,2026-03-19 00:39:56,OK,NO
752,8,2026-03-19 00:38:51,2026-03-19 00:40:01,OK,NO
751,10,2026-03-19 00:39:28,2026-03-19 00:40:18,OK,NO
907,1,2026-03-19 00:39:49,2026-03-19 00:40:43,OK,NO
892,3,2026-03-19 00:39:49,2026-03-19 00:40:48,OK,NO
752,9,2026-03-19 00:40:01,2026-03-19 00:40:52,OK,NO
895,2,2026-03-19 00:39:49,2026-03-19 00:40:54,OK,NO
753,7,2026-03-19 00:38:51,2026-03-19 00:40:56,OK,NO
890,4,2026-03-19 00:39:49,2026-03-19 00:41:06,OK,NO
881,5,2026-03-19 00:40:56,2026-03-19 00:41:56,OK,NO
875,6,2026-03-19 00:40:56,2026-03-19 00:41:58,OK,NO
752,10,2026-03-19 00:40:52,2026-03-19 00:41:59,OK,NO
753,8,2026-03-19 00:40:56,2026-03-19 00:42:02,OK,NO
893,3,2026-03-19 00:41:06,2026-03-19 00:42:05,OK,NO
908,1,2026-03-19 00:41:06,2026-03-19 00:42:09,OK,NO
891,4,2026-03-19 00:41:06,2026-03-19 00:42:09,OK,NO
896,2,2026-03-19 00:41:06,2026-03-19 00:42:17,OK,NO
754,7,2026-03-19 00:40:56,2026-03-19 00:42:40,OK,NO
892,4,2026-03-19 00:42:09,2026-03-19 00:43:11,OK,NO
897,2,2026-03-19 00:42:17,2026-03-19 00:43:12,OK,NO
909,1,2026-03-19 00:42:17,2026-03-19 00:43:12,OK,NO
894,3,2026-03-19 00:42:09,2026-03-19 00:43:15,OK,NO
754,8,2026-03-19 00:42:40,2026-03-19 00:43:32,OK,NO
753,9,2026-03-19 00:42:02,2026-03-19 00:43:33,OK,NO
876,6,2026-03-19 00:42:40,2026-03-19 00:43:43,OK,NO
898,2,2026-03-19 00:43:15,2026-03-19 00:44:12,OK,NO
910,1,2026-03-19 00:43:15,2026-03-19 00:44:16,OK,NO
895,3,2026-03-19 00:43:15,2026-03-19 00:44:21,OK,NO
755,7,2026-03-19 00:42:40,2026-03-19 00:44:21,OK,NO
893,4,2026-03-19 00:43:11,2026-03-19 00:44:23,OK,NO
753,10,2026-03-19 00:43:33,2026-03-19 00:44:40,OK,NO
754,9,2026-03-19 00:43:33,2026-03-19 00:44:41,OK,NO
877,6,2026-03-19 00:44:21,2026-03-19 00:45:17,OK,NO
894,4,2026-03-19 00:44:23,2026-03-19 00:45:21,OK,NO
882,5,2026-03-19 00:44:25,2026-03-19 00:45:22,OK,NO
899,2,2026-03-19 00:44:23,2026-03-19 00:45:23,OK,NO
896,3,2026-03-19 00:44:23,2026-03-19 00:45:26,OK,NO
755,8,2026-03-19 00:44:21,2026-03-19 00:45:29,OK,NO
911,1,2026-03-19 00:44:23,2026-03-19 00:45:30,OK,NO
754,10,2026-03-19 00:44:41,2026-03-19 00:45:35,OK,NO
756,7,2026-03-19 00:44:21,2026-03-19 00:45:50,OK,NO
755,9,2026-03-19 00:45:29,2026-03-19 00:46:22,OK,NO
912,1,2026-03-19 00:45:30,2026-03-19 00:46:25,OK,NO
883,5,2026-03-19 00:45:22,2026-03-19 00:46:28,OK,NO
897,3,2026-03-19 00:45:26,2026-03-19 00:46:30,OK,NO
900,2,2026-03-19 00:45:26,2026-03-19 00:46:32,OK,NO
756,8,2026-03-19 00:45:50,2026-03-19 00:46:42,OK,NO
878,6,2026-03-19 00:45:50,2026-03-19 00:46:46,OK,NO
895,4,2026-03-19 00:45:21,2026-03-19 00:46:47,OK,NO
755,10,2026-03-19 00:46:22,2026-03-19 00:47:26,OK,NO
884,5,2026-03-19 00:46:28,2026-03-19 00:47:28,OK,NO
757,7,2026-03-19 00:45:50,2026-03-19 00:47:35,OK,NO
756,9,2026-03-19 00:46:42,2026-03-19 00:47:41,OK,NO
913,1,2026-03-19 00:46:47,2026-03-19 00:47:46,OK,NO
898,3,2026-03-19 00:46:47,2026-03-19 00:47:47,OK,NO
901,2,2026-03-19 00:46:47,2026-03-19 00:47:50,OK,NO
896,4,2026-03-19 00:46:47,2026-03-19 00:47:50,OK,NO
747,11,2026-03-19 00:47:19,2026-03-19 00:48:10,OK,NO
744,12,2026-03-19 00:47:19,2026-03-19 00:48:13,OK,NO
756,10,2026-03-19 00:47:41,2026-03-19 00:48:27,OK,NO
879,6,2026-03-19 00:47:35,2026-03-19 00:48:33,OK,NO
885,5,2026-03-19 00:47:35,2026-03-19 00:48:36,OK,NO
757,8,2026-03-19 00:47:35,2026-03-19 00:48:37,OK,NO
899,3,2026-03-19 00:47:50,2026-03-19 00:48:40,OK,NO
902,2,2026-03-19 00:47:50,2026-03-19 00:48:53,OK,NO
897,4,2026-03-19 00:47:50,2026-03-19 00:48:56,OK,NO
914,1,2026-03-19 00:47:50,2026-03-19 00:49:00,OK,NO
748,11,2026-03-19 00:48:13,2026-03-19 00:49:11,OK,NO
745,12,2026-03-19 00:48:13,2026-03-19 00:49:17,OK,NO
758,7,2026-03-19 00:47:35,2026-03-19 00:49:26,OK,NO
757,9,2026-03-19 00:48:37,2026-03-19 00:49:35,OK,NO
903,2,2026-03-19 00:48:56,2026-03-19 00:49:46,OK,NO
900,3,2026-03-19 00:48:56,2026-03-19 00:50:02,OK,NO
898,4,2026-03-19 00:48:56,2026-03-19 00:50:06,OK,NO
915,1,2026-03-19 00:49:00,2026-03-19 00:50:06,OK,NO
746,12,2026-03-19 00:49:17,2026-03-19 00:50:09,OK,NO
749,11,2026-03-19 00:49:17,2026-03-19 00:50:14,OK,NO
757,10,2026-03-19 00:49:35,2026-03-19 00:50:23,OK,NO
886,5,2026-03-19 00:49:26,2026-03-19 00:50:26,OK,NO
880,6,2026-03-19 00:49:26,2026-03-19 00:50:30,OK,NO
758,8,2026-03-19 00:49:26,2026-03-19 00:50:32,OK,NO
904,2,2026-03-19 00:50:06,2026-03-19 00:50:57,OK,NO
759,7,2026-03-19 00:49:26,2026-03-19 00:50:58,OK,NO
899,4,2026-03-19 00:50:06,2026-03-19 00:51:01,OK,NO
747,12,2026-03-19 00:50:09,2026-03-19 00:51:04,OK,NO
901,3,2026-03-19 00:50:06,2026-03-19 00:51:09,OK,NO
916,1,2026-03-19 00:50:06,2026-03-19 00:51:12,OK,NO
750,11,2026-03-19 00:50:14,2026-03-19 00:51:22,OK,NO
758,9,2026-03-19 00:50:32,2026-03-19 00:51:32,OK,NO
881,6,2026-03-19 00:50:58,2026-03-19 00:51:57,OK,NO
759,8,2026-03-19 00:50:58,2026-03-19 00:51:57,OK,NO
887,5,2026-03-19 00:50:58,2026-03-19 00:51:59,OK,NO
900,4,2026-03-19 00:51:01,2026-03-19 00:52:00,OK,NO
748,12,2026-03-19 00:51:04,2026-03-19 00:52:05,OK,NO
905,2,2026-03-19 00:51:09,2026-03-19 00:52:11,OK,NO
902,3,2026-03-19 00:51:09,2026-03-19 00:52:12,OK,NO
917,1,2026-03-19 00:51:12,2026-03-19 00:52:16,OK,NO
758,10,2026-03-19 00:51:32,2026-03-19 00:52:22,OK,NO
751,11,2026-03-19 00:51:22,2026-03-19 00:52:26,OK,NO
760,7,2026-03-19 00:50:58,2026-03-19 00:52:53,OK,NO
759,9,2026-03-19 00:51:57,2026-03-19 00:52:53,OK,NO
749,12,2026-03-19 00:52:05,2026-03-19 00:52:59,OK,NO
752,11,2026-03-19 00:52:26,2026-03-19 00:53:24,OK,NO
918,1,2026-03-19 00:52:53,2026-03-19 00:53:42,OK,NO
882,6,2026-03-19 00:52:53,2026-03-19 00:53:48,OK,NO
903,3,2026-03-19 00:52:53,2026-03-19 00:53:48,OK,NO
888,5,2026-03-19 00:52:53,2026-03-19 00:53:53,OK,NO
760,8,2026-03-19 00:52:53,2026-03-19 00:53:54,OK,NO
906,2,2026-03-19 00:52:53,2026-03-19 00:53:57,OK,NO
750,12,2026-03-19 00:52:59,2026-03-19 00:54:01,OK,NO
759,10,2026-03-19 00:52:53,2026-03-19 00:54:01,OK,NO
901,4,2026-03-19 00:52:53,2026-03-19 00:54:03,OK,NO
753,11,2026-03-19 00:53:24,2026-03-19 00:54:17,OK,NO
761,7,2026-03-19 00:52:53,2026-03-19 00:55:00,OK,NO
751,12,2026-03-19 00:54:01,2026-03-19 00:55:05,OK,NO
754,11,2026-03-19 00:54:17,2026-03-19 00:55:11,OK,NO
760,9,2026-03-19 00:53:54,2026-03-19 00:55:19,OK,NO
761,8,2026-03-19 00:55:00,2026-03-19 00:55:54,OK,NO
904,3,2026-03-19 00:55:00,2026-03-19 00:55:57,OK,NO
883,6,2026-03-19 00:55:00,2026-03-19 00:55:59,OK,NO
919,1,2026-03-19 00:55:00,2026-03-19 00:56:04,OK,NO
752,12,2026-03-19 00:55:05,2026-03-19 00:56:04,OK,NO
907,2,2026-03-19 00:55:00,2026-03-19 00:56:05,OK,NO
889,5,2026-03-19 00:55:00,2026-03-19 00:56:05,OK,NO
755,11,2026-03-19 00:55:11,2026-03-19 00:56:14,OK,NO
902,4,2026-03-19 00:55:00,2026-03-19 00:56:17,OK,NO
760,10,2026-03-19 00:55:19,2026-03-19 00:56:18,OK,NO
762,7,2026-03-19 00:55:00,2026-03-19 00:56:28,OK,NO
753,12,2026-03-19 00:56:04,2026-03-19 00:57:05,OK,NO
761,9,2026-03-19 00:55:54,2026-03-19 00:57:07,OK,NO
756,11,2026-03-19 00:56:14,2026-03-19 00:57:15,OK,NO
762,8,2026-03-19 00:56:28,2026-03-19 00:57:35,OK,NO
908,2,2026-03-19 00:56:51,2026-03-19 00:57:39,OK,NO
905,3,2026-03-19 00:56:51,2026-03-19 00:57:40,OK,NO
884,6,2026-03-19 00:56:51,2026-03-19 00:57:52,OK,NO
920,1,2026-03-19 00:56:51,2026-03-19 00:57:54,OK,NO
890,5,2026-03-19 00:56:51,2026-03-19 00:57:57,OK,NO
903,4,2026-03-19 00:56:51,2026-03-19 00:57:57,OK,NO
763,7,2026-03-19 00:56:28,2026-03-19 00:57:58,OK,NO
761,10,2026-03-19 00:57:07,2026-03-19 00:58:05,OK,NO
754,12,2026-03-19 00:57:05,2026-03-19 00:58:06,OK,NO
757,11,2026-03-19 00:57:15,2026-03-19 00:58:10,OK,NO
762,9,2026-03-19 00:57:35,2026-03-19 00:58:39,OK,NO
891,5,2026-03-19 00:57:58,2026-03-19 00:58:55,OK,NO
906,3,2026-03-19 00:57:58,2026-03-19 00:58:56,OK,NO
904,4,2026-03-19 00:57:58,2026-03-19 00:58:57,OK,NO
921,1,2026-03-19 00:57:58,2026-03-19 00:58:59,OK,NO
909,2,2026-03-19 00:57:58,2026-03-19 00:58:59,OK,NO
885,6,2026-03-19 00:57:58,2026-03-19 00:59:02,OK,NO
763,8,2026-03-19 00:57:58,2026-03-19 00:59:04,OK,NO
758,11,2026-03-19 00:58:10,2026-03-19 00:59:07,OK,NO
755,12,2026-03-19 00:58:06,2026-03-19 00:59:12,OK,NO
762,10,2026-03-19 00:58:39,2026-03-19 00:59:49,OK,NO
763,9,2026-03-19 00:59:04,2026-03-19 00:59:58,OK,NO
764,7,2026-03-19 00:57:58,2026-03-19 01:00:02,OK,NO
759,11,2026-03-19 00:59:12,2026-03-19 01:00:11,OK,NO
756,12,2026-03-19 00:59:12,2026-03-19 01:00:14,OK,NO
763,10,2026-03-19 00:59:58,2026-03-19 01:00:53,OK,NO
910,2,2026-03-19 01:00:02,2026-03-19 01:00:53,OK,NO
886,6,2026-03-19 01:00:02,2026-03-19 01:00:56,OK,NO
907,3,2026-03-19 01:00:02,2026-03-19 01:01:00,OK,NO
764,8,2026-03-19 01:00:02,2026-03-19 01:01:06,OK,NO
760,11,2026-03-19 01:00:14,2026-03-19 01:01:12,OK,NO
757,12,2026-03-19 01:00:14,2026-03-19 01:01:12,OK,NO
892,5,2026-03-19 01:00:02,2026-03-19 01:01:15,OK,NO
905,4,2026-03-19 01:00:02,2026-03-19 01:01:20,OK,NO
765,7,2026-03-19 01:00:02,2026-03-19 01:01:32,OK,NO
922,1,2026-03-19 01:00:48,2026-03-19 01:01:45,OK,NO
761,11,2026-03-19 01:01:12,2026-03-19 01:02:16,OK,NO
758,12,2026-03-19 01:01:12,2026-03-19 01:02:18,OK,NO
764,9,2026-03-19 01:01:06,2026-03-19 01:02:23,OK,NO
765,8,2026-03-19 01:01:32,2026-03-19 01:02:29,OK,NO
911,2,2026-03-19 01:01:32,2026-03-19 01:02:29,OK,NO
887,6,2026-03-19 01:01:32,2026-03-19 01:02:33,OK,NO
893,5,2026-03-19 01:01:32,2026-03-19 01:02:33,OK,NO
908,3,2026-03-19 01:01:32,2026-03-19 01:02:35,OK,NO
906,4,2026-03-19 01:01:32,2026-03-19 01:02:46,OK,NO
923,1,2026-03-19 01:01:45,2026-03-19 01:02:48,OK,NO
766,7,2026-03-19 01:01:32,2026-03-19 01:03:12,OK,NO
762,11,2026-03-19 01:02:18,2026-03-19 01:03:17,OK,NO
764,10,2026-03-19 01:02:23,2026-03-19 01:03:29,OK,NO
765,9,2026-03-19 01:02:29,2026-03-19 01:03:31,OK,NO
759,12,2026-03-19 01:02:18,2026-03-19 01:03:32,OK,NO
766,8,2026-03-19 01:03:12,2026-03-19 01:04:02,OK,NO
909,3,2026-03-19 01:03:12,2026-03-19 01:04:09,OK,NO
888,6,2026-03-19 01:03:12,2026-03-19 01:04:12,OK,NO
894,5,2026-03-19 01:03:12,2026-03-19 01:04:16,OK,NO
924,1,2026-03-19 01:03:12,2026-03-19 01:04:23,OK,NO
763,11,2026-03-19 01:03:32,2026-03-19 01:04:25,OK,NO
912,2,2026-03-19 01:03:12,2026-03-19 01:04:26,OK,NO
765,10,2026-03-19 01:03:31,2026-03-19 01:04:34,OK,NO
760,12,2026-03-19 01:03:32,2026-03-19 01:04:36,OK,NO
907,4,2026-03-19 01:03:12,2026-03-19 01:04:44,OK,NO
767,7,2026-03-19 01:03:12,2026-03-19 01:04:47,OK,NO
766,9,2026-03-19 01:04:02,2026-03-19 01:04:59,OK,NO
761,12,2026-03-19 01:04:36,2026-03-19 01:05:29,OK,NO
764,11,2026-03-19 01:04:36,2026-03-19 01:05:33,OK,NO
889,6,2026-03-19 01:04:47,2026-03-19 01:05:38,OK,NO
767,8,2026-03-19 01:04:47,2026-03-19 01:05:41,OK,NO
910,3,2026-03-19 01:04:47,2026-03-19 01:05:42,OK,NO
925,1,2026-03-19 01:04:47,2026-03-19 01:05:42,OK,NO
895,5,2026-03-19 01:04:47,2026-03-19 01:05:44,OK,NO
913,2,2026-03-19 01:04:47,2026-03-19 01:05:46,OK,NO
908,4,2026-03-19 01:04:47,2026-03-19 01:06:00,OK,NO
766,10,2026-03-19 01:04:59,2026-03-19 01:06:00,OK,NO
768,7,2026-03-19 01:04:47,2026-03-19 01:06:18,OK,NO
762,12,2026-03-19 01:05:29,2026-03-19 01:06:33,OK,NO
765,11,2026-03-19 01:05:33,2026-03-19 01:06:36,OK,NO
767,9,2026-03-19 01:05:41,2026-03-19 01:06:46,OK,NO
926,1,2026-03-19 01:06:18,2026-03-19 01:07:11,OK,NO
896,5,2026-03-19 01:06:18,2026-03-19 01:07:15,OK,NO
909,4,2026-03-19 01:06:18,2026-03-19 01:07:17,OK,NO
768,8,2026-03-19 01:06:18,2026-03-19 01:07:17,OK,NO
890,6,2026-03-19 01:06:18,2026-03-19 01:07:20,OK,NO
914,2,2026-03-19 01:06:18,2026-03-19 01:07:25,OK,NO
911,3,2026-03-19 01:06:18,2026-03-19 01:07:28,OK,NO
766,11,2026-03-19 01:06:36,2026-03-19 01:07:30,OK,NO
763,12,2026-03-19 01:06:33,2026-03-19 01:07:32,OK,NO
767,10,2026-03-19 01:06:46,2026-03-19 01:07:44,OK,NO
768,9,2026-03-19 01:07:17,2026-03-19 01:08:18,OK,NO
764,12,2026-03-19 01:07:32,2026-03-19 01:08:32,OK,NO
769,7,2026-03-19 01:06:18,2026-03-19 01:08:37,OK,NO
767,11,2026-03-19 01:07:44,2026-03-19 01:08:50,OK,NO
769,8,2026-03-19 01:08:37,2026-03-19 01:09:27,OK,NO
768,10,2026-03-19 01:08:18,2026-03-19 01:09:28,OK,NO
891,6,2026-03-19 01:08:37,2026-03-19 01:09:29,OK,NO
897,5,2026-03-19 01:08:37,2026-03-19 01:09:29,OK,NO
915,2,2026-03-19 01:08:37,2026-03-19 01:09:30,OK,NO
912,3,2026-03-19 01:08:37,2026-03-19 01:09:35,OK,NO
910,4,2026-03-19 01:08:37,2026-03-19 01:09:36,OK,NO
927,1,2026-03-19 01:08:37,2026-03-19 01:09:39,OK,NO
765,12,2026-03-19 01:08:32,2026-03-19 01:09:41,OK,NO
770,7,2026-03-19 01:08:37,2026-03-19 01:10:23,OK,NO
768,11,2026-03-19 01:09:28,2026-03-19 01:10:32,OK,NO
766,12,2026-03-19 01:09:41,2026-03-19 01:10:33,OK,NO
769,9,2026-03-19 01:09:27,2026-03-19 01:10:44,OK,NO
892,6,2026-03-19 01:10:23,2026-03-19 01:11:20,OK,NO
916,2,2026-03-19 01:10:23,2026-03-19 01:11:22,OK,NO
898,5,2026-03-19 01:10:23,2026-03-19 01:11:22,OK,NO
913,3,2026-03-19 01:10:23,2026-03-19 01:11:26,OK,NO
770,8,2026-03-19 01:10:23,2026-03-19 01:11:26,OK,NO
911,4,2026-03-19 01:10:23,2026-03-19 01:11:27,OK,NO
928,1,2026-03-19 01:10:23,2026-03-19 01:11:29,OK,NO
767,12,2026-03-19 01:10:33,2026-03-19 01:11:35,OK,NO
769,10,2026-03-19 01:10:44,2026-03-19 01:11:46,OK,NO
771,7,2026-03-19 01:10:23,2026-03-19 01:11:57,OK,NO
768,12,2026-03-19 01:11:35,2026-03-19 01:12:29,OK,NO
770,9,2026-03-19 01:11:26,2026-03-19 01:12:42,OK,NO
917,2,2026-03-19 01:11:57,2026-03-19 01:12:51,OK,NO
899,5,2026-03-19 01:11:57,2026-03-19 01:12:52,OK,NO
769,11,2026-03-19 01:11:46,2026-03-19 01:12:57,OK,NO
771,8,2026-03-19 01:11:57,2026-03-19 01:12:58,OK,NO
929,1,2026-03-19 01:11:57,2026-03-19 01:12:59,OK,NO
893,6,2026-03-19 01:11:57,2026-03-19 01:13:00,OK,NO
914,3,2026-03-19 01:11:57,2026-03-19 01:13:06,OK,NO
912,4,2026-03-19 01:11:57,2026-03-19 01:13:16,OK,NO
772,7,2026-03-19 01:11:57,2026-03-19 01:13:41,OK,NO
770,10,2026-03-19 01:12:42,2026-03-19 01:13:41,OK,NO
769,12,2026-03-19 01:12:57,2026-03-19 01:13:54,OK,NO
771,9,2026-03-19 01:12:58,2026-03-19 01:13:59,OK,NO
770,11,2026-03-19 01:13:41,2026-03-19 01:14:36,OK,NO
930,1,2026-03-19 01:13:41,2026-03-19 01:14:37,OK,NO
894,6,2026-03-19 01:13:41,2026-03-19 01:14:39,OK,NO
915,3,2026-03-19 01:13:41,2026-03-19 01:14:45,OK,NO
900,5,2026-03-19 01:13:41,2026-03-19 01:14:47,OK,NO
913,4,2026-03-19 01:13:41,2026-03-19 01:14:47,OK,NO
772,8,2026-03-19 01:13:41,2026-03-19 01:14:48,OK,NO
918,2,2026-03-19 01:13:41,2026-03-19 01:14:50,OK,NO
771,10,2026-03-19 01:13:59,2026-03-19 01:14:51,OK,NO
773,7,2026-03-19 01:13:41,2026-03-19 01:15:09,OK,NO
770,12,2026-03-19 01:14:36,2026-03-19 01:15:38,OK,NO
771,11,2026-03-19 01:14:51,2026-03-19 01:15:45,OK,NO
772,9,2026-03-19 01:14:48,2026-03-19 01:15:58,OK,NO
895,6,2026-03-19 01:15:09,2026-03-19 01:16:00,OK,NO
773,8,2026-03-19 01:15:09,2026-03-19 01:16:01,OK,NO
916,3,2026-03-19 01:15:09,2026-03-19 01:16:01,OK,NO
914,4,2026-03-19 01:15:09,2026-03-19 01:16:09,OK,NO
931,1,2026-03-19 01:15:09,2026-03-19 01:16:10,OK,NO
901,5,2026-03-19 01:15:09,2026-03-19 01:16:11,OK,NO
919,2,2026-03-19 01:15:09,2026-03-19 01:16:13,OK,NO
771,12,2026-03-19 01:15:45,2026-03-19 01:16:40,OK,NO
772,10,2026-03-19 01:15:58,2026-03-19 01:16:56,OK,NO
773,9,2026-03-19 01:16:01,2026-03-19 01:16:59,OK,NO
774,7,2026-03-19 01:15:09,2026-03-19 01:17:19,OK,NO
772,11,2026-03-19 01:16:56,2026-03-19 01:17:55,OK,NO
773,10,2026-03-19 01:16:59,2026-03-19 01:17:59,OK,NO
896,6,2026-03-19 01:17:19,2026-03-19 01:18:14,OK,NO
902,5,2026-03-19 01:17:19,2026-03-19 01:18:16,OK,NO
917,3,2026-03-19 01:17:19,2026-03-19 01:18:17,OK,NO
920,2,2026-03-19 01:17:19,2026-03-19 01:18:17,OK,NO
932,1,2026-03-19 01:17:19,2026-03-19 01:18:18,OK,NO
774,8,2026-03-19 01:17:19,2026-03-19 01:18:19,OK,NO
915,4,2026-03-19 01:17:19,2026-03-19 01:18:22,OK,NO
772,12,2026-03-19 01:17:55,2026-03-19 01:18:46,OK,NO
773,11,2026-03-19 01:17:59,2026-03-19 01:18:52,OK,NO
775,7,2026-03-19 01:17:19,2026-03-19 01:19:02,OK,NO
774,9,2026-03-19 01:18:19,2026-03-19 01:19:32,OK,NO
773,12,2026-03-19 01:18:52,2026-03-19 01:19:54,OK,NO
921,2,2026-03-19 01:19:02,2026-03-19 01:19:56,OK,NO
916,4,2026-03-19 01:19:02,2026-03-19 01:19:58,OK,NO
918,3,2026-03-19 01:19:02,2026-03-19 01:20:01,OK,NO
897,6,2026-03-19 01:19:02,2026-03-19 01:20:04,OK,NO
775,8,2026-03-19 01:19:02,2026-03-19 01:20:08,OK,NO
903,5,2026-03-19 01:19:02,2026-03-19 01:20:11,OK,NO
933,1,2026-03-19 01:19:02,2026-03-19 01:20:13,OK,NO
774,10,2026-03-19 01:19:32,2026-03-19 01:20:26,OK,NO
775,9,2026-03-19 01:20:08,2026-03-19 01:21:13,OK,NO
776,7,2026-03-19 01:19:02,2026-03-19 01:21:16,OK,NO
774,11,2026-03-19 01:20:26,2026-03-19 01:21:27,OK,NO
919,3,2026-03-19 01:21:16,2026-03-19 01:22:08,OK,NO
775,10,2026-03-19 01:21:13,2026-03-19 01:22:11,OK,NO
917,4,2026-03-19 01:21:16,2026-03-19 01:22:11,OK,NO
904,5,2026-03-19 01:21:16,2026-03-19 01:22:13,OK,NO
776,8,2026-03-19 01:21:16,2026-03-19 01:22:18,OK,NO
898,6,2026-03-19 01:21:16,2026-03-19 01:22:18,OK,NO
934,1,2026-03-19 01:21:16,2026-03-19 01:22:20,OK,NO
922,2,2026-03-19 01:21:16,2026-03-19 01:22:20,OK,NO
774,12,2026-03-19 01:21:27,2026-03-19 01:22:27,OK,NO
777,7,2026-03-19 01:21:16,2026-03-19 01:23:01,OK,NO
776,9,2026-03-19 01:22:18,2026-03-19 01:23:39,OK,NO
920,3,2026-03-19 01:23:01,2026-03-19 01:23:47,OK,NO
777,8,2026-03-19 01:23:01,2026-03-19 01:23:58,OK,NO
923,2,2026-03-19 01:23:01,2026-03-19 01:24:01,OK,NO
899,6,2026-03-19 01:23:01,2026-03-19 01:24:03,OK,NO
935,1,2026-03-19 01:23:01,2026-03-19 01:24:06,OK,NO
905,5,2026-03-19 01:23:01,2026-03-19 01:24:09,OK,NO
918,4,2026-03-19 01:23:01,2026-03-19 01:24:09,OK,NO
776,10,2026-03-19 01:23:39,2026-03-19 01:24:36,OK,NO
778,7,2026-03-19 01:23:01,2026-03-19 01:24:55,OK,NO
777,9,2026-03-19 01:23:58,2026-03-19 01:25:09,OK,NO
775,11,2026-03-19 01:24:44,2026-03-19 01:25:36,OK,NO
906,5,2026-03-19 01:24:55,2026-03-19 01:25:43,OK,NO
921,3,2026-03-19 01:24:55,2026-03-19 01:25:44,OK,NO
900,6,2026-03-19 01:24:55,2026-03-19 01:25:50,OK,NO
778,8,2026-03-19 01:24:55,2026-03-19 01:26:04,OK,NO
777,10,2026-03-19 01:25:09,2026-03-19 01:26:09,OK,NO
919,4,2026-03-19 01:24:55,2026-03-19 01:26:28,OK,NO
775,12,2026-03-19 01:25:36,2026-03-19 01:26:29,OK,NO
776,11,2026-03-19 01:25:36,2026-03-19 01:26:35,OK,NO
779,7,2026-03-19 01:24:55,2026-03-19 01:26:36,OK,NO
778,9,2026-03-19 01:26:04,2026-03-19 01:27:01,OK,NO
779,8,2026-03-19 01:26:36,2026-03-19 01:27:25,OK,NO
777,11,2026-03-19 01:26:35,2026-03-19 01:27:31,OK,NO
776,12,2026-03-19 01:26:35,2026-03-19 01:27:33,OK,NO
907,5,2026-03-19 01:26:36,2026-03-19 01:27:40,OK,NO
901,6,2026-03-19 01:26:36,2026-03-19 01:27:44,OK,NO
922,3,2026-03-19 01:26:36,2026-03-19 01:27:46,OK,NO
920,4,2026-03-19 01:26:36,2026-03-19 01:27:57,OK,NO
778,10,2026-03-19 01:27:01,2026-03-19 01:28:03,OK,NO
780,7,2026-03-19 01:26:36,2026-03-19 01:28:20,OK,NO
779,9,2026-03-19 01:27:25,2026-03-19 01:28:25,OK,NO
777,12,2026-03-19 01:27:33,2026-03-19 01:28:29,OK,NO
778,11,2026-03-19 01:28:03,2026-03-19 01:29:00,OK,NO
923,3,2026-03-19 01:28:20,2026-03-19 01:29:17,OK,NO
902,6,2026-03-19 01:28:20,2026-03-19 01:29:24,OK,NO
908,5,2026-03-19 01:28:20,2026-03-19 01:29:25,OK,NO
936,1,2026-03-19 01:28:25,2026-03-19 01:29:26,OK,NO
924,2,2026-03-19 01:28:25,2026-03-19 01:29:27,OK,NO
780,8,2026-03-19 01:28:20,2026-03-19 01:29:30,OK,NO
779,10,2026-03-19 01:28:25,2026-03-19 01:29:39,OK,NO
921,4,2026-03-19 01:28:20,2026-03-19 01:29:41,OK,NO
778,12,2026-03-19 01:29:00,2026-03-19 01:29:52,OK,NO
781,7,2026-03-19 01:28:20,2026-03-19 01:30:25,OK,NO
937,1,2026-03-19 01:29:27,2026-03-19 01:30:27,OK,NO
780,9,2026-03-19 01:29:30,2026-03-19 01:30:35,OK,NO
925,2,2026-03-19 01:29:27,2026-03-19 01:30:38,OK,NO
779,11,2026-03-19 01:29:39,2026-03-19 01:30:43,OK,NO
903,6,2026-03-19 01:30:25,2026-03-19 01:31:23,OK,NO
781,8,2026-03-19 01:30:25,2026-03-19 01:31:26,OK,NO
780,10,2026-03-19 01:30:35,2026-03-19 01:31:29,OK,NO
909,5,2026-03-19 01:30:25,2026-03-19 01:31:33,OK,NO
924,3,2026-03-19 01:30:25,2026-03-19 01:31:34,OK,NO
926,2,2026-03-19 01:30:38,2026-03-19 01:31:41,OK,NO
779,12,2026-03-19 01:30:43,2026-03-19 01:31:42,OK,NO
922,4,2026-03-19 01:30:25,2026-03-19 01:32:04,OK,NO
782,7,2026-03-19 01:30:25,2026-03-19 01:32:19,OK,NO
780,11,2026-03-19 01:31:29,2026-03-19 01:32:22,OK,NO
927,2,2026-03-19 01:31:41,2026-03-19 01:32:40,OK,NO
781,9,2026-03-19 01:31:26,2026-03-19 01:32:43,OK,NO
925,3,2026-03-19 01:32:19,2026-03-19 01:33:14,OK,NO
782,8,2026-03-19 01:32:19,2026-03-19 01:33:17,OK,NO
780,12,2026-03-19 01:32:22,2026-03-19 01:33:19,OK,NO
923,4,2026-03-19 01:32:19,2026-03-19 01:33:19,OK,NO
910,5,2026-03-19 01:32:19,2026-03-19 01:33:20,OK,NO
904,6,2026-03-19 01:32:19,2026-03-19 01:33:25,OK,NO
928,2,2026-03-19 01:32:40,2026-03-19 01:33:43,OK,NO
781,10,2026-03-19 01:32:43,2026-03-19 01:33:49,OK,NO
782,9,2026-03-19 01:33:17,2026-03-19 01:34:16,OK,NO
783,7,2026-03-19 01:32:19,2026-03-19 01:34:47,OK,NO
938,1,2026-03-19 01:33:57,2026-03-19 01:34:51,OK,NO
781,11,2026-03-19 01:33:49,2026-03-19 01:34:51,OK,NO
782,10,2026-03-19 01:34:16,2026-03-19 01:35:22,OK,NO
911,5,2026-03-19 01:34:47,2026-03-19 01:35:38,OK,NO
926,3,2026-03-19 01:34:47,2026-03-19 01:35:38,OK,NO
783,8,2026-03-19 01:34:47,2026-03-19 01:35:42,OK,NO
939,1,2026-03-19 01:34:51,2026-03-19 01:35:46,OK,NO
781,12,2026-03-19 01:34:51,2026-03-19 01:35:48,OK,NO
905,6,2026-03-19 01:34:47,2026-03-19 01:35:50,OK,NO
929,2,2026-03-19 01:34:47,2026-03-19 01:35:55,OK,NO
782,11,2026-03-19 01:35:22,2026-03-19 01:36:11,OK,NO
924,4,2026-03-19 01:34:47,2026-03-19 01:36:14,OK,NO
784,7,2026-03-19 01:34:47,2026-03-19 01:36:19,OK,NO
940,1,2026-03-19 01:35:46,2026-03-19 01:36:46,OK,NO
783,9,2026-03-19 01:35:42,2026-03-19 01:37:03,OK,NO
782,12,2026-03-19 01:36:11,2026-03-19 01:37:13,OK,NO
925,4,2026-03-19 01:36:19,2026-03-19 01:37:16,OK,NO
930,2,2026-03-19 01:36:19,2026-03-19 01:37:16,OK,NO
784,8,2026-03-19 01:36:19,2026-03-19 01:37:20,OK,NO
927,3,2026-03-19 01:36:19,2026-03-19 01:37:24,OK,NO
906,6,2026-03-19 01:36:19,2026-03-19 01:37:25,OK,NO
912,5,2026-03-19 01:36:19,2026-03-19 01:37:30,OK,NO
941,1,2026-03-19 01:36:46,2026-03-19 01:37:44,OK,NO
783,10,2026-03-19 01:37:03,2026-03-19 01:38:00,OK,NO
785,7,2026-03-19 01:36:19,2026-03-19 01:38:07,OK,NO
784,9,2026-03-19 01:37:20,2026-03-19 01:38:24,OK,NO
942,1,2026-03-19 01:37:44,2026-03-19 01:38:33,OK,NO
785,8,2026-03-19 01:38:07,2026-03-19 01:38:57,OK,NO
913,5,2026-03-19 01:38:07,2026-03-19 01:38:58,OK,NO
783,11,2026-03-19 01:38:00,2026-03-19 01:39:03,OK,NO
907,6,2026-03-19 01:38:07,2026-03-19 01:39:04,OK,NO
931,2,2026-03-19 01:38:07,2026-03-19 01:39:07,OK,NO
784,10,2026-03-19 01:38:24,2026-03-19 01:39:15,OK,NO
928,3,2026-03-19 01:38:07,2026-03-19 01:39:19,OK,NO
926,4,2026-03-19 01:38:07,2026-03-19 01:39:31,OK,NO
943,1,2026-03-19 01:38:33,2026-03-19 01:39:32,OK,NO
786,7,2026-03-19 01:38:07,2026-03-19 01:39:49,OK,NO
783,12,2026-03-19 01:39:03,2026-03-19 01:40:00,OK,NO
785,9,2026-03-19 01:38:57,2026-03-19 01:40:09,OK,NO
784,11,2026-03-19 01:39:15,2026-03-19 01:40:21,OK,NO
932,2,2026-03-19 01:39:49,2026-03-19 01:40:42,OK,NO
908,6,2026-03-19 01:39:49,2026-03-19 01:40:49,OK,NO
929,3,2026-03-19 01:39:49,2026-03-19 01:40:52,OK,NO
786,8,2026-03-19 01:39:49,2026-03-19 01:40:53,OK,NO
944,1,2026-03-19 01:39:49,2026-03-19 01:40:54,OK,NO
914,5,2026-03-19 01:39:49,2026-03-19 01:41:01,OK,NO
927,4,2026-03-19 01:39:49,2026-03-19 01:41:06,OK,NO
784,12,2026-03-19 01:40:21,2026-03-19 01:41:11,OK,NO
785,10,2026-03-19 01:40:09,2026-03-19 01:41:13,OK,NO
787,7,2026-03-19 01:39:49,2026-03-19 01:41:49,OK,NO
786,9,2026-03-19 01:40:53,2026-03-19 01:41:49,OK,NO
785,11,2026-03-19 01:41:13,2026-03-19 01:42:12,OK,NO
915,5,2026-03-19 01:41:49,2026-03-19 01:42:44,OK,NO
786,10,2026-03-19 01:41:49,2026-03-19 01:42:48,OK,NO
933,2,2026-03-19 01:41:49,2026-03-19 01:42:48,OK,NO
930,3,2026-03-19 01:41:49,2026-03-19 01:42:49,OK,NO
787,8,2026-03-19 01:41:49,2026-03-19 01:42:50,OK,NO
909,6,2026-03-19 01:41:49,2026-03-19 01:42:52,OK,NO
945,1,2026-03-19 01:41:49,2026-03-19 01:42:53,OK,NO
928,4,2026-03-19 01:41:49,2026-03-19 01:42:54,OK,NO
785,12,2026-03-19 01:42:12,2026-03-19 01:43:05,OK,NO
788,7,2026-03-19 01:41:49,2026-03-19 01:43:24,OK,NO
787,9,2026-03-19 01:42:50,2026-03-19 01:44:10,OK,NO
934,2,2026-03-19 01:43:24,2026-03-19 01:44:19,OK,NO
946,1,2026-03-19 01:43:24,2026-03-19 01:44:19,OK,NO
916,5,2026-03-19 01:43:24,2026-03-19 01:44:20,OK,NO
931,3,2026-03-19 01:43:24,2026-03-19 01:44:24,OK,NO
910,6,2026-03-19 01:43:24,2026-03-19 01:44:30,OK,NO
788,8,2026-03-19 01:43:24,2026-03-19 01:44:31,OK,NO
929,4,2026-03-19 01:43:24,2026-03-19 01:44:32,OK,NO
786,11,2026-03-19 01:43:43,2026-03-19 01:44:46,OK,NO
789,7,2026-03-19 01:43:24,2026-03-19 01:45:08,OK,NO
787,10,2026-03-19 01:44:10,2026-03-19 01:45:09,OK,NO
788,9,2026-03-19 01:44:31,2026-03-19 01:45:30,OK,NO
786,12,2026-03-19 01:44:46,2026-03-19 01:45:42,OK,NO
947,1,2026-03-19 01:45:08,2026-03-19 01:46:01,OK,NO
935,2,2026-03-19 01:45:08,2026-03-19 01:46:01,OK,NO
911,6,2026-03-19 01:45:08,2026-03-19 01:46:11,OK,NO
932,3,2026-03-19 01:45:08,2026-03-19 01:46:13,OK,NO
917,5,2026-03-19 01:45:08,2026-03-19 01:46:16,OK,NO
789,8,2026-03-19 01:45:08,2026-03-19 01:46:18,OK,NO
787,11,2026-03-19 01:45:09,2026-03-19 01:46:19,OK,NO
930,4,2026-03-19 01:45:08,2026-03-19 01:46:30,OK,NO
788,10,2026-03-19 01:45:30,2026-03-19 01:46:31,OK,NO
790,7,2026-03-19 01:45:08,2026-03-19 01:47:07,OK,NO
789,9,2026-03-19 01:46:18,2026-03-19 01:47:17,OK,NO
787,12,2026-03-19 01:46:19,2026-03-19 01:47:26,OK,NO
788,11,2026-03-19 01:46:31,2026-03-19 01:47:39,OK,NO
948,1,2026-03-19 01:47:07,2026-03-19 01:48:00,OK,NO
936,2,2026-03-19 01:47:07,2026-03-19 01:48:03,OK,NO
912,6,2026-03-19 01:47:07,2026-03-19 01:48:03,OK,NO
790,8,2026-03-19 01:47:07,2026-03-19 01:48:07,OK,NO
931,4,2026-03-19 01:47:07,2026-03-19 01:48:10,OK,NO
933,3,2026-03-19 01:47:07,2026-03-19 01:48:12,OK,NO
918,5,2026-03-19 01:47:07,2026-03-19 01:48:12,OK,NO
789,10,2026-03-19 01:47:17,2026-03-19 01:48:19,OK,NO
788,12,2026-03-19 01:47:39,2026-03-19 01:48:38,OK,NO
791,7,2026-03-19 01:47:07,2026-03-19 01:48:43,OK,NO
790,9,2026-03-19 01:48:07,2026-03-19 01:49:15,OK,NO
789,11,2026-03-19 01:48:19,2026-03-19 01:49:22,OK,NO
919,5,2026-03-19 01:48:43,2026-03-19 01:49:39,OK,NO
949,1,2026-03-19 01:48:43,2026-03-19 01:49:40,OK,NO
934,3,2026-03-19 01:48:43,2026-03-19 01:49:43,OK,NO
791,8,2026-03-19 01:48:43,2026-03-19 01:49:46,OK,NO
913,6,2026-03-19 01:48:43,2026-03-19 01:49:47,OK,NO
937,2,2026-03-19 01:48:43,2026-03-19 01:49:48,OK,NO
932,4,2026-03-19 01:48:43,2026-03-19 01:50:07,OK,NO
790,10,2026-03-19 01:49:15,2026-03-19 01:50:15,OK,NO
789,12,2026-03-19 01:49:22,2026-03-19 01:50:17,OK,NO
792,7,2026-03-19 01:48:43,2026-03-19 01:50:20,OK,NO
791,9,2026-03-19 01:49:46,2026-03-19 01:50:50,OK,NO
790,11,2026-03-19 01:50:15,2026-03-19 01:51:08,OK,NO
938,2,2026-03-19 01:50:20,2026-03-19 01:51:14,OK,NO
935,3,2026-03-19 01:50:20,2026-03-19 01:51:18,OK,NO
920,5,2026-03-19 01:50:20,2026-03-19 01:51:23,OK,NO
914,6,2026-03-19 01:50:20,2026-03-19 01:51:23,OK,NO
792,8,2026-03-19 01:50:20,2026-03-19 01:51:29,OK,NO
950,1,2026-03-19 01:50:20,2026-03-19 01:51:32,OK,NO
793,7,2026-03-19 01:50:20,2026-03-19 01:51:40,OK,NO
933,4,2026-03-19 01:50:20,2026-03-19 01:51:41,OK,NO
791,10,2026-03-19 01:50:50,2026-03-19 01:51:42,OK,NO
790,12,2026-03-19 01:51:08,2026-03-19 01:52:03,OK,NO
792,9,2026-03-19 01:51:29,2026-03-19 01:52:34,OK,NO
793,8,2026-03-19 01:51:40,2026-03-19 01:52:48,OK,NO
791,11,2026-03-19 01:51:42,2026-03-19 01:52:50,OK,NO
792,10,2026-03-19 01:52:34,2026-03-19 01:53:32,OK,NO
793,9,2026-03-19 01:52:48,2026-03-19 01:53:41,OK,NO
791,12,2026-03-19 01:52:50,2026-03-19 01:53:50,OK,NO
792,11,2026-03-19 01:53:32,2026-03-19 01:54:28,OK,NO
793,10,2026-03-19 01:53:41,2026-03-19 01:54:39,OK,NO
792,12,2026-03-19 01:54:28,2026-03-19 01:55:27,OK,NO
793,11,2026-03-19 01:54:39,2026-03-19 01:55:37,OK,NO
793,12,2026-03-19 01:55:37,2026-03-19 01:56:33,OK,NO
921,5,2026-03-19 01:58:22,2026-03-19 01:59:20,OK,NO
915,6,2026-03-19 01:58:22,2026-03-19 01:59:20,OK,NO
951,1,2026-03-19 01:58:22,2026-03-19 01:59:25,OK,NO
939,2,2026-03-19 01:58:22,2026-03-19 01:59:26,OK,NO
934,4,2026-03-19 01:58:22,2026-03-19 01:59:29,OK,NO
936,3,2026-03-19 01:58:22,2026-03-19 01:59:31,OK,NO
794,7,2026-03-19 01:58:22,2026-03-19 01:59:42,OK,NO
952,1,2026-03-19 01:59:42,2026-03-19 02:00:38,OK,NO
937,3,2026-03-19 01:59:42,2026-03-19 02:00:38,OK,NO
922,5,2026-03-19 01:59:42,2026-03-19 02:00:45,OK,NO
940,2,2026-03-19 01:59:42,2026-03-19 02:00:47,OK,NO
794,8,2026-03-19 01:59:42,2026-03-19 02:00:49,OK,NO
916,6,2026-03-19 01:59:42,2026-03-19 02:00:50,OK,NO
935,4,2026-03-19 01:59:42,2026-03-19 02:00:59,OK,NO
795,7,2026-03-19 01:59:42,2026-03-19 02:01:23,OK,NO
794,9,2026-03-19 02:00:49,2026-03-19 02:01:57,OK,NO
795,8,2026-03-19 02:01:23,2026-03-19 02:02:16,OK,NO
941,2,2026-03-19 02:01:23,2026-03-19 02:02:23,OK,NO
923,5,2026-03-19 02:01:23,2026-03-19 02:02:25,OK,NO
953,1,2026-03-19 02:01:23,2026-03-19 02:02:27,OK,NO
917,6,2026-03-19 02:01:23,2026-03-19 02:02:28,OK,NO
938,3,2026-03-19 02:01:23,2026-03-19 02:02:31,OK,NO
796,7,2026-03-19 02:01:23,2026-03-19 02:02:52,OK,NO
936,4,2026-03-19 02:01:23,2026-03-19 02:02:52,OK,NO
794,10,2026-03-19 02:01:57,2026-03-19 02:02:58,OK,NO
795,9,2026-03-19 02:02:16,2026-03-19 02:03:16,OK,NO
939,3,2026-03-19 02:02:52,2026-03-19 02:03:41,OK,NO
796,8,2026-03-19 02:02:52,2026-03-19 02:03:49,OK,NO
954,1,2026-03-19 02:02:52,2026-03-19 02:03:55,OK,NO
942,2,2026-03-19 02:02:52,2026-03-19 02:03:56,OK,NO
794,11,2026-03-19 02:02:58,2026-03-19 02:03:56,OK,NO
918,6,2026-03-19 02:02:52,2026-03-19 02:03:58,OK,NO
924,5,2026-03-19 02:02:52,2026-03-19 02:03:59,OK,NO
937,4,2026-03-19 02:02:52,2026-03-19 02:04:11,OK,NO
795,10,2026-03-19 02:03:16,2026-03-19 02:04:24,OK,NO
797,7,2026-03-19 02:02:52,2026-03-19 02:04:29,OK,NO
796,9,2026-03-19 02:03:49,2026-03-19 02:04:47,OK,NO
794,12,2026-03-19 02:03:56,2026-03-19 02:05:00,OK,NO
925,5,2026-03-19 02:04:29,2026-03-19 02:05:21,OK,NO
938,4,2026-03-19 02:04:29,2026-03-19 02:05:24,OK,NO
943,2,2026-03-19 02:04:29,2026-03-19 02:05:26,OK,NO
955,1,2026-03-19 02:04:29,2026-03-19 02:05:27,OK,NO
795,11,2026-03-19 02:04:24,2026-03-19 02:05:28,OK,NO
940,3,2026-03-19 02:04:29,2026-03-19 02:05:31,OK,NO
919,6,2026-03-19 02:04:29,2026-03-19 02:05:33,OK,NO
796,10,2026-03-19 02:04:47,2026-03-19 02:05:36,OK,NO
797,8,2026-03-19 02:04:29,2026-03-19 02:05:39,OK,NO
798,7,2026-03-19 02:04:29,2026-03-19 02:05:53,OK,NO
795,12,2026-03-19 02:05:28,2026-03-19 02:06:33,OK,NO
796,11,2026-03-19 02:05:36,2026-03-19 02:06:40,OK,NO
797,9,2026-03-19 02:05:39,2026-03-19 02:06:44,OK,NO
926,5,2026-03-19 02:05:53,2026-03-19 02:06:45,OK,NO
944,2,2026-03-19 02:05:53,2026-03-19 02:06:49,OK,NO
798,8,2026-03-19 02:05:53,2026-03-19 02:06:50,OK,NO
941,3,2026-03-19 02:05:53,2026-03-19 02:06:50,OK,NO
920,6,2026-03-19 02:05:53,2026-03-19 02:06:51,OK,NO
939,4,2026-03-19 02:05:53,2026-03-19 02:06:53,OK,NO
956,1,2026-03-19 02:05:53,2026-03-19 02:07:04,OK,NO
799,7,2026-03-19 02:05:53,2026-03-19 02:07:32,OK,NO
796,12,2026-03-19 02:06:40,2026-03-19 02:07:41,OK,NO
797,10,2026-03-19 02:06:44,2026-03-19 02:07:47,OK,NO
798,9,2026-03-19 02:06:50,2026-03-19 02:07:49,OK,NO
799,8,2026-03-19 02:07:32,2026-03-19 02:08:22,OK,NO
927,5,2026-03-19 02:07:32,2026-03-19 02:08:25,OK,NO
945,2,2026-03-19 02:07:32,2026-03-19 02:08:25,OK,NO
957,1,2026-03-19 02:07:32,2026-03-19 02:08:28,OK,NO
942,3,2026-03-19 02:07:32,2026-03-19 02:08:28,OK,NO
940,4,2026-03-19 02:07:32,2026-03-19 02:08:32,OK,NO
921,6,2026-03-19 02:07:32,2026-03-19 02:08:34,OK,NO
797,11,2026-03-19 02:07:47,2026-03-19 02:08:45,OK,NO
798,10,2026-03-19 02:07:49,2026-03-19 02:08:49,OK,NO
800,7,2026-03-19 02:07:32,2026-03-19 02:09:07,OK,NO
799,9,2026-03-19 02:08:22,2026-03-19 02:09:17,OK,NO
797,12,2026-03-19 02:08:45,2026-03-19 02:09:46,OK,NO
798,11,2026-03-19 02:08:49,2026-03-19 02:09:56,OK,NO
800,8,2026-03-19 02:09:07,2026-03-19 02:10:05,OK,NO
799,10,2026-03-19 02:09:17,2026-03-19 02:10:12,OK,NO
798,12,2026-03-19 02:09:56,2026-03-19 02:10:47,OK,NO
800,9,2026-03-19 02:10:05,2026-03-19 02:11:03,OK,NO
799,11,2026-03-19 02:10:12,2026-03-19 02:11:11,OK,NO
801,7,2026-03-19 02:10:07,2026-03-19 02:11:40,OK,NO
800,10,2026-03-19 02:11:03,2026-03-19 02:12:07,OK,NO
799,12,2026-03-19 02:11:11,2026-03-19 02:12:08,OK,NO
801,8,2026-03-19 02:11:40,2026-03-19 02:12:37,OK,NO
800,11,2026-03-19 02:12:07,2026-03-19 02:13:03,OK,NO
802,7,2026-03-19 02:11:40,2026-03-19 02:13:19,OK,NO
801,9,2026-03-19 02:12:37,2026-03-19 02:13:32,OK,NO
800,12,2026-03-19 02:13:03,2026-03-19 02:14:00,OK,NO
802,8,2026-03-19 02:13:19,2026-03-19 02:14:16,OK,NO
801,10,2026-03-19 02:13:32,2026-03-19 02:14:26,OK,NO
803,7,2026-03-19 02:13:19,2026-03-19 02:14:43,OK,NO
802,9,2026-03-19 02:14:16,2026-03-19 02:15:20,OK,NO
801,11,2026-03-19 02:14:26,2026-03-19 02:15:24,OK,NO
803,8,2026-03-19 02:14:43,2026-03-19 02:15:38,OK,NO
922,6,2026-03-19 02:15:03,2026-03-19 02:15:59,OK,NO
943,3,2026-03-19 02:15:03,2026-03-19 02:16:00,OK,NO
946,2,2026-03-19 02:15:03,2026-03-19 02:16:00,OK,NO
928,5,2026-03-19 02:15:03,2026-03-19 02:16:01,OK,NO
941,4,2026-03-19 02:15:03,2026-03-19 02:16:09,OK,NO
801,12,2026-03-19 02:15:24,2026-03-19 02:16:26,OK,NO
802,10,2026-03-19 02:15:20,2026-03-19 02:16:32,OK,NO
804,7,2026-03-19 02:14:43,2026-03-19 02:16:46,OK,NO
803,9,2026-03-19 02:15:38,2026-03-19 02:16:47,OK,NO
923,6,2026-03-19 02:15:59,2026-03-19 02:16:54,OK,NO
944,3,2026-03-19 02:16:09,2026-03-19 02:17:01,OK,NO
929,5,2026-03-19 02:16:01,2026-03-19 02:17:03,OK,NO
947,2,2026-03-19 02:16:09,2026-03-19 02:17:04,OK,NO
942,4,2026-03-19 02:16:09,2026-03-19 02:17:10,OK,NO
802,11,2026-03-19 02:16:32,2026-03-19 02:17:41,OK,NO
803,10,2026-03-19 02:16:47,2026-03-19 02:17:45,OK,NO
804,8,2026-03-19 02:16:46,2026-03-19 02:17:49,OK,NO
924,6,2026-03-19 02:16:54,2026-03-19 02:17:53,OK,NO
930,5,2026-03-19 02:17:03,2026-03-19 02:18:01,OK,NO
945,3,2026-03-19 02:17:10,2026-03-19 02:18:05,OK,NO
948,2,2026-03-19 02:17:10,2026-03-19 02:18:17,OK,NO
943,4,2026-03-19 02:17:10,2026-03-19 02:18:18,OK,NO
805,7,2026-03-19 02:16:46,2026-03-19 02:18:30,OK,NO
802,12,2026-03-19 02:17:41,2026-03-19 02:18:36,OK,NO
803,11,2026-03-19 02:17:45,2026-03-19 02:18:48,OK,NO
804,9,2026-03-19 02:17:49,2026-03-19 02:18:57,OK,NO
925,6,2026-03-19 02:17:53,2026-03-19 02:18:58,OK,NO
931,5,2026-03-19 02:18:01,2026-03-19 02:19:01,OK,NO
946,3,2026-03-19 02:18:18,2026-03-19 02:19:26,OK,NO
949,2,2026-03-19 02:18:18,2026-03-19 02:19:27,OK,NO
805,8,2026-03-19 02:18:30,2026-03-19 02:19:29,OK,NO
944,4,2026-03-19 02:18:18,2026-03-19 02:19:31,OK,NO
803,12,2026-03-19 02:18:48,2026-03-19 02:19:52,OK,NO
926,6,2026-03-19 02:18:58,2026-03-19 02:19:56,OK,NO
932,5,2026-03-19 02:19:01,2026-03-19 02:19:56,OK,NO
804,10,2026-03-19 02:18:57,2026-03-19 02:19:58,OK,NO
806,7,2026-03-19 02:18:30,2026-03-19 02:20:19,OK,NO
805,9,2026-03-19 02:19:29,2026-03-19 02:20:24,OK,NO
950,2,2026-03-19 02:19:31,2026-03-19 02:20:27,OK,NO
947,3,2026-03-19 02:19:31,2026-03-19 02:20:29,OK,NO
945,4,2026-03-19 02:19:31,2026-03-19 02:20:40,OK,NO
804,11,2026-03-19 02:19:58,2026-03-19 02:20:57,OK,NO
927,6,2026-03-19 02:19:56,2026-03-19 02:20:57,OK,NO
933,5,2026-03-19 02:19:56,2026-03-19 02:20:59,OK,NO
806,8,2026-03-19 02:20:19,2026-03-19 02:21:19,OK,NO
958,1,2026-03-19 02:20:15,2026-03-19 02:21:19,OK,NO
805,10,2026-03-19 02:20:24,2026-03-19 02:21:28,OK,NO
951,2,2026-03-19 02:20:40,2026-03-19 02:21:38,OK,NO
948,3,2026-03-19 02:20:40,2026-03-19 02:21:47,OK,NO
934,5,2026-03-19 02:20:59,2026-03-19 02:21:57,OK,NO
946,4,2026-03-19 02:20:40,2026-03-19 02:21:58,OK,NO
804,12,2026-03-19 02:20:57,2026-03-19 02:21:59,OK,NO
928,6,2026-03-19 02:20:57,2026-03-19 02:22:03,OK,NO
807,7,2026-03-19 02:20:19,2026-03-19 02:22:09,OK,NO
805,11,2026-03-19 02:21:28,2026-03-19 02:22:16,OK,NO
806,9,2026-03-19 02:21:19,2026-03-19 02:22:23,OK,NO
959,1,2026-03-19 02:21:19,2026-03-19 02:22:29,OK,NO
952,2,2026-03-19 02:21:58,2026-03-19 02:23:02,OK,NO
935,5,2026-03-19 02:22:09,2026-03-19 02:23:04,OK,NO
949,3,2026-03-19 02:21:58,2026-03-19 02:23:08,OK,NO
947,4,2026-03-19 02:21:58,2026-03-19 02:23:09,OK,NO
929,6,2026-03-19 02:22:09,2026-03-19 02:23:12,OK,NO
806,10,2026-03-19 02:22:23,2026-03-19 02:23:19,OK,NO
807,8,2026-03-19 02:22:09,2026-03-19 02:23:23,OK,NO
960,1,2026-03-19 02:22:29,2026-03-19 02:23:34,OK,NO
808,7,2026-03-19 02:22:09,2026-03-19 02:24:00,OK,NO
950,3,2026-03-19 02:23:09,2026-03-19 02:24:03,OK,NO
953,2,2026-03-19 02:23:09,2026-03-19 02:24:07,OK,NO
948,4,2026-03-19 02:23:09,2026-03-19 02:24:10,OK,NO
806,11,2026-03-19 02:23:19,2026-03-19 02:24:10,OK,NO
961,1,2026-03-19 02:23:34,2026-03-19 02:24:31,OK,NO
807,9,2026-03-19 02:23:23,2026-03-19 02:24:32,OK,NO
808,8,2026-03-19 02:24:00,2026-03-19 02:24:52,OK,NO
805,12,2026-03-19 02:23:59,2026-03-19 02:25:04,OK,NO
962,1,2026-03-19 02:24:31,2026-03-19 02:25:27,OK,NO
807,10,2026-03-19 02:24:32,2026-03-19 02:25:29,OK,NO
809,7,2026-03-19 02:24:00,2026-03-19 02:25:29,OK,NO
808,9,2026-03-19 02:24:52,2026-03-19 02:26:03,OK,NO
806,12,2026-03-19 02:25:04,2026-03-19 02:26:04,OK,NO
963,1,2026-03-19 02:25:27,2026-03-19 02:26:22,OK,NO
807,11,2026-03-19 02:25:29,2026-03-19 02:26:26,OK,NO
809,8,2026-03-19 02:25:29,2026-03-19 02:26:26,OK,NO
808,10,2026-03-19 02:26:03,2026-03-19 02:26:53,OK,NO
810,7,2026-03-19 02:25:29,2026-03-19 02:27:00,OK,NO
807,12,2026-03-19 02:26:26,2026-03-19 02:27:19,OK,NO
964,1,2026-03-19 02:26:22,2026-03-19 02:27:24,OK,NO
809,9,2026-03-19 02:26:26,2026-03-19 02:27:27,OK,NO
808,11,2026-03-19 02:26:53,2026-03-19 02:27:51,OK,NO
810,8,2026-03-19 02:27:00,2026-03-19 02:27:59,OK,NO
965,1,2026-03-19 02:27:24,2026-03-19 02:28:20,OK,NO
809,10,2026-03-19 02:27:27,2026-03-19 02:28:24,OK,NO
811,7,2026-03-19 02:27:00,2026-03-19 02:28:31,OK,NO
808,12,2026-03-19 02:27:51,2026-03-19 02:28:44,OK,NO
810,9,2026-03-19 02:27:59,2026-03-19 02:28:57,OK,NO
809,11,2026-03-19 02:28:24,2026-03-19 02:29:24,OK,NO
811,8,2026-03-19 02:28:31,2026-03-19 02:29:30,OK,NO
810,10,2026-03-19 02:28:57,2026-03-19 02:30:06,OK,NO
812,7,2026-03-19 02:28:31,2026-03-19 02:30:22,OK,NO
949,4,2026-03-19 02:29:37,2026-03-19 02:30:27,OK,NO
809,12,2026-03-19 02:29:24,2026-03-19 02:30:30,OK,NO
930,6,2026-03-19 02:29:37,2026-03-19 02:30:30,OK,NO
811,9,2026-03-19 02:29:30,2026-03-19 02:30:30,OK,NO
951,3,2026-03-19 02:29:37,2026-03-19 02:30:36,OK,NO
936,5,2026-03-19 02:29:37,2026-03-19 02:30:38,OK,NO
966,1,2026-03-19 02:29:37,2026-03-19 02:30:38,OK,NO
954,2,2026-03-19 02:29:37,2026-03-19 02:30:41,OK,NO
810,11,2026-03-19 02:30:06,2026-03-19 02:31:08,OK,NO
811,10,2026-03-19 02:30:30,2026-03-19 02:31:21,OK,NO
812,8,2026-03-19 02:30:22,2026-03-19 02:31:24,OK,NO
931,6,2026-03-19 02:30:30,2026-03-19 02:31:29,OK,NO
950,4,2026-03-19 02:30:38,2026-03-19 02:31:34,OK,NO
967,1,2026-03-19 02:30:41,2026-03-19 02:31:38,OK,NO
955,2,2026-03-19 02:30:41,2026-03-19 02:31:39,OK,NO
937,5,2026-03-19 02:30:38,2026-03-19 02:31:40,OK,NO
952,3,2026-03-19 02:30:38,2026-03-19 02:31:41,OK,NO
810,12,2026-03-19 02:31:08,2026-03-19 02:32:09,OK,NO
812,9,2026-03-19 02:31:24,2026-03-19 02:32:20,OK,NO
932,6,2026-03-19 02:31:29,2026-03-19 02:32:25,OK,NO
811,11,2026-03-19 02:31:21,2026-03-19 02:32:30,OK,NO
813,7,2026-03-19 02:30:22,2026-03-19 02:32:32,OK,NO
956,2,2026-03-19 02:31:41,2026-03-19 02:32:35,OK,NO
968,1,2026-03-19 02:31:41,2026-03-19 02:32:39,OK,NO
953,3,2026-03-19 02:31:41,2026-03-19 02:32:41,OK,NO
938,5,2026-03-19 02:31:40,2026-03-19 02:32:42,OK,NO
951,4,2026-03-19 02:31:40,2026-03-19 02:33:04,OK,NO
812,10,2026-03-19 02:32:20,2026-03-19 02:33:23,OK,NO
811,12,2026-03-19 02:32:30,2026-03-19 02:33:25,OK,NO
933,6,2026-03-19 02:32:25,2026-03-19 02:33:25,OK,NO
813,8,2026-03-19 02:32:32,2026-03-19 02:33:31,OK,NO
939,5,2026-03-19 02:32:42,2026-03-19 02:33:48,OK,NO
957,2,2026-03-19 02:33:04,2026-03-19 02:33:56,OK,NO
954,3,2026-03-19 02:33:04,2026-03-19 02:34:08,OK,NO
969,1,2026-03-19 02:33:04,2026-03-19 02:34:10,OK,NO
952,4,2026-03-19 02:33:04,2026-03-19 02:34:17,OK,NO
812,11,2026-03-19 02:33:23,2026-03-19 02:34:26,OK,NO
934,6,2026-03-19 02:33:25,2026-03-19 02:34:31,OK,NO
940,5,2026-03-19 02:33:48,2026-03-19 02:34:47,OK,NO
813,9,2026-03-19 02:33:31,2026-03-19 02:34:49,OK,NO
814,7,2026-03-19 02:32:32,2026-03-19 02:34:52,OK,NO
970,1,2026-03-19 02:34:17,2026-03-19 02:35:09,OK,NO
955,3,2026-03-19 02:34:17,2026-03-19 02:35:14,OK,NO
958,2,2026-03-19 02:34:17,2026-03-19 02:35:18,OK,NO
812,12,2026-03-19 02:34:26,2026-03-19 02:35:26,OK,NO
935,6,2026-03-19 02:34:31,2026-03-19 02:35:31,OK,NO
953,4,2026-03-19 02:34:17,2026-03-19 02:35:48,OK,NO
941,5,2026-03-19 02:34:47,2026-03-19 02:35:48,OK,NO
814,8,2026-03-19 02:34:52,2026-03-19 02:35:49,OK,NO
813,10,2026-03-19 02:34:49,2026-03-19 02:35:52,OK,NO
815,7,2026-03-19 02:34:52,2026-03-19 02:36:26,OK,NO
936,6,2026-03-19 02:35:31,2026-03-19 02:36:38,OK,NO
956,3,2026-03-19 02:35:48,2026-03-19 02:36:51,OK,NO
954,4,2026-03-19 02:35:48,2026-03-19 02:36:51,OK,NO
959,2,2026-03-19 02:35:48,2026-03-19 02:36:53,OK,NO
813,11,2026-03-19 02:35:52,2026-03-19 02:36:53,OK,NO
971,1,2026-03-19 02:35:48,2026-03-19 02:36:56,OK,NO
814,9,2026-03-19 02:35:49,2026-03-19 02:36:58,OK,NO
942,5,2026-03-19 02:35:48,2026-03-19 02:36:59,OK,NO
815,8,2026-03-19 02:36:26,2026-03-19 02:37:30,OK,NO
937,6,2026-03-19 02:36:38,2026-03-19 02:37:38,OK,NO
957,3,2026-03-19 02:36:51,2026-03-19 02:37:44,OK,NO
960,2,2026-03-19 02:36:53,2026-03-19 02:37:46,OK,NO
813,12,2026-03-19 02:36:53,2026-03-19 02:37:58,OK,NO
955,4,2026-03-19 02:36:51,2026-03-19 02:38:01,OK,NO
943,5,2026-03-19 02:36:59,2026-03-19 02:38:02,OK,NO
972,1,2026-03-19 02:36:56,2026-03-19 02:38:04,OK,NO
814,10,2026-03-19 02:36:58,2026-03-19 02:38:05,OK,NO
816,7,2026-03-19 02:36:26,2026-03-19 02:38:08,OK,NO
815,9,2026-03-19 02:37:30,2026-03-19 02:38:33,OK,NO
973,1,2026-03-19 02:38:04,2026-03-19 02:39:00,OK,NO
961,2,2026-03-19 02:38:01,2026-03-19 02:39:02,OK,NO
938,6,2026-03-19 02:38:08,2026-03-19 02:39:04,OK,NO
814,11,2026-03-19 02:38:05,2026-03-19 02:39:04,OK,NO
816,8,2026-03-19 02:38:08,2026-03-19 02:39:06,OK,NO
944,5,2026-03-19 02:38:08,2026-03-19 02:39:08,OK,NO
958,3,2026-03-19 02:38:01,2026-03-19 02:39:10,OK,NO
956,4,2026-03-19 02:38:01,2026-03-19 02:39:20,OK,NO
817,7,2026-03-19 02:38:08,2026-03-19 02:39:26,OK,NO
815,10,2026-03-19 02:38:33,2026-03-19 02:39:39,OK,NO
816,9,2026-03-19 02:39:06,2026-03-19 02:40:01,OK,NO
959,3,2026-03-19 02:39:20,2026-03-19 02:40:19,OK,NO
945,5,2026-03-19 02:39:26,2026-03-19 02:40:23,OK,NO
974,1,2026-03-19 02:39:20,2026-03-19 02:40:25,OK,NO
962,2,2026-03-19 02:39:20,2026-03-19 02:40:28,OK,NO
939,6,2026-03-19 02:39:26,2026-03-19 02:40:32,OK,NO
817,8,2026-03-19 02:39:26,2026-03-19 02:40:38,OK,NO
957,4,2026-03-19 02:39:20,2026-03-19 02:40:39,OK,NO
815,11,2026-03-19 02:39:39,2026-03-19 02:40:40,OK,NO
816,10,2026-03-19 02:40:01,2026-03-19 02:40:52,OK,NO
818,7,2026-03-19 02:39:26,2026-03-19 02:41:27,OK,NO
960,3,2026-03-19 02:40:39,2026-03-19 02:41:32,OK,NO
817,9,2026-03-19 02:40:38,2026-03-19 02:41:35,OK,NO
975,1,2026-03-19 02:40:39,2026-03-19 02:41:39,OK,NO
963,2,2026-03-19 02:40:39,2026-03-19 02:41:39,OK,NO
958,4,2026-03-19 02:40:39,2026-03-19 02:41:42,OK,NO
816,11,2026-03-19 02:40:52,2026-03-19 02:41:52,OK,NO
818,8,2026-03-19 02:41:27,2026-03-19 02:42:19,OK,NO
940,6,2026-03-19 02:41:27,2026-03-19 02:42:27,OK,NO
946,5,2026-03-19 02:41:27,2026-03-19 02:42:33,OK,NO
817,10,2026-03-19 02:41:35,2026-03-19 02:42:36,OK,NO
961,3,2026-03-19 02:41:42,2026-03-19 02:42:37,OK,NO
976,1,2026-03-19 02:41:42,2026-03-19 02:42:42,OK,NO
959,4,2026-03-19 02:41:42,2026-03-19 02:42:43,OK,NO
964,2,2026-03-19 02:41:42,2026-03-19 02:42:48,OK,NO
819,7,2026-03-19 02:41:27,2026-03-19 02:42:58,OK,NO
818,9,2026-03-19 02:42:19,2026-03-19 02:43:21,OK,NO
941,6,2026-03-19 02:42:58,2026-03-19 02:43:52,OK,NO
962,3,2026-03-19 02:42:58,2026-03-19 02:43:58,OK,NO
960,4,2026-03-19 02:42:58,2026-03-19 02:43:59,OK,NO
977,1,2026-03-19 02:42:58,2026-03-19 02:44:03,OK,NO
965,2,2026-03-19 02:42:58,2026-03-19 02:44:03,OK,NO
947,5,2026-03-19 02:42:58,2026-03-19 02:44:06,OK,NO
819,8,2026-03-19 02:42:58,2026-03-19 02:44:07,OK,NO
818,10,2026-03-19 02:43:21,2026-03-19 02:44:18,OK,NO
820,7,2026-03-19 02:42:58,2026-03-19 02:44:37,OK,NO
819,9,2026-03-19 02:44:07,2026-03-19 02:45:00,OK,NO
966,2,2026-03-19 02:44:37,2026-03-19 02:45:32,OK,NO
963,3,2026-03-19 02:44:37,2026-03-19 02:45:37,OK,NO
942,6,2026-03-19 02:44:37,2026-03-19 02:45:40,OK,NO
978,1,2026-03-19 02:44:37,2026-03-19 02:45:40,OK,NO
820,8,2026-03-19 02:44:37,2026-03-19 02:45:41,OK,NO
948,5,2026-03-19 02:44:37,2026-03-19 02:45:42,OK,NO
819,10,2026-03-19 02:45:00,2026-03-19 02:45:56,OK,NO
961,4,2026-03-19 02:44:37,2026-03-19 02:46:00,OK,NO
821,7,2026-03-19 02:44:37,2026-03-19 02:46:18,OK,NO
820,9,2026-03-19 02:45:41,2026-03-19 02:46:51,OK,NO
962,4,2026-03-19 02:46:18,2026-03-19 02:47:10,OK,NO
943,6,2026-03-19 02:46:18,2026-03-19 02:47:12,OK,NO
814,12,2026-03-19 02:46:26,2026-03-19 02:47:17,OK,NO
949,5,2026-03-19 02:46:18,2026-03-19 02:47:20,OK,NO
817,11,2026-03-19 02:46:26,2026-03-19 02:47:20,OK,NO
821,8,2026-03-19 02:46:18,2026-03-19 02:47:24,OK,NO
820,10,2026-03-19 02:46:51,2026-03-19 02:47:49,OK,NO
822,7,2026-03-19 02:46:18,2026-03-19 02:48:05,OK,NO
815,12,2026-03-19 02:47:17,2026-03-19 02:48:11,OK,NO
821,9,2026-03-19 02:47:24,2026-03-19 02:48:24,OK,NO
818,11,2026-03-19 02:47:20,2026-03-19 02:48:24,OK,NO
950,5,2026-03-19 02:48:05,2026-03-19 02:49:02,OK,NO
963,4,2026-03-19 02:48:05,2026-03-19 02:49:02,OK,NO
944,6,2026-03-19 02:48:05,2026-03-19 02:49:10,OK,NO
822,8,2026-03-19 02:48:05,2026-03-19 02:49:12,OK,NO
816,12,2026-03-19 02:48:11,2026-03-19 02:49:14,OK,NO
821,10,2026-03-19 02:48:24,2026-03-19 02:49:23,OK,NO
819,11,2026-03-19 02:48:24,2026-03-19 02:49:33,OK,NO
964,3,2026-03-19 02:49:02,2026-03-19 02:50:00,OK,NO
822,9,2026-03-19 02:49:12,2026-03-19 02:50:03,OK,NO
967,2,2026-03-19 02:49:02,2026-03-19 02:50:03,OK,NO
979,1,2026-03-19 02:49:02,2026-03-19 02:50:06,OK,NO
817,12,2026-03-19 02:49:14,2026-03-19 02:50:09,OK,NO
823,7,2026-03-19 02:48:05,2026-03-19 02:50:11,OK,NO
820,11,2026-03-19 02:49:33,2026-03-19 02:50:22,OK,NO
964,4,2026-03-19 02:50:11,2026-03-19 02:50:54,OK,NO
822,10,2026-03-19 02:50:03,2026-03-19 02:51:04,OK,NO
945,6,2026-03-19 02:50:11,2026-03-19 02:51:05,OK,NO
965,3,2026-03-19 02:50:00,2026-03-19 02:51:07,OK,NO
823,8,2026-03-19 02:50:11,2026-03-19 02:51:08,OK,NO
951,5,2026-03-19 02:50:11,2026-03-19 02:51:09,OK,NO
968,2,2026-03-19 02:50:03,2026-03-19 02:51:11,OK,NO
818,12,2026-03-19 02:50:09,2026-03-19 02:51:11,OK,NO
980,1,2026-03-19 02:50:06,2026-03-19 02:51:14,OK,NO
821,11,2026-03-19 02:50:22,2026-03-19 02:51:20,OK,NO
824,7,2026-03-19 02:50:11,2026-03-19 02:51:28,OK,NO
966,3,2026-03-19 02:51:07,2026-03-19 02:51:59,OK,NO
819,12,2026-03-19 02:51:11,2026-03-19 02:52:01,OK,NO
969,2,2026-03-19 02:51:11,2026-03-19 02:52:05,OK,NO
981,1,2026-03-19 02:51:14,2026-03-19 02:52:15,OK,NO
823,9,2026-03-19 02:51:08,2026-03-19 02:52:18,OK,NO
822,11,2026-03-19 02:51:20,2026-03-19 02:52:18,OK,NO
952,5,2026-03-19 02:51:28,2026-03-19 02:52:20,OK,NO
946,6,2026-03-19 02:51:28,2026-03-19 02:52:28,OK,NO
824,8,2026-03-19 02:51:28,2026-03-19 02:52:31,OK,NO
967,3,2026-03-19 02:51:59,2026-03-19 02:52:50,OK,NO
820,12,2026-03-19 02:52:01,2026-03-19 02:52:53,OK,NO
970,2,2026-03-19 02:52:05,2026-03-19 02:53:01,OK,NO
965,4,2026-03-19 02:51:28,2026-03-19 02:53:01,OK,NO
825,7,2026-03-19 02:51:28,2026-03-19 02:53:06,OK,NO
982,1,2026-03-19 02:52:15,2026-03-19 02:53:15,OK,NO
823,10,2026-03-19 02:52:18,2026-03-19 02:53:21,OK,NO
824,9,2026-03-19 02:52:31,2026-03-19 02:53:37,OK,NO
821,12,2026-03-19 02:52:53,2026-03-19 02:53:58,OK,NO
947,6,2026-03-19 02:53:06,2026-03-19 02:54:08,OK,NO
968,3,2026-03-19 02:53:06,2026-03-19 02:54:09,OK,NO
971,2,2026-03-19 02:53:06,2026-03-19 02:54:11,OK,NO
966,4,2026-03-19 02:53:06,2026-03-19 02:54:12,OK,NO
825,8,2026-03-19 02:53:06,2026-03-19 02:54:14,OK,NO
953,5,2026-03-19 02:53:06,2026-03-19 02:54:14,OK,NO
983,1,2026-03-19 02:53:15,2026-03-19 02:54:15,OK,NO
823,11,2026-03-19 02:53:21,2026-03-19 02:54:24,OK,NO
824,10,2026-03-19 02:53:37,2026-03-19 02:54:44,OK,NO
822,12,2026-03-19 02:53:58,2026-03-19 02:54:50,OK,NO
826,7,2026-03-19 02:53:06,2026-03-19 02:55:05,OK,NO
825,9,2026-03-19 02:54:14,2026-03-19 02:55:16,OK,NO
824,11,2026-03-19 02:54:44,2026-03-19 02:55:41,OK,NO
823,12,2026-03-19 02:54:50,2026-03-19 02:55:50,OK,NO
969,3,2026-03-19 02:55:05,2026-03-19 02:56:01,OK,NO
826,8,2026-03-19 02:55:05,2026-03-19 02:56:05,OK,NO
972,2,2026-03-19 02:55:05,2026-03-19 02:56:07,OK,NO
984,1,2026-03-19 02:55:05,2026-03-19 02:56:07,OK,NO
954,5,2026-03-19 02:55:05,2026-03-19 02:56:09,OK,NO
967,4,2026-03-19 02:55:05,2026-03-19 02:56:13,OK,NO
948,6,2026-03-19 02:55:05,2026-03-19 02:56:14,OK,NO
825,10,2026-03-19 02:55:16,2026-03-19 02:56:17,OK,NO
827,7,2026-03-19 02:55:05,2026-03-19 02:56:53,OK,NO
824,12,2026-03-19 02:55:50,2026-03-19 02:56:58,OK,NO
826,9,2026-03-19 02:56:05,2026-03-19 02:57:13,OK,NO
825,11,2026-03-19 02:56:17,2026-03-19 02:57:14,OK,NO
827,8,2026-03-19 02:56:53,2026-03-19 02:57:43,OK,NO
973,2,2026-03-19 02:56:53,2026-03-19 02:57:44,OK,NO
949,6,2026-03-19 02:56:53,2026-03-19 02:57:53,OK,NO
985,1,2026-03-19 02:56:53,2026-03-19 02:57:55,OK,NO
955,5,2026-03-19 02:56:53,2026-03-19 02:57:55,OK,NO
970,3,2026-03-19 02:56:53,2026-03-19 02:57:57,OK,NO
968,4,2026-03-19 02:56:53,2026-03-19 02:58:03,OK,NO
826,10,2026-03-19 02:57:13,2026-03-19 02:58:05,OK,NO
825,12,2026-03-19 02:57:14,2026-03-19 02:58:09,OK,NO
826,11,2026-03-19 02:58:05,2026-03-19 02:59:05,OK,NO
827,9,2026-03-19 02:57:43,2026-03-19 02:59:06,OK,NO
828,7,2026-03-19 02:56:53,2026-03-19 02:59:16,OK,NO
827,10,2026-03-19 02:59:06,2026-03-19 03:00:03,OK,NO
971,3,2026-03-19 02:59:16,2026-03-19 03:00:06,OK,NO
826,12,2026-03-19 02:59:05,2026-03-19 03:00:07,OK,NO
950,6,2026-03-19 02:59:16,2026-03-19 03:00:11,OK,NO
986,1,2026-03-19 02:59:16,2026-03-19 03:00:15,OK,NO
956,5,2026-03-19 02:59:16,2026-03-19 03:00:16,OK,NO
828,8,2026-03-19 02:59:16,2026-03-19 03:00:20,OK,NO
969,4,2026-03-19 02:59:16,2026-03-19 03:00:20,OK,NO
974,2,2026-03-19 02:59:16,2026-03-19 03:00:23,OK,NO
827,11,2026-03-19 03:00:03,2026-03-19 03:00:58,OK,NO
828,9,2026-03-19 03:00:20,2026-03-19 03:01:35,OK,NO
829,7,2026-03-19 02:59:16,2026-03-19 03:01:46,OK,NO
827,12,2026-03-19 03:00:58,2026-03-19 03:01:59,OK,NO
828,10,2026-03-19 03:01:35,2026-03-19 03:02:27,OK,NO
987,1,2026-03-19 03:01:46,2026-03-19 03:02:36,OK,NO
972,3,2026-03-19 03:01:46,2026-03-19 03:02:40,OK,NO
951,6,2026-03-19 03:01:46,2026-03-19 03:02:41,OK,NO
957,5,2026-03-19 03:01:46,2026-03-19 03:02:44,OK,NO
829,8,2026-03-19 03:01:46,2026-03-19 03:02:46,OK,NO
975,2,2026-03-19 03:01:46,2026-03-19 03:02:53,OK,NO
830,7,2026-03-19 03:01:46,2026-03-19 03:03:04,OK,NO
970,4,2026-03-19 03:01:46,2026-03-19 03:03:20,OK,NO
828,11,2026-03-19 03:02:27,2026-03-19 03:03:32,OK,NO
830,8,2026-03-19 03:03:04,2026-03-19 03:04:01,OK,NO
952,6,2026-03-19 03:03:04,2026-03-19 03:04:04,OK,NO
958,5,2026-03-19 03:03:04,2026-03-19 03:04:05,OK,NO
829,9,2026-03-19 03:02:46,2026-03-19 03:04:07,OK,NO
973,3,2026-03-19 03:03:20,2026-03-19 03:04:15,OK,NO
988,1,2026-03-19 03:03:20,2026-03-19 03:04:20,OK,NO
971,4,2026-03-19 03:03:20,2026-03-19 03:04:21,OK,NO
976,2,2026-03-19 03:03:20,2026-03-19 03:04:25,OK,NO
831,7,2026-03-19 03:03:04,2026-03-19 03:04:30,OK,NO
828,12,2026-03-19 03:03:32,2026-03-19 03:04:37,OK,NO
829,10,2026-03-19 03:04:07,2026-03-19 03:04:55,OK,NO
830,9,2026-03-19 03:04:07,2026-03-19 03:05:13,OK,NO
989,1,2026-03-19 03:04:30,2026-03-19 03:05:25,OK,NO
974,3,2026-03-19 03:04:30,2026-03-19 03:05:28,OK,NO
953,6,2026-03-19 03:04:30,2026-03-19 03:05:28,OK,NO
977,2,2026-03-19 03:04:30,2026-03-19 03:05:30,OK,NO
831,8,2026-03-19 03:04:30,2026-03-19 03:05:33,OK,NO
959,5,2026-03-19 03:04:30,2026-03-19 03:05:41,OK,NO
972,4,2026-03-19 03:04:30,2026-03-19 03:05:52,OK,NO
832,7,2026-03-19 03:04:30,2026-03-19 03:06:01,OK,NO
830,10,2026-03-19 03:05:13,2026-03-19 03:06:06,OK,NO
831,9,2026-03-19 03:05:33,2026-03-19 03:06:31,OK,NO
954,6,2026-03-19 03:06:01,2026-03-19 03:06:56,OK,NO
975,3,2026-03-19 03:06:01,2026-03-19 03:06:56,OK,NO
973,4,2026-03-19 03:06:01,2026-03-19 03:06:57,OK,NO
978,2,2026-03-19 03:06:01,2026-03-19 03:06:59,OK,NO
832,8,2026-03-19 03:06:01,2026-03-19 03:07:00,OK,NO
960,5,2026-03-19 03:06:01,2026-03-19 03:07:01,OK,NO
990,1,2026-03-19 03:06:01,2026-03-19 03:07:03,OK,NO
831,10,2026-03-19 03:06:31,2026-03-19 03:07:26,OK,NO
829,11,2026-03-19 03:06:41,2026-03-19 03:07:48,OK,NO
833,7,2026-03-19 03:06:01,2026-03-19 03:07:56,OK,NO
832,9,2026-03-19 03:07:00,2026-03-19 03:07:58,OK,NO
829,12,2026-03-19 03:07:48,2026-03-19 03:08:46,OK,NO
833,8,2026-03-19 03:07:56,2026-03-19 03:08:50,OK,NO
955,6,2026-03-19 03:07:56,2026-03-19 03:08:51,OK,NO
832,10,2026-03-19 03:07:58,2026-03-19 03:08:52,OK,NO
830,11,2026-03-19 03:07:48,2026-03-19 03:08:53,OK,NO
979,2,2026-03-19 03:07:56,2026-03-19 03:08:54,OK,NO
991,1,2026-03-19 03:07:56,2026-03-19 03:08:54,OK,NO
974,4,2026-03-19 03:07:56,2026-03-19 03:09:00,OK,NO
961,5,2026-03-19 03:07:56,2026-03-19 03:09:02,OK,NO
976,3,2026-03-19 03:07:56,2026-03-19 03:09:02,OK,NO
833,9,2026-03-19 03:08:50,2026-03-19 03:09:52,OK,NO
830,12,2026-03-19 03:08:53,2026-03-19 03:09:58,OK,NO
834,7,2026-03-19 03:07:56,2026-03-19 03:10:03,OK,NO
831,11,2026-03-19 03:08:53,2026-03-19 03:10:04,OK,NO
833,10,2026-03-19 03:09:52,2026-03-19 03:10:47,OK,NO
956,6,2026-03-19 03:10:03,2026-03-19 03:10:51,OK,NO
832,11,2026-03-19 03:10:04,2026-03-19 03:10:57,OK,NO
980,2,2026-03-19 03:10:03,2026-03-19 03:10:57,OK,NO
834,8,2026-03-19 03:10:03,2026-03-19 03:10:59,OK,NO
962,5,2026-03-19 03:10:03,2026-03-19 03:10:59,OK,NO
977,3,2026-03-19 03:10:03,2026-03-19 03:10:59,OK,NO
831,12,2026-03-19 03:10:04,2026-03-19 03:11:03,OK,NO
975,4,2026-03-19 03:10:03,2026-03-19 03:11:08,OK,NO
992,1,2026-03-19 03:10:03,2026-03-19 03:11:09,OK,NO
835,7,2026-03-19 03:10:03,2026-03-19 03:11:41,OK,NO
832,12,2026-03-19 03:11:03,2026-03-19 03:12:01,OK,NO
833,11,2026-03-19 03:10:57,2026-03-19 03:12:01,OK,NO
834,9,2026-03-19 03:10:59,2026-03-19 03:12:24,OK,NO
957,6,2026-03-19 03:11:41,2026-03-19 03:12:37,OK,NO
978,3,2026-03-19 03:11:41,2026-03-19 03:12:38,OK,NO
981,2,2026-03-19 03:11:41,2026-03-19 03:12:40,OK,NO
963,5,2026-03-19 03:11:41,2026-03-19 03:12:43,OK,NO
993,1,2026-03-19 03:11:41,2026-03-19 03:12:44,OK,NO
976,4,2026-03-19 03:11:41,2026-03-19 03:12:46,OK,NO
835,8,2026-03-19 03:11:41,2026-03-19 03:12:50,OK,NO
833,12,2026-03-19 03:12:01,2026-03-19 03:13:05,OK,NO
834,10,2026-03-19 03:12:24,2026-03-19 03:13:19,OK,NO
836,7,2026-03-19 03:11:41,2026-03-19 03:13:38,OK,NO
835,9,2026-03-19 03:12:50,2026-03-19 03:13:44,OK,NO
834,11,2026-03-19 03:13:19,2026-03-19 03:14:11,OK,NO
982,2,2026-03-19 03:13:38,2026-03-19 03:14:30,OK,NO
979,3,2026-03-19 03:13:38,2026-03-19 03:14:33,OK,NO
977,4,2026-03-19 03:13:38,2026-03-19 03:14:37,OK,NO
964,5,2026-03-19 03:13:38,2026-03-19 03:14:37,OK,NO
836,8,2026-03-19 03:13:38,2026-03-19 03:14:38,OK,NO
994,1,2026-03-19 03:13:38,2026-03-19 03:14:47,OK,NO
958,6,2026-03-19 03:13:38,2026-03-19 03:14:48,OK,NO
835,10,2026-03-19 03:13:44,2026-03-19 03:14:48,OK,NO
834,12,2026-03-19 03:14:11,2026-03-19 03:15:13,OK,NO
837,7,2026-03-19 03:13:38,2026-03-19 03:15:22,OK,NO
836,9,2026-03-19 03:14:38,2026-03-19 03:15:41,OK,NO
835,11,2026-03-19 03:14:48,2026-03-19 03:15:49,OK,NO
959,6,2026-03-19 03:15:22,2026-03-19 03:16:15,OK,NO
965,5,2026-03-19 03:15:22,2026-03-19 03:16:15,OK,NO
980,3,2026-03-19 03:15:22,2026-03-19 03:16:21,OK,NO
837,8,2026-03-19 03:15:22,2026-03-19 03:16:25,OK,NO
983,2,2026-03-19 03:15:22,2026-03-19 03:16:25,OK,NO
995,1,2026-03-19 03:15:22,2026-03-19 03:16:25,OK,NO
836,10,2026-03-19 03:15:41,2026-03-19 03:16:35,OK,NO
978,4,2026-03-19 03:15:22,2026-03-19 03:16:45,OK,NO
835,12,2026-03-19 03:15:49,2026-03-19 03:16:54,OK,NO
837,9,2026-03-19 03:16:25,2026-03-19 03:17:24,OK,NO
838,7,2026-03-19 03:15:22,2026-03-19 03:17:34,OK,NO
836,11,2026-03-19 03:16:35,2026-03-19 03:17:38,OK,NO
837,10,2026-03-19 03:17:24,2026-03-19 03:18:17,OK,NO
984,2,2026-03-19 03:17:34,2026-03-19 03:18:31,OK,NO
996,1,2026-03-19 03:17:34,2026-03-19 03:18:32,OK,NO
836,12,2026-03-19 03:17:38,2026-03-19 03:18:33,OK,NO
979,4,2026-03-19 03:17:34,2026-03-19 03:18:33,OK,NO
966,5,2026-03-19 03:17:34,2026-03-19 03:18:35,OK,NO
981,3,2026-03-19 03:17:34,2026-03-19 03:18:37,OK,NO
960,6,2026-03-19 03:17:34,2026-03-19 03:18:37,OK,NO
838,8,2026-03-19 03:17:34,2026-03-19 03:18:38,OK,NO
837,11,2026-03-19 03:18:17,2026-03-19 03:19:23,OK,NO
839,7,2026-03-19 03:17:34,2026-03-19 03:19:27,OK,NO
838,9,2026-03-19 03:18:38,2026-03-19 03:19:57,OK,NO
837,12,2026-03-19 03:19:23,2026-03-19 03:20:14,OK,NO
839,8,2026-03-19 03:19:27,2026-03-19 03:20:20,OK,NO
961,6,2026-03-19 03:19:27,2026-03-19 03:20:24,OK,NO
985,2,2026-03-19 03:19:27,2026-03-19 03:20:25,OK,NO
967,5,2026-03-19 03:19:27,2026-03-19 03:20:28,OK,NO
982,3,2026-03-19 03:19:27,2026-03-19 03:20:29,OK,NO
980,4,2026-03-19 03:19:27,2026-03-19 03:20:30,OK,NO
997,1,2026-03-19 03:19:27,2026-03-19 03:20:37,OK,NO
838,10,2026-03-19 03:19:57,2026-03-19 03:21:02,OK,NO
840,7,2026-03-19 03:19:27,2026-03-19 03:21:22,OK,NO
839,9,2026-03-19 03:20:20,2026-03-19 03:21:39,OK,NO
838,11,2026-03-19 03:21:02,2026-03-19 03:22:03,OK,NO
981,4,2026-03-19 03:21:22,2026-03-19 03:22:18,OK,NO
840,8,2026-03-19 03:21:22,2026-03-19 03:22:23,OK,NO
968,5,2026-03-19 03:21:22,2026-03-19 03:22:23,OK,NO
962,6,2026-03-19 03:21:22,2026-03-19 03:22:32,OK,NO
839,10,2026-03-19 03:21:39,2026-03-19 03:22:47,OK,NO
841,7,2026-03-19 03:21:22,2026-03-19 03:22:58,OK,NO
838,12,2026-03-19 03:22:03,2026-03-19 03:23:15,OK,NO
840,9,2026-03-19 03:22:23,2026-03-19 03:23:19,OK,NO
969,5,2026-03-19 03:22:58,2026-03-19 03:23:52,OK,NO
963,6,2026-03-19 03:22:58,2026-03-19 03:23:52,OK,NO
839,11,2026-03-19 03:22:47,2026-03-19 03:23:55,OK,NO
841,8,2026-03-19 03:22:58,2026-03-19 03:24:00,OK,NO
840,10,2026-03-19 03:23:19,2026-03-19 03:24:22,OK,NO
982,4,2026-03-19 03:22:58,2026-03-19 03:24:28,OK,NO
842,7,2026-03-19 03:22:58,2026-03-19 03:24:28,OK,NO
839,12,2026-03-19 03:23:55,2026-03-19 03:24:54,OK,NO
841,9,2026-03-19 03:24:00,2026-03-19 03:25:03,OK,NO
840,11,2026-03-19 03:24:22,2026-03-19 03:25:19,OK,NO
970,5,2026-03-19 03:24:28,2026-03-19 03:25:27,OK,NO
842,8,2026-03-19 03:24:28,2026-03-19 03:25:27,OK,NO
964,6,2026-03-19 03:24:28,2026-03-19 03:25:29,OK,NO
841,10,2026-03-19 03:25:03,2026-03-19 03:26:05,OK,NO
843,7,2026-03-19 03:24:28,2026-03-19 03:26:10,OK,NO
840,12,2026-03-19 03:25:19,2026-03-19 03:26:20,OK,NO
842,9,2026-03-19 03:25:27,2026-03-19 03:26:33,OK,NO
843,8,2026-03-19 03:26:10,2026-03-19 03:27:10,OK,NO
971,5,2026-03-19 03:26:10,2026-03-19 03:27:13,OK,NO
841,11,2026-03-19 03:26:05,2026-03-19 03:27:14,OK,NO
965,6,2026-03-19 03:26:10,2026-03-19 03:27:17,OK,NO
842,10,2026-03-19 03:26:33,2026-03-19 03:27:32,OK,NO
844,7,2026-03-19 03:26:10,2026-03-19 03:27:57,OK,NO
843,9,2026-03-19 03:27:10,2026-03-19 03:28:02,OK,NO
841,12,2026-03-19 03:27:14,2026-03-19 03:28:16,OK,NO
842,11,2026-03-19 03:27:32,2026-03-19 03:28:27,OK,NO
844,8,2026-03-19 03:27:57,2026-03-19 03:29:03,OK,NO
843,10,2026-03-19 03:28:02,2026-03-19 03:29:04,OK,NO
842,12,2026-03-19 03:28:27,2026-03-19 03:29:16,OK,NO
972,5,2026-03-19 03:28:27,2026-03-19 03:29:21,OK,NO
998,1,2026-03-19 03:28:25,2026-03-19 03:29:25,OK,NO
983,3,2026-03-19 03:28:25,2026-03-19 03:29:30,OK,NO
966,6,2026-03-19 03:28:27,2026-03-19 03:29:35,OK,NO
986,2,2026-03-19 03:28:25,2026-03-19 03:29:35,OK,NO
845,7,2026-03-19 03:28:27,2026-03-19 03:29:53,OK,NO
843,11,2026-03-19 03:29:04,2026-03-19 03:30:06,OK,NO
844,9,2026-03-19 03:29:03,2026-03-19 03:30:15,OK,NO
984,3,2026-03-19 03:29:30,2026-03-19 03:30:34,OK,NO
999,1,2026-03-19 03:29:35,2026-03-19 03:30:38,OK,NO
987,2,2026-03-19 03:29:35,2026-03-19 03:30:38,OK,NO
967,6,2026-03-19 03:29:53,2026-03-19 03:30:45,OK,NO
983,4,2026-03-19 03:29:30,2026-03-19 03:30:52,OK,NO
973,5,2026-03-19 03:29:53,2026-03-19 03:30:52,OK,NO
845,8,2026-03-19 03:29:53,2026-03-19 03:30:53,OK,NO
843,12,2026-03-19 03:30:06,2026-03-19 03:31:05,OK,NO
844,10,2026-03-19 03:30:15,2026-03-19 03:31:26,OK,NO
988,2,2026-03-19 03:30:38,2026-03-19 03:31:28,OK,NO
985,3,2026-03-19 03:30:34,2026-03-19 03:31:30,OK,NO
1000,1,2026-03-19 03:30:38,2026-03-19 03:31:41,OK,NO
845,9,2026-03-19 03:30:53,2026-03-19 03:31:46,OK,NO
984,4,2026-03-19 03:30:52,2026-03-19 03:31:52,OK,NO
846,7,2026-03-19 03:29:53,2026-03-19 03:31:56,OK,NO
844,11,2026-03-19 03:31:26,2026-03-19 03:32:22,OK,NO
986,3,2026-03-19 03:31:30,2026-03-19 03:32:28,OK,NO
974,5,2026-03-19 03:31:56,2026-03-19 03:32:45,OK,NO
968,6,2026-03-19 03:31:56,2026-03-19 03:32:52,OK,NO
846,8,2026-03-19 03:31:56,2026-03-19 03:32:54,OK,NO
845,10,2026-03-19 03:31:46,2026-03-19 03:32:57,OK,NO
985,4,2026-03-19 03:31:52,2026-03-19 03:33:03,OK,NO
844,12,2026-03-19 03:32:22,2026-03-19 03:33:29,OK,NO
987,3,2026-03-19 03:32:28,2026-03-19 03:33:35,OK,NO
846,9,2026-03-19 03:32:54,2026-03-19 03:33:47,OK,NO
845,11,2026-03-19 03:32:57,2026-03-19 03:33:53,OK,NO
986,4,2026-03-19 03:33:03,2026-03-19 03:34:02,OK,NO
847,7,2026-03-19 03:31:56,2026-03-19 03:34:07,OK,NO
1001,1,2026-03-19 03:33:21,2026-03-19 03:34:15,OK,NO
989,2,2026-03-19 03:33:21,2026-03-19 03:34:25,OK,NO
988,3,2026-03-19 03:33:35,2026-03-19 03:34:45,OK,NO
846,10,2026-03-19 03:33:47,2026-03-19 03:34:46,OK,NO
845,12,2026-03-19 03:33:53,2026-03-19 03:34:50,OK,NO
975,5,2026-03-19 03:34:07,2026-03-19 03:34:57,OK,NO
969,6,2026-03-19 03:34:07,2026-03-19 03:35:12,OK,NO
847,8,2026-03-19 03:34:07,2026-03-19 03:35:18,OK,NO
990,2,2026-03-19 03:34:25,2026-03-19 03:35:19,OK,NO
1002,1,2026-03-19 03:34:25,2026-03-19 03:35:25,OK,NO
987,4,2026-03-19 03:34:02,2026-03-19 03:35:34,OK,NO
989,3,2026-03-19 03:34:45,2026-03-19 03:35:47,OK,NO
848,7,2026-03-19 03:34:07,2026-03-19 03:35:50,OK,NO
846,11,2026-03-19 03:34:46,2026-03-19 03:35:52,OK,NO
991,2,2026-03-19 03:35:19,2026-03-19 03:36:22,OK,NO
1003,1,2026-03-19 03:35:25,2026-03-19 03:36:31,OK,NO
988,4,2026-03-19 03:35:34,2026-03-19 03:36:35,OK,NO
848,8,2026-03-19 03:35:50,2026-03-19 03:36:47,OK,NO
847,9,2026-03-19 03:35:18,2026-03-19 03:36:50,OK,NO
846,12,2026-03-19 03:35:52,2026-03-19 03:36:53,OK,NO
990,3,2026-03-19 03:35:47,2026-03-19 03:36:53,OK,NO
976,5,2026-03-19 03:35:50,2026-03-19 03:36:55,OK,NO
970,6,2026-03-19 03:35:50,2026-03-19 03:37:00,OK,NO
992,2,2026-03-19 03:36:22,2026-03-19 03:37:14,OK,NO
849,7,2026-03-19 03:35:50,2026-03-19 03:37:30,OK,NO
1004,1,2026-03-19 03:36:31,2026-03-19 03:37:31,OK,NO
989,4,2026-03-19 03:36:35,2026-03-19 03:37:36,OK,NO
847,10,2026-03-19 03:36:50,2026-03-19 03:37:41,OK,NO
991,3,2026-03-19 03:36:53,2026-03-19 03:37:45,OK,NO
848,9,2026-03-19 03:36:50,2026-03-19 03:37:57,OK,NO
993,2,2026-03-19 03:37:14,2026-03-19 03:38:08,OK,NO
849,8,2026-03-19 03:37:30,2026-03-19 03:38:23,OK,NO
1005,1,2026-03-19 03:37:31,2026-03-19 03:38:23,OK,NO
971,6,2026-03-19 03:37:30,2026-03-19 03:38:26,OK,NO
977,5,2026-03-19 03:37:30,2026-03-19 03:38:37,OK,NO
990,4,2026-03-19 03:37:36,2026-03-19 03:38:39,OK,NO
992,3,2026-03-19 03:37:45,2026-03-19 03:38:40,OK,NO
847,11,2026-03-19 03:37:41,2026-03-19 03:38:42,OK,NO
994,2,2026-03-19 03:38:08,2026-03-19 03:38:59,OK,NO
848,10,2026-03-19 03:37:57,2026-03-19 03:39:13,OK,NO
850,7,2026-03-19 03:37:30,2026-03-19 03:39:15,OK,NO
1006,1,2026-03-19 03:38:23,2026-03-19 03:39:16,OK,NO
849,9,2026-03-19 03:38:23,2026-03-19 03:39:22,OK,NO
847,12,2026-03-19 03:38:42,2026-03-19 03:39:39,OK,NO
995,2,2026-03-19 03:38:59,2026-03-19 03:39:50,OK,NO
1007,1,2026-03-19 03:39:16,2026-03-19 03:40:10,OK,NO
850,8,2026-03-19 03:39:15,2026-03-19 03:40:10,OK,NO
848,11,2026-03-19 03:39:13,2026-03-19 03:40:12,OK,NO
993,3,2026-03-19 03:39:15,2026-03-19 03:40:13,OK,NO
978,5,2026-03-19 03:39:15,2026-03-19 03:40:13,OK,NO
849,10,2026-03-19 03:39:22,2026-03-19 03:40:18,OK,NO
991,4,2026-03-19 03:39:15,2026-03-19 03:40:19,OK,NO
972,6,2026-03-19 03:39:15,2026-03-19 03:40:23,OK,NO
851,7,2026-03-19 03:39:15,2026-03-19 03:40:57,OK,NO
996,2,2026-03-19 03:39:50,2026-03-19 03:40:59,OK,NO
1008,1,2026-03-19 03:40:10,2026-03-19 03:41:03,OK,NO
848,12,2026-03-19 03:40:12,2026-03-19 03:41:07,OK,NO
850,9,2026-03-19 03:40:10,2026-03-19 03:41:08,OK,NO
849,11,2026-03-19 03:40:18,2026-03-19 03:41:11,OK,NO
979,5,2026-03-19 03:40:57,2026-03-19 03:41:51,OK,NO
973,6,2026-03-19 03:40:57,2026-03-19 03:41:54,OK,NO
851,8,2026-03-19 03:40:57,2026-03-19 03:41:56,OK,NO
997,2,2026-03-19 03:40:59,2026-03-19 03:42:02,OK,NO
994,3,2026-03-19 03:40:57,2026-03-19 03:42:04,OK,NO
1009,1,2026-03-19 03:41:03,2026-03-19 03:42:07,OK,NO
850,10,2026-03-19 03:41:08,2026-03-19 03:42:15,OK,NO
849,12,2026-03-19 03:41:11,2026-03-19 03:42:18,OK,NO
992,4,2026-03-19 03:40:57,2026-03-19 03:42:24,OK,NO
852,7,2026-03-19 03:40:57,2026-03-19 03:42:53,OK,NO
851,9,2026-03-19 03:41:56,2026-03-19 03:42:56,OK,NO
850,11,2026-03-19 03:42:15,2026-03-19 03:43:08,OK,NO
998,2,2026-03-19 03:42:53,2026-03-19 03:43:48,OK,NO
974,6,2026-03-19 03:42:53,2026-03-19 03:43:49,OK,NO
852,8,2026-03-19 03:42:53,2026-03-19 03:43:50,OK,NO
993,4,2026-03-19 03:42:53,2026-03-19 03:43:53,OK,NO
980,5,2026-03-19 03:42:53,2026-03-19 03:43:58,OK,NO
995,3,2026-03-19 03:42:53,2026-03-19 03:43:58,OK,NO
851,10,2026-03-19 03:42:56,2026-03-19 03:43:59,OK,NO
1010,1,2026-03-19 03:42:53,2026-03-19 03:44:00,OK,NO
850,12,2026-03-19 03:43:08,2026-03-19 03:44:05,OK,NO
853,7,2026-03-19 03:42:53,2026-03-19 03:44:45,OK,NO
852,9,2026-03-19 03:43:50,2026-03-19 03:44:49,OK,NO
851,11,2026-03-19 03:43:59,2026-03-19 03:44:57,OK,NO
999,2,2026-03-19 03:44:45,2026-03-19 03:45:43,OK,NO
981,5,2026-03-19 03:44:45,2026-03-19 03:45:49,OK,NO
852,10,2026-03-19 03:44:49,2026-03-19 03:45:51,OK,NO
853,8,2026-03-19 03:44:45,2026-03-19 03:45:51,OK,NO
996,3,2026-03-19 03:44:45,2026-03-19 03:45:52,OK,NO
994,4,2026-03-19 03:44:45,2026-03-19 03:45:52,OK,NO
975,6,2026-03-19 03:44:45,2026-03-19 03:45:53,OK,NO
851,12,2026-03-19 03:44:57,2026-03-19 03:45:57,OK,NO
1011,1,2026-03-19 03:44:45,2026-03-19 03:45:58,OK,NO
854,7,2026-03-19 03:44:45,2026-03-19 03:46:38,OK,NO
852,11,2026-03-19 03:45:51,2026-03-19 03:46:42,OK,NO
853,9,2026-03-19 03:45:51,2026-03-19 03:46:54,OK,NO
982,5,2026-03-19 03:46:38,2026-03-19 03:47:33,OK,NO
997,3,2026-03-19 03:46:38,2026-03-19 03:47:34,OK,NO
1000,2,2026-03-19 03:46:38,2026-03-19 03:47:37,OK,NO
852,12,2026-03-19 03:46:42,2026-03-19 03:47:40,OK,NO
995,4,2026-03-19 03:46:38,2026-03-19 03:47:40,OK,NO
976,6,2026-03-19 03:46:38,2026-03-19 03:47:42,OK,NO
1012,1,2026-03-19 03:46:38,2026-03-19 03:47:42,OK,NO
854,8,2026-03-19 03:46:38,2026-03-19 03:47:51,OK,NO
853,10,2026-03-19 03:46:54,2026-03-19 03:48:05,OK,NO
855,7,2026-03-19 03:46:38,2026-03-19 03:48:28,OK,NO
854,9,2026-03-19 03:47:51,2026-03-19 03:48:42,OK,NO
853,11,2026-03-19 03:48:05,2026-03-19 03:48:59,OK,NO
855,8,2026-03-19 03:48:28,2026-03-19 03:49:26,OK,NO
983,5,2026-03-19 03:48:28,2026-03-19 03:49:27,OK,NO
1001,2,2026-03-19 03:48:28,2026-03-19 03:49:29,OK,NO
977,6,2026-03-19 03:48:28,2026-03-19 03:49:30,OK,NO
1013,1,2026-03-19 03:48:28,2026-03-19 03:49:32,OK,NO
996,4,2026-03-19 03:48:28,2026-03-19 03:49:34,OK,NO
998,3,2026-03-19 03:48:28,2026-03-19 03:49:36,OK,NO
854,10,2026-03-19 03:48:42,2026-03-19 03:49:51,OK,NO
853,12,2026-03-19 03:48:59,2026-03-19 03:49:55,OK,NO
856,7,2026-03-19 03:48:28,2026-03-19 03:50:12,OK,NO
855,9,2026-03-19 03:49:26,2026-03-19 03:50:23,OK,NO
854,11,2026-03-19 03:49:51,2026-03-19 03:50:55,OK,NO
997,4,2026-03-19 03:50:12,2026-03-19 03:51:04,OK,NO
984,5,2026-03-19 03:50:12,2026-03-19 03:51:09,OK,NO
856,8,2026-03-19 03:50:12,2026-03-19 03:51:13,OK,NO
1002,2,2026-03-19 03:50:12,2026-03-19 03:51:14,OK,NO
1014,1,2026-03-19 03:50:12,2026-03-19 03:51:15,OK,NO
978,6,2026-03-19 03:50:12,2026-03-19 03:51:17,OK,NO
999,3,2026-03-19 03:50:12,2026-03-19 03:51:18,OK,NO
855,10,2026-03-19 03:50:23,2026-03-19 03:51:25,OK,NO
854,12,2026-03-19 03:50:55,2026-03-19 03:51:51,OK,NO
857,7,2026-03-19 03:50:12,2026-03-19 03:51:54,OK,NO
856,9,2026-03-19 03:51:13,2026-03-19 03:52:13,OK,NO
855,11,2026-03-19 03:51:25,2026-03-19 03:52:14,OK,NO
985,5,2026-03-19 03:51:54,2026-03-19 03:52:47,OK,NO
1015,1,2026-03-19 03:51:54,2026-03-19 03:52:50,OK,NO
979,6,2026-03-19 03:51:54,2026-03-19 03:52:51,OK,NO
1003,2,2026-03-19 03:51:54,2026-03-19 03:52:54,OK,NO
1000,3,2026-03-19 03:51:54,2026-03-19 03:52:56,OK,NO
857,8,2026-03-19 03:51:54,2026-03-19 03:52:59,OK,NO
998,4,2026-03-19 03:51:54,2026-03-19 03:53:06,OK,NO
855,12,2026-03-19 03:52:14,2026-03-19 03:53:11,OK,NO
856,10,2026-03-19 03:52:13,2026-03-19 03:53:12,OK,NO
857,9,2026-03-19 03:52:59,2026-03-19 03:53:55,OK,NO
856,11,2026-03-19 03:53:12,2026-03-19 03:54:15,OK,NO
858,7,2026-03-19 03:51:54,2026-03-19 03:54:16,OK,NO
857,10,2026-03-19 03:53:55,2026-03-19 03:54:41,OK,NO
856,12,2026-03-19 03:54:15,2026-03-19 03:55:07,OK,NO
858,8,2026-03-19 03:54:16,2026-03-19 03:55:10,OK,NO
999,4,2026-03-19 03:54:16,2026-03-19 03:55:13,OK,NO
986,5,2026-03-19 03:54:16,2026-03-19 03:55:14,OK,NO
980,6,2026-03-19 03:54:16,2026-03-19 03:55:14,OK,NO
1016,1,2026-03-19 03:54:16,2026-03-19 03:55:14,OK,NO
1001,3,2026-03-19 03:54:16,2026-03-19 03:55:20,OK,NO
1004,2,2026-03-19 03:54:16,2026-03-19 03:55:21,OK,NO
857,11,2026-03-19 03:54:41,2026-03-19 03:55:37,OK,NO
858,9,2026-03-19 03:55:10,2026-03-19 03:56:18,OK,NO
859,7,2026-03-19 03:54:16,2026-03-19 03:56:21,OK,NO
857,12,2026-03-19 03:55:37,2026-03-19 03:56:38,OK,NO
1002,3,2026-03-19 03:56:21,2026-03-19 03:57:11,OK,NO
987,5,2026-03-19 03:56:21,2026-03-19 03:57:12,OK,NO
1017,1,2026-03-19 03:56:21,2026-03-19 03:57:18,OK,NO
859,8,2026-03-19 03:56:21,2026-03-19 03:57:19,OK,NO
858,10,2026-03-19 03:56:18,2026-03-19 03:57:19,OK,NO
981,6,2026-03-19 03:56:21,2026-03-19 03:57:19,OK,NO
1000,4,2026-03-19 03:56:21,2026-03-19 03:57:22,OK,NO
1005,2,2026-03-19 03:56:21,2026-03-19 03:57:23,OK,NO
860,7,2026-03-19 03:56:21,2026-03-19 03:58:04,OK,NO
859,9,2026-03-19 03:57:19,2026-03-19 03:58:11,OK,NO
858,11,2026-03-19 03:57:19,2026-03-19 03:58:13,OK,NO
860,8,2026-03-19 03:58:04,2026-03-19 03:58:53,OK,NO
982,6,2026-03-19 03:58:04,2026-03-19 03:58:58,OK,NO
988,5,2026-03-19 03:58:04,2026-03-19 03:59:01,OK,NO
1003,3,2026-03-19 03:58:04,2026-03-19 03:59:03,OK,NO
1018,1,2026-03-19 03:58:04,2026-03-19 03:59:04,OK,NO
858,12,2026-03-19 03:58:13,2026-03-19 03:59:05,OK,NO
1006,2,2026-03-19 03:58:04,2026-03-19 03:59:10,OK,NO
859,10,2026-03-19 03:58:11,2026-03-19 03:59:14,OK,NO
1001,4,2026-03-19 03:58:04,2026-03-19 03:59:24,OK,NO
860,9,2026-03-19 03:58:53,2026-03-19 03:59:50,OK,NO
859,11,2026-03-19 03:59:14,2026-03-19 04:00:23,OK,NO
861,7,2026-03-19 03:58:04,2026-03-19 04:00:31,OK,NO
860,10,2026-03-19 03:59:50,2026-03-19 04:00:53,OK,NO
1007,2,2026-03-19 04:00:31,2026-03-19 04:01:20,OK,NO
859,12,2026-03-19 04:00:23,2026-03-19 04:01:21,OK,NO
1002,4,2026-03-19 04:00:31,2026-03-19 04:01:26,OK,NO
1004,3,2026-03-19 04:00:31,2026-03-19 04:01:28,OK,NO
1019,1,2026-03-19 04:00:31,2026-03-19 04:01:30,OK,NO
983,6,2026-03-19 04:00:31,2026-03-19 04:01:30,OK,NO
861,8,2026-03-19 04:00:31,2026-03-19 04:01:33,OK,NO
989,5,2026-03-19 04:00:31,2026-03-19 04:01:39,OK,NO
860,11,2026-03-19 04:00:53,2026-03-19 04:01:52,OK,NO
862,7,2026-03-19 04:00:31,2026-03-19 04:01:56,OK,NO
862,8,2026-03-19 04:01:56,2026-03-19 04:02:46,OK,NO
1020,1,2026-03-19 04:01:56,2026-03-19 04:02:49,OK,NO
861,9,2026-03-19 04:01:33,2026-03-19 04:02:50,OK,NO
1005,3,2026-03-19 04:01:56,2026-03-19 04:02:52,OK,NO
860,12,2026-03-19 04:01:52,2026-03-19 04:02:52,OK,NO
1008,2,2026-03-19 04:01:56,2026-03-19 04:02:53,OK,NO
990,5,2026-03-19 04:01:56,2026-03-19 04:02:55,OK,NO
984,6,2026-03-19 04:01:56,2026-03-19 04:02:57,OK,NO
1003,4,2026-03-19 04:01:56,2026-03-19 04:03:06,OK,NO
862,9,2026-03-19 04:02:50,2026-03-19 04:03:49,OK,NO
863,7,2026-03-19 04:01:56,2026-03-19 04:03:50,OK,NO
861,10,2026-03-19 04:02:50,2026-03-19 04:03:54,OK,NO
1006,3,2026-03-19 04:03:50,2026-03-19 04:04:43,OK,NO
1004,4,2026-03-19 04:03:50,2026-03-19 04:04:46,OK,NO
861,11,2026-03-19 04:03:54,2026-03-19 04:04:46,OK,NO
985,6,2026-03-19 04:03:50,2026-03-19 04:04:48,OK,NO
1021,1,2026-03-19 04:03:50,2026-03-19 04:04:49,OK,NO
1009,2,2026-03-19 04:03:50,2026-03-19 04:04:53,OK,NO
863,8,2026-03-19 04:03:50,2026-03-19 04:04:53,OK,NO
862,10,2026-03-19 04:03:54,2026-03-19 04:04:53,OK,NO
991,5,2026-03-19 04:03:50,2026-03-19 04:05:01,OK,NO
864,7,2026-03-19 04:03:50,2026-03-19 04:05:34,OK,NO
861,12,2026-03-19 04:04:46,2026-03-19 04:05:43,OK,NO
863,9,2026-03-19 04:04:53,2026-03-19 04:05:44,OK,NO
862,11,2026-03-19 04:04:53,2026-03-19 04:05:52,OK,NO
864,8,2026-03-19 04:05:34,2026-03-19 04:06:28,OK,NO
992,5,2026-03-19 04:05:34,2026-03-19 04:06:28,OK,NO
986,6,2026-03-19 04:05:34,2026-03-19 04:06:41,OK,NO
863,10,2026-03-19 04:05:44,2026-03-19 04:06:46,OK,NO
862,12,2026-03-19 04:05:52,2026-03-19 04:06:50,OK,NO
865,7,2026-03-19 04:05:34,2026-03-19 04:07:17,OK,NO
864,9,2026-03-19 04:06:28,2026-03-19 04:07:20,OK,NO
863,11,2026-03-19 04:06:46,2026-03-19 04:07:48,OK,NO
864,10,2026-03-19 04:07:20,2026-03-19 04:08:17,OK,NO
865,8,2026-03-19 04:07:17,2026-03-19 04:08:24,OK,NO
993,5,2026-03-19 04:07:17,2026-03-19 04:08:26,OK,NO
987,6,2026-03-19 04:07:17,2026-03-19 04:08:28,OK,NO
863,12,2026-03-19 04:07:48,2026-03-19 04:08:44,OK,NO
866,7,2026-03-19 04:07:17,2026-03-19 04:09:08,OK,NO
865,9,2026-03-19 04:08:24,2026-03-19 04:09:32,OK,NO
864,11,2026-03-19 04:08:17,2026-03-19 04:09:35,OK,NO
988,6,2026-03-19 04:09:08,2026-03-19 04:10:03,OK,NO
866,8,2026-03-19 04:09:08,2026-03-19 04:10:08,OK,NO
994,5,2026-03-19 04:09:08,2026-03-19 04:10:13,OK,NO
865,10,2026-03-19 04:09:32,2026-03-19 04:10:31,OK,NO
864,12,2026-03-19 04:09:35,2026-03-19 04:10:46,OK,NO
866,9,2026-03-19 04:10:08,2026-03-19 04:11:18,OK,NO
867,7,2026-03-19 04:09:08,2026-03-19 04:11:22,OK,NO
865,11,2026-03-19 04:10:31,2026-03-19 04:11:31,OK,NO
866,10,2026-03-19 04:11:18,2026-03-19 04:12:12,OK,NO
989,6,2026-03-19 04:11:22,2026-03-19 04:12:17,OK,NO
995,5,2026-03-19 04:11:22,2026-03-19 04:12:18,OK,NO
867,8,2026-03-19 04:11:22,2026-03-19 04:12:20,OK,NO
1022,1,2026-03-19 04:11:38,2026-03-19 04:12:29,OK,NO
1005,4,2026-03-19 04:11:38,2026-03-19 04:12:32,OK,NO
1007,3,2026-03-19 04:11:38,2026-03-19 04:12:33,OK,NO
1010,2,2026-03-19 04:11:38,2026-03-19 04:12:34,OK,NO
865,12,2026-03-19 04:11:31,2026-03-19 04:12:44,OK,NO
866,11,2026-03-19 04:12:12,2026-03-19 04:13:08,OK,NO
1008,3,2026-03-19 04:12:33,2026-03-19 04:13:22,OK,NO
1023,1,2026-03-19 04:12:34,2026-03-19 04:13:26,OK,NO
1011,2,2026-03-19 04:12:34,2026-03-19 04:13:28,OK,NO
867,9,2026-03-19 04:12:20,2026-03-19 04:13:41,OK,NO
868,7,2026-03-19 04:11:22,2026-03-19 04:13:43,OK,NO
1006,4,2026-03-19 04:12:32,2026-03-19 04:13:51,OK,NO
866,12,2026-03-19 04:13:08,2026-03-19 04:14:15,OK,NO
868,8,2026-03-19 04:13:43,2026-03-19 04:14:39,OK,NO
990,6,2026-03-19 04:13:43,2026-03-19 04:14:42,OK,NO
867,10,2026-03-19 04:13:41,2026-03-19 04:14:44,OK,NO
1012,2,2026-03-19 04:13:51,2026-03-19 04:14:46,OK,NO
996,5,2026-03-19 04:13:43,2026-03-19 04:14:47,OK,NO
1009,3,2026-03-19 04:13:51,2026-03-19 04:14:50,OK,NO
1007,4,2026-03-19 04:13:51,2026-03-19 04:14:56,OK,NO
1024,1,2026-03-19 04:13:51,2026-03-19 04:15:05,OK,NO
867,11,2026-03-19 04:14:44,2026-03-19 04:15:42,OK,NO
869,7,2026-03-19 04:13:43,2026-03-19 04:15:50,OK,NO
1010,3,2026-03-19 04:14:56,2026-03-19 04:15:52,OK,NO
1008,4,2026-03-19 04:14:56,2026-03-19 04:15:52,OK,NO
868,9,2026-03-19 04:14:39,2026-03-19 04:15:56,OK,NO
1013,2,2026-03-19 04:14:56,2026-03-19 04:15:59,OK,NO
1025,1,2026-03-19 04:15:05,2026-03-19 04:16:12,OK,NO
867,12,2026-03-19 04:15:42,2026-03-19 04:16:38,OK,NO
997,5,2026-03-19 04:15:50,2026-03-19 04:16:46,OK,NO
1011,3,2026-03-19 04:15:52,2026-03-19 04:16:47,OK,NO
991,6,2026-03-19 04:15:50,2026-03-19 04:16:48,OK,NO
868,10,2026-03-19 04:15:56,2026-03-19 04:16:50,OK,NO
1014,2,2026-03-19 04:15:59,2026-03-19 04:16:53,OK,NO
869,8,2026-03-19 04:15:50,2026-03-19 04:16:53,OK,NO
1026,1,2026-03-19 04:16:12,2026-03-19 04:17:08,OK,NO
1009,4,2026-03-19 04:15:52,2026-03-19 04:17:17,OK,NO
870,7,2026-03-19 04:15:50,2026-03-19 04:17:38,OK,NO
868,11,2026-03-19 04:16:50,2026-03-19 04:17:48,OK,NO
869,9,2026-03-19 04:16:53,2026-03-19 04:17:56,OK,NO
1027,1,2026-03-19 04:17:17,2026-03-19 04:18:12,OK,NO
1012,3,2026-03-19 04:17:17,2026-03-19 04:18:14,OK,NO
1010,4,2026-03-19 04:17:17,2026-03-19 04:18:14,OK,NO
1015,2,2026-03-19 04:17:17,2026-03-19 04:18:25,OK,NO
998,5,2026-03-19 04:17:38,2026-03-19 04:18:40,OK,NO
992,6,2026-03-19 04:17:38,2026-03-19 04:18:41,OK,NO
870,8,2026-03-19 04:17:38,2026-03-19 04:18:42,OK,NO
868,12,2026-03-19 04:17:48,2026-03-19 04:18:48,OK,NO
869,10,2026-03-19 04:17:56,2026-03-19 04:18:51,OK,NO
1013,3,2026-03-19 04:18:14,2026-03-19 04:19:13,OK,NO
871,7,2026-03-19 04:17:38,2026-03-19 04:19:26,OK,NO
1016,2,2026-03-19 04:18:25,2026-03-19 04:19:29,OK,NO
1028,1,2026-03-19 04:18:25,2026-03-19 04:19:30,OK,NO
1011,4,2026-03-19 04:18:14,2026-03-19 04:19:33,OK,NO
870,9,2026-03-19 04:18:42,2026-03-19 04:19:39,OK,NO
869,11,2026-03-19 04:18:51,2026-03-19 04:19:49,OK,NO
999,5,2026-03-19 04:19:26,2026-03-19 04:20:21,OK,NO
1012,4,2026-03-19 04:19:33,2026-03-19 04:20:26,OK,NO
993,6,2026-03-19 04:19:26,2026-03-19 04:20:32,OK,NO
1017,2,2026-03-19 04:19:33,2026-03-19 04:20:35,OK,NO
1014,3,2026-03-19 04:19:33,2026-03-19 04:20:37,OK,NO
871,8,2026-03-19 04:19:26,2026-03-19 04:20:37,OK,NO
870,10,2026-03-19 04:19:39,2026-03-19 04:20:43,OK,NO
1029,1,2026-03-19 04:19:33,2026-03-19 04:20:49,OK,NO
869,12,2026-03-19 04:19:49,2026-03-19 04:20:50,OK,NO
872,7,2026-03-19 04:19:26,2026-03-19 04:20:54,OK,NO
871,9,2026-03-19 04:20:37,2026-03-19 04:21:38,OK,NO
1013,4,2026-03-19 04:20:54,2026-03-19 04:21:44,OK,NO
1000,5,2026-03-19 04:20:54,2026-03-19 04:21:48,OK,NO
870,11,2026-03-19 04:20:43,2026-03-19 04:21:50,OK,NO
1030,1,2026-03-19 04:20:54,2026-03-19 04:21:55,OK,NO
872,8,2026-03-19 04:20:54,2026-03-19 04:21:57,OK,NO
994,6,2026-03-19 04:20:54,2026-03-19 04:21:58,OK,NO
1015,3,2026-03-19 04:20:54,2026-03-19 04:22:00,OK,NO
1018,2,2026-03-19 04:20:54,2026-03-19 04:22:04,OK,NO
873,7,2026-03-19 04:20:54,2026-03-19 04:22:39,OK,NO
871,10,2026-03-19 04:21:38,2026-03-19 04:22:40,OK,NO
872,9,2026-03-19 04:21:57,2026-03-19 04:22:53,OK,NO
870,12,2026-03-19 04:21:50,2026-03-19 04:23:02,OK,NO
871,11,2026-03-19 04:22:40,2026-03-19 04:23:31,OK,NO
995,6,2026-03-19 04:22:39,2026-03-19 04:23:34,OK,NO
1016,3,2026-03-19 04:22:39,2026-03-19 04:23:34,OK,NO
1014,4,2026-03-19 04:22:39,2026-03-19 04:23:35,OK,NO
873,8,2026-03-19 04:22:39,2026-03-19 04:23:38,OK,NO
1019,2,2026-03-19 04:22:39,2026-03-19 04:23:41,OK,NO
1031,1,2026-03-19 04:22:56,2026-03-19 04:23:47,OK,NO
1001,5,2026-03-19 04:22:39,2026-03-19 04:23:47,OK,NO
872,10,2026-03-19 04:22:53,2026-03-19 04:23:50,OK,NO
873,9,2026-03-19 04:23:38,2026-03-19 04:24:29,OK,NO
871,12,2026-03-19 04:23:31,2026-03-19 04:24:35,OK,NO
874,7,2026-03-19 04:22:39,2026-03-19 04:24:42,OK,NO
872,11,2026-03-19 04:23:50,2026-03-19 04:24:44,OK,NO
873,10,2026-03-19 04:24:29,2026-03-19 04:25:31,OK,NO
1032,1,2026-03-19 04:24:42,2026-03-19 04:25:31,OK,NO
1015,4,2026-03-19 04:24:42,2026-03-19 04:25:36,OK,NO
1002,5,2026-03-19 04:24:42,2026-03-19 04:25:36,OK,NO
1017,3,2026-03-19 04:24:42,2026-03-19 04:25:36,OK,NO
872,12,2026-03-19 04:24:44,2026-03-19 04:25:37,OK,NO
996,6,2026-03-19 04:24:42,2026-03-19 04:25:41,OK,NO
874,8,2026-03-19 04:24:42,2026-03-19 04:25:45,OK,NO
1020,2,2026-03-19 04:24:42,2026-03-19 04:25:49,OK,NO
875,7,2026-03-19 04:24:42,2026-03-19 04:26:21,OK,NO
873,11,2026-03-19 04:25:31,2026-03-19 04:26:25,OK,NO
874,9,2026-03-19 04:25:45,2026-03-19 04:26:53,OK,NO
1003,5,2026-03-19 04:26:21,2026-03-19 04:27:17,OK,NO
1018,3,2026-03-19 04:26:21,2026-03-19 04:27:18,OK,NO
997,6,2026-03-19 04:26:21,2026-03-19 04:27:19,OK,NO
1033,1,2026-03-19 04:26:21,2026-03-19 04:27:25,OK,NO
875,8,2026-03-19 04:26:21,2026-03-19 04:27:26,OK,NO
1021,2,2026-03-19 04:26:21,2026-03-19 04:27:30,OK,NO
1016,4,2026-03-19 04:26:21,2026-03-19 04:27:43,OK,NO
876,7,2026-03-19 04:26:21,2026-03-19 04:27:49,OK,NO
874,10,2026-03-19 04:26:53,2026-03-19 04:28:00,OK,NO
875,9,2026-03-19 04:27:26,2026-03-19 04:28:28,OK,NO
1017,4,2026-03-19 04:27:49,2026-03-19 04:28:43,OK,NO
998,6,2026-03-19 04:27:49,2026-03-19 04:28:45,OK,NO
1004,5,2026-03-19 04:27:49,2026-03-19 04:28:46,OK,NO
1019,3,2026-03-19 04:27:49,2026-03-19 04:28:47,OK,NO
1034,1,2026-03-19 04:27:49,2026-03-19 04:28:48,OK,NO
1022,2,2026-03-19 04:27:49,2026-03-19 04:28:49,OK,NO
876,8,2026-03-19 04:27:49,2026-03-19 04:28:55,OK,NO
874,11,2026-03-19 04:28:00,2026-03-19 04:28:59,OK,NO
875,10,2026-03-19 04:28:28,2026-03-19 04:29:41,OK,NO
876,9,2026-03-19 04:28:55,2026-03-19 04:29:53,OK,NO
877,7,2026-03-19 04:27:49,2026-03-19 04:30:02,OK,NO
875,11,2026-03-19 04:29:41,2026-03-19 04:30:43,OK,NO
1018,4,2026-03-19 04:30:02,2026-03-19 04:30:55,OK,NO
1005,5,2026-03-19 04:30:02,2026-03-19 04:30:55,OK,NO
1035,1,2026-03-19 04:30:02,2026-03-19 04:30:57,OK,NO
1023,2,2026-03-19 04:30:02,2026-03-19 04:30:59,OK,NO
1020,3,2026-03-19 04:30:02,2026-03-19 04:31:00,OK,NO
877,8,2026-03-19 04:30:02,2026-03-19 04:31:02,OK,NO
876,10,2026-03-19 04:29:53,2026-03-19 04:31:03,OK,NO
999,6,2026-03-19 04:30:02,2026-03-19 04:31:07,OK,NO
878,7,2026-03-19 04:30:02,2026-03-19 04:31:43,OK,NO
873,12,2026-03-19 04:30:53,2026-03-19 04:31:52,OK,NO
876,11,2026-03-19 04:31:03,2026-03-19 04:32:11,OK,NO
877,9,2026-03-19 04:31:02,2026-03-19 04:32:29,OK,NO
1021,3,2026-03-19 04:31:43,2026-03-19 04:32:31,OK,NO
1006,5,2026-03-19 04:31:43,2026-03-19 04:32:34,OK,NO
878,8,2026-03-19 04:31:43,2026-03-19 04:32:34,OK,NO
1024,2,2026-03-19 04:31:43,2026-03-19 04:32:41,OK,NO
1036,1,2026-03-19 04:31:43,2026-03-19 04:32:45,OK,NO
1019,4,2026-03-19 04:31:43,2026-03-19 04:32:47,OK,NO
1000,6,2026-03-19 04:31:43,2026-03-19 04:32:49,OK,NO
874,12,2026-03-19 04:31:52,2026-03-19 04:32:50,OK,NO
879,7,2026-03-19 04:31:43,2026-03-19 04:33:10,OK,NO
877,10,2026-03-19 04:32:29,2026-03-19 04:33:28,OK,NO
878,9,2026-03-19 04:32:34,2026-03-19 04:33:30,OK,NO
875,12,2026-03-19 04:32:50,2026-03-19 04:33:55,OK,NO
1020,4,2026-03-19 04:33:10,2026-03-19 04:34:04,OK,NO
1001,6,2026-03-19 04:33:10,2026-03-19 04:34:08,OK,NO
1022,3,2026-03-19 04:33:10,2026-03-19 04:34:10,OK,NO
1025,2,2026-03-19 04:33:10,2026-03-19 04:34:10,OK,NO
879,8,2026-03-19 04:33:10,2026-03-19 04:34:11,OK,NO
1007,5,2026-03-19 04:33:10,2026-03-19 04:34:13,OK,NO
1037,1,2026-03-19 04:33:10,2026-03-19 04:34:14,OK,NO
877,11,2026-03-19 04:33:28,2026-03-19 04:34:25,OK,NO
880,7,2026-03-19 04:33:10,2026-03-19 04:34:42,OK,NO
878,10,2026-03-19 04:33:30,2026-03-19 04:34:42,OK,NO
876,12,2026-03-19 04:33:55,2026-03-19 04:34:59,OK,NO
879,9,2026-03-19 04:34:11,2026-03-19 04:35:12,OK,NO
1023,3,2026-03-19 04:34:42,2026-03-19 04:35:33,OK,NO
1038,1,2026-03-19 04:34:42,2026-03-19 04:35:34,OK,NO
880,8,2026-03-19 04:34:42,2026-03-19 04:35:39,OK,NO
1026,2,2026-03-19 04:34:42,2026-03-19 04:35:41,OK,NO
1008,5,2026-03-19 04:34:42,2026-03-19 04:35:43,OK,NO
1002,6,2026-03-19 04:34:42,2026-03-19 04:35:44,OK,NO
878,11,2026-03-19 04:34:42,2026-03-19 04:35:48,OK,NO
877,12,2026-03-19 04:34:59,2026-03-19 04:35:51,OK,NO
1021,4,2026-03-19 04:34:42,2026-03-19 04:35:51,OK,NO
879,10,2026-03-19 04:35:12,2026-03-19 04:36:12,OK,NO
881,7,2026-03-19 04:34:42,2026-03-19 04:36:35,OK,NO
880,9,2026-03-19 04:35:39,2026-03-19 04:36:35,OK,NO
878,12,2026-03-19 04:35:51,2026-03-19 04:36:52,OK,NO
879,11,2026-03-19 04:36:12,2026-03-19 04:37:08,OK,NO
1024,3,2026-03-19 04:36:35,2026-03-19 04:37:25,OK,NO
1003,6,2026-03-19 04:36:35,2026-03-19 04:37:33,OK,NO
1009,5,2026-03-19 04:36:35,2026-03-19 04:37:35,OK,NO
881,8,2026-03-19 04:36:35,2026-03-19 04:37:35,OK,NO
1027,2,2026-03-19 04:36:35,2026-03-19 04:37:35,OK,NO
1039,1,2026-03-19 04:36:35,2026-03-19 04:37:37,OK,NO
880,10,2026-03-19 04:36:35,2026-03-19 04:37:39,OK,NO
1022,4,2026-03-19 04:36:35,2026-03-19 04:37:41,OK,NO
879,12,2026-03-19 04:37:08,2026-03-19 04:38:07,OK,NO
882,7,2026-03-19 04:36:35,2026-03-19 04:38:24,OK,NO
881,9,2026-03-19 04:37:35,2026-03-19 04:38:28,OK,NO
880,11,2026-03-19 04:37:39,2026-03-19 04:38:40,OK,NO
882,8,2026-03-19 04:38:24,2026-03-19 04:39:14,OK,NO
1023,4,2026-03-19 04:38:24,2026-03-19 04:39:20,OK,NO
1025,3,2026-03-19 04:38:24,2026-03-19 04:39:21,OK,NO
1010,5,2026-03-19 04:38:24,2026-03-19 04:39:21,OK,NO
1004,6,2026-03-19 04:38:24,2026-03-19 04:39:25,OK,NO
1040,1,2026-03-19 04:38:24,2026-03-19 04:39:25,OK,NO
1028,2,2026-03-19 04:38:24,2026-03-19 04:39:33,OK,NO
881,10,2026-03-19 04:38:28,2026-03-19 04:39:40,OK,NO
880,12,2026-03-19 04:38:40,2026-03-19 04:39:43,OK,NO
883,7,2026-03-19 04:38:24,2026-03-19 04:40:06,OK,NO
882,9,2026-03-19 04:39:14,2026-03-19 04:40:07,OK,NO
881,11,2026-03-19 04:39:40,2026-03-19 04:40:47,OK,NO
883,8,2026-03-19 04:40:06,2026-03-19 04:40:57,OK,NO
1005,6,2026-03-19 04:40:06,2026-03-19 04:40:59,OK,NO
882,10,2026-03-19 04:40:07,2026-03-19 04:41:02,OK,NO
1011,5,2026-03-19 04:40:06,2026-03-19 04:41:04,OK,NO
1026,3,2026-03-19 04:40:06,2026-03-19 04:41:07,OK,NO
1024,4,2026-03-19 04:40:06,2026-03-19 04:41:28,OK,NO
881,12,2026-03-19 04:40:47,2026-03-19 04:41:42,OK,NO
883,9,2026-03-19 04:40:57,2026-03-19 04:41:59,OK,NO
882,11,2026-03-19 04:41:02,2026-03-19 04:42:04,OK,NO
884,7,2026-03-19 04:40:06,2026-03-19 04:42:09,OK,NO
883,10,2026-03-19 04:41:59,2026-03-19 04:42:53,OK,NO
1012,5,2026-03-19 04:42:09,2026-03-19 04:43:00,OK,NO
882,12,2026-03-19 04:42:04,2026-03-19 04:43:03,OK,NO
884,8,2026-03-19 04:42:09,2026-03-19 04:43:05,OK,NO
1025,4,2026-03-19 04:42:09,2026-03-19 04:43:11,OK,NO
1027,3,2026-03-19 04:42:09,2026-03-19 04:43:14,OK,NO
1006,6,2026-03-19 04:42:09,2026-03-19 04:43:17,OK,NO
883,11,2026-03-19 04:42:53,2026-03-19 04:43:48,OK,NO
1041,1,2026-03-19 04:42:51,2026-03-19 04:43:54,OK,NO
885,7,2026-03-19 04:42:09,2026-03-19 04:43:55,OK,NO
1029,2,2026-03-19 04:42:51,2026-03-19 04:43:56,OK,NO
884,9,2026-03-19 04:43:05,2026-03-19 04:44:25,OK,NO
1030,2,2026-03-19 04:43:56,2026-03-19 04:44:47,OK,NO
1028,3,2026-03-19 04:43:55,2026-03-19 04:44:49,OK,NO
1013,5,2026-03-19 04:43:55,2026-03-19 04:44:49,OK,NO
883,12,2026-03-19 04:43:48,2026-03-19 04:44:51,OK,NO
885,8,2026-03-19 04:43:55,2026-03-19 04:44:53,OK,NO
1042,1,2026-03-19 04:43:56,2026-03-19 04:44:56,OK,NO
1007,6,2026-03-19 04:43:55,2026-03-19 04:44:58,OK,NO
1026,4,2026-03-19 04:43:55,2026-03-19 04:45:02,OK,NO
884,10,2026-03-19 04:44:25,2026-03-19 04:45:25,OK,NO
1043,1,2026-03-19 04:44:56,2026-03-19 04:45:48,OK,NO
1031,2,2026-03-19 04:44:47,2026-03-19 04:45:50,OK,NO
885,9,2026-03-19 04:44:53,2026-03-19 04:46:00,OK,NO
886,7,2026-03-19 04:43:55,2026-03-19 04:46:11,OK,NO
884,11,2026-03-19 04:45:25,2026-03-19 04:46:22,OK,NO
1044,1,2026-03-19 04:46:11,2026-03-19 04:47:00,OK,NO
885,10,2026-03-19 04:46:00,2026-03-19 04:47:04,OK,NO
1032,2,2026-03-19 04:46:11,2026-03-19 04:47:05,OK,NO
1027,4,2026-03-19 04:46:11,2026-03-19 04:47:06,OK,NO
1014,5,2026-03-19 04:46:11,2026-03-19 04:47:13,OK,NO
886,8,2026-03-19 04:46:11,2026-03-19 04:47:14,OK,NO
884,12,2026-03-19 04:46:22,2026-03-19 04:47:16,OK,NO
1029,3,2026-03-19 04:46:11,2026-03-19 04:47:17,OK,NO
1008,6,2026-03-19 04:46:11,2026-03-19 04:47:18,OK,NO
885,11,2026-03-19 04:47:04,2026-03-19 04:48:02,OK,NO
887,7,2026-03-19 04:46:11,2026-03-19 04:48:12,OK,NO
886,9,2026-03-19 04:47:14,2026-03-19 04:48:28,OK,NO
885,12,2026-03-19 04:48:02,2026-03-19 04:49:02,OK,NO
1045,1,2026-03-19 04:48:12,2026-03-19 04:49:04,OK,NO
1033,2,2026-03-19 04:48:12,2026-03-19 04:49:04,OK,NO
1015,5,2026-03-19 04:48:12,2026-03-19 04:49:10,OK,NO
887,8,2026-03-19 04:48:12,2026-03-19 04:49:13,OK,NO
1030,3,2026-03-19 04:48:12,2026-03-19 04:49:16,OK,NO
886,10,2026-03-19 04:48:28,2026-03-19 04:49:19,OK,NO
1028,4,2026-03-19 04:48:12,2026-03-19 04:49:21,OK,NO
1009,6,2026-03-19 04:48:12,2026-03-19 04:49:23,OK,NO
888,7,2026-03-19 04:48:12,2026-03-19 04:49:45,OK,NO
887,9,2026-03-19 04:49:13,2026-03-19 04:50:14,OK,NO
886,11,2026-03-19 04:49:19,2026-03-19 04:50:33,OK,NO
1034,2,2026-03-19 04:49:45,2026-03-19 04:50:41,OK,NO
1010,6,2026-03-19 04:49:45,2026-03-19 04:50:46,OK,NO
1016,5,2026-03-19 04:49:45,2026-03-19 04:50:48,OK,NO
888,8,2026-03-19 04:49:45,2026-03-19 04:50:48,OK,NO
1031,3,2026-03-19 04:49:45,2026-03-19 04:50:48,OK,NO
1029,4,2026-03-19 04:49:45,2026-03-19 04:50:50,OK,NO
1046,1,2026-03-19 04:49:45,2026-03-19 04:50:52,OK,NO
887,10,2026-03-19 04:50:14,2026-03-19 04:51:11,OK,NO
886,12,2026-03-19 04:50:33,2026-03-19 04:51:27,OK,NO
888,9,2026-03-19 04:50:48,2026-03-19 04:51:46,OK,NO
889,7,2026-03-19 04:49:45,2026-03-19 04:51:55,OK,NO
887,11,2026-03-19 04:51:11,2026-03-19 04:52:06,OK,NO
1017,5,2026-03-19 04:51:55,2026-03-19 04:52:48,OK,NO
888,10,2026-03-19 04:51:46,2026-03-19 04:52:48,OK,NO
1030,4,2026-03-19 04:51:55,2026-03-19 04:52:51,OK,NO
1035,2,2026-03-19 04:51:55,2026-03-19 04:52:57,OK,NO
889,8,2026-03-19 04:51:55,2026-03-19 04:52:57,OK,NO
887,12,2026-03-19 04:52:06,2026-03-19 04:53:01,OK,NO
1011,6,2026-03-19 04:51:55,2026-03-19 04:53:02,OK,NO
1032,3,2026-03-19 04:51:55,2026-03-19 04:53:02,OK,NO
1047,1,2026-03-19 04:51:55,2026-03-19 04:53:05,OK,NO
889,9,2026-03-19 04:52:57,2026-03-19 04:53:58,OK,NO
888,11,2026-03-19 04:52:48,2026-03-19 04:54:02,OK,NO
890,7,2026-03-19 04:51:55,2026-03-19 04:54:05,OK,NO
1036,2,2026-03-19 04:54:05,2026-03-19 04:54:52,OK,NO
888,12,2026-03-19 04:54:02,2026-03-19 04:54:57,OK,NO
1033,3,2026-03-19 04:54:05,2026-03-19 04:55:01,OK,NO
1018,5,2026-03-19 04:54:05,2026-03-19 04:55:02,OK,NO
1012,6,2026-03-19 04:54:05,2026-03-19 04:55:08,OK,NO
890,8,2026-03-19 04:54:05,2026-03-19 04:55:11,OK,NO
1048,1,2026-03-19 04:54:05,2026-03-19 04:55:14,OK,NO
1031,4,2026-03-19 04:54:05,2026-03-19 04:55:15,OK,NO
891,7,2026-03-19 04:54:05,2026-03-19 04:56:02,OK,NO
890,9,2026-03-19 04:55:11,2026-03-19 04:56:20,OK,NO
1034,3,2026-03-19 04:56:02,2026-03-19 04:56:55,OK,NO
1037,2,2026-03-19 04:56:02,2026-03-19 04:56:58,OK,NO
1049,1,2026-03-19 04:56:02,2026-03-19 04:57:00,OK,NO
1013,6,2026-03-19 04:56:02,2026-03-19 04:57:05,OK,NO
891,8,2026-03-19 04:56:02,2026-03-19 04:57:06,OK,NO
1019,5,2026-03-19 04:56:02,2026-03-19 04:57:06,OK,NO
1032,4,2026-03-19 04:56:02,2026-03-19 04:57:24,OK,NO
892,7,2026-03-19 04:56:02,2026-03-19 04:57:31,OK,NO
891,9,2026-03-19 04:57:06,2026-03-19 04:57:59,OK,NO
1050,1,2026-03-19 04:57:31,2026-03-19 04:58:25,OK,NO
1038,2,2026-03-19 04:57:31,2026-03-19 04:58:26,OK,NO
1020,5,2026-03-19 04:57:31,2026-03-19 04:58:27,OK,NO
1035,3,2026-03-19 04:57:31,2026-03-19 04:58:27,OK,NO
892,8,2026-03-19 04:57:31,2026-03-19 04:58:36,OK,NO
1033,4,2026-03-19 04:57:31,2026-03-19 04:58:36,OK,NO
1014,6,2026-03-19 04:57:31,2026-03-19 04:58:38,OK,NO
893,7,2026-03-19 04:57:31,2026-03-19 04:59:14,OK,NO
892,9,2026-03-19 04:58:36,2026-03-19 04:59:41,OK,NO
1051,1,2026-03-19 04:59:14,2026-03-19 05:00:05,OK,NO
893,8,2026-03-19 04:59:14,2026-03-19 05:00:07,OK,NO
1036,3,2026-03-19 04:59:14,2026-03-19 05:00:16,OK,NO
1015,6,2026-03-19 04:59:14,2026-03-19 05:00:18,OK,NO
1039,2,2026-03-19 04:59:14,2026-03-19 05:00:19,OK,NO
1021,5,2026-03-19 04:59:14,2026-03-19 05:00:22,OK,NO
1034,4,2026-03-19 04:59:14,2026-03-19 05:00:29,OK,NO
894,7,2026-03-19 04:59:14,2026-03-19 05:01:01,OK,NO
889,10,2026-03-19 05:00:00,2026-03-19 05:01:02,OK,NO
893,9,2026-03-19 05:00:07,2026-03-19 05:01:04,OK,NO
1016,6,2026-03-19 05:01:01,2026-03-19 05:01:54,OK,NO
1022,5,2026-03-19 05:01:01,2026-03-19 05:01:58,OK,NO
1040,2,2026-03-19 05:01:01,2026-03-19 05:02:00,OK,NO
894,8,2026-03-19 05:01:01,2026-03-19 05:02:01,OK,NO
1052,1,2026-03-19 05:01:01,2026-03-19 05:02:03,OK,NO
889,11,2026-03-19 05:01:02,2026-03-19 05:02:03,OK,NO
890,10,2026-03-19 05:01:02,2026-03-19 05:02:06,OK,NO
1037,3,2026-03-19 05:01:01,2026-03-19 05:02:07,OK,NO
1035,4,2026-03-19 05:01:01,2026-03-19 05:02:22,OK,NO
891,10,2026-03-19 05:02:06,2026-03-19 05:02:56,OK,NO
890,11,2026-03-19 05:02:06,2026-03-19 05:03:00,OK,NO
895,7,2026-03-19 05:01:01,2026-03-19 05:03:07,OK,NO
889,12,2026-03-19 05:02:03,2026-03-19 05:03:07,OK,NO
894,9,2026-03-19 05:02:01,2026-03-19 05:03:08,OK,NO
1041,2,2026-03-19 05:03:07,2026-03-19 05:03:55,OK,NO
891,11,2026-03-19 05:03:00,2026-03-19 05:03:58,OK,NO
895,8,2026-03-19 05:03:07,2026-03-19 05:04:04,OK,NO
890,12,2026-03-19 05:03:07,2026-03-19 05:04:05,OK,NO
892,10,2026-03-19 05:02:56,2026-03-19 05:04:06,OK,NO
1038,3,2026-03-19 05:03:07,2026-03-19 05:04:07,OK,NO
1017,6,2026-03-19 05:03:07,2026-03-19 05:04:08,OK,NO
1053,1,2026-03-19 05:03:07,2026-03-19 05:04:12,OK,NO
1023,5,2026-03-19 05:03:07,2026-03-19 05:04:14,OK,NO
1036,4,2026-03-19 05:03:07,2026-03-19 05:04:23,OK,NO
896,7,2026-03-19 05:03:07,2026-03-19 05:04:47,OK,NO
892,11,2026-03-19 05:04:06,2026-03-19 05:05:07,OK,NO
893,10,2026-03-19 05:04:06,2026-03-19 05:05:08,OK,NO
891,12,2026-03-19 05:04:05,2026-03-19 05:05:12,OK,NO
895,9,2026-03-19 05:04:04,2026-03-19 05:05:29,OK,NO
1039,3,2026-03-19 05:04:47,2026-03-19 05:05:41,OK,NO
896,8,2026-03-19 05:04:47,2026-03-19 05:05:42,OK,NO
1037,4,2026-03-19 05:04:47,2026-03-19 05:05:47,OK,NO
1024,5,2026-03-19 05:04:47,2026-03-19 05:05:50,OK,NO
1042,2,2026-03-19 05:04:47,2026-03-19 05:05:51,OK,NO
1054,1,2026-03-19 05:04:47,2026-03-19 05:05:52,OK,NO
1018,6,2026-03-19 05:04:47,2026-03-19 05:05:52,OK,NO
893,11,2026-03-19 05:05:08,2026-03-19 05:06:01,OK,NO
894,10,2026-03-19 05:05:08,2026-03-19 05:06:15,OK,NO
892,12,2026-03-19 05:05:12,2026-03-19 05:06:23,OK,NO
896,9,2026-03-19 05:05:42,2026-03-19 05:06:37,OK,NO
897,7,2026-03-19 05:04:47,2026-03-19 05:06:56,OK,NO
894,11,2026-03-19 05:06:15,2026-03-19 05:07:15,OK,NO
895,10,2026-03-19 05:06:15,2026-03-19 05:07:18,OK,NO
893,12,2026-03-19 05:06:23,2026-03-19 05:07:25,OK,NO
1040,3,2026-03-19 05:06:56,2026-03-19 05:07:51,OK,NO
1043,2,2026-03-19 05:06:56,2026-03-19 05:07:53,OK,NO
1019,6,2026-03-19 05:06:56,2026-03-19 05:07:57,OK,NO
897,8,2026-03-19 05:06:56,2026-03-19 05:07:59,OK,NO
1025,5,2026-03-19 05:06:56,2026-03-19 05:08:01,OK,NO
1055,1,2026-03-19 05:06:56,2026-03-19 05:08:02,OK,NO
895,11,2026-03-19 05:07:18,2026-03-19 05:08:18,OK,NO
1038,4,2026-03-19 05:06:56,2026-03-19 05:08:21,OK,NO
894,12,2026-03-19 05:07:25,2026-03-19 05:08:25,OK,NO
896,10,2026-03-19 05:07:18,2026-03-19 05:08:28,OK,NO
898,7,2026-03-19 05:06:56,2026-03-19 05:08:49,OK,NO
897,9,2026-03-19 05:07:59,2026-03-19 05:08:59,OK,NO
896,11,2026-03-19 05:08:28,2026-03-19 05:09:27,OK,NO
895,12,2026-03-19 05:08:25,2026-03-19 05:09:32,OK,NO
1026,5,2026-03-19 05:08:49,2026-03-19 05:09:44,OK,NO
1039,4,2026-03-19 05:08:49,2026-03-19 05:09:44,OK,NO
1056,1,2026-03-19 05:08:49,2026-03-19 05:09:45,OK,NO
1020,6,2026-03-19 05:08:49,2026-03-19 05:09:48,OK,NO
1044,2,2026-03-19 05:08:49,2026-03-19 05:09:49,OK,NO
1041,3,2026-03-19 05:08:49,2026-03-19 05:09:50,OK,NO
898,8,2026-03-19 05:08:49,2026-03-19 05:09:54,OK,NO
897,10,2026-03-19 05:08:59,2026-03-19 05:09:54,OK,NO
899,7,2026-03-19 05:08:49,2026-03-19 05:10:33,OK,NO
896,12,2026-03-19 05:09:32,2026-03-19 05:10:34,OK,NO
898,9,2026-03-19 05:09:54,2026-03-19 05:10:51,OK,NO
897,11,2026-03-19 05:09:54,2026-03-19 05:10:54,OK,NO
1040,4,2026-03-19 05:10:33,2026-03-19 05:11:21,OK,NO
1057,1,2026-03-19 05:10:33,2026-03-19 05:11:26,OK,NO
1045,2,2026-03-19 05:10:33,2026-03-19 05:11:32,OK,NO
1021,6,2026-03-19 05:10:33,2026-03-19 05:11:33,OK,NO
1042,3,2026-03-19 05:10:33,2026-03-19 05:11:34,OK,NO
899,8,2026-03-19 05:10:33,2026-03-19 05:11:35,OK,NO
1027,5,2026-03-19 05:10:33,2026-03-19 05:11:39,OK,NO
898,10,2026-03-19 05:10:51,2026-03-19 05:11:45,OK,NO
897,12,2026-03-19 05:10:54,2026-03-19 05:11:48,OK,NO
900,7,2026-03-19 05:10:33,2026-03-19 05:12:35,OK,NO
898,11,2026-03-19 05:11:45,2026-03-19 05:12:37,OK,NO
899,9,2026-03-19 05:11:35,2026-03-19 05:12:37,OK,NO
1041,4,2026-03-19 05:12:35,2026-03-19 05:13:20,OK,NO
1022,6,2026-03-19 05:12:35,2026-03-19 05:13:22,OK,NO
1043,3,2026-03-19 05:12:35,2026-03-19 05:13:28,OK,NO
900,8,2026-03-19 05:12:35,2026-03-19 05:13:31,OK,NO
1028,5,2026-03-19 05:12:35,2026-03-19 05:13:31,OK,NO
1058,1,2026-03-19 05:12:35,2026-03-19 05:13:32,OK,NO
898,12,2026-03-19 05:12:37,2026-03-19 05:13:35,OK,NO
1046,2,2026-03-19 05:12:35,2026-03-19 05:13:41,OK,NO
899,10,2026-03-19 05:12:37,2026-03-19 05:13:44,OK,NO
901,7,2026-03-19 05:12:35,2026-03-19 05:14:26,OK,NO
900,9,2026-03-19 05:13:31,2026-03-19 05:14:34,OK,NO
899,11,2026-03-19 05:13:44,2026-03-19 05:14:43,OK,NO
1059,1,2026-03-19 05:14:26,2026-03-19 05:15:20,OK,NO
1023,6,2026-03-19 05:14:26,2026-03-19 05:15:23,OK,NO
1029,5,2026-03-19 05:14:26,2026-03-19 05:15:25,OK,NO
901,8,2026-03-19 05:14:26,2026-03-19 05:15:28,OK,NO
1044,3,2026-03-19 05:14:26,2026-03-19 05:15:30,OK,NO
1042,4,2026-03-19 05:14:26,2026-03-19 05:15:31,OK,NO
1047,2,2026-03-19 05:14:26,2026-03-19 05:15:35,OK,NO
900,10,2026-03-19 05:14:34,2026-03-19 05:15:36,OK,NO
899,12,2026-03-19 05:14:43,2026-03-19 05:15:50,OK,NO
902,7,2026-03-19 05:14:26,2026-03-19 05:16:22,OK,NO
901,9,2026-03-19 05:15:28,2026-03-19 05:16:33,OK,NO
900,11,2026-03-19 05:15:36,2026-03-19 05:16:41,OK,NO
1043,4,2026-03-19 05:16:22,2026-03-19 05:17:05,OK,NO
1045,3,2026-03-19 05:16:22,2026-03-19 05:17:11,OK,NO
1030,5,2026-03-19 05:16:22,2026-03-19 05:17:16,OK,NO
1024,6,2026-03-19 05:16:22,2026-03-19 05:17:19,OK,NO
1048,2,2026-03-19 05:16:22,2026-03-19 05:17:19,OK,NO
1060,1,2026-03-19 05:16:22,2026-03-19 05:17:24,OK,NO
901,10,2026-03-19 05:16:33,2026-03-19 05:17:28,OK,NO
902,8,2026-03-19 05:16:22,2026-03-19 05:17:31,OK,NO
900,12,2026-03-19 05:16:41,2026-03-19 05:17:35,OK,NO
903,7,2026-03-19 05:16:22,2026-03-19 05:18:01,OK,NO
901,11,2026-03-19 05:17:28,2026-03-19 05:18:22,OK,NO
902,9,2026-03-19 05:17:31,2026-03-19 05:18:30,OK,NO
1031,5,2026-03-19 05:18:01,2026-03-19 05:18:55,OK,NO
1049,2,2026-03-19 05:18:01,2026-03-19 05:18:56,OK,NO
1061,1,2026-03-19 05:18:01,2026-03-19 05:19:01,OK,NO
903,8,2026-03-19 05:18:01,2026-03-19 05:19:02,OK,NO
1046,3,2026-03-19 05:18:01,2026-03-19 05:19:04,OK,NO
1025,6,2026-03-19 05:18:01,2026-03-19 05:19:06,OK,NO
902,10,2026-03-19 05:18:30,2026-03-19 05:19:25,OK,NO
901,12,2026-03-19 05:18:22,2026-03-19 05:19:28,OK,NO
1044,4,2026-03-19 05:18:01,2026-03-19 05:19:37,OK,NO
904,7,2026-03-19 05:18:01,2026-03-19 05:20:00,OK,NO
903,9,2026-03-19 05:19:02,2026-03-19 05:20:06,OK,NO
902,11,2026-03-19 05:19:25,2026-03-19 05:20:25,OK,NO
1050,2,2026-03-19 05:20:00,2026-03-19 05:20:52,OK,NO
1062,1,2026-03-19 05:20:00,2026-03-19 05:20:56,OK,NO
1032,5,2026-03-19 05:20:00,2026-03-19 05:20:57,OK,NO
904,8,2026-03-19 05:20:00,2026-03-19 05:21:01,OK,NO
1045,4,2026-03-19 05:20:00,2026-03-19 05:21:02,OK,NO
1047,3,2026-03-19 05:20:00,2026-03-19 05:21:04,OK,NO
903,10,2026-03-19 05:20:06,2026-03-19 05:21:09,OK,NO
1026,6,2026-03-19 05:20:00,2026-03-19 05:21:11,OK,NO
902,12,2026-03-19 05:20:25,2026-03-19 05:21:22,OK,NO
904,9,2026-03-19 05:21:01,2026-03-19 05:22:14,OK,NO
905,7,2026-03-19 05:20:00,2026-03-19 05:22:26,OK,NO
903,11,2026-03-19 05:21:09,2026-03-19 05:22:27,OK,NO
904,10,2026-03-19 05:22:14,2026-03-19 05:23:19,OK,NO
1033,5,2026-03-19 05:22:26,2026-03-19 05:23:23,OK,NO
1027,6,2026-03-19 05:22:26,2026-03-19 05:23:24,OK,NO
1063,1,2026-03-19 05:22:26,2026-03-19 05:23:26,OK,NO
1046,4,2026-03-19 05:22:26,2026-03-19 05:23:28,OK,NO
1051,2,2026-03-19 05:22:26,2026-03-19 05:23:29,OK,NO
903,12,2026-03-19 05:22:27,2026-03-19 05:23:29,OK,NO
1048,3,2026-03-19 05:22:26,2026-03-19 05:23:34,OK,NO
905,8,2026-03-19 05:22:26,2026-03-19 05:23:35,OK,NO
904,11,2026-03-19 05:23:19,2026-03-19 05:24:15,OK,NO
906,7,2026-03-19 05:22:26,2026-03-19 05:24:24,OK,NO
905,9,2026-03-19 05:23:35,2026-03-19 05:24:52,OK,NO
1028,6,2026-03-19 05:24:24,2026-03-19 05:25:15,OK,NO
1034,5,2026-03-19 05:24:24,2026-03-19 05:25:16,OK,NO
1049,3,2026-03-19 05:24:24,2026-03-19 05:25:22,OK,NO
904,12,2026-03-19 05:24:15,2026-03-19 05:25:25,OK,NO
1052,2,2026-03-19 05:24:24,2026-03-19 05:25:27,OK,NO
906,8,2026-03-19 05:24:24,2026-03-19 05:25:27,OK,NO
1064,1,2026-03-19 05:24:24,2026-03-19 05:25:29,OK,NO
1047,4,2026-03-19 05:24:24,2026-03-19 05:25:32,OK,NO
905,10,2026-03-19 05:24:52,2026-03-19 05:25:45,OK,NO
906,9,2026-03-19 05:25:27,2026-03-19 05:26:30,OK,NO
905,11,2026-03-19 05:25:45,2026-03-19 05:26:37,OK,NO
907,7,2026-03-19 05:24:24,2026-03-19 05:27:00,OK,NO
906,10,2026-03-19 05:26:30,2026-03-19 05:27:16,OK,NO
905,12,2026-03-19 05:26:37,2026-03-19 05:27:33,OK,NO
1048,4,2026-03-19 05:27:00,2026-03-19 05:27:56,OK,NO
1065,1,2026-03-19 05:27:00,2026-03-19 05:27:57,OK,NO
907,8,2026-03-19 05:27:00,2026-03-19 05:27:57,OK,NO
1035,5,2026-03-19 05:27:00,2026-03-19 05:28:07,OK,NO
1029,6,2026-03-19 05:27:00,2026-03-19 05:28:08,OK,NO
1050,3,2026-03-19 05:27:00,2026-03-19 05:28:08,OK,NO
1053,2,2026-03-19 05:27:00,2026-03-19 05:28:09,OK,NO
906,11,2026-03-19 05:27:16,2026-03-19 05:28:10,OK,NO
908,7,2026-03-19 05:27:00,2026-03-19 05:28:48,OK,NO
907,9,2026-03-19 05:27:57,2026-03-19 05:29:08,OK,NO
906,12,2026-03-19 05:28:10,2026-03-19 05:29:12,OK,NO
1036,5,2026-03-19 05:28:48,2026-03-19 05:29:40,OK,NO
1049,4,2026-03-19 05:28:48,2026-03-19 05:29:43,OK,NO
1051,3,2026-03-19 05:28:48,2026-03-19 05:29:44,OK,NO
1066,1,2026-03-19 05:28:48,2026-03-19 05:29:47,OK,NO
1030,6,2026-03-19 05:28:48,2026-03-19 05:29:50,OK,NO
1054,2,2026-03-19 05:28:48,2026-03-19 05:29:50,OK,NO
908,8,2026-03-19 05:28:48,2026-03-19 05:29:52,OK,NO
907,10,2026-03-19 05:29:08,2026-03-19 05:30:08,OK,NO
909,7,2026-03-19 05:28:48,2026-03-19 05:30:44,OK,NO
908,9,2026-03-19 05:29:52,2026-03-19 05:30:55,OK,NO
907,11,2026-03-19 05:30:08,2026-03-19 05:31:12,OK,NO
909,8,2026-03-19 05:30:44,2026-03-19 05:31:37,OK,NO
1067,1,2026-03-19 05:30:44,2026-03-19 05:31:41,OK,NO
1052,3,2026-03-19 05:30:44,2026-03-19 05:31:42,OK,NO
1050,4,2026-03-19 05:30:44,2026-03-19 05:31:46,OK,NO
1037,5,2026-03-19 05:30:44,2026-03-19 05:31:47,OK,NO
1031,6,2026-03-19 05:30:44,2026-03-19 05:31:48,OK,NO
1055,2,2026-03-19 05:30:44,2026-03-19 05:31:50,OK,NO
908,10,2026-03-19 05:30:55,2026-03-19 05:31:52,OK,NO
910,7,2026-03-19 05:30:44,2026-03-19 05:32:15,OK,NO
908,11,2026-03-19 05:31:52,2026-03-19 05:32:42,OK,NO
909,9,2026-03-19 05:31:37,2026-03-19 05:32:48,OK,NO
1038,5,2026-03-19 05:32:15,2026-03-19 05:33:06,OK,NO
910,8,2026-03-19 05:32:15,2026-03-19 05:33:11,OK,NO
1068,1,2026-03-19 05:32:15,2026-03-19 05:33:13,OK,NO
1056,2,2026-03-19 05:32:15,2026-03-19 05:33:20,OK,NO
1032,6,2026-03-19 05:32:15,2026-03-19 05:33:24,OK,NO
1053,3,2026-03-19 05:32:15,2026-03-19 05:33:25,OK,NO
1051,4,2026-03-19 05:32:15,2026-03-19 05:33:31,OK,NO
909,10,2026-03-19 05:32:48,2026-03-19 05:33:44,OK,NO
911,7,2026-03-19 05:32:15,2026-03-19 05:34:13,OK,NO
910,9,2026-03-19 05:33:11,2026-03-19 05:34:17,OK,NO
909,11,2026-03-19 05:33:44,2026-03-19 05:34:47,OK,NO
1052,4,2026-03-19 05:34:13,2026-03-19 05:35:07,OK,NO
1033,6,2026-03-19 05:34:13,2026-03-19 05:35:08,OK,NO
911,8,2026-03-19 05:34:13,2026-03-19 05:35:15,OK,NO
1069,1,2026-03-19 05:34:13,2026-03-19 05:35:16,OK,NO
1057,2,2026-03-19 05:34:13,2026-03-19 05:35:17,OK,NO
1054,3,2026-03-19 05:34:13,2026-03-19 05:35:18,OK,NO
1039,5,2026-03-19 05:34:13,2026-03-19 05:35:19,OK,NO
910,10,2026-03-19 05:34:17,2026-03-19 05:35:20,OK,NO
912,7,2026-03-19 05:34:13,2026-03-19 05:35:59,OK,NO
911,9,2026-03-19 05:35:15,2026-03-19 05:36:17,OK,NO
912,8,2026-03-19 05:35:59,2026-03-19 05:36:48,OK,NO
1040,5,2026-03-19 05:35:59,2026-03-19 05:36:55,OK,NO
1034,6,2026-03-19 05:35:59,2026-03-19 05:36:55,OK,NO
1058,2,2026-03-19 05:35:59,2026-03-19 05:36:56,OK,NO
907,12,2026-03-19 05:36:01,2026-03-19 05:36:59,OK,NO
1070,1,2026-03-19 05:35:59,2026-03-19 05:37:01,OK,NO
910,11,2026-03-19 05:36:01,2026-03-19 05:37:08,OK,NO
1055,3,2026-03-19 05:35:59,2026-03-19 05:37:11,OK,NO
911,10,2026-03-19 05:36:17,2026-03-19 05:37:24,OK,NO
913,7,2026-03-19 05:35:59,2026-03-19 05:37:28,OK,NO
1053,4,2026-03-19 05:35:59,2026-03-19 05:37:29,OK,NO
908,12,2026-03-19 05:36:59,2026-03-19 05:37:49,OK,NO
912,9,2026-03-19 05:36:48,2026-03-19 05:37:55,OK,NO
911,11,2026-03-19 05:37:24,2026-03-19 05:38:22,OK,NO
1035,6,2026-03-19 05:37:28,2026-03-19 05:38:24,OK,NO
1071,1,2026-03-19 05:37:29,2026-03-19 05:38:26,OK,NO
1041,5,2026-03-19 05:37:28,2026-03-19 05:38:29,OK,NO
1056,3,2026-03-19 05:37:29,2026-03-19 05:38:33,OK,NO
913,8,2026-03-19 05:37:28,2026-03-19 05:38:36,OK,NO
1059,2,2026-03-19 05:37:29,2026-03-19 05:38:36,OK,NO
1054,4,2026-03-19 05:37:29,2026-03-19 05:38:42,OK,NO
909,12,2026-03-19 05:37:49,2026-03-19 05:38:43,OK,NO
912,10,2026-03-19 05:37:55,2026-03-19 05:38:54,OK,NO
914,7,2026-03-19 05:37:28,2026-03-19 05:39:10,OK,NO
913,9,2026-03-19 05:38:36,2026-03-19 05:39:36,OK,NO
910,12,2026-03-19 05:38:43,2026-03-19 05:39:45,OK,NO
1072,1,2026-03-19 05:39:10,2026-03-19 05:40:00,OK,NO
912,11,2026-03-19 05:38:54,2026-03-19 05:40:01,OK,NO
914,8,2026-03-19 05:39:10,2026-03-19 05:40:02,OK,NO
1055,4,2026-03-19 05:39:10,2026-03-19 05:40:04,OK,NO
1057,3,2026-03-19 05:39:10,2026-03-19 05:40:12,OK,NO
1060,2,2026-03-19 05:39:10,2026-03-19 05:40:15,OK,NO
1036,6,2026-03-19 05:39:10,2026-03-19 05:40:16,OK,NO
1042,5,2026-03-19 05:39:10,2026-03-19 05:40:19,OK,NO
913,10,2026-03-19 05:39:36,2026-03-19 05:40:25,OK,NO
915,7,2026-03-19 05:39:10,2026-03-19 05:40:58,OK,NO
914,9,2026-03-19 05:40:02,2026-03-19 05:41:02,OK,NO
913,11,2026-03-19 05:40:25,2026-03-19 05:41:27,OK,NO
1058,3,2026-03-19 05:40:58,2026-03-19 05:41:47,OK,NO
1073,1,2026-03-19 05:40:58,2026-03-19 05:41:52,OK,NO
1037,6,2026-03-19 05:40:58,2026-03-19 05:41:53,OK,NO
914,10,2026-03-19 05:41:02,2026-03-19 05:41:53,OK,NO
1043,5,2026-03-19 05:40:58,2026-03-19 05:41:55,OK,NO
1061,2,2026-03-19 05:40:58,2026-03-19 05:41:58,OK,NO
911,12,2026-03-19 05:41:01,2026-03-19 05:41:59,OK,NO
1056,4,2026-03-19 05:40:58,2026-03-19 05:42:03,OK,NO
915,8,2026-03-19 05:40:58,2026-03-19 05:42:05,OK,NO
916,7,2026-03-19 05:40:58,2026-03-19 05:42:33,OK,NO
914,11,2026-03-19 05:41:53,2026-03-19 05:42:49,OK,NO
912,12,2026-03-19 05:41:59,2026-03-19 05:43:03,OK,NO
915,9,2026-03-19 05:42:05,2026-03-19 05:43:07,OK,NO
1062,2,2026-03-19 05:42:33,2026-03-19 05:43:26,OK,NO
1038,6,2026-03-19 05:42:33,2026-03-19 05:43:27,OK,NO
1044,5,2026-03-19 05:42:33,2026-03-19 05:43:28,OK,NO
1074,1,2026-03-19 05:42:33,2026-03-19 05:43:30,OK,NO
916,8,2026-03-19 05:42:33,2026-03-19 05:43:32,OK,NO
1057,4,2026-03-19 05:42:33,2026-03-19 05:43:43,OK,NO
1059,3,2026-03-19 05:42:33,2026-03-19 05:43:44,OK,NO
913,12,2026-03-19 05:43:03,2026-03-19 05:43:56,OK,NO
917,7,2026-03-19 05:42:33,2026-03-19 05:44:15,OK,NO
915,10,2026-03-19 05:43:07,2026-03-19 05:44:19,OK,NO
916,9,2026-03-19 05:43:32,2026-03-19 05:44:32,OK,NO
914,12,2026-03-19 05:43:56,2026-03-19 05:44:52,OK,NO
917,8,2026-03-19 05:44:15,2026-03-19 05:45:08,OK,NO
1075,1,2026-03-19 05:44:15,2026-03-19 05:45:13,OK,NO
1045,5,2026-03-19 05:44:15,2026-03-19 05:45:16,OK,NO
1039,6,2026-03-19 05:44:15,2026-03-19 05:45:20,OK,NO
915,11,2026-03-19 05:44:19,2026-03-19 05:45:21,OK,NO
1060,3,2026-03-19 05:44:15,2026-03-19 05:45:23,OK,NO
1063,2,2026-03-19 05:44:15,2026-03-19 05:45:23,OK,NO
1058,4,2026-03-19 05:44:15,2026-03-19 05:45:25,OK,NO
916,10,2026-03-19 05:44:32,2026-03-19 05:45:39,OK,NO
918,7,2026-03-19 05:44:15,2026-03-19 05:45:55,OK,NO
915,12,2026-03-19 05:45:21,2026-03-19 05:46:27,OK,NO
916,11,2026-03-19 05:45:39,2026-03-19 05:46:36,OK,NO
1040,6,2026-03-19 05:45:55,2026-03-19 05:46:51,OK,NO
1046,5,2026-03-19 05:45:55,2026-03-19 05:46:53,OK,NO
1061,3,2026-03-19 05:45:55,2026-03-19 05:46:54,OK,NO
1076,1,2026-03-19 05:45:55,2026-03-19 05:46:55,OK,NO
918,8,2026-03-19 05:45:55,2026-03-19 05:46:56,OK,NO
1064,2,2026-03-19 05:45:55,2026-03-19 05:46:58,OK,NO
1059,4,2026-03-19 05:45:55,2026-03-19 05:47:23,OK,NO
916,12,2026-03-19 05:46:36,2026-03-19 05:47:33,OK,NO
919,7,2026-03-19 05:45:55,2026-03-19 05:47:59,OK,NO
1077,1,2026-03-19 05:47:59,2026-03-19 05:48:52,OK,NO
1047,5,2026-03-19 05:47:59,2026-03-19 05:48:53,OK,NO
919,8,2026-03-19 05:47:59,2026-03-19 05:48:54,OK,NO
1041,6,2026-03-19 05:47:59,2026-03-19 05:48:59,OK,NO
1065,2,2026-03-19 05:47:59,2026-03-19 05:49:04,OK,NO
1060,4,2026-03-19 05:47:59,2026-03-19 05:49:07,OK,NO
1062,3,2026-03-19 05:47:59,2026-03-19 05:49:12,OK,NO
920,7,2026-03-19 05:47:59,2026-03-19 05:50:00,OK,NO
1042,6,2026-03-19 05:50:00,2026-03-19 05:50:56,OK,NO
1066,2,2026-03-19 05:50:00,2026-03-19 05:50:58,OK,NO
1078,1,2026-03-19 05:50:00,2026-03-19 05:51:00,OK,NO
920,8,2026-03-19 05:50:00,2026-03-19 05:51:01,OK,NO
1063,3,2026-03-19 05:50:00,2026-03-19 05:51:03,OK,NO
1048,5,2026-03-19 05:50:00,2026-03-19 05:51:12,OK,NO
1061,4,2026-03-19 05:50:00,2026-03-19 05:51:20,OK,NO
921,7,2026-03-19 05:50:00,2026-03-19 05:52:10,OK,NO
921,8,2026-03-19 05:52:10,2026-03-19 05:53:04,OK,NO
1043,6,2026-03-19 05:52:10,2026-03-19 05:53:07,OK,NO
1049,5,2026-03-19 05:52:10,2026-03-19 05:53:08,OK,NO
1064,3,2026-03-19 05:52:10,2026-03-19 05:53:09,OK,NO
1079,1,2026-03-19 05:52:10,2026-03-19 05:53:12,OK,NO
1062,4,2026-03-19 05:52:10,2026-03-19 05:53:16,OK,NO
1067,2,2026-03-19 05:52:10,2026-03-19 05:53:16,OK,NO
922,7,2026-03-19 05:52:10,2026-03-19 05:54:37,OK,NO
1050,5,2026-03-19 05:54:37,2026-03-19 05:55:28,OK,NO
1065,3,2026-03-19 05:54:37,2026-03-19 05:55:36,OK,NO
1044,6,2026-03-19 05:54:37,2026-03-19 05:55:41,OK,NO
1080,1,2026-03-19 05:54:37,2026-03-19 05:55:42,OK,NO
1068,2,2026-03-19 05:54:37,2026-03-19 05:55:43,OK,NO
1063,4,2026-03-19 05:54:37,2026-03-19 05:55:49,OK,NO
923,7,2026-03-19 05:54:37,2026-03-19 05:56:21,OK,NO
922,8,2026-03-19 05:56:09,2026-03-19 05:57:07,OK,NO
1066,3,2026-03-19 05:56:21,2026-03-19 05:57:09,OK,NO
1051,5,2026-03-19 05:56:21,2026-03-19 05:57:16,OK,NO
1081,1,2026-03-19 05:56:21,2026-03-19 05:57:18,OK,NO
1045,6,2026-03-19 05:56:21,2026-03-19 05:57:19,OK,NO
1064,4,2026-03-19 05:56:21,2026-03-19 05:57:20,OK,NO
917,9,2026-03-19 05:56:09,2026-03-19 05:57:22,OK,NO
1069,2,2026-03-19 05:56:21,2026-03-19 05:57:24,OK,NO
917,10,2026-03-19 05:57:22,2026-03-19 05:58:20,OK,NO
918,9,2026-03-19 05:57:22,2026-03-19 05:58:25,OK,NO
924,7,2026-03-19 05:56:21,2026-03-19 05:58:51,OK,NO
918,10,2026-03-19 05:58:25,2026-03-19 05:59:19,OK,NO
917,11,2026-03-19 05:58:20,2026-03-19 05:59:26,OK,NO
1067,3,2026-03-19 05:58:51,2026-03-19 05:59:46,OK,NO
919,9,2026-03-19 05:58:25,2026-03-19 05:59:47,OK,NO
1046,6,2026-03-19 05:58:51,2026-03-19 05:59:49,OK,NO
1052,5,2026-03-19 05:58:51,2026-03-19 05:59:52,OK,NO
1082,1,2026-03-19 05:58:51,2026-03-19 05:59:53,OK,NO
1070,2,2026-03-19 05:58:51,2026-03-19 05:59:56,OK,NO
1065,4,2026-03-19 05:58:51,2026-03-19 05:59:56,OK,NO
917,12,2026-03-19 05:59:26,2026-03-19 06:00:26,OK,NO
919,10,2026-03-19 05:59:47,2026-03-19 06:00:49,OK,NO
920,9,2026-03-19 05:59:47,2026-03-19 06:00:51,OK,NO
925,7,2026-03-19 05:58:51,2026-03-19 06:00:58,OK,NO
1083,1,2026-03-19 06:00:58,2026-03-19 06:01:47,OK,NO
1047,6,2026-03-19 06:00:58,2026-03-19 06:01:56,OK,NO
920,10,2026-03-19 06:00:51,2026-03-19 06:01:57,OK,NO
1053,5,2026-03-19 06:00:58,2026-03-19 06:01:58,OK,NO
1071,2,2026-03-19 06:00:58,2026-03-19 06:02:00,OK,NO
1068,3,2026-03-19 06:00:58,2026-03-19 06:02:00,OK,NO
1066,4,2026-03-19 06:00:58,2026-03-19 06:02:11,OK,NO
921,9,2026-03-19 06:00:51,2026-03-19 06:02:13,OK,NO
926,7,2026-03-19 06:00:58,2026-03-19 06:03:00,OK,NO
921,10,2026-03-19 06:02:13,2026-03-19 06:03:19,OK,NO
922,9,2026-03-19 06:02:13,2026-03-19 06:03:23,OK,NO
1048,6,2026-03-19 06:03:00,2026-03-19 06:03:47,OK,NO
1072,2,2026-03-19 06:03:00,2026-03-19 06:03:55,OK,NO
1069,3,2026-03-19 06:03:00,2026-03-19 06:03:57,OK,NO
1084,1,2026-03-19 06:03:00,2026-03-19 06:04:00,OK,NO
1054,5,2026-03-19 06:03:00,2026-03-19 06:04:00,OK,NO
1067,4,2026-03-19 06:03:00,2026-03-19 06:04:02,OK,NO
923,8,2026-03-19 06:03:13,2026-03-19 06:04:11,OK,NO
922,10,2026-03-19 06:03:23,2026-03-19 06:04:25,OK,NO
927,7,2026-03-19 06:03:00,2026-03-19 06:04:55,OK,NO
924,8,2026-03-19 06:04:11,2026-03-19 06:05:11,OK,NO
923,9,2026-03-19 06:04:11,2026-03-19 06:05:13,OK,NO
1073,2,2026-03-19 06:04:55,2026-03-19 06:05:50,OK,NO
1068,4,2026-03-19 06:04:55,2026-03-19 06:05:51,OK,NO
1085,1,2026-03-19 06:04:55,2026-03-19 06:05:53,OK,NO
1049,6,2026-03-19 06:04:55,2026-03-19 06:05:54,OK,NO
1070,3,2026-03-19 06:04:55,2026-03-19 06:05:54,OK,NO
1055,5,2026-03-19 06:04:55,2026-03-19 06:05:59,OK,NO
925,8,2026-03-19 06:05:11,2026-03-19 06:06:11,OK,NO
923,10,2026-03-19 06:05:13,2026-03-19 06:06:11,OK,NO
924,9,2026-03-19 06:05:13,2026-03-19 06:06:33,OK,NO
928,7,2026-03-19 06:04:55,2026-03-19 06:06:36,OK,NO
926,8,2026-03-19 06:06:11,2026-03-19 06:07:05,OK,NO
1056,5,2026-03-19 06:06:36,2026-03-19 06:07:26,OK,NO
1050,6,2026-03-19 06:06:36,2026-03-19 06:07:35,OK,NO
1069,4,2026-03-19 06:06:36,2026-03-19 06:07:36,OK,NO
1074,2,2026-03-19 06:06:36,2026-03-19 06:07:36,OK,NO
1086,1,2026-03-19 06:06:36,2026-03-19 06:07:36,OK,NO
1071,3,2026-03-19 06:06:36,2026-03-19 06:07:38,OK,NO
924,10,2026-03-19 06:06:33,2026-03-19 06:07:39,OK,NO
925,9,2026-03-19 06:06:33,2026-03-19 06:07:42,OK,NO
927,8,2026-03-19 06:07:05,2026-03-19 06:07:59,OK,NO
929,7,2026-03-19 06:06:36,2026-03-19 06:08:08,OK,NO
918,11,2026-03-19 06:07:05,2026-03-19 06:08:14,OK,NO
925,10,2026-03-19 06:07:42,2026-03-19 06:08:40,OK,NO
926,9,2026-03-19 06:07:42,2026-03-19 06:08:54,OK,NO
928,8,2026-03-19 06:07:59,2026-03-19 06:08:57,OK,NO
1072,3,2026-03-19 06:08:08,2026-03-19 06:09:05,OK,NO
1057,5,2026-03-19 06:08:08,2026-03-19 06:09:07,OK,NO
1070,4,2026-03-19 06:08:08,2026-03-19 06:09:08,OK,NO
1051,6,2026-03-19 06:08:08,2026-03-19 06:09:09,OK,NO
918,12,2026-03-19 06:08:14,2026-03-19 06:09:11,OK,NO
919,11,2026-03-19 06:08:14,2026-03-19 06:09:25,OK,NO
926,10,2026-03-19 06:08:54,2026-03-19 06:09:56,OK,NO
927,9,2026-03-19 06:08:54,2026-03-19 06:10:00,OK,NO
930,7,2026-03-19 06:08:08,2026-03-19 06:10:17,OK,NO
920,11,2026-03-19 06:09:25,2026-03-19 06:10:21,OK,NO
919,12,2026-03-19 06:09:25,2026-03-19 06:10:26,OK,NO
928,9,2026-03-19 06:10:00,2026-03-19 06:10:57,OK,NO
927,10,2026-03-19 06:10:00,2026-03-19 06:11:04,OK,NO
1052,6,2026-03-19 06:10:17,2026-03-19 06:11:17,OK,NO
1073,3,2026-03-19 06:10:17,2026-03-19 06:11:18,OK,NO
1058,5,2026-03-19 06:10:17,2026-03-19 06:11:21,OK,NO
920,12,2026-03-19 06:10:26,2026-03-19 06:11:23,OK,NO
1071,4,2026-03-19 06:10:17,2026-03-19 06:11:23,OK,NO
921,11,2026-03-19 06:10:21,2026-03-19 06:11:25,OK,NO
931,7,2026-03-19 06:10:17,2026-03-19 06:12:01,OK,NO
928,10,2026-03-19 06:11:04,2026-03-19 06:12:08,OK,NO
922,11,2026-03-19 06:11:25,2026-03-19 06:12:31,OK,NO
921,12,2026-03-19 06:11:25,2026-03-19 06:12:36,OK,NO
1059,5,2026-03-19 06:12:01,2026-03-19 06:12:54,OK,NO
1072,4,2026-03-19 06:12:01,2026-03-19 06:13:04,OK,NO
1053,6,2026-03-19 06:12:01,2026-03-19 06:13:06,OK,NO
1074,3,2026-03-19 06:12:03,2026-03-19 06:13:07,OK,NO
1075,2,2026-03-19 06:12:08,2026-03-19 06:13:08,OK,NO
1087,1,2026-03-19 06:12:08,2026-03-19 06:13:13,OK,NO
929,8,2026-03-19 06:12:31,2026-03-19 06:13:25,OK,NO
923,11,2026-03-19 06:12:31,2026-03-19 06:13:31,OK,NO
922,12,2026-03-19 06:12:36,2026-03-19 06:13:39,OK,NO
1076,2,2026-03-19 06:13:08,2026-03-19 06:14:01,OK,NO
930,8,2026-03-19 06:13:25,2026-03-19 06:14:17,OK,NO
1088,1,2026-03-19 06:13:13,2026-03-19 06:14:18,OK,NO
932,7,2026-03-19 06:12:01,2026-03-19 06:14:28,OK,NO
924,11,2026-03-19 06:13:31,2026-03-19 06:14:30,OK,NO
929,9,2026-03-19 06:13:25,2026-03-19 06:14:31,OK,NO
923,12,2026-03-19 06:13:39,2026-03-19 06:14:32,OK,NO
1077,2,2026-03-19 06:14:01,2026-03-19 06:15:01,OK,NO
1089,1,2026-03-19 06:14:18,2026-03-19 06:15:14,OK,NO
1060,5,2026-03-19 06:14:28,2026-03-19 06:15:24,OK,NO
924,12,2026-03-19 06:14:32,2026-03-19 06:15:24,OK,NO
931,8,2026-03-19 06:14:17,2026-03-19 06:15:25,OK,NO
1054,6,2026-03-19 06:14:28,2026-03-19 06:15:25,OK,NO
1073,4,2026-03-19 06:14:28,2026-03-19 06:15:27,OK,NO
929,10,2026-03-19 06:14:31,2026-03-19 06:15:32,OK,NO
1075,3,2026-03-19 06:14:28,2026-03-19 06:15:34,OK,NO
925,11,2026-03-19 06:14:30,2026-03-19 06:15:35,OK,NO
930,9,2026-03-19 06:14:31,2026-03-19 06:15:41,OK,NO
1090,1,2026-03-19 06:15:14,2026-03-19 06:16:03,OK,NO
1078,2,2026-03-19 06:15:01,2026-03-19 06:16:07,OK,NO
932,8,2026-03-19 06:15:25,2026-03-19 06:16:18,OK,NO
926,11,2026-03-19 06:15:35,2026-03-19 06:16:35,OK,NO
930,10,2026-03-19 06:15:41,2026-03-19 06:16:35,OK,NO
925,12,2026-03-19 06:15:35,2026-03-19 06:16:38,OK,NO
931,9,2026-03-19 06:15:41,2026-03-19 06:16:49,OK,NO
933,7,2026-03-19 06:14:28,2026-03-19 06:16:54,OK,NO
927,11,2026-03-19 06:16:35,2026-03-19 06:17:30,OK,NO
926,12,2026-03-19 06:16:38,2026-03-19 06:17:32,OK,NO
931,10,2026-03-19 06:16:49,2026-03-19 06:17:48,OK,NO
1061,5,2026-03-19 06:16:54,2026-03-19 06:17:49,OK,NO
933,8,2026-03-19 06:16:54,2026-03-19 06:18:00,OK,NO
1055,6,2026-03-19 06:16:54,2026-03-19 06:18:05,OK,NO
1079,2,2026-03-19 06:17:11,2026-03-19 06:18:10,OK,NO
1091,1,2026-03-19 06:17:11,2026-03-19 06:18:10,OK,NO
932,9,2026-03-19 06:16:49,2026-03-19 06:18:10,OK,NO
1076,3,2026-03-19 06:17:11,2026-03-19 06:18:11,OK,NO
1074,4,2026-03-19 06:16:54,2026-03-19 06:18:24,OK,NO
927,12,2026-03-19 06:17:32,2026-03-19 06:18:28,OK,NO
928,11,2026-03-19 06:17:30,2026-03-19 06:18:47,OK,NO
934,7,2026-03-19 06:16:54,2026-03-19 06:18:56,OK,NO
932,10,2026-03-19 06:18:10,2026-03-19 06:19:23,OK,NO
933,9,2026-03-19 06:18:10,2026-03-19 06:19:36,OK,NO
1080,2,2026-03-19 06:18:56,2026-03-19 06:19:47,OK,NO
928,12,2026-03-19 06:18:47,2026-03-19 06:19:48,OK,NO
1062,5,2026-03-19 06:18:56,2026-03-19 06:19:50,OK,NO
1056,6,2026-03-19 06:18:56,2026-03-19 06:19:53,OK,NO
934,8,2026-03-19 06:18:56,2026-03-19 06:19:53,OK,NO
929,11,2026-03-19 06:18:47,2026-03-19 06:19:56,OK,NO
1092,1,2026-03-19 06:18:56,2026-03-19 06:19:57,OK,NO
1075,4,2026-03-19 06:18:56,2026-03-19 06:19:59,OK,NO
1077,3,2026-03-19 06:18:56,2026-03-19 06:20:08,OK,NO
933,10,2026-03-19 06:19:36,2026-03-19 06:20:32,OK,NO
934,9,2026-03-19 06:19:53,2026-03-19 06:20:47,OK,NO
930,11,2026-03-19 06:19:56,2026-03-19 06:20:57,OK,NO
935,7,2026-03-19 06:18:56,2026-03-19 06:21:07,OK,NO
929,12,2026-03-19 06:19:56,2026-03-19 06:21:08,OK,NO
934,10,2026-03-19 06:20:47,2026-03-19 06:21:39,OK,NO
1063,5,2026-03-19 06:21:07,2026-03-19 06:21:59,OK,NO
935,8,2026-03-19 06:21:07,2026-03-19 06:22:04,OK,NO
1057,6,2026-03-19 06:21:07,2026-03-19 06:22:05,OK,NO
931,11,2026-03-19 06:20:57,2026-03-19 06:22:07,OK,NO
1078,3,2026-03-19 06:21:07,2026-03-19 06:22:08,OK,NO
930,12,2026-03-19 06:21:08,2026-03-19 06:22:10,OK,NO
1076,4,2026-03-19 06:21:07,2026-03-19 06:22:46,OK,NO
932,11,2026-03-19 06:22:07,2026-03-19 06:22:59,OK,NO
931,12,2026-03-19 06:22:10,2026-03-19 06:23:04,OK,NO
935,9,2026-03-19 06:22:04,2026-03-19 06:23:30,OK,NO
936,7,2026-03-19 06:21:07,2026-03-19 06:23:38,OK,NO
933,11,2026-03-19 06:22:59,2026-03-19 06:23:55,OK,NO
932,12,2026-03-19 06:23:04,2026-03-19 06:24:09,OK,NO
1079,3,2026-03-19 06:23:38,2026-03-19 06:24:32,OK,NO
936,8,2026-03-19 06:23:38,2026-03-19 06:24:35,OK,NO
1077,4,2026-03-19 06:23:38,2026-03-19 06:24:38,OK,NO
1058,6,2026-03-19 06:23:38,2026-03-19 06:24:39,OK,NO
935,10,2026-03-19 06:23:30,2026-03-19 06:24:40,OK,NO
1064,5,2026-03-19 06:23:38,2026-03-19 06:24:42,OK,NO
934,11,2026-03-19 06:23:55,2026-03-19 06:25:01,OK,NO
933,12,2026-03-19 06:24:09,2026-03-19 06:25:05,OK,NO
937,7,2026-03-19 06:23:38,2026-03-19 06:25:46,OK,NO
1093,1,2026-03-19 06:24:54,2026-03-19 06:25:53,OK,NO
936,9,2026-03-19 06:24:35,2026-03-19 06:25:55,OK,NO
935,11,2026-03-19 06:25:01,2026-03-19 06:25:58,OK,NO
1081,2,2026-03-19 06:24:54,2026-03-19 06:26:01,OK,NO
934,12,2026-03-19 06:25:05,2026-03-19 06:26:01,OK,NO
1078,4,2026-03-19 06:25:46,2026-03-19 06:26:41,OK,NO
1065,5,2026-03-19 06:25:46,2026-03-19 06:26:44,OK,NO
1059,6,2026-03-19 06:25:46,2026-03-19 06:26:45,OK,NO
937,8,2026-03-19 06:25:46,2026-03-19 06:26:47,OK,NO
1080,3,2026-03-19 06:25:46,2026-03-19 06:26:52,OK,NO
936,10,2026-03-19 06:25:55,2026-03-19 06:26:59,OK,NO
1082,2,2026-03-19 06:26:01,2026-03-19 06:27:05,OK,NO
1094,1,2026-03-19 06:26:01,2026-03-19 06:27:06,OK,NO
935,12,2026-03-19 06:26:01,2026-03-19 06:27:06,OK,NO
938,7,2026-03-19 06:25:46,2026-03-19 06:27:30,OK,NO
936,11,2026-03-19 06:26:59,2026-03-19 06:27:54,OK,NO
1095,1,2026-03-19 06:27:06,2026-03-19 06:28:03,OK,NO
1083,2,2026-03-19 06:27:05,2026-03-19 06:28:04,OK,NO
937,9,2026-03-19 06:26:47,2026-03-19 06:28:06,OK,NO
1060,6,2026-03-19 06:27:30,2026-03-19 06:28:22,OK,NO
1081,3,2026-03-19 06:27:30,2026-03-19 06:28:26,OK,NO
1066,5,2026-03-19 06:27:30,2026-03-19 06:28:30,OK,NO
938,8,2026-03-19 06:27:30,2026-03-19 06:28:33,OK,NO
1079,4,2026-03-19 06:27:30,2026-03-19 06:28:40,OK,NO
936,12,2026-03-19 06:27:54,2026-03-19 06:28:56,OK,NO
1084,2,2026-03-19 06:28:04,2026-03-19 06:29:00,OK,NO
937,10,2026-03-19 06:28:06,2026-03-19 06:29:03,OK,NO
1096,1,2026-03-19 06:28:04,2026-03-19 06:29:03,OK,NO
939,7,2026-03-19 06:27:30,2026-03-19 06:29:22,OK,NO
938,9,2026-03-19 06:28:33,2026-03-19 06:29:34,OK,NO
1061,6,2026-03-19 06:29:22,2026-03-19 06:30:13,OK,NO
937,11,2026-03-19 06:29:03,2026-03-19 06:30:16,OK,NO
1082,3,2026-03-19 06:29:22,2026-03-19 06:30:19,OK,NO
939,8,2026-03-19 06:29:22,2026-03-19 06:30:19,OK,NO
1067,5,2026-03-19 06:29:22,2026-03-19 06:30:19,OK,NO
1097,1,2026-03-19 06:29:22,2026-03-19 06:30:22,OK,NO
1085,2,2026-03-19 06:29:22,2026-03-19 06:30:23,OK,NO
938,10,2026-03-19 06:29:34,2026-03-19 06:30:38,OK,NO
1080,4,2026-03-19 06:29:22,2026-03-19 06:30:50,OK,NO
940,7,2026-03-19 06:29:22,2026-03-19 06:31:15,OK,NO
937,12,2026-03-19 06:30:16,2026-03-19 06:31:19,OK,NO
939,9,2026-03-19 06:30:19,2026-03-19 06:31:26,OK,NO
938,11,2026-03-19 06:30:38,2026-03-19 06:31:36,OK,NO
1086,2,2026-03-19 06:31:15,2026-03-19 06:32:04,OK,NO
1098,1,2026-03-19 06:31:15,2026-03-19 06:32:12,OK,NO
1083,3,2026-03-19 06:31:15,2026-03-19 06:32:14,OK,NO
940,8,2026-03-19 06:31:15,2026-03-19 06:32:20,OK,NO
1068,5,2026-03-19 06:31:15,2026-03-19 06:32:21,OK,NO
1081,4,2026-03-19 06:31:15,2026-03-19 06:32:24,OK,NO
1062,6,2026-03-19 06:31:15,2026-03-19 06:32:25,OK,NO
939,10,2026-03-19 06:31:26,2026-03-19 06:32:26,OK,NO
938,12,2026-03-19 06:31:36,2026-03-19 06:32:39,OK,NO
940,9,2026-03-19 06:32:20,2026-03-19 06:33:17,OK,NO
941,7,2026-03-19 06:31:15,2026-03-19 06:33:20,OK,NO
939,11,2026-03-19 06:32:26,2026-03-19 06:33:32,OK,NO
1084,3,2026-03-19 06:33:20,2026-03-19 06:34:12,OK,NO
1087,2,2026-03-19 06:33:20,2026-03-19 06:34:14,OK,NO
940,10,2026-03-19 06:33:17,2026-03-19 06:34:16,OK,NO
941,8,2026-03-19 06:33:20,2026-03-19 06:34:18,OK,NO
1099,1,2026-03-19 06:33:20,2026-03-19 06:34:19,OK,NO
1069,5,2026-03-19 06:33:20,2026-03-19 06:34:25,OK,NO
1063,6,2026-03-19 06:33:20,2026-03-19 06:34:26,OK,NO
1082,4,2026-03-19 06:33:20,2026-03-19 06:34:28,OK,NO
939,12,2026-03-19 06:33:32,2026-03-19 06:34:39,OK,NO
942,7,2026-03-19 06:33:20,2026-03-19 06:35:13,OK,NO
940,11,2026-03-19 06:34:16,2026-03-19 06:35:14,OK,NO
941,9,2026-03-19 06:34:18,2026-03-19 06:35:26,OK,NO
1064,6,2026-03-19 06:35:13,2026-03-19 06:36:07,OK,NO
1085,3,2026-03-19 06:35:13,2026-03-19 06:36:08,OK,NO
1070,5,2026-03-19 06:35:13,2026-03-19 06:36:10,OK,NO
1100,1,2026-03-19 06:35:13,2026-03-19 06:36:12,OK,NO
940,12,2026-03-19 06:35:14,2026-03-19 06:36:12,OK,NO
1088,2,2026-03-19 06:35:13,2026-03-19 06:36:13,OK,NO
1083,4,2026-03-19 06:35:13,2026-03-19 06:36:18,OK,NO
942,8,2026-03-19 06:35:13,2026-03-19 06:36:18,OK,NO
941,10,2026-03-19 06:35:26,2026-03-19 06:36:23,OK,NO
943,7,2026-03-19 06:35:13,2026-03-19 06:37:01,OK,NO
942,9,2026-03-19 06:36:18,2026-03-19 06:37:15,OK,NO
941,11,2026-03-19 06:36:23,2026-03-19 06:37:22,OK,NO
1084,4,2026-03-19 06:37:01,2026-03-19 06:37:53,OK,NO
943,8,2026-03-19 06:37:01,2026-03-19 06:37:56,OK,NO
1101,1,2026-03-19 06:37:01,2026-03-19 06:37:58,OK,NO
1086,3,2026-03-19 06:37:01,2026-03-19 06:37:58,OK,NO
1089,2,2026-03-19 06:37:01,2026-03-19 06:38:01,OK,NO
1071,5,2026-03-19 06:37:01,2026-03-19 06:38:02,OK,NO
1065,6,2026-03-19 06:37:01,2026-03-19 06:38:04,OK,NO
942,10,2026-03-19 06:37:15,2026-03-19 06:38:10,OK,NO
941,12,2026-03-19 06:37:22,2026-03-19 06:38:18,OK,NO
944,7,2026-03-19 06:37:01,2026-03-19 06:38:34,OK,NO
943,9,2026-03-19 06:37:56,2026-03-19 06:38:53,OK,NO
942,11,2026-03-19 06:38:10,2026-03-19 06:39:20,OK,NO
1085,4,2026-03-19 06:38:34,2026-03-19 06:39:27,OK,NO
1072,5,2026-03-19 06:38:34,2026-03-19 06:39:27,OK,NO
1087,3,2026-03-19 06:38:34,2026-03-19 06:39:27,OK,NO
1102,1,2026-03-19 06:38:34,2026-03-19 06:39:31,OK,NO
944,8,2026-03-19 06:38:34,2026-03-19 06:39:32,OK,NO
1066,6,2026-03-19 06:38:34,2026-03-19 06:39:34,OK,NO
1090,2,2026-03-19 06:38:34,2026-03-19 06:39:44,OK,NO
943,10,2026-03-19 06:38:53,2026-03-19 06:39:47,OK,NO
944,9,2026-03-19 06:39:32,2026-03-19 06:40:27,OK,NO
945,7,2026-03-19 06:38:34,2026-03-19 06:40:29,OK,NO
943,11,2026-03-19 06:39:47,2026-03-19 06:40:51,OK,NO
1091,2,2026-03-19 06:40:29,2026-03-19 06:41:22,OK,NO
1067,6,2026-03-19 06:40:29,2026-03-19 06:41:24,OK,NO
944,10,2026-03-19 06:40:27,2026-03-19 06:41:28,OK,NO
1103,1,2026-03-19 06:40:29,2026-03-19 06:41:29,OK,NO
1086,4,2026-03-19 06:40:29,2026-03-19 06:41:29,OK,NO
1073,5,2026-03-19 06:40:29,2026-03-19 06:41:32,OK,NO
1088,3,2026-03-19 06:40:29,2026-03-19 06:41:32,OK,NO
945,8,2026-03-19 06:40:29,2026-03-19 06:41:35,OK,NO
944,11,2026-03-19 06:41:28,2026-03-19 06:42:26,OK,NO
946,7,2026-03-19 06:40:29,2026-03-19 06:42:29,OK,NO
945,9,2026-03-19 06:41:35,2026-03-19 06:42:35,OK,NO
1104,1,2026-03-19 06:42:29,2026-03-19 06:43:25,OK,NO
1068,6,2026-03-19 06:42:29,2026-03-19 06:43:26,OK,NO
1087,4,2026-03-19 06:42:29,2026-03-19 06:43:33,OK,NO
1092,2,2026-03-19 06:42:29,2026-03-19 06:43:34,OK,NO
1089,3,2026-03-19 06:42:29,2026-03-19 06:43:35,OK,NO
946,8,2026-03-19 06:42:29,2026-03-19 06:43:37,OK,NO
945,10,2026-03-19 06:42:35,2026-03-19 06:43:40,OK,NO
1074,5,2026-03-19 06:42:29,2026-03-19 06:43:40,OK,NO
947,7,2026-03-19 06:42:29,2026-03-19 06:44:45,OK,NO
946,9,2026-03-19 06:43:37,2026-03-19 06:44:53,OK,NO
947,8,2026-03-19 06:44:45,2026-03-19 06:45:41,OK,NO
1069,6,2026-03-19 06:44:45,2026-03-19 06:45:48,OK,NO
946,10,2026-03-19 06:44:53,2026-03-19 06:45:57,OK,NO
948,7,2026-03-19 06:44:45,2026-03-19 06:46:31,OK,NO
947,9,2026-03-19 06:45:41,2026-03-19 06:46:58,OK,NO
1070,6,2026-03-19 06:46:31,2026-03-19 06:47:32,OK,NO
948,8,2026-03-19 06:46:31,2026-03-19 06:47:38,OK,NO
947,10,2026-03-19 06:46:58,2026-03-19 06:48:04,OK,NO
949,7,2026-03-19 06:46:31,2026-03-19 06:48:22,OK,NO
948,9,2026-03-19 06:47:38,2026-03-19 06:48:36,OK,NO
949,8,2026-03-19 06:48:22,2026-03-19 06:49:14,OK,NO
1071,6,2026-03-19 06:48:22,2026-03-19 06:49:24,OK,NO
948,10,2026-03-19 06:48:36,2026-03-19 06:49:36,OK,NO
950,7,2026-03-19 06:48:22,2026-03-19 06:50:01,OK,NO
949,9,2026-03-19 06:49:14,2026-03-19 06:50:05,OK,NO
950,8,2026-03-19 06:50:01,2026-03-19 06:51:03,OK,NO
949,10,2026-03-19 06:50:05,2026-03-19 06:51:07,OK,NO
1072,6,2026-03-19 06:50:01,2026-03-19 06:51:08,OK,NO
950,9,2026-03-19 06:51:03,2026-03-19 06:52:13,OK,NO
951,7,2026-03-19 06:50:01,2026-03-19 06:52:17,OK,NO
951,8,2026-03-19 06:52:17,2026-03-19 06:53:08,OK,NO
1073,6,2026-03-19 06:52:17,2026-03-19 06:53:11,OK,NO
950,10,2026-03-19 06:52:13,2026-03-19 06:53:13,OK,NO
1075,5,2026-03-19 06:53:09,2026-03-19 06:54:06,OK,NO
1093,2,2026-03-19 06:53:09,2026-03-19 06:54:08,OK,NO
1105,1,2026-03-19 06:53:13,2026-03-19 06:54:09,OK,NO
1090,3,2026-03-19 06:53:09,2026-03-19 06:54:13,OK,NO
1088,4,2026-03-19 06:53:09,2026-03-19 06:54:14,OK,NO
952,7,2026-03-19 06:52:17,2026-03-19 06:54:21,OK,NO
951,9,2026-03-19 06:53:08,2026-03-19 06:54:22,OK,NO
1076,5,2026-03-19 06:54:06,2026-03-19 06:55:03,OK,NO
951,10,2026-03-19 06:54:22,2026-03-19 06:55:11,OK,NO
1106,1,2026-03-19 06:54:14,2026-03-19 06:55:13,OK,NO
1094,2,2026-03-19 06:54:14,2026-03-19 06:55:20,OK,NO
1091,3,2026-03-19 06:54:14,2026-03-19 06:55:21,OK,NO
952,8,2026-03-19 06:54:21,2026-03-19 06:55:22,OK,NO
1074,6,2026-03-19 06:54:21,2026-03-19 06:55:26,OK,NO
1089,4,2026-03-19 06:54:14,2026-03-19 06:55:39,OK,NO
945,11,2026-03-19 06:55:00,2026-03-19 06:55:52,OK,NO
942,12,2026-03-19 06:55:00,2026-03-19 06:55:55,OK,NO
1077,5,2026-03-19 06:55:03,2026-03-19 06:55:59,OK,NO
952,9,2026-03-19 06:55:22,2026-03-19 06:56:30,OK,NO
1092,3,2026-03-19 06:55:39,2026-03-19 06:56:38,OK,NO
1095,2,2026-03-19 06:55:39,2026-03-19 06:56:38,OK,NO
1107,1,2026-03-19 06:55:39,2026-03-19 06:56:42,OK,NO
1090,4,2026-03-19 06:55:39,2026-03-19 06:56:46,OK,NO
953,7,2026-03-19 06:54:21,2026-03-19 06:56:46,OK,NO
943,12,2026-03-19 06:55:55,2026-03-19 06:56:50,OK,NO
946,11,2026-03-19 06:55:55,2026-03-19 06:56:54,OK,NO
1078,5,2026-03-19 06:55:59,2026-03-19 06:57:01,OK,NO
952,10,2026-03-19 06:56:30,2026-03-19 06:57:25,OK,NO
944,12,2026-03-19 06:56:50,2026-03-19 06:57:43,OK,NO
953,8,2026-03-19 06:56:46,2026-03-19 06:57:44,OK,NO
1096,2,2026-03-19 06:56:46,2026-03-19 06:57:46,OK,NO
1093,3,2026-03-19 06:56:46,2026-03-19 06:57:49,OK,NO
1075,6,2026-03-19 06:56:46,2026-03-19 06:57:53,OK,NO
1108,1,2026-03-19 06:56:46,2026-03-19 06:57:54,OK,NO
947,11,2026-03-19 06:56:54,2026-03-19 06:57:59,OK,NO
1091,4,2026-03-19 06:56:46,2026-03-19 06:58:02,OK,NO
1079,5,2026-03-19 06:57:01,2026-03-19 06:58:07,OK,NO
954,7,2026-03-19 06:56:46,2026-03-19 06:58:27,OK,NO
945,12,2026-03-19 06:57:43,2026-03-19 06:58:44,OK,NO
953,9,2026-03-19 06:57:44,2026-03-19 06:58:57,OK,NO
1094,3,2026-03-19 06:58:02,2026-03-19 06:59:05,OK,NO
1080,5,2026-03-19 06:58:07,2026-03-19 06:59:08,OK,NO
948,11,2026-03-19 06:57:59,2026-03-19 06:59:09,OK,NO
1097,2,2026-03-19 06:58:02,2026-03-19 06:59:11,OK,NO
1109,1,2026-03-19 06:58:02,2026-03-19 06:59:11,OK,NO
1092,4,2026-03-19 06:58:02,2026-03-19 06:59:15,OK,NO
954,8,2026-03-19 06:58:27,2026-03-19 06:59:22,OK,NO
946,12,2026-03-19 06:58:44,2026-03-19 06:59:45,OK,NO
955,7,2026-03-19 06:58:27,2026-03-19 06:59:53,OK,NO
1081,5,2026-03-19 06:59:08,2026-03-19 06:59:55,OK,NO
953,10,2026-03-19 06:58:57,2026-03-19 06:59:59,OK,NO
949,11,2026-03-19 06:59:09,2026-03-19 07:00:05,OK,NO
1098,2,2026-03-19 06:59:15,2026-03-19 07:00:11,OK,NO
1095,3,2026-03-19 06:59:15,2026-03-19 07:00:11,OK,NO
1093,4,2026-03-19 06:59:15,2026-03-19 07:00:16,OK,NO
1110,1,2026-03-19 06:59:15,2026-03-19 07:00:17,OK,NO
954,9,2026-03-19 06:59:22,2026-03-19 07:00:22,OK,NO
947,12,2026-03-19 06:59:45,2026-03-19 07:00:51,OK,NO
955,8,2026-03-19 06:59:53,2026-03-19 07:00:52,OK,NO
950,11,2026-03-19 07:00:05,2026-03-19 07:00:55,OK,NO
1099,2,2026-03-19 07:00:16,2026-03-19 07:01:10,OK,NO
1111,1,2026-03-19 07:00:17,2026-03-19 07:01:21,OK,NO
1096,3,2026-03-19 07:00:16,2026-03-19 07:01:21,OK,NO
954,10,2026-03-19 07:00:22,2026-03-19 07:01:26,OK,NO
1094,4,2026-03-19 07:00:16,2026-03-19 07:01:31,OK,NO
948,12,2026-03-19 07:00:51,2026-03-19 07:01:50,OK,NO
955,9,2026-03-19 07:00:52,2026-03-19 07:01:53,OK,NO
956,7,2026-03-19 06:59:53,2026-03-19 07:01:57,OK,NO
949,12,2026-03-19 07:01:50,2026-03-19 07:02:45,OK,NO
956,8,2026-03-19 07:01:57,2026-03-19 07:02:54,OK,NO
951,11,2026-03-19 07:01:56,2026-03-19 07:02:55,OK,NO
955,10,2026-03-19 07:01:53,2026-03-19 07:03:00,OK,NO
950,12,2026-03-19 07:02:45,2026-03-19 07:03:52,OK,NO
956,9,2026-03-19 07:02:54,2026-03-19 07:04:01,OK,NO
952,11,2026-03-19 07:02:55,2026-03-19 07:04:02,OK,NO
957,7,2026-03-19 07:01:57,2026-03-19 07:04:38,OK,NO
956,10,2026-03-19 07:04:01,2026-03-19 07:04:53,OK,NO
951,12,2026-03-19 07:03:52,2026-03-19 07:04:56,OK,NO
953,11,2026-03-19 07:04:02,2026-03-19 07:05:05,OK,NO
957,8,2026-03-19 07:04:38,2026-03-19 07:05:40,OK,NO
952,12,2026-03-19 07:04:56,2026-03-19 07:05:51,OK,NO
954,11,2026-03-19 07:05:05,2026-03-19 07:06:04,OK,NO
958,7,2026-03-19 07:04:38,2026-03-19 07:06:15,OK,NO
953,12,2026-03-19 07:05:51,2026-03-19 07:06:48,OK,NO
957,9,2026-03-19 07:05:40,2026-03-19 07:06:50,OK,NO
955,11,2026-03-19 07:06:04,2026-03-19 07:06:56,OK,NO
1076,6,2026-03-19 07:06:10,2026-03-19 07:07:04,OK,NO
958,8,2026-03-19 07:06:15,2026-03-19 07:07:11,OK,NO
954,12,2026-03-19 07:06:48,2026-03-19 07:07:47,OK,NO
957,10,2026-03-19 07:06:50,2026-03-19 07:07:57,OK,NO
956,11,2026-03-19 07:06:56,2026-03-19 07:07:58,OK,NO
958,9,2026-03-19 07:07:11,2026-03-19 07:08:01,OK,NO
1077,6,2026-03-19 07:07:04,2026-03-19 07:08:02,OK,NO
959,7,2026-03-19 07:06:15,2026-03-19 07:08:19,OK,NO
955,12,2026-03-19 07:07:47,2026-03-19 07:08:49,OK,NO
958,10,2026-03-19 07:08:01,2026-03-19 07:08:55,OK,NO
1078,6,2026-03-19 07:08:02,2026-03-19 07:08:56,OK,NO
957,11,2026-03-19 07:07:58,2026-03-19 07:09:05,OK,NO
956,12,2026-03-19 07:08:49,2026-03-19 07:09:48,OK,NO
960,7,2026-03-19 07:08:19,2026-03-19 07:09:49,OK,NO
1079,6,2026-03-19 07:08:56,2026-03-19 07:09:56,OK,NO
1082,5,2026-03-19 07:09:14,2026-03-19 07:10:04,OK,NO
958,11,2026-03-19 07:09:05,2026-03-19 07:10:08,OK,NO
1097,3,2026-03-19 07:09:14,2026-03-19 07:10:17,OK,NO
1095,4,2026-03-19 07:09:14,2026-03-19 07:10:18,OK,NO
957,12,2026-03-19 07:09:48,2026-03-19 07:10:46,OK,NO
1080,6,2026-03-19 07:09:56,2026-03-19 07:10:57,OK,NO
1083,5,2026-03-19 07:10:04,2026-03-19 07:11:01,OK,NO
1098,3,2026-03-19 07:10:18,2026-03-19 07:11:13,OK,NO
1096,4,2026-03-19 07:10:18,2026-03-19 07:11:24,OK,NO
1081,6,2026-03-19 07:10:57,2026-03-19 07:11:52,OK,NO
1084,5,2026-03-19 07:11:01,2026-03-19 07:11:53,OK,NO
958,12,2026-03-19 07:10:46,2026-03-19 07:11:55,OK,NO
961,7,2026-03-19 07:09:49,2026-03-19 07:12:19,OK,NO
1099,3,2026-03-19 07:11:24,2026-03-19 07:12:26,OK,NO
1097,4,2026-03-19 07:11:24,2026-03-19 07:12:26,OK,NO
1082,6,2026-03-19 07:11:52,2026-03-19 07:12:49,OK,NO
1085,5,2026-03-19 07:11:53,2026-03-19 07:13:03,OK,NO
1098,4,2026-03-19 07:12:26,2026-03-19 07:13:25,OK,NO
1083,6,2026-03-19 07:12:49,2026-03-19 07:13:45,OK,NO
1086,5,2026-03-19 07:13:03,2026-03-19 07:13:59,OK,NO
962,7,2026-03-19 07:12:19,2026-03-19 07:14:04,OK,NO
1099,4,2026-03-19 07:13:25,2026-03-19 07:14:42,OK,NO
1087,5,2026-03-19 07:13:59,2026-03-19 07:15:10,OK,NO
1084,6,2026-03-19 07:14:04,2026-03-19 07:15:10,OK,NO
963,7,2026-03-19 07:14:04,2026-03-19 07:16:00,OK,NO
1088,5,2026-03-19 07:15:10,2026-03-19 07:16:07,OK,NO
1089,5,2026-03-19 07:16:07,2026-03-19 07:17:05,OK,NO
1090,5,2026-03-19 07:17:05,2026-03-19 07:17:55,OK,NO
959,8,2026-03-19 07:18:37,2026-03-19 07:19:33,OK,NO
1085,6,2026-03-19 07:18:37,2026-03-19 07:19:35,OK,NO
1091,5,2026-03-19 07:18:37,2026-03-19 07:19:40,OK,NO
964,7,2026-03-19 07:18:37,2026-03-19 07:20:22,OK,NO
959,9,2026-03-19 07:19:33,2026-03-19 07:20:30,OK,NO
960,8,2026-03-19 07:19:33,2026-03-19 07:20:42,OK,NO
1092,5,2026-03-19 07:20:22,2026-03-19 07:21:17,OK,NO
959,10,2026-03-19 07:20:30,2026-03-19 07:21:29,OK,NO
1086,6,2026-03-19 07:20:22,2026-03-19 07:21:30,OK,NO
960,9,2026-03-19 07:20:42,2026-03-19 07:21:45,OK,NO
961,8,2026-03-19 07:20:42,2026-03-19 07:21:46,OK,NO
959,11,2026-03-19 07:21:29,2026-03-19 07:22:29,OK,NO
960,10,2026-03-19 07:21:45,2026-03-19 07:22:40,OK,NO
962,8,2026-03-19 07:21:46,2026-03-19 07:22:51,OK,NO
965,7,2026-03-19 07:20:22,2026-03-19 07:22:52,OK,NO
961,9,2026-03-19 07:21:46,2026-03-19 07:23:05,OK,NO
959,12,2026-03-19 07:22:29,2026-03-19 07:23:29,OK,NO
963,8,2026-03-19 07:22:51,2026-03-19 07:23:38,OK,NO
960,11,2026-03-19 07:22:40,2026-03-19 07:23:41,OK,NO
1087,6,2026-03-19 07:22:52,2026-03-19 07:23:48,OK,NO
1093,5,2026-03-19 07:22:52,2026-03-19 07:23:51,OK,NO
962,9,2026-03-19 07:23:05,2026-03-19 07:24:04,OK,NO
961,10,2026-03-19 07:23:05,2026-03-19 07:24:10,OK,NO
966,7,2026-03-19 07:22:52,2026-03-19 07:24:19,OK,NO
964,8,2026-03-19 07:23:38,2026-03-19 07:24:45,OK,NO
960,12,2026-03-19 07:23:41,2026-03-19 07:24:46,OK,NO
961,11,2026-03-19 07:24:10,2026-03-19 07:24:59,OK,NO
963,9,2026-03-19 07:24:04,2026-03-19 07:25:02,OK,NO
962,10,2026-03-19 07:24:10,2026-03-19 07:25:06,OK,NO
1088,6,2026-03-19 07:24:19,2026-03-19 07:25:18,OK,NO
1094,5,2026-03-19 07:24:19,2026-03-19 07:25:25,OK,NO
965,8,2026-03-19 07:24:45,2026-03-19 07:25:42,OK,NO
967,7,2026-03-19 07:24:19,2026-03-19 07:25:58,OK,NO
963,10,2026-03-19 07:25:06,2026-03-19 07:25:59,OK,NO
961,12,2026-03-19 07:24:59,2026-03-19 07:26:02,OK,NO
962,11,2026-03-19 07:25:06,2026-03-19 07:26:15,OK,NO
966,8,2026-03-19 07:25:42,2026-03-19 07:26:36,OK,NO
1095,5,2026-03-19 07:25:58,2026-03-19 07:26:55,OK,NO
1089,6,2026-03-19 07:25:58,2026-03-19 07:26:57,OK,NO
1100,2,2026-03-19 07:25:57,2026-03-19 07:27:02,OK,NO
963,11,2026-03-19 07:26:15,2026-03-19 07:27:13,OK,NO
962,12,2026-03-19 07:26:15,2026-03-19 07:27:14,OK,NO
1112,1,2026-03-19 07:26:29,2026-03-19 07:27:25,OK,NO
967,8,2026-03-19 07:26:36,2026-03-19 07:27:46,OK,NO
968,7,2026-03-19 07:25:58,2026-03-19 07:27:54,OK,NO
1101,2,2026-03-19 07:27:02,2026-03-19 07:28:00,OK,NO
1100,3,2026-03-19 07:27:02,2026-03-19 07:28:05,OK,NO
963,12,2026-03-19 07:27:14,2026-03-19 07:28:13,OK,NO
1113,1,2026-03-19 07:27:25,2026-03-19 07:28:22,OK,NO
1090,6,2026-03-19 07:27:54,2026-03-19 07:28:45,OK,NO
968,8,2026-03-19 07:27:54,2026-03-19 07:28:48,OK,NO
1096,5,2026-03-19 07:27:54,2026-03-19 07:28:56,OK,NO
1102,2,2026-03-19 07:28:00,2026-03-19 07:29:01,OK,NO
1101,3,2026-03-19 07:28:05,2026-03-19 07:29:07,OK,NO
1100,4,2026-03-19 07:28:05,2026-03-19 07:29:10,OK,NO
1114,1,2026-03-19 07:28:22,2026-03-19 07:29:20,OK,NO
1103,2,2026-03-19 07:29:01,2026-03-19 07:29:51,OK,NO
969,7,2026-03-19 07:27:54,2026-03-19 07:29:59,OK,NO
1102,3,2026-03-19 07:29:07,2026-03-19 07:30:09,OK,NO
1101,4,2026-03-19 07:29:10,2026-03-19 07:30:18,OK,NO
1115,1,2026-03-19 07:29:20,2026-03-19 07:30:23,OK,NO
1091,6,2026-03-19 07:29:59,2026-03-19 07:30:50,OK,NO
1104,2,2026-03-19 07:29:51,2026-03-19 07:30:54,OK,NO
1097,5,2026-03-19 07:29:59,2026-03-19 07:31:03,OK,NO
1103,3,2026-03-19 07:30:09,2026-03-19 07:31:11,OK,NO
1116,1,2026-03-19 07:30:23,2026-03-19 07:31:18,OK,NO
1102,4,2026-03-19 07:30:18,2026-03-19 07:31:21,OK,NO
1105,2,2026-03-19 07:30:54,2026-03-19 07:31:55,OK,NO
970,7,2026-03-19 07:29:59,2026-03-19 07:31:58,OK,NO
1117,1,2026-03-19 07:31:18,2026-03-19 07:32:16,OK,NO
1104,3,2026-03-19 07:31:11,2026-03-19 07:32:17,OK,NO
1103,4,2026-03-19 07:31:21,2026-03-19 07:32:46,OK,NO
1106,2,2026-03-19 07:31:55,2026-03-19 07:32:49,OK,NO
1092,6,2026-03-19 07:31:58,2026-03-19 07:32:56,OK,NO
1098,5,2026-03-19 07:31:58,2026-03-19 07:33:04,OK,NO
1118,1,2026-03-19 07:32:16,2026-03-19 07:33:17,OK,NO
1105,3,2026-03-19 07:32:17,2026-03-19 07:33:24,OK,NO
1107,2,2026-03-19 07:32:49,2026-03-19 07:33:41,OK,NO
971,7,2026-03-19 07:31:58,2026-03-19 07:33:42,OK,NO
1104,4,2026-03-19 07:32:46,2026-03-19 07:34:04,OK,NO
1119,1,2026-03-19 07:33:17,2026-03-19 07:34:11,OK,NO
1106,3,2026-03-19 07:33:24,2026-03-19 07:34:11,OK,NO
1099,5,2026-03-19 07:33:42,2026-03-19 07:34:45,OK,NO
1108,2,2026-03-19 07:33:41,2026-03-19 07:34:49,OK,NO
1093,6,2026-03-19 07:33:42,2026-03-19 07:34:52,OK,NO
1107,3,2026-03-19 07:34:11,2026-03-19 07:35:06,OK,NO
1120,1,2026-03-19 07:34:11,2026-03-19 07:35:15,OK,NO
1105,4,2026-03-19 07:34:04,2026-03-19 07:35:28,OK,NO
972,7,2026-03-19 07:33:42,2026-03-19 07:35:31,OK,NO
1109,2,2026-03-19 07:34:49,2026-03-19 07:35:49,OK,NO
1121,1,2026-03-19 07:35:15,2026-03-19 07:36:12,OK,NO
1108,3,2026-03-19 07:35:28,2026-03-19 07:36:28,OK,NO
1094,6,2026-03-19 07:35:31,2026-03-19 07:36:29,OK,NO
1100,5,2026-03-19 07:35:31,2026-03-19 07:36:38,OK,NO
1106,4,2026-03-19 07:35:28,2026-03-19 07:36:45,OK,NO
1110,2,2026-03-19 07:35:49,2026-03-19 07:36:51,OK,NO
973,7,2026-03-19 07:35:31,2026-03-19 07:37:11,OK,NO
1122,1,2026-03-19 07:36:12,2026-03-19 07:37:13,OK,NO
1109,3,2026-03-19 07:36:45,2026-03-19 07:37:47,OK,NO
1107,4,2026-03-19 07:36:45,2026-03-19 07:37:56,OK,NO
1111,2,2026-03-19 07:36:51,2026-03-19 07:38:04,OK,NO
1123,1,2026-03-19 07:37:13,2026-03-19 07:38:11,OK,NO
1110,3,2026-03-19 07:37:56,2026-03-19 07:38:51,OK,NO
1108,4,2026-03-19 07:37:56,2026-03-19 07:38:54,OK,NO
1112,2,2026-03-19 07:38:04,2026-03-19 07:39:02,OK,NO
1124,1,2026-03-19 07:38:11,2026-03-19 07:39:20,OK,NO
1111,3,2026-03-19 07:38:54,2026-03-19 07:39:49,OK,NO
1109,4,2026-03-19 07:38:54,2026-03-19 07:39:49,OK,NO
1113,2,2026-03-19 07:39:02,2026-03-19 07:40:11,OK,NO
1125,1,2026-03-19 07:39:20,2026-03-19 07:40:15,OK,NO
1112,3,2026-03-19 07:39:49,2026-03-19 07:40:49,OK,NO
1101,5,2026-03-19 07:40:14,2026-03-19 07:41:08,OK,NO
1095,6,2026-03-19 07:40:14,2026-03-19 07:41:10,OK,NO
1110,4,2026-03-19 07:39:49,2026-03-19 07:41:10,OK,NO
964,9,2026-03-19 07:40:14,2026-03-19 07:41:11,OK,NO
969,8,2026-03-19 07:40:14,2026-03-19 07:41:12,OK,NO
1114,2,2026-03-19 07:40:11,2026-03-19 07:41:14,OK,NO
1126,1,2026-03-19 07:40:15,2026-03-19 07:41:21,OK,NO
964,10,2026-03-19 07:41:11,2026-03-19 07:42:08,OK,NO
1113,3,2026-03-19 07:41:10,2026-03-19 07:42:09,OK,NO
1115,2,2026-03-19 07:41:14,2026-03-19 07:42:09,OK,NO
970,8,2026-03-19 07:41:12,2026-03-19 07:42:12,OK,NO
974,7,2026-03-19 07:40:14,2026-03-19 07:42:18,OK,NO
965,9,2026-03-19 07:41:11,2026-03-19 07:42:24,OK,NO
1127,1,2026-03-19 07:41:21,2026-03-19 07:42:28,OK,NO
1111,4,2026-03-19 07:41:10,2026-03-19 07:42:49,OK,NO
1116,2,2026-03-19 07:42:09,2026-03-19 07:43:05,OK,NO
964,11,2026-03-19 07:42:08,2026-03-19 07:43:12,OK,NO
1096,6,2026-03-19 07:42:18,2026-03-19 07:43:14,OK,NO
971,8,2026-03-19 07:42:24,2026-03-19 07:43:16,OK,NO
966,9,2026-03-19 07:42:24,2026-03-19 07:43:22,OK,NO
1102,5,2026-03-19 07:42:18,2026-03-19 07:43:23,OK,NO
1128,1,2026-03-19 07:42:28,2026-03-19 07:43:27,OK,NO
1112,4,2026-03-19 07:42:49,2026-03-19 07:43:48,OK,NO
1114,3,2026-03-19 07:42:49,2026-03-19 07:43:49,OK,NO
975,7,2026-03-19 07:42:18,2026-03-19 07:44:02,OK,NO
964,12,2026-03-19 07:43:12,2026-03-19 07:44:15,OK,NO
1117,2,2026-03-19 07:43:05,2026-03-19 07:44:16,OK,NO
972,8,2026-03-19 07:43:22,2026-03-19 07:44:18,OK,NO
1129,1,2026-03-19 07:43:27,2026-03-19 07:44:32,OK,NO
967,9,2026-03-19 07:43:22,2026-03-19 07:44:33,OK,NO
1113,4,2026-03-19 07:43:48,2026-03-19 07:44:49,OK,NO
1103,5,2026-03-19 07:44:02,2026-03-19 07:44:55,OK,NO
1115,3,2026-03-19 07:43:49,2026-03-19 07:44:59,OK,NO
1097,6,2026-03-19 07:44:02,2026-03-19 07:45:05,OK,NO
965,10,2026-03-19 07:44:12,2026-03-19 07:45:10,OK,NO
1118,2,2026-03-19 07:44:16,2026-03-19 07:45:12,OK,NO
1130,1,2026-03-19 07:44:32,2026-03-19 07:45:25,OK,NO
973,8,2026-03-19 07:44:33,2026-03-19 07:45:36,OK,NO
968,9,2026-03-19 07:44:33,2026-03-19 07:45:40,OK,NO
1114,4,2026-03-19 07:44:49,2026-03-19 07:45:52,OK,NO
1116,3,2026-03-19 07:44:59,2026-03-19 07:46:00,OK,NO
976,7,2026-03-19 07:44:02,2026-03-19 07:46:02,OK,NO
1119,2,2026-03-19 07:45:12,2026-03-19 07:46:03,OK,NO
965,11,2026-03-19 07:45:10,2026-03-19 07:46:07,OK,NO
966,10,2026-03-19 07:45:10,2026-03-19 07:46:16,OK,NO
1131,1,2026-03-19 07:45:25,2026-03-19 07:46:21,OK,NO
974,8,2026-03-19 07:45:40,2026-03-19 07:46:40,OK,NO
1115,4,2026-03-19 07:45:52,2026-03-19 07:46:47,OK,NO
969,9,2026-03-19 07:45:40,2026-03-19 07:46:53,OK,NO
1120,2,2026-03-19 07:46:03,2026-03-19 07:46:56,OK,NO
1117,3,2026-03-19 07:46:00,2026-03-19 07:46:56,OK,NO
1104,5,2026-03-19 07:46:02,2026-03-19 07:46:59,OK,NO
965,12,2026-03-19 07:46:07,2026-03-19 07:46:59,OK,NO
1098,6,2026-03-19 07:46:02,2026-03-19 07:47:03,OK,NO
1132,1,2026-03-19 07:46:21,2026-03-19 07:47:18,OK,NO
967,10,2026-03-19 07:46:16,2026-03-19 07:47:19,OK,NO
966,11,2026-03-19 07:46:16,2026-03-19 07:47:23,OK,NO
1121,2,2026-03-19 07:46:56,2026-03-19 07:47:44,OK,NO
1116,4,2026-03-19 07:46:47,2026-03-19 07:47:45,OK,NO
977,7,2026-03-19 07:46:02,2026-03-19 07:47:46,OK,NO
1118,3,2026-03-19 07:46:56,2026-03-19 07:47:55,OK,NO
975,8,2026-03-19 07:46:53,2026-03-19 07:47:56,OK,NO
970,9,2026-03-19 07:46:53,2026-03-19 07:48:06,OK,NO
967,11,2026-03-19 07:47:23,2026-03-19 07:48:18,OK,NO
966,12,2026-03-19 07:47:23,2026-03-19 07:48:20,OK,NO
1133,1,2026-03-19 07:47:18,2026-03-19 07:48:23,OK,NO
968,10,2026-03-19 07:47:19,2026-03-19 07:48:28,OK,NO
1105,5,2026-03-19 07:47:46,2026-03-19 07:48:36,OK,NO
1122,2,2026-03-19 07:47:55,2026-03-19 07:48:44,OK,NO
1117,4,2026-03-19 07:47:45,2026-03-19 07:48:45,OK,NO
1099,6,2026-03-19 07:47:46,2026-03-19 07:48:47,OK,NO
1119,3,2026-03-19 07:47:55,2026-03-19 07:48:56,OK,NO
971,9,2026-03-19 07:48:06,2026-03-19 07:49:06,OK,NO
976,8,2026-03-19 07:48:06,2026-03-19 07:49:08,OK,NO
967,12,2026-03-19 07:48:20,2026-03-19 07:49:22,OK,NO
1134,1,2026-03-19 07:48:23,2026-03-19 07:49:22,OK,NO
969,10,2026-03-19 07:48:28,2026-03-19 07:49:36,OK,NO
1120,3,2026-03-19 07:48:56,2026-03-19 07:49:48,OK,NO
1123,2,2026-03-19 07:48:56,2026-03-19 07:49:51,OK,NO
1118,4,2026-03-19 07:48:45,2026-03-19 07:50:03,OK,NO
972,9,2026-03-19 07:49:06,2026-03-19 07:50:03,OK,NO
977,8,2026-03-19 07:49:08,2026-03-19 07:50:16,OK,NO
1135,1,2026-03-19 07:49:22,2026-03-19 07:50:17,OK,NO
978,7,2026-03-19 07:47:46,2026-03-19 07:50:24,OK,NO
970,10,2026-03-19 07:49:36,2026-03-19 07:50:28,OK,NO
973,9,2026-03-19 07:50:03,2026-03-19 07:50:57,OK,NO
968,11,2026-03-19 07:49:52,2026-03-19 07:50:58,OK,NO
978,8,2026-03-19 07:50:24,2026-03-19 07:51:19,OK,NO
1100,6,2026-03-19 07:50:24,2026-03-19 07:51:20,OK,NO
1136,1,2026-03-19 07:50:24,2026-03-19 07:51:24,OK,NO
1106,5,2026-03-19 07:50:24,2026-03-19 07:51:26,OK,NO
1124,2,2026-03-19 07:50:24,2026-03-19 07:51:26,OK,NO
971,10,2026-03-19 07:50:28,2026-03-19 07:51:27,OK,NO
1121,3,2026-03-19 07:50:24,2026-03-19 07:51:27,OK,NO
1119,4,2026-03-19 07:50:24,2026-03-19 07:51:34,OK,NO
969,11,2026-03-19 07:50:58,2026-03-19 07:51:54,OK,NO
974,9,2026-03-19 07:50:57,2026-03-19 07:51:58,OK,NO
968,12,2026-03-19 07:50:58,2026-03-19 07:52:00,OK,NO
972,10,2026-03-19 07:51:27,2026-03-19 07:52:13,OK,NO
979,7,2026-03-19 07:50:24,2026-03-19 07:52:22,OK,NO
969,12,2026-03-19 07:52:00,2026-03-19 07:52:57,OK,NO
970,11,2026-03-19 07:51:54,2026-03-19 07:53:00,OK,NO
975,9,2026-03-19 07:51:58,2026-03-19 07:53:06,OK,NO
1125,2,2026-03-19 07:52:22,2026-03-19 07:53:12,OK,NO
973,10,2026-03-19 07:52:13,2026-03-19 07:53:12,OK,NO
1107,5,2026-03-19 07:52:22,2026-03-19 07:53:13,OK,NO
1122,3,2026-03-19 07:52:22,2026-03-19 07:53:19,OK,NO
1137,1,2026-03-19 07:52:22,2026-03-19 07:53:21,OK,NO
1120,4,2026-03-19 07:52:22,2026-03-19 07:53:25,OK,NO
979,8,2026-03-19 07:52:22,2026-03-19 07:53:28,OK,NO
1101,6,2026-03-19 07:52:22,2026-03-19 07:53:28,OK,NO
970,12,2026-03-19 07:53:00,2026-03-19 07:53:58,OK,NO
971,11,2026-03-19 07:53:00,2026-03-19 07:54:02,OK,NO
976,9,2026-03-19 07:53:06,2026-03-19 07:54:03,OK,NO
974,10,2026-03-19 07:53:12,2026-03-19 07:54:04,OK,NO
980,7,2026-03-19 07:52:22,2026-03-19 07:54:04,OK,NO
1126,2,2026-03-19 07:54:04,2026-03-19 07:54:53,OK,NO
1138,1,2026-03-19 07:54:04,2026-03-19 07:54:56,OK,NO
972,11,2026-03-19 07:54:02,2026-03-19 07:54:58,OK,NO
971,12,2026-03-19 07:54:02,2026-03-19 07:54:58,OK,NO
1121,4,2026-03-19 07:54:04,2026-03-19 07:54:58,OK,NO
1108,5,2026-03-19 07:54:04,2026-03-19 07:54:59,OK,NO
1123,3,2026-03-19 07:54:04,2026-03-19 07:55:00,OK,NO
977,9,2026-03-19 07:54:03,2026-03-19 07:55:01,OK,NO
980,8,2026-03-19 07:54:04,2026-03-19 07:55:02,OK,NO
1102,6,2026-03-19 07:54:04,2026-03-19 07:55:03,OK,NO
975,10,2026-03-19 07:54:04,2026-03-19 07:55:09,OK,NO
981,7,2026-03-19 07:54:04,2026-03-19 07:55:51,OK,NO
973,11,2026-03-19 07:54:58,2026-03-19 07:56:02,OK,NO
972,12,2026-03-19 07:54:58,2026-03-19 07:56:03,OK,NO
976,10,2026-03-19 07:55:09,2026-03-19 07:56:04,OK,NO
978,9,2026-03-19 07:55:01,2026-03-19 07:56:07,OK,NO
1127,2,2026-03-19 07:55:51,2026-03-19 07:56:41,OK,NO
1109,5,2026-03-19 07:55:51,2026-03-19 07:56:42,OK,NO
1139,1,2026-03-19 07:55:51,2026-03-19 07:56:44,OK,NO
981,8,2026-03-19 07:55:51,2026-03-19 07:56:50,OK,NO
1124,3,2026-03-19 07:55:51,2026-03-19 07:56:51,OK,NO
974,11,2026-03-19 07:56:02,2026-03-19 07:56:55,OK,NO
1103,6,2026-03-19 07:55:51,2026-03-19 07:56:57,OK,NO
1122,4,2026-03-19 07:55:51,2026-03-19 07:57:04,OK,NO
977,10,2026-03-19 07:56:04,2026-03-19 07:57:05,OK,NO
973,12,2026-03-19 07:56:03,2026-03-19 07:57:09,OK,NO
979,9,2026-03-19 07:56:07,2026-03-19 07:57:10,OK,NO
975,11,2026-03-19 07:56:55,2026-03-19 07:57:55,OK,NO
980,9,2026-03-19 07:57:10,2026-03-19 07:58:05,OK,NO
974,12,2026-03-19 07:57:09,2026-03-19 07:58:09,OK,NO
978,10,2026-03-19 07:57:05,2026-03-19 07:58:10,OK,NO
982,7,2026-03-19 07:55:51,2026-03-19 07:58:14,OK,NO
976,11,2026-03-19 07:57:55,2026-03-19 07:58:45,OK,NO
1125,3,2026-03-19 07:58:14,2026-03-19 07:59:05,OK,NO
979,10,2026-03-19 07:58:10,2026-03-19 07:59:05,OK,NO
982,8,2026-03-19 07:58:14,2026-03-19 07:59:07,OK,NO
1104,6,2026-03-19 07:58:14,2026-03-19 07:59:09,OK,NO
975,12,2026-03-19 07:58:09,2026-03-19 07:59:09,OK,NO
981,9,2026-03-19 07:58:05,2026-03-19 07:59:12,OK,NO
1128,2,2026-03-19 07:58:14,2026-03-19 07:59:12,OK,NO
1140,1,2026-03-19 07:58:14,2026-03-19 07:59:13,OK,NO
1110,5,2026-03-19 07:58:14,2026-03-19 07:59:21,OK,NO
1123,4,2026-03-19 07:58:14,2026-03-19 07:59:26,OK,NO
977,11,2026-03-19 07:58:45,2026-03-19 07:59:35,OK,NO
976,12,2026-03-19 07:59:09,2026-03-19 08:00:09,OK,NO
980,10,2026-03-19 07:59:05,2026-03-19 08:00:15,OK,NO
982,9,2026-03-19 07:59:12,2026-03-19 08:00:30,OK,NO
978,11,2026-03-19 07:59:35,2026-03-19 08:00:34,OK,NO
983,7,2026-03-19 07:58:14,2026-03-19 08:00:50,OK,NO
977,12,2026-03-19 08:00:09,2026-03-19 08:01:19,OK,NO
981,10,2026-03-19 08:00:15,2026-03-19 08:01:27,OK,NO
979,11,2026-03-19 08:00:34,2026-03-19 08:01:33,OK,NO
1126,3,2026-03-19 08:00:50,2026-03-19 08:01:43,OK,NO
1105,6,2026-03-19 08:00:50,2026-03-19 08:01:45,OK,NO
1111,5,2026-03-19 08:00:50,2026-03-19 08:01:47,OK,NO
983,8,2026-03-19 08:00:50,2026-03-19 08:01:48,OK,NO
1124,4,2026-03-19 08:00:50,2026-03-19 08:01:49,OK,NO
1129,2,2026-03-19 08:00:50,2026-03-19 08:01:56,OK,NO
1141,1,2026-03-19 08:00:50,2026-03-19 08:01:56,OK,NO
982,10,2026-03-19 08:01:27,2026-03-19 08:02:23,OK,NO
978,12,2026-03-19 08:01:19,2026-03-19 08:02:27,OK,NO
984,7,2026-03-19 08:00:50,2026-03-19 08:02:29,OK,NO
980,11,2026-03-19 08:01:33,2026-03-19 08:02:31,OK,NO
983,9,2026-03-19 08:01:48,2026-03-19 08:03:03,OK,NO
1112,5,2026-03-19 08:02:29,2026-03-19 08:03:17,OK,NO
1127,3,2026-03-19 08:02:29,2026-03-19 08:03:20,OK,NO
1142,1,2026-03-19 08:02:29,2026-03-19 08:03:25,OK,NO
979,12,2026-03-19 08:02:27,2026-03-19 08:03:26,OK,NO
1125,4,2026-03-19 08:02:29,2026-03-19 08:03:30,OK,NO
984,8,2026-03-19 08:02:29,2026-03-19 08:03:31,OK,NO
1130,2,2026-03-19 08:02:29,2026-03-19 08:03:33,OK,NO
981,11,2026-03-19 08:02:31,2026-03-19 08:03:34,OK,NO
1106,6,2026-03-19 08:02:29,2026-03-19 08:03:34,OK,NO
983,10,2026-03-19 08:03:03,2026-03-19 08:04:05,OK,NO
980,12,2026-03-19 08:03:26,2026-03-19 08:04:25,OK,NO
984,9,2026-03-19 08:03:31,2026-03-19 08:04:31,OK,NO
982,11,2026-03-19 08:03:34,2026-03-19 08:04:32,OK,NO
985,7,2026-03-19 08:02:29,2026-03-19 08:04:48,OK,NO
981,12,2026-03-19 08:04:25,2026-03-19 08:05:20,OK,NO
983,11,2026-03-19 08:04:32,2026-03-19 08:05:24,OK,NO
984,10,2026-03-19 08:04:31,2026-03-19 08:05:25,OK,NO
1107,6,2026-03-19 08:04:48,2026-03-19 08:05:40,OK,NO
1128,3,2026-03-19 08:04:48,2026-03-19 08:05:41,OK,NO
1143,1,2026-03-19 08:04:48,2026-03-19 08:05:50,OK,NO
1131,2,2026-03-19 08:04:48,2026-03-19 08:05:51,OK,NO
985,8,2026-03-19 08:04:48,2026-03-19 08:05:52,OK,NO
1126,4,2026-03-19 08:04:48,2026-03-19 08:05:52,OK,NO
1113,5,2026-03-19 08:04:48,2026-03-19 08:05:52,OK,NO
982,12,2026-03-19 08:05:20,2026-03-19 08:06:23,OK,NO
984,11,2026-03-19 08:05:25,2026-03-19 08:06:31,OK,NO
986,7,2026-03-19 08:04:48,2026-03-19 08:06:36,OK,NO
985,9,2026-03-19 08:05:52,2026-03-19 08:07:00,OK,NO
983,12,2026-03-19 08:06:23,2026-03-19 08:07:16,OK,NO
1129,3,2026-03-19 08:06:36,2026-03-19 08:07:27,OK,NO
1132,2,2026-03-19 08:06:36,2026-03-19 08:07:27,OK,NO
1114,5,2026-03-19 08:06:36,2026-03-19 08:07:27,OK,NO
1144,1,2026-03-19 08:06:36,2026-03-19 08:07:33,OK,NO
1127,4,2026-03-19 08:06:36,2026-03-19 08:07:42,OK,NO
1108,6,2026-03-19 08:06:36,2026-03-19 08:07:45,OK,NO
986,8,2026-03-19 08:06:36,2026-03-19 08:07:45,OK,NO
985,10,2026-03-19 08:07:00,2026-03-19 08:07:59,OK,NO
984,12,2026-03-19 08:07:16,2026-03-19 08:08:21,OK,NO
987,7,2026-03-19 08:06:36,2026-03-19 08:08:34,OK,NO
986,9,2026-03-19 08:07:45,2026-03-19 08:08:48,OK,NO
985,11,2026-03-19 08:07:59,2026-03-19 08:09:06,OK,NO
1115,5,2026-03-19 08:08:34,2026-03-19 08:09:31,OK,NO
987,8,2026-03-19 08:08:34,2026-03-19 08:09:32,OK,NO
1109,6,2026-03-19 08:08:34,2026-03-19 08:09:36,OK,NO
986,10,2026-03-19 08:08:48,2026-03-19 08:09:44,OK,NO
985,12,2026-03-19 08:09:06,2026-03-19 08:10:06,OK,NO
988,7,2026-03-19 08:08:34,2026-03-19 08:10:24,OK,NO
986,11,2026-03-19 08:09:44,2026-03-19 08:10:44,OK,NO
987,9,2026-03-19 08:09:32,2026-03-19 08:10:55,OK,NO
1116,5,2026-03-19 08:10:24,2026-03-19 08:11:20,OK,NO
1110,6,2026-03-19 08:10:24,2026-03-19 08:11:21,OK,NO
988,8,2026-03-19 08:10:24,2026-03-19 08:11:25,OK,NO
986,12,2026-03-19 08:10:44,2026-03-19 08:11:40,OK,NO
987,10,2026-03-19 08:10:55,2026-03-19 08:11:54,OK,NO
989,7,2026-03-19 08:10:24,2026-03-19 08:12:14,OK,NO
988,9,2026-03-19 08:11:25,2026-03-19 08:12:33,OK,NO
987,11,2026-03-19 08:11:54,2026-03-19 08:12:47,OK,NO
1117,5,2026-03-19 08:12:14,2026-03-19 08:13:13,OK,NO
989,8,2026-03-19 08:12:14,2026-03-19 08:13:17,OK,NO
1111,6,2026-03-19 08:12:14,2026-03-19 08:13:17,OK,NO
988,10,2026-03-19 08:12:33,2026-03-19 08:13:26,OK,NO
987,12,2026-03-19 08:12:47,2026-03-19 08:13:43,OK,NO
990,7,2026-03-19 08:12:14,2026-03-19 08:14:06,OK,NO
989,9,2026-03-19 08:13:17,2026-03-19 08:14:11,OK,NO
988,11,2026-03-19 08:13:26,2026-03-19 08:14:16,OK,NO
990,8,2026-03-19 08:14:06,2026-03-19 08:15:01,OK,NO
1118,5,2026-03-19 08:14:06,2026-03-19 08:15:02,OK,NO
988,12,2026-03-19 08:14:16,2026-03-19 08:15:02,OK,NO
1112,6,2026-03-19 08:14:06,2026-03-19 08:15:11,OK,NO
989,10,2026-03-19 08:14:11,2026-03-19 08:15:11,OK,NO
991,7,2026-03-19 08:14:06,2026-03-19 08:16:02,OK,NO
990,9,2026-03-19 08:15:01,2026-03-19 08:16:06,OK,NO
989,11,2026-03-19 08:15:11,2026-03-19 08:16:18,OK,NO
1130,3,2026-03-19 08:15:23,2026-03-19 08:16:23,OK,NO
1133,2,2026-03-19 08:15:23,2026-03-19 08:16:24,OK,NO
1128,4,2026-03-19 08:15:23,2026-03-19 08:16:26,OK,NO
1113,6,2026-03-19 08:16:02,2026-03-19 08:17:04,OK,NO
1119,5,2026-03-19 08:16:02,2026-03-19 08:17:04,OK,NO
991,8,2026-03-19 08:16:02,2026-03-19 08:17:05,OK,NO
990,10,2026-03-19 08:16:06,2026-03-19 08:17:11,OK,NO
989,12,2026-03-19 08:16:18,2026-03-19 08:17:23,OK,NO
1134,2,2026-03-19 08:16:26,2026-03-19 08:17:24,OK,NO
1131,3,2026-03-19 08:16:26,2026-03-19 08:17:28,OK,NO
1129,4,2026-03-19 08:16:26,2026-03-19 08:17:32,OK,NO
991,9,2026-03-19 08:17:05,2026-03-19 08:17:58,OK,NO
990,11,2026-03-19 08:17:11,2026-03-19 08:18:18,OK,NO
992,7,2026-03-19 08:16:02,2026-03-19 08:18:18,OK,NO
1132,3,2026-03-19 08:17:32,2026-03-19 08:18:26,OK,NO
1135,2,2026-03-19 08:17:32,2026-03-19 08:18:33,OK,NO
1130,4,2026-03-19 08:17:32,2026-03-19 08:18:40,OK,NO
991,10,2026-03-19 08:17:58,2026-03-19 08:18:53,OK,NO
990,12,2026-03-19 08:18:18,2026-03-19 08:19:17,OK,NO
992,8,2026-03-19 08:18:18,2026-03-19 08:19:21,OK,NO
1120,5,2026-03-19 08:18:18,2026-03-19 08:19:24,OK,NO
1114,6,2026-03-19 08:18:18,2026-03-19 08:19:25,OK,NO
1136,2,2026-03-19 08:18:40,2026-03-19 08:19:41,OK,NO
1133,3,2026-03-19 08:18:40,2026-03-19 08:19:47,OK,NO
1131,4,2026-03-19 08:18:40,2026-03-19 08:19:55,OK,NO
991,11,2026-03-19 08:18:53,2026-03-19 08:19:59,OK,NO
993,7,2026-03-19 08:18:18,2026-03-19 08:20:18,OK,NO
1134,3,2026-03-19 08:19:55,2026-03-19 08:20:47,OK,NO
1137,2,2026-03-19 08:19:55,2026-03-19 08:20:57,OK,NO
1132,4,2026-03-19 08:19:55,2026-03-19 08:20:59,OK,NO
991,12,2026-03-19 08:19:59,2026-03-19 08:21:00,OK,NO
1115,6,2026-03-19 08:20:18,2026-03-19 08:21:13,OK,NO
1121,5,2026-03-19 08:20:18,2026-03-19 08:21:14,OK,NO
993,8,2026-03-19 08:20:18,2026-03-19 08:21:15,OK,NO
1133,4,2026-03-19 08:20:59,2026-03-19 08:21:57,OK,NO
1138,2,2026-03-19 08:20:59,2026-03-19 08:22:02,OK,NO
1135,3,2026-03-19 08:20:59,2026-03-19 08:22:04,OK,NO
992,9,2026-03-19 08:20:44,2026-03-19 08:22:05,OK,NO
994,7,2026-03-19 08:20:18,2026-03-19 08:22:08,OK,NO
1145,1,2026-03-19 08:21:19,2026-03-19 08:22:26,OK,NO
1139,2,2026-03-19 08:22:04,2026-03-19 08:22:52,OK,NO
992,10,2026-03-19 08:22:05,2026-03-19 08:22:58,OK,NO
1134,4,2026-03-19 08:21:57,2026-03-19 08:23:03,OK,NO
993,9,2026-03-19 08:22:05,2026-03-19 08:23:03,OK,NO
1136,3,2026-03-19 08:22:04,2026-03-19 08:23:05,OK,NO
1116,6,2026-03-19 08:22:08,2026-03-19 08:23:11,OK,NO
994,8,2026-03-19 08:22:08,2026-03-19 08:23:14,OK,NO
1122,5,2026-03-19 08:22:08,2026-03-19 08:23:15,OK,NO
1146,1,2026-03-19 08:22:26,2026-03-19 08:23:17,OK,NO
1137,3,2026-03-19 08:23:05,2026-03-19 08:23:59,OK,NO
993,10,2026-03-19 08:23:03,2026-03-19 08:24:00,OK,NO
992,11,2026-03-19 08:22:58,2026-03-19 08:24:03,OK,NO
995,7,2026-03-19 08:22:08,2026-03-19 08:24:05,OK,NO
1140,2,2026-03-19 08:23:05,2026-03-19 08:24:12,OK,NO
994,9,2026-03-19 08:23:14,2026-03-19 08:24:13,OK,NO
1135,4,2026-03-19 08:23:03,2026-03-19 08:24:17,OK,NO
1147,1,2026-03-19 08:23:17,2026-03-19 08:24:31,OK,NO
1117,6,2026-03-19 08:24:05,2026-03-19 08:25:07,OK,NO
994,10,2026-03-19 08:24:13,2026-03-19 08:25:10,OK,NO
995,8,2026-03-19 08:24:05,2026-03-19 08:25:12,OK,NO
1123,5,2026-03-19 08:24:05,2026-03-19 08:25:14,OK,NO
992,12,2026-03-19 08:24:03,2026-03-19 08:25:14,OK,NO
1138,3,2026-03-19 08:24:17,2026-03-19 08:25:14,OK,NO
1141,2,2026-03-19 08:24:17,2026-03-19 08:25:17,OK,NO
1136,4,2026-03-19 08:24:17,2026-03-19 08:25:24,OK,NO
1148,1,2026-03-19 08:24:31,2026-03-19 08:25:34,OK,NO
995,9,2026-03-19 08:25:12,2026-03-19 08:26:09,OK,NO
996,7,2026-03-19 08:24:05,2026-03-19 08:26:12,OK,NO
1149,1,2026-03-19 08:25:34,2026-03-19 08:26:43,OK,NO
1137,4,2026-03-19 08:26:12,2026-03-19 08:27:04,OK,NO
1142,2,2026-03-19 08:26:12,2026-03-19 08:27:06,OK,NO
1124,5,2026-03-19 08:26:12,2026-03-19 08:27:10,OK,NO
1139,3,2026-03-19 08:26:12,2026-03-19 08:27:14,OK,NO
996,8,2026-03-19 08:26:12,2026-03-19 08:27:15,OK,NO
995,10,2026-03-19 08:26:09,2026-03-19 08:27:16,OK,NO
1118,6,2026-03-19 08:26:12,2026-03-19 08:27:17,OK,NO
1150,1,2026-03-19 08:26:43,2026-03-19 08:27:44,OK,NO
997,7,2026-03-19 08:26:12,2026-03-19 08:28:10,OK,NO
996,9,2026-03-19 08:27:15,2026-03-19 08:28:23,OK,NO
1151,1,2026-03-19 08:27:44,2026-03-19 08:28:39,OK,NO
997,8,2026-03-19 08:28:10,2026-03-19 08:29:02,OK,NO
1125,5,2026-03-19 08:28:10,2026-03-19 08:29:03,OK,NO
1140,3,2026-03-19 08:28:10,2026-03-19 08:29:10,OK,NO
1143,2,2026-03-19 08:28:10,2026-03-19 08:29:11,OK,NO
1119,6,2026-03-19 08:28:10,2026-03-19 08:29:11,OK,NO
996,10,2026-03-19 08:28:23,2026-03-19 08:29:19,OK,NO
1138,4,2026-03-19 08:28:10,2026-03-19 08:29:37,OK,NO
1152,1,2026-03-19 08:28:39,2026-03-19 08:29:38,OK,NO
997,9,2026-03-19 08:29:02,2026-03-19 08:29:54,OK,NO
998,7,2026-03-19 08:28:10,2026-03-19 08:30:04,OK,NO
1153,1,2026-03-19 08:29:38,2026-03-19 08:30:34,OK,NO
997,10,2026-03-19 08:29:54,2026-03-19 08:30:47,OK,NO
1141,3,2026-03-19 08:30:04,2026-03-19 08:30:57,OK,NO
1139,4,2026-03-19 08:30:04,2026-03-19 08:30:58,OK,NO
998,8,2026-03-19 08:30:04,2026-03-19 08:31:01,OK,NO
1126,5,2026-03-19 08:30:04,2026-03-19 08:31:05,OK,NO
993,11,2026-03-19 08:30:13,2026-03-19 08:31:06,OK,NO
1144,2,2026-03-19 08:30:04,2026-03-19 08:31:11,OK,NO
1120,6,2026-03-19 08:30:04,2026-03-19 08:31:15,OK,NO
1154,1,2026-03-19 08:30:34,2026-03-19 08:31:25,OK,NO
999,7,2026-03-19 08:30:04,2026-03-19 08:31:47,OK,NO
998,9,2026-03-19 08:31:01,2026-03-19 08:31:59,OK,NO
993,12,2026-03-19 08:31:06,2026-03-19 08:32:04,OK,NO
994,11,2026-03-19 08:31:06,2026-03-19 08:32:08,OK,NO
1155,1,2026-03-19 08:31:25,2026-03-19 08:32:22,OK,NO
999,8,2026-03-19 08:31:47,2026-03-19 08:32:37,OK,NO
1127,5,2026-03-19 08:31:47,2026-03-19 08:32:37,OK,NO
1121,6,2026-03-19 08:31:47,2026-03-19 08:32:40,OK,NO
1142,3,2026-03-19 08:31:47,2026-03-19 08:32:44,OK,NO
1140,4,2026-03-19 08:31:47,2026-03-19 08:32:48,OK,NO
1145,2,2026-03-19 08:31:47,2026-03-19 08:32:50,OK,NO
998,10,2026-03-19 08:31:59,2026-03-19 08:32:58,OK,NO
994,12,2026-03-19 08:32:08,2026-03-19 08:33:04,OK,NO
995,11,2026-03-19 08:32:08,2026-03-19 08:33:09,OK,NO
1000,7,2026-03-19 08:31:47,2026-03-19 08:33:16,OK,NO
1156,1,2026-03-19 08:32:22,2026-03-19 08:33:31,OK,NO
999,9,2026-03-19 08:32:37,2026-03-19 08:33:36,OK,NO
1122,6,2026-03-19 08:33:16,2026-03-19 08:34:04,OK,NO
996,11,2026-03-19 08:33:09,2026-03-19 08:34:05,OK,NO
1000,8,2026-03-19 08:33:16,2026-03-19 08:34:11,OK,NO
995,12,2026-03-19 08:33:09,2026-03-19 08:34:13,OK,NO
1128,5,2026-03-19 08:33:16,2026-03-19 08:34:14,OK,NO
1146,2,2026-03-19 08:33:16,2026-03-19 08:34:18,OK,NO
1143,3,2026-03-19 08:33:16,2026-03-19 08:34:18,OK,NO
1141,4,2026-03-19 08:33:16,2026-03-19 08:34:19,OK,NO
1157,1,2026-03-19 08:33:31,2026-03-19 08:34:30,OK,NO
999,10,2026-03-19 08:33:36,2026-03-19 08:34:41,OK,NO
997,11,2026-03-19 08:34:05,2026-03-19 08:34:55,OK,NO
1000,9,2026-03-19 08:34:11,2026-03-19 08:35:06,OK,NO
1001,7,2026-03-19 08:33:16,2026-03-19 08:35:10,OK,NO
1158,1,2026-03-19 08:34:30,2026-03-19 08:35:26,OK,NO
996,12,2026-03-19 08:34:13,2026-03-19 08:35:26,OK,NO
1000,10,2026-03-19 08:35:06,2026-03-19 08:35:53,OK,NO
998,11,2026-03-19 08:34:55,2026-03-19 08:35:56,OK,NO
1129,5,2026-03-19 08:35:10,2026-03-19 08:36:09,OK,NO
1001,8,2026-03-19 08:35:10,2026-03-19 08:36:11,OK,NO
1144,3,2026-03-19 08:35:10,2026-03-19 08:36:19,OK,NO
1123,6,2026-03-19 08:35:10,2026-03-19 08:36:21,OK,NO
1147,2,2026-03-19 08:35:10,2026-03-19 08:36:21,OK,NO
1159,1,2026-03-19 08:35:26,2026-03-19 08:36:26,OK,NO
997,12,2026-03-19 08:35:26,2026-03-19 08:36:29,OK,NO
1142,4,2026-03-19 08:35:10,2026-03-19 08:36:29,OK,NO
999,11,2026-03-19 08:35:56,2026-03-19 08:36:41,OK,NO
1002,7,2026-03-19 08:35:10,2026-03-19 08:36:57,OK,NO
1001,9,2026-03-19 08:36:11,2026-03-19 08:37:11,OK,NO
998,12,2026-03-19 08:36:29,2026-03-19 08:37:25,OK,NO
1000,11,2026-03-19 08:36:41,2026-03-19 08:37:46,OK,NO
1124,6,2026-03-19 08:36:57,2026-03-19 08:37:55,OK,NO
1130,5,2026-03-19 08:36:57,2026-03-19 08:37:57,OK,NO
1145,3,2026-03-19 08:36:57,2026-03-19 08:37:58,OK,NO
1148,2,2026-03-19 08:36:57,2026-03-19 08:37:58,OK,NO
1160,1,2026-03-19 08:36:57,2026-03-19 08:37:58,OK,NO
1001,10,2026-03-19 08:37:11,2026-03-19 08:38:03,OK,NO
1002,8,2026-03-19 08:36:57,2026-03-19 08:38:07,OK,NO
1143,4,2026-03-19 08:36:57,2026-03-19 08:38:07,OK,NO
999,12,2026-03-19 08:37:25,2026-03-19 08:38:23,OK,NO
1003,7,2026-03-19 08:36:57,2026-03-19 08:38:54,OK,NO
1001,11,2026-03-19 08:38:03,2026-03-19 08:38:56,OK,NO
1002,9,2026-03-19 08:38:07,2026-03-19 08:39:05,OK,NO
1000,12,2026-03-19 08:38:23,2026-03-19 08:39:17,OK,NO
1003,8,2026-03-19 08:38:54,2026-03-19 08:39:48,OK,NO
1002,10,2026-03-19 08:39:05,2026-03-19 08:40:07,OK,NO
1001,12,2026-03-19 08:39:17,2026-03-19 08:40:19,OK,NO
1004,7,2026-03-19 08:38:54,2026-03-19 08:40:32,OK,NO
1003,9,2026-03-19 08:39:48,2026-03-19 08:40:49,OK,NO
1002,11,2026-03-19 08:40:07,2026-03-19 08:41:07,OK,NO
1004,8,2026-03-19 08:40:32,2026-03-19 08:41:25,OK,NO
1003,10,2026-03-19 08:40:49,2026-03-19 08:41:49,OK,NO
1002,12,2026-03-19 08:41:07,2026-03-19 08:42:09,OK,NO
1004,9,2026-03-19 08:41:25,2026-03-19 08:42:15,OK,NO
1005,7,2026-03-19 08:40:32,2026-03-19 08:42:24,OK,NO
1003,11,2026-03-19 08:41:49,2026-03-19 08:42:52,OK,NO
1004,10,2026-03-19 08:42:15,2026-03-19 08:43:20,OK,NO
1005,8,2026-03-19 08:42:24,2026-03-19 08:43:21,OK,NO
1003,12,2026-03-19 08:42:52,2026-03-19 08:43:43,OK,NO
1005,9,2026-03-19 08:43:21,2026-03-19 08:44:19,OK,NO
1004,11,2026-03-19 08:43:20,2026-03-19 08:44:26,OK,NO
1006,7,2026-03-19 08:42:24,2026-03-19 08:45:05,OK,NO
1005,10,2026-03-19 08:44:19,2026-03-19 08:45:20,OK,NO
1004,12,2026-03-19 08:44:26,2026-03-19 08:45:21,OK,NO
1006,8,2026-03-19 08:45:05,2026-03-19 08:45:55,OK,NO
1005,11,2026-03-19 08:45:20,2026-03-19 08:46:18,OK,NO
1007,7,2026-03-19 08:45:05,2026-03-19 08:46:55,OK,NO
1006,9,2026-03-19 08:45:55,2026-03-19 08:47:00,OK,NO
1005,12,2026-03-19 08:46:18,2026-03-19 08:47:19,OK,NO
1006,10,2026-03-19 08:47:00,2026-03-19 08:48:03,OK,NO
1007,8,2026-03-19 08:46:55,2026-03-19 08:48:04,OK,NO
1008,7,2026-03-19 08:46:55,2026-03-19 08:48:44,OK,NO
1007,9,2026-03-19 08:48:04,2026-03-19 08:49:11,OK,NO
1006,11,2026-03-19 08:48:03,2026-03-19 08:49:13,OK,NO
1008,8,2026-03-19 08:48:44,2026-03-19 08:49:36,OK,NO
1007,10,2026-03-19 08:49:11,2026-03-19 08:50:06,OK,NO
1006,12,2026-03-19 08:49:13,2026-03-19 08:50:19,OK,NO
1008,9,2026-03-19 08:49:36,2026-03-19 08:50:32,OK,NO
1009,7,2026-03-19 08:48:44,2026-03-19 08:51:01,OK,NO
1007,11,2026-03-19 08:50:06,2026-03-19 08:51:10,OK,NO
1008,10,2026-03-19 08:50:32,2026-03-19 08:51:35,OK,NO
1007,12,2026-03-19 08:51:10,2026-03-19 08:51:58,OK,NO
1009,8,2026-03-19 08:51:01,2026-03-19 08:51:58,OK,NO
1161,1,2026-03-19 08:51:30,2026-03-19 08:52:21,OK,NO
1149,2,2026-03-19 08:51:30,2026-03-19 08:52:25,OK,NO
1131,5,2026-03-19 08:51:30,2026-03-19 08:52:26,OK,NO
1144,4,2026-03-19 08:51:30,2026-03-19 08:52:27,OK,NO
1008,11,2026-03-19 08:51:35,2026-03-19 08:52:38,OK,NO
1146,3,2026-03-19 08:51:30,2026-03-19 08:52:39,OK,NO
1125,6,2026-03-19 08:51:30,2026-03-19 08:52:44,OK,NO
1010,7,2026-03-19 08:51:01,2026-03-19 08:53:00,OK,NO
1009,9,2026-03-19 08:51:58,2026-03-19 08:53:14,OK,NO
1008,12,2026-03-19 08:52:38,2026-03-19 08:53:34,OK,NO
1147,3,2026-03-19 08:52:44,2026-03-19 08:53:42,OK,NO
1132,5,2026-03-19 08:52:44,2026-03-19 08:53:45,OK,NO
1126,6,2026-03-19 08:52:44,2026-03-19 08:53:45,OK,NO
1162,1,2026-03-19 08:52:44,2026-03-19 08:53:48,OK,NO
1150,2,2026-03-19 08:52:44,2026-03-19 08:53:50,OK,NO
1010,8,2026-03-19 08:53:00,2026-03-19 08:53:52,OK,NO
1145,4,2026-03-19 08:52:44,2026-03-19 08:53:53,OK,NO
1009,10,2026-03-19 08:53:14,2026-03-19 08:54:14,OK,NO
1133,5,2026-03-19 08:53:45,2026-03-19 08:54:45,OK,NO
1127,6,2026-03-19 08:53:45,2026-03-19 08:54:45,OK,NO
1151,2,2026-03-19 08:53:53,2026-03-19 08:54:51,OK,NO
1148,3,2026-03-19 08:53:53,2026-03-19 08:54:53,OK,NO
1010,9,2026-03-19 08:53:52,2026-03-19 08:54:53,OK,NO
1163,1,2026-03-19 08:53:53,2026-03-19 08:54:55,OK,NO
1146,4,2026-03-19 08:53:53,2026-03-19 08:54:57,OK,NO
1009,11,2026-03-19 08:54:14,2026-03-19 08:55:16,OK,NO
1134,5,2026-03-19 08:54:45,2026-03-19 08:55:46,OK,NO
1164,1,2026-03-19 08:54:57,2026-03-19 08:55:47,OK,NO
1152,2,2026-03-19 08:54:57,2026-03-19 08:55:47,OK,NO
1128,6,2026-03-19 08:54:45,2026-03-19 08:55:49,OK,NO
1147,4,2026-03-19 08:54:57,2026-03-19 08:55:54,OK,NO
1010,10,2026-03-19 08:54:53,2026-03-19 08:55:55,OK,NO
1149,3,2026-03-19 08:54:57,2026-03-19 08:56:04,OK,NO
1009,12,2026-03-19 08:55:16,2026-03-19 08:56:22,OK,NO
1010,11,2026-03-19 08:55:55,2026-03-19 08:56:46,OK,NO
1135,5,2026-03-19 08:55:49,2026-03-19 08:56:46,OK,NO
1129,6,2026-03-19 08:55:49,2026-03-19 08:56:47,OK,NO
1165,1,2026-03-19 08:56:04,2026-03-19 08:56:58,OK,NO
1148,4,2026-03-19 08:55:54,2026-03-19 08:57:02,OK,NO
1153,2,2026-03-19 08:56:04,2026-03-19 08:57:02,OK,NO
1150,3,2026-03-19 08:56:04,2026-03-19 08:57:06,OK,NO
1130,6,2026-03-19 08:56:47,2026-03-19 08:57:44,OK,NO
1136,5,2026-03-19 08:56:47,2026-03-19 08:57:45,OK,NO
1010,12,2026-03-19 08:56:46,2026-03-19 08:57:48,OK,NO
1151,3,2026-03-19 08:57:06,2026-03-19 08:58:01,OK,NO
1149,4,2026-03-19 08:57:02,2026-03-19 08:58:07,OK,NO
1154,2,2026-03-19 08:57:06,2026-03-19 08:58:07,OK,NO
1166,1,2026-03-19 08:57:06,2026-03-19 08:58:19,OK,NO
1137,5,2026-03-19 08:57:45,2026-03-19 08:58:42,OK,NO
1131,6,2026-03-19 08:57:44,2026-03-19 08:58:47,OK,NO
1155,2,2026-03-19 08:58:07,2026-03-19 08:59:03,OK,NO
1150,4,2026-03-19 08:58:07,2026-03-19 08:59:05,OK,NO
1152,3,2026-03-19 08:58:07,2026-03-19 08:59:08,OK,NO
1167,1,2026-03-19 08:58:19,2026-03-19 08:59:19,OK,NO
1132,6,2026-03-19 08:58:47,2026-03-19 08:59:45,OK,NO
1011,7,2026-03-19 08:57:30,2026-03-19 08:59:52,OK,NO
1138,5,2026-03-19 08:58:47,2026-03-19 09:00:02,OK,NO
1153,3,2026-03-19 08:59:08,2026-03-19 09:00:04,OK,NO
1151,4,2026-03-19 08:59:05,2026-03-19 09:00:06,OK,NO
1168,1,2026-03-19 08:59:19,2026-03-19 09:00:13,OK,NO
1156,2,2026-03-19 08:59:08,2026-03-19 09:00:15,OK,NO
1133,6,2026-03-19 08:59:52,2026-03-19 09:00:49,OK,NO
1011,8,2026-03-19 08:59:52,2026-03-19 09:00:57,OK,NO
1154,3,2026-03-19 09:00:06,2026-03-19 09:00:59,OK,NO
1152,4,2026-03-19 09:00:06,2026-03-19 09:01:04,OK,NO
1139,5,2026-03-19 09:00:02,2026-03-19 09:01:06,OK,NO
1157,2,2026-03-19 09:00:15,2026-03-19 09:01:14,OK,NO
1169,1,2026-03-19 09:00:15,2026-03-19 09:01:16,OK,NO
1012,7,2026-03-19 08:59:52,2026-03-19 09:01:50,OK,NO
1011,9,2026-03-19 09:00:57,2026-03-19 09:02:13,OK,NO
1158,2,2026-03-19 09:01:50,2026-03-19 09:02:46,OK,NO
1140,5,2026-03-19 09:01:50,2026-03-19 09:02:48,OK,NO
1170,1,2026-03-19 09:01:50,2026-03-19 09:02:48,OK,NO
1155,3,2026-03-19 09:01:50,2026-03-19 09:02:49,OK,NO
1012,8,2026-03-19 09:01:50,2026-03-19 09:02:50,OK,NO
1134,6,2026-03-19 09:01:50,2026-03-19 09:02:56,OK,NO
1153,4,2026-03-19 09:01:50,2026-03-19 09:02:59,OK,NO
1011,10,2026-03-19 09:02:13,2026-03-19 09:03:08,OK,NO
1013,7,2026-03-19 09:01:50,2026-03-19 09:03:46,OK,NO
1012,9,2026-03-19 09:02:50,2026-03-19 09:03:58,OK,NO
1011,11,2026-03-19 09:03:08,2026-03-19 09:04:03,OK,NO
1135,6,2026-03-19 09:03:46,2026-03-19 09:04:38,OK,NO
1141,5,2026-03-19 09:03:46,2026-03-19 09:04:41,OK,NO
1154,4,2026-03-19 09:03:46,2026-03-19 09:04:43,OK,NO
1013,8,2026-03-19 09:03:46,2026-03-19 09:04:49,OK,NO
1159,2,2026-03-19 09:03:46,2026-03-19 09:04:49,OK,NO
1171,1,2026-03-19 09:03:46,2026-03-19 09:04:50,OK,NO
1012,10,2026-03-19 09:03:58,2026-03-19 09:04:51,OK,NO
1156,3,2026-03-19 09:03:46,2026-03-19 09:04:51,OK,NO
1011,12,2026-03-19 09:04:03,2026-03-19 09:05:09,OK,NO
1014,7,2026-03-19 09:03:46,2026-03-19 09:05:37,OK,NO
1013,9,2026-03-19 09:04:49,2026-03-19 09:05:46,OK,NO
1012,11,2026-03-19 09:04:51,2026-03-19 09:05:48,OK,NO
1136,6,2026-03-19 09:05:37,2026-03-19 09:06:28,OK,NO
1172,1,2026-03-19 09:05:37,2026-03-19 09:06:31,OK,NO
1157,3,2026-03-19 09:05:37,2026-03-19 09:06:34,OK,NO
1155,4,2026-03-19 09:05:37,2026-03-19 09:06:36,OK,NO
1142,5,2026-03-19 09:05:37,2026-03-19 09:06:37,OK,NO
1012,12,2026-03-19 09:05:48,2026-03-19 09:06:37,OK,NO
1013,10,2026-03-19 09:05:46,2026-03-19 09:06:41,OK,NO
1014,8,2026-03-19 09:05:37,2026-03-19 09:06:42,OK,NO
1160,2,2026-03-19 09:05:37,2026-03-19 09:06:47,OK,NO
1015,7,2026-03-19 09:05:37,2026-03-19 09:07:28,OK,NO
1014,9,2026-03-19 09:06:42,2026-03-19 09:07:37,OK,NO
1013,11,2026-03-19 09:06:41,2026-03-19 09:07:52,OK,NO
1014,10,2026-03-19 09:07:37,2026-03-19 09:08:36,OK,NO
1015,8,2026-03-19 09:07:28,2026-03-19 09:08:37,OK,NO
1013,12,2026-03-19 09:07:52,2026-03-19 09:08:52,OK,NO
1014,11,2026-03-19 09:08:36,2026-03-19 09:09:32,OK,NO
1015,9,2026-03-19 09:08:37,2026-03-19 09:09:36,OK,NO
1016,7,2026-03-19 09:07:28,2026-03-19 09:09:45,OK,NO
1014,12,2026-03-19 09:09:32,2026-03-19 09:10:29,OK,NO
1015,10,2026-03-19 09:09:36,2026-03-19 09:10:40,OK,NO
1016,8,2026-03-19 09:09:45,2026-03-19 09:10:47,OK,NO
1017,7,2026-03-19 09:09:45,2026-03-19 09:11:28,OK,NO
1015,11,2026-03-19 09:10:40,2026-03-19 09:11:45,OK,NO
1016,9,2026-03-19 09:10:47,2026-03-19 09:11:55,OK,NO
1017,8,2026-03-19 09:11:28,2026-03-19 09:12:28,OK,NO
1015,12,2026-03-19 09:11:45,2026-03-19 09:12:40,OK,NO
1016,10,2026-03-19 09:11:55,2026-03-19 09:12:55,OK,NO
1018,7,2026-03-19 09:11:28,2026-03-19 09:12:58,OK,NO
1017,9,2026-03-19 09:12:28,2026-03-19 09:13:35,OK,NO
1016,11,2026-03-19 09:12:55,2026-03-19 09:13:50,OK,NO
1017,10,2026-03-19 09:13:35,2026-03-19 09:14:26,OK,NO
1016,12,2026-03-19 09:13:50,2026-03-19 09:14:53,OK,NO
1019,7,2026-03-19 09:12:58,2026-03-19 09:15:01,OK,NO
1017,11,2026-03-19 09:14:26,2026-03-19 09:15:30,OK,NO
1017,12,2026-03-19 09:15:30,2026-03-19 09:16:27,OK,NO
1020,7,2026-03-19 09:15:01,2026-03-19 09:16:54,OK,NO
1018,8,2026-03-19 09:16:09,2026-03-19 09:17:18,OK,NO
1137,6,2026-03-19 09:16:39,2026-03-19 09:17:35,OK,NO
1161,2,2026-03-19 09:16:39,2026-03-19 09:17:35,OK,NO
1173,1,2026-03-19 09:16:39,2026-03-19 09:17:36,OK,NO
1143,5,2026-03-19 09:16:39,2026-03-19 09:17:37,OK,NO
1158,3,2026-03-19 09:16:39,2026-03-19 09:17:40,OK,NO
1156,4,2026-03-19 09:16:39,2026-03-19 09:17:42,OK,NO
1019,8,2026-03-19 09:17:18,2026-03-19 09:18:11,OK,NO
1018,9,2026-03-19 09:17:18,2026-03-19 09:18:16,OK,NO
1138,6,2026-03-19 09:17:35,2026-03-19 09:18:28,OK,NO
1174,1,2026-03-19 09:17:42,2026-03-19 09:18:33,OK,NO
1157,4,2026-03-19 09:17:42,2026-03-19 09:18:39,OK,NO
1144,5,2026-03-19 09:17:37,2026-03-19 09:18:42,OK,NO
1021,7,2026-03-19 09:16:54,2026-03-19 09:18:42,OK,NO
1159,3,2026-03-19 09:17:42,2026-03-19 09:18:46,OK,NO
1162,2,2026-03-19 09:17:42,2026-03-19 09:18:49,OK,NO
1020,8,2026-03-19 09:18:11,2026-03-19 09:19:08,OK,NO
1019,9,2026-03-19 09:18:16,2026-03-19 09:19:22,OK,NO
1018,10,2026-03-19 09:18:16,2026-03-19 09:19:27,OK,NO
1139,6,2026-03-19 09:18:28,2026-03-19 09:19:31,OK,NO
1145,5,2026-03-19 09:18:42,2026-03-19 09:19:44,OK,NO
1158,4,2026-03-19 09:18:42,2026-03-19 09:19:48,OK,NO
1163,2,2026-03-19 09:18:49,2026-03-19 09:19:48,OK,NO
1160,3,2026-03-19 09:18:46,2026-03-19 09:19:57,OK,NO
1175,1,2026-03-19 09:18:49,2026-03-19 09:20:01,OK,NO
1021,8,2026-03-19 09:19:08,2026-03-19 09:20:03,OK,NO
1022,7,2026-03-19 09:18:42,2026-03-19 09:20:25,OK,NO
1020,9,2026-03-19 09:19:22,2026-03-19 09:20:28,OK,NO
1018,11,2026-03-19 09:19:27,2026-03-19 09:20:31,OK,NO
1019,10,2026-03-19 09:19:27,2026-03-19 09:20:35,OK,NO
1140,6,2026-03-19 09:19:31,2026-03-19 09:20:38,OK,NO
1164,2,2026-03-19 09:19:57,2026-03-19 09:20:46,OK,NO
1146,5,2026-03-19 09:19:44,2026-03-19 09:20:46,OK,NO
1159,4,2026-03-19 09:19:48,2026-03-19 09:20:58,OK,NO
1161,3,2026-03-19 09:19:57,2026-03-19 09:21:01,OK,NO
1176,1,2026-03-19 09:20:01,2026-03-19 09:21:04,OK,NO
1141,6,2026-03-19 09:20:38,2026-03-19 09:21:28,OK,NO
1022,8,2026-03-19 09:20:25,2026-03-19 09:21:30,OK,NO
1021,9,2026-03-19 09:20:28,2026-03-19 09:21:32,OK,NO
1018,12,2026-03-19 09:20:31,2026-03-19 09:21:33,OK,NO
1020,10,2026-03-19 09:20:35,2026-03-19 09:21:34,OK,NO
1019,11,2026-03-19 09:20:35,2026-03-19 09:21:37,OK,NO
1147,5,2026-03-19 09:20:46,2026-03-19 09:21:50,OK,NO
1165,2,2026-03-19 09:21:01,2026-03-19 09:21:58,OK,NO
1160,4,2026-03-19 09:20:58,2026-03-19 09:22:03,OK,NO
1162,3,2026-03-19 09:21:01,2026-03-19 09:22:05,OK,NO
1177,1,2026-03-19 09:21:04,2026-03-19 09:22:07,OK,NO
1023,7,2026-03-19 09:20:25,2026-03-19 09:22:11,OK,NO
1142,6,2026-03-19 09:21:28,2026-03-19 09:22:31,OK,NO
1021,10,2026-03-19 09:21:34,2026-03-19 09:22:31,OK,NO
1022,9,2026-03-19 09:21:32,2026-03-19 09:22:34,OK,NO
1020,11,2026-03-19 09:21:37,2026-03-19 09:22:36,OK,NO
1148,5,2026-03-19 09:21:50,2026-03-19 09:22:49,OK,NO
1019,12,2026-03-19 09:21:37,2026-03-19 09:22:49,OK,NO
1161,4,2026-03-19 09:22:03,2026-03-19 09:22:57,OK,NO
1166,2,2026-03-19 09:22:05,2026-03-19 09:22:58,OK,NO
1178,1,2026-03-19 09:22:07,2026-03-19 09:23:06,OK,NO
1163,3,2026-03-19 09:22:05,2026-03-19 09:23:07,OK,NO
1023,8,2026-03-19 09:22:11,2026-03-19 09:23:09,OK,NO
1143,6,2026-03-19 09:22:31,2026-03-19 09:23:29,OK,NO
1022,10,2026-03-19 09:22:34,2026-03-19 09:23:30,OK,NO
1021,11,2026-03-19 09:22:36,2026-03-19 09:23:38,OK,NO
1149,5,2026-03-19 09:22:49,2026-03-19 09:23:42,OK,NO
1020,12,2026-03-19 09:22:49,2026-03-19 09:23:54,OK,NO
1024,7,2026-03-19 09:22:11,2026-03-19 09:23:57,OK,NO
1164,3,2026-03-19 09:23:07,2026-03-19 09:23:57,OK,NO
1179,1,2026-03-19 09:23:07,2026-03-19 09:24:00,OK,NO
1167,2,2026-03-19 09:23:07,2026-03-19 09:24:07,OK,NO
1023,9,2026-03-19 09:23:09,2026-03-19 09:24:08,OK,NO
1162,4,2026-03-19 09:22:57,2026-03-19 09:24:14,OK,NO
1144,6,2026-03-19 09:23:29,2026-03-19 09:24:18,OK,NO
1022,11,2026-03-19 09:23:38,2026-03-19 09:24:27,OK,NO
1150,5,2026-03-19 09:23:42,2026-03-19 09:24:38,OK,NO
1021,12,2026-03-19 09:23:54,2026-03-19 09:24:50,OK,NO
1023,10,2026-03-19 09:24:08,2026-03-19 09:25:07,OK,NO
1024,8,2026-03-19 09:24:02,2026-03-19 09:25:09,OK,NO
1165,3,2026-03-19 09:24:14,2026-03-19 09:25:15,OK,NO
1180,1,2026-03-19 09:24:14,2026-03-19 09:25:17,OK,NO
1168,2,2026-03-19 09:24:14,2026-03-19 09:25:18,OK,NO
1145,6,2026-03-19 09:24:18,2026-03-19 09:25:25,OK,NO
1163,4,2026-03-19 09:24:14,2026-03-19 09:25:33,OK,NO
1151,5,2026-03-19 09:24:38,2026-03-19 09:25:42,OK,NO
1022,12,2026-03-19 09:24:50,2026-03-19 09:25:47,OK,NO
1023,11,2026-03-19 09:25:07,2026-03-19 09:26:03,OK,NO
1025,7,2026-03-19 09:23:57,2026-03-19 09:26:05,OK,NO
1024,9,2026-03-19 09:25:09,2026-03-19 09:26:16,OK,NO
1146,6,2026-03-19 09:25:25,2026-03-19 09:26:21,OK,NO
1181,1,2026-03-19 09:25:33,2026-03-19 09:26:24,OK,NO
1169,2,2026-03-19 09:25:33,2026-03-19 09:26:33,OK,NO
1166,3,2026-03-19 09:25:33,2026-03-19 09:26:41,OK,NO
1152,5,2026-03-19 09:25:42,2026-03-19 09:26:44,OK,NO
1025,8,2026-03-19 09:26:05,2026-03-19 09:27:00,OK,NO
1023,12,2026-03-19 09:26:03,2026-03-19 09:27:02,OK,NO
1164,4,2026-03-19 09:25:33,2026-03-19 09:27:07,OK,NO
1024,10,2026-03-19 09:26:16,2026-03-19 09:27:08,OK,NO
1147,6,2026-03-19 09:26:21,2026-03-19 09:27:15,OK,NO
1153,5,2026-03-19 09:26:44,2026-03-19 09:27:40,OK,NO
1025,9,2026-03-19 09:27:00,2026-03-19 09:27:55,OK,NO
1170,2,2026-03-19 09:27:07,2026-03-19 09:27:59,OK,NO
1024,11,2026-03-19 09:27:08,2026-03-19 09:28:10,OK,NO
1167,3,2026-03-19 09:27:07,2026-03-19 09:28:12,OK,NO
1026,7,2026-03-19 09:26:05,2026-03-19 09:28:12,OK,NO
1182,1,2026-03-19 09:27:07,2026-03-19 09:28:12,OK,NO
1165,4,2026-03-19 09:27:07,2026-03-19 09:28:33,OK,NO
1025,10,2026-03-19 09:27:55,2026-03-19 09:28:51,OK,NO
1154,5,2026-03-19 09:28:12,2026-03-19 09:29:05,OK,NO
1024,12,2026-03-19 09:28:10,2026-03-19 09:29:10,OK,NO
1026,8,2026-03-19 09:28:12,2026-03-19 09:29:16,OK,NO
1148,6,2026-03-19 09:28:12,2026-03-19 09:29:29,OK,NO
1183,1,2026-03-19 09:28:33,2026-03-19 09:29:31,OK,NO
1168,3,2026-03-19 09:28:33,2026-03-19 09:29:34,OK,NO
1166,4,2026-03-19 09:28:33,2026-03-19 09:29:36,OK,NO
1171,2,2026-03-19 09:28:33,2026-03-19 09:29:36,OK,NO
1025,11,2026-03-19 09:28:51,2026-03-19 09:29:59,OK,NO
1026,9,2026-03-19 09:29:16,2026-03-19 09:30:06,OK,NO
1027,7,2026-03-19 09:28:12,2026-03-19 09:30:11,OK,NO
1184,1,2026-03-19 09:29:36,2026-03-19 09:30:31,OK,NO
1172,2,2026-03-19 09:29:36,2026-03-19 09:30:42,OK,NO
1169,3,2026-03-19 09:29:36,2026-03-19 09:30:46,OK,NO
1167,4,2026-03-19 09:29:36,2026-03-19 09:30:48,OK,NO
1025,12,2026-03-19 09:29:59,2026-03-19 09:30:54,OK,NO
1027,8,2026-03-19 09:30:11,2026-03-19 09:30:59,OK,NO
1026,10,2026-03-19 09:30:06,2026-03-19 09:31:05,OK,NO
1149,6,2026-03-19 09:30:11,2026-03-19 09:31:13,OK,NO
1155,5,2026-03-19 09:30:11,2026-03-19 09:31:19,OK,NO
1185,1,2026-03-19 09:30:48,2026-03-19 09:31:41,OK,NO
1168,4,2026-03-19 09:30:48,2026-03-19 09:31:44,OK,NO
1170,3,2026-03-19 09:30:48,2026-03-19 09:31:51,OK,NO
1173,2,2026-03-19 09:30:48,2026-03-19 09:31:52,OK,NO
1026,11,2026-03-19 09:31:05,2026-03-19 09:32:08,OK,NO
1027,9,2026-03-19 09:30:59,2026-03-19 09:32:14,OK,NO
1028,7,2026-03-19 09:30:11,2026-03-19 09:32:32,OK,NO
1026,12,2026-03-19 09:32:08,2026-03-19 09:33:09,OK,NO
1027,10,2026-03-19 09:32:14,2026-03-19 09:33:12,OK,NO
1156,5,2026-03-19 09:32:32,2026-03-19 09:33:25,OK,NO
1028,8,2026-03-19 09:32:32,2026-03-19 09:33:28,OK,NO
1174,2,2026-03-19 09:32:32,2026-03-19 09:33:31,OK,NO
1169,4,2026-03-19 09:32:32,2026-03-19 09:33:32,OK,NO
1171,3,2026-03-19 09:32:32,2026-03-19 09:33:37,OK,NO
1150,6,2026-03-19 09:32:32,2026-03-19 09:33:39,OK,NO
1186,1,2026-03-19 09:32:32,2026-03-19 09:33:40,OK,NO
1027,11,2026-03-19 09:33:12,2026-03-19 09:34:06,OK,NO
1029,7,2026-03-19 09:32:32,2026-03-19 09:34:23,OK,NO
1028,9,2026-03-19 09:33:28,2026-03-19 09:34:25,OK,NO
1027,12,2026-03-19 09:34:06,2026-03-19 09:35:13,OK,NO
1175,2,2026-03-19 09:34:23,2026-03-19 09:35:15,OK,NO
1029,8,2026-03-19 09:34:23,2026-03-19 09:35:24,OK,NO
1172,3,2026-03-19 09:34:23,2026-03-19 09:35:28,OK,NO
1151,6,2026-03-19 09:34:23,2026-03-19 09:35:28,OK,NO
1187,1,2026-03-19 09:34:23,2026-03-19 09:35:29,OK,NO
1028,10,2026-03-19 09:34:25,2026-03-19 09:35:29,OK,NO
1157,5,2026-03-19 09:34:23,2026-03-19 09:35:33,OK,NO
1170,4,2026-03-19 09:34:23,2026-03-19 09:35:53,OK,NO
1030,7,2026-03-19 09:34:23,2026-03-19 09:36:09,OK,NO
1028,11,2026-03-19 09:35:29,2026-03-19 09:36:26,OK,NO
1029,9,2026-03-19 09:35:24,2026-03-19 09:36:33,OK,NO
1176,2,2026-03-19 09:36:09,2026-03-19 09:37:00,OK,NO
1173,3,2026-03-19 09:36:09,2026-03-19 09:37:02,OK,NO
1152,6,2026-03-19 09:36:09,2026-03-19 09:37:04,OK,NO
1158,5,2026-03-19 09:36:09,2026-03-19 09:37:05,OK,NO
1188,1,2026-03-19 09:36:09,2026-03-19 09:37:05,OK,NO
1030,8,2026-03-19 09:36:09,2026-03-19 09:37:08,OK,NO
1028,12,2026-03-19 09:36:26,2026-03-19 09:37:23,OK,NO
1029,10,2026-03-19 09:36:33,2026-03-19 09:37:26,OK,NO
1171,4,2026-03-19 09:36:09,2026-03-19 09:37:39,OK,NO
1031,7,2026-03-19 09:36:09,2026-03-19 09:37:52,OK,NO
1030,9,2026-03-19 09:37:08,2026-03-19 09:38:07,OK,NO
1029,11,2026-03-19 09:37:26,2026-03-19 09:38:35,OK,NO
1172,4,2026-03-19 09:37:52,2026-03-19 09:38:51,OK,NO
1177,2,2026-03-19 09:37:52,2026-03-19 09:38:51,OK,NO
1030,10,2026-03-19 09:38:07,2026-03-19 09:38:54,OK,NO
1189,1,2026-03-19 09:37:52,2026-03-19 09:38:54,OK,NO
1031,8,2026-03-19 09:37:52,2026-03-19 09:38:56,OK,NO
1174,3,2026-03-19 09:37:52,2026-03-19 09:38:56,OK,NO
1153,6,2026-03-19 09:37:52,2026-03-19 09:38:57,OK,NO
1159,5,2026-03-19 09:37:52,2026-03-19 09:38:59,OK,NO
1029,12,2026-03-19 09:38:35,2026-03-19 09:39:26,OK,NO
1030,11,2026-03-19 09:38:54,2026-03-19 09:39:54,OK,NO
1031,9,2026-03-19 09:38:56,2026-03-19 09:39:55,OK,NO
1032,7,2026-03-19 09:37:52,2026-03-19 09:40:32,OK,NO
1031,10,2026-03-19 09:39:55,2026-03-19 09:40:59,OK,NO
1030,12,2026-03-19 09:39:54,2026-03-19 09:41:07,OK,NO
1190,1,2026-03-19 09:40:32,2026-03-19 09:41:24,OK,NO
1175,3,2026-03-19 09:40:32,2026-03-19 09:41:25,OK,NO
1178,2,2026-03-19 09:40:32,2026-03-19 09:41:26,OK,NO
1032,8,2026-03-19 09:40:32,2026-03-19 09:41:29,OK,NO
1160,5,2026-03-19 09:40:32,2026-03-19 09:41:32,OK,NO
1173,4,2026-03-19 09:40:32,2026-03-19 09:41:41,OK,NO
1154,6,2026-03-19 09:40:32,2026-03-19 09:41:46,OK,NO
1031,11,2026-03-19 09:40:59,2026-03-19 09:41:56,OK,NO
1033,7,2026-03-19 09:40:32,2026-03-19 09:42:39,OK,NO
1031,12,2026-03-19 09:41:56,2026-03-19 09:42:56,OK,NO
1032,9,2026-03-19 09:41:29,2026-03-19 09:42:57,OK,NO
1179,2,2026-03-19 09:42:39,2026-03-19 09:43:30,OK,NO
1155,6,2026-03-19 09:42:39,2026-03-19 09:43:38,OK,NO
1191,1,2026-03-19 09:42:39,2026-03-19 09:43:40,OK,NO
1161,5,2026-03-19 09:42:39,2026-03-19 09:43:44,OK,NO
1176,3,2026-03-19 09:42:39,2026-03-19 09:43:44,OK,NO
1032,10,2026-03-19 09:42:57,2026-03-19 09:43:52,OK,NO
1033,8,2026-03-19 09:42:39,2026-03-19 09:43:52,OK,NO
1174,4,2026-03-19 09:42:39,2026-03-19 09:43:57,OK,NO
1032,11,2026-03-19 09:43:52,2026-03-19 09:44:49,OK,NO
1033,9,2026-03-19 09:43:52,2026-03-19 09:44:59,OK,NO
1034,7,2026-03-19 09:42:39,2026-03-19 09:45:08,OK,NO
1032,12,2026-03-19 09:44:49,2026-03-19 09:45:39,OK,NO
1033,10,2026-03-19 09:44:59,2026-03-19 09:45:59,OK,NO
1180,2,2026-03-19 09:45:08,2026-03-19 09:46:04,OK,NO
1175,4,2026-03-19 09:45:08,2026-03-19 09:46:07,OK,NO
1156,6,2026-03-19 09:45:08,2026-03-19 09:46:09,OK,NO
1034,8,2026-03-19 09:45:08,2026-03-19 09:46:09,OK,NO
1192,1,2026-03-19 09:45:08,2026-03-19 09:46:10,OK,NO
1177,3,2026-03-19 09:45:08,2026-03-19 09:46:10,OK,NO
1162,5,2026-03-19 09:45:08,2026-03-19 09:46:15,OK,NO
1033,11,2026-03-19 09:45:59,2026-03-19 09:46:58,OK,NO
1034,9,2026-03-19 09:46:09,2026-03-19 09:47:05,OK,NO
1033,12,2026-03-19 09:46:58,2026-03-19 09:47:54,OK,NO
1035,7,2026-03-19 09:45:08,2026-03-19 09:48:04,OK,NO
1034,10,2026-03-19 09:47:05,2026-03-19 09:48:06,OK,NO
1157,6,2026-03-19 09:48:04,2026-03-19 09:49:01,OK,NO
1193,1,2026-03-19 09:48:04,2026-03-19 09:49:02,OK,NO
1035,8,2026-03-19 09:48:04,2026-03-19 09:49:03,OK,NO
1034,11,2026-03-19 09:48:06,2026-03-19 09:49:05,OK,NO
1176,4,2026-03-19 09:48:04,2026-03-19 09:49:06,OK,NO
1178,3,2026-03-19 09:48:04,2026-03-19 09:49:09,OK,NO
1181,2,2026-03-19 09:48:04,2026-03-19 09:49:09,OK,NO
1163,5,2026-03-19 09:48:04,2026-03-19 09:49:13,OK,NO
1034,12,2026-03-19 09:49:05,2026-03-19 09:50:01,OK,NO
1035,9,2026-03-19 09:49:03,2026-03-19 09:50:22,OK,NO
1036,7,2026-03-19 09:48:04,2026-03-19 09:50:25,OK,NO
1035,10,2026-03-19 09:50:22,2026-03-19 09:51:18,OK,NO
1177,4,2026-03-19 09:50:25,2026-03-19 09:51:21,OK,NO
1182,2,2026-03-19 09:50:25,2026-03-19 09:51:24,OK,NO
1036,8,2026-03-19 09:50:25,2026-03-19 09:51:25,OK,NO
1179,3,2026-03-19 09:50:25,2026-03-19 09:51:26,OK,NO
1164,5,2026-03-19 09:50:25,2026-03-19 09:51:28,OK,NO
1158,6,2026-03-19 09:50:25,2026-03-19 09:51:32,OK,NO
1194,1,2026-03-19 09:50:25,2026-03-19 09:51:36,OK,NO
1035,11,2026-03-19 09:51:18,2026-03-19 09:52:14,OK,NO
1037,7,2026-03-19 09:50:25,2026-03-19 09:52:15,OK,NO
1036,9,2026-03-19 09:51:25,2026-03-19 09:52:33,OK,NO
1037,8,2026-03-19 09:52:15,2026-03-19 09:53:11,OK,NO
1159,6,2026-03-19 09:52:15,2026-03-19 09:53:13,OK,NO
1178,4,2026-03-19 09:52:15,2026-03-19 09:53:13,OK,NO
1035,12,2026-03-19 09:52:14,2026-03-19 09:53:13,OK,NO
1180,3,2026-03-19 09:52:15,2026-03-19 09:53:14,OK,NO
1165,5,2026-03-19 09:52:15,2026-03-19 09:53:14,OK,NO
1195,1,2026-03-19 09:52:15,2026-03-19 09:53:21,OK,NO
1183,2,2026-03-19 09:52:15,2026-03-19 09:53:22,OK,NO
1036,10,2026-03-19 09:52:33,2026-03-19 09:53:32,OK,NO
1037,9,2026-03-19 09:53:11,2026-03-19 09:54:14,OK,NO
1036,11,2026-03-19 09:53:32,2026-03-19 09:54:25,OK,NO
1038,7,2026-03-19 09:52:15,2026-03-19 09:54:46,OK,NO
1036,12,2026-03-19 09:54:25,2026-03-19 09:55:20,OK,NO
1037,10,2026-03-19 09:54:14,2026-03-19 09:55:22,OK,NO
1038,8,2026-03-19 09:54:46,2026-03-19 09:55:42,OK,NO
1184,2,2026-03-19 09:54:46,2026-03-19 09:55:42,OK,NO
1166,5,2026-03-19 09:54:46,2026-03-19 09:55:44,OK,NO
1181,3,2026-03-19 09:54:46,2026-03-19 09:55:44,OK,NO
1160,6,2026-03-19 09:54:46,2026-03-19 09:55:46,OK,NO
1179,4,2026-03-19 09:54:46,2026-03-19 09:56:11,OK,NO
1037,11,2026-03-19 09:55:22,2026-03-19 09:56:16,OK,NO
1039,7,2026-03-19 09:54:46,2026-03-19 09:56:24,OK,NO
1038,9,2026-03-19 09:55:42,2026-03-19 09:56:59,OK,NO
1037,12,2026-03-19 09:56:16,2026-03-19 09:57:11,OK,NO
1167,5,2026-03-19 09:56:24,2026-03-19 09:57:19,OK,NO
1161,6,2026-03-19 09:56:24,2026-03-19 09:57:23,OK,NO
1039,8,2026-03-19 09:56:24,2026-03-19 09:57:30,OK,NO
1182,3,2026-03-19 09:56:24,2026-03-19 09:57:31,OK,NO
1185,2,2026-03-19 09:56:24,2026-03-19 09:57:34,OK,NO
1180,4,2026-03-19 09:56:24,2026-03-19 09:57:34,OK,NO
1038,10,2026-03-19 09:56:59,2026-03-19 09:58:02,OK,NO
1196,1,2026-03-19 09:57:15,2026-03-19 09:58:18,OK,NO
1040,7,2026-03-19 09:56:24,2026-03-19 09:58:18,OK,NO
1039,9,2026-03-19 09:57:30,2026-03-19 09:58:32,OK,NO
1038,11,2026-03-19 09:58:02,2026-03-19 09:58:54,OK,NO
1168,5,2026-03-19 09:58:18,2026-03-19 09:59:14,OK,NO
1040,8,2026-03-19 09:58:18,2026-03-19 09:59:14,OK,NO
1197,1,2026-03-19 09:58:18,2026-03-19 09:59:17,OK,NO
1186,2,2026-03-19 09:58:18,2026-03-19 09:59:18,OK,NO
1162,6,2026-03-19 09:58:18,2026-03-19 09:59:22,OK,NO
1039,10,2026-03-19 09:58:32,2026-03-19 09:59:24,OK,NO
1183,3,2026-03-19 09:58:18,2026-03-19 09:59:31,OK,NO
1181,4,2026-03-19 09:58:18,2026-03-19 09:59:46,OK,NO
1038,12,2026-03-19 09:58:54,2026-03-19 10:00:01,OK,NO
1198,1,2026-03-19 09:59:17,2026-03-19 10:00:19,OK,NO
1040,9,2026-03-19 09:59:14,2026-03-19 10:00:22,OK,NO
1041,7,2026-03-19 09:58:18,2026-03-19 10:00:25,OK,NO
1039,11,2026-03-19 09:59:24,2026-03-19 10:00:34,OK,NO
1184,3,2026-03-19 10:00:25,2026-03-19 10:01:19,OK,NO
1040,10,2026-03-19 10:00:22,2026-03-19 10:01:20,OK,NO
1163,6,2026-03-19 10:00:25,2026-03-19 10:01:21,OK,NO
1187,2,2026-03-19 10:00:25,2026-03-19 10:01:22,OK,NO
1041,8,2026-03-19 10:00:25,2026-03-19 10:01:22,OK,NO
1199,1,2026-03-19 10:00:25,2026-03-19 10:01:25,OK,NO
1169,5,2026-03-19 10:00:25,2026-03-19 10:01:28,OK,NO
1039,12,2026-03-19 10:00:34,2026-03-19 10:01:30,OK,NO
1182,4,2026-03-19 10:00:25,2026-03-19 10:01:45,OK,NO
1041,9,2026-03-19 10:01:22,2026-03-19 10:02:10,OK,NO
1040,11,2026-03-19 10:01:20,2026-03-19 10:02:17,OK,NO
1042,7,2026-03-19 10:00:25,2026-03-19 10:02:51,OK,NO
1041,10,2026-03-19 10:02:10,2026-03-19 10:03:07,OK,NO
1040,12,2026-03-19 10:02:17,2026-03-19 10:03:23,OK,NO
1188,2,2026-03-19 10:02:51,2026-03-19 10:03:46,OK,NO
1200,1,2026-03-19 10:02:51,2026-03-19 10:03:46,OK,NO
1170,5,2026-03-19 10:02:51,2026-03-19 10:03:48,OK,NO
1185,3,2026-03-19 10:02:51,2026-03-19 10:03:48,OK,NO
1183,4,2026-03-19 10:02:51,2026-03-19 10:03:59,OK,NO
1164,6,2026-03-19 10:02:51,2026-03-19 10:04:02,OK,NO
1042,8,2026-03-19 10:02:51,2026-03-19 10:04:02,OK,NO
1041,11,2026-03-19 10:03:07,2026-03-19 10:04:10,OK,NO
1043,7,2026-03-19 10:02:51,2026-03-19 10:04:40,OK,NO
1042,9,2026-03-19 10:04:02,2026-03-19 10:04:54,OK,NO
1041,12,2026-03-19 10:04:10,2026-03-19 10:05:06,OK,NO
1043,8,2026-03-19 10:04:40,2026-03-19 10:05:37,OK,NO
1165,6,2026-03-19 10:04:40,2026-03-19 10:05:38,OK,NO
1171,5,2026-03-19 10:04:40,2026-03-19 10:05:38,OK,NO
1189,2,2026-03-19 10:04:40,2026-03-19 10:05:39,OK,NO
1201,1,2026-03-19 10:04:40,2026-03-19 10:05:42,OK,NO
1186,3,2026-03-19 10:04:40,2026-03-19 10:05:44,OK,NO
1042,10,2026-03-19 10:04:54,2026-03-19 10:05:48,OK,NO
1184,4,2026-03-19 10:04:40,2026-03-19 10:06:00,OK,NO
1043,9,2026-03-19 10:05:37,2026-03-19 10:06:34,OK,NO
1042,11,2026-03-19 10:05:48,2026-03-19 10:06:43,OK,NO
1044,7,2026-03-19 10:04:40,2026-03-19 10:07:13,OK,NO
1042,12,2026-03-19 10:06:43,2026-03-19 10:07:53,OK,NO
1185,4,2026-03-19 10:07:13,2026-03-19 10:08:04,OK,NO
1172,5,2026-03-19 10:07:13,2026-03-19 10:08:07,OK,NO
1187,3,2026-03-19 10:07:13,2026-03-19 10:08:11,OK,NO
1202,1,2026-03-19 10:07:13,2026-03-19 10:08:11,OK,NO
1166,6,2026-03-19 10:07:13,2026-03-19 10:08:15,OK,NO
1190,2,2026-03-19 10:07:13,2026-03-19 10:08:18,OK,NO
1044,8,2026-03-19 10:07:13,2026-03-19 10:08:18,OK,NO
1045,7,2026-03-19 10:07:13,2026-03-19 10:09:13,OK,NO
1043,10,2026-03-19 10:08:18,2026-03-19 10:09:22,OK,NO
1044,9,2026-03-19 10:08:18,2026-03-19 10:09:37,OK,NO
1188,3,2026-03-19 10:09:13,2026-03-19 10:10:06,OK,NO
1191,2,2026-03-19 10:09:13,2026-03-19 10:10:10,OK,NO
1173,5,2026-03-19 10:09:13,2026-03-19 10:10:14,OK,NO
1167,6,2026-03-19 10:09:13,2026-03-19 10:10:18,OK,NO
1045,8,2026-03-19 10:09:13,2026-03-19 10:10:19,OK,NO
1043,11,2026-03-19 10:09:22,2026-03-19 10:10:19,OK,NO
1186,4,2026-03-19 10:09:13,2026-03-19 10:10:30,OK,NO
1044,10,2026-03-19 10:09:37,2026-03-19 10:10:37,OK,NO
1046,7,2026-03-19 10:09:13,2026-03-19 10:10:57,OK,NO
1045,9,2026-03-19 10:10:19,2026-03-19 10:11:12,OK,NO
1043,12,2026-03-19 10:10:19,2026-03-19 10:11:17,OK,NO
1044,11,2026-03-19 10:10:37,2026-03-19 10:11:42,OK,NO
1189,3,2026-03-19 10:10:57,2026-03-19 10:11:48,OK,NO
1168,6,2026-03-19 10:10:57,2026-03-19 10:11:55,OK,NO
1046,8,2026-03-19 10:10:57,2026-03-19 10:11:59,OK,NO
1174,5,2026-03-19 10:10:57,2026-03-19 10:12:02,OK,NO
1045,10,2026-03-19 10:11:12,2026-03-19 10:12:06,OK,NO
1187,4,2026-03-19 10:10:57,2026-03-19 10:12:18,OK,NO
1203,1,2026-03-19 10:11:38,2026-03-19 10:12:32,OK,NO
1044,12,2026-03-19 10:11:42,2026-03-19 10:12:43,OK,NO
1046,9,2026-03-19 10:11:59,2026-03-19 10:12:57,OK,NO
1047,7,2026-03-19 10:10:57,2026-03-19 10:13:00,OK,NO
1045,11,2026-03-19 10:12:06,2026-03-19 10:13:14,OK,NO
1204,1,2026-03-19 10:12:46,2026-03-19 10:13:46,OK,NO
1192,2,2026-03-19 10:12:46,2026-03-19 10:13:49,OK,NO
1190,3,2026-03-19 10:13:00,2026-03-19 10:13:54,OK,NO
1188,4,2026-03-19 10:13:00,2026-03-19 10:13:55,OK,NO
1175,5,2026-03-19 10:13:00,2026-03-19 10:13:58,OK,NO
1046,10,2026-03-19 10:12:57,2026-03-19 10:14:00,OK,NO
1169,6,2026-03-19 10:13:00,2026-03-19 10:14:01,OK,NO
1045,12,2026-03-19 10:13:14,2026-03-19 10:14:08,OK,NO
1047,8,2026-03-19 10:13:00,2026-03-19 10:14:10,OK,NO
1048,7,2026-03-19 10:13:00,2026-03-19 10:14:39,OK,NO
1193,2,2026-03-19 10:13:49,2026-03-19 10:14:43,OK,NO
1205,1,2026-03-19 10:13:49,2026-03-19 10:14:55,OK,NO
1046,11,2026-03-19 10:14:00,2026-03-19 10:14:58,OK,NO
1047,9,2026-03-19 10:14:10,2026-03-19 10:15:12,OK,NO
1191,3,2026-03-19 10:14:39,2026-03-19 10:15:34,OK,NO
1048,8,2026-03-19 10:14:39,2026-03-19 10:15:37,OK,NO
1170,6,2026-03-19 10:14:39,2026-03-19 10:15:39,OK,NO
1176,5,2026-03-19 10:14:39,2026-03-19 10:15:39,OK,NO
1194,2,2026-03-19 10:14:43,2026-03-19 10:15:44,OK,NO
1189,4,2026-03-19 10:14:39,2026-03-19 10:15:48,OK,NO
1046,12,2026-03-19 10:14:58,2026-03-19 10:15:52,OK,NO
1206,1,2026-03-19 10:14:55,2026-03-19 10:15:55,OK,NO
1047,10,2026-03-19 10:15:12,2026-03-19 10:16:14,OK,NO
1048,9,2026-03-19 10:15:37,2026-03-19 10:16:29,OK,NO
1049,7,2026-03-19 10:14:39,2026-03-19 10:16:32,OK,NO
1047,11,2026-03-19 10:16:14,2026-03-19 10:17:16,OK,NO
1190,4,2026-03-19 10:16:32,2026-03-19 10:17:28,OK,NO
1048,10,2026-03-19 10:16:29,2026-03-19 10:17:30,OK,NO
1049,8,2026-03-19 10:16:32,2026-03-19 10:17:31,OK,NO
1192,3,2026-03-19 10:16:32,2026-03-19 10:17:35,OK,NO
1171,6,2026-03-19 10:16:32,2026-03-19 10:17:38,OK,NO
1195,2,2026-03-19 10:16:32,2026-03-19 10:17:40,OK,NO
1207,1,2026-03-19 10:16:32,2026-03-19 10:17:41,OK,NO
1177,5,2026-03-19 10:16:32,2026-03-19 10:17:46,OK,NO
1047,12,2026-03-19 10:17:16,2026-03-19 10:18:22,OK,NO
1050,7,2026-03-19 10:16:32,2026-03-19 10:18:26,OK,NO
1049,9,2026-03-19 10:17:31,2026-03-19 10:18:38,OK,NO
1048,11,2026-03-19 10:17:30,2026-03-19 10:18:39,OK,NO
1193,3,2026-03-19 10:18:26,2026-03-19 10:19:16,OK,NO
1196,2,2026-03-19 10:18:26,2026-03-19 10:19:22,OK,NO
1178,5,2026-03-19 10:18:26,2026-03-19 10:19:24,OK,NO
1191,4,2026-03-19 10:18:26,2026-03-19 10:19:25,OK,NO
1050,8,2026-03-19 10:18:26,2026-03-19 10:19:27,OK,NO
1208,1,2026-03-19 10:18:26,2026-03-19 10:19:30,OK,NO
1049,10,2026-03-19 10:18:38,2026-03-19 10:19:35,OK,NO
1048,12,2026-03-19 10:18:39,2026-03-19 10:19:40,OK,NO
1172,6,2026-03-19 10:18:26,2026-03-19 10:19:40,OK,NO
1050,9,2026-03-19 10:19:27,2026-03-19 10:20:27,OK,NO
1049,11,2026-03-19 10:19:35,2026-03-19 10:20:37,OK,NO
1051,7,2026-03-19 10:18:26,2026-03-19 10:20:41,OK,NO
1050,10,2026-03-19 10:20:27,2026-03-19 10:21:28,OK,NO
1049,12,2026-03-19 10:20:37,2026-03-19 10:21:34,OK,NO
1173,6,2026-03-19 10:20:41,2026-03-19 10:21:35,OK,NO
1197,2,2026-03-19 10:20:41,2026-03-19 10:21:37,OK,NO
1194,3,2026-03-19 10:20:41,2026-03-19 10:21:39,OK,NO
1051,8,2026-03-19 10:20:41,2026-03-19 10:21:40,OK,NO
1209,1,2026-03-19 10:20:41,2026-03-19 10:21:43,OK,NO
1192,4,2026-03-19 10:20:41,2026-03-19 10:21:45,OK,NO
1179,5,2026-03-19 10:20:41,2026-03-19 10:21:52,OK,NO
1050,11,2026-03-19 10:21:28,2026-03-19 10:22:28,OK,NO
1051,9,2026-03-19 10:21:40,2026-03-19 10:22:39,OK,NO
1052,7,2026-03-19 10:20:41,2026-03-19 10:22:41,OK,NO
1180,5,2026-03-19 10:22:41,2026-03-19 10:23:34,OK,NO
1050,12,2026-03-19 10:22:28,2026-03-19 10:23:36,OK,NO
1052,8,2026-03-19 10:22:41,2026-03-19 10:23:36,OK,NO
1210,1,2026-03-19 10:22:41,2026-03-19 10:23:38,OK,NO
1051,10,2026-03-19 10:22:39,2026-03-19 10:23:39,OK,NO
1195,3,2026-03-19 10:22:41,2026-03-19 10:23:40,OK,NO
1174,6,2026-03-19 10:22:41,2026-03-19 10:23:41,OK,NO
1198,2,2026-03-19 10:22:41,2026-03-19 10:23:43,OK,NO
1193,4,2026-03-19 10:22:41,2026-03-19 10:23:57,OK,NO
1052,9,2026-03-19 10:23:36,2026-03-19 10:24:41,OK,NO
1051,11,2026-03-19 10:23:39,2026-03-19 10:24:43,OK,NO
1053,7,2026-03-19 10:22:41,2026-03-19 10:25:33,OK,NO
1051,12,2026-03-19 10:24:43,2026-03-19 10:25:41,OK,NO
1052,10,2026-03-19 10:24:41,2026-03-19 10:25:45,OK,NO
1194,4,2026-03-19 10:25:33,2026-03-19 10:26:23,OK,NO
1053,8,2026-03-19 10:25:33,2026-03-19 10:26:28,OK,NO
1211,1,2026-03-19 10:25:33,2026-03-19 10:26:29,OK,NO
1181,5,2026-03-19 10:25:33,2026-03-19 10:26:32,OK,NO
1175,6,2026-03-19 10:25:33,2026-03-19 10:26:34,OK,NO
1199,2,2026-03-19 10:25:33,2026-03-19 10:26:35,OK,NO
1196,3,2026-03-19 10:25:33,2026-03-19 10:26:43,OK,NO
1052,11,2026-03-19 10:25:45,2026-03-19 10:26:52,OK,NO
1054,7,2026-03-19 10:25:33,2026-03-19 10:27:40,OK,NO
1052,12,2026-03-19 10:26:52,2026-03-19 10:27:43,OK,NO
1053,9,2026-03-19 10:26:28,2026-03-19 10:27:44,OK,NO
1182,5,2026-03-19 10:27:40,2026-03-19 10:28:32,OK,NO
1176,6,2026-03-19 10:27:40,2026-03-19 10:28:35,OK,NO
1197,3,2026-03-19 10:27:40,2026-03-19 10:28:38,OK,NO
1212,1,2026-03-19 10:27:40,2026-03-19 10:28:38,OK,NO
1054,8,2026-03-19 10:27:40,2026-03-19 10:28:40,OK,NO
1053,10,2026-03-19 10:27:44,2026-03-19 10:28:46,OK,NO
1200,2,2026-03-19 10:27:40,2026-03-19 10:28:47,OK,NO
1195,4,2026-03-19 10:27:40,2026-03-19 10:28:59,OK,NO
1055,7,2026-03-19 10:27:40,2026-03-19 10:29:16,OK,NO
1054,9,2026-03-19 10:28:40,2026-03-19 10:29:28,OK,NO
1053,11,2026-03-19 10:28:46,2026-03-19 10:29:48,OK,NO
1201,2,2026-03-19 10:29:16,2026-03-19 10:30:04,OK,NO
1055,8,2026-03-19 10:29:16,2026-03-19 10:30:06,OK,NO
1198,3,2026-03-19 10:29:16,2026-03-19 10:30:13,OK,NO
1213,1,2026-03-19 10:29:16,2026-03-19 10:30:15,OK,NO
1177,6,2026-03-19 10:29:16,2026-03-19 10:30:15,OK,NO
1054,10,2026-03-19 10:29:28,2026-03-19 10:30:22,OK,NO
1183,5,2026-03-19 10:29:16,2026-03-19 10:30:23,OK,NO
1196,4,2026-03-19 10:29:16,2026-03-19 10:30:34,OK,NO
1053,12,2026-03-19 10:29:48,2026-03-19 10:30:45,OK,NO
1055,9,2026-03-19 10:30:06,2026-03-19 10:30:59,OK,NO
1056,7,2026-03-19 10:29:16,2026-03-19 10:31:25,OK,NO
1055,10,2026-03-19 10:30:59,2026-03-19 10:31:57,OK,NO
1184,5,2026-03-19 10:31:25,2026-03-19 10:32:16,OK,NO
1202,2,2026-03-19 10:31:25,2026-03-19 10:32:18,OK,NO
1214,1,2026-03-19 10:31:25,2026-03-19 10:32:21,OK,NO
1197,4,2026-03-19 10:31:25,2026-03-19 10:32:21,OK,NO
1056,8,2026-03-19 10:31:25,2026-03-19 10:32:23,OK,NO
1178,6,2026-03-19 10:31:25,2026-03-19 10:32:24,OK,NO
1199,3,2026-03-19 10:31:25,2026-03-19 10:32:25,OK,NO
1056,9,2026-03-19 10:32:23,2026-03-19 10:33:14,OK,NO
1054,11,2026-03-19 10:32:25,2026-03-19 10:33:21,OK,NO
1057,7,2026-03-19 10:31:25,2026-03-19 10:33:22,OK,NO
1056,10,2026-03-19 10:33:14,2026-03-19 10:34:04,OK,NO
1055,11,2026-03-19 10:33:21,2026-03-19 10:34:15,OK,NO
1057,8,2026-03-19 10:33:22,2026-03-19 10:34:18,OK,NO
1200,3,2026-03-19 10:33:22,2026-03-19 10:34:21,OK,NO
1215,1,2026-03-19 10:33:22,2026-03-19 10:34:22,OK,NO
1203,2,2026-03-19 10:33:22,2026-03-19 10:34:25,OK,NO
1179,6,2026-03-19 10:33:22,2026-03-19 10:34:29,OK,NO
1054,12,2026-03-19 10:33:21,2026-03-19 10:34:31,OK,NO
1185,5,2026-03-19 10:33:22,2026-03-19 10:34:34,OK,NO
1198,4,2026-03-19 10:33:22,2026-03-19 10:34:35,OK,NO
1056,11,2026-03-19 10:34:15,2026-03-19 10:35:13,OK,NO
1057,9,2026-03-19 10:34:18,2026-03-19 10:35:29,OK,NO
1055,12,2026-03-19 10:34:31,2026-03-19 10:35:29,OK,NO
1058,7,2026-03-19 10:33:22,2026-03-19 10:35:53,OK,NO
1057,10,2026-03-19 10:35:29,2026-03-19 10:36:30,OK,NO
1056,12,2026-03-19 10:35:29,2026-03-19 10:36:30,OK,NO
1201,3,2026-03-19 10:35:53,2026-03-19 10:36:44,OK,NO
1180,6,2026-03-19 10:35:53,2026-03-19 10:36:53,OK,NO
1216,1,2026-03-19 10:35:53,2026-03-19 10:36:54,OK,NO
1186,5,2026-03-19 10:35:53,2026-03-19 10:36:58,OK,NO
1058,8,2026-03-19 10:35:53,2026-03-19 10:37:01,OK,NO
1204,2,2026-03-19 10:35:53,2026-03-19 10:37:02,OK,NO
1199,4,2026-03-19 10:35:53,2026-03-19 10:37:15,OK,NO
1057,11,2026-03-19 10:36:30,2026-03-19 10:37:29,OK,NO
1058,9,2026-03-19 10:37:01,2026-03-19 10:38:02,OK,NO
1057,12,2026-03-19 10:37:29,2026-03-19 10:38:30,OK,NO
1059,7,2026-03-19 10:35:53,2026-03-19 10:38:40,OK,NO
1058,10,2026-03-19 10:38:02,2026-03-19 10:39:02,OK,NO
1059,8,2026-03-19 10:38:40,2026-03-19 10:39:36,OK,NO
1205,2,2026-03-19 10:38:40,2026-03-19 10:39:40,OK,NO
1181,6,2026-03-19 10:38:40,2026-03-19 10:39:40,OK,NO
1217,1,2026-03-19 10:38:40,2026-03-19 10:39:40,OK,NO
1202,3,2026-03-19 10:38:40,2026-03-19 10:39:46,OK,NO
1187,5,2026-03-19 10:38:40,2026-03-19 10:39:48,OK,NO
1058,11,2026-03-19 10:39:02,2026-03-19 10:40:00,OK,NO
1200,4,2026-03-19 10:38:40,2026-03-19 10:40:17,OK,NO
1060,7,2026-03-19 10:38:40,2026-03-19 10:40:52,OK,NO
1058,12,2026-03-19 10:40:00,2026-03-19 10:40:57,OK,NO
1059,9,2026-03-19 10:39:36,2026-03-19 10:41:00,OK,NO
1206,2,2026-03-19 10:40:52,2026-03-19 10:41:42,OK,NO
1203,3,2026-03-19 10:40:52,2026-03-19 10:41:48,OK,NO
1182,6,2026-03-19 10:40:52,2026-03-19 10:41:48,OK,NO
1201,4,2026-03-19 10:40:52,2026-03-19 10:41:51,OK,NO
1060,8,2026-03-19 10:40:52,2026-03-19 10:42:00,OK,NO
1059,10,2026-03-19 10:41:00,2026-03-19 10:42:02,OK,NO
1188,5,2026-03-19 10:40:52,2026-03-19 10:42:05,OK,NO
1061,7,2026-03-19 10:40:52,2026-03-19 10:42:52,OK,NO
1059,11,2026-03-19 10:42:02,2026-03-19 10:42:59,OK,NO
1060,9,2026-03-19 10:42:00,2026-03-19 10:43:08,OK,NO
1218,1,2026-03-19 10:42:29,2026-03-19 10:43:32,OK,NO
1183,6,2026-03-19 10:42:52,2026-03-19 10:43:40,OK,NO
1207,2,2026-03-19 10:42:52,2026-03-19 10:43:47,OK,NO
1202,4,2026-03-19 10:42:52,2026-03-19 10:43:51,OK,NO
1189,5,2026-03-19 10:42:52,2026-03-19 10:43:53,OK,NO
1204,3,2026-03-19 10:42:52,2026-03-19 10:43:57,OK,NO
1059,12,2026-03-19 10:42:59,2026-03-19 10:44:00,OK,NO
1061,8,2026-03-19 10:42:52,2026-03-19 10:44:00,OK,NO
1060,10,2026-03-19 10:43:08,2026-03-19 10:44:06,OK,NO
1219,1,2026-03-19 10:43:32,2026-03-19 10:44:36,OK,NO
1062,7,2026-03-19 10:42:52,2026-03-19 10:44:58,OK,NO
1061,9,2026-03-19 10:44:00,2026-03-19 10:45:06,OK,NO
1060,11,2026-03-19 10:44:06,2026-03-19 10:45:06,OK,NO
1062,8,2026-03-19 10:44:58,2026-03-19 10:45:50,OK,NO
1190,5,2026-03-19 10:44:58,2026-03-19 10:45:52,OK,NO
1184,6,2026-03-19 10:44:58,2026-03-19 10:45:56,OK,NO
1220,1,2026-03-19 10:44:58,2026-03-19 10:45:58,OK,NO
1205,3,2026-03-19 10:44:58,2026-03-19 10:45:59,OK,NO
1208,2,2026-03-19 10:44:58,2026-03-19 10:46:02,OK,NO
1061,10,2026-03-19 10:45:06,2026-03-19 10:46:03,OK,NO
1203,4,2026-03-19 10:44:58,2026-03-19 10:46:07,OK,NO
1060,12,2026-03-19 10:45:06,2026-03-19 10:46:11,OK,NO
1062,9,2026-03-19 10:45:50,2026-03-19 10:46:43,OK,NO
1063,7,2026-03-19 10:44:58,2026-03-19 10:46:52,OK,NO
1061,11,2026-03-19 10:46:03,2026-03-19 10:47:09,OK,NO
1062,10,2026-03-19 10:46:43,2026-03-19 10:47:37,OK,NO
1191,5,2026-03-19 10:46:52,2026-03-19 10:47:46,OK,NO
1209,2,2026-03-19 10:46:52,2026-03-19 10:47:50,OK,NO
1063,8,2026-03-19 10:46:52,2026-03-19 10:47:50,OK,NO
1204,4,2026-03-19 10:46:52,2026-03-19 10:47:55,OK,NO
1206,3,2026-03-19 10:46:52,2026-03-19 10:47:55,OK,NO
1185,6,2026-03-19 10:46:52,2026-03-19 10:47:59,OK,NO
1221,1,2026-03-19 10:46:52,2026-03-19 10:48:09,OK,NO
1061,12,2026-03-19 10:47:09,2026-03-19 10:48:15,OK,NO
1064,7,2026-03-19 10:46:52,2026-03-19 10:48:31,OK,NO
1062,11,2026-03-19 10:47:37,2026-03-19 10:48:39,OK,NO
1063,9,2026-03-19 10:47:50,2026-03-19 10:48:50,OK,NO
1186,6,2026-03-19 10:48:31,2026-03-19 10:49:27,OK,NO
1062,12,2026-03-19 10:48:39,2026-03-19 10:49:28,OK,NO
1210,2,2026-03-19 10:48:31,2026-03-19 10:49:29,OK,NO
1192,5,2026-03-19 10:48:31,2026-03-19 10:49:29,OK,NO
1064,8,2026-03-19 10:48:31,2026-03-19 10:49:34,OK,NO
1222,1,2026-03-19 10:48:31,2026-03-19 10:49:38,OK,NO
1063,10,2026-03-19 10:48:50,2026-03-19 10:49:40,OK,NO
1205,4,2026-03-19 10:48:31,2026-03-19 10:49:40,OK,NO
1207,3,2026-03-19 10:48:31,2026-03-19 10:49:42,OK,NO
1065,7,2026-03-19 10:48:31,2026-03-19 10:50:19,OK,NO
1063,11,2026-03-19 10:49:40,2026-03-19 10:50:44,OK,NO
1064,9,2026-03-19 10:49:34,2026-03-19 10:50:45,OK,NO
1065,8,2026-03-19 10:50:19,2026-03-19 10:51:18,OK,NO
1064,10,2026-03-19 10:50:45,2026-03-19 10:51:42,OK,NO
1063,12,2026-03-19 10:50:44,2026-03-19 10:51:49,OK,NO
1065,9,2026-03-19 10:51:18,2026-03-19 10:52:26,OK,NO
1064,11,2026-03-19 10:51:42,2026-03-19 10:52:46,OK,NO
1065,10,2026-03-19 10:52:26,2026-03-19 10:53:14,OK,NO
1064,12,2026-03-19 10:52:46,2026-03-19 10:53:52,OK,NO
1065,11,2026-03-19 10:53:14,2026-03-19 10:54:17,OK,NO
1065,12,2026-03-19 10:54:17,2026-03-19 10:55:12,OK,NO
1211,2,2026-03-19 10:54:27,2026-03-19 10:55:21,OK,NO
1193,5,2026-03-19 10:54:27,2026-03-19 10:55:24,OK,NO
1187,6,2026-03-19 10:54:27,2026-03-19 10:55:28,OK,NO
1223,1,2026-03-19 10:54:27,2026-03-19 10:55:29,OK,NO
1206,4,2026-03-19 10:54:27,2026-03-19 10:55:34,OK,NO
1208,3,2026-03-19 10:54:27,2026-03-19 10:55:35,OK,NO
1066,7,2026-03-19 10:54:27,2026-03-19 10:56:27,OK,NO
1066,8,2026-03-19 10:56:27,2026-03-19 10:57:20,OK,NO
1209,3,2026-03-19 10:56:27,2026-03-19 10:57:21,OK,NO
1212,2,2026-03-19 10:56:27,2026-03-19 10:57:23,OK,NO
1207,4,2026-03-19 10:56:27,2026-03-19 10:57:26,OK,NO
1188,6,2026-03-19 10:56:27,2026-03-19 10:57:26,OK,NO
1194,5,2026-03-19 10:56:27,2026-03-19 10:57:26,OK,NO
1224,1,2026-03-19 10:56:27,2026-03-19 10:57:31,OK,NO
1067,7,2026-03-19 10:56:27,2026-03-19 10:58:25,OK,NO
1066,9,2026-03-19 10:57:20,2026-03-19 10:58:27,OK,NO
1067,8,2026-03-19 10:58:25,2026-03-19 10:59:18,OK,NO
1195,5,2026-03-19 10:58:25,2026-03-19 10:59:29,OK,NO
1066,10,2026-03-19 10:58:27,2026-03-19 10:59:30,OK,NO
1189,6,2026-03-19 10:58:25,2026-03-19 10:59:35,OK,NO
1068,7,2026-03-19 10:58:25,2026-03-19 11:00:16,OK,NO
1066,11,2026-03-19 10:59:30,2026-03-19 11:00:30,OK,NO
1068,8,2026-03-19 11:00:16,2026-03-19 11:01:12,OK,NO
1066,12,2026-03-19 11:00:30,2026-03-19 11:01:25,OK,NO
1067,9,2026-03-19 11:02:06,2026-03-19 11:03:07,OK,NO
1067,10,2026-03-19 11:03:07,2026-03-19 11:04:02,OK,NO
1068,9,2026-03-19 11:03:07,2026-03-19 11:04:07,OK,NO
1067,11,2026-03-19 11:04:02,2026-03-19 11:04:55,OK,NO
1068,10,2026-03-19 11:04:07,2026-03-19 11:05:05,OK,NO
1067,12,2026-03-19 11:04:55,2026-03-19 11:05:52,OK,NO
1068,11,2026-03-19 11:05:05,2026-03-19 11:06:09,OK,NO
1210,3,2026-03-19 11:05:10,2026-03-19 11:06:10,OK,NO
1225,1,2026-03-19 11:05:10,2026-03-19 11:06:10,OK,NO
1213,2,2026-03-19 11:05:10,2026-03-19 11:06:13,OK,NO
1208,4,2026-03-19 11:05:10,2026-03-19 11:06:29,OK,NO
1068,12,2026-03-19 11:06:09,2026-03-19 11:07:09,OK,NO
1211,3,2026-03-19 11:14:22,2026-03-19 11:15:14,OK,NO
1196,5,2026-03-19 11:14:22,2026-03-19 11:15:17,OK,NO
1190,6,2026-03-19 11:14:22,2026-03-19 11:15:24,OK,NO
1209,4,2026-03-19 11:14:22,2026-03-19 11:15:28,OK,NO
1214,2,2026-03-19 11:14:59,2026-03-19 11:15:53,OK,NO
1226,1,2026-03-19 11:14:59,2026-03-19 11:16:03,OK,NO
1069,7,2026-03-19 11:14:22,2026-03-19 11:16:25,OK,NO
1069,8,2026-03-19 11:16:25,2026-03-19 11:17:17,OK,NO
1191,6,2026-03-19 11:16:25,2026-03-19 11:17:18,OK,NO
1197,5,2026-03-19 11:16:25,2026-03-19 11:17:27,OK,NO
1070,7,2026-03-19 11:16:25,2026-03-19 11:18:00,OK,NO
1069,9,2026-03-19 11:17:17,2026-03-19 11:18:15,OK,NO
1070,8,2026-03-19 11:18:00,2026-03-19 11:18:51,OK,NO
1198,5,2026-03-19 11:18:00,2026-03-19 11:18:53,OK,NO
1192,6,2026-03-19 11:18:00,2026-03-19 11:18:59,OK,NO
1069,10,2026-03-19 11:18:15,2026-03-19 11:19:16,OK,NO
1070,9,2026-03-19 11:18:51,2026-03-19 11:19:40,OK,NO
1071,7,2026-03-19 11:18:00,2026-03-19 11:20:00,OK,NO
1069,11,2026-03-19 11:19:16,2026-03-19 11:20:20,OK,NO
1070,10,2026-03-19 11:19:40,2026-03-19 11:20:44,OK,NO
1199,5,2026-03-19 11:20:00,2026-03-19 11:20:57,OK,NO
1071,8,2026-03-19 11:20:00,2026-03-19 11:20:59,OK,NO
1193,6,2026-03-19 11:20:00,2026-03-19 11:21:13,OK,NO
1069,12,2026-03-19 11:20:20,2026-03-19 11:21:27,OK,NO
1071,9,2026-03-19 11:20:59,2026-03-19 11:21:57,OK,NO
1072,7,2026-03-19 11:20:00,2026-03-19 11:22:07,OK,NO
1071,10,2026-03-19 11:21:57,2026-03-19 11:22:52,OK,NO
1072,8,2026-03-19 11:22:07,2026-03-19 11:23:01,OK,NO
1194,6,2026-03-19 11:22:07,2026-03-19 11:23:01,OK,NO
1070,11,2026-03-19 11:21:59,2026-03-19 11:23:02,OK,NO
1200,5,2026-03-19 11:22:07,2026-03-19 11:23:07,OK,NO
1073,7,2026-03-19 11:22:07,2026-03-19 11:24:00,OK,NO
1070,12,2026-03-19 11:23:02,2026-03-19 11:24:04,OK,NO
1072,9,2026-03-19 11:23:01,2026-03-19 11:24:09,OK,NO
1071,11,2026-03-19 11:23:02,2026-03-19 11:24:15,OK,NO
1195,6,2026-03-19 11:24:00,2026-03-19 11:24:57,OK,NO
1201,5,2026-03-19 11:24:00,2026-03-19 11:25:02,OK,NO
1073,8,2026-03-19 11:24:00,2026-03-19 11:25:04,OK,NO
1071,12,2026-03-19 11:24:15,2026-03-19 11:25:12,OK,NO
1072,10,2026-03-19 11:24:09,2026-03-19 11:25:13,OK,NO
1073,9,2026-03-19 11:25:04,2026-03-19 11:26:08,OK,NO
1072,11,2026-03-19 11:25:13,2026-03-19 11:26:14,OK,NO
1074,7,2026-03-19 11:24:00,2026-03-19 11:26:26,OK,NO
1073,10,2026-03-19 11:26:08,2026-03-19 11:26:59,OK,NO
1072,12,2026-03-19 11:26:14,2026-03-19 11:27:12,OK,NO
1196,6,2026-03-19 11:26:26,2026-03-19 11:27:31,OK,NO
1202,5,2026-03-19 11:26:26,2026-03-19 11:27:33,OK,NO
1074,8,2026-03-19 11:26:26,2026-03-19 11:27:35,OK,NO
1073,11,2026-03-19 11:26:59,2026-03-19 11:28:02,OK,NO
1075,7,2026-03-19 11:26:26,2026-03-19 11:28:06,OK,NO
1074,9,2026-03-19 11:27:35,2026-03-19 11:28:49,OK,NO
1073,12,2026-03-19 11:28:02,2026-03-19 11:28:58,OK,NO
1197,6,2026-03-19 11:28:06,2026-03-19 11:29:01,OK,NO
1203,5,2026-03-19 11:28:06,2026-03-19 11:29:08,OK,NO
1075,8,2026-03-19 11:28:06,2026-03-19 11:29:18,OK,NO
1074,10,2026-03-19 11:28:49,2026-03-19 11:29:41,OK,NO
1075,9,2026-03-19 11:29:18,2026-03-19 11:30:16,OK,NO
1074,11,2026-03-19 11:29:41,2026-03-19 11:30:34,OK,NO
1076,7,2026-03-19 11:28:06,2026-03-19 11:30:54,OK,NO
1075,10,2026-03-19 11:30:16,2026-03-19 11:31:21,OK,NO
1074,12,2026-03-19 11:30:34,2026-03-19 11:31:29,OK,NO
1204,5,2026-03-19 11:30:54,2026-03-19 11:31:51,OK,NO
1198,6,2026-03-19 11:30:54,2026-03-19 11:31:52,OK,NO
1076,8,2026-03-19 11:30:54,2026-03-19 11:31:59,OK,NO
1075,11,2026-03-19 11:31:21,2026-03-19 11:32:17,OK,NO
1077,7,2026-03-19 11:30:54,2026-03-19 11:32:52,OK,NO
1075,12,2026-03-19 11:32:17,2026-03-19 11:33:08,OK,NO
1076,9,2026-03-19 11:31:59,2026-03-19 11:33:27,OK,NO
1205,5,2026-03-19 11:32:52,2026-03-19 11:33:53,OK,NO
1199,6,2026-03-19 11:32:52,2026-03-19 11:33:56,OK,NO
1077,8,2026-03-19 11:32:52,2026-03-19 11:34:02,OK,NO
1076,10,2026-03-19 11:33:27,2026-03-19 11:34:34,OK,NO
1078,7,2026-03-19 11:32:52,2026-03-19 11:34:50,OK,NO
1077,9,2026-03-19 11:34:02,2026-03-19 11:34:56,OK,NO
1076,11,2026-03-19 11:34:34,2026-03-19 11:35:42,OK,NO
1077,10,2026-03-19 11:34:56,2026-03-19 11:35:52,OK,NO
1200,6,2026-03-19 11:34:56,2026-03-19 11:35:54,OK,NO
1206,5,2026-03-19 11:34:56,2026-03-19 11:35:56,OK,NO
1078,8,2026-03-19 11:34:50,2026-03-19 11:35:56,OK,NO
1077,11,2026-03-19 11:35:52,2026-03-19 11:36:44,OK,NO
1079,7,2026-03-19 11:34:56,2026-03-19 11:36:44,OK,NO
1076,12,2026-03-19 11:35:42,2026-03-19 11:36:48,OK,NO
1078,9,2026-03-19 11:35:56,2026-03-19 11:36:56,OK,NO
1079,8,2026-03-19 11:36:44,2026-03-19 11:37:36,OK,NO
1077,12,2026-03-19 11:36:48,2026-03-19 11:37:38,OK,NO
1207,5,2026-03-19 11:36:44,2026-03-19 11:37:40,OK,NO
1201,6,2026-03-19 11:36:44,2026-03-19 11:37:41,OK,NO
1078,10,2026-03-19 11:36:56,2026-03-19 11:38:06,OK,NO
1079,9,2026-03-19 11:37:36,2026-03-19 11:38:35,OK,NO
1078,11,2026-03-19 11:38:06,2026-03-19 11:39:10,OK,NO
1080,7,2026-03-19 11:36:44,2026-03-19 11:39:23,OK,NO
1079,10,2026-03-19 11:38:35,2026-03-19 11:39:30,OK,NO
1080,8,2026-03-19 11:39:23,2026-03-19 11:40:13,OK,NO
1078,12,2026-03-19 11:39:10,2026-03-19 11:40:15,OK,NO
1208,5,2026-03-19 11:39:23,2026-03-19 11:40:18,OK,NO
1202,6,2026-03-19 11:39:23,2026-03-19 11:40:25,OK,NO
1079,11,2026-03-19 11:39:30,2026-03-19 11:40:27,OK,NO
1081,7,2026-03-19 11:39:23,2026-03-19 11:41:20,OK,NO
1079,12,2026-03-19 11:40:27,2026-03-19 11:41:29,OK,NO
1080,9,2026-03-19 11:40:13,2026-03-19 11:41:31,OK,NO
1209,5,2026-03-19 11:41:20,2026-03-19 11:42:17,OK,NO
1081,8,2026-03-19 11:41:20,2026-03-19 11:42:22,OK,NO
1203,6,2026-03-19 11:41:20,2026-03-19 11:42:22,OK,NO
1080,10,2026-03-19 11:41:31,2026-03-19 11:42:34,OK,NO
1081,9,2026-03-19 11:42:22,2026-03-19 11:43:14,OK,NO
1080,11,2026-03-19 11:42:34,2026-03-19 11:43:29,OK,NO
1082,7,2026-03-19 11:41:20,2026-03-19 11:43:31,OK,NO
1081,10,2026-03-19 11:43:14,2026-03-19 11:44:17,OK,NO
1080,12,2026-03-19 11:43:29,2026-03-19 11:44:33,OK,NO
1204,6,2026-03-19 11:43:31,2026-03-19 11:44:35,OK,NO
1082,8,2026-03-19 11:43:31,2026-03-19 11:44:36,OK,NO
1081,11,2026-03-19 11:44:17,2026-03-19 11:45:10,OK,NO
1083,7,2026-03-19 11:43:31,2026-03-19 11:45:29,OK,NO
1082,9,2026-03-19 11:44:36,2026-03-19 11:45:35,OK,NO
1081,12,2026-03-19 11:45:10,2026-03-19 11:46:18,OK,NO
1205,6,2026-03-19 11:45:29,2026-03-19 11:46:29,OK,NO
1082,10,2026-03-19 11:45:35,2026-03-19 11:46:30,OK,NO
1083,8,2026-03-19 11:45:29,2026-03-19 11:46:36,OK,NO
1084,7,2026-03-19 11:45:29,2026-03-19 11:47:20,OK,NO
1082,11,2026-03-19 11:46:30,2026-03-19 11:47:27,OK,NO
1083,9,2026-03-19 11:46:36,2026-03-19 11:47:29,OK,NO
1084,8,2026-03-19 11:47:20,2026-03-19 11:48:23,OK,NO
1206,6,2026-03-19 11:47:20,2026-03-19 11:48:26,OK,NO
1083,10,2026-03-19 11:47:29,2026-03-19 11:48:27,OK,NO
1082,12,2026-03-19 11:47:27,2026-03-19 11:48:29,OK,NO
1085,7,2026-03-19 11:47:20,2026-03-19 11:49:03,OK,NO
1084,9,2026-03-19 11:48:23,2026-03-19 11:49:16,OK,NO
1083,11,2026-03-19 11:48:27,2026-03-19 11:49:27,OK,NO
1207,6,2026-03-19 11:49:03,2026-03-19 11:50:01,OK,NO
1085,8,2026-03-19 11:49:03,2026-03-19 11:50:09,OK,NO
1084,10,2026-03-19 11:49:16,2026-03-19 11:50:22,OK,NO
1083,12,2026-03-19 11:49:27,2026-03-19 11:50:31,OK,NO
1085,9,2026-03-19 11:50:09,2026-03-19 11:51:10,OK,NO
1086,7,2026-03-19 11:49:03,2026-03-19 11:51:11,OK,NO
1084,11,2026-03-19 11:50:22,2026-03-19 11:51:24,OK,NO
1085,10,2026-03-19 11:51:10,2026-03-19 11:52:03,OK,NO
1208,6,2026-03-19 11:51:11,2026-03-19 11:52:08,OK,NO
1084,12,2026-03-19 11:51:24,2026-03-19 11:52:24,OK,NO
1085,11,2026-03-19 11:52:03,2026-03-19 11:52:52,OK,NO
1087,7,2026-03-19 11:51:11,2026-03-19 11:53:17,OK,NO
1085,12,2026-03-19 11:52:52,2026-03-19 11:54:01,OK,NO
1209,6,2026-03-19 11:53:17,2026-03-19 11:54:14,OK,NO
1088,7,2026-03-19 11:53:17,2026-03-19 11:55:51,OK,NO
1089,7,2026-03-19 11:55:51,2026-03-19 11:58:01,OK,NO
1086,8,2026-03-19 11:58:13,2026-03-19 11:59:05,OK,NO
1090,7,2026-03-19 11:58:01,2026-03-19 11:59:56,OK,NO
1086,9,2026-03-19 11:59:05,2026-03-19 12:00:02,OK,NO
1087,8,2026-03-19 11:59:05,2026-03-19 12:00:04,OK,NO
1086,10,2026-03-19 12:00:02,2026-03-19 12:00:53,OK,NO
1088,8,2026-03-19 12:00:04,2026-03-19 12:01:07,OK,NO
1087,9,2026-03-19 12:00:04,2026-03-19 12:01:08,OK,NO
1086,11,2026-03-19 12:00:53,2026-03-19 12:01:50,OK,NO
1089,8,2026-03-19 12:01:07,2026-03-19 12:02:00,OK,NO
1088,9,2026-03-19 12:01:08,2026-03-19 12:02:06,OK,NO
1087,10,2026-03-19 12:01:08,2026-03-19 12:02:11,OK,NO
1086,12,2026-03-19 12:01:50,2026-03-19 12:02:54,OK,NO
1090,8,2026-03-19 12:02:00,2026-03-19 12:02:59,OK,NO
1087,11,2026-03-19 12:02:11,2026-03-19 12:03:01,OK,NO
1212,3,2026-03-19 12:02:04,2026-03-19 12:03:01,OK,NO
1088,10,2026-03-19 12:02:11,2026-03-19 12:03:04,OK,NO
1215,2,2026-03-19 12:02:04,2026-03-19 12:03:09,OK,NO
1210,4,2026-03-19 12:02:04,2026-03-19 12:03:21,OK,NO
1089,9,2026-03-19 12:02:06,2026-03-19 12:03:25,OK,NO
1088,11,2026-03-19 12:03:04,2026-03-19 12:04:07,OK,NO
1087,12,2026-03-19 12:03:01,2026-03-19 12:04:09,OK,NO
1216,2,2026-03-19 12:03:21,2026-03-19 12:04:13,OK,NO
1210,5,2026-03-19 12:03:21,2026-03-19 12:04:16,OK,NO
1213,3,2026-03-19 12:03:21,2026-03-19 12:04:24,OK,NO
1090,9,2026-03-19 12:03:25,2026-03-19 12:04:26,OK,NO
1211,4,2026-03-19 12:03:21,2026-03-19 12:04:27,OK,NO
1089,10,2026-03-19 12:03:25,2026-03-19 12:04:29,OK,NO
1088,12,2026-03-19 12:04:09,2026-03-19 12:05:08,OK,NO
1210,6,2026-03-19 12:04:16,2026-03-19 12:05:16,OK,NO
1212,4,2026-03-19 12:04:27,2026-03-19 12:05:19,OK,NO
1214,3,2026-03-19 12:04:27,2026-03-19 12:05:23,OK,NO
1217,2,2026-03-19 12:04:27,2026-03-19 12:05:26,OK,NO
1211,5,2026-03-19 12:04:27,2026-03-19 12:05:27,OK,NO
1090,10,2026-03-19 12:04:29,2026-03-19 12:05:31,OK,NO
1089,11,2026-03-19 12:04:29,2026-03-19 12:05:38,OK,NO
1212,5,2026-03-19 12:05:27,2026-03-19 12:06:18,OK,NO
1218,2,2026-03-19 12:05:26,2026-03-19 12:06:24,OK,NO
1211,6,2026-03-19 12:05:27,2026-03-19 12:06:32,OK,NO
1215,3,2026-03-19 12:05:23,2026-03-19 12:06:34,OK,NO
1090,11,2026-03-19 12:05:38,2026-03-19 12:06:35,OK,NO
1213,4,2026-03-19 12:05:19,2026-03-19 12:06:38,OK,NO
1089,12,2026-03-19 12:05:38,2026-03-19 12:06:41,OK,NO
1090,12,2026-03-19 12:06:41,2026-03-19 12:07:33,OK,NO
1213,5,2026-03-19 12:06:38,2026-03-19 12:07:46,OK,NO
1216,3,2026-03-19 12:06:38,2026-03-19 12:07:49,OK,NO
1214,4,2026-03-19 12:06:38,2026-03-19 12:08:01,OK,NO
1214,5,2026-03-19 12:08:01,2026-03-19 12:08:59,OK,NO
1215,4,2026-03-19 12:08:01,2026-03-19 12:09:07,OK,NO
1217,3,2026-03-19 12:08:01,2026-03-19 12:09:09,OK,NO
1215,5,2026-03-19 12:09:07,2026-03-19 12:10:03,OK,NO
1218,3,2026-03-19 12:09:09,2026-03-19 12:10:09,OK,NO
1216,4,2026-03-19 12:09:07,2026-03-19 12:10:18,OK,NO
1216,5,2026-03-19 12:10:18,2026-03-19 12:11:09,OK,NO
1217,4,2026-03-19 12:10:18,2026-03-19 12:11:32,OK,NO
1217,5,2026-03-19 12:11:32,2026-03-19 12:12:25,OK,NO
1227,1,2026-03-19 12:11:39,2026-03-19 12:12:32,OK,NO
1218,4,2026-03-19 12:11:32,2026-03-19 12:12:43,OK,NO
1228,1,2026-03-19 12:12:32,2026-03-19 12:13:23,OK,NO
1229,1,2026-03-19 12:13:23,2026-03-19 12:14:21,OK,NO
1230,1,2026-03-19 12:14:21,2026-03-19 12:15:20,OK,NO
1212,6,2026-03-19 12:14:46,2026-03-19 12:15:49,OK,NO
1091,7,2026-03-19 12:14:46,2026-03-19 12:17:23,OK,NO
1218,5,2026-03-19 12:16:46,2026-03-19 12:17:44,OK,NO
1219,2,2026-03-19 12:17:11,2026-03-19 12:18:05,OK,NO
1231,1,2026-03-19 12:17:11,2026-03-19 12:18:12,OK,NO
1091,8,2026-03-19 12:17:23,2026-03-19 12:18:20,OK,NO
1213,6,2026-03-19 12:17:23,2026-03-19 12:18:28,OK,NO
1219,3,2026-03-19 12:18:05,2026-03-19 12:18:53,OK,NO
1220,2,2026-03-19 12:18:05,2026-03-19 12:19:00,OK,NO
1232,1,2026-03-19 12:18:12,2026-03-19 12:19:13,OK,NO
1091,9,2026-03-19 12:18:20,2026-03-19 12:19:38,OK,NO
1219,4,2026-03-19 12:18:53,2026-03-19 12:19:52,OK,NO
1092,7,2026-03-19 12:17:23,2026-03-19 12:19:53,OK,NO
1220,3,2026-03-19 12:19:00,2026-03-19 12:19:54,OK,NO
1221,2,2026-03-19 12:19:00,2026-03-19 12:20:01,OK,NO
1233,1,2026-03-19 12:19:13,2026-03-19 12:20:05,OK,NO
1091,10,2026-03-19 12:19:38,2026-03-19 12:20:33,OK,NO
1092,8,2026-03-19 12:19:53,2026-03-19 12:20:47,OK,NO
1214,6,2026-03-19 12:19:53,2026-03-19 12:20:51,OK,NO
1219,5,2026-03-19 12:19:52,2026-03-19 12:20:52,OK,NO
1220,4,2026-03-19 12:19:54,2026-03-19 12:20:53,OK,NO
1222,2,2026-03-19 12:20:01,2026-03-19 12:20:53,OK,NO
1221,3,2026-03-19 12:20:01,2026-03-19 12:21:03,OK,NO
1234,1,2026-03-19 12:20:05,2026-03-19 12:21:03,OK,NO
1091,11,2026-03-19 12:20:33,2026-03-19 12:21:37,OK,NO
1223,2,2026-03-19 12:20:53,2026-03-19 12:21:47,OK,NO
1092,9,2026-03-19 12:20:47,2026-03-19 12:21:50,OK,NO
1220,5,2026-03-19 12:20:53,2026-03-19 12:21:50,OK,NO
1222,3,2026-03-19 12:21:03,2026-03-19 12:21:55,OK,NO
1235,1,2026-03-19 12:21:03,2026-03-19 12:22:00,OK,NO
1093,7,2026-03-19 12:19:53,2026-03-19 12:22:01,OK,NO
1221,4,2026-03-19 12:21:03,2026-03-19 12:22:16,OK,NO
1092,10,2026-03-19 12:21:50,2026-03-19 12:22:40,OK,NO
1091,12,2026-03-19 12:21:37,2026-03-19 12:22:45,OK,NO
1224,2,2026-03-19 12:21:47,2026-03-19 12:22:48,OK,NO
1223,3,2026-03-19 12:21:55,2026-03-19 12:22:50,OK,NO
1236,1,2026-03-19 12:22:00,2026-03-19 12:22:53,OK,NO
1215,6,2026-03-19 12:22:01,2026-03-19 12:23:07,OK,NO
1093,8,2026-03-19 12:22:01,2026-03-19 12:23:10,OK,NO
1222,4,2026-03-19 12:22:16,2026-03-19 12:23:16,OK,NO
1221,5,2026-03-19 12:22:16,2026-03-19 12:23:26,OK,NO
1092,11,2026-03-19 12:22:40,2026-03-19 12:23:30,OK,NO
1225,2,2026-03-19 12:22:48,2026-03-19 12:23:41,OK,NO
1224,3,2026-03-19 12:22:50,2026-03-19 12:23:44,OK,NO
1237,1,2026-03-19 12:22:53,2026-03-19 12:23:52,OK,NO
1094,7,2026-03-19 12:22:01,2026-03-19 12:23:54,OK,NO
1093,9,2026-03-19 12:23:10,2026-03-19 12:24:18,OK,NO
1223,4,2026-03-19 12:23:16,2026-03-19 12:24:23,OK,NO
1225,3,2026-03-19 12:23:44,2026-03-19 12:24:42,OK,NO
1226,2,2026-03-19 12:23:41,2026-03-19 12:24:44,OK,NO
1216,6,2026-03-19 12:23:54,2026-03-19 12:24:48,OK,NO
1222,5,2026-03-19 12:23:54,2026-03-19 12:24:58,OK,NO
1238,1,2026-03-19 12:23:52,2026-03-19 12:25:00,OK,NO
1094,8,2026-03-19 12:23:54,2026-03-19 12:25:03,OK,NO
1093,10,2026-03-19 12:24:18,2026-03-19 12:25:19,OK,NO
1224,4,2026-03-19 12:24:23,2026-03-19 12:25:24,OK,NO
1095,7,2026-03-19 12:23:54,2026-03-19 12:25:41,OK,NO
1226,3,2026-03-19 12:24:44,2026-03-19 12:25:50,OK,NO
1227,2,2026-03-19 12:24:44,2026-03-19 12:25:55,OK,NO
1239,1,2026-03-19 12:25:00,2026-03-19 12:25:56,OK,NO
1094,9,2026-03-19 12:25:03,2026-03-19 12:26:10,OK,NO
1093,11,2026-03-19 12:25:19,2026-03-19 12:26:28,OK,NO
1225,4,2026-03-19 12:25:24,2026-03-19 12:26:28,OK,NO
1223,5,2026-03-19 12:25:41,2026-03-19 12:26:34,OK,NO
1095,8,2026-03-19 12:25:41,2026-03-19 12:26:37,OK,NO
1217,6,2026-03-19 12:25:41,2026-03-19 12:26:44,OK,NO
1228,2,2026-03-19 12:25:55,2026-03-19 12:26:47,OK,NO
1240,1,2026-03-19 12:25:56,2026-03-19 12:26:52,OK,NO
1227,3,2026-03-19 12:25:55,2026-03-19 12:26:57,OK,NO
1094,10,2026-03-19 12:26:10,2026-03-19 12:27:10,OK,NO
1226,4,2026-03-19 12:26:28,2026-03-19 12:27:32,OK,NO
1095,9,2026-03-19 12:26:37,2026-03-19 12:27:36,OK,NO
1241,1,2026-03-19 12:26:52,2026-03-19 12:27:39,OK,NO
1229,2,2026-03-19 12:26:47,2026-03-19 12:27:51,OK,NO
1096,7,2026-03-19 12:25:41,2026-03-19 12:27:53,OK,NO
1228,3,2026-03-19 12:26:57,2026-03-19 12:28:00,OK,NO
1094,11,2026-03-19 12:27:10,2026-03-19 12:28:09,OK,NO
1095,10,2026-03-19 12:27:36,2026-03-19 12:28:29,OK,NO
1227,4,2026-03-19 12:27:32,2026-03-19 12:28:35,OK,NO
1230,2,2026-03-19 12:27:51,2026-03-19 12:28:43,OK,NO
1242,1,2026-03-19 12:27:51,2026-03-19 12:28:43,OK,NO
1218,6,2026-03-19 12:27:53,2026-03-19 12:28:51,OK,NO
1224,5,2026-03-19 12:27:53,2026-03-19 12:28:59,OK,NO
1229,3,2026-03-19 12:28:00,2026-03-19 12:29:01,OK,NO
1096,8,2026-03-19 12:27:53,2026-03-19 12:29:02,OK,NO
1231,2,2026-03-19 12:28:43,2026-03-19 12:29:33,OK,NO
1243,1,2026-03-19 12:28:43,2026-03-19 12:29:35,OK,NO
1228,4,2026-03-19 12:28:35,2026-03-19 12:29:36,OK,NO
1097,7,2026-03-19 12:27:53,2026-03-19 12:29:40,OK,NO
1230,3,2026-03-19 12:29:01,2026-03-19 12:29:59,OK,NO
1096,9,2026-03-19 12:29:02,2026-03-19 12:30:12,OK,NO
1232,2,2026-03-19 12:29:33,2026-03-19 12:30:23,OK,NO
1244,1,2026-03-19 12:29:35,2026-03-19 12:30:33,OK,NO
1219,6,2026-03-19 12:29:40,2026-03-19 12:30:34,OK,NO
1097,8,2026-03-19 12:29:40,2026-03-19 12:30:42,OK,NO
1225,5,2026-03-19 12:29:40,2026-03-19 12:30:45,OK,NO
1231,3,2026-03-19 12:29:59,2026-03-19 12:31:03,OK,NO
1096,10,2026-03-19 12:30:12,2026-03-19 12:31:04,OK,NO
1229,4,2026-03-19 12:29:36,2026-03-19 12:31:08,OK,NO
1098,7,2026-03-19 12:29:40,2026-03-19 12:31:24,OK,NO
1245,1,2026-03-19 12:30:33,2026-03-19 12:31:25,OK,NO
1233,2,2026-03-19 12:30:23,2026-03-19 12:31:27,OK,NO
1097,9,2026-03-19 12:30:42,2026-03-19 12:31:44,OK,NO
1232,3,2026-03-19 12:31:08,2026-03-19 12:32:05,OK,NO
1230,4,2026-03-19 12:31:08,2026-03-19 12:32:13,OK,NO
1220,6,2026-03-19 12:31:24,2026-03-19 12:32:23,OK,NO
1098,8,2026-03-19 12:31:24,2026-03-19 12:32:26,OK,NO
1226,5,2026-03-19 12:31:24,2026-03-19 12:32:28,OK,NO
1234,2,2026-03-19 12:31:27,2026-03-19 12:32:29,OK,NO
1246,1,2026-03-19 12:31:27,2026-03-19 12:32:35,OK,NO
1097,10,2026-03-19 12:31:44,2026-03-19 12:32:45,OK,NO
1233,3,2026-03-19 12:32:13,2026-03-19 12:33:15,OK,NO
1098,9,2026-03-19 12:32:26,2026-03-19 12:33:20,OK,NO
1235,2,2026-03-19 12:32:29,2026-03-19 12:33:21,OK,NO
1231,4,2026-03-19 12:32:13,2026-03-19 12:33:33,OK,NO
1247,1,2026-03-19 12:32:35,2026-03-19 12:33:35,OK,NO
1099,7,2026-03-19 12:31:24,2026-03-19 12:34:07,OK,NO
1236,2,2026-03-19 12:33:21,2026-03-19 12:34:15,OK,NO
1098,10,2026-03-19 12:33:20,2026-03-19 12:34:16,OK,NO
1234,3,2026-03-19 12:33:33,2026-03-19 12:34:26,OK,NO
1248,1,2026-03-19 12:33:35,2026-03-19 12:34:30,OK,NO
1232,4,2026-03-19 12:33:33,2026-03-19 12:34:55,OK,NO
1221,6,2026-03-19 12:34:07,2026-03-19 12:35:06,OK,NO
1237,2,2026-03-19 12:34:15,2026-03-19 12:35:10,OK,NO
1227,5,2026-03-19 12:34:07,2026-03-19 12:35:12,OK,NO
1099,8,2026-03-19 12:34:07,2026-03-19 12:35:15,OK,NO
1249,1,2026-03-19 12:34:30,2026-03-19 12:35:24,OK,NO
1235,3,2026-03-19 12:34:55,2026-03-19 12:35:59,OK,NO
1233,4,2026-03-19 12:34:55,2026-03-19 12:36:06,OK,NO
1100,7,2026-03-19 12:34:07,2026-03-19 12:36:09,OK,NO
1238,2,2026-03-19 12:35:10,2026-03-19 12:36:15,OK,NO
1250,1,2026-03-19 12:35:24,2026-03-19 12:36:19,OK,NO
1099,9,2026-03-19 12:35:15,2026-03-19 12:36:26,OK,NO
1228,5,2026-03-19 12:36:09,2026-03-19 12:37:01,OK,NO
1236,3,2026-03-19 12:36:06,2026-03-19 12:37:03,OK,NO
1222,6,2026-03-19 12:36:09,2026-03-19 12:37:05,OK,NO
1100,8,2026-03-19 12:36:09,2026-03-19 12:37:06,OK,NO
1234,4,2026-03-19 12:36:06,2026-03-19 12:37:06,OK,NO
1099,10,2026-03-19 12:36:26,2026-03-19 12:37:15,OK,NO
1251,1,2026-03-19 12:36:19,2026-03-19 12:37:16,OK,NO
1239,2,2026-03-19 12:36:15,2026-03-19 12:37:20,OK,NO
1237,3,2026-03-19 12:37:06,2026-03-19 12:38:02,OK,NO
1235,4,2026-03-19 12:37:06,2026-03-19 12:38:07,OK,NO
1100,9,2026-03-19 12:37:06,2026-03-19 12:38:07,OK,NO
1101,7,2026-03-19 12:36:09,2026-03-19 12:38:15,OK,NO
1240,2,2026-03-19 12:37:20,2026-03-19 12:38:21,OK,NO
1252,1,2026-03-19 12:37:20,2026-03-19 12:38:24,OK,NO
1100,10,2026-03-19 12:38:07,2026-03-19 12:39:04,OK,NO
1223,6,2026-03-19 12:38:15,2026-03-19 12:39:10,OK,NO
1238,3,2026-03-19 12:38:07,2026-03-19 12:39:13,OK,NO
1241,2,2026-03-19 12:38:21,2026-03-19 12:39:16,OK,NO
1253,1,2026-03-19 12:38:24,2026-03-19 12:39:17,OK,NO
1229,5,2026-03-19 12:38:15,2026-03-19 12:39:20,OK,NO
1101,8,2026-03-19 12:38:15,2026-03-19 12:39:21,OK,NO
1236,4,2026-03-19 12:38:07,2026-03-19 12:39:23,OK,NO
1239,3,2026-03-19 12:39:23,2026-03-19 12:40:15,OK,NO
1237,4,2026-03-19 12:39:23,2026-03-19 12:40:25,OK,NO
1102,7,2026-03-19 12:38:15,2026-03-19 12:40:26,OK,NO
1242,2,2026-03-19 12:39:23,2026-03-19 12:40:26,OK,NO
1254,1,2026-03-19 12:39:23,2026-03-19 12:40:30,OK,NO
1101,9,2026-03-19 12:39:21,2026-03-19 12:40:35,OK,NO
1230,5,2026-03-19 12:40:26,2026-03-19 12:41:21,OK,NO
1224,6,2026-03-19 12:40:26,2026-03-19 12:41:22,OK,NO
1243,2,2026-03-19 12:40:26,2026-03-19 12:41:23,OK,NO
1102,8,2026-03-19 12:40:26,2026-03-19 12:41:24,OK,NO
1240,3,2026-03-19 12:40:25,2026-03-19 12:41:30,OK,NO
1255,1,2026-03-19 12:40:30,2026-03-19 12:41:35,OK,NO
1101,10,2026-03-19 12:40:35,2026-03-19 12:41:40,OK,NO
1238,4,2026-03-19 12:40:25,2026-03-19 12:41:49,OK,NO
1102,9,2026-03-19 12:41:24,2026-03-19 12:42:21,OK,NO
1239,4,2026-03-19 12:41:49,2026-03-19 12:42:46,OK,NO
1241,3,2026-03-19 12:41:49,2026-03-19 12:42:47,OK,NO
1256,1,2026-03-19 12:41:49,2026-03-19 12:42:55,OK,NO
1244,2,2026-03-19 12:41:49,2026-03-19 12:42:55,OK,NO
1103,7,2026-03-19 12:40:26,2026-03-19 12:43:13,OK,NO
1225,6,2026-03-19 12:43:13,2026-03-19 12:44:09,OK,NO
1231,5,2026-03-19 12:43:13,2026-03-19 12:44:18,OK,NO
1103,8,2026-03-19 12:43:13,2026-03-19 12:44:19,OK,NO
1102,10,2026-03-19 12:43:25,2026-03-19 12:44:25,OK,NO
1095,11,2026-03-19 12:43:58,2026-03-19 12:44:58,OK,NO
1092,12,2026-03-19 12:43:58,2026-03-19 12:45:02,OK,NO
1104,7,2026-03-19 12:43:13,2026-03-19 12:45:26,OK,NO
1103,9,2026-03-19 12:44:19,2026-03-19 12:45:54,OK,NO
1093,12,2026-03-19 12:45:02,2026-03-19 12:45:58,OK,NO
1096,11,2026-03-19 12:45:02,2026-03-19 12:46:12,OK,NO
1226,6,2026-03-19 12:45:26,2026-03-19 12:46:26,OK,NO
1104,8,2026-03-19 12:45:26,2026-03-19 12:46:31,OK,NO
1232,5,2026-03-19 12:45:26,2026-03-19 12:46:40,OK,NO
1103,10,2026-03-19 12:45:54,2026-03-19 12:46:45,OK,NO
1094,12,2026-03-19 12:45:58,2026-03-19 12:47:05,OK,NO
1097,11,2026-03-19 12:46:12,2026-03-19 12:47:14,OK,NO
1104,9,2026-03-19 12:46:31,2026-03-19 12:47:47,OK,NO
1095,12,2026-03-19 12:47:05,2026-03-19 12:48:02,OK,NO
1098,11,2026-03-19 12:47:14,2026-03-19 12:48:10,OK,NO
1105,7,2026-03-19 12:45:26,2026-03-19 12:48:22,OK,NO
1104,10,2026-03-19 12:47:47,2026-03-19 12:48:49,OK,NO
1096,12,2026-03-19 12:48:02,2026-03-19 12:48:59,OK,NO
1099,11,2026-03-19 12:48:10,2026-03-19 12:49:01,OK,NO
1105,8,2026-03-19 12:48:22,2026-03-19 12:49:14,OK,NO
1227,6,2026-03-19 12:48:22,2026-03-19 12:49:25,OK,NO
1233,5,2026-03-19 12:48:22,2026-03-19 12:49:30,OK,NO
1097,12,2026-03-19 12:48:59,2026-03-19 12:49:59,OK,NO
1100,11,2026-03-19 12:49:01,2026-03-19 12:50:10,OK,NO
1105,9,2026-03-19 12:49:14,2026-03-19 12:50:38,OK,NO
1101,11,2026-03-19 12:50:10,2026-03-19 12:51:04,OK,NO
1106,7,2026-03-19 12:48:22,2026-03-19 12:51:09,OK,NO
1098,12,2026-03-19 12:49:59,2026-03-19 12:51:09,OK,NO
1105,10,2026-03-19 12:50:38,2026-03-19 12:51:42,OK,NO
1099,12,2026-03-19 12:51:09,2026-03-19 12:52:04,OK,NO
1106,8,2026-03-19 12:51:09,2026-03-19 12:52:12,OK,NO
1234,5,2026-03-19 12:51:09,2026-03-19 12:52:13,OK,NO
1102,11,2026-03-19 12:51:09,2026-03-19 12:52:14,OK,NO
1228,6,2026-03-19 12:51:09,2026-03-19 12:52:16,OK,NO
1100,12,2026-03-19 12:52:04,2026-03-19 12:53:04,OK,NO
1107,7,2026-03-19 12:51:09,2026-03-19 12:53:13,OK,NO
1103,11,2026-03-19 12:52:14,2026-03-19 12:53:22,OK,NO
1106,9,2026-03-19 12:52:12,2026-03-19 12:53:24,OK,NO
1101,12,2026-03-19 12:53:04,2026-03-19 12:54:07,OK,NO
1107,8,2026-03-19 12:53:13,2026-03-19 12:54:14,OK,NO
1229,6,2026-03-19 12:53:13,2026-03-19 12:54:16,OK,NO
1106,10,2026-03-19 12:53:24,2026-03-19 12:54:28,OK,NO
1104,11,2026-03-19 12:53:22,2026-03-19 12:54:29,OK,NO
1108,7,2026-03-19 12:53:13,2026-03-19 12:55:09,OK,NO
1107,9,2026-03-19 12:54:14,2026-03-19 12:55:15,OK,NO
1102,12,2026-03-19 12:54:07,2026-03-19 12:55:19,OK,NO
1105,11,2026-03-19 12:54:29,2026-03-19 12:55:30,OK,NO
1230,6,2026-03-19 12:55:09,2026-03-19 12:56:07,OK,NO
1103,12,2026-03-19 12:55:19,2026-03-19 12:56:15,OK,NO
1108,8,2026-03-19 12:55:09,2026-03-19 12:56:15,OK,NO
1107,10,2026-03-19 12:55:15,2026-03-19 12:56:19,OK,NO
1106,11,2026-03-19 12:55:30,2026-03-19 12:56:19,OK,NO
1108,9,2026-03-19 12:56:15,2026-03-19 12:57:14,OK,NO
1104,12,2026-03-19 12:56:15,2026-03-19 12:57:16,OK,NO
1109,7,2026-03-19 12:55:09,2026-03-19 12:57:19,OK,NO
1107,11,2026-03-19 12:56:19,2026-03-19 12:57:20,OK,NO
1235,5,2026-03-19 12:56:30,2026-03-19 12:57:34,OK,NO
1108,10,2026-03-19 12:57:14,2026-03-19 12:58:11,OK,NO
1105,12,2026-03-19 12:57:16,2026-03-19 12:58:15,OK,NO
1231,6,2026-03-19 12:57:19,2026-03-19 12:58:21,OK,NO
1236,5,2026-03-19 12:57:34,2026-03-19 12:58:34,OK,NO
1257,1,2026-03-19 12:57:36,2026-03-19 12:58:35,OK,NO
1245,2,2026-03-19 12:57:36,2026-03-19 12:58:36,OK,NO
1242,3,2026-03-19 12:57:36,2026-03-19 12:58:41,OK,NO
1240,4,2026-03-19 12:57:36,2026-03-19 12:58:55,OK,NO
1108,11,2026-03-19 12:58:11,2026-03-19 12:59:02,OK,NO
1106,12,2026-03-19 12:58:15,2026-03-19 12:59:17,OK,NO
1237,5,2026-03-19 12:58:34,2026-03-19 12:59:38,OK,NO
1110,7,2026-03-19 12:57:19,2026-03-19 12:59:50,OK,NO
1241,4,2026-03-19 12:58:55,2026-03-19 13:00:04,OK,NO
1107,12,2026-03-19 12:59:17,2026-03-19 13:00:22,OK,NO
1238,5,2026-03-19 12:59:50,2026-03-19 13:00:46,OK,NO
1232,6,2026-03-19 12:59:50,2026-03-19 13:00:58,OK,NO
1242,4,2026-03-19 13:00:04,2026-03-19 13:01:04,OK,NO
1108,12,2026-03-19 13:00:22,2026-03-19 13:01:24,OK,NO
1109,8,2026-03-19 13:01:06,2026-03-19 13:01:59,OK,NO
1258,1,2026-03-19 13:01:28,2026-03-19 13:02:21,OK,NO
1111,7,2026-03-19 12:59:50,2026-03-19 13:02:22,OK,NO
1243,3,2026-03-19 13:01:28,2026-03-19 13:02:29,OK,NO
1246,2,2026-03-19 13:01:28,2026-03-19 13:02:29,OK,NO
1110,8,2026-03-19 13:01:59,2026-03-19 13:03:00,OK,NO
1109,9,2026-03-19 13:01:59,2026-03-19 13:03:02,OK,NO
1233,6,2026-03-19 13:02:22,2026-03-19 13:03:25,OK,NO
1244,3,2026-03-19 13:02:29,2026-03-19 13:03:26,OK,NO
1239,5,2026-03-19 13:02:22,2026-03-19 13:03:28,OK,NO
1259,1,2026-03-19 13:02:29,2026-03-19 13:03:28,OK,NO
1247,2,2026-03-19 13:02:29,2026-03-19 13:03:31,OK,NO
1243,4,2026-03-19 13:02:29,2026-03-19 13:03:34,OK,NO
1109,10,2026-03-19 13:03:02,2026-03-19 13:03:54,OK,NO
1111,8,2026-03-19 13:03:00,2026-03-19 13:03:58,OK,NO
1112,7,2026-03-19 13:02:22,2026-03-19 13:04:09,OK,NO
1110,9,2026-03-19 13:03:02,2026-03-19 13:04:15,OK,NO
1248,2,2026-03-19 13:03:31,2026-03-19 13:04:26,OK,NO
1244,4,2026-03-19 13:03:34,2026-03-19 13:04:32,OK,NO
1245,3,2026-03-19 13:03:26,2026-03-19 13:04:35,OK,NO
1260,1,2026-03-19 13:03:31,2026-03-19 13:04:36,OK,NO
1109,11,2026-03-19 13:03:54,2026-03-19 13:05:00,OK,NO
1240,5,2026-03-19 13:04:09,2026-03-19 13:05:08,OK,NO
1112,8,2026-03-19 13:04:09,2026-03-19 13:05:09,OK,NO
1234,6,2026-03-19 13:04:09,2026-03-19 13:05:16,OK,NO
1110,10,2026-03-19 13:04:15,2026-03-19 13:05:20,OK,NO
1246,3,2026-03-19 13:04:35,2026-03-19 13:05:35,OK,NO
1261,1,2026-03-19 13:04:36,2026-03-19 13:05:38,OK,NO
1111,9,2026-03-19 13:04:15,2026-03-19 13:05:39,OK,NO
1245,4,2026-03-19 13:04:35,2026-03-19 13:05:41,OK,NO
1249,2,2026-03-19 13:04:35,2026-03-19 13:05:44,OK,NO
1109,12,2026-03-19 13:05:00,2026-03-19 13:06:03,OK,NO
1113,7,2026-03-19 13:04:09,2026-03-19 13:06:10,OK,NO
1110,11,2026-03-19 13:05:24,2026-03-19 13:06:30,OK,NO
1111,10,2026-03-19 13:05:39,2026-03-19 13:06:33,OK,NO
1247,3,2026-03-19 13:05:35,2026-03-19 13:06:35,OK,NO
1112,9,2026-03-19 13:05:39,2026-03-19 13:06:43,OK,NO
1246,4,2026-03-19 13:05:41,2026-03-19 13:06:44,OK,NO
1250,2,2026-03-19 13:05:44,2026-03-19 13:06:45,OK,NO
1262,1,2026-03-19 13:05:44,2026-03-19 13:06:46,OK,NO
1235,6,2026-03-19 13:06:10,2026-03-19 13:07:01,OK,NO
1241,5,2026-03-19 13:06:10,2026-03-19 13:07:04,OK,NO
1113,8,2026-03-19 13:06:10,2026-03-19 13:07:07,OK,NO
1110,12,2026-03-19 13:06:30,2026-03-19 13:07:26,OK,NO
1111,11,2026-03-19 13:06:33,2026-03-19 13:07:31,OK,NO
1248,3,2026-03-19 13:06:35,2026-03-19 13:07:37,OK,NO
1263,1,2026-03-19 13:06:46,2026-03-19 13:07:46,OK,NO
1112,10,2026-03-19 13:06:43,2026-03-19 13:07:51,OK,NO
1251,2,2026-03-19 13:06:45,2026-03-19 13:07:54,OK,NO
1113,9,2026-03-19 13:07:07,2026-03-19 13:08:02,OK,NO
1247,4,2026-03-19 13:06:44,2026-03-19 13:08:04,OK,NO
1114,7,2026-03-19 13:06:10,2026-03-19 13:08:21,OK,NO
1249,3,2026-03-19 13:07:37,2026-03-19 13:08:24,OK,NO
1111,12,2026-03-19 13:07:31,2026-03-19 13:08:27,OK,NO
1248,4,2026-03-19 13:08:04,2026-03-19 13:08:54,OK,NO
1112,11,2026-03-19 13:07:51,2026-03-19 13:08:55,OK,NO
1252,2,2026-03-19 13:07:54,2026-03-19 13:08:57,OK,NO
1264,1,2026-03-19 13:07:54,2026-03-19 13:08:59,OK,NO
1113,10,2026-03-19 13:08:02,2026-03-19 13:09:00,OK,NO
1114,8,2026-03-19 13:08:21,2026-03-19 13:09:11,OK,NO
1242,5,2026-03-19 13:08:21,2026-03-19 13:09:20,OK,NO
1236,6,2026-03-19 13:08:21,2026-03-19 13:09:29,OK,NO
1250,3,2026-03-19 13:08:24,2026-03-19 13:09:33,OK,NO
1113,11,2026-03-19 13:09:00,2026-03-19 13:09:51,OK,NO
1112,12,2026-03-19 13:08:55,2026-03-19 13:09:53,OK,NO
1249,4,2026-03-19 13:08:54,2026-03-19 13:09:56,OK,NO
1115,7,2026-03-19 13:08:21,2026-03-19 13:09:56,OK,NO
1253,2,2026-03-19 13:08:57,2026-03-19 13:09:57,OK,NO
1265,1,2026-03-19 13:08:59,2026-03-19 13:10:05,OK,NO
1114,9,2026-03-19 13:09:11,2026-03-19 13:10:10,OK,NO
1251,3,2026-03-19 13:09:33,2026-03-19 13:10:32,OK,NO
1237,6,2026-03-19 13:09:56,2026-03-19 13:10:49,OK,NO
1254,2,2026-03-19 13:09:57,2026-03-19 13:10:51,OK,NO
1113,12,2026-03-19 13:09:53,2026-03-19 13:10:52,OK,NO
1115,8,2026-03-19 13:09:56,2026-03-19 13:10:55,OK,NO
1243,5,2026-03-19 13:09:56,2026-03-19 13:11:00,OK,NO
1114,10,2026-03-19 13:10:10,2026-03-19 13:11:02,OK,NO
1250,4,2026-03-19 13:09:56,2026-03-19 13:11:12,OK,NO
1266,1,2026-03-19 13:10:05,2026-03-19 13:11:14,OK,NO
1252,3,2026-03-19 13:10:32,2026-03-19 13:11:34,OK,NO
1115,9,2026-03-19 13:10:55,2026-03-19 13:11:51,OK,NO
1255,2,2026-03-19 13:10:51,2026-03-19 13:12:01,OK,NO
1114,11,2026-03-19 13:11:02,2026-03-19 13:12:06,OK,NO
1116,7,2026-03-19 13:09:56,2026-03-19 13:12:06,OK,NO
1251,4,2026-03-19 13:11:12,2026-03-19 13:12:15,OK,NO
1267,1,2026-03-19 13:11:14,2026-03-19 13:12:17,OK,NO
1253,3,2026-03-19 13:11:34,2026-03-19 13:12:32,OK,NO
1115,10,2026-03-19 13:11:51,2026-03-19 13:12:49,OK,NO
1114,12,2026-03-19 13:12:06,2026-03-19 13:13:04,OK,NO
1116,8,2026-03-19 13:12:06,2026-03-19 13:13:04,OK,NO
1244,5,2026-03-19 13:12:06,2026-03-19 13:13:08,OK,NO
1256,2,2026-03-19 13:12:01,2026-03-19 13:13:08,OK,NO
1238,6,2026-03-19 13:12:06,2026-03-19 13:13:08,OK,NO
1268,1,2026-03-19 13:12:17,2026-03-19 13:13:17,OK,NO
1254,3,2026-03-19 13:12:32,2026-03-19 13:13:26,OK,NO
1252,4,2026-03-19 13:12:15,2026-03-19 13:13:30,OK,NO
1115,11,2026-03-19 13:12:49,2026-03-19 13:13:53,OK,NO
1116,9,2026-03-19 13:13:04,2026-03-19 13:14:02,OK,NO
1117,7,2026-03-19 13:12:06,2026-03-19 13:14:12,OK,NO
1257,2,2026-03-19 13:13:08,2026-03-19 13:14:15,OK,NO
1269,1,2026-03-19 13:13:17,2026-03-19 13:14:22,OK,NO
1255,3,2026-03-19 13:13:30,2026-03-19 13:14:23,OK,NO
1253,4,2026-03-19 13:13:30,2026-03-19 13:14:28,OK,NO
1115,12,2026-03-19 13:13:53,2026-03-19 13:14:53,OK,NO
1116,10,2026-03-19 13:14:02,2026-03-19 13:15:08,OK,NO
1239,6,2026-03-19 13:14:12,2026-03-19 13:15:09,OK,NO
1117,8,2026-03-19 13:14:12,2026-03-19 13:15:09,OK,NO
1245,5,2026-03-19 13:14:12,2026-03-19 13:15:19,OK,NO
1254,4,2026-03-19 13:14:28,2026-03-19 13:15:20,OK,NO
1256,3,2026-03-19 13:14:28,2026-03-19 13:15:23,OK,NO
1258,2,2026-03-19 13:14:15,2026-03-19 13:15:24,OK,NO
1270,1,2026-03-19 13:14:22,2026-03-19 13:15:29,OK,NO
1116,11,2026-03-19 13:15:08,2026-03-19 13:16:08,OK,NO
1117,9,2026-03-19 13:15:09,2026-03-19 13:16:20,OK,NO
1259,2,2026-03-19 13:15:24,2026-03-19 13:16:21,OK,NO
1271,1,2026-03-19 13:15:29,2026-03-19 13:16:28,OK,NO
1257,3,2026-03-19 13:15:23,2026-03-19 13:16:31,OK,NO
1255,4,2026-03-19 13:15:20,2026-03-19 13:16:36,OK,NO
1118,7,2026-03-19 13:14:12,2026-03-19 13:16:45,OK,NO
1116,12,2026-03-19 13:16:08,2026-03-19 13:17:03,OK,NO
1260,2,2026-03-19 13:16:21,2026-03-19 13:17:17,OK,NO
1117,10,2026-03-19 13:16:20,2026-03-19 13:17:26,OK,NO
1272,1,2026-03-19 13:16:28,2026-03-19 13:17:30,OK,NO
1118,8,2026-03-19 13:16:45,2026-03-19 13:17:37,OK,NO
1258,3,2026-03-19 13:16:36,2026-03-19 13:17:38,OK,NO
1240,6,2026-03-19 13:16:45,2026-03-19 13:17:42,OK,NO
1256,4,2026-03-19 13:16:36,2026-03-19 13:17:42,OK,NO
1261,2,2026-03-19 13:17:17,2026-03-19 13:18:19,OK,NO
1117,11,2026-03-19 13:17:26,2026-03-19 13:18:26,OK,NO
1273,1,2026-03-19 13:17:30,2026-03-19 13:18:33,OK,NO
1119,7,2026-03-19 13:16:45,2026-03-19 13:18:42,OK,NO
1259,3,2026-03-19 13:17:42,2026-03-19 13:18:43,OK,NO
1257,4,2026-03-19 13:17:42,2026-03-19 13:18:44,OK,NO
1118,9,2026-03-19 13:17:37,2026-03-19 13:18:49,OK,NO
1262,2,2026-03-19 13:18:19,2026-03-19 13:19:26,OK,NO
1241,6,2026-03-19 13:18:42,2026-03-19 13:19:33,OK,NO
1117,12,2026-03-19 13:18:26,2026-03-19 13:19:36,OK,NO
1119,8,2026-03-19 13:18:42,2026-03-19 13:19:36,OK,NO
1274,1,2026-03-19 13:18:33,2026-03-19 13:19:40,OK,NO
1258,4,2026-03-19 13:18:44,2026-03-19 13:19:40,OK,NO
1118,10,2026-03-19 13:18:49,2026-03-19 13:19:52,OK,NO
1260,3,2026-03-19 13:18:44,2026-03-19 13:19:53,OK,NO
1119,9,2026-03-19 13:19:36,2026-03-19 13:20:30,OK,NO
1263,2,2026-03-19 13:19:26,2026-03-19 13:20:37,OK,NO
1275,1,2026-03-19 13:19:40,2026-03-19 13:20:39,OK,NO
1120,7,2026-03-19 13:18:42,2026-03-19 13:20:46,OK,NO
1118,11,2026-03-19 13:19:52,2026-03-19 13:20:47,OK,NO
1119,10,2026-03-19 13:20:30,2026-03-19 13:21:24,OK,NO
1118,12,2026-03-19 13:20:47,2026-03-19 13:21:43,OK,NO
1120,8,2026-03-19 13:20:46,2026-03-19 13:21:46,OK,NO
1242,6,2026-03-19 13:20:46,2026-03-19 13:21:50,OK,NO
1259,4,2026-03-19 13:20:57,2026-03-19 13:21:56,OK,NO
1261,3,2026-03-19 13:20:57,2026-03-19 13:21:56,OK,NO
1264,2,2026-03-19 13:20:57,2026-03-19 13:22:01,OK,NO
1246,5,2026-03-19 13:20:57,2026-03-19 13:22:07,OK,NO
1119,11,2026-03-19 13:21:24,2026-03-19 13:22:23,OK,NO
1121,7,2026-03-19 13:20:46,2026-03-19 13:22:29,OK,NO
1120,9,2026-03-19 13:21:46,2026-03-19 13:22:52,OK,NO
1260,4,2026-03-19 13:22:07,2026-03-19 13:23:05,OK,NO
1247,5,2026-03-19 13:22:07,2026-03-19 13:23:11,OK,NO
1119,12,2026-03-19 13:22:23,2026-03-19 13:23:13,OK,NO
1265,2,2026-03-19 13:22:07,2026-03-19 13:23:15,OK,NO
1262,3,2026-03-19 13:22:07,2026-03-19 13:23:15,OK,NO
1243,6,2026-03-19 13:22:29,2026-03-19 13:23:27,OK,NO
1121,8,2026-03-19 13:22:29,2026-03-19 13:23:30,OK,NO
1120,10,2026-03-19 13:22:52,2026-03-19 13:23:46,OK,NO
1276,1,2026-03-19 13:22:54,2026-03-19 13:23:56,OK,NO
1248,5,2026-03-19 13:23:11,2026-03-19 13:24:08,OK,NO
1261,4,2026-03-19 13:23:11,2026-03-19 13:24:13,OK,NO
1263,3,2026-03-19 13:23:15,2026-03-19 13:24:13,OK,NO
1266,2,2026-03-19 13:23:15,2026-03-19 13:24:17,OK,NO
1121,9,2026-03-19 13:23:30,2026-03-19 13:24:37,OK,NO
1122,7,2026-03-19 13:22:29,2026-03-19 13:24:42,OK,NO
1120,11,2026-03-19 13:23:46,2026-03-19 13:24:54,OK,NO
1277,1,2026-03-19 13:23:56,2026-03-19 13:24:55,OK,NO
1249,5,2026-03-19 13:24:08,2026-03-19 13:25:04,OK,NO
1264,3,2026-03-19 13:24:13,2026-03-19 13:25:13,OK,NO
1267,2,2026-03-19 13:24:17,2026-03-19 13:25:18,OK,NO
1262,4,2026-03-19 13:24:13,2026-03-19 13:25:20,OK,NO
1122,8,2026-03-19 13:24:42,2026-03-19 13:25:42,OK,NO
1244,6,2026-03-19 13:24:42,2026-03-19 13:25:42,OK,NO
1120,12,2026-03-19 13:24:54,2026-03-19 13:25:53,OK,NO
1250,5,2026-03-19 13:25:04,2026-03-19 13:26:02,OK,NO
1278,1,2026-03-19 13:24:55,2026-03-19 13:26:04,OK,NO
1268,2,2026-03-19 13:25:20,2026-03-19 13:26:23,OK,NO
1265,3,2026-03-19 13:25:20,2026-03-19 13:26:23,OK,NO
1263,4,2026-03-19 13:25:20,2026-03-19 13:26:30,OK,NO
1122,9,2026-03-19 13:25:42,2026-03-19 13:26:32,OK,NO
1123,7,2026-03-19 13:24:42,2026-03-19 13:26:47,OK,NO
1279,1,2026-03-19 13:26:04,2026-03-19 13:26:59,OK,NO
1264,4,2026-03-19 13:26:47,2026-03-19 13:27:39,OK,NO
1245,6,2026-03-19 13:26:47,2026-03-19 13:27:41,OK,NO
1269,2,2026-03-19 13:26:47,2026-03-19 13:27:47,OK,NO
1251,5,2026-03-19 13:26:47,2026-03-19 13:27:47,OK,NO
1266,3,2026-03-19 13:26:47,2026-03-19 13:27:51,OK,NO
1123,8,2026-03-19 13:26:47,2026-03-19 13:27:56,OK,NO
1280,1,2026-03-19 13:26:59,2026-03-19 13:28:03,OK,NO
1121,10,2026-03-19 13:27:06,2026-03-19 13:28:08,OK,NO
1123,9,2026-03-19 13:27:56,2026-03-19 13:28:54,OK,NO
1124,7,2026-03-19 13:26:47,2026-03-19 13:28:57,OK,NO
1121,11,2026-03-19 13:28:08,2026-03-19 13:29:02,OK,NO
1281,1,2026-03-19 13:28:03,2026-03-19 13:29:09,OK,NO
1122,10,2026-03-19 13:28:08,2026-03-19 13:29:13,OK,NO
1267,3,2026-03-19 13:28:57,2026-03-19 13:29:45,OK,NO
1124,8,2026-03-19 13:28:57,2026-03-19 13:29:53,OK,NO
1246,6,2026-03-19 13:28:57,2026-03-19 13:29:54,OK,NO
1270,2,2026-03-19 13:28:57,2026-03-19 13:29:56,OK,NO
1252,5,2026-03-19 13:28:57,2026-03-19 13:29:57,OK,NO
1282,1,2026-03-19 13:29:09,2026-03-19 13:30:07,OK,NO
1122,11,2026-03-19 13:29:13,2026-03-19 13:30:08,OK,NO
1121,12,2026-03-19 13:29:02,2026-03-19 13:30:08,OK,NO
1123,10,2026-03-19 13:29:13,2026-03-19 13:30:09,OK,NO
1265,4,2026-03-19 13:28:57,2026-03-19 13:30:10,OK,NO
1124,9,2026-03-19 13:29:53,2026-03-19 13:31:00,OK,NO
1122,12,2026-03-19 13:30:08,2026-03-19 13:31:03,OK,NO
1123,11,2026-03-19 13:30:09,2026-03-19 13:31:04,OK,NO
1125,7,2026-03-19 13:28:57,2026-03-19 13:31:08,OK,NO
1271,2,2026-03-19 13:31:08,2026-03-19 13:31:54,OK,NO
1124,10,2026-03-19 13:31:00,2026-03-19 13:31:58,OK,NO
1253,5,2026-03-19 13:31:08,2026-03-19 13:31:59,OK,NO
1123,12,2026-03-19 13:31:04,2026-03-19 13:32:05,OK,NO
1283,1,2026-03-19 13:31:08,2026-03-19 13:32:07,OK,NO
1247,6,2026-03-19 13:31:08,2026-03-19 13:32:08,OK,NO
1125,8,2026-03-19 13:31:08,2026-03-19 13:32:15,OK,NO
1268,3,2026-03-19 13:31:08,2026-03-19 13:32:15,OK,NO
1266,4,2026-03-19 13:31:08,2026-03-19 13:32:21,OK,NO
1124,11,2026-03-19 13:31:58,2026-03-19 13:32:53,OK,NO
1125,9,2026-03-19 13:32:15,2026-03-19 13:33:10,OK,NO
1126,7,2026-03-19 13:31:08,2026-03-19 13:33:10,OK,NO
1124,12,2026-03-19 13:32:53,2026-03-19 13:33:47,OK,NO
1248,6,2026-03-19 13:33:10,2026-03-19 13:33:59,OK,NO
1284,1,2026-03-19 13:33:10,2026-03-19 13:34:04,OK,NO
1267,4,2026-03-19 13:33:10,2026-03-19 13:34:04,OK,NO
1126,8,2026-03-19 13:33:10,2026-03-19 13:34:06,OK,NO
1254,5,2026-03-19 13:33:10,2026-03-19 13:34:15,OK,NO
1269,3,2026-03-19 13:33:10,2026-03-19 13:34:17,OK,NO
1272,2,2026-03-19 13:33:10,2026-03-19 13:34:21,OK,NO
1125,10,2026-03-19 13:33:10,2026-03-19 13:34:22,OK,NO
1127,7,2026-03-19 13:33:10,2026-03-19 13:35:04,OK,NO
1126,9,2026-03-19 13:34:06,2026-03-19 13:35:10,OK,NO
1125,11,2026-03-19 13:34:22,2026-03-19 13:35:30,OK,NO
1285,1,2026-03-19 13:35:04,2026-03-19 13:35:58,OK,NO
1273,2,2026-03-19 13:35:04,2026-03-19 13:36:02,OK,NO
1255,5,2026-03-19 13:35:04,2026-03-19 13:36:04,OK,NO
1249,6,2026-03-19 13:35:04,2026-03-19 13:36:06,OK,NO
1268,4,2026-03-19 13:35:04,2026-03-19 13:36:09,OK,NO
1127,8,2026-03-19 13:35:04,2026-03-19 13:36:11,OK,NO
1126,10,2026-03-19 13:35:10,2026-03-19 13:36:12,OK,NO
1270,3,2026-03-19 13:35:04,2026-03-19 13:36:13,OK,NO
1125,12,2026-03-19 13:35:30,2026-03-19 13:36:38,OK,NO
1128,7,2026-03-19 13:35:04,2026-03-19 13:37:00,OK,NO
1127,9,2026-03-19 13:36:11,2026-03-19 13:37:07,OK,NO
1126,11,2026-03-19 13:36:12,2026-03-19 13:37:15,OK,NO
1286,1,2026-03-19 13:37:00,2026-03-19 13:37:56,OK,NO
1250,6,2026-03-19 13:37:00,2026-03-19 13:37:59,OK,NO
1274,2,2026-03-19 13:37:00,2026-03-19 13:37:59,OK,NO
1256,5,2026-03-19 13:37:00,2026-03-19 13:38:04,OK,NO
1127,10,2026-03-19 13:37:07,2026-03-19 13:38:04,OK,NO
1269,4,2026-03-19 13:37:00,2026-03-19 13:38:05,OK,NO
1128,8,2026-03-19 13:37:00,2026-03-19 13:38:05,OK,NO
1271,3,2026-03-19 13:37:00,2026-03-19 13:38:07,OK,NO
1126,12,2026-03-19 13:37:15,2026-03-19 13:38:24,OK,NO
1128,9,2026-03-19 13:38:05,2026-03-19 13:39:03,OK,NO
1129,7,2026-03-19 13:37:00,2026-03-19 13:39:05,OK,NO
1127,11,2026-03-19 13:38:04,2026-03-19 13:39:12,OK,NO
1251,6,2026-03-19 13:39:05,2026-03-19 13:39:59,OK,NO
1275,2,2026-03-19 13:39:05,2026-03-19 13:40:00,OK,NO
1129,8,2026-03-19 13:39:05,2026-03-19 13:40:02,OK,NO
1287,1,2026-03-19 13:39:05,2026-03-19 13:40:03,OK,NO
1128,10,2026-03-19 13:39:03,2026-03-19 13:40:04,OK,NO
1127,12,2026-03-19 13:39:12,2026-03-19 13:40:09,OK,NO
1257,5,2026-03-19 13:39:05,2026-03-19 13:40:11,OK,NO
1272,3,2026-03-19 13:39:05,2026-03-19 13:40:11,OK,NO
1270,4,2026-03-19 13:39:05,2026-03-19 13:40:28,OK,NO
1128,11,2026-03-19 13:40:04,2026-03-19 13:41:03,OK,NO
1130,7,2026-03-19 13:39:05,2026-03-19 13:41:11,OK,NO
1129,9,2026-03-19 13:40:02,2026-03-19 13:41:11,OK,NO
1273,3,2026-03-19 13:41:11,2026-03-19 13:42:10,OK,NO
1129,10,2026-03-19 13:41:11,2026-03-19 13:42:11,OK,NO
1288,1,2026-03-19 13:41:11,2026-03-19 13:42:11,OK,NO
1276,2,2026-03-19 13:41:11,2026-03-19 13:42:12,OK,NO
1252,6,2026-03-19 13:41:11,2026-03-19 13:42:12,OK,NO
1128,12,2026-03-19 13:41:03,2026-03-19 13:42:14,OK,NO
1258,5,2026-03-19 13:41:11,2026-03-19 13:42:16,OK,NO
1130,8,2026-03-19 13:41:11,2026-03-19 13:42:18,OK,NO
1271,4,2026-03-19 13:41:11,2026-03-19 13:42:45,OK,NO
1129,11,2026-03-19 13:42:11,2026-03-19 13:43:11,OK,NO
1131,7,2026-03-19 13:41:11,2026-03-19 13:43:12,OK,NO
1130,9,2026-03-19 13:42:18,2026-03-19 13:43:28,OK,NO
1274,3,2026-03-19 13:43:12,2026-03-19 13:44:06,OK,NO
1277,2,2026-03-19 13:43:12,2026-03-19 13:44:08,OK,NO
1253,6,2026-03-19 13:43:12,2026-03-19 13:44:09,OK,NO
1272,4,2026-03-19 13:43:12,2026-03-19 13:44:12,OK,NO
1131,8,2026-03-19 13:43:12,2026-03-19 13:44:13,OK,NO
1259,5,2026-03-19 13:43:12,2026-03-19 13:44:14,OK,NO
1289,1,2026-03-19 13:43:12,2026-03-19 13:44:15,OK,NO
1129,12,2026-03-19 13:43:11,2026-03-19 13:44:15,OK,NO
1130,10,2026-03-19 13:43:28,2026-03-19 13:44:22,OK,NO
1131,9,2026-03-19 13:44:13,2026-03-19 13:45:11,OK,NO
1130,11,2026-03-19 13:44:22,2026-03-19 13:45:15,OK,NO
1132,7,2026-03-19 13:43:12,2026-03-19 13:45:33,OK,NO
1131,10,2026-03-19 13:45:11,2026-03-19 13:46:13,OK,NO
1130,12,2026-03-19 13:45:15,2026-03-19 13:46:19,OK,NO
1254,6,2026-03-19 13:45:33,2026-03-19 13:46:27,OK,NO
1260,5,2026-03-19 13:45:33,2026-03-19 13:46:28,OK,NO
1132,8,2026-03-19 13:45:33,2026-03-19 13:46:30,OK,NO
1275,3,2026-03-19 13:45:33,2026-03-19 13:46:31,OK,NO
1278,2,2026-03-19 13:45:33,2026-03-19 13:46:32,OK,NO
1290,1,2026-03-19 13:45:33,2026-03-19 13:46:37,OK,NO
1273,4,2026-03-19 13:45:33,2026-03-19 13:46:42,OK,NO
1131,11,2026-03-19 13:46:13,2026-03-19 13:47:15,OK,NO
1133,7,2026-03-19 13:45:33,2026-03-19 13:47:19,OK,NO
1132,9,2026-03-19 13:46:30,2026-03-19 13:47:29,OK,NO
1133,8,2026-03-19 13:47:19,2026-03-19 13:48:11,OK,NO
1279,2,2026-03-19 13:47:19,2026-03-19 13:48:18,OK,NO
1131,12,2026-03-19 13:47:15,2026-03-19 13:48:20,OK,NO
1274,4,2026-03-19 13:47:19,2026-03-19 13:48:21,OK,NO
1261,5,2026-03-19 13:47:19,2026-03-19 13:48:21,OK,NO
1291,1,2026-03-19 13:47:19,2026-03-19 13:48:22,OK,NO
1255,6,2026-03-19 13:47:19,2026-03-19 13:48:25,OK,NO
1276,3,2026-03-19 13:47:19,2026-03-19 13:48:27,OK,NO
1132,10,2026-03-19 13:47:29,2026-03-19 13:48:32,OK,NO
1134,7,2026-03-19 13:47:19,2026-03-19 13:49:11,OK,NO
1133,9,2026-03-19 13:48:11,2026-03-19 13:49:12,OK,NO
1132,11,2026-03-19 13:48:32,2026-03-19 13:49:32,OK,NO
1134,8,2026-03-19 13:49:11,2026-03-19 13:50:01,OK,NO
1256,6,2026-03-19 13:49:11,2026-03-19 13:50:04,OK,NO
1275,4,2026-03-19 13:49:11,2026-03-19 13:50:11,OK,NO
1277,3,2026-03-19 13:49:11,2026-03-19 13:50:13,OK,NO
1262,5,2026-03-19 13:49:11,2026-03-19 13:50:14,OK,NO
1133,10,2026-03-19 13:49:12,2026-03-19 13:50:18,OK,NO
1132,12,2026-03-19 13:49:32,2026-03-19 13:50:29,OK,NO
1133,11,2026-03-19 13:50:18,2026-03-19 13:51:21,OK,NO
1135,7,2026-03-19 13:49:11,2026-03-19 13:51:24,OK,NO
1257,6,2026-03-19 13:51:24,2026-03-19 13:52:21,OK,NO
1133,12,2026-03-19 13:51:21,2026-03-19 13:52:22,OK,NO
1263,5,2026-03-19 13:51:24,2026-03-19 13:52:28,OK,NO
1135,8,2026-03-19 13:51:24,2026-03-19 13:52:31,OK,NO
1278,3,2026-03-19 13:51:24,2026-03-19 13:52:34,OK,NO
1276,4,2026-03-19 13:51:24,2026-03-19 13:52:55,OK,NO
1292,1,2026-03-19 13:52:00,2026-03-19 13:53:01,OK,NO
1280,2,2026-03-19 13:52:00,2026-03-19 13:53:01,OK,NO
1134,9,2026-03-19 13:52:36,2026-03-19 13:53:35,OK,NO
1136,7,2026-03-19 13:51:24,2026-03-19 13:53:38,OK,NO
1281,2,2026-03-19 13:53:01,2026-03-19 13:53:56,OK,NO
1293,1,2026-03-19 13:53:01,2026-03-19 13:54:05,OK,NO
1264,5,2026-03-19 13:53:38,2026-03-19 13:54:26,OK,NO
1258,6,2026-03-19 13:53:38,2026-03-19 13:54:30,OK,NO
1134,10,2026-03-19 13:53:35,2026-03-19 13:54:31,OK,NO
1279,3,2026-03-19 13:53:38,2026-03-19 13:54:32,OK,NO
1136,8,2026-03-19 13:53:38,2026-03-19 13:54:34,OK,NO
1135,9,2026-03-19 13:53:35,2026-03-19 13:54:45,OK,NO
1282,2,2026-03-19 13:53:56,2026-03-19 13:54:50,OK,NO
1277,4,2026-03-19 13:53:38,2026-03-19 13:54:52,OK,NO
1294,1,2026-03-19 13:54:05,2026-03-19 13:54:54,OK,NO
1134,11,2026-03-19 13:54:31,2026-03-19 13:55:30,OK,NO
1136,9,2026-03-19 13:54:45,2026-03-19 13:55:40,OK,NO
1135,10,2026-03-19 13:54:45,2026-03-19 13:55:43,OK,NO
1137,7,2026-03-19 13:53:38,2026-03-19 13:55:53,OK,NO
1134,12,2026-03-19 13:55:30,2026-03-19 13:56:21,OK,NO
1135,11,2026-03-19 13:55:43,2026-03-19 13:56:40,OK,NO
1295,1,2026-03-19 13:55:53,2026-03-19 13:56:45,OK,NO
1136,10,2026-03-19 13:55:43,2026-03-19 13:56:47,OK,NO
1259,6,2026-03-19 13:55:53,2026-03-19 13:56:48,OK,NO
1137,8,2026-03-19 13:55:53,2026-03-19 13:56:50,OK,NO
1280,3,2026-03-19 13:55:53,2026-03-19 13:56:51,OK,NO
1278,4,2026-03-19 13:55:53,2026-03-19 13:56:52,OK,NO
1283,2,2026-03-19 13:55:53,2026-03-19 13:56:52,OK,NO
1265,5,2026-03-19 13:55:53,2026-03-19 13:56:54,OK,NO
1135,12,2026-03-19 13:56:40,2026-03-19 13:57:40,OK,NO
1137,9,2026-03-19 13:56:50,2026-03-19 13:57:47,OK,NO
1138,7,2026-03-19 13:55:53,2026-03-19 13:58:22,OK,NO
1137,10,2026-03-19 13:57:47,2026-03-19 13:58:40,OK,NO
1284,2,2026-03-19 13:58:22,2026-03-19 13:59:17,OK,NO
1296,1,2026-03-19 13:58:22,2026-03-19 13:59:19,OK,NO
1136,11,2026-03-19 13:58:17,2026-03-19 13:59:19,OK,NO
1281,3,2026-03-19 13:58:22,2026-03-19 13:59:20,OK,NO
1260,6,2026-03-19 13:58:22,2026-03-19 13:59:23,OK,NO
1138,8,2026-03-19 13:58:22,2026-03-19 13:59:24,OK,NO
1266,5,2026-03-19 13:58:22,2026-03-19 13:59:27,OK,NO
1279,4,2026-03-19 13:58:22,2026-03-19 13:59:40,OK,NO
1139,7,2026-03-19 13:58:22,2026-03-19 14:00:02,OK,NO
1136,12,2026-03-19 13:59:19,2026-03-19 14:00:12,OK,NO
1138,9,2026-03-19 13:59:24,2026-03-19 14:00:15,OK,NO
1137,11,2026-03-19 13:59:19,2026-03-19 14:00:20,OK,NO
1267,5,2026-03-19 14:00:02,2026-03-19 14:00:51,OK,NO
1139,8,2026-03-19 14:00:02,2026-03-19 14:00:59,OK,NO
1297,1,2026-03-19 14:00:02,2026-03-19 14:01:03,OK,NO
1285,2,2026-03-19 14:00:02,2026-03-19 14:01:03,OK,NO
1261,6,2026-03-19 14:00:02,2026-03-19 14:01:03,OK,NO
1282,3,2026-03-19 14:00:02,2026-03-19 14:01:04,OK,NO
1138,10,2026-03-19 14:00:15,2026-03-19 14:01:14,OK,NO
1137,12,2026-03-19 14:00:20,2026-03-19 14:01:20,OK,NO
1280,4,2026-03-19 14:00:02,2026-03-19 14:01:28,OK,NO
1140,7,2026-03-19 14:00:02,2026-03-19 14:01:55,OK,NO
1139,9,2026-03-19 14:00:59,2026-03-19 14:02:00,OK,NO
1138,11,2026-03-19 14:01:14,2026-03-19 14:02:11,OK,NO
1268,5,2026-03-19 14:01:55,2026-03-19 14:02:47,OK,NO
1283,3,2026-03-19 14:01:55,2026-03-19 14:02:54,OK,NO
1286,2,2026-03-19 14:01:55,2026-03-19 14:02:57,OK,NO
1139,10,2026-03-19 14:02:00,2026-03-19 14:02:57,OK,NO
1298,1,2026-03-19 14:01:55,2026-03-19 14:02:57,OK,NO
1281,4,2026-03-19 14:01:55,2026-03-19 14:02:58,OK,NO
1140,8,2026-03-19 14:01:55,2026-03-19 14:03:01,OK,NO
1262,6,2026-03-19 14:01:55,2026-03-19 14:03:02,OK,NO
1138,12,2026-03-19 14:02:11,2026-03-19 14:03:02,OK,NO
1139,11,2026-03-19 14:02:57,2026-03-19 14:03:49,OK,NO
1140,9,2026-03-19 14:03:01,2026-03-19 14:03:58,OK,NO
1141,7,2026-03-19 14:01:55,2026-03-19 14:04:17,OK,NO
1139,12,2026-03-19 14:03:49,2026-03-19 14:04:56,OK,NO
1140,10,2026-03-19 14:03:58,2026-03-19 14:04:57,OK,NO
1284,3,2026-03-19 14:04:17,2026-03-19 14:05:04,OK,NO
1299,1,2026-03-19 14:04:17,2026-03-19 14:05:09,OK,NO
1141,8,2026-03-19 14:04:17,2026-03-19 14:05:12,OK,NO
1287,2,2026-03-19 14:04:17,2026-03-19 14:05:20,OK,NO
1263,6,2026-03-19 14:04:17,2026-03-19 14:05:22,OK,NO
1282,4,2026-03-19 14:04:17,2026-03-19 14:05:22,OK,NO
1269,5,2026-03-19 14:04:17,2026-03-19 14:05:23,OK,NO
1140,11,2026-03-19 14:04:57,2026-03-19 14:05:51,OK,NO
1141,9,2026-03-19 14:05:12,2026-03-19 14:06:12,OK,NO
1142,7,2026-03-19 14:04:17,2026-03-19 14:06:15,OK,NO
1140,12,2026-03-19 14:05:51,2026-03-19 14:06:56,OK,NO
1285,3,2026-03-19 14:06:15,2026-03-19 14:07:06,OK,NO
1288,2,2026-03-19 14:06:15,2026-03-19 14:07:07,OK,NO
1141,10,2026-03-19 14:06:12,2026-03-19 14:07:11,OK,NO
1270,5,2026-03-19 14:06:15,2026-03-19 14:07:12,OK,NO
1264,6,2026-03-19 14:06:15,2026-03-19 14:07:17,OK,NO
1142,8,2026-03-19 14:06:15,2026-03-19 14:07:19,OK,NO
1300,1,2026-03-19 14:06:15,2026-03-19 14:07:23,OK,NO
1283,4,2026-03-19 14:06:15,2026-03-19 14:07:24,OK,NO
1143,7,2026-03-19 14:06:15,2026-03-19 14:08:08,OK,NO
1141,11,2026-03-19 14:07:11,2026-03-19 14:08:09,OK,NO
1142,9,2026-03-19 14:07:19,2026-03-19 14:08:17,OK,NO
1286,3,2026-03-19 14:08:08,2026-03-19 14:09:03,OK,NO
1289,2,2026-03-19 14:08:08,2026-03-19 14:09:04,OK,NO
1301,1,2026-03-19 14:08:08,2026-03-19 14:09:04,OK,NO
1265,6,2026-03-19 14:08:08,2026-03-19 14:09:09,OK,NO
1271,5,2026-03-19 14:08:08,2026-03-19 14:09:11,OK,NO
1143,8,2026-03-19 14:08:08,2026-03-19 14:09:13,OK,NO
1142,10,2026-03-19 14:08:17,2026-03-19 14:09:15,OK,NO
1141,12,2026-03-19 14:08:09,2026-03-19 14:09:16,OK,NO
1284,4,2026-03-19 14:08:08,2026-03-19 14:09:30,OK,NO
1142,11,2026-03-19 14:09:15,2026-03-19 14:10:11,OK,NO
1143,9,2026-03-19 14:09:13,2026-03-19 14:10:22,OK,NO
1144,7,2026-03-19 14:08:08,2026-03-19 14:10:24,OK,NO
1142,12,2026-03-19 14:10:11,2026-03-19 14:11:10,OK,NO
1144,8,2026-03-19 14:10:24,2026-03-19 14:11:19,OK,NO
1143,10,2026-03-19 14:10:22,2026-03-19 14:11:21,OK,NO
1272,5,2026-03-19 14:10:24,2026-03-19 14:11:22,OK,NO
1266,6,2026-03-19 14:10:24,2026-03-19 14:11:24,OK,NO
1290,2,2026-03-19 14:10:24,2026-03-19 14:11:27,OK,NO
1302,1,2026-03-19 14:10:24,2026-03-19 14:11:30,OK,NO
1287,3,2026-03-19 14:10:24,2026-03-19 14:11:35,OK,NO
1285,4,2026-03-19 14:10:24,2026-03-19 14:11:44,OK,NO
1145,7,2026-03-19 14:10:24,2026-03-19 14:12:07,OK,NO
1144,9,2026-03-19 14:11:19,2026-03-19 14:12:24,OK,NO
1143,11,2026-03-19 14:11:21,2026-03-19 14:12:25,OK,NO
1267,6,2026-03-19 14:12:07,2026-03-19 14:12:59,OK,NO
1288,3,2026-03-19 14:12:07,2026-03-19 14:13:01,OK,NO
1273,5,2026-03-19 14:12:07,2026-03-19 14:13:04,OK,NO
1291,2,2026-03-19 14:12:07,2026-03-19 14:13:06,OK,NO
1145,8,2026-03-19 14:12:07,2026-03-19 14:13:11,OK,NO
1303,1,2026-03-19 14:12:07,2026-03-19 14:13:11,OK,NO
1144,10,2026-03-19 14:12:24,2026-03-19 14:13:17,OK,NO
1143,12,2026-03-19 14:12:25,2026-03-19 14:13:22,OK,NO
1286,4,2026-03-19 14:12:07,2026-03-19 14:13:32,OK,NO
1144,11,2026-03-19 14:13:17,2026-03-19 14:14:07,OK,NO
1145,9,2026-03-19 14:13:11,2026-03-19 14:14:13,OK,NO
1146,7,2026-03-19 14:12:07,2026-03-19 14:14:19,OK,NO
1145,10,2026-03-19 14:14:13,2026-03-19 14:15:07,OK,NO
1144,12,2026-03-19 14:14:07,2026-03-19 14:15:07,OK,NO
1268,6,2026-03-19 14:14:19,2026-03-19 14:15:11,OK,NO
1146,8,2026-03-19 14:14:19,2026-03-19 14:15:13,OK,NO
1274,5,2026-03-19 14:14:19,2026-03-19 14:15:21,OK,NO
1287,4,2026-03-19 14:14:19,2026-03-19 14:15:23,OK,NO
1292,2,2026-03-19 14:14:55,2026-03-19 14:15:53,OK,NO
1289,3,2026-03-19 14:14:55,2026-03-19 14:15:53,OK,NO
1145,11,2026-03-19 14:15:07,2026-03-19 14:15:57,OK,NO
1304,1,2026-03-19 14:14:55,2026-03-19 14:15:58,OK,NO
1146,9,2026-03-19 14:15:13,2026-03-19 14:16:07,OK,NO
1147,7,2026-03-19 14:14:19,2026-03-19 14:16:22,OK,NO
1145,12,2026-03-19 14:15:57,2026-03-19 14:17:08,OK,NO
1146,10,2026-03-19 14:16:07,2026-03-19 14:17:12,OK,NO
1293,2,2026-03-19 14:16:22,2026-03-19 14:17:23,OK,NO
1147,8,2026-03-19 14:16:22,2026-03-19 14:17:24,OK,NO
1305,1,2026-03-19 14:16:22,2026-03-19 14:17:25,OK,NO
1288,4,2026-03-19 14:16:22,2026-03-19 14:17:26,OK,NO
1269,6,2026-03-19 14:16:22,2026-03-19 14:17:30,OK,NO
1275,5,2026-03-19 14:16:22,2026-03-19 14:17:30,OK,NO
1290,3,2026-03-19 14:16:22,2026-03-19 14:17:36,OK,NO
1146,11,2026-03-19 14:17:12,2026-03-19 14:18:17,OK,NO
1147,9,2026-03-19 14:17:24,2026-03-19 14:18:20,OK,NO
1148,7,2026-03-19 14:16:22,2026-03-19 14:18:23,OK,NO
1294,2,2026-03-19 14:18:23,2026-03-19 14:19:13,OK,NO
1146,12,2026-03-19 14:18:17,2026-03-19 14:19:15,OK,NO
1306,1,2026-03-19 14:18:23,2026-03-19 14:19:20,OK,NO
1148,8,2026-03-19 14:18:23,2026-03-19 14:19:20,OK,NO
1291,3,2026-03-19 14:18:23,2026-03-19 14:19:21,OK,NO
1147,10,2026-03-19 14:18:20,2026-03-19 14:19:25,OK,NO
1270,6,2026-03-19 14:18:23,2026-03-19 14:19:29,OK,NO
1289,4,2026-03-19 14:18:23,2026-03-19 14:19:29,OK,NO
1276,5,2026-03-19 14:18:23,2026-03-19 14:19:30,OK,NO
1148,9,2026-03-19 14:19:20,2026-03-19 14:20:11,OK,NO
1149,7,2026-03-19 14:18:23,2026-03-19 14:20:14,OK,NO
1147,11,2026-03-19 14:19:25,2026-03-19 14:20:31,OK,NO
1148,10,2026-03-19 14:20:11,2026-03-19 14:21:03,OK,NO
1271,6,2026-03-19 14:20:14,2026-03-19 14:21:07,OK,NO
1277,5,2026-03-19 14:20:14,2026-03-19 14:21:09,OK,NO
1149,8,2026-03-19 14:20:14,2026-03-19 14:21:12,OK,NO
1292,3,2026-03-19 14:20:14,2026-03-19 14:21:14,OK,NO
1307,1,2026-03-19 14:20:14,2026-03-19 14:21:18,OK,NO
1295,2,2026-03-19 14:20:14,2026-03-19 14:21:20,OK,NO
1290,4,2026-03-19 14:20:14,2026-03-19 14:21:23,OK,NO
1147,12,2026-03-19 14:20:31,2026-03-19 14:21:37,OK,NO
1148,11,2026-03-19 14:21:03,2026-03-19 14:22:07,OK,NO
1149,9,2026-03-19 14:21:12,2026-03-19 14:22:14,OK,NO
1150,7,2026-03-19 14:20:14,2026-03-19 14:22:18,OK,NO
1148,12,2026-03-19 14:22:07,2026-03-19 14:23:09,OK,NO
1149,10,2026-03-19 14:22:14,2026-03-19 14:23:10,OK,NO
1278,5,2026-03-19 14:22:18,2026-03-19 14:23:13,OK,NO
1291,4,2026-03-19 14:22:18,2026-03-19 14:23:15,OK,NO
1293,3,2026-03-19 14:22:18,2026-03-19 14:23:16,OK,NO
1296,2,2026-03-19 14:22:18,2026-03-19 14:23:19,OK,NO
1272,6,2026-03-19 14:22:18,2026-03-19 14:23:21,OK,NO
1308,1,2026-03-19 14:22:18,2026-03-19 14:23:22,OK,NO
1150,8,2026-03-19 14:22:18,2026-03-19 14:23:24,OK,NO
1149,11,2026-03-19 14:23:10,2026-03-19 14:24:08,OK,NO
1150,9,2026-03-19 14:23:24,2026-03-19 14:24:25,OK,NO
1151,7,2026-03-19 14:22:18,2026-03-19 14:24:37,OK,NO
1149,12,2026-03-19 14:24:08,2026-03-19 14:25:06,OK,NO
1150,10,2026-03-19 14:24:25,2026-03-19 14:25:17,OK,NO
1309,1,2026-03-19 14:24:37,2026-03-19 14:25:27,OK,NO
1297,2,2026-03-19 14:24:37,2026-03-19 14:25:31,OK,NO
1292,4,2026-03-19 14:24:37,2026-03-19 14:25:32,OK,NO
1273,6,2026-03-19 14:24:37,2026-03-19 14:25:39,OK,NO
1294,3,2026-03-19 14:24:37,2026-03-19 14:25:41,OK,NO
1279,5,2026-03-19 14:24:37,2026-03-19 14:25:48,OK,NO
1151,8,2026-03-19 14:24:37,2026-03-19 14:25:49,OK,NO
1150,11,2026-03-19 14:25:17,2026-03-19 14:26:13,OK,NO
1152,7,2026-03-19 14:24:37,2026-03-19 14:26:27,OK,NO
1151,9,2026-03-19 14:25:49,2026-03-19 14:26:54,OK,NO
1150,12,2026-03-19 14:26:13,2026-03-19 14:27:12,OK,NO
1310,1,2026-03-19 14:26:27,2026-03-19 14:27:21,OK,NO
1274,6,2026-03-19 14:26:27,2026-03-19 14:27:24,OK,NO
1298,2,2026-03-19 14:26:27,2026-03-19 14:27:26,OK,NO
1280,5,2026-03-19 14:26:27,2026-03-19 14:27:27,OK,NO
1152,8,2026-03-19 14:26:27,2026-03-19 14:27:27,OK,NO
1295,3,2026-03-19 14:26:27,2026-03-19 14:27:29,OK,NO
1293,4,2026-03-19 14:26:27,2026-03-19 14:27:33,OK,NO
1151,10,2026-03-19 14:26:54,2026-03-19 14:27:51,OK,NO
1152,9,2026-03-19 14:27:27,2026-03-19 14:28:25,OK,NO
1153,7,2026-03-19 14:26:27,2026-03-19 14:28:44,OK,NO
1151,11,2026-03-19 14:27:51,2026-03-19 14:28:48,OK,NO
1152,10,2026-03-19 14:28:25,2026-03-19 14:29:17,OK,NO
1281,5,2026-03-19 14:28:44,2026-03-19 14:29:37,OK,NO
1294,4,2026-03-19 14:28:44,2026-03-19 14:29:41,OK,NO
1153,8,2026-03-19 14:28:44,2026-03-19 14:29:44,OK,NO
1151,12,2026-03-19 14:28:48,2026-03-19 14:29:49,OK,NO
1275,6,2026-03-19 14:28:44,2026-03-19 14:29:51,OK,NO
1311,1,2026-03-19 14:29:00,2026-03-19 14:29:55,OK,NO
1296,3,2026-03-19 14:29:00,2026-03-19 14:29:58,OK,NO
1299,2,2026-03-19 14:29:00,2026-03-19 14:29:58,OK,NO
1152,11,2026-03-19 14:29:17,2026-03-19 14:30:26,OK,NO
1154,7,2026-03-19 14:28:44,2026-03-19 14:30:35,OK,NO
1153,9,2026-03-19 14:29:44,2026-03-19 14:30:47,OK,NO
1297,3,2026-03-19 14:30:35,2026-03-19 14:31:21,OK,NO
1152,12,2026-03-19 14:30:26,2026-03-19 14:31:24,OK,NO
1154,8,2026-03-19 14:30:35,2026-03-19 14:31:27,OK,NO
1312,1,2026-03-19 14:30:35,2026-03-19 14:31:30,OK,NO
1295,4,2026-03-19 14:30:35,2026-03-19 14:31:33,OK,NO
1276,6,2026-03-19 14:30:35,2026-03-19 14:31:34,OK,NO
1300,2,2026-03-19 14:30:35,2026-03-19 14:31:35,OK,NO
1282,5,2026-03-19 14:30:35,2026-03-19 14:31:39,OK,NO
1153,10,2026-03-19 14:30:47,2026-03-19 14:31:49,OK,NO
1154,9,2026-03-19 14:31:27,2026-03-19 14:32:25,OK,NO
1153,11,2026-03-19 14:31:49,2026-03-19 14:32:36,OK,NO
1155,7,2026-03-19 14:30:35,2026-03-19 14:32:41,OK,NO
1153,12,2026-03-19 14:32:36,2026-03-19 14:33:26,OK,NO
1154,10,2026-03-19 14:32:25,2026-03-19 14:33:27,OK,NO
1298,3,2026-03-19 14:32:41,2026-03-19 14:33:33,OK,NO
1155,8,2026-03-19 14:32:41,2026-03-19 14:33:35,OK,NO
1283,5,2026-03-19 14:32:41,2026-03-19 14:33:38,OK,NO
1277,6,2026-03-19 14:32:41,2026-03-19 14:33:44,OK,NO
1313,1,2026-03-19 14:32:41,2026-03-19 14:33:47,OK,NO
1301,2,2026-03-19 14:32:41,2026-03-19 14:33:48,OK,NO
1296,4,2026-03-19 14:32:41,2026-03-19 14:34:10,OK,NO
1154,11,2026-03-19 14:33:27,2026-03-19 14:34:36,OK,NO
1155,9,2026-03-19 14:33:35,2026-03-19 14:34:44,OK,NO
1156,7,2026-03-19 14:32:41,2026-03-19 14:34:47,OK,NO
1154,12,2026-03-19 14:34:36,2026-03-19 14:35:28,OK,NO
1155,10,2026-03-19 14:34:44,2026-03-19 14:35:38,OK,NO
1156,8,2026-03-19 14:34:47,2026-03-19 14:35:39,OK,NO
1314,1,2026-03-19 14:34:47,2026-03-19 14:35:41,OK,NO
1302,2,2026-03-19 14:34:47,2026-03-19 14:35:49,OK,NO
1297,4,2026-03-19 14:34:47,2026-03-19 14:35:52,OK,NO
1284,5,2026-03-19 14:34:47,2026-03-19 14:35:52,OK,NO
1299,3,2026-03-19 14:34:47,2026-03-19 14:35:53,OK,NO
1278,6,2026-03-19 14:34:47,2026-03-19 14:35:54,OK,NO
1156,9,2026-03-19 14:35:39,2026-03-19 14:36:39,OK,NO
1155,11,2026-03-19 14:35:38,2026-03-19 14:36:47,OK,NO
1157,7,2026-03-19 14:34:47,2026-03-19 14:36:56,OK,NO
1156,10,2026-03-19 14:36:39,2026-03-19 14:37:39,OK,NO
1155,12,2026-03-19 14:36:47,2026-03-19 14:37:44,OK,NO
1157,8,2026-03-19 14:36:56,2026-03-19 14:37:52,OK,NO
1315,1,2026-03-19 14:36:56,2026-03-19 14:37:55,OK,NO
1279,6,2026-03-19 14:36:56,2026-03-19 14:37:55,OK,NO
1300,3,2026-03-19 14:36:56,2026-03-19 14:37:55,OK,NO
1285,5,2026-03-19 14:36:56,2026-03-19 14:37:56,OK,NO
1303,2,2026-03-19 14:36:56,2026-03-19 14:37:59,OK,NO
1298,4,2026-03-19 14:36:56,2026-03-19 14:38:01,OK,NO
1156,11,2026-03-19 14:37:39,2026-03-19 14:38:45,OK,NO
1157,9,2026-03-19 14:37:52,2026-03-19 14:38:59,OK,NO
1158,7,2026-03-19 14:36:56,2026-03-19 14:39:02,OK,NO
1156,12,2026-03-19 14:38:45,2026-03-19 14:39:39,OK,NO
1157,10,2026-03-19 14:38:59,2026-03-19 14:39:58,OK,NO
1280,6,2026-03-19 14:39:02,2026-03-19 14:39:59,OK,NO
1286,5,2026-03-19 14:39:02,2026-03-19 14:40:01,OK,NO
1301,3,2026-03-19 14:39:02,2026-03-19 14:40:02,OK,NO
1304,2,2026-03-19 14:39:02,2026-03-19 14:40:03,OK,NO
1299,4,2026-03-19 14:39:02,2026-03-19 14:40:05,OK,NO
1316,1,2026-03-19 14:39:02,2026-03-19 14:40:06,OK,NO
1158,8,2026-03-19 14:39:02,2026-03-19 14:40:12,OK,NO
1157,11,2026-03-19 14:39:58,2026-03-19 14:40:54,OK,NO
1159,7,2026-03-19 14:39:02,2026-03-19 14:41:18,OK,NO
1157,12,2026-03-19 14:40:54,2026-03-19 14:41:57,OK,NO
1281,6,2026-03-19 14:41:18,2026-03-19 14:42:07,OK,NO
1305,2,2026-03-19 14:41:18,2026-03-19 14:42:13,OK,NO
1287,5,2026-03-19 14:41:18,2026-03-19 14:42:16,OK,NO
1317,1,2026-03-19 14:41:18,2026-03-19 14:42:19,OK,NO
1302,3,2026-03-19 14:41:18,2026-03-19 14:42:22,OK,NO
1300,4,2026-03-19 14:41:18,2026-03-19 14:42:23,OK,NO
1159,8,2026-03-19 14:41:18,2026-03-19 14:42:26,OK,NO
1158,9,2026-03-19 14:42:34,2026-03-19 14:43:39,OK,NO
1160,7,2026-03-19 14:41:18,2026-03-19 14:43:44,OK,NO
1158,10,2026-03-19 14:43:39,2026-03-19 14:44:39,OK,NO
1159,9,2026-03-19 14:43:39,2026-03-19 14:44:43,OK,NO
1160,8,2026-03-19 14:43:44,2026-03-19 14:44:46,OK,NO
1282,6,2026-03-19 14:43:44,2026-03-19 14:44:49,OK,NO
1288,5,2026-03-19 14:44:12,2026-03-19 14:45:07,OK,NO
1303,3,2026-03-19 14:44:12,2026-03-19 14:45:11,OK,NO
1306,2,2026-03-19 14:44:12,2026-03-19 14:45:11,OK,NO
1318,1,2026-03-19 14:44:12,2026-03-19 14:45:13,OK,NO
1158,11,2026-03-19 14:44:39,2026-03-19 14:45:43,OK,NO
1301,4,2026-03-19 14:44:12,2026-03-19 14:45:46,OK,NO
1159,10,2026-03-19 14:44:43,2026-03-19 14:45:46,OK,NO
1160,9,2026-03-19 14:44:46,2026-03-19 14:45:49,OK,NO
1161,7,2026-03-19 14:43:44,2026-03-19 14:45:50,OK,NO
1160,10,2026-03-19 14:45:49,2026-03-19 14:46:39,OK,NO
1283,6,2026-03-19 14:45:50,2026-03-19 14:46:46,OK,NO
1304,3,2026-03-19 14:45:50,2026-03-19 14:46:46,OK,NO
1289,5,2026-03-19 14:45:50,2026-03-19 14:46:49,OK,NO
1159,11,2026-03-19 14:45:46,2026-03-19 14:46:54,OK,NO
1158,12,2026-03-19 14:45:43,2026-03-19 14:46:54,OK,NO
1161,8,2026-03-19 14:45:50,2026-03-19 14:46:54,OK,NO
1302,4,2026-03-19 14:45:50,2026-03-19 14:46:56,OK,NO
1319,1,2026-03-19 14:45:50,2026-03-19 14:46:57,OK,NO
1307,2,2026-03-19 14:45:50,2026-03-19 14:46:59,OK,NO
1159,12,2026-03-19 14:46:54,2026-03-19 14:47:54,OK,NO
1161,9,2026-03-19 14:46:54,2026-03-19 14:47:55,OK,NO
1160,11,2026-03-19 14:46:54,2026-03-19 14:47:57,OK,NO
1162,7,2026-03-19 14:45:50,2026-03-19 14:48:01,OK,NO
1284,6,2026-03-19 14:48:01,2026-03-19 14:48:51,OK,NO
1161,10,2026-03-19 14:47:55,2026-03-19 14:48:52,OK,NO
1308,2,2026-03-19 14:48:01,2026-03-19 14:48:55,OK,NO
1160,12,2026-03-19 14:47:57,2026-03-19 14:48:57,OK,NO
1162,8,2026-03-19 14:48:01,2026-03-19 14:48:58,OK,NO
1320,1,2026-03-19 14:48:01,2026-03-19 14:48:59,OK,NO
1303,4,2026-03-19 14:48:01,2026-03-19 14:49:01,OK,NO
1290,5,2026-03-19 14:48:01,2026-03-19 14:49:01,OK,NO
1305,3,2026-03-19 14:48:01,2026-03-19 14:49:08,OK,NO
1162,9,2026-03-19 14:48:58,2026-03-19 14:49:49,OK,NO
1161,11,2026-03-19 14:48:52,2026-03-19 14:49:54,OK,NO
1163,7,2026-03-19 14:48:01,2026-03-19 14:50:00,OK,NO
1162,10,2026-03-19 14:49:49,2026-03-19 14:50:50,OK,NO
1163,8,2026-03-19 14:50:00,2026-03-19 14:50:56,OK,NO
1161,12,2026-03-19 14:49:54,2026-03-19 14:50:57,OK,NO
1306,3,2026-03-19 14:50:00,2026-03-19 14:50:59,OK,NO
1291,5,2026-03-19 14:50:00,2026-03-19 14:51:05,OK,NO
1321,1,2026-03-19 14:50:00,2026-03-19 14:51:06,OK,NO
1285,6,2026-03-19 14:50:00,2026-03-19 14:51:06,OK,NO
1309,2,2026-03-19 14:50:00,2026-03-19 14:51:07,OK,NO
1304,4,2026-03-19 14:50:00,2026-03-19 14:51:21,OK,NO
1162,11,2026-03-19 14:50:50,2026-03-19 14:51:51,OK,NO
1163,9,2026-03-19 14:50:56,2026-03-19 14:51:55,OK,NO
1164,7,2026-03-19 14:50:00,2026-03-19 14:52:46,OK,NO
1162,12,2026-03-19 14:51:51,2026-03-19 14:52:47,OK,NO
1163,10,2026-03-19 14:51:55,2026-03-19 14:53:06,OK,NO
1164,8,2026-03-19 14:52:46,2026-03-19 14:53:38,OK,NO
1310,2,2026-03-19 14:52:46,2026-03-19 14:53:40,OK,NO
1292,5,2026-03-19 14:52:46,2026-03-19 14:53:40,OK,NO
1322,1,2026-03-19 14:52:46,2026-03-19 14:53:43,OK,NO
1286,6,2026-03-19 14:52:46,2026-03-19 14:53:47,OK,NO
1307,3,2026-03-19 14:52:46,2026-03-19 14:53:52,OK,NO
1305,4,2026-03-19 14:52:46,2026-03-19 14:54:12,OK,NO
1163,11,2026-03-19 14:53:06,2026-03-19 14:54:16,OK,NO
1164,9,2026-03-19 14:53:38,2026-03-19 14:54:45,OK,NO
1163,12,2026-03-19 14:54:16,2026-03-19 14:55:16,OK,NO
1165,7,2026-03-19 14:52:46,2026-03-19 14:55:23,OK,NO
1164,10,2026-03-19 14:54:45,2026-03-19 14:55:37,OK,NO
1323,1,2026-03-19 14:55:23,2026-03-19 14:56:11,OK,NO
1306,4,2026-03-19 14:55:23,2026-03-19 14:56:17,OK,NO
1165,8,2026-03-19 14:55:23,2026-03-19 14:56:20,OK,NO
1308,3,2026-03-19 14:55:23,2026-03-19 14:56:24,OK,NO
1311,2,2026-03-19 14:55:23,2026-03-19 14:56:27,OK,NO
1287,6,2026-03-19 14:55:23,2026-03-19 14:56:33,OK,NO
1293,5,2026-03-19 14:55:23,2026-03-19 14:56:35,OK,NO
1164,11,2026-03-19 14:55:37,2026-03-19 14:56:37,OK,NO
1166,7,2026-03-19 14:55:23,2026-03-19 14:57:19,OK,NO
1165,9,2026-03-19 14:56:20,2026-03-19 14:57:29,OK,NO
1164,12,2026-03-19 14:56:37,2026-03-19 14:57:37,OK,NO
1312,2,2026-03-19 14:57:19,2026-03-19 14:58:15,OK,NO
1307,4,2026-03-19 14:57:19,2026-03-19 14:58:19,OK,NO
1309,3,2026-03-19 14:57:19,2026-03-19 14:58:19,OK,NO
1294,5,2026-03-19 14:57:19,2026-03-19 14:58:20,OK,NO
1288,6,2026-03-19 14:57:19,2026-03-19 14:58:20,OK,NO
1166,8,2026-03-19 14:57:19,2026-03-19 14:58:23,OK,NO
1324,1,2026-03-19 14:57:19,2026-03-19 14:58:25,OK,NO
1165,10,2026-03-19 14:57:29,2026-03-19 14:58:36,OK,NO
1166,9,2026-03-19 14:58:23,2026-03-19 14:59:27,OK,NO
1167,7,2026-03-19 14:57:19,2026-03-19 14:59:32,OK,NO
1165,11,2026-03-19 14:58:36,2026-03-19 14:59:37,OK,NO
1166,10,2026-03-19 14:59:27,2026-03-19 15:00:17,OK,NO
1295,5,2026-03-19 14:59:32,2026-03-19 15:00:24,OK,NO
1313,2,2026-03-19 14:59:32,2026-03-19 15:00:25,OK,NO
1289,6,2026-03-19 14:59:32,2026-03-19 15:00:31,OK,NO
1310,3,2026-03-19 14:59:32,2026-03-19 15:00:31,OK,NO
1167,8,2026-03-19 14:59:32,2026-03-19 15:00:32,OK,NO
1325,1,2026-03-19 14:59:32,2026-03-19 15:00:40,OK,NO
1165,12,2026-03-19 14:59:37,2026-03-19 15:00:42,OK,NO
1308,4,2026-03-19 14:59:32,2026-03-19 15:00:47,OK,NO
1166,11,2026-03-19 15:00:17,2026-03-19 15:01:24,OK,NO
1168,7,2026-03-19 14:59:32,2026-03-19 15:01:32,OK,NO
1167,9,2026-03-19 15:00:32,2026-03-19 15:01:54,OK,NO
1168,8,2026-03-19 15:01:32,2026-03-19 15:02:23,OK,NO
1290,6,2026-03-19 15:01:32,2026-03-19 15:02:28,OK,NO
1296,5,2026-03-19 15:01:32,2026-03-19 15:02:34,OK,NO
1166,12,2026-03-19 15:01:24,2026-03-19 15:02:38,OK,NO
1167,10,2026-03-19 15:01:54,2026-03-19 15:02:47,OK,NO
1169,7,2026-03-19 15:01:32,2026-03-19 15:03:18,OK,NO
1168,9,2026-03-19 15:02:23,2026-03-19 15:03:34,OK,NO
1311,3,2026-03-19 15:02:53,2026-03-19 15:03:44,OK,NO
1314,2,2026-03-19 15:02:53,2026-03-19 15:03:44,OK,NO
1167,11,2026-03-19 15:02:47,2026-03-19 15:03:47,OK,NO
1309,4,2026-03-19 15:02:53,2026-03-19 15:04:04,OK,NO
1297,5,2026-03-19 15:03:18,2026-03-19 15:04:12,OK,NO
1169,8,2026-03-19 15:03:18,2026-03-19 15:04:13,OK,NO
1291,6,2026-03-19 15:03:18,2026-03-19 15:04:24,OK,NO
1168,10,2026-03-19 15:03:34,2026-03-19 15:04:29,OK,NO
1167,12,2026-03-19 15:03:47,2026-03-19 15:05:00,OK,NO
1169,9,2026-03-19 15:04:13,2026-03-19 15:05:04,OK,NO
1315,2,2026-03-19 15:04:04,2026-03-19 15:05:05,OK,NO
1312,3,2026-03-19 15:04:04,2026-03-19 15:05:07,OK,NO
1310,4,2026-03-19 15:04:04,2026-03-19 15:05:08,OK,NO
1168,11,2026-03-19 15:04:29,2026-03-19 15:05:32,OK,NO
1169,10,2026-03-19 15:05:04,2026-03-19 15:06:01,OK,NO
1326,1,2026-03-19 15:05:22,2026-03-19 15:06:19,OK,NO
1170,7,2026-03-19 15:03:18,2026-03-19 15:06:20,OK,NO
1168,12,2026-03-19 15:05:32,2026-03-19 15:06:36,OK,NO
1169,11,2026-03-19 15:06:01,2026-03-19 15:07:11,OK,NO
1327,1,2026-03-19 15:06:19,2026-03-19 15:07:15,OK,NO
1316,2,2026-03-19 15:06:20,2026-03-19 15:07:17,OK,NO
1298,5,2026-03-19 15:06:20,2026-03-19 15:07:18,OK,NO
1313,3,2026-03-19 15:06:20,2026-03-19 15:07:19,OK,NO
1311,4,2026-03-19 15:06:20,2026-03-19 15:07:25,OK,NO
1170,8,2026-03-19 15:06:20,2026-03-19 15:07:25,OK,NO
1292,6,2026-03-19 15:06:20,2026-03-19 15:07:31,OK,NO
1328,1,2026-03-19 15:07:15,2026-03-19 15:08:17,OK,NO
1169,12,2026-03-19 15:07:11,2026-03-19 15:08:28,OK,NO
1170,9,2026-03-19 15:07:25,2026-03-19 15:08:52,OK,NO
1171,7,2026-03-19 15:06:20,2026-03-19 15:08:53,OK,NO
1293,6,2026-03-19 15:08:53,2026-03-19 15:09:43,OK,NO
1317,2,2026-03-19 15:08:53,2026-03-19 15:09:51,OK,NO
1171,8,2026-03-19 15:08:53,2026-03-19 15:09:52,OK,NO
1170,10,2026-03-19 15:08:52,2026-03-19 15:09:54,OK,NO
1314,3,2026-03-19 15:08:53,2026-03-19 15:09:54,OK,NO
1329,1,2026-03-19 15:08:53,2026-03-19 15:09:55,OK,NO
1299,5,2026-03-19 15:08:53,2026-03-19 15:10:00,OK,NO
1312,4,2026-03-19 15:08:53,2026-03-19 15:10:17,OK,NO
1170,11,2026-03-19 15:09:54,2026-03-19 15:10:49,OK,NO
1172,7,2026-03-19 15:08:53,2026-03-19 15:11:13,OK,NO
1171,9,2026-03-19 15:09:52,2026-03-19 15:11:20,OK,NO
1170,12,2026-03-19 15:10:49,2026-03-19 15:11:45,OK,NO
1171,10,2026-03-19 15:11:20,2026-03-19 15:12:06,OK,NO
1330,1,2026-03-19 15:11:13,2026-03-19 15:12:11,OK,NO
1294,6,2026-03-19 15:11:13,2026-03-19 15:12:13,OK,NO
1315,3,2026-03-19 15:11:13,2026-03-19 15:12:15,OK,NO
1318,2,2026-03-19 15:11:13,2026-03-19 15:12:16,OK,NO
1300,5,2026-03-19 15:11:13,2026-03-19 15:12:17,OK,NO
1172,8,2026-03-19 15:11:13,2026-03-19 15:12:19,OK,NO
1313,4,2026-03-19 15:11:13,2026-03-19 15:12:23,OK,NO
1171,11,2026-03-19 15:12:06,2026-03-19 15:13:07,OK,NO
1172,9,2026-03-19 15:12:19,2026-03-19 15:13:21,OK,NO
1173,7,2026-03-19 15:11:13,2026-03-19 15:13:22,OK,NO
1171,12,2026-03-19 15:13:07,2026-03-19 15:14:06,OK,NO
1316,3,2026-03-19 15:13:22,2026-03-19 15:14:19,OK,NO
1173,8,2026-03-19 15:13:22,2026-03-19 15:14:22,OK,NO
1301,5,2026-03-19 15:13:22,2026-03-19 15:14:23,OK,NO
1295,6,2026-03-19 15:13:22,2026-03-19 15:14:23,OK,NO
1172,10,2026-03-19 15:13:21,2026-03-19 15:14:24,OK,NO
1319,2,2026-03-19 15:13:22,2026-03-19 15:14:26,OK,NO
1331,1,2026-03-19 15:13:22,2026-03-19 15:14:30,OK,NO
1314,4,2026-03-19 15:13:22,2026-03-19 15:14:50,OK,NO
1172,11,2026-03-19 15:14:24,2026-03-19 15:15:19,OK,NO
1173,9,2026-03-19 15:14:22,2026-03-19 15:15:24,OK,NO
1174,7,2026-03-19 15:13:22,2026-03-19 15:15:42,OK,NO
1172,12,2026-03-19 15:15:19,2026-03-19 15:16:20,OK,NO
1173,10,2026-03-19 15:15:24,2026-03-19 15:16:24,OK,NO
1174,8,2026-03-19 15:15:42,2026-03-19 15:16:41,OK,NO
1317,3,2026-03-19 15:15:42,2026-03-19 15:16:46,OK,NO
1315,4,2026-03-19 15:15:42,2026-03-19 15:16:47,OK,NO
1296,6,2026-03-19 15:15:42,2026-03-19 15:16:48,OK,NO
1332,1,2026-03-19 15:15:42,2026-03-19 15:16:49,OK,NO
1302,5,2026-03-19 15:15:42,2026-03-19 15:16:50,OK,NO
1320,2,2026-03-19 15:15:42,2026-03-19 15:16:51,OK,NO
1173,11,2026-03-19 15:16:24,2026-03-19 15:17:14,OK,NO
1174,9,2026-03-19 15:16:41,2026-03-19 15:17:41,OK,NO
1175,7,2026-03-19 15:15:42,2026-03-19 15:17:44,OK,NO
1173,12,2026-03-19 15:17:14,2026-03-19 15:18:19,OK,NO
1303,5,2026-03-19 15:17:44,2026-03-19 15:18:35,OK,NO
1321,2,2026-03-19 15:17:44,2026-03-19 15:18:37,OK,NO
1318,3,2026-03-19 15:17:44,2026-03-19 15:18:38,OK,NO
1174,10,2026-03-19 15:17:41,2026-03-19 15:18:45,OK,NO
1316,4,2026-03-19 15:17:44,2026-03-19 15:18:45,OK,NO
1333,1,2026-03-19 15:17:44,2026-03-19 15:18:47,OK,NO
1175,8,2026-03-19 15:17:44,2026-03-19 15:18:51,OK,NO
1297,6,2026-03-19 15:17:44,2026-03-19 15:18:52,OK,NO
1174,11,2026-03-19 15:18:45,2026-03-19 15:19:41,OK,NO
1176,7,2026-03-19 15:17:44,2026-03-19 15:19:49,OK,NO
1175,9,2026-03-19 15:18:51,2026-03-19 15:19:53,OK,NO
1298,6,2026-03-19 15:19:49,2026-03-19 15:20:45,OK,NO
1334,1,2026-03-19 15:19:49,2026-03-19 15:20:46,OK,NO
1174,12,2026-03-19 15:19:41,2026-03-19 15:20:46,OK,NO
1304,5,2026-03-19 15:19:49,2026-03-19 15:20:49,OK,NO
1319,3,2026-03-19 15:19:49,2026-03-19 15:20:51,OK,NO
1176,8,2026-03-19 15:19:49,2026-03-19 15:20:51,OK,NO
1317,4,2026-03-19 15:19:49,2026-03-19 15:20:52,OK,NO
1175,10,2026-03-19 15:19:53,2026-03-19 15:20:56,OK,NO
1322,2,2026-03-19 15:19:49,2026-03-19 15:21:00,OK,NO
1177,7,2026-03-19 15:19:49,2026-03-19 15:21:40,OK,NO
1176,9,2026-03-19 15:20:51,2026-03-19 15:21:51,OK,NO
1175,11,2026-03-19 15:20:56,2026-03-19 15:21:54,OK,NO
1320,3,2026-03-19 15:21:40,2026-03-19 15:22:31,OK,NO
1299,6,2026-03-19 15:21:40,2026-03-19 15:22:32,OK,NO
1177,8,2026-03-19 15:21:40,2026-03-19 15:22:40,OK,NO
1335,1,2026-03-19 15:21:40,2026-03-19 15:22:43,OK,NO
1176,10,2026-03-19 15:21:51,2026-03-19 15:22:44,OK,NO
1323,2,2026-03-19 15:21:40,2026-03-19 15:22:46,OK,NO
1305,5,2026-03-19 15:21:40,2026-03-19 15:22:47,OK,NO
1318,4,2026-03-19 15:21:40,2026-03-19 15:22:49,OK,NO
1175,12,2026-03-19 15:21:54,2026-03-19 15:23:03,OK,NO
1178,7,2026-03-19 15:21:40,2026-03-19 15:23:33,OK,NO
1177,9,2026-03-19 15:22:40,2026-03-19 15:23:34,OK,NO
1176,11,2026-03-19 15:22:44,2026-03-19 15:23:48,OK,NO
1178,8,2026-03-19 15:23:33,2026-03-19 15:24:24,OK,NO
1300,6,2026-03-19 15:23:33,2026-03-19 15:24:32,OK,NO
1336,1,2026-03-19 15:23:33,2026-03-19 15:24:33,OK,NO
1177,10,2026-03-19 15:23:34,2026-03-19 15:24:35,OK,NO
1324,2,2026-03-19 15:23:33,2026-03-19 15:24:38,OK,NO
1306,5,2026-03-19 15:23:33,2026-03-19 15:24:38,OK,NO
1319,4,2026-03-19 15:23:33,2026-03-19 15:24:38,OK,NO
1176,12,2026-03-19 15:23:48,2026-03-19 15:24:40,OK,NO
1321,3,2026-03-19 15:23:33,2026-03-19 15:24:41,OK,NO
1178,9,2026-03-19 15:24:24,2026-03-19 15:25:23,OK,NO
1177,11,2026-03-19 15:24:35,2026-03-19 15:25:26,OK,NO
1177,12,2026-03-19 15:25:26,2026-03-19 15:26:24,OK,NO
1178,10,2026-03-19 15:25:23,2026-03-19 15:26:27,OK,NO
1179,7,2026-03-19 15:23:33,2026-03-19 15:26:27,OK,NO
1337,1,2026-03-19 15:26:27,2026-03-19 15:27:19,OK,NO
1320,4,2026-03-19 15:26:27,2026-03-19 15:27:24,OK,NO
1178,11,2026-03-19 15:26:27,2026-03-19 15:27:24,OK,NO
1307,5,2026-03-19 15:26:27,2026-03-19 15:27:28,OK,NO
1179,8,2026-03-19 15:26:27,2026-03-19 15:27:31,OK,NO
1301,6,2026-03-19 15:26:27,2026-03-19 15:27:32,OK,NO
1325,2,2026-03-19 15:26:27,2026-03-19 15:27:34,OK,NO
1322,3,2026-03-19 15:26:27,2026-03-19 15:27:39,OK,NO
1178,12,2026-03-19 15:27:24,2026-03-19 15:28:13,OK,NO
1180,7,2026-03-19 15:26:27,2026-03-19 15:28:52,OK,NO
1179,9,2026-03-19 15:27:31,2026-03-19 15:28:56,OK,NO
1321,4,2026-03-19 15:28:52,2026-03-19 15:29:49,OK,NO
1179,10,2026-03-19 15:28:56,2026-03-19 15:29:50,OK,NO
1338,1,2026-03-19 15:28:52,2026-03-19 15:29:51,OK,NO
1323,3,2026-03-19 15:28:52,2026-03-19 15:29:52,OK,NO
1308,5,2026-03-19 15:28:52,2026-03-19 15:29:52,OK,NO
1326,2,2026-03-19 15:28:52,2026-03-19 15:29:56,OK,NO
1180,8,2026-03-19 15:28:52,2026-03-19 15:29:57,OK,NO
1302,6,2026-03-19 15:28:52,2026-03-19 15:29:58,OK,NO
1179,11,2026-03-19 15:29:50,2026-03-19 15:30:49,OK,NO
1180,9,2026-03-19 15:29:57,2026-03-19 15:31:10,OK,NO
1179,12,2026-03-19 15:30:49,2026-03-19 15:31:49,OK,NO
1181,7,2026-03-19 15:28:52,2026-03-19 15:32:04,OK,NO
1180,10,2026-03-19 15:31:10,2026-03-19 15:32:13,OK,NO
1339,1,2026-03-19 15:32:04,2026-03-19 15:32:55,OK,NO
1324,3,2026-03-19 15:32:04,2026-03-19 15:32:55,OK,NO
1327,2,2026-03-19 15:32:04,2026-03-19 15:33:00,OK,NO
1309,5,2026-03-19 15:32:04,2026-03-19 15:33:08,OK,NO
1180,11,2026-03-19 15:32:13,2026-03-19 15:33:08,OK,NO
1181,8,2026-03-19 15:32:04,2026-03-19 15:33:12,OK,NO
1322,4,2026-03-19 15:32:04,2026-03-19 15:33:17,OK,NO
1303,6,2026-03-19 15:32:04,2026-03-19 15:33:18,OK,NO
1180,12,2026-03-19 15:33:08,2026-03-19 15:34:12,OK,NO
1181,9,2026-03-19 15:33:12,2026-03-19 15:34:28,OK,NO
1182,7,2026-03-19 15:32:04,2026-03-19 15:34:50,OK,NO
1181,10,2026-03-19 15:34:28,2026-03-19 15:35:31,OK,NO
1182,8,2026-03-19 15:34:50,2026-03-19 15:35:40,OK,NO
1328,2,2026-03-19 15:34:50,2026-03-19 15:35:43,OK,NO
1304,6,2026-03-19 15:34:50,2026-03-19 15:35:45,OK,NO
1310,5,2026-03-19 15:34:50,2026-03-19 15:35:46,OK,NO
1323,4,2026-03-19 15:34:50,2026-03-19 15:35:57,OK,NO
1340,1,2026-03-19 15:34:50,2026-03-19 15:35:59,OK,NO
1325,3,2026-03-19 15:34:50,2026-03-19 15:36:00,OK,NO
1181,11,2026-03-19 15:35:31,2026-03-19 15:36:25,OK,NO
1182,9,2026-03-19 15:35:40,2026-03-19 15:37:05,OK,NO
1183,7,2026-03-19 15:34:50,2026-03-19 15:37:09,OK,NO
1181,12,2026-03-19 15:36:25,2026-03-19 15:37:17,OK,NO
1183,8,2026-03-19 15:37:09,2026-03-19 15:38:00,OK,NO
1311,5,2026-03-19 15:37:09,2026-03-19 15:38:06,OK,NO
1182,10,2026-03-19 15:37:05,2026-03-19 15:38:09,OK,NO
1305,6,2026-03-19 15:37:09,2026-03-19 15:38:13,OK,NO
1183,9,2026-03-19 15:38:00,2026-03-19 15:38:58,OK,NO
1182,11,2026-03-19 15:38:09,2026-03-19 15:39:05,OK,NO
1184,7,2026-03-19 15:37:09,2026-03-19 15:39:45,OK,NO
1183,10,2026-03-19 15:38:58,2026-03-19 15:39:48,OK,NO
1182,12,2026-03-19 15:39:05,2026-03-19 15:39:58,OK,NO
1312,5,2026-03-19 15:39:45,2026-03-19 15:40:36,OK,NO
1184,8,2026-03-19 15:39:45,2026-03-19 15:40:44,OK,NO
1183,11,2026-03-19 15:39:48,2026-03-19 15:40:45,OK,NO
1306,6,2026-03-19 15:39:45,2026-03-19 15:40:54,OK,NO
1185,7,2026-03-19 15:39:45,2026-03-19 15:41:27,OK,NO
1183,12,2026-03-19 15:40:45,2026-03-19 15:41:41,OK,NO
1184,9,2026-03-19 15:40:44,2026-03-19 15:41:57,OK,NO
1313,5,2026-03-19 15:41:27,2026-03-19 15:42:27,OK,NO
1307,6,2026-03-19 15:41:27,2026-03-19 15:42:29,OK,NO
1185,8,2026-03-19 15:41:27,2026-03-19 15:42:30,OK,NO
1329,2,2026-03-19 15:41:49,2026-03-19 15:42:38,OK,NO
1341,1,2026-03-19 15:41:49,2026-03-19 15:42:46,OK,NO
1326,3,2026-03-19 15:41:49,2026-03-19 15:42:54,OK,NO
1184,10,2026-03-19 15:41:57,2026-03-19 15:42:55,OK,NO
1324,4,2026-03-19 15:41:49,2026-03-19 15:43:08,OK,NO
1185,9,2026-03-19 15:42:30,2026-03-19 15:43:23,OK,NO
1342,1,2026-03-19 15:43:08,2026-03-19 15:43:58,OK,NO
1184,11,2026-03-19 15:42:55,2026-03-19 15:43:59,OK,NO
1186,7,2026-03-19 15:41:27,2026-03-19 15:44:06,OK,NO
1330,2,2026-03-19 15:43:08,2026-03-19 15:44:08,OK,NO
1327,3,2026-03-19 15:43:08,2026-03-19 15:44:11,OK,NO
1325,4,2026-03-19 15:43:08,2026-03-19 15:44:21,OK,NO
1185,10,2026-03-19 15:43:23,2026-03-19 15:44:31,OK,NO
1184,12,2026-03-19 15:43:59,2026-03-19 15:44:56,OK,NO
1314,5,2026-03-19 15:44:06,2026-03-19 15:45:05,OK,NO
1308,6,2026-03-19 15:44:06,2026-03-19 15:45:06,OK,NO
1186,8,2026-03-19 15:44:06,2026-03-19 15:45:12,OK,NO
1343,1,2026-03-19 15:44:21,2026-03-19 15:45:20,OK,NO
1328,3,2026-03-19 15:44:21,2026-03-19 15:45:22,OK,NO
1331,2,2026-03-19 15:44:21,2026-03-19 15:45:25,OK,NO
1185,11,2026-03-19 15:44:31,2026-03-19 15:45:25,OK,NO
1326,4,2026-03-19 15:44:21,2026-03-19 15:45:31,OK,NO
1186,9,2026-03-19 15:45:12,2026-03-19 15:46:16,OK,NO
1187,7,2026-03-19 15:44:06,2026-03-19 15:46:19,OK,NO
1329,3,2026-03-19 15:45:31,2026-03-19 15:46:22,OK,NO
1185,12,2026-03-19 15:45:25,2026-03-19 15:46:24,OK,NO
1344,1,2026-03-19 15:45:31,2026-03-19 15:46:28,OK,NO
1332,2,2026-03-19 15:45:31,2026-03-19 15:46:33,OK,NO
1327,4,2026-03-19 15:45:31,2026-03-19 15:46:34,OK,NO
1186,10,2026-03-19 15:46:16,2026-03-19 15:47:13,OK,NO
1309,6,2026-03-19 15:46:19,2026-03-19 15:47:14,OK,NO
1187,8,2026-03-19 15:46:19,2026-03-19 15:47:18,OK,NO
1315,5,2026-03-19 15:46:19,2026-03-19 15:47:26,OK,NO
1330,3,2026-03-19 15:46:34,2026-03-19 15:47:38,OK,NO
1328,4,2026-03-19 15:46:34,2026-03-19 15:48:07,OK,NO
1187,9,2026-03-19 15:47:18,2026-03-19 15:48:08,OK,NO
1188,7,2026-03-19 15:46:19,2026-03-19 15:48:11,OK,NO
1186,11,2026-03-19 15:47:13,2026-03-19 15:48:11,OK,NO
1333,2,2026-03-19 15:48:09,2026-03-19 15:49:04,OK,NO
1316,5,2026-03-19 15:48:11,2026-03-19 15:49:09,OK,NO
1345,1,2026-03-19 15:48:09,2026-03-19 15:49:09,OK,NO
1310,6,2026-03-19 15:48:11,2026-03-19 15:49:10,OK,NO
1331,3,2026-03-19 15:48:11,2026-03-19 15:49:11,OK,NO
1188,8,2026-03-19 15:48:11,2026-03-19 15:49:12,OK,NO
1187,10,2026-03-19 15:48:08,2026-03-19 15:49:14,OK,NO
1186,12,2026-03-19 15:48:11,2026-03-19 15:49:14,OK,NO
1329,4,2026-03-19 15:48:11,2026-03-19 15:49:20,OK,NO
1334,2,2026-03-19 15:49:04,2026-03-19 15:50:07,OK,NO
1188,9,2026-03-19 15:49:12,2026-03-19 15:50:10,OK,NO
1346,1,2026-03-19 15:49:09,2026-03-19 15:50:12,OK,NO
1187,11,2026-03-19 15:49:14,2026-03-19 15:50:19,OK,NO
1189,7,2026-03-19 15:48:11,2026-03-19 15:50:38,OK,NO
1188,10,2026-03-19 15:50:10,2026-03-19 15:51:01,OK,NO
1187,12,2026-03-19 15:50:19,2026-03-19 15:51:20,OK,NO
1317,5,2026-03-19 15:50:38,2026-03-19 15:51:33,OK,NO
1311,6,2026-03-19 15:50:38,2026-03-19 15:51:41,OK,NO
1189,8,2026-03-19 15:50:38,2026-03-19 15:51:41,OK,NO
1188,11,2026-03-19 15:51:01,2026-03-19 15:52:09,OK,NO
1189,9,2026-03-19 15:51:41,2026-03-19 15:52:38,OK,NO
1190,7,2026-03-19 15:50:38,2026-03-19 15:52:45,OK,NO
1188,12,2026-03-19 15:52:09,2026-03-19 15:53:14,OK,NO
1190,8,2026-03-19 15:52:45,2026-03-19 15:53:37,OK,NO
1318,5,2026-03-19 15:52:45,2026-03-19 15:53:41,OK,NO
1189,10,2026-03-19 15:52:38,2026-03-19 15:53:44,OK,NO
1312,6,2026-03-19 15:52:45,2026-03-19 15:53:47,OK,NO
1335,2,2026-03-19 15:52:54,2026-03-19 15:53:52,OK,NO
1332,3,2026-03-19 15:52:54,2026-03-19 15:53:59,OK,NO
1347,1,2026-03-19 15:52:54,2026-03-19 15:53:59,OK,NO
1330,4,2026-03-19 15:52:54,2026-03-19 15:54:13,OK,NO
1190,9,2026-03-19 15:53:37,2026-03-19 15:54:39,OK,NO
1189,11,2026-03-19 15:53:44,2026-03-19 15:54:41,OK,NO
1191,7,2026-03-19 15:52:45,2026-03-19 15:55:09,OK,NO
1336,2,2026-03-19 15:54:13,2026-03-19 15:55:10,OK,NO
1348,1,2026-03-19 15:54:13,2026-03-19 15:55:10,OK,NO
1333,3,2026-03-19 15:54:13,2026-03-19 15:55:10,OK,NO
1331,4,2026-03-19 15:54:13,2026-03-19 15:55:35,OK,NO
1189,12,2026-03-19 15:54:41,2026-03-19 15:55:37,OK,NO
1190,10,2026-03-19 15:54:39,2026-03-19 15:55:45,OK,NO
1319,5,2026-03-19 15:55:09,2026-03-19 15:56:08,OK,NO
1313,6,2026-03-19 15:55:09,2026-03-19 15:56:12,OK,NO
1191,8,2026-03-19 15:55:09,2026-03-19 15:56:15,OK,NO
1334,3,2026-03-19 15:55:35,2026-03-19 15:56:26,OK,NO
1332,4,2026-03-19 15:55:35,2026-03-19 15:56:35,OK,NO
1190,11,2026-03-19 15:55:45,2026-03-19 15:56:38,OK,NO
1349,1,2026-03-19 15:55:35,2026-03-19 15:56:42,OK,NO
1337,2,2026-03-19 15:55:35,2026-03-19 15:56:43,OK,NO
1191,9,2026-03-19 15:56:15,2026-03-19 15:57:12,OK,NO
1192,7,2026-03-19 15:55:09,2026-03-19 15:57:38,OK,NO
1190,12,2026-03-19 15:56:38,2026-03-19 15:57:45,OK,NO
1191,10,2026-03-19 15:57:12,2026-03-19 15:58:14,OK,NO
1338,2,2026-03-19 15:57:38,2026-03-19 15:58:31,OK,NO
1192,8,2026-03-19 15:57:38,2026-03-19 15:58:34,OK,NO
1320,5,2026-03-19 15:57:38,2026-03-19 15:58:34,OK,NO
1333,4,2026-03-19 15:57:38,2026-03-19 15:58:37,OK,NO
1350,1,2026-03-19 15:57:38,2026-03-19 15:58:42,OK,NO
1335,3,2026-03-19 15:57:38,2026-03-19 15:58:47,OK,NO
1314,6,2026-03-19 15:57:38,2026-03-19 15:58:47,OK,NO
1191,11,2026-03-19 15:58:14,2026-03-19 15:59:13,OK,NO
1192,9,2026-03-19 15:58:34,2026-03-19 15:59:27,OK,NO
1193,7,2026-03-19 15:57:38,2026-03-19 15:59:50,OK,NO
1191,12,2026-03-19 15:59:13,2026-03-19 16:00:11,OK,NO
1192,10,2026-03-19 15:59:27,2026-03-19 16:00:30,OK,NO
1334,4,2026-03-19 15:59:50,2026-03-19 16:00:39,OK,NO
1321,5,2026-03-19 15:59:50,2026-03-19 16:00:47,OK,NO
1193,8,2026-03-19 15:59:50,2026-03-19 16:00:47,OK,NO
1336,3,2026-03-19 15:59:50,2026-03-19 16:00:48,OK,NO
1351,1,2026-03-19 15:59:50,2026-03-19 16:00:51,OK,NO
1339,2,2026-03-19 15:59:50,2026-03-19 16:00:51,OK,NO
1315,6,2026-03-19 15:59:50,2026-03-19 16:00:52,OK,NO
1192,11,2026-03-19 16:00:30,2026-03-19 16:01:30,OK,NO
1193,9,2026-03-19 16:00:47,2026-03-19 16:01:46,OK,NO
1194,7,2026-03-19 15:59:50,2026-03-19 16:02:02,OK,NO
1192,12,2026-03-19 16:01:30,2026-03-19 16:02:29,OK,NO
1340,2,2026-03-19 16:02:02,2026-03-19 16:02:53,OK,NO
1193,10,2026-03-19 16:01:46,2026-03-19 16:02:55,OK,NO
1194,8,2026-03-19 16:02:02,2026-03-19 16:02:59,OK,NO
1322,5,2026-03-19 16:02:02,2026-03-19 16:02:59,OK,NO
1337,3,2026-03-19 16:02:02,2026-03-19 16:03:01,OK,NO
1352,1,2026-03-19 16:02:02,2026-03-19 16:03:07,OK,NO
1316,6,2026-03-19 16:02:02,2026-03-19 16:03:08,OK,NO
1335,4,2026-03-19 16:02:02,2026-03-19 16:03:22,OK,NO
1194,9,2026-03-19 16:02:59,2026-03-19 16:03:53,OK,NO
1193,11,2026-03-19 16:02:55,2026-03-19 16:04:02,OK,NO
1195,7,2026-03-19 16:02:02,2026-03-19 16:04:18,OK,NO
1194,10,2026-03-19 16:03:53,2026-03-19 16:04:49,OK,NO
1193,12,2026-03-19 16:04:02,2026-03-19 16:05:03,OK,NO
1323,5,2026-03-19 16:04:18,2026-03-19 16:05:15,OK,NO
1195,8,2026-03-19 16:04:18,2026-03-19 16:05:15,OK,NO
1353,1,2026-03-19 16:04:18,2026-03-19 16:05:17,OK,NO
1341,2,2026-03-19 16:04:18,2026-03-19 16:05:17,OK,NO
1338,3,2026-03-19 16:04:18,2026-03-19 16:05:18,OK,NO
1317,6,2026-03-19 16:04:18,2026-03-19 16:05:20,OK,NO
1194,11,2026-03-19 16:04:49,2026-03-19 16:05:44,OK,NO
1336,4,2026-03-19 16:04:18,2026-03-19 16:05:53,OK,NO
1195,9,2026-03-19 16:05:15,2026-03-19 16:06:08,OK,NO
1194,12,2026-03-19 16:05:44,2026-03-19 16:06:39,OK,NO
1195,10,2026-03-19 16:06:08,2026-03-19 16:07:07,OK,NO
1196,7,2026-03-19 16:04:18,2026-03-19 16:07:30,OK,NO
1195,11,2026-03-19 16:07:07,2026-03-19 16:08:08,OK,NO
1318,6,2026-03-19 16:07:30,2026-03-19 16:08:24,OK,NO
1354,1,2026-03-19 16:07:30,2026-03-19 16:08:25,OK,NO
1339,3,2026-03-19 16:07:30,2026-03-19 16:08:27,OK,NO
1342,2,2026-03-19 16:07:30,2026-03-19 16:08:28,OK,NO
1324,5,2026-03-19 16:07:30,2026-03-19 16:08:34,OK,NO
1196,8,2026-03-19 16:07:30,2026-03-19 16:08:36,OK,NO
1337,4,2026-03-19 16:07:30,2026-03-19 16:08:50,OK,NO
1195,12,2026-03-19 16:08:08,2026-03-19 16:09:15,OK,NO
1197,7,2026-03-19 16:07:30,2026-03-19 16:09:26,OK,NO
1196,9,2026-03-19 16:08:36,2026-03-19 16:09:51,OK,NO
1319,6,2026-03-19 16:09:26,2026-03-19 16:10:16,OK,NO
1325,5,2026-03-19 16:09:26,2026-03-19 16:10:19,OK,NO
1355,1,2026-03-19 16:09:26,2026-03-19 16:10:19,OK,NO
1340,3,2026-03-19 16:09:26,2026-03-19 16:10:22,OK,NO
1343,2,2026-03-19 16:09:26,2026-03-19 16:10:25,OK,NO
1197,8,2026-03-19 16:09:26,2026-03-19 16:10:26,OK,NO
1338,4,2026-03-19 16:09:26,2026-03-19 16:10:50,OK,NO
1196,10,2026-03-19 16:09:51,2026-03-19 16:11:01,OK,NO
1197,9,2026-03-19 16:10:26,2026-03-19 16:11:26,OK,NO
1198,7,2026-03-19 16:09:26,2026-03-19 16:12:04,OK,NO
1196,11,2026-03-19 16:11:01,2026-03-19 16:12:09,OK,NO
1197,10,2026-03-19 16:11:26,2026-03-19 16:12:27,OK,NO
1198,8,2026-03-19 16:12:04,2026-03-19 16:12:57,OK,NO
1339,4,2026-03-19 16:12:04,2026-03-19 16:12:57,OK,NO
1344,2,2026-03-19 16:12:04,2026-03-19 16:13:00,OK,NO
1196,12,2026-03-19 16:12:09,2026-03-19 16:13:01,OK,NO
1356,1,2026-03-19 16:12:04,2026-03-19 16:13:08,OK,NO
1341,3,2026-03-19 16:12:04,2026-03-19 16:13:09,OK,NO
1320,6,2026-03-19 16:12:04,2026-03-19 16:13:14,OK,NO
1326,5,2026-03-19 16:12:04,2026-03-19 16:13:15,OK,NO
1197,11,2026-03-19 16:12:27,2026-03-19 16:13:26,OK,NO
1198,9,2026-03-19 16:12:57,2026-03-19 16:13:56,OK,NO
1197,12,2026-03-19 16:13:26,2026-03-19 16:14:37,OK,NO
1199,7,2026-03-19 16:12:04,2026-03-19 16:14:47,OK,NO
1198,10,2026-03-19 16:13:56,2026-03-19 16:15:00,OK,NO
1199,8,2026-03-19 16:14:47,2026-03-19 16:15:36,OK,NO
1342,3,2026-03-19 16:14:47,2026-03-19 16:15:45,OK,NO
1340,4,2026-03-19 16:14:47,2026-03-19 16:15:46,OK,NO
1321,6,2026-03-19 16:14:47,2026-03-19 16:15:46,OK,NO
1327,5,2026-03-19 16:14:47,2026-03-19 16:15:50,OK,NO
1345,2,2026-03-19 16:14:47,2026-03-19 16:15:59,OK,NO
1198,11,2026-03-19 16:15:00,2026-03-19 16:15:59,OK,NO
1198,12,2026-03-19 16:15:59,2026-03-19 16:16:52,OK,NO
1199,9,2026-03-19 16:15:36,2026-03-19 16:17:05,OK,NO
1357,1,2026-03-19 16:16:15,2026-03-19 16:17:15,OK,NO
1200,7,2026-03-19 16:14:47,2026-03-19 16:17:29,OK,NO
1199,10,2026-03-19 16:17:05,2026-03-19 16:18:07,OK,NO
1200,8,2026-03-19 16:17:29,2026-03-19 16:18:22,OK,NO
1341,4,2026-03-19 16:17:29,2026-03-19 16:18:29,OK,NO
1343,3,2026-03-19 16:17:29,2026-03-19 16:18:30,OK,NO
1328,5,2026-03-19 16:17:29,2026-03-19 16:18:33,OK,NO
1322,6,2026-03-19 16:17:29,2026-03-19 16:18:37,OK,NO
1358,1,2026-03-19 16:17:29,2026-03-19 16:18:38,OK,NO
1346,2,2026-03-19 16:17:29,2026-03-19 16:18:41,OK,NO
1199,11,2026-03-19 16:18:07,2026-03-19 16:19:10,OK,NO
1201,7,2026-03-19 16:17:29,2026-03-19 16:19:38,OK,NO
1200,9,2026-03-19 16:18:22,2026-03-19 16:19:46,OK,NO
1199,12,2026-03-19 16:19:10,2026-03-19 16:20:15,OK,NO
1344,3,2026-03-19 16:19:38,2026-03-19 16:20:32,OK,NO
1347,2,2026-03-19 16:19:38,2026-03-19 16:20:32,OK,NO
1359,1,2026-03-19 16:19:38,2026-03-19 16:20:33,OK,NO
1329,5,2026-03-19 16:19:38,2026-03-19 16:20:34,OK,NO
1201,8,2026-03-19 16:19:38,2026-03-19 16:20:44,OK,NO
1200,10,2026-03-19 16:19:46,2026-03-19 16:20:45,OK,NO
1323,6,2026-03-19 16:19:38,2026-03-19 16:20:50,OK,NO
1342,4,2026-03-19 16:19:38,2026-03-19 16:21:09,OK,NO
1200,11,2026-03-19 16:20:45,2026-03-19 16:21:35,OK,NO
1202,7,2026-03-19 16:19:38,2026-03-19 16:21:35,OK,NO
1201,9,2026-03-19 16:20:44,2026-03-19 16:21:46,OK,NO
1200,12,2026-03-19 16:21:35,2026-03-19 16:22:35,OK,NO
1201,10,2026-03-19 16:21:46,2026-03-19 16:22:40,OK,NO
1202,8,2026-03-19 16:21:35,2026-03-19 16:22:44,OK,NO
1203,7,2026-03-19 16:21:35,2026-03-19 16:23:30,OK,NO
1201,11,2026-03-19 16:22:40,2026-03-19 16:23:41,OK,NO
1202,9,2026-03-19 16:22:44,2026-03-19 16:23:54,OK,NO
1203,8,2026-03-19 16:23:30,2026-03-19 16:24:31,OK,NO
1201,12,2026-03-19 16:23:41,2026-03-19 16:24:42,OK,NO
1202,10,2026-03-19 16:23:54,2026-03-19 16:24:56,OK,NO
1345,3,2026-03-19 16:24:14,2026-03-19 16:25:12,OK,NO
1330,5,2026-03-19 16:24:14,2026-03-19 16:25:15,OK,NO
1348,2,2026-03-19 16:24:14,2026-03-19 16:25:16,OK,NO
1360,1,2026-03-19 16:24:14,2026-03-19 16:25:17,OK,NO
1324,6,2026-03-19 16:24:14,2026-03-19 16:25:17,OK,NO
1343,4,2026-03-19 16:24:14,2026-03-19 16:25:24,OK,NO
1203,9,2026-03-19 16:24:31,2026-03-19 16:25:34,OK,NO
1204,7,2026-03-19 16:23:30,2026-03-19 16:25:39,OK,NO
1202,11,2026-03-19 16:24:56,2026-03-19 16:25:53,OK,NO
1325,6,2026-03-19 16:25:17,2026-03-19 16:26:06,OK,NO
1349,2,2026-03-19 16:25:24,2026-03-19 16:26:23,OK,NO
1331,5,2026-03-19 16:25:17,2026-03-19 16:26:24,OK,NO
1346,3,2026-03-19 16:25:24,2026-03-19 16:26:26,OK,NO
1203,10,2026-03-19 16:25:34,2026-03-19 16:26:27,OK,NO
1361,1,2026-03-19 16:25:24,2026-03-19 16:26:28,OK,NO
1344,4,2026-03-19 16:25:24,2026-03-19 16:26:31,OK,NO
1204,8,2026-03-19 16:25:39,2026-03-19 16:26:48,OK,NO
1202,12,2026-03-19 16:25:53,2026-03-19 16:27:03,OK,NO
1326,6,2026-03-19 16:26:06,2026-03-19 16:27:11,OK,NO
1203,11,2026-03-19 16:26:27,2026-03-19 16:27:21,OK,NO
1332,5,2026-03-19 16:26:24,2026-03-19 16:27:22,OK,NO
1350,2,2026-03-19 16:26:31,2026-03-19 16:27:36,OK,NO
1362,1,2026-03-19 16:26:31,2026-03-19 16:27:37,OK,NO
1347,3,2026-03-19 16:26:31,2026-03-19 16:27:39,OK,NO
1345,4,2026-03-19 16:26:31,2026-03-19 16:27:43,OK,NO
1204,9,2026-03-19 16:26:48,2026-03-19 16:27:46,OK,NO
1205,7,2026-03-19 16:25:39,2026-03-19 16:27:49,OK,NO
1203,12,2026-03-19 16:27:21,2026-03-19 16:28:15,OK,NO
1363,1,2026-03-19 16:27:49,2026-03-19 16:28:47,OK,NO
1348,3,2026-03-19 16:27:49,2026-03-19 16:28:50,OK,NO
1205,8,2026-03-19 16:27:49,2026-03-19 16:28:50,OK,NO
1351,2,2026-03-19 16:27:49,2026-03-19 16:28:51,OK,NO
1327,6,2026-03-19 16:27:49,2026-03-19 16:28:53,OK,NO
1204,10,2026-03-19 16:27:46,2026-03-19 16:28:54,OK,NO
1333,5,2026-03-19 16:27:49,2026-03-19 16:28:58,OK,NO
1346,4,2026-03-19 16:27:49,2026-03-19 16:29:12,OK,NO
1205,9,2026-03-19 16:28:50,2026-03-19 16:29:50,OK,NO
1204,11,2026-03-19 16:28:54,2026-03-19 16:29:52,OK,NO
1206,7,2026-03-19 16:27:49,2026-03-19 16:30:07,OK,NO
1204,12,2026-03-19 16:29:52,2026-03-19 16:30:45,OK,NO
1205,10,2026-03-19 16:29:50,2026-03-19 16:30:51,OK,NO
1334,5,2026-03-19 16:30:07,2026-03-19 16:31:00,OK,NO
1347,4,2026-03-19 16:30:07,2026-03-19 16:31:01,OK,NO
1328,6,2026-03-19 16:30:07,2026-03-19 16:31:02,OK,NO
1349,3,2026-03-19 16:30:07,2026-03-19 16:31:03,OK,NO
1364,1,2026-03-19 16:30:07,2026-03-19 16:31:04,OK,NO
1352,2,2026-03-19 16:30:07,2026-03-19 16:31:05,OK,NO
1206,8,2026-03-19 16:30:07,2026-03-19 16:31:11,OK,NO
1205,11,2026-03-19 16:30:51,2026-03-19 16:31:56,OK,NO
1207,7,2026-03-19 16:30:07,2026-03-19 16:31:58,OK,NO
1206,9,2026-03-19 16:31:11,2026-03-19 16:32:03,OK,NO
1205,12,2026-03-19 16:31:56,2026-03-19 16:32:50,OK,NO
1335,5,2026-03-19 16:31:58,2026-03-19 16:32:52,OK,NO
1329,6,2026-03-19 16:31:58,2026-03-19 16:32:53,OK,NO
1353,2,2026-03-19 16:31:58,2026-03-19 16:32:54,OK,NO
1365,1,2026-03-19 16:31:58,2026-03-19 16:32:58,OK,NO
1207,8,2026-03-19 16:31:58,2026-03-19 16:33:04,OK,NO
1350,3,2026-03-19 16:31:58,2026-03-19 16:33:05,OK,NO
1206,10,2026-03-19 16:32:03,2026-03-19 16:33:09,OK,NO
1348,4,2026-03-19 16:31:58,2026-03-19 16:33:14,OK,NO
1207,9,2026-03-19 16:33:04,2026-03-19 16:34:01,OK,NO
1206,11,2026-03-19 16:33:09,2026-03-19 16:34:07,OK,NO
1208,7,2026-03-19 16:31:58,2026-03-19 16:34:22,OK,NO
1207,10,2026-03-19 16:34:01,2026-03-19 16:34:59,OK,NO
1206,12,2026-03-19 16:34:07,2026-03-19 16:35:01,OK,NO
1208,8,2026-03-19 16:34:22,2026-03-19 16:35:21,OK,NO
1207,11,2026-03-19 16:34:59,2026-03-19 16:36:01,OK,NO
1208,9,2026-03-19 16:35:21,2026-03-19 16:36:11,OK,NO
1209,7,2026-03-19 16:34:22,2026-03-19 16:36:22,OK,NO
1208,10,2026-03-19 16:36:11,2026-03-19 16:37:04,OK,NO
1207,12,2026-03-19 16:36:01,2026-03-19 16:37:08,OK,NO
1209,8,2026-03-19 16:36:22,2026-03-19 16:37:26,OK,NO
1208,11,2026-03-19 16:37:04,2026-03-19 16:38:08,OK,NO
1209,9,2026-03-19 16:37:26,2026-03-19 16:38:19,OK,NO
1210,7,2026-03-19 16:36:22,2026-03-19 16:39:04,OK,NO
1208,12,2026-03-19 16:38:08,2026-03-19 16:39:23,OK,NO
1209,10,2026-03-19 16:38:19,2026-03-19 16:39:24,OK,NO
1330,6,2026-03-19 16:38:51,2026-03-19 16:39:45,OK,NO
1354,2,2026-03-19 16:38:51,2026-03-19 16:39:45,OK,NO
1349,4,2026-03-19 16:38:51,2026-03-19 16:39:47,OK,NO
1351,3,2026-03-19 16:38:51,2026-03-19 16:39:49,OK,NO
1336,5,2026-03-19 16:38:51,2026-03-19 16:39:54,OK,NO
1366,1,2026-03-19 16:38:51,2026-03-19 16:39:57,OK,NO
1210,8,2026-03-19 16:39:04,2026-03-19 16:40:03,OK,NO
1209,11,2026-03-19 16:39:24,2026-03-19 16:40:17,OK,NO
1331,6,2026-03-19 16:39:45,2026-03-19 16:40:37,OK,NO
1367,1,2026-03-19 16:39:57,2026-03-19 16:40:47,OK,NO
1355,2,2026-03-19 16:39:54,2026-03-19 16:40:48,OK,NO
1337,5,2026-03-19 16:39:54,2026-03-19 16:40:54,OK,NO
1210,9,2026-03-19 16:40:03,2026-03-19 16:40:56,OK,NO
1352,3,2026-03-19 16:39:54,2026-03-19 16:41:01,OK,NO
1209,12,2026-03-19 16:40:17,2026-03-19 16:41:08,OK,NO
1350,4,2026-03-19 16:39:54,2026-03-19 16:41:21,OK,NO
1211,7,2026-03-19 16:39:04,2026-03-19 16:41:25,OK,NO
1332,6,2026-03-19 16:40:37,2026-03-19 16:41:33,OK,NO
1338,5,2026-03-19 16:40:54,2026-03-19 16:42:01,OK,NO
1210,10,2026-03-19 16:40:56,2026-03-19 16:42:02,OK,NO
1211,8,2026-03-19 16:41:25,2026-03-19 16:42:24,OK,NO
1333,6,2026-03-19 16:41:33,2026-03-19 16:42:30,OK,NO
1339,5,2026-03-19 16:42:01,2026-03-19 16:43:00,OK,NO
1210,11,2026-03-19 16:42:02,2026-03-19 16:43:09,OK,NO
1211,9,2026-03-19 16:42:24,2026-03-19 16:43:22,OK,NO
1212,7,2026-03-19 16:41:25,2026-03-19 16:43:35,OK,NO
1210,12,2026-03-19 16:43:09,2026-03-19 16:44:18,OK,NO
1334,6,2026-03-19 16:43:35,2026-03-19 16:44:27,OK,NO
1340,5,2026-03-19 16:43:35,2026-03-19 16:44:36,OK,NO
1212,8,2026-03-19 16:43:35,2026-03-19 16:44:40,OK,NO
1211,10,2026-03-19 16:44:33,2026-03-19 16:45:28,OK,NO
1212,9,2026-03-19 16:44:40,2026-03-19 16:45:45,OK,NO
1356,2,2026-03-19 16:45:21,2026-03-19 16:46:17,OK,NO
1368,1,2026-03-19 16:45:21,2026-03-19 16:46:20,OK,NO
1211,11,2026-03-19 16:45:28,2026-03-19 16:46:21,OK,NO
1351,4,2026-03-19 16:45:21,2026-03-19 16:46:27,OK,NO
1353,3,2026-03-19 16:45:21,2026-03-19 16:46:29,OK,NO
1212,10,2026-03-19 16:45:45,2026-03-19 16:46:49,OK,NO
1213,7,2026-03-19 16:43:35,2026-03-19 16:46:56,OK,NO
1352,4,2026-03-19 16:46:27,2026-03-19 16:47:21,OK,NO
1369,1,2026-03-19 16:46:29,2026-03-19 16:47:22,OK,NO
1357,2,2026-03-19 16:46:29,2026-03-19 16:47:25,OK,NO
1354,3,2026-03-19 16:46:29,2026-03-19 16:47:27,OK,NO
1211,12,2026-03-19 16:46:21,2026-03-19 16:47:28,OK,NO
1341,5,2026-03-19 16:46:56,2026-03-19 16:47:51,OK,NO
1212,11,2026-03-19 16:46:49,2026-03-19 16:47:53,OK,NO
1335,6,2026-03-19 16:46:56,2026-03-19 16:47:55,OK,NO
1213,8,2026-03-19 16:46:56,2026-03-19 16:47:55,OK,NO
1355,3,2026-03-19 16:47:27,2026-03-19 16:48:25,OK,NO
1358,2,2026-03-19 16:47:27,2026-03-19 16:48:25,OK,NO
1370,1,2026-03-19 16:47:27,2026-03-19 16:48:32,OK,NO
1212,12,2026-03-19 16:47:53,2026-03-19 16:48:49,OK,NO
1353,4,2026-03-19 16:47:21,2026-03-19 16:48:49,OK,NO
1214,7,2026-03-19 16:46:56,2026-03-19 16:48:59,OK,NO
1213,9,2026-03-19 16:47:55,2026-03-19 16:49:26,OK,NO
1336,6,2026-03-19 16:48:59,2026-03-19 16:49:48,OK,NO
1359,2,2026-03-19 16:48:49,2026-03-19 16:49:49,OK,NO
1371,1,2026-03-19 16:48:49,2026-03-19 16:49:50,OK,NO
1214,8,2026-03-19 16:48:59,2026-03-19 16:49:51,OK,NO
1356,3,2026-03-19 16:48:49,2026-03-19 16:49:52,OK,NO
1342,5,2026-03-19 16:48:59,2026-03-19 16:49:57,OK,NO
1354,4,2026-03-19 16:48:49,2026-03-19 16:49:58,OK,NO
1213,10,2026-03-19 16:49:26,2026-03-19 16:50:30,OK,NO
1214,9,2026-03-19 16:49:51,2026-03-19 16:50:51,OK,NO
1372,1,2026-03-19 16:49:58,2026-03-19 16:50:51,OK,NO
1360,2,2026-03-19 16:49:58,2026-03-19 16:50:56,OK,NO
1215,7,2026-03-19 16:48:59,2026-03-19 16:51:00,OK,NO
1355,4,2026-03-19 16:49:58,2026-03-19 16:51:00,OK,NO
1357,3,2026-03-19 16:49:58,2026-03-19 16:51:04,OK,NO
1213,11,2026-03-19 16:50:30,2026-03-19 16:51:32,OK,NO
1214,10,2026-03-19 16:50:51,2026-03-19 16:51:49,OK,NO
1356,4,2026-03-19 16:51:00,2026-03-19 16:51:57,OK,NO
1343,5,2026-03-19 16:51:00,2026-03-19 16:51:58,OK,NO
1215,8,2026-03-19 16:51:00,2026-03-19 16:51:59,OK,NO
1337,6,2026-03-19 16:51:00,2026-03-19 16:52:01,OK,NO
1358,3,2026-03-19 16:51:04,2026-03-19 16:52:07,OK,NO
1361,2,2026-03-19 16:51:04,2026-03-19 16:52:09,OK,NO
1373,1,2026-03-19 16:51:04,2026-03-19 16:52:10,OK,NO
1213,12,2026-03-19 16:51:32,2026-03-19 16:52:38,OK,NO
1214,11,2026-03-19 16:51:49,2026-03-19 16:52:46,OK,NO
1215,9,2026-03-19 16:51:59,2026-03-19 16:53:05,OK,NO
1216,7,2026-03-19 16:51:00,2026-03-19 16:53:07,OK,NO
1214,12,2026-03-19 16:52:46,2026-03-19 16:53:50,OK,NO
1216,8,2026-03-19 16:53:07,2026-03-19 16:54:00,OK,NO
1362,2,2026-03-19 16:53:07,2026-03-19 16:54:03,OK,NO
1215,10,2026-03-19 16:53:05,2026-03-19 16:54:04,OK,NO
1338,6,2026-03-19 16:53:07,2026-03-19 16:54:05,OK,NO
1374,1,2026-03-19 16:53:07,2026-03-19 16:54:07,OK,NO
1359,3,2026-03-19 16:53:07,2026-03-19 16:54:10,OK,NO
1344,5,2026-03-19 16:53:07,2026-03-19 16:54:11,OK,NO
1357,4,2026-03-19 16:53:07,2026-03-19 16:54:14,OK,NO
1216,9,2026-03-19 16:54:00,2026-03-19 16:54:52,OK,NO
1215,11,2026-03-19 16:54:04,2026-03-19 16:55:04,OK,NO
1217,7,2026-03-19 16:53:07,2026-03-19 16:55:39,OK,NO
1215,12,2026-03-19 16:55:04,2026-03-19 16:55:55,OK,NO
1216,10,2026-03-19 16:54:52,2026-03-19 16:56:00,OK,NO
1217,8,2026-03-19 16:55:39,2026-03-19 16:56:30,OK,NO
1358,4,2026-03-19 16:55:39,2026-03-19 16:56:37,OK,NO
1363,2,2026-03-19 16:55:39,2026-03-19 16:56:38,OK,NO
1339,6,2026-03-19 16:55:39,2026-03-19 16:56:40,OK,NO
1345,5,2026-03-19 16:55:39,2026-03-19 16:56:41,OK,NO
1375,1,2026-03-19 16:55:39,2026-03-19 16:56:41,OK,NO
1360,3,2026-03-19 16:55:39,2026-03-19 16:56:43,OK,NO
1216,11,2026-03-19 16:56:00,2026-03-19 16:56:54,OK,NO
1216,12,2026-03-19 16:56:54,2026-03-19 16:57:49,OK,NO
1217,9,2026-03-19 16:56:30,2026-03-19 16:57:55,OK,NO
1218,7,2026-03-19 16:55:39,2026-03-19 16:58:03,OK,NO
1218,8,2026-03-19 16:58:03,2026-03-19 16:58:57,OK,NO
1376,1,2026-03-19 16:58:03,2026-03-19 16:58:57,OK,NO
1340,6,2026-03-19 16:58:03,2026-03-19 16:59:01,OK,NO
1346,5,2026-03-19 16:58:03,2026-03-19 16:59:01,OK,NO
1364,2,2026-03-19 16:58:03,2026-03-19 16:59:01,OK,NO
1217,10,2026-03-19 16:57:55,2026-03-19 16:59:04,OK,NO
1361,3,2026-03-19 16:58:03,2026-03-19 16:59:06,OK,NO
1359,4,2026-03-19 16:58:03,2026-03-19 16:59:22,OK,NO
1218,9,2026-03-19 16:58:57,2026-03-19 16:59:55,OK,NO
1217,11,2026-03-19 16:59:04,2026-03-19 16:59:59,OK,NO
1219,7,2026-03-19 16:58:03,2026-03-19 17:00:09,OK,NO
1218,10,2026-03-19 16:59:55,2026-03-19 17:01:00,OK,NO
1362,3,2026-03-19 17:00:09,2026-03-19 17:01:04,OK,NO
1217,12,2026-03-19 16:59:59,2026-03-19 17:01:04,OK,NO
1360,4,2026-03-19 17:00:09,2026-03-19 17:01:07,OK,NO
1347,5,2026-03-19 17:00:09,2026-03-19 17:01:08,OK,NO
1365,2,2026-03-19 17:00:09,2026-03-19 17:01:09,OK,NO
1377,1,2026-03-19 17:00:09,2026-03-19 17:01:11,OK,NO
1341,6,2026-03-19 17:00:09,2026-03-19 17:01:11,OK,NO
1219,8,2026-03-19 17:00:09,2026-03-19 17:01:19,OK,NO
1218,11,2026-03-19 17:01:00,2026-03-19 17:02:03,OK,NO
1220,7,2026-03-19 17:00:09,2026-03-19 17:02:09,OK,NO
1219,9,2026-03-19 17:01:19,2026-03-19 17:02:13,OK,NO
1218,12,2026-03-19 17:02:03,2026-03-19 17:03:04,OK,NO
1220,8,2026-03-19 17:02:09,2026-03-19 17:03:08,OK,NO
1366,2,2026-03-19 17:02:09,2026-03-19 17:03:10,OK,NO
1363,3,2026-03-19 17:02:09,2026-03-19 17:03:12,OK,NO
1348,5,2026-03-19 17:02:09,2026-03-19 17:03:14,OK,NO
1378,1,2026-03-19 17:02:09,2026-03-19 17:03:17,OK,NO
1342,6,2026-03-19 17:02:09,2026-03-19 17:03:18,OK,NO
1219,10,2026-03-19 17:02:13,2026-03-19 17:03:20,OK,NO
1361,4,2026-03-19 17:02:09,2026-03-19 17:03:41,OK,NO
1220,9,2026-03-19 17:03:08,2026-03-19 17:04:13,OK,NO
1221,7,2026-03-19 17:02:09,2026-03-19 17:04:14,OK,NO
1219,11,2026-03-19 17:03:20,2026-03-19 17:04:26,OK,NO
1343,6,2026-03-19 17:04:14,2026-03-19 17:05:04,OK,NO
1364,3,2026-03-19 17:04:14,2026-03-19 17:05:07,OK,NO
1379,1,2026-03-19 17:04:14,2026-03-19 17:05:13,OK,NO
1367,2,2026-03-19 17:04:14,2026-03-19 17:05:15,OK,NO
1221,8,2026-03-19 17:04:14,2026-03-19 17:05:17,OK,NO
1362,4,2026-03-19 17:04:14,2026-03-19 17:05:18,OK,NO
1349,5,2026-03-19 17:04:14,2026-03-19 17:05:20,OK,NO
1220,10,2026-03-19 17:04:13,2026-03-19 17:05:20,OK,NO
1219,12,2026-03-19 17:04:26,2026-03-19 17:05:23,OK,NO
1221,9,2026-03-19 17:05:17,2026-03-19 17:06:16,OK,NO
1220,11,2026-03-19 17:05:20,2026-03-19 17:06:19,OK,NO
1222,7,2026-03-19 17:04:14,2026-03-19 17:06:21,OK,NO
1221,10,2026-03-19 17:06:16,2026-03-19 17:07:13,OK,NO
1344,6,2026-03-19 17:06:21,2026-03-19 17:07:16,OK,NO
1222,8,2026-03-19 17:06:21,2026-03-19 17:07:16,OK,NO
1365,3,2026-03-19 17:06:21,2026-03-19 17:07:22,OK,NO
1363,4,2026-03-19 17:06:21,2026-03-19 17:07:23,OK,NO
1220,12,2026-03-19 17:06:19,2026-03-19 17:07:26,OK,NO
1380,1,2026-03-19 17:06:21,2026-03-19 17:07:29,OK,NO
1368,2,2026-03-19 17:06:21,2026-03-19 17:07:31,OK,NO
1350,5,2026-03-19 17:06:21,2026-03-19 17:07:32,OK,NO
1223,7,2026-03-19 17:06:21,2026-03-19 17:08:15,OK,NO
1221,11,2026-03-19 17:07:13,2026-03-19 17:08:15,OK,NO
1222,9,2026-03-19 17:07:16,2026-03-19 17:08:19,OK,NO
1221,12,2026-03-19 17:08:15,2026-03-19 17:09:09,OK,NO
1223,8,2026-03-19 17:08:15,2026-03-19 17:09:09,OK,NO
1381,1,2026-03-19 17:08:15,2026-03-19 17:09:14,OK,NO
1366,3,2026-03-19 17:08:15,2026-03-19 17:09:15,OK,NO
1369,2,2026-03-19 17:08:15,2026-03-19 17:09:17,OK,NO
1351,5,2026-03-19 17:08:15,2026-03-19 17:09:23,OK,NO
1345,6,2026-03-19 17:08:15,2026-03-19 17:09:25,OK,NO
1222,10,2026-03-19 17:08:19,2026-03-19 17:09:26,OK,NO
1364,4,2026-03-19 17:08:15,2026-03-19 17:09:43,OK,NO
1224,7,2026-03-19 17:08:15,2026-03-19 17:10:07,OK,NO
1223,9,2026-03-19 17:09:09,2026-03-19 17:10:08,OK,NO
1222,11,2026-03-19 17:09:26,2026-03-19 17:10:30,OK,NO
1382,1,2026-03-19 17:10:07,2026-03-19 17:10:52,OK,NO
1367,3,2026-03-19 17:10:07,2026-03-19 17:10:59,OK,NO
1223,10,2026-03-19 17:10:08,2026-03-19 17:11:00,OK,NO
1346,6,2026-03-19 17:10:07,2026-03-19 17:11:02,OK,NO
1224,8,2026-03-19 17:10:07,2026-03-19 17:11:06,OK,NO
1370,2,2026-03-19 17:10:07,2026-03-19 17:11:08,OK,NO
1352,5,2026-03-19 17:10:07,2026-03-19 17:11:13,OK,NO
1222,12,2026-03-19 17:10:30,2026-03-19 17:11:21,OK,NO
1365,4,2026-03-19 17:10:07,2026-03-19 17:11:38,OK,NO
1224,9,2026-03-19 17:11:06,2026-03-19 17:11:58,OK,NO
1223,11,2026-03-19 17:11:00,2026-03-19 17:12:01,OK,NO
1225,7,2026-03-19 17:10:07,2026-03-19 17:12:26,OK,NO
1224,10,2026-03-19 17:11:58,2026-03-19 17:12:58,OK,NO
1223,12,2026-03-19 17:12:01,2026-03-19 17:13:00,OK,NO
1368,3,2026-03-19 17:12:26,2026-03-19 17:13:20,OK,NO
1371,2,2026-03-19 17:12:26,2026-03-19 17:13:23,OK,NO
1353,5,2026-03-19 17:12:26,2026-03-19 17:13:23,OK,NO
1347,6,2026-03-19 17:12:26,2026-03-19 17:13:26,OK,NO
1383,1,2026-03-19 17:12:26,2026-03-19 17:13:29,OK,NO
1225,8,2026-03-19 17:12:26,2026-03-19 17:13:36,OK,NO
1366,4,2026-03-19 17:12:26,2026-03-19 17:13:45,OK,NO
1224,11,2026-03-19 17:12:58,2026-03-19 17:13:55,OK,NO
1225,9,2026-03-19 17:13:36,2026-03-19 17:14:41,OK,NO
1226,7,2026-03-19 17:12:26,2026-03-19 17:14:43,OK,NO
1224,12,2026-03-19 17:13:55,2026-03-19 17:14:55,OK,NO
1226,8,2026-03-19 17:14:43,2026-03-19 17:15:41,OK,NO
1225,10,2026-03-19 17:14:41,2026-03-19 17:15:41,OK,NO
1384,1,2026-03-19 17:14:43,2026-03-19 17:15:45,OK,NO
1348,6,2026-03-19 17:14:43,2026-03-19 17:15:46,OK,NO
1354,5,2026-03-19 17:14:43,2026-03-19 17:15:46,OK,NO
1367,4,2026-03-19 17:14:43,2026-03-19 17:15:52,OK,NO
1369,3,2026-03-19 17:14:43,2026-03-19 17:15:52,OK,NO
1372,2,2026-03-19 17:14:43,2026-03-19 17:15:53,OK,NO
1225,11,2026-03-19 17:15:41,2026-03-19 17:16:42,OK,NO
1226,9,2026-03-19 17:15:41,2026-03-19 17:16:45,OK,NO
1227,7,2026-03-19 17:14:43,2026-03-19 17:17:03,OK,NO
1225,12,2026-03-19 17:16:42,2026-03-19 17:17:33,OK,NO
1226,10,2026-03-19 17:16:45,2026-03-19 17:17:50,OK,NO
1385,1,2026-03-19 17:17:03,2026-03-19 17:17:58,OK,NO
1349,6,2026-03-19 17:17:03,2026-03-19 17:17:59,OK,NO
1355,5,2026-03-19 17:17:03,2026-03-19 17:18:01,OK,NO
1370,3,2026-03-19 17:17:03,2026-03-19 17:18:03,OK,NO
1227,8,2026-03-19 17:17:03,2026-03-19 17:18:06,OK,NO
1373,2,2026-03-19 17:17:03,2026-03-19 17:18:07,OK,NO
1368,4,2026-03-19 17:17:03,2026-03-19 17:18:07,OK,NO
1226,11,2026-03-19 17:17:50,2026-03-19 17:18:49,OK,NO
1227,9,2026-03-19 17:18:06,2026-03-19 17:19:06,OK,NO
1228,7,2026-03-19 17:17:03,2026-03-19 17:19:16,OK,NO
1226,12,2026-03-19 17:18:49,2026-03-19 17:19:44,OK,NO
1227,10,2026-03-19 17:19:06,2026-03-19 17:20:05,OK,NO
1350,6,2026-03-19 17:19:16,2026-03-19 17:20:06,OK,NO
1374,2,2026-03-19 17:19:16,2026-03-19 17:20:09,OK,NO
1371,3,2026-03-19 17:19:16,2026-03-19 17:20:11,OK,NO
1369,4,2026-03-19 17:19:16,2026-03-19 17:20:14,OK,NO
1228,8,2026-03-19 17:19:16,2026-03-19 17:20:18,OK,NO
1356,5,2026-03-19 17:19:16,2026-03-19 17:20:19,OK,NO
1386,1,2026-03-19 17:19:16,2026-03-19 17:20:26,OK,NO
1227,11,2026-03-19 17:20:05,2026-03-19 17:21:04,OK,NO
1228,9,2026-03-19 17:20:18,2026-03-19 17:21:21,OK,NO
1227,12,2026-03-19 17:21:04,2026-03-19 17:22:04,OK,NO
1228,10,2026-03-19 17:21:21,2026-03-19 17:22:19,OK,NO
1229,7,2026-03-19 17:19:16,2026-03-19 17:22:46,OK,NO
1228,11,2026-03-19 17:22:19,2026-03-19 17:23:21,OK,NO
1351,6,2026-03-19 17:22:46,2026-03-19 17:23:41,OK,NO
1357,5,2026-03-19 17:22:47,2026-03-19 17:23:42,OK,NO
1372,3,2026-03-19 17:22:47,2026-03-19 17:23:43,OK,NO
1387,1,2026-03-19 17:22:47,2026-03-19 17:23:44,OK,NO
1375,2,2026-03-19 17:22:47,2026-03-19 17:23:50,OK,NO
1370,4,2026-03-19 17:22:47,2026-03-19 17:24:02,OK,NO
1228,12,2026-03-19 17:23:21,2026-03-19 17:24:12,OK,NO
1230,7,2026-03-19 17:22:46,2026-03-19 17:24:57,OK,NO
1373,3,2026-03-19 17:24:57,2026-03-19 17:25:48,OK,NO
1388,1,2026-03-19 17:24:57,2026-03-19 17:25:53,OK,NO
1358,5,2026-03-19 17:24:57,2026-03-19 17:25:54,OK,NO
1376,2,2026-03-19 17:24:57,2026-03-19 17:25:56,OK,NO
1352,6,2026-03-19 17:24:57,2026-03-19 17:25:57,OK,NO
1371,4,2026-03-19 17:24:57,2026-03-19 17:26:10,OK,NO
1231,7,2026-03-19 17:24:57,2026-03-19 17:27:45,OK,NO
1229,8,2026-03-19 17:27:28,2026-03-19 17:28:27,OK,NO
1377,2,2026-03-19 17:27:45,2026-03-19 17:28:39,OK,NO
1389,1,2026-03-19 17:27:45,2026-03-19 17:28:41,OK,NO
1353,6,2026-03-19 17:27:45,2026-03-19 17:28:42,OK,NO
1374,3,2026-03-19 17:27:45,2026-03-19 17:28:43,OK,NO
1359,5,2026-03-19 17:27:45,2026-03-19 17:28:48,OK,NO
1372,4,2026-03-19 17:27:45,2026-03-19 17:28:50,OK,NO
1230,8,2026-03-19 17:28:27,2026-03-19 17:29:20,OK,NO
1229,9,2026-03-19 17:28:27,2026-03-19 17:29:35,OK,NO
1232,7,2026-03-19 17:27:45,2026-03-19 17:30:27,OK,NO
1231,8,2026-03-19 17:29:20,2026-03-19 17:30:32,OK,NO
1229,10,2026-03-19 17:29:35,2026-03-19 17:30:34,OK,NO
1230,9,2026-03-19 17:29:35,2026-03-19 17:30:39,OK,NO
1375,3,2026-03-19 17:30:27,2026-03-19 17:31:23,OK,NO
1378,2,2026-03-19 17:30:27,2026-03-19 17:31:25,OK,NO
1360,5,2026-03-19 17:30:27,2026-03-19 17:31:26,OK,NO
1229,11,2026-03-19 17:30:34,2026-03-19 17:31:29,OK,NO
1354,6,2026-03-19 17:30:27,2026-03-19 17:31:29,OK,NO
1373,4,2026-03-19 17:30:27,2026-03-19 17:31:30,OK,NO
1232,8,2026-03-19 17:30:32,2026-03-19 17:31:33,OK,NO
1390,1,2026-03-19 17:30:27,2026-03-19 17:31:36,OK,NO
1230,10,2026-03-19 17:30:39,2026-03-19 17:31:37,OK,NO
1231,9,2026-03-19 17:30:39,2026-03-19 17:31:50,OK,NO
1229,12,2026-03-19 17:31:29,2026-03-19 17:32:24,OK,NO
1230,11,2026-03-19 17:31:37,2026-03-19 17:32:31,OK,NO
1233,7,2026-03-19 17:30:27,2026-03-19 17:32:51,OK,NO
1231,10,2026-03-19 17:31:50,2026-03-19 17:32:51,OK,NO
1232,9,2026-03-19 17:31:50,2026-03-19 17:33:12,OK,NO
1230,12,2026-03-19 17:32:31,2026-03-19 17:33:31,OK,NO
1361,5,2026-03-19 17:32:51,2026-03-19 17:33:44,OK,NO
1374,4,2026-03-19 17:32:51,2026-03-19 17:33:45,OK,NO
1391,1,2026-03-19 17:32:51,2026-03-19 17:33:46,OK,NO
1233,8,2026-03-19 17:32:51,2026-03-19 17:33:47,OK,NO
1379,2,2026-03-19 17:32:51,2026-03-19 17:33:48,OK,NO
1355,6,2026-03-19 17:32:51,2026-03-19 17:33:49,OK,NO
1376,3,2026-03-19 17:32:51,2026-03-19 17:33:53,OK,NO
1231,11,2026-03-19 17:32:51,2026-03-19 17:33:53,OK,NO
1232,10,2026-03-19 17:33:12,2026-03-19 17:34:07,OK,NO
1233,9,2026-03-19 17:33:47,2026-03-19 17:34:43,OK,NO
1231,12,2026-03-19 17:33:53,2026-03-19 17:34:56,OK,NO
1232,11,2026-03-19 17:34:07,2026-03-19 17:35:02,OK,NO
1234,7,2026-03-19 17:32:51,2026-03-19 17:35:35,OK,NO
1233,10,2026-03-19 17:34:43,2026-03-19 17:35:51,OK,NO
1232,12,2026-03-19 17:35:02,2026-03-19 17:35:55,OK,NO
1356,6,2026-03-19 17:35:35,2026-03-19 17:36:38,OK,NO
1375,4,2026-03-19 17:35:35,2026-03-19 17:36:40,OK,NO
1234,8,2026-03-19 17:35:35,2026-03-19 17:36:41,OK,NO
1362,5,2026-03-19 17:35:35,2026-03-19 17:36:44,OK,NO
1233,11,2026-03-19 17:35:51,2026-03-19 17:36:54,OK,NO
1234,9,2026-03-19 17:36:41,2026-03-19 17:37:45,OK,NO
1235,7,2026-03-19 17:35:35,2026-03-19 17:37:50,OK,NO
1233,12,2026-03-19 17:36:54,2026-03-19 17:38:04,OK,NO
1377,3,2026-03-19 17:37:28,2026-03-19 17:38:26,OK,NO
1380,2,2026-03-19 17:37:28,2026-03-19 17:38:32,OK,NO
1392,1,2026-03-19 17:37:28,2026-03-19 17:38:34,OK,NO
1357,6,2026-03-19 17:37:50,2026-03-19 17:38:42,OK,NO
1234,10,2026-03-19 17:37:45,2026-03-19 17:38:44,OK,NO
1235,8,2026-03-19 17:37:50,2026-03-19 17:38:45,OK,NO
1376,4,2026-03-19 17:37:50,2026-03-19 17:38:53,OK,NO
1363,5,2026-03-19 17:37:50,2026-03-19 17:38:59,OK,NO
1381,2,2026-03-19 17:38:32,2026-03-19 17:39:29,OK,NO
1378,3,2026-03-19 17:38:26,2026-03-19 17:39:33,OK,NO
1235,9,2026-03-19 17:38:45,2026-03-19 17:39:38,OK,NO
1234,11,2026-03-19 17:38:44,2026-03-19 17:39:42,OK,NO
1393,1,2026-03-19 17:38:34,2026-03-19 17:39:42,OK,NO
1236,7,2026-03-19 17:37:50,2026-03-19 17:40:01,OK,NO
1234,12,2026-03-19 17:39:42,2026-03-19 17:40:34,OK,NO
1235,10,2026-03-19 17:39:38,2026-03-19 17:40:42,OK,NO
1364,5,2026-03-19 17:40:01,2026-03-19 17:40:52,OK,NO
1382,2,2026-03-19 17:40:01,2026-03-19 17:40:54,OK,NO
1377,4,2026-03-19 17:40:01,2026-03-19 17:40:57,OK,NO
1358,6,2026-03-19 17:40:01,2026-03-19 17:40:59,OK,NO
1236,8,2026-03-19 17:40:01,2026-03-19 17:41:02,OK,NO
1379,3,2026-03-19 17:40:01,2026-03-19 17:41:08,OK,NO
1394,1,2026-03-19 17:40:01,2026-03-19 17:41:11,OK,NO
1235,11,2026-03-19 17:40:42,2026-03-19 17:41:39,OK,NO
1236,9,2026-03-19 17:41:02,2026-03-19 17:42:12,OK,NO
1237,7,2026-03-19 17:40:01,2026-03-19 17:42:36,OK,NO
1235,12,2026-03-19 17:41:39,2026-03-19 17:42:43,OK,NO
1236,10,2026-03-19 17:42:12,2026-03-19 17:43:20,OK,NO
1359,6,2026-03-19 17:42:36,2026-03-19 17:43:31,OK,NO
1395,1,2026-03-19 17:42:36,2026-03-19 17:43:34,OK,NO
1365,5,2026-03-19 17:42:36,2026-03-19 17:43:35,OK,NO
1383,2,2026-03-19 17:42:36,2026-03-19 17:43:35,OK,NO
1380,3,2026-03-19 17:42:36,2026-03-19 17:43:39,OK,NO
1237,8,2026-03-19 17:42:36,2026-03-19 17:43:44,OK,NO
1378,4,2026-03-19 17:42:36,2026-03-19 17:43:53,OK,NO
1236,11,2026-03-19 17:43:20,2026-03-19 17:44:20,OK,NO
1237,9,2026-03-19 17:43:44,2026-03-19 17:44:38,OK,NO
1236,12,2026-03-19 17:44:20,2026-03-19 17:45:31,OK,NO
1237,10,2026-03-19 17:44:38,2026-03-19 17:45:38,OK,NO
1238,7,2026-03-19 17:42:36,2026-03-19 17:45:51,OK,NO
1360,6,2026-03-19 17:45:51,2026-03-19 17:46:41,OK,NO
1396,1,2026-03-19 17:45:51,2026-03-19 17:46:44,OK,NO
1381,3,2026-03-19 17:45:51,2026-03-19 17:46:44,OK,NO
1237,11,2026-03-19 17:45:38,2026-03-19 17:46:47,OK,NO
1366,5,2026-03-19 17:45:51,2026-03-19 17:46:47,OK,NO
1384,2,2026-03-19 17:45:51,2026-03-19 17:46:51,OK,NO
1379,4,2026-03-19 17:45:51,2026-03-19 17:46:56,OK,NO
1237,12,2026-03-19 17:46:47,2026-03-19 17:47:41,OK,NO
1239,7,2026-03-19 17:45:51,2026-03-19 17:48:02,OK,NO
1361,6,2026-03-19 17:48:02,2026-03-19 17:48:53,OK,NO
1385,2,2026-03-19 17:48:02,2026-03-19 17:48:58,OK,NO
1397,1,2026-03-19 17:48:02,2026-03-19 17:48:59,OK,NO
1380,4,2026-03-19 17:48:02,2026-03-19 17:49:00,OK,NO
1382,3,2026-03-19 17:48:02,2026-03-19 17:49:03,OK,NO
1367,5,2026-03-19 17:48:02,2026-03-19 17:49:08,OK,NO
1240,7,2026-03-19 17:48:02,2026-03-19 17:50:43,OK,NO
1398,1,2026-03-19 17:50:43,2026-03-19 17:51:38,OK,NO
1368,5,2026-03-19 17:50:43,2026-03-19 17:51:42,OK,NO
1362,6,2026-03-19 17:50:43,2026-03-19 17:51:42,OK,NO
1386,2,2026-03-19 17:50:43,2026-03-19 17:51:44,OK,NO
1383,3,2026-03-19 17:50:43,2026-03-19 17:51:50,OK,NO
1381,4,2026-03-19 17:50:43,2026-03-19 17:51:53,OK,NO
1241,7,2026-03-19 17:50:43,2026-03-19 17:53:36,OK,NO
1399,1,2026-03-19 17:53:36,2026-03-19 17:54:28,OK,NO
1387,2,2026-03-19 17:53:36,2026-03-19 17:54:36,OK,NO
1382,4,2026-03-19 17:53:36,2026-03-19 17:54:38,OK,NO
1363,6,2026-03-19 17:53:36,2026-03-19 17:54:40,OK,NO
1384,3,2026-03-19 17:53:36,2026-03-19 17:54:44,OK,NO
1369,5,2026-03-19 17:53:36,2026-03-19 17:54:47,OK,NO
1238,8,2026-03-19 17:54:27,2026-03-19 17:55:24,OK,NO
1242,7,2026-03-19 17:53:36,2026-03-19 17:55:50,OK,NO
1239,8,2026-03-19 17:55:24,2026-03-19 17:56:21,OK,NO
1370,5,2026-03-19 17:55:50,2026-03-19 17:56:42,OK,NO
1238,9,2026-03-19 17:55:24,2026-03-19 17:56:45,OK,NO
1364,6,2026-03-19 17:55:50,2026-03-19 17:56:47,OK,NO
1383,4,2026-03-19 17:55:50,2026-03-19 17:56:50,OK,NO
1385,3,2026-03-19 17:55:50,2026-03-19 17:56:54,OK,NO
1388,2,2026-03-19 17:55:50,2026-03-19 17:56:54,OK,NO
1400,1,2026-03-19 17:55:50,2026-03-19 17:56:58,OK,NO
1240,8,2026-03-19 17:56:21,2026-03-19 17:57:14,OK,NO
1239,9,2026-03-19 17:56:45,2026-03-19 17:57:37,OK,NO
1238,10,2026-03-19 17:56:45,2026-03-19 17:57:53,OK,NO
1241,8,2026-03-19 17:57:14,2026-03-19 17:58:07,OK,NO
1243,7,2026-03-19 17:55:50,2026-03-19 17:58:09,OK,NO
1240,9,2026-03-19 17:57:37,2026-03-19 17:58:45,OK,NO
1239,10,2026-03-19 17:57:53,2026-03-19 17:58:47,OK,NO
1238,11,2026-03-19 17:57:53,2026-03-19 17:58:54,OK,NO
1401,1,2026-03-19 17:58:09,2026-03-19 17:59:02,OK,NO
1384,4,2026-03-19 17:58:09,2026-03-19 17:59:02,OK,NO
1242,8,2026-03-19 17:58:07,2026-03-19 17:59:04,OK,NO
1389,2,2026-03-19 17:58:09,2026-03-19 17:59:05,OK,NO
1365,6,2026-03-19 17:58:09,2026-03-19 17:59:09,OK,NO
1371,5,2026-03-19 17:58:09,2026-03-19 17:59:12,OK,NO
1386,3,2026-03-19 17:58:09,2026-03-19 17:59:19,OK,NO
1240,10,2026-03-19 17:58:47,2026-03-19 17:59:39,OK,NO
1241,9,2026-03-19 17:58:45,2026-03-19 17:59:49,OK,NO
1239,11,2026-03-19 17:58:54,2026-03-19 17:59:52,OK,NO
1244,7,2026-03-19 17:58:09,2026-03-19 17:59:53,OK,NO
1238,12,2026-03-19 17:58:54,2026-03-19 17:59:59,OK,NO
1243,8,2026-03-19 17:59:04,2026-03-19 18:00:08,OK,NO
1366,6,2026-03-19 17:59:53,2026-03-19 18:00:43,OK,NO
1240,11,2026-03-19 17:59:52,2026-03-19 18:00:44,OK,NO
1241,10,2026-03-19 17:59:49,2026-03-19 18:00:44,OK,NO
1242,9,2026-03-19 17:59:49,2026-03-19 18:00:46,OK,NO
1387,3,2026-03-19 17:59:53,2026-03-19 18:00:51,OK,NO
1372,5,2026-03-19 17:59:53,2026-03-19 18:00:53,OK,NO
1385,4,2026-03-19 17:59:53,2026-03-19 18:00:53,OK,NO
1390,2,2026-03-19 17:59:53,2026-03-19 18:00:55,OK,NO
1402,1,2026-03-19 17:59:53,2026-03-19 18:00:55,OK,NO
1244,8,2026-03-19 18:00:08,2026-03-19 18:01:01,OK,NO
1242,10,2026-03-19 18:00:46,2026-03-19 18:01:42,OK,NO
1241,11,2026-03-19 18:00:44,2026-03-19 18:01:46,OK,NO
1243,9,2026-03-19 18:00:46,2026-03-19 18:01:47,OK,NO
1245,7,2026-03-19 17:59:53,2026-03-19 18:01:56,OK,NO
1386,4,2026-03-19 18:01:56,2026-03-19 18:02:49,OK,NO
1391,2,2026-03-19 18:01:56,2026-03-19 18:02:51,OK,NO
1243,10,2026-03-19 18:01:47,2026-03-19 18:02:52,OK,NO
1367,6,2026-03-19 18:01:56,2026-03-19 18:02:53,OK,NO
1388,3,2026-03-19 18:01:56,2026-03-19 18:02:56,OK,NO
1245,8,2026-03-19 18:01:56,2026-03-19 18:02:57,OK,NO
1403,1,2026-03-19 18:01:56,2026-03-19 18:02:58,OK,NO
1373,5,2026-03-19 18:01:56,2026-03-19 18:03:10,OK,NO
1246,7,2026-03-19 18:01:56,2026-03-19 18:04:04,OK,NO
1244,9,2026-03-19 18:03:36,2026-03-19 18:04:35,OK,NO
1404,1,2026-03-19 18:04:04,2026-03-19 18:04:57,OK,NO
1368,6,2026-03-19 18:04:04,2026-03-19 18:05:05,OK,NO
1246,8,2026-03-19 18:04:04,2026-03-19 18:05:05,OK,NO
1374,5,2026-03-19 18:04:04,2026-03-19 18:05:06,OK,NO
1392,2,2026-03-19 18:04:04,2026-03-19 18:05:11,OK,NO
1387,4,2026-03-19 18:04:04,2026-03-19 18:05:11,OK,NO
1389,3,2026-03-19 18:04:04,2026-03-19 18:05:16,OK,NO
1244,10,2026-03-19 18:04:35,2026-03-19 18:05:33,OK,NO
1245,9,2026-03-19 18:04:35,2026-03-19 18:05:34,OK,NO
1242,11,2026-03-19 18:05:15,2026-03-19 18:06:09,OK,NO
1239,12,2026-03-19 18:05:15,2026-03-19 18:06:17,OK,NO
1246,9,2026-03-19 18:05:34,2026-03-19 18:06:36,OK,NO
1245,10,2026-03-19 18:05:34,2026-03-19 18:06:44,OK,NO
1247,7,2026-03-19 18:04:04,2026-03-19 18:06:58,OK,NO
1243,11,2026-03-19 18:06:17,2026-03-19 18:07:12,OK,NO
1240,12,2026-03-19 18:06:17,2026-03-19 18:07:18,OK,NO
1247,8,2026-03-19 18:06:58,2026-03-19 18:07:52,OK,NO
1375,5,2026-03-19 18:06:58,2026-03-19 18:08:01,OK,NO
1369,6,2026-03-19 18:06:58,2026-03-19 18:08:06,OK,NO
1241,12,2026-03-19 18:07:18,2026-03-19 18:08:17,OK,NO
1244,11,2026-03-19 18:07:18,2026-03-19 18:08:17,OK,NO
1248,7,2026-03-19 18:06:58,2026-03-19 18:09:05,OK,NO
1242,12,2026-03-19 18:08:17,2026-03-19 18:09:09,OK,NO
1247,9,2026-03-19 18:07:52,2026-03-19 18:09:19,OK,NO
1245,11,2026-03-19 18:08:17,2026-03-19 18:09:23,OK,NO
1370,6,2026-03-19 18:09:05,2026-03-19 18:09:57,OK,NO
1376,5,2026-03-19 18:09:05,2026-03-19 18:10:00,OK,NO
1248,8,2026-03-19 18:09:05,2026-03-19 18:10:12,OK,NO
1393,2,2026-03-19 18:09:23,2026-03-19 18:10:12,OK,NO
1243,12,2026-03-19 18:09:09,2026-03-19 18:10:16,OK,NO
1405,1,2026-03-19 18:09:23,2026-03-19 18:10:18,OK,NO
1388,4,2026-03-19 18:09:23,2026-03-19 18:10:26,OK,NO
1246,10,2026-03-19 18:09:17,2026-03-19 18:10:27,OK,NO
1390,3,2026-03-19 18:09:23,2026-03-19 18:10:27,OK,NO
1248,9,2026-03-19 18:10:12,2026-03-19 18:11:08,OK,NO
1389,4,2026-03-19 18:10:26,2026-03-19 18:11:18,OK,NO
1244,12,2026-03-19 18:10:16,2026-03-19 18:11:24,OK,NO
1246,11,2026-03-19 18:10:27,2026-03-19 18:11:28,OK,NO
1394,2,2026-03-19 18:10:27,2026-03-19 18:11:28,OK,NO
1247,10,2026-03-19 18:10:27,2026-03-19 18:11:29,OK,NO
1391,3,2026-03-19 18:10:27,2026-03-19 18:11:30,OK,NO
1249,7,2026-03-19 18:09:05,2026-03-19 18:11:30,OK,NO
1406,1,2026-03-19 18:10:27,2026-03-19 18:11:33,OK,NO
1395,2,2026-03-19 18:11:30,2026-03-19 18:12:17,OK,NO
1245,12,2026-03-19 18:11:24,2026-03-19 18:12:25,OK,NO
1392,3,2026-03-19 18:11:30,2026-03-19 18:12:27,OK,NO
1248,10,2026-03-19 18:11:29,2026-03-19 18:12:28,OK,NO
1247,11,2026-03-19 18:11:29,2026-03-19 18:12:28,OK,NO
1377,5,2026-03-19 18:11:30,2026-03-19 18:12:30,OK,NO
1407,1,2026-03-19 18:11:33,2026-03-19 18:12:35,OK,NO
1371,6,2026-03-19 18:11:30,2026-03-19 18:12:36,OK,NO
1249,8,2026-03-19 18:11:30,2026-03-19 18:12:42,OK,NO
1390,4,2026-03-19 18:11:30,2026-03-19 18:13:07,OK,NO
1248,11,2026-03-19 18:12:28,2026-03-19 18:13:24,OK,NO
1246,12,2026-03-19 18:12:25,2026-03-19 18:13:32,OK,NO
1249,9,2026-03-19 18:12:42,2026-03-19 18:13:33,OK,NO
1250,7,2026-03-19 18:11:30,2026-03-19 18:13:56,OK,NO
1247,12,2026-03-19 18:13:32,2026-03-19 18:14:32,OK,NO
1249,10,2026-03-19 18:13:33,2026-03-19 18:14:38,OK,NO
1372,6,2026-03-19 18:13:56,2026-03-19 18:14:53,OK,NO
1396,2,2026-03-19 18:13:56,2026-03-19 18:14:54,OK,NO
1408,1,2026-03-19 18:13:56,2026-03-19 18:14:54,OK,NO
1393,3,2026-03-19 18:13:56,2026-03-19 18:14:55,OK,NO
1250,8,2026-03-19 18:13:56,2026-03-19 18:14:59,OK,NO
1378,5,2026-03-19 18:13:56,2026-03-19 18:15:01,OK,NO
1391,4,2026-03-19 18:13:56,2026-03-19 18:15:09,OK,NO
1248,12,2026-03-19 18:14:32,2026-03-19 18:15:29,OK,NO
1249,11,2026-03-19 18:14:38,2026-03-19 18:15:33,OK,NO
1250,9,2026-03-19 18:14:59,2026-03-19 18:16:03,OK,NO
1251,7,2026-03-19 18:13:56,2026-03-19 18:16:06,OK,NO
1249,12,2026-03-19 18:15:33,2026-03-19 18:16:35,OK,NO
1373,6,2026-03-19 18:16:06,2026-03-19 18:16:59,OK,NO
1397,2,2026-03-19 18:16:06,2026-03-19 18:16:59,OK,NO
1250,10,2026-03-19 18:16:03,2026-03-19 18:17:02,OK,NO
1392,4,2026-03-19 18:16:06,2026-03-19 18:17:05,OK,NO
1394,3,2026-03-19 18:16:06,2026-03-19 18:17:06,OK,NO
1379,5,2026-03-19 18:16:06,2026-03-19 18:17:07,OK,NO
1251,8,2026-03-19 18:16:06,2026-03-19 18:17:09,OK,NO
1409,1,2026-03-19 18:16:06,2026-03-19 18:17:13,OK,NO
1251,9,2026-03-19 18:17:09,2026-03-19 18:17:58,OK,NO
1250,11,2026-03-19 18:17:02,2026-03-19 18:18:04,OK,NO
1252,7,2026-03-19 18:16:06,2026-03-19 18:18:28,OK,NO
1251,10,2026-03-19 18:17:58,2026-03-19 18:18:58,OK,NO
1250,12,2026-03-19 18:18:04,2026-03-19 18:19:04,OK,NO
1395,3,2026-03-19 18:18:28,2026-03-19 18:19:22,OK,NO
1398,2,2026-03-19 18:18:28,2026-03-19 18:19:22,OK,NO
1410,1,2026-03-19 18:18:28,2026-03-19 18:19:33,OK,NO
1252,8,2026-03-19 18:18:28,2026-03-19 18:19:36,OK,NO
1374,6,2026-03-19 18:18:28,2026-03-19 18:19:36,OK,NO
1380,5,2026-03-19 18:18:28,2026-03-19 18:19:42,OK,NO
1393,4,2026-03-19 18:18:28,2026-03-19 18:19:45,OK,NO
1251,11,2026-03-19 18:18:58,2026-03-19 18:19:59,OK,NO
1252,9,2026-03-19 18:19:36,2026-03-19 18:20:39,OK,NO
1253,7,2026-03-19 18:18:28,2026-03-19 18:20:46,OK,NO
1251,12,2026-03-19 18:19:59,2026-03-19 18:21:00,OK,NO
1252,10,2026-03-19 18:20:39,2026-03-19 18:21:30,OK,NO
1411,1,2026-03-19 18:20:46,2026-03-19 18:21:39,OK,NO
1375,6,2026-03-19 18:20:46,2026-03-19 18:21:41,OK,NO
1399,2,2026-03-19 18:20:46,2026-03-19 18:21:44,OK,NO
1253,8,2026-03-19 18:20:46,2026-03-19 18:21:45,OK,NO
1381,5,2026-03-19 18:20:46,2026-03-19 18:21:48,OK,NO
1394,4,2026-03-19 18:20:46,2026-03-19 18:21:48,OK,NO
1396,3,2026-03-19 18:20:46,2026-03-19 18:21:48,OK,NO
1252,11,2026-03-19 18:21:30,2026-03-19 18:22:24,OK,NO
1253,9,2026-03-19 18:21:45,2026-03-19 18:22:42,OK,NO
1254,7,2026-03-19 18:20:46,2026-03-19 18:23:12,OK,NO
1252,12,2026-03-19 18:22:24,2026-03-19 18:23:17,OK,NO
1253,10,2026-03-19 18:22:42,2026-03-19 18:23:42,OK,NO
1382,5,2026-03-19 18:23:12,2026-03-19 18:24:03,OK,NO
1397,3,2026-03-19 18:23:12,2026-03-19 18:24:08,OK,NO
1395,4,2026-03-19 18:23:12,2026-03-19 18:24:08,OK,NO
1254,8,2026-03-19 18:23:12,2026-03-19 18:24:13,OK,NO
1400,2,2026-03-19 18:23:12,2026-03-19 18:24:15,OK,NO
1412,1,2026-03-19 18:23:12,2026-03-19 18:24:16,OK,NO
1376,6,2026-03-19 18:23:12,2026-03-19 18:24:18,OK,NO
1253,11,2026-03-19 18:23:42,2026-03-19 18:24:45,OK,NO
1254,9,2026-03-19 18:24:13,2026-03-19 18:25:09,OK,NO
1255,7,2026-03-19 18:23:12,2026-03-19 18:25:24,OK,NO
1253,12,2026-03-19 18:24:45,2026-03-19 18:25:45,OK,NO
1254,10,2026-03-19 18:25:09,2026-03-19 18:26:02,OK,NO
1383,5,2026-03-19 18:25:24,2026-03-19 18:26:20,OK,NO
1396,4,2026-03-19 18:25:24,2026-03-19 18:26:21,OK,NO
1401,2,2026-03-19 18:25:24,2026-03-19 18:26:22,OK,NO
1377,6,2026-03-19 18:25:24,2026-03-19 18:26:25,OK,NO
1413,1,2026-03-19 18:25:24,2026-03-19 18:26:27,OK,NO
1398,3,2026-03-19 18:25:24,2026-03-19 18:26:27,OK,NO
1255,8,2026-03-19 18:25:24,2026-03-19 18:26:35,OK,NO
1254,11,2026-03-19 18:26:02,2026-03-19 18:27:13,OK,NO
1255,9,2026-03-19 18:26:35,2026-03-19 18:27:29,OK,NO
1256,7,2026-03-19 18:25:24,2026-03-19 18:27:51,OK,NO
1254,12,2026-03-19 18:27:13,2026-03-19 18:28:06,OK,NO
1255,10,2026-03-19 18:27:29,2026-03-19 18:28:24,OK,NO
1399,3,2026-03-19 18:27:52,2026-03-19 18:28:45,OK,NO
1402,2,2026-03-19 18:27:52,2026-03-19 18:28:46,OK,NO
1397,4,2026-03-19 18:27:52,2026-03-19 18:28:54,OK,NO
1378,6,2026-03-19 18:27:51,2026-03-19 18:28:55,OK,NO
1414,1,2026-03-19 18:27:52,2026-03-19 18:28:55,OK,NO
1256,8,2026-03-19 18:27:51,2026-03-19 18:28:56,OK,NO
1384,5,2026-03-19 18:27:51,2026-03-19 18:28:59,OK,NO
1255,11,2026-03-19 18:28:24,2026-03-19 18:29:22,OK,NO
1256,9,2026-03-19 18:28:56,2026-03-19 18:29:59,OK,NO
1257,7,2026-03-19 18:27:51,2026-03-19 18:30:17,OK,NO
1255,12,2026-03-19 18:29:22,2026-03-19 18:30:27,OK,NO
1400,3,2026-03-19 18:30:17,2026-03-19 18:31:06,OK,NO
1256,10,2026-03-19 18:29:59,2026-03-19 18:31:09,OK,NO
1385,5,2026-03-19 18:30:17,2026-03-19 18:31:10,OK,NO
1257,8,2026-03-19 18:30:17,2026-03-19 18:31:10,OK,NO
1379,6,2026-03-19 18:30:17,2026-03-19 18:31:13,OK,NO
1398,4,2026-03-19 18:30:17,2026-03-19 18:31:14,OK,NO
1415,1,2026-03-19 18:30:17,2026-03-19 18:31:24,OK,NO
1403,2,2026-03-19 18:30:17,2026-03-19 18:31:26,OK,NO
1256,11,2026-03-19 18:31:09,2026-03-19 18:32:04,OK,NO
1258,7,2026-03-19 18:30:17,2026-03-19 18:32:17,OK,NO
1257,9,2026-03-19 18:31:10,2026-03-19 18:32:24,OK,NO
1256,12,2026-03-19 18:32:04,2026-03-19 18:32:58,OK,NO
1386,5,2026-03-19 18:32:17,2026-03-19 18:33:05,OK,NO
1416,1,2026-03-19 18:32:17,2026-03-19 18:33:12,OK,NO
1404,2,2026-03-19 18:32:17,2026-03-19 18:33:12,OK,NO
1401,3,2026-03-19 18:32:17,2026-03-19 18:33:15,OK,NO
1380,6,2026-03-19 18:32:17,2026-03-19 18:33:17,OK,NO
1399,4,2026-03-19 18:32:17,2026-03-19 18:33:19,OK,NO
1258,8,2026-03-19 18:32:17,2026-03-19 18:33:19,OK,NO
1257,10,2026-03-19 18:32:24,2026-03-19 18:33:24,OK,NO
1257,11,2026-03-19 18:33:24,2026-03-19 18:34:28,OK,NO
1258,9,2026-03-19 18:33:19,2026-03-19 18:34:30,OK,NO
1259,7,2026-03-19 18:32:17,2026-03-19 18:34:31,OK,NO
1402,3,2026-03-19 18:34:31,2026-03-19 18:35:20,OK,NO
1381,6,2026-03-19 18:34:31,2026-03-19 18:35:26,OK,NO
1387,5,2026-03-19 18:34:31,2026-03-19 18:35:28,OK,NO
1259,8,2026-03-19 18:34:31,2026-03-19 18:35:28,OK,NO
1257,12,2026-03-19 18:34:28,2026-03-19 18:35:30,OK,NO
1417,1,2026-03-19 18:34:31,2026-03-19 18:35:32,OK,NO
1258,10,2026-03-19 18:34:30,2026-03-19 18:35:38,OK,NO
1400,4,2026-03-19 18:34:31,2026-03-19 18:35:41,OK,NO
1405,2,2026-03-19 18:34:31,2026-03-19 18:35:43,OK,NO
1259,9,2026-03-19 18:35:28,2026-03-19 18:36:28,OK,NO
1258,11,2026-03-19 18:35:38,2026-03-19 18:36:46,OK,NO
1260,7,2026-03-19 18:34:31,2026-03-19 18:36:59,OK,NO
1259,10,2026-03-19 18:36:28,2026-03-19 18:37:21,OK,NO
1258,12,2026-03-19 18:36:46,2026-03-19 18:37:43,OK,NO
1388,5,2026-03-19 18:36:59,2026-03-19 18:37:59,OK,NO
1403,3,2026-03-19 18:36:59,2026-03-19 18:38:00,OK,NO
1260,8,2026-03-19 18:36:59,2026-03-19 18:38:01,OK,NO
1401,4,2026-03-19 18:36:59,2026-03-19 18:38:04,OK,NO
1382,6,2026-03-19 18:36:59,2026-03-19 18:38:05,OK,NO
1406,2,2026-03-19 18:36:59,2026-03-19 18:38:09,OK,NO
1418,1,2026-03-19 18:36:59,2026-03-19 18:38:12,OK,NO
1259,11,2026-03-19 18:37:21,2026-03-19 18:38:24,OK,NO
1260,9,2026-03-19 18:38:01,2026-03-19 18:38:54,OK,NO
1261,7,2026-03-19 18:36:59,2026-03-19 18:39:13,OK,NO
1259,12,2026-03-19 18:38:24,2026-03-19 18:39:28,OK,NO
1260,10,2026-03-19 18:38:54,2026-03-19 18:39:55,OK,NO
1383,6,2026-03-19 18:39:13,2026-03-19 18:40:09,OK,NO
1389,5,2026-03-19 18:39:13,2026-03-19 18:40:12,OK,NO
1261,8,2026-03-19 18:39:13,2026-03-19 18:40:12,OK,NO
1407,2,2026-03-19 18:39:13,2026-03-19 18:40:18,OK,NO
1419,1,2026-03-19 18:39:13,2026-03-19 18:40:19,OK,NO
1404,3,2026-03-19 18:39:13,2026-03-19 18:40:22,OK,NO
1402,4,2026-03-19 18:39:13,2026-03-19 18:40:45,OK,NO
1260,11,2026-03-19 18:39:55,2026-03-19 18:40:58,OK,NO
1261,9,2026-03-19 18:40:12,2026-03-19 18:41:07,OK,NO
1260,12,2026-03-19 18:40:58,2026-03-19 18:42:00,OK,NO
1261,10,2026-03-19 18:41:07,2026-03-19 18:42:03,OK,NO
1262,7,2026-03-19 18:39:13,2026-03-19 18:42:04,OK,NO
1384,6,2026-03-19 18:42:04,2026-03-19 18:42:53,OK,NO
1408,2,2026-03-19 18:42:04,2026-03-19 18:42:57,OK,NO
1403,4,2026-03-19 18:42:04,2026-03-19 18:43:00,OK,NO
1262,8,2026-03-19 18:42:04,2026-03-19 18:43:03,OK,NO
1261,11,2026-03-19 18:42:03,2026-03-19 18:43:08,OK,NO
1390,5,2026-03-19 18:42:04,2026-03-19 18:43:08,OK,NO
1405,3,2026-03-19 18:42:04,2026-03-19 18:43:10,OK,NO
1420,1,2026-03-19 18:42:04,2026-03-19 18:43:12,OK,NO
1262,9,2026-03-19 18:43:03,2026-03-19 18:44:04,OK,NO
1261,12,2026-03-19 18:43:08,2026-03-19 18:44:05,OK,NO
1263,7,2026-03-19 18:42:04,2026-03-19 18:44:38,OK,NO
1262,10,2026-03-19 18:44:04,2026-03-19 18:45:12,OK,NO
1263,8,2026-03-19 18:44:38,2026-03-19 18:45:39,OK,NO
1385,6,2026-03-19 18:44:38,2026-03-19 18:45:43,OK,NO
1391,5,2026-03-19 18:44:38,2026-03-19 18:45:43,OK,NO
1409,2,2026-03-19 18:44:38,2026-03-19 18:45:45,OK,NO
1421,1,2026-03-19 18:44:38,2026-03-19 18:45:46,OK,NO
1406,3,2026-03-19 18:44:38,2026-03-19 18:45:47,OK,NO
1404,4,2026-03-19 18:44:38,2026-03-19 18:45:54,OK,NO
1262,11,2026-03-19 18:45:12,2026-03-19 18:46:13,OK,NO
1263,9,2026-03-19 18:45:39,2026-03-19 18:46:38,OK,NO
1264,7,2026-03-19 18:44:38,2026-03-19 18:46:38,OK,NO
1262,12,2026-03-19 18:46:13,2026-03-19 18:47:17,OK,NO
1407,3,2026-03-19 18:46:38,2026-03-19 18:47:30,OK,NO
1410,2,2026-03-19 18:46:38,2026-03-19 18:47:34,OK,NO
1263,10,2026-03-19 18:46:38,2026-03-19 18:47:37,OK,NO
1392,5,2026-03-19 18:46:38,2026-03-19 18:47:38,OK,NO
1422,1,2026-03-19 18:46:38,2026-03-19 18:47:39,OK,NO
1386,6,2026-03-19 18:46:38,2026-03-19 18:47:40,OK,NO
1405,4,2026-03-19 18:46:38,2026-03-19 18:47:40,OK,NO
1264,8,2026-03-19 18:46:38,2026-03-19 18:47:43,OK,NO
1263,11,2026-03-19 18:47:37,2026-03-19 18:48:31,OK,NO
1264,9,2026-03-19 18:47:43,2026-03-19 18:48:37,OK,NO
1265,7,2026-03-19 18:46:38,2026-03-19 18:48:51,OK,NO
1263,12,2026-03-19 18:48:31,2026-03-19 18:49:28,OK,NO
1264,10,2026-03-19 18:48:37,2026-03-19 18:49:38,OK,NO
1387,6,2026-03-19 18:48:51,2026-03-19 18:49:40,OK,NO
1265,8,2026-03-19 18:48:51,2026-03-19 18:49:44,OK,NO
1411,2,2026-03-19 18:48:51,2026-03-19 18:49:48,OK,NO
1423,1,2026-03-19 18:48:51,2026-03-19 18:49:48,OK,NO
1408,3,2026-03-19 18:48:51,2026-03-19 18:49:54,OK,NO
1393,5,2026-03-19 18:48:51,2026-03-19 18:49:57,OK,NO
1406,4,2026-03-19 18:48:51,2026-03-19 18:50:19,OK,NO
1264,11,2026-03-19 18:49:38,2026-03-19 18:50:30,OK,NO
1266,7,2026-03-19 18:48:51,2026-03-19 18:51:16,OK,NO
1264,12,2026-03-19 18:50:30,2026-03-19 18:51:26,OK,NO
1394,5,2026-03-19 18:51:16,2026-03-19 18:52:05,OK,NO
1388,6,2026-03-19 18:51:16,2026-03-19 18:52:06,OK,NO
1412,2,2026-03-19 18:51:16,2026-03-19 18:52:13,OK,NO
1409,3,2026-03-19 18:51:16,2026-03-19 18:52:16,OK,NO
1266,8,2026-03-19 18:51:16,2026-03-19 18:52:17,OK,NO
1407,4,2026-03-19 18:51:16,2026-03-19 18:52:22,OK,NO
1267,7,2026-03-19 18:51:16,2026-03-19 18:53:27,OK,NO
1410,3,2026-03-19 18:53:27,2026-03-19 18:54:21,OK,NO
1395,5,2026-03-19 18:53:27,2026-03-19 18:54:23,OK,NO
1408,4,2026-03-19 18:53:27,2026-03-19 18:54:25,OK,NO
1413,2,2026-03-19 18:53:27,2026-03-19 18:54:29,OK,NO
1267,8,2026-03-19 18:53:27,2026-03-19 18:54:30,OK,NO
1389,6,2026-03-19 18:53:27,2026-03-19 18:54:31,OK,NO
1268,7,2026-03-19 18:53:27,2026-03-19 18:55:42,OK,NO
1390,6,2026-03-19 18:55:42,2026-03-19 18:56:31,OK,NO
1414,2,2026-03-19 18:55:42,2026-03-19 18:56:35,OK,NO
1411,3,2026-03-19 18:55:42,2026-03-19 18:56:39,OK,NO
1396,5,2026-03-19 18:55:42,2026-03-19 18:56:40,OK,NO
1268,8,2026-03-19 18:55:42,2026-03-19 18:56:43,OK,NO
1409,4,2026-03-19 18:55:42,2026-03-19 18:56:52,OK,NO
1269,7,2026-03-19 18:55:42,2026-03-19 18:58:15,OK,NO
1424,1,2026-03-19 18:57:14,2026-03-19 18:58:19,OK,NO
1391,6,2026-03-19 18:58:15,2026-03-19 18:59:08,OK,NO
1412,3,2026-03-19 18:58:15,2026-03-19 18:59:13,OK,NO
1397,5,2026-03-19 18:58:15,2026-03-19 18:59:19,OK,NO
1410,4,2026-03-19 18:58:15,2026-03-19 18:59:22,OK,NO
1425,1,2026-03-19 18:58:19,2026-03-19 18:59:27,OK,NO
1415,2,2026-03-19 18:58:15,2026-03-19 18:59:28,OK,NO
1269,8,2026-03-19 18:58:15,2026-03-19 18:59:29,OK,NO
1265,9,2026-03-19 18:59:05,2026-03-19 19:00:15,OK,NO
1426,1,2026-03-19 18:59:27,2026-03-19 19:00:31,OK,NO
1265,10,2026-03-19 19:00:15,2026-03-19 19:01:08,OK,NO
1266,9,2026-03-19 19:00:15,2026-03-19 19:01:15,OK,NO
1427,1,2026-03-19 19:00:31,2026-03-19 19:01:25,OK,NO
1270,7,2026-03-19 18:58:15,2026-03-19 19:01:27,OK,NO
1265,11,2026-03-19 19:01:08,2026-03-19 19:02:10,OK,NO
1267,9,2026-03-19 19:01:15,2026-03-19 19:02:14,OK,NO
1266,10,2026-03-19 19:01:15,2026-03-19 19:02:15,OK,NO
1398,5,2026-03-19 19:01:27,2026-03-19 19:02:28,OK,NO
1270,8,2026-03-19 19:01:27,2026-03-19 19:02:34,OK,NO
1411,4,2026-03-19 19:01:27,2026-03-19 19:02:35,OK,NO
1392,6,2026-03-19 19:01:27,2026-03-19 19:02:38,OK,NO
1265,12,2026-03-19 19:02:10,2026-03-19 19:03:08,OK,NO
1268,9,2026-03-19 19:02:14,2026-03-19 19:03:11,OK,NO
1267,10,2026-03-19 19:02:15,2026-03-19 19:03:14,OK,NO
1266,11,2026-03-19 19:02:15,2026-03-19 19:03:17,OK,NO
1267,11,2026-03-19 19:03:17,2026-03-19 19:04:08,OK,NO
1271,7,2026-03-19 19:01:27,2026-03-19 19:04:18,OK,NO
1268,10,2026-03-19 19:03:14,2026-03-19 19:04:18,OK,NO
1266,12,2026-03-19 19:03:17,2026-03-19 19:04:21,OK,NO
1269,9,2026-03-19 19:03:11,2026-03-19 19:04:25,OK,NO
1412,4,2026-03-19 19:04:18,2026-03-19 19:05:15,OK,NO
1393,6,2026-03-19 19:04:18,2026-03-19 19:05:17,OK,NO
1268,11,2026-03-19 19:04:18,2026-03-19 19:05:20,OK,NO
1399,5,2026-03-19 19:04:18,2026-03-19 19:05:21,OK,NO
1267,12,2026-03-19 19:04:21,2026-03-19 19:05:22,OK,NO
1271,8,2026-03-19 19:04:18,2026-03-19 19:05:22,OK,NO
1269,10,2026-03-19 19:04:25,2026-03-19 19:05:32,OK,NO
1270,9,2026-03-19 19:04:25,2026-03-19 19:05:48,OK,NO
1428,1,2026-03-19 19:05:03,2026-03-19 19:06:03,OK,NO
1416,2,2026-03-19 19:05:03,2026-03-19 19:06:04,OK,NO
1272,7,2026-03-19 19:04:18,2026-03-19 19:06:05,OK,NO
1413,3,2026-03-19 19:05:03,2026-03-19 19:06:11,OK,NO
1268,12,2026-03-19 19:05:22,2026-03-19 19:06:18,OK,NO
1269,11,2026-03-19 19:05:32,2026-03-19 19:06:41,OK,NO
1270,10,2026-03-19 19:05:48,2026-03-19 19:06:49,OK,NO
1400,5,2026-03-19 19:06:05,2026-03-19 19:07:01,OK,NO
1271,9,2026-03-19 19:05:48,2026-03-19 19:07:03,OK,NO
1272,8,2026-03-19 19:06:05,2026-03-19 19:07:03,OK,NO
1394,6,2026-03-19 19:06:05,2026-03-19 19:07:04,OK,NO
1417,2,2026-03-19 19:06:11,2026-03-19 19:07:05,OK,NO
1413,4,2026-03-19 19:06:11,2026-03-19 19:07:10,OK,NO
1414,3,2026-03-19 19:06:11,2026-03-19 19:07:16,OK,NO
1429,1,2026-03-19 19:06:11,2026-03-19 19:07:27,OK,NO
1269,12,2026-03-19 19:06:41,2026-03-19 19:07:35,OK,NO
1270,11,2026-03-19 19:06:49,2026-03-19 19:07:47,OK,NO
1271,10,2026-03-19 19:07:03,2026-03-19 19:08:05,OK,NO
1272,9,2026-03-19 19:07:03,2026-03-19 19:08:07,OK,NO
1418,2,2026-03-19 19:07:16,2026-03-19 19:08:20,OK,NO
1430,1,2026-03-19 19:07:27,2026-03-19 19:08:24,OK,NO
1415,3,2026-03-19 19:07:16,2026-03-19 19:08:24,OK,NO
1270,12,2026-03-19 19:07:47,2026-03-19 19:08:42,OK,NO
1273,7,2026-03-19 19:06:05,2026-03-19 19:08:53,OK,NO
1271,11,2026-03-19 19:08:05,2026-03-19 19:08:57,OK,NO
1272,10,2026-03-19 19:08:07,2026-03-19 19:09:10,OK,NO
1273,8,2026-03-19 19:08:53,2026-03-19 19:09:47,OK,NO
1431,1,2026-03-19 19:08:53,2026-03-19 19:09:52,OK,NO
1416,3,2026-03-19 19:08:53,2026-03-19 19:09:54,OK,NO
1401,5,2026-03-19 19:08:53,2026-03-19 19:09:57,OK,NO
1419,2,2026-03-19 19:08:53,2026-03-19 19:10:00,OK,NO
1271,12,2026-03-19 19:08:57,2026-03-19 19:10:01,OK,NO
1395,6,2026-03-19 19:08:53,2026-03-19 19:10:03,OK,NO
1272,11,2026-03-19 19:09:10,2026-03-19 19:10:06,OK,NO
1414,4,2026-03-19 19:08:53,2026-03-19 19:10:10,OK,NO
1273,9,2026-03-19 19:09:47,2026-03-19 19:10:44,OK,NO
1272,12,2026-03-19 19:10:06,2026-03-19 19:11:05,OK,NO
1274,7,2026-03-19 19:08:53,2026-03-19 19:11:13,OK,NO
1273,10,2026-03-19 19:10:44,2026-03-19 19:11:44,OK,NO
1415,4,2026-03-19 19:11:13,2026-03-19 19:12:01,OK,NO
1432,1,2026-03-19 19:11:13,2026-03-19 19:12:03,OK,NO
1396,6,2026-03-19 19:11:13,2026-03-19 19:12:04,OK,NO
1417,3,2026-03-19 19:11:13,2026-03-19 19:12:05,OK,NO
1420,2,2026-03-19 19:11:13,2026-03-19 19:12:07,OK,NO
1274,8,2026-03-19 19:11:13,2026-03-19 19:12:13,OK,NO
1402,5,2026-03-19 19:11:13,2026-03-19 19:12:15,OK,NO
1273,11,2026-03-19 19:11:44,2026-03-19 19:12:54,OK,NO
1275,7,2026-03-19 19:11:13,2026-03-19 19:13:10,OK,NO
1274,9,2026-03-19 19:12:13,2026-03-19 19:13:16,OK,NO
1273,12,2026-03-19 19:12:54,2026-03-19 19:14:02,OK,NO
1275,8,2026-03-19 19:13:10,2026-03-19 19:14:14,OK,NO
1397,6,2026-03-19 19:13:10,2026-03-19 19:14:19,OK,NO
1274,10,2026-03-19 19:13:16,2026-03-19 19:14:23,OK,NO
1275,9,2026-03-19 19:14:14,2026-03-19 19:15:09,OK,NO
1274,11,2026-03-19 19:14:23,2026-03-19 19:15:14,OK,NO
1275,10,2026-03-19 19:15:09,2026-03-19 19:16:13,OK,NO
1276,7,2026-03-19 19:13:10,2026-03-19 19:16:27,OK,NO
1274,12,2026-03-19 19:15:14,2026-03-19 19:16:28,OK,NO
1275,11,2026-03-19 19:16:13,2026-03-19 19:17:14,OK,NO
1276,8,2026-03-19 19:16:27,2026-03-19 19:17:28,OK,NO
1398,6,2026-03-19 19:16:27,2026-03-19 19:17:29,OK,NO
1275,12,2026-03-19 19:17:14,2026-03-19 19:18:09,OK,NO
1276,9,2026-03-19 19:17:28,2026-03-19 19:18:45,OK,NO
1277,7,2026-03-19 19:16:27,2026-03-19 19:19:07,OK,NO
1276,10,2026-03-19 19:18:45,2026-03-19 19:19:41,OK,NO
1399,6,2026-03-19 19:19:07,2026-03-19 19:20:10,OK,NO
1277,8,2026-03-19 19:19:07,2026-03-19 19:20:16,OK,NO
1276,11,2026-03-19 19:19:41,2026-03-19 19:20:38,OK,NO
1277,9,2026-03-19 19:20:16,2026-03-19 19:21:08,OK,NO
1278,7,2026-03-19 19:19:07,2026-03-19 19:21:29,OK,NO
1276,12,2026-03-19 19:20:38,2026-03-19 19:21:39,OK,NO
1277,10,2026-03-19 19:21:08,2026-03-19 19:22:06,OK,NO
1278,8,2026-03-19 19:21:29,2026-03-19 19:22:19,OK,NO
1400,6,2026-03-19 19:21:29,2026-03-19 19:22:27,OK,NO
1277,11,2026-03-19 19:22:06,2026-03-19 19:23:14,OK,NO
1278,9,2026-03-19 19:22:19,2026-03-19 19:23:24,OK,NO
1279,7,2026-03-19 19:21:29,2026-03-19 19:23:47,OK,NO
1277,12,2026-03-19 19:23:14,2026-03-19 19:24:16,OK,NO
1278,10,2026-03-19 19:23:24,2026-03-19 19:24:21,OK,NO
1279,8,2026-03-19 19:23:47,2026-03-19 19:24:44,OK,NO
1401,6,2026-03-19 19:23:47,2026-03-19 19:24:50,OK,NO
1433,1,2026-03-19 19:24:32,2026-03-19 19:25:22,OK,NO
1278,11,2026-03-19 19:24:21,2026-03-19 19:25:28,OK,NO
1421,2,2026-03-19 19:24:32,2026-03-19 19:25:34,OK,NO
1403,5,2026-03-19 19:24:32,2026-03-19 19:25:36,OK,NO
1416,4,2026-03-19 19:24:32,2026-03-19 19:25:36,OK,NO
1279,9,2026-03-19 19:24:44,2026-03-19 19:25:39,OK,NO
1418,3,2026-03-19 19:24:32,2026-03-19 19:25:41,OK,NO
1278,12,2026-03-19 19:25:28,2026-03-19 19:26:19,OK,NO
1279,10,2026-03-19 19:25:39,2026-03-19 19:26:37,OK,NO
1404,5,2026-03-19 19:25:36,2026-03-19 19:26:40,OK,NO
1422,2,2026-03-19 19:25:41,2026-03-19 19:26:43,OK,NO
1417,4,2026-03-19 19:25:36,2026-03-19 19:26:46,OK,NO
1419,3,2026-03-19 19:25:41,2026-03-19 19:26:49,OK,NO
1434,1,2026-03-19 19:25:41,2026-03-19 19:26:49,OK,NO
1280,7,2026-03-19 19:23:47,2026-03-19 19:27:02,OK,NO
1423,2,2026-03-19 19:26:49,2026-03-19 19:27:37,OK,NO
1405,5,2026-03-19 19:26:40,2026-03-19 19:27:45,OK,NO
1279,11,2026-03-19 19:26:37,2026-03-19 19:27:46,OK,NO
1435,1,2026-03-19 19:26:49,2026-03-19 19:27:47,OK,NO
1418,4,2026-03-19 19:26:46,2026-03-19 19:27:57,OK,NO
1420,3,2026-03-19 19:26:49,2026-03-19 19:27:58,OK,NO
1280,8,2026-03-19 19:27:02,2026-03-19 19:28:01,OK,NO
1402,6,2026-03-19 19:27:02,2026-03-19 19:28:01,OK,NO
1406,5,2026-03-19 19:27:45,2026-03-19 19:28:38,OK,NO
1424,2,2026-03-19 19:27:58,2026-03-19 19:28:51,OK,NO
1419,4,2026-03-19 19:27:57,2026-03-19 19:28:54,OK,NO
1279,12,2026-03-19 19:27:46,2026-03-19 19:28:59,OK,NO
1436,1,2026-03-19 19:27:58,2026-03-19 19:29:00,OK,NO
1421,3,2026-03-19 19:27:58,2026-03-19 19:29:06,OK,NO
1281,7,2026-03-19 19:27:02,2026-03-19 19:29:20,OK,NO
1280,9,2026-03-19 19:28:01,2026-03-19 19:29:23,OK,NO
1407,5,2026-03-19 19:28:38,2026-03-19 19:29:40,OK,NO
1420,4,2026-03-19 19:28:54,2026-03-19 19:29:50,OK,NO
1422,3,2026-03-19 19:29:06,2026-03-19 19:30:06,OK,NO
1403,6,2026-03-19 19:29:20,2026-03-19 19:30:11,OK,NO
1425,2,2026-03-19 19:29:06,2026-03-19 19:30:11,OK,NO
1437,1,2026-03-19 19:29:06,2026-03-19 19:30:11,OK,NO
1280,10,2026-03-19 19:29:23,2026-03-19 19:30:18,OK,NO
1281,8,2026-03-19 19:29:20,2026-03-19 19:30:19,OK,NO
1421,4,2026-03-19 19:29:50,2026-03-19 19:30:41,OK,NO
1408,5,2026-03-19 19:29:40,2026-03-19 19:30:49,OK,NO
1423,3,2026-03-19 19:30:06,2026-03-19 19:31:03,OK,NO
1426,2,2026-03-19 19:30:11,2026-03-19 19:31:04,OK,NO
1438,1,2026-03-19 19:30:11,2026-03-19 19:31:14,OK,NO
1281,9,2026-03-19 19:30:19,2026-03-19 19:31:18,OK,NO
1280,11,2026-03-19 19:30:18,2026-03-19 19:31:20,OK,NO
1282,7,2026-03-19 19:29:20,2026-03-19 19:31:23,OK,NO
1409,5,2026-03-19 19:30:49,2026-03-19 19:31:38,OK,NO
1424,3,2026-03-19 19:31:03,2026-03-19 19:31:54,OK,NO
1427,2,2026-03-19 19:31:04,2026-03-19 19:32:08,OK,NO
1422,4,2026-03-19 19:30:49,2026-03-19 19:32:09,OK,NO
1281,10,2026-03-19 19:31:18,2026-03-19 19:32:10,OK,NO
1282,8,2026-03-19 19:31:23,2026-03-19 19:32:19,OK,NO
1439,1,2026-03-19 19:31:14,2026-03-19 19:32:22,OK,NO
1404,6,2026-03-19 19:31:23,2026-03-19 19:32:22,OK,NO
1280,12,2026-03-19 19:31:20,2026-03-19 19:32:24,OK,NO
1410,5,2026-03-19 19:31:38,2026-03-19 19:32:50,OK,NO
1428,2,2026-03-19 19:32:09,2026-03-19 19:33:09,OK,NO
1281,11,2026-03-19 19:32:10,2026-03-19 19:33:09,OK,NO
1440,1,2026-03-19 19:32:22,2026-03-19 19:33:12,OK,NO
1425,3,2026-03-19 19:32:09,2026-03-19 19:33:15,OK,NO
1282,9,2026-03-19 19:32:19,2026-03-19 19:33:24,OK,NO
1423,4,2026-03-19 19:32:09,2026-03-19 19:33:35,OK,NO
1283,7,2026-03-19 19:31:23,2026-03-19 19:33:54,OK,NO
1281,12,2026-03-19 19:33:09,2026-03-19 19:34:08,OK,NO
1282,10,2026-03-19 19:33:24,2026-03-19 19:34:22,OK,NO
1429,2,2026-03-19 19:33:54,2026-03-19 19:34:39,OK,NO
1283,8,2026-03-19 19:33:54,2026-03-19 19:34:44,OK,NO
1411,5,2026-03-19 19:33:54,2026-03-19 19:34:53,OK,NO
1441,1,2026-03-19 19:33:54,2026-03-19 19:34:54,OK,NO
1426,3,2026-03-19 19:33:54,2026-03-19 19:34:54,OK,NO
1405,6,2026-03-19 19:33:54,2026-03-19 19:34:56,OK,NO
1424,4,2026-03-19 19:33:54,2026-03-19 19:34:57,OK,NO
1282,11,2026-03-19 19:34:22,2026-03-19 19:35:26,OK,NO
1283,9,2026-03-19 19:34:44,2026-03-19 19:35:39,OK,NO
1282,12,2026-03-19 19:35:26,2026-03-19 19:36:25,OK,NO
1283,10,2026-03-19 19:35:39,2026-03-19 19:36:43,OK,NO
1284,7,2026-03-19 19:33:54,2026-03-19 19:37:03,OK,NO
1283,11,2026-03-19 19:36:43,2026-03-19 19:37:45,OK,NO
1406,6,2026-03-19 19:37:03,2026-03-19 19:37:55,OK,NO
1427,3,2026-03-19 19:37:03,2026-03-19 19:37:59,OK,NO
1284,8,2026-03-19 19:37:03,2026-03-19 19:38:04,OK,NO
1412,5,2026-03-19 19:37:03,2026-03-19 19:38:05,OK,NO
1430,2,2026-03-19 19:37:17,2026-03-19 19:38:13,OK,NO
1442,1,2026-03-19 19:37:17,2026-03-19 19:38:18,OK,NO
1425,4,2026-03-19 19:37:03,2026-03-19 19:38:20,OK,NO
1283,12,2026-03-19 19:37:45,2026-03-19 19:38:45,OK,NO
1284,9,2026-03-19 19:38:04,2026-03-19 19:39:10,OK,NO
1285,7,2026-03-19 19:37:03,2026-03-19 19:39:21,OK,NO
1284,10,2026-03-19 19:39:10,2026-03-19 19:40:13,OK,NO
1431,2,2026-03-19 19:39:21,2026-03-19 19:40:18,OK,NO
1443,1,2026-03-19 19:39:21,2026-03-19 19:40:19,OK,NO
1426,4,2026-03-19 19:39:21,2026-03-19 19:40:22,OK,NO
1428,3,2026-03-19 19:39:21,2026-03-19 19:40:23,OK,NO
1407,6,2026-03-19 19:39:21,2026-03-19 19:40:24,OK,NO
1413,5,2026-03-19 19:39:21,2026-03-19 19:40:26,OK,NO
1285,8,2026-03-19 19:39:21,2026-03-19 19:40:27,OK,NO
1284,11,2026-03-19 19:40:13,2026-03-19 19:41:14,OK,NO
1285,9,2026-03-19 19:40:27,2026-03-19 19:41:32,OK,NO
1284,12,2026-03-19 19:41:14,2026-03-19 19:42:11,OK,NO
1286,7,2026-03-19 19:39:21,2026-03-19 19:42:23,OK,NO
1285,10,2026-03-19 19:41:32,2026-03-19 19:42:36,OK,NO
1414,5,2026-03-19 19:42:23,2026-03-19 19:43:20,OK,NO
1429,3,2026-03-19 19:42:23,2026-03-19 19:43:20,OK,NO
1408,6,2026-03-19 19:42:23,2026-03-19 19:43:22,OK,NO
1444,1,2026-03-19 19:42:23,2026-03-19 19:43:23,OK,NO
1427,4,2026-03-19 19:42:23,2026-03-19 19:43:26,OK,NO
1432,2,2026-03-19 19:42:23,2026-03-19 19:43:27,OK,NO
1286,8,2026-03-19 19:42:23,2026-03-19 19:43:31,OK,NO
1285,11,2026-03-19 19:42:36,2026-03-19 19:43:39,OK,NO
1285,12,2026-03-19 19:43:39,2026-03-19 19:44:38,OK,NO
1286,9,2026-03-19 19:43:31,2026-03-19 19:45:00,OK,NO
1287,7,2026-03-19 19:42:23,2026-03-19 19:45:14,OK,NO
1286,10,2026-03-19 19:45:00,2026-03-19 19:45:57,OK,NO
1287,8,2026-03-19 19:45:14,2026-03-19 19:46:07,OK,NO
1430,3,2026-03-19 19:45:14,2026-03-19 19:46:07,OK,NO
1409,6,2026-03-19 19:45:14,2026-03-19 19:46:08,OK,NO
1445,1,2026-03-19 19:45:14,2026-03-19 19:46:11,OK,NO
1415,5,2026-03-19 19:45:14,2026-03-19 19:46:12,OK,NO
1433,2,2026-03-19 19:45:14,2026-03-19 19:46:16,OK,NO
1428,4,2026-03-19 19:45:14,2026-03-19 19:46:25,OK,NO
1286,11,2026-03-19 19:45:57,2026-03-19 19:46:56,OK,NO
1287,9,2026-03-19 19:46:07,2026-03-19 19:47:08,OK,NO
1286,12,2026-03-19 19:46:56,2026-03-19 19:47:52,OK,NO
1288,7,2026-03-19 19:45:14,2026-03-19 19:47:53,OK,NO
1287,10,2026-03-19 19:47:08,2026-03-19 19:48:10,OK,NO
1434,2,2026-03-19 19:47:53,2026-03-19 19:48:44,OK,NO
1288,8,2026-03-19 19:47:53,2026-03-19 19:48:46,OK,NO
1416,5,2026-03-19 19:47:53,2026-03-19 19:48:53,OK,NO
1410,6,2026-03-19 19:47:53,2026-03-19 19:49:00,OK,NO
1431,3,2026-03-19 19:47:53,2026-03-19 19:49:02,OK,NO
1446,1,2026-03-19 19:47:53,2026-03-19 19:49:03,OK,NO
1429,4,2026-03-19 19:47:53,2026-03-19 19:49:10,OK,NO
1287,11,2026-03-19 19:48:10,2026-03-19 19:49:20,OK,NO
1288,9,2026-03-19 19:48:46,2026-03-19 19:49:48,OK,NO
1289,7,2026-03-19 19:47:53,2026-03-19 19:50:05,OK,NO
1287,12,2026-03-19 19:49:20,2026-03-19 19:50:28,OK,NO
1288,10,2026-03-19 19:49:48,2026-03-19 19:50:45,OK,NO
1435,2,2026-03-19 19:50:05,2026-03-19 19:50:57,OK,NO
1411,6,2026-03-19 19:50:05,2026-03-19 19:51:01,OK,NO
1430,4,2026-03-19 19:50:05,2026-03-19 19:51:02,OK,NO
1417,5,2026-03-19 19:50:05,2026-03-19 19:51:03,OK,NO
1447,1,2026-03-19 19:50:05,2026-03-19 19:51:05,OK,NO
1432,3,2026-03-19 19:50:05,2026-03-19 19:51:05,OK,NO
1289,8,2026-03-19 19:50:05,2026-03-19 19:51:07,OK,NO
1288,11,2026-03-19 19:50:45,2026-03-19 19:51:38,OK,NO
1289,9,2026-03-19 19:51:07,2026-03-19 19:52:02,OK,NO
1290,7,2026-03-19 19:50:05,2026-03-19 19:52:21,OK,NO
1288,12,2026-03-19 19:51:38,2026-03-19 19:52:38,OK,NO
1289,10,2026-03-19 19:52:02,2026-03-19 19:53:06,OK,NO
1290,8,2026-03-19 19:52:21,2026-03-19 19:53:14,OK,NO
1418,5,2026-03-19 19:52:21,2026-03-19 19:53:15,OK,NO
1448,1,2026-03-19 19:52:21,2026-03-19 19:53:16,OK,NO
1412,6,2026-03-19 19:52:21,2026-03-19 19:53:20,OK,NO
1436,2,2026-03-19 19:52:21,2026-03-19 19:53:21,OK,NO
1431,4,2026-03-19 19:52:21,2026-03-19 19:53:24,OK,NO
1433,3,2026-03-19 19:52:21,2026-03-19 19:53:29,OK,NO
1289,11,2026-03-19 19:53:06,2026-03-19 19:54:19,OK,NO
1290,9,2026-03-19 19:53:14,2026-03-19 19:54:23,OK,NO
1291,7,2026-03-19 19:52:21,2026-03-19 19:54:36,OK,NO
1290,10,2026-03-19 19:54:23,2026-03-19 19:55:20,OK,NO
1289,12,2026-03-19 19:54:19,2026-03-19 19:55:22,OK,NO
1432,4,2026-03-19 19:54:36,2026-03-19 19:55:26,OK,NO
1449,1,2026-03-19 19:54:36,2026-03-19 19:55:33,OK,NO
1434,3,2026-03-19 19:54:36,2026-03-19 19:55:34,OK,NO
1419,5,2026-03-19 19:54:36,2026-03-19 19:55:39,OK,NO
1437,2,2026-03-19 19:54:36,2026-03-19 19:55:40,OK,NO
1413,6,2026-03-19 19:54:36,2026-03-19 19:55:40,OK,NO
1291,8,2026-03-19 19:54:36,2026-03-19 19:55:42,OK,NO
1290,11,2026-03-19 19:55:20,2026-03-19 19:56:22,OK,NO
1291,9,2026-03-19 19:55:42,2026-03-19 19:56:45,OK,NO
1292,7,2026-03-19 19:54:36,2026-03-19 19:56:54,OK,NO
1290,12,2026-03-19 19:56:22,2026-03-19 19:57:23,OK,NO
1291,10,2026-03-19 19:56:45,2026-03-19 19:57:46,OK,NO
1292,8,2026-03-19 19:56:54,2026-03-19 19:57:47,OK,NO
1414,6,2026-03-19 19:56:54,2026-03-19 19:57:48,OK,NO
1435,3,2026-03-19 19:56:54,2026-03-19 19:57:51,OK,NO
1433,4,2026-03-19 19:56:54,2026-03-19 19:57:51,OK,NO
1420,5,2026-03-19 19:56:54,2026-03-19 19:57:54,OK,NO
1438,2,2026-03-19 19:56:54,2026-03-19 19:58:00,OK,NO
1450,1,2026-03-19 19:56:54,2026-03-19 19:58:06,OK,NO
1291,11,2026-03-19 19:57:46,2026-03-19 19:58:44,OK,NO
1292,9,2026-03-19 19:57:47,2026-03-19 19:58:50,OK,NO
1293,7,2026-03-19 19:56:54,2026-03-19 19:59:06,OK,NO
1291,12,2026-03-19 19:58:44,2026-03-19 19:59:37,OK,NO
1292,10,2026-03-19 19:58:50,2026-03-19 19:59:48,OK,NO
1439,2,2026-03-19 19:59:06,2026-03-19 20:00:05,OK,NO
1434,4,2026-03-19 19:59:06,2026-03-19 20:00:05,OK,NO
1415,6,2026-03-19 19:59:06,2026-03-19 20:00:06,OK,NO
1436,3,2026-03-19 19:59:06,2026-03-19 20:00:08,OK,NO
1293,8,2026-03-19 19:59:06,2026-03-19 20:00:08,OK,NO
1451,1,2026-03-19 19:59:06,2026-03-19 20:00:10,OK,NO
1421,5,2026-03-19 19:59:06,2026-03-19 20:00:11,OK,NO
1292,11,2026-03-19 19:59:48,2026-03-19 20:00:42,OK,NO
1293,9,2026-03-19 20:00:08,2026-03-19 20:01:01,OK,NO
1292,12,2026-03-19 20:00:42,2026-03-19 20:01:40,OK,NO
1294,7,2026-03-19 19:59:06,2026-03-19 20:01:45,OK,NO
1293,10,2026-03-19 20:01:01,2026-03-19 20:01:51,OK,NO
1452,1,2026-03-19 20:01:45,2026-03-19 20:02:35,OK,NO
1294,8,2026-03-19 20:01:45,2026-03-19 20:02:42,OK,NO
1440,2,2026-03-19 20:01:45,2026-03-19 20:02:44,OK,NO
1422,5,2026-03-19 20:01:45,2026-03-19 20:02:45,OK,NO
1416,6,2026-03-19 20:01:45,2026-03-19 20:02:45,OK,NO
1435,4,2026-03-19 20:01:45,2026-03-19 20:02:49,OK,NO
1437,3,2026-03-19 20:01:45,2026-03-19 20:02:50,OK,NO
1293,11,2026-03-19 20:01:51,2026-03-19 20:02:59,OK,NO
1294,9,2026-03-19 20:02:42,2026-03-19 20:03:44,OK,NO
1293,12,2026-03-19 20:02:59,2026-03-19 20:03:59,OK,NO
1295,7,2026-03-19 20:01:45,2026-03-19 20:04:13,OK,NO
1294,10,2026-03-19 20:03:44,2026-03-19 20:04:45,OK,NO
1417,6,2026-03-19 20:04:13,2026-03-19 20:05:01,OK,NO
1295,8,2026-03-19 20:04:13,2026-03-19 20:05:06,OK,NO
1438,3,2026-03-19 20:04:13,2026-03-19 20:05:11,OK,NO
1436,4,2026-03-19 20:04:13,2026-03-19 20:05:20,OK,NO
1423,5,2026-03-19 20:04:13,2026-03-19 20:05:21,OK,NO
1294,11,2026-03-19 20:04:45,2026-03-19 20:05:43,OK,NO
1295,9,2026-03-19 20:05:06,2026-03-19 20:06:01,OK,NO
1294,12,2026-03-19 20:05:43,2026-03-19 20:06:47,OK,NO
1296,7,2026-03-19 20:04:13,2026-03-19 20:07:02,OK,NO
1295,10,2026-03-19 20:06:01,2026-03-19 20:07:03,OK,NO
1439,3,2026-03-19 20:07:02,2026-03-19 20:07:59,OK,NO
1424,5,2026-03-19 20:07:02,2026-03-19 20:07:59,OK,NO
1418,6,2026-03-19 20:07:02,2026-03-19 20:08:00,OK,NO
1296,8,2026-03-19 20:07:02,2026-03-19 20:08:00,OK,NO
1295,11,2026-03-19 20:07:03,2026-03-19 20:08:08,OK,NO
1437,4,2026-03-19 20:07:02,2026-03-19 20:08:24,OK,NO
1453,1,2026-03-19 20:07:33,2026-03-19 20:08:25,OK,NO
1441,2,2026-03-19 20:07:33,2026-03-19 20:08:47,OK,NO
1297,7,2026-03-19 20:07:02,2026-03-19 20:08:58,OK,NO
1295,12,2026-03-19 20:08:08,2026-03-19 20:09:09,OK,NO
1296,9,2026-03-19 20:08:00,2026-03-19 20:09:20,OK,NO
1454,1,2026-03-19 20:08:47,2026-03-19 20:09:42,OK,NO
1442,2,2026-03-19 20:08:47,2026-03-19 20:09:47,OK,NO
1297,8,2026-03-19 20:08:58,2026-03-19 20:09:47,OK,NO
1440,3,2026-03-19 20:08:58,2026-03-19 20:09:51,OK,NO
1438,4,2026-03-19 20:08:58,2026-03-19 20:09:55,OK,NO
1419,6,2026-03-19 20:08:58,2026-03-19 20:10:00,OK,NO
1425,5,2026-03-19 20:08:58,2026-03-19 20:10:06,OK,NO
1296,10,2026-03-19 20:09:20,2026-03-19 20:10:12,OK,NO
1443,2,2026-03-19 20:09:47,2026-03-19 20:10:49,OK,NO
1455,1,2026-03-19 20:09:47,2026-03-19 20:10:50,OK,NO
1297,9,2026-03-19 20:09:47,2026-03-19 20:10:55,OK,NO
1296,11,2026-03-19 20:10:12,2026-03-19 20:11:14,OK,NO
1298,7,2026-03-19 20:08:58,2026-03-19 20:11:33,OK,NO
1297,10,2026-03-19 20:10:55,2026-03-19 20:12:03,OK,NO
1296,12,2026-03-19 20:11:14,2026-03-19 20:12:23,OK,NO
1426,5,2026-03-19 20:11:33,2026-03-19 20:12:29,OK,NO
1456,1,2026-03-19 20:11:33,2026-03-19 20:12:35,OK,NO
1441,3,2026-03-19 20:11:33,2026-03-19 20:12:36,OK,NO
1444,2,2026-03-19 20:11:33,2026-03-19 20:12:38,OK,NO
1420,6,2026-03-19 20:11:33,2026-03-19 20:12:39,OK,NO
1298,8,2026-03-19 20:11:33,2026-03-19 20:12:39,OK,NO
1297,11,2026-03-19 20:12:03,2026-03-19 20:13:05,OK,NO
1439,4,2026-03-19 20:11:33,2026-03-19 20:13:08,OK,NO
1298,9,2026-03-19 20:12:39,2026-03-19 20:13:30,OK,NO
1299,7,2026-03-19 20:11:33,2026-03-19 20:13:51,OK,NO
1297,12,2026-03-19 20:13:05,2026-03-19 20:14:06,OK,NO
1298,10,2026-03-19 20:13:30,2026-03-19 20:14:26,OK,NO
1427,5,2026-03-19 20:13:51,2026-03-19 20:14:43,OK,NO
1442,3,2026-03-19 20:13:51,2026-03-19 20:14:46,OK,NO
1457,1,2026-03-19 20:13:51,2026-03-19 20:14:46,OK,NO
1445,2,2026-03-19 20:13:51,2026-03-19 20:14:47,OK,NO
1299,8,2026-03-19 20:13:51,2026-03-19 20:14:49,OK,NO
1421,6,2026-03-19 20:13:51,2026-03-19 20:14:50,OK,NO
1440,4,2026-03-19 20:13:51,2026-03-19 20:15:03,OK,NO
1298,11,2026-03-19 20:14:26,2026-03-19 20:15:26,OK,NO
1299,9,2026-03-19 20:14:49,2026-03-19 20:15:43,OK,NO
1300,7,2026-03-19 20:13:51,2026-03-19 20:15:51,OK,NO
1298,12,2026-03-19 20:15:26,2026-03-19 20:16:27,OK,NO
1299,10,2026-03-19 20:15:43,2026-03-19 20:16:37,OK,NO
1443,3,2026-03-19 20:15:51,2026-03-19 20:16:42,OK,NO
1422,6,2026-03-19 20:15:51,2026-03-19 20:16:47,OK,NO
1446,2,2026-03-19 20:15:51,2026-03-19 20:16:48,OK,NO
1428,5,2026-03-19 20:15:51,2026-03-19 20:16:50,OK,NO
1300,8,2026-03-19 20:15:51,2026-03-19 20:16:52,OK,NO
1458,1,2026-03-19 20:15:51,2026-03-19 20:16:52,OK,NO
1441,4,2026-03-19 20:15:51,2026-03-19 20:16:54,OK,NO
1299,11,2026-03-19 20:16:37,2026-03-19 20:17:35,OK,NO
1300,9,2026-03-19 20:16:52,2026-03-19 20:17:55,OK,NO
1299,12,2026-03-19 20:17:35,2026-03-19 20:18:44,OK,NO
1301,7,2026-03-19 20:15:51,2026-03-19 20:18:45,OK,NO
1300,10,2026-03-19 20:17:55,2026-03-19 20:18:53,OK,NO
1444,3,2026-03-19 20:18:45,2026-03-19 20:19:37,OK,NO
1429,5,2026-03-19 20:18:45,2026-03-19 20:19:43,OK,NO
1447,2,2026-03-19 20:18:45,2026-03-19 20:19:48,OK,NO
1459,1,2026-03-19 20:18:45,2026-03-19 20:19:50,OK,NO
1442,4,2026-03-19 20:18:45,2026-03-19 20:19:50,OK,NO
1423,6,2026-03-19 20:18:45,2026-03-19 20:19:51,OK,NO
1301,8,2026-03-19 20:18:45,2026-03-19 20:19:51,OK,NO
1300,11,2026-03-19 20:18:53,2026-03-19 20:19:55,OK,NO
1300,12,2026-03-19 20:19:55,2026-03-19 20:20:55,OK,NO
1301,9,2026-03-19 20:19:51,2026-03-19 20:21:09,OK,NO
1302,7,2026-03-19 20:18:45,2026-03-19 20:21:20,OK,NO
1301,10,2026-03-19 20:21:09,2026-03-19 20:22:06,OK,NO
1424,6,2026-03-19 20:21:20,2026-03-19 20:22:13,OK,NO
1302,8,2026-03-19 20:21:20,2026-03-19 20:22:14,OK,NO
1443,4,2026-03-19 20:21:20,2026-03-19 20:22:14,OK,NO
1448,2,2026-03-19 20:21:20,2026-03-19 20:22:15,OK,NO
1460,1,2026-03-19 20:21:20,2026-03-19 20:22:20,OK,NO
1445,3,2026-03-19 20:21:20,2026-03-19 20:22:23,OK,NO
1430,5,2026-03-19 20:21:20,2026-03-19 20:22:25,OK,NO
1301,11,2026-03-19 20:22:06,2026-03-19 20:22:59,OK,NO
1302,9,2026-03-19 20:22:14,2026-03-19 20:23:07,OK,NO
1303,7,2026-03-19 20:21:20,2026-03-19 20:23:45,OK,NO
1301,12,2026-03-19 20:22:59,2026-03-19 20:24:01,OK,NO
1302,10,2026-03-19 20:23:07,2026-03-19 20:24:05,OK,NO
1303,8,2026-03-19 20:23:45,2026-03-19 20:24:41,OK,NO
1461,1,2026-03-19 20:23:45,2026-03-19 20:24:41,OK,NO
1431,5,2026-03-19 20:23:45,2026-03-19 20:24:44,OK,NO
1446,3,2026-03-19 20:23:45,2026-03-19 20:24:48,OK,NO
1425,6,2026-03-19 20:23:45,2026-03-19 20:24:49,OK,NO
1449,2,2026-03-19 20:23:45,2026-03-19 20:24:50,OK,NO
1444,4,2026-03-19 20:23:45,2026-03-19 20:24:58,OK,NO
1302,11,2026-03-19 20:24:05,2026-03-19 20:25:01,OK,NO
1303,9,2026-03-19 20:24:41,2026-03-19 20:25:51,OK,NO
1302,12,2026-03-19 20:25:01,2026-03-19 20:25:59,OK,NO
1304,7,2026-03-19 20:23:45,2026-03-19 20:26:37,OK,NO
1303,10,2026-03-19 20:25:51,2026-03-19 20:26:41,OK,NO
1450,2,2026-03-19 20:26:37,2026-03-19 20:27:32,OK,NO
1426,6,2026-03-19 20:26:37,2026-03-19 20:27:33,OK,NO
1432,5,2026-03-19 20:26:37,2026-03-19 20:27:39,OK,NO
1304,8,2026-03-19 20:26:37,2026-03-19 20:27:39,OK,NO
1462,1,2026-03-19 20:26:37,2026-03-19 20:27:45,OK,NO
1447,3,2026-03-19 20:26:37,2026-03-19 20:27:46,OK,NO
1445,4,2026-03-19 20:26:37,2026-03-19 20:27:46,OK,NO
1303,11,2026-03-19 20:26:41,2026-03-19 20:27:53,OK,NO
1304,9,2026-03-19 20:27:39,2026-03-19 20:28:58,OK,NO
1303,12,2026-03-19 20:27:53,2026-03-19 20:29:01,OK,NO
1305,7,2026-03-19 20:26:37,2026-03-19 20:29:20,OK,NO
1304,10,2026-03-19 20:28:58,2026-03-19 20:30:01,OK,NO
1451,2,2026-03-19 20:29:20,2026-03-19 20:30:17,OK,NO
1427,6,2026-03-19 20:29:20,2026-03-19 20:30:20,OK,NO
1433,5,2026-03-19 20:29:20,2026-03-19 20:30:20,OK,NO
1305,8,2026-03-19 20:29:20,2026-03-19 20:30:22,OK,NO
1448,3,2026-03-19 20:29:20,2026-03-19 20:30:23,OK,NO
1463,1,2026-03-19 20:29:20,2026-03-19 20:30:26,OK,NO
1446,4,2026-03-19 20:29:20,2026-03-19 20:30:40,OK,NO
1304,11,2026-03-19 20:30:01,2026-03-19 20:31:04,OK,NO
1306,7,2026-03-19 20:29:20,2026-03-19 20:31:22,OK,NO
1305,9,2026-03-19 20:30:22,2026-03-19 20:31:27,OK,NO
1304,12,2026-03-19 20:31:04,2026-03-19 20:32:04,OK,NO
1434,5,2026-03-19 20:31:22,2026-03-19 20:32:14,OK,NO
1428,6,2026-03-19 20:31:22,2026-03-19 20:32:18,OK,NO
1449,3,2026-03-19 20:31:22,2026-03-19 20:32:19,OK,NO
1464,1,2026-03-19 20:31:22,2026-03-19 20:32:21,OK,NO
1447,4,2026-03-19 20:31:22,2026-03-19 20:32:23,OK,NO
1452,2,2026-03-19 20:31:22,2026-03-19 20:32:26,OK,NO
1306,8,2026-03-19 20:31:22,2026-03-19 20:32:27,OK,NO
1305,10,2026-03-19 20:31:27,2026-03-19 20:32:28,OK,NO
1307,7,2026-03-19 20:31:22,2026-03-19 20:33:17,OK,NO
1305,11,2026-03-19 20:32:28,2026-03-19 20:33:22,OK,NO
1306,9,2026-03-19 20:32:27,2026-03-19 20:33:28,OK,NO
1448,4,2026-03-19 20:33:17,2026-03-19 20:34:11,OK,NO
1450,3,2026-03-19 20:33:17,2026-03-19 20:34:14,OK,NO
1307,8,2026-03-19 20:33:17,2026-03-19 20:34:14,OK,NO
1305,12,2026-03-19 20:33:22,2026-03-19 20:34:16,OK,NO
1453,2,2026-03-19 20:33:17,2026-03-19 20:34:16,OK,NO
1435,5,2026-03-19 20:33:17,2026-03-19 20:34:17,OK,NO
1429,6,2026-03-19 20:33:17,2026-03-19 20:34:17,OK,NO
1465,1,2026-03-19 20:33:17,2026-03-19 20:34:19,OK,NO
1306,10,2026-03-19 20:33:28,2026-03-19 20:34:28,OK,NO
1307,9,2026-03-19 20:34:14,2026-03-19 20:35:18,OK,NO
1306,11,2026-03-19 20:34:28,2026-03-19 20:35:26,OK,NO
1308,7,2026-03-19 20:33:17,2026-03-19 20:35:37,OK,NO
1307,10,2026-03-19 20:35:18,2026-03-19 20:36:10,OK,NO
1436,5,2026-03-19 20:35:37,2026-03-19 20:36:28,OK,NO
1308,8,2026-03-19 20:35:37,2026-03-19 20:36:31,OK,NO
1306,12,2026-03-19 20:35:26,2026-03-19 20:36:34,OK,NO
1466,1,2026-03-19 20:35:37,2026-03-19 20:36:36,OK,NO
1451,3,2026-03-19 20:35:37,2026-03-19 20:36:40,OK,NO
1454,2,2026-03-19 20:35:37,2026-03-19 20:36:40,OK,NO
1430,6,2026-03-19 20:35:37,2026-03-19 20:36:42,OK,NO
1449,4,2026-03-19 20:35:37,2026-03-19 20:36:45,OK,NO
1307,11,2026-03-19 20:36:10,2026-03-19 20:37:07,OK,NO
1308,9,2026-03-19 20:36:31,2026-03-19 20:37:35,OK,NO
1309,7,2026-03-19 20:35:37,2026-03-19 20:38:05,OK,NO
1307,12,2026-03-19 20:37:07,2026-03-19 20:38:07,OK,NO
1308,10,2026-03-19 20:37:35,2026-03-19 20:38:45,OK,NO
1455,2,2026-03-19 20:38:05,2026-03-19 20:39:04,OK,NO
1309,8,2026-03-19 20:38:05,2026-03-19 20:39:04,OK,NO
1437,5,2026-03-19 20:38:05,2026-03-19 20:39:05,OK,NO
1467,1,2026-03-19 20:38:05,2026-03-19 20:39:05,OK,NO
1452,3,2026-03-19 20:38:05,2026-03-19 20:39:06,OK,NO
1431,6,2026-03-19 20:38:05,2026-03-19 20:39:09,OK,NO
1450,4,2026-03-19 20:38:05,2026-03-19 20:39:29,OK,NO
1308,11,2026-03-19 20:38:45,2026-03-19 20:39:45,OK,NO
1309,9,2026-03-19 20:39:04,2026-03-19 20:40:07,OK,NO
1310,7,2026-03-19 20:38:05,2026-03-19 20:40:13,OK,NO
1308,12,2026-03-19 20:39:45,2026-03-19 20:40:48,OK,NO
1468,1,2026-03-19 20:40:13,2026-03-19 20:41:09,OK,NO
1438,5,2026-03-19 20:40:13,2026-03-19 20:41:13,OK,NO
1310,8,2026-03-19 20:40:13,2026-03-19 20:41:13,OK,NO
1456,2,2026-03-19 20:40:13,2026-03-19 20:41:14,OK,NO
1309,10,2026-03-19 20:40:07,2026-03-19 20:41:15,OK,NO
1451,4,2026-03-19 20:40:13,2026-03-19 20:41:17,OK,NO
1432,6,2026-03-19 20:40:13,2026-03-19 20:41:21,OK,NO
1453,3,2026-03-19 20:40:13,2026-03-19 20:41:23,OK,NO
1309,11,2026-03-19 20:41:15,2026-03-19 20:42:17,OK,NO
1310,9,2026-03-19 20:41:13,2026-03-19 20:42:18,OK,NO
1311,7,2026-03-19 20:40:13,2026-03-19 20:42:48,OK,NO
1310,10,2026-03-19 20:42:18,2026-03-19 20:43:16,OK,NO
1309,12,2026-03-19 20:42:17,2026-03-19 20:43:18,OK,NO
1454,3,2026-03-19 20:42:48,2026-03-19 20:43:44,OK,NO
1469,1,2026-03-19 20:42:48,2026-03-19 20:43:48,OK,NO
1439,5,2026-03-19 20:42:48,2026-03-19 20:43:49,OK,NO
1433,6,2026-03-19 20:42:48,2026-03-19 20:43:50,OK,NO
1311,8,2026-03-19 20:42:48,2026-03-19 20:43:50,OK,NO
1457,2,2026-03-19 20:42:48,2026-03-19 20:43:57,OK,NO
1452,4,2026-03-19 20:42:48,2026-03-19 20:44:16,OK,NO
1310,11,2026-03-19 20:43:16,2026-03-19 20:44:18,OK,NO
1311,9,2026-03-19 20:43:50,2026-03-19 20:44:53,OK,NO
1310,12,2026-03-19 20:44:18,2026-03-19 20:45:19,OK,NO
1312,7,2026-03-19 20:42:48,2026-03-19 20:45:28,OK,NO
1311,10,2026-03-19 20:44:53,2026-03-19 20:45:54,OK,NO
1434,6,2026-03-19 20:45:28,2026-03-19 20:46:23,OK,NO
1455,3,2026-03-19 20:45:28,2026-03-19 20:46:23,OK,NO
1312,8,2026-03-19 20:45:28,2026-03-19 20:46:24,OK,NO
1453,4,2026-03-19 20:45:28,2026-03-19 20:46:28,OK,NO
1440,5,2026-03-19 20:45:28,2026-03-19 20:46:29,OK,NO
1458,2,2026-03-19 20:45:28,2026-03-19 20:46:30,OK,NO
1470,1,2026-03-19 20:45:28,2026-03-19 20:46:33,OK,NO
1311,11,2026-03-19 20:45:54,2026-03-19 20:47:02,OK,NO
1312,9,2026-03-19 20:46:24,2026-03-19 20:47:45,OK,NO
1311,12,2026-03-19 20:47:02,2026-03-19 20:47:53,OK,NO
1313,7,2026-03-19 20:45:28,2026-03-19 20:47:54,OK,NO
1312,10,2026-03-19 20:47:45,2026-03-19 20:48:50,OK,NO
1435,6,2026-03-19 20:47:54,2026-03-19 20:48:52,OK,NO
1313,8,2026-03-19 20:47:54,2026-03-19 20:48:52,OK,NO
1456,3,2026-03-19 20:47:54,2026-03-19 20:48:52,OK,NO
1441,5,2026-03-19 20:47:54,2026-03-19 20:48:52,OK,NO
1471,1,2026-03-19 20:47:54,2026-03-19 20:48:59,OK,NO
1454,4,2026-03-19 20:47:54,2026-03-19 20:49:02,OK,NO
1459,2,2026-03-19 20:47:54,2026-03-19 20:49:04,OK,NO
1313,9,2026-03-19 20:48:52,2026-03-19 20:49:51,OK,NO
1312,11,2026-03-19 20:48:50,2026-03-19 20:49:57,OK,NO
1313,10,2026-03-19 20:49:51,2026-03-19 20:50:49,OK,NO
1312,12,2026-03-19 20:49:57,2026-03-19 20:50:55,OK,NO
1314,7,2026-03-19 20:47:54,2026-03-19 20:51:22,OK,NO
1313,11,2026-03-19 20:50:49,2026-03-19 20:51:50,OK,NO
1436,6,2026-03-19 20:51:22,2026-03-19 20:52:19,OK,NO
1460,2,2026-03-19 20:51:22,2026-03-19 20:52:20,OK,NO
1455,4,2026-03-19 20:51:22,2026-03-19 20:52:23,OK,NO
1457,3,2026-03-19 20:51:22,2026-03-19 20:52:23,OK,NO
1472,1,2026-03-19 20:51:22,2026-03-19 20:52:26,OK,NO
1314,8,2026-03-19 20:51:22,2026-03-19 20:52:27,OK,NO
1442,5,2026-03-19 20:51:22,2026-03-19 20:52:29,OK,NO
1313,12,2026-03-19 20:51:50,2026-03-19 20:52:48,OK,NO
1315,7,2026-03-19 20:51:22,2026-03-19 20:53:27,OK,NO
1314,9,2026-03-19 20:52:27,2026-03-19 20:53:43,OK,NO
1443,5,2026-03-19 20:53:27,2026-03-19 20:54:17,OK,NO
1473,1,2026-03-19 20:53:27,2026-03-19 20:54:23,OK,NO
1461,2,2026-03-19 20:53:27,2026-03-19 20:54:24,OK,NO
1437,6,2026-03-19 20:53:27,2026-03-19 20:54:28,OK,NO
1458,3,2026-03-19 20:53:27,2026-03-19 20:54:30,OK,NO
1456,4,2026-03-19 20:53:27,2026-03-19 20:54:38,OK,NO
1314,10,2026-03-19 20:53:43,2026-03-19 20:54:42,OK,NO
1314,11,2026-03-19 20:54:42,2026-03-19 20:55:42,OK,NO
1316,7,2026-03-19 20:53:27,2026-03-19 20:55:54,OK,NO
1474,1,2026-03-19 20:55:54,2026-03-19 20:56:45,OK,NO
1314,12,2026-03-19 20:55:42,2026-03-19 20:56:46,OK,NO
1438,6,2026-03-19 20:55:54,2026-03-19 20:56:47,OK,NO
1462,2,2026-03-19 20:55:54,2026-03-19 20:56:54,OK,NO
1444,5,2026-03-19 20:55:54,2026-03-19 20:56:58,OK,NO
1459,3,2026-03-19 20:55:54,2026-03-19 20:56:59,OK,NO
1457,4,2026-03-19 20:55:54,2026-03-19 20:57:09,OK,NO
1315,8,2026-03-19 20:57:12,2026-03-19 20:58:05,OK,NO
1317,7,2026-03-19 20:55:54,2026-03-19 20:58:09,OK,NO
1475,1,2026-03-19 20:58:09,2026-03-19 20:59:02,OK,NO
1316,8,2026-03-19 20:58:05,2026-03-19 20:59:02,OK,NO
1439,6,2026-03-19 20:58:09,2026-03-19 20:59:04,OK,NO
1460,3,2026-03-19 20:58:09,2026-03-19 20:59:05,OK,NO
1463,2,2026-03-19 20:58:09,2026-03-19 20:59:06,OK,NO
1315,9,2026-03-19 20:58:05,2026-03-19 20:59:12,OK,NO
1445,5,2026-03-19 20:58:09,2026-03-19 20:59:14,OK,NO
1458,4,2026-03-19 20:58:09,2026-03-19 20:59:32,OK,NO
1316,9,2026-03-19 20:59:12,2026-03-19 21:00:08,OK,NO
1317,8,2026-03-19 20:59:02,2026-03-19 21:00:08,OK,NO
1318,7,2026-03-19 20:58:09,2026-03-19 21:00:15,OK,NO
1315,10,2026-03-19 20:59:12,2026-03-19 21:00:17,OK,NO
1317,9,2026-03-19 21:00:08,2026-03-19 21:01:08,OK,NO
1440,6,2026-03-19 21:00:15,2026-03-19 21:01:12,OK,NO
1461,3,2026-03-19 21:00:15,2026-03-19 21:01:14,OK,NO
1464,2,2026-03-19 21:00:15,2026-03-19 21:01:16,OK,NO
1318,8,2026-03-19 21:00:15,2026-03-19 21:01:18,OK,NO
1316,10,2026-03-19 21:00:17,2026-03-19 21:01:18,OK,NO
1446,5,2026-03-19 21:00:15,2026-03-19 21:01:20,OK,NO
1476,1,2026-03-19 21:00:15,2026-03-19 21:01:21,OK,NO
1315,11,2026-03-19 21:00:17,2026-03-19 21:01:23,OK,NO
1459,4,2026-03-19 21:00:15,2026-03-19 21:01:38,OK,NO
1315,12,2026-03-19 21:01:23,2026-03-19 21:02:15,OK,NO
1316,11,2026-03-19 21:01:23,2026-03-19 21:02:18,OK,NO
1318,9,2026-03-19 21:01:18,2026-03-19 21:02:19,OK,NO
1317,10,2026-03-19 21:01:18,2026-03-19 21:02:24,OK,NO
1319,7,2026-03-19 21:00:15,2026-03-19 21:02:39,OK,NO
1318,10,2026-03-19 21:02:24,2026-03-19 21:03:11,OK,NO
1316,12,2026-03-19 21:02:18,2026-03-19 21:03:14,OK,NO
1317,11,2026-03-19 21:02:24,2026-03-19 21:03:23,OK,NO
1465,2,2026-03-19 21:02:39,2026-03-19 21:03:37,OK,NO
1447,5,2026-03-19 21:02:39,2026-03-19 21:03:38,OK,NO
1462,3,2026-03-19 21:02:39,2026-03-19 21:03:40,OK,NO
1319,8,2026-03-19 21:02:39,2026-03-19 21:03:40,OK,NO
1477,1,2026-03-19 21:02:39,2026-03-19 21:03:41,OK,NO
1441,6,2026-03-19 21:02:39,2026-03-19 21:03:48,OK,NO
1460,4,2026-03-19 21:02:39,2026-03-19 21:03:52,OK,NO
1317,12,2026-03-19 21:03:23,2026-03-19 21:04:16,OK,NO
1318,11,2026-03-19 21:03:23,2026-03-19 21:04:17,OK,NO
1319,9,2026-03-19 21:03:40,2026-03-19 21:04:43,OK,NO
1320,7,2026-03-19 21:02:39,2026-03-19 21:04:44,OK,NO
1318,12,2026-03-19 21:04:17,2026-03-19 21:05:18,OK,NO
1320,8,2026-03-19 21:04:44,2026-03-19 21:05:35,OK,NO
1478,1,2026-03-19 21:04:44,2026-03-19 21:05:41,OK,NO
1463,3,2026-03-19 21:04:44,2026-03-19 21:05:42,OK,NO
1319,10,2026-03-19 21:04:43,2026-03-19 21:05:42,OK,NO
1466,2,2026-03-19 21:04:44,2026-03-19 21:05:43,OK,NO
1461,4,2026-03-19 21:04:44,2026-03-19 21:05:50,OK,NO
1442,6,2026-03-19 21:04:44,2026-03-19 21:05:51,OK,NO
1448,5,2026-03-19 21:04:44,2026-03-19 21:05:55,OK,NO
1320,9,2026-03-19 21:05:35,2026-03-19 21:06:33,OK,NO
1319,11,2026-03-19 21:05:42,2026-03-19 21:06:52,OK,NO
1321,7,2026-03-19 21:04:44,2026-03-19 21:07:00,OK,NO
1320,10,2026-03-19 21:06:33,2026-03-19 21:07:38,OK,NO
1321,8,2026-03-19 21:07:00,2026-03-19 21:07:49,OK,NO
1464,3,2026-03-19 21:07:00,2026-03-19 21:07:59,OK,NO
1479,1,2026-03-19 21:07:00,2026-03-19 21:08:00,OK,NO
1462,4,2026-03-19 21:07:00,2026-03-19 21:08:01,OK,NO
1319,12,2026-03-19 21:06:52,2026-03-19 21:08:02,OK,NO
1443,6,2026-03-19 21:07:00,2026-03-19 21:08:03,OK,NO
1449,5,2026-03-19 21:07:00,2026-03-19 21:08:06,OK,NO
1467,2,2026-03-19 21:07:00,2026-03-19 21:08:07,OK,NO
1321,9,2026-03-19 21:07:49,2026-03-19 21:08:45,OK,NO
1320,11,2026-03-19 21:07:38,2026-03-19 21:08:50,OK,NO
1322,7,2026-03-19 21:07:00,2026-03-19 21:09:08,OK,NO
1321,10,2026-03-19 21:08:45,2026-03-19 21:09:47,OK,NO
1320,12,2026-03-19 21:08:50,2026-03-19 21:09:52,OK,NO
1468,2,2026-03-19 21:09:08,2026-03-19 21:10:09,OK,NO
1444,6,2026-03-19 21:09:08,2026-03-19 21:10:09,OK,NO
1465,3,2026-03-19 21:09:08,2026-03-19 21:10:09,OK,NO
1450,5,2026-03-19 21:09:08,2026-03-19 21:10:12,OK,NO
1480,1,2026-03-19 21:09:08,2026-03-19 21:10:13,OK,NO
1322,8,2026-03-19 21:09:08,2026-03-19 21:10:14,OK,NO
1463,4,2026-03-19 21:09:08,2026-03-19 21:10:33,OK,NO
1321,11,2026-03-19 21:09:47,2026-03-19 21:10:56,OK,NO
1322,9,2026-03-19 21:10:14,2026-03-19 21:11:12,OK,NO
1323,7,2026-03-19 21:09:08,2026-03-19 21:11:38,OK,NO
1321,12,2026-03-19 21:10:56,2026-03-19 21:11:53,OK,NO
1322,10,2026-03-19 21:11:12,2026-03-19 21:12:17,OK,NO
1445,6,2026-03-19 21:11:38,2026-03-19 21:12:29,OK,NO
1451,5,2026-03-19 21:11:38,2026-03-19 21:12:33,OK,NO
1464,4,2026-03-19 21:11:38,2026-03-19 21:12:34,OK,NO
1481,1,2026-03-19 21:11:38,2026-03-19 21:12:35,OK,NO
1469,2,2026-03-19 21:11:38,2026-03-19 21:12:39,OK,NO
1323,8,2026-03-19 21:11:38,2026-03-19 21:12:40,OK,NO
1466,3,2026-03-19 21:11:38,2026-03-19 21:12:43,OK,NO
1322,11,2026-03-19 21:12:17,2026-03-19 21:13:21,OK,NO
1323,9,2026-03-19 21:12:40,2026-03-19 21:13:38,OK,NO
1324,7,2026-03-19 21:11:38,2026-03-19 21:13:52,OK,NO
1322,12,2026-03-19 21:13:21,2026-03-19 21:14:24,OK,NO
1323,10,2026-03-19 21:13:38,2026-03-19 21:14:39,OK,NO
1467,3,2026-03-19 21:13:52,2026-03-19 21:14:48,OK,NO
1452,5,2026-03-19 21:13:52,2026-03-19 21:14:51,OK,NO
1482,1,2026-03-19 21:13:52,2026-03-19 21:14:51,OK,NO
1470,2,2026-03-19 21:13:52,2026-03-19 21:14:53,OK,NO
1446,6,2026-03-19 21:13:52,2026-03-19 21:14:54,OK,NO
1465,4,2026-03-19 21:13:52,2026-03-19 21:15:01,OK,NO
1324,8,2026-03-19 21:13:52,2026-03-19 21:15:02,OK,NO
1323,11,2026-03-19 21:14:39,2026-03-19 21:15:45,OK,NO
1324,9,2026-03-19 21:15:02,2026-03-19 21:16:02,OK,NO
1325,7,2026-03-19 21:13:52,2026-03-19 21:16:17,OK,NO
1323,12,2026-03-19 21:15:45,2026-03-19 21:16:42,OK,NO
1324,10,2026-03-19 21:16:02,2026-03-19 21:17:07,OK,NO
1468,3,2026-03-19 21:16:17,2026-03-19 21:17:14,OK,NO
1325,8,2026-03-19 21:16:17,2026-03-19 21:17:15,OK,NO
1471,2,2026-03-19 21:16:17,2026-03-19 21:17:17,OK,NO
1453,5,2026-03-19 21:16:17,2026-03-19 21:17:23,OK,NO
1483,1,2026-03-19 21:16:17,2026-03-19 21:17:26,OK,NO
1466,4,2026-03-19 21:16:17,2026-03-19 21:17:27,OK,NO
1447,6,2026-03-19 21:16:17,2026-03-19 21:17:30,OK,NO
1325,9,2026-03-19 21:17:15,2026-03-19 21:18:07,OK,NO
1324,11,2026-03-19 21:17:07,2026-03-19 21:18:14,OK,NO
1326,7,2026-03-19 21:16:17,2026-03-19 21:18:58,OK,NO
1325,10,2026-03-19 21:18:07,2026-03-19 21:19:09,OK,NO
1324,12,2026-03-19 21:18:14,2026-03-19 21:19:15,OK,NO
1326,8,2026-03-19 21:18:58,2026-03-19 21:19:54,OK,NO
1454,5,2026-03-19 21:18:58,2026-03-19 21:19:57,OK,NO
1484,1,2026-03-19 21:18:58,2026-03-19 21:20:00,OK,NO
1472,2,2026-03-19 21:18:58,2026-03-19 21:20:02,OK,NO
1448,6,2026-03-19 21:18:58,2026-03-19 21:20:02,OK,NO
1469,3,2026-03-19 21:18:58,2026-03-19 21:20:06,OK,NO
1325,11,2026-03-19 21:19:09,2026-03-19 21:20:06,OK,NO
1467,4,2026-03-19 21:18:58,2026-03-19 21:20:13,OK,NO
1326,9,2026-03-19 21:19:54,2026-03-19 21:21:10,OK,NO
1327,7,2026-03-19 21:18:58,2026-03-19 21:21:13,OK,NO
1325,12,2026-03-19 21:20:06,2026-03-19 21:21:13,OK,NO
1468,4,2026-03-19 21:21:13,2026-03-19 21:22:08,OK,NO
1473,2,2026-03-19 21:21:13,2026-03-19 21:22:11,OK,NO
1449,6,2026-03-19 21:21:13,2026-03-19 21:22:12,OK,NO
1326,10,2026-03-19 21:21:10,2026-03-19 21:22:12,OK,NO
1470,3,2026-03-19 21:21:13,2026-03-19 21:22:13,OK,NO
1485,1,2026-03-19 21:21:13,2026-03-19 21:22:15,OK,NO
1455,5,2026-03-19 21:21:13,2026-03-19 21:22:15,OK,NO
1327,8,2026-03-19 21:21:13,2026-03-19 21:22:17,OK,NO
1326,11,2026-03-19 21:22:12,2026-03-19 21:23:12,OK,NO
1327,9,2026-03-19 21:22:17,2026-03-19 21:23:20,OK,NO
1326,12,2026-03-19 21:23:12,2026-03-19 21:24:15,OK,NO
1327,10,2026-03-19 21:23:20,2026-03-19 21:24:25,OK,NO
1328,7,2026-03-19 21:21:13,2026-03-19 21:24:47,OK,NO
1327,11,2026-03-19 21:24:25,2026-03-19 21:25:19,OK,NO
1328,8,2026-03-19 21:24:47,2026-03-19 21:25:39,OK,NO
1486,1,2026-03-19 21:24:47,2026-03-19 21:25:40,OK,NO
1471,3,2026-03-19 21:24:47,2026-03-19 21:25:42,OK,NO
1456,5,2026-03-19 21:24:47,2026-03-19 21:25:48,OK,NO
1469,4,2026-03-19 21:24:47,2026-03-19 21:25:48,OK,NO
1450,6,2026-03-19 21:24:47,2026-03-19 21:25:49,OK,NO
1474,2,2026-03-19 21:24:47,2026-03-19 21:25:49,OK,NO
1327,12,2026-03-19 21:25:19,2026-03-19 21:26:26,OK,NO
1329,7,2026-03-19 21:24:47,2026-03-19 21:26:50,OK,NO
1328,9,2026-03-19 21:25:39,2026-03-19 21:26:57,OK,NO
1457,5,2026-03-19 21:26:50,2026-03-19 21:27:45,OK,NO
1451,6,2026-03-19 21:26:50,2026-03-19 21:27:46,OK,NO
1470,4,2026-03-19 21:26:50,2026-03-19 21:27:46,OK,NO
1475,2,2026-03-19 21:26:50,2026-03-19 21:27:48,OK,NO
1487,1,2026-03-19 21:26:50,2026-03-19 21:27:50,OK,NO
1472,3,2026-03-19 21:26:50,2026-03-19 21:27:54,OK,NO
1328,10,2026-03-19 21:26:57,2026-03-19 21:27:56,OK,NO
1328,11,2026-03-19 21:27:56,2026-03-19 21:28:51,OK,NO
1328,12,2026-03-19 21:28:51,2026-03-19 21:29:46,OK,NO
1330,7,2026-03-19 21:26:50,2026-03-19 21:29:52,OK,NO
1488,1,2026-03-19 21:29:52,2026-03-19 21:30:47,OK,NO
1476,2,2026-03-19 21:29:52,2026-03-19 21:30:47,OK,NO
1458,5,2026-03-19 21:29:52,2026-03-19 21:30:50,OK,NO
1473,3,2026-03-19 21:29:52,2026-03-19 21:30:55,OK,NO
1452,6,2026-03-19 21:29:52,2026-03-19 21:30:58,OK,NO
1471,4,2026-03-19 21:29:52,2026-03-19 21:31:09,OK,NO
1329,8,2026-03-19 21:30:45,2026-03-19 21:31:39,OK,NO
1330,8,2026-03-19 21:31:39,2026-03-19 21:32:40,OK,NO
1329,9,2026-03-19 21:31:39,2026-03-19 21:32:41,OK,NO
1331,7,2026-03-19 21:29:52,2026-03-19 21:32:42,OK,NO
1489,1,2026-03-19 21:32:42,2026-03-19 21:33:38,OK,NO
1329,10,2026-03-19 21:32:41,2026-03-19 21:33:38,OK,NO
1453,6,2026-03-19 21:32:42,2026-03-19 21:33:41,OK,NO
1474,3,2026-03-19 21:32:42,2026-03-19 21:33:41,OK,NO
1477,2,2026-03-19 21:32:42,2026-03-19 21:33:44,OK,NO
1459,5,2026-03-19 21:32:42,2026-03-19 21:33:45,OK,NO
1472,4,2026-03-19 21:32:42,2026-03-19 21:33:46,OK,NO
1330,9,2026-03-19 21:32:41,2026-03-19 21:33:46,OK,NO
1331,8,2026-03-19 21:32:42,2026-03-19 21:33:49,OK,NO
1329,11,2026-03-19 21:33:38,2026-03-19 21:34:33,OK,NO
1330,10,2026-03-19 21:33:46,2026-03-19 21:34:52,OK,NO
1331,9,2026-03-19 21:33:49,2026-03-19 21:35:00,OK,NO
1332,7,2026-03-19 21:32:42,2026-03-19 21:35:05,OK,NO
1329,12,2026-03-19 21:34:33,2026-03-19 21:35:30,OK,NO
1330,11,2026-03-19 21:34:52,2026-03-19 21:35:51,OK,NO
1331,10,2026-03-19 21:35:00,2026-03-19 21:36:00,OK,NO
1473,4,2026-03-19 21:35:05,2026-03-19 21:36:01,OK,NO
1478,2,2026-03-19 21:35:05,2026-03-19 21:36:01,OK,NO
1454,6,2026-03-19 21:35:05,2026-03-19 21:36:05,OK,NO
1332,8,2026-03-19 21:35:05,2026-03-19 21:36:07,OK,NO
1490,1,2026-03-19 21:35:05,2026-03-19 21:36:09,OK,NO
1475,3,2026-03-19 21:35:05,2026-03-19 21:36:09,OK,NO
1460,5,2026-03-19 21:35:05,2026-03-19 21:36:10,OK,NO
1331,11,2026-03-19 21:36:00,2026-03-19 21:36:57,OK,NO
1330,12,2026-03-19 21:35:51,2026-03-19 21:37:02,OK,NO
1332,9,2026-03-19 21:36:07,2026-03-19 21:37:04,OK,NO
1333,7,2026-03-19 21:35:05,2026-03-19 21:37:32,OK,NO
1332,10,2026-03-19 21:37:04,2026-03-19 21:38:00,OK,NO
1331,12,2026-03-19 21:37:02,2026-03-19 21:38:07,OK,NO
1455,6,2026-03-19 21:37:32,2026-03-19 21:38:24,OK,NO
1491,1,2026-03-19 21:37:32,2026-03-19 21:38:31,OK,NO
1476,3,2026-03-19 21:37:32,2026-03-19 21:38:33,OK,NO
1479,2,2026-03-19 21:37:32,2026-03-19 21:38:34,OK,NO
1461,5,2026-03-19 21:37:32,2026-03-19 21:38:36,OK,NO
1333,8,2026-03-19 21:37:32,2026-03-19 21:38:36,OK,NO
1474,4,2026-03-19 21:37:32,2026-03-19 21:38:51,OK,NO
1332,11,2026-03-19 21:38:00,2026-03-19 21:39:03,OK,NO
1333,9,2026-03-19 21:38:36,2026-03-19 21:39:34,OK,NO
1332,12,2026-03-19 21:39:03,2026-03-19 21:40:02,OK,NO
1334,7,2026-03-19 21:37:32,2026-03-19 21:40:02,OK,NO
1333,10,2026-03-19 21:39:34,2026-03-19 21:40:39,OK,NO
1456,6,2026-03-19 21:40:02,2026-03-19 21:40:55,OK,NO
1480,2,2026-03-19 21:40:02,2026-03-19 21:40:59,OK,NO
1475,4,2026-03-19 21:40:02,2026-03-19 21:41:00,OK,NO
1334,8,2026-03-19 21:40:02,2026-03-19 21:41:02,OK,NO
1492,1,2026-03-19 21:40:02,2026-03-19 21:41:04,OK,NO
1462,5,2026-03-19 21:40:02,2026-03-19 21:41:04,OK,NO
1477,3,2026-03-19 21:40:02,2026-03-19 21:41:06,OK,NO
1333,11,2026-03-19 21:40:39,2026-03-19 21:41:35,OK,NO
1334,9,2026-03-19 21:41:02,2026-03-19 21:42:02,OK,NO
1333,12,2026-03-19 21:41:35,2026-03-19 21:42:29,OK,NO
1335,7,2026-03-19 21:40:02,2026-03-19 21:42:54,OK,NO
1334,10,2026-03-19 21:42:02,2026-03-19 21:43:04,OK,NO
1335,8,2026-03-19 21:42:54,2026-03-19 21:43:44,OK,NO
1463,5,2026-03-19 21:42:54,2026-03-19 21:43:51,OK,NO
1481,2,2026-03-19 21:42:54,2026-03-19 21:43:53,OK,NO
1457,6,2026-03-19 21:42:54,2026-03-19 21:43:54,OK,NO
1493,1,2026-03-19 21:42:54,2026-03-19 21:43:57,OK,NO
1478,3,2026-03-19 21:42:54,2026-03-19 21:43:57,OK,NO
1476,4,2026-03-19 21:42:54,2026-03-19 21:44:04,OK,NO
1334,11,2026-03-19 21:43:04,2026-03-19 21:44:09,OK,NO
1335,9,2026-03-19 21:43:44,2026-03-19 21:44:47,OK,NO
1334,12,2026-03-19 21:44:09,2026-03-19 21:45:09,OK,NO
1335,10,2026-03-19 21:44:47,2026-03-19 21:45:50,OK,NO
1336,7,2026-03-19 21:42:54,2026-03-19 21:45:57,OK,NO
1336,8,2026-03-19 21:45:57,2026-03-19 21:46:49,OK,NO
1335,11,2026-03-19 21:45:50,2026-03-19 21:46:54,OK,NO
1458,6,2026-03-19 21:45:57,2026-03-19 21:46:54,OK,NO
1494,1,2026-03-19 21:45:57,2026-03-19 21:46:55,OK,NO
1464,5,2026-03-19 21:45:57,2026-03-19 21:46:56,OK,NO
1479,3,2026-03-19 21:45:57,2026-03-19 21:47:00,OK,NO
1477,4,2026-03-19 21:45:57,2026-03-19 21:47:00,OK,NO
1482,2,2026-03-19 21:45:57,2026-03-19 21:47:02,OK,NO
1335,12,2026-03-19 21:46:54,2026-03-19 21:47:56,OK,NO
1337,7,2026-03-19 21:45:57,2026-03-19 21:49:29,OK,NO
1337,8,2026-03-19 21:49:29,2026-03-19 21:50:19,OK,NO
1459,6,2026-03-19 21:49:29,2026-03-19 21:50:28,OK,NO
1465,5,2026-03-19 21:49:29,2026-03-19 21:50:29,OK,NO
1480,3,2026-03-19 21:49:29,2026-03-19 21:50:31,OK,NO
1495,1,2026-03-19 21:49:29,2026-03-19 21:50:31,OK,NO
1483,2,2026-03-19 21:49:29,2026-03-19 21:50:38,OK,NO
1478,4,2026-03-19 21:49:29,2026-03-19 21:50:45,OK,NO
1338,7,2026-03-19 21:49:29,2026-03-19 21:52:22,OK,NO
1481,3,2026-03-19 21:52:22,2026-03-19 21:53:18,OK,NO
1484,2,2026-03-19 21:52:22,2026-03-19 21:53:19,OK,NO
1460,6,2026-03-19 21:52:22,2026-03-19 21:53:21,OK,NO
1338,8,2026-03-19 21:52:22,2026-03-19 21:53:22,OK,NO
1466,5,2026-03-19 21:52:22,2026-03-19 21:53:22,OK,NO
1496,1,2026-03-19 21:52:22,2026-03-19 21:53:23,OK,NO
1479,4,2026-03-19 21:52:22,2026-03-19 21:53:43,OK,NO
1339,7,2026-03-19 21:52:22,2026-03-19 21:54:40,OK,NO
1497,1,2026-03-19 21:54:40,2026-03-19 21:55:36,OK,NO
1467,5,2026-03-19 21:54:40,2026-03-19 21:55:36,OK,NO
1339,8,2026-03-19 21:54:40,2026-03-19 21:55:39,OK,NO
1461,6,2026-03-19 21:54:40,2026-03-19 21:55:39,OK,NO
1480,4,2026-03-19 21:54:40,2026-03-19 21:55:41,OK,NO
1485,2,2026-03-19 21:54:40,2026-03-19 21:55:41,OK,NO
1482,3,2026-03-19 21:54:40,2026-03-19 21:55:46,OK,NO
1336,9,2026-03-19 21:55:19,2026-03-19 21:56:29,OK,NO
1340,7,2026-03-19 21:54:40,2026-03-19 21:56:48,OK,NO
1336,10,2026-03-19 21:56:29,2026-03-19 21:57:32,OK,NO
1337,9,2026-03-19 21:56:29,2026-03-19 21:57:44,OK,NO
1340,8,2026-03-19 21:56:48,2026-03-19 21:57:44,OK,NO
1468,5,2026-03-19 21:56:48,2026-03-19 21:57:46,OK,NO
1486,2,2026-03-19 21:56:48,2026-03-19 21:57:49,OK,NO
1481,4,2026-03-19 21:56:48,2026-03-19 21:57:49,OK,NO
1498,1,2026-03-19 21:56:48,2026-03-19 21:57:53,OK,NO
1483,3,2026-03-19 21:56:48,2026-03-19 21:57:54,OK,NO
1462,6,2026-03-19 21:56:48,2026-03-19 21:58:02,OK,NO
1336,11,2026-03-19 21:57:32,2026-03-19 21:58:25,OK,NO
1337,10,2026-03-19 21:57:44,2026-03-19 21:58:45,OK,NO
1338,9,2026-03-19 21:57:44,2026-03-19 21:58:58,OK,NO
1341,7,2026-03-19 21:56:48,2026-03-19 21:59:18,OK,NO
1336,12,2026-03-19 21:58:25,2026-03-19 21:59:35,OK,NO
1337,11,2026-03-19 21:58:45,2026-03-19 21:59:45,OK,NO
1339,9,2026-03-19 21:58:58,2026-03-19 21:59:51,OK,NO
1338,10,2026-03-19 21:58:58,2026-03-19 21:59:57,OK,NO
1469,5,2026-03-19 21:59:18,2026-03-19 22:00:17,OK,NO
1341,8,2026-03-19 21:59:18,2026-03-19 22:00:20,OK,NO
1463,6,2026-03-19 21:59:18,2026-03-19 22:00:21,OK,NO
1337,12,2026-03-19 21:59:45,2026-03-19 22:00:47,OK,NO
1338,11,2026-03-19 21:59:57,2026-03-19 22:00:50,OK,NO
1340,9,2026-03-19 21:59:51,2026-03-19 22:00:54,OK,NO
1339,10,2026-03-19 21:59:57,2026-03-19 22:00:54,OK,NO
1484,3,2026-03-19 22:00:26,2026-03-19 22:01:15,OK,NO
1482,4,2026-03-19 22:00:26,2026-03-19 22:01:24,OK,NO
1487,2,2026-03-19 22:00:26,2026-03-19 22:01:33,OK,NO
1499,1,2026-03-19 22:00:26,2026-03-19 22:01:33,OK,NO
1340,10,2026-03-19 22:00:54,2026-03-19 22:01:50,OK,NO
1338,12,2026-03-19 22:00:50,2026-03-19 22:01:50,OK,NO
1341,9,2026-03-19 22:00:54,2026-03-19 22:01:53,OK,NO
1339,11,2026-03-19 22:00:54,2026-03-19 22:01:56,OK,NO
1342,7,2026-03-19 21:59:18,2026-03-19 22:02:11,OK,NO
1339,12,2026-03-19 22:01:56,2026-03-19 22:02:55,OK,NO
1341,10,2026-03-19 22:01:53,2026-03-19 22:02:58,OK,NO
1342,8,2026-03-19 22:02:11,2026-03-19 22:03:07,OK,NO
1488,2,2026-03-19 22:02:11,2026-03-19 22:03:12,OK,NO
1485,3,2026-03-19 22:02:11,2026-03-19 22:03:15,OK,NO
1470,5,2026-03-19 22:02:11,2026-03-19 22:03:16,OK,NO
1464,6,2026-03-19 22:02:11,2026-03-19 22:03:18,OK,NO
1500,1,2026-03-19 22:02:11,2026-03-19 22:03:19,OK,NO
1483,4,2026-03-19 22:02:11,2026-03-19 22:03:31,OK,NO
1342,9,2026-03-19 22:03:07,2026-03-19 22:04:20,OK,NO
1343,7,2026-03-19 22:02:11,2026-03-19 22:05:03,OK,NO
1342,10,2026-03-19 22:04:20,2026-03-19 22:05:17,OK,NO
1465,6,2026-03-19 22:05:03,2026-03-19 22:05:51,OK,NO
1486,3,2026-03-19 22:05:03,2026-03-19 22:05:59,OK,NO
1343,8,2026-03-19 22:05:03,2026-03-19 22:05:59,OK,NO
1501,1,2026-03-19 22:05:03,2026-03-19 22:06:03,OK,NO
1489,2,2026-03-19 22:05:03,2026-03-19 22:06:03,OK,NO
1484,4,2026-03-19 22:05:03,2026-03-19 22:06:05,OK,NO
1471,5,2026-03-19 22:05:03,2026-03-19 22:06:09,OK,NO
1343,9,2026-03-19 22:05:59,2026-03-19 22:07:03,OK,NO
1344,7,2026-03-19 22:05:03,2026-03-19 22:07:10,OK,NO
1343,10,2026-03-19 22:07:03,2026-03-19 22:07:56,OK,NO
1487,3,2026-03-19 22:07:10,2026-03-19 22:08:04,OK,NO
1472,5,2026-03-19 22:07:10,2026-03-19 22:08:07,OK,NO
1344,8,2026-03-19 22:07:10,2026-03-19 22:08:09,OK,NO
1466,6,2026-03-19 22:07:10,2026-03-19 22:08:11,OK,NO
1490,2,2026-03-19 22:07:10,2026-03-19 22:08:12,OK,NO
1502,1,2026-03-19 22:07:10,2026-03-19 22:08:13,OK,NO
1485,4,2026-03-19 22:07:10,2026-03-19 22:08:29,OK,NO
1344,9,2026-03-19 22:08:09,2026-03-19 22:09:03,OK,NO
1345,7,2026-03-19 22:07:10,2026-03-19 22:09:49,OK,NO
1344,10,2026-03-19 22:09:03,2026-03-19 22:10:02,OK,NO
1491,2,2026-03-19 22:09:49,2026-03-19 22:10:44,OK,NO
1467,6,2026-03-19 22:09:49,2026-03-19 22:10:47,OK,NO
1488,3,2026-03-19 22:09:49,2026-03-19 22:10:50,OK,NO
1473,5,2026-03-19 22:09:49,2026-03-19 22:10:54,OK,NO
1503,1,2026-03-19 22:09:49,2026-03-19 22:10:55,OK,NO
1345,8,2026-03-19 22:09:49,2026-03-19 22:10:55,OK,NO
1486,4,2026-03-19 22:09:49,2026-03-19 22:10:55,OK,NO
1340,11,2026-03-19 22:09:55,2026-03-19 22:10:56,OK,NO
1341,11,2026-03-19 22:10:56,2026-03-19 22:11:44,OK,NO
1340,12,2026-03-19 22:10:56,2026-03-19 22:11:58,OK,NO
1345,9,2026-03-19 22:10:55,2026-03-19 22:12:16,OK,NO
1346,7,2026-03-19 22:09:49,2026-03-19 22:12:31,OK,NO
1342,11,2026-03-19 22:11:44,2026-03-19 22:12:48,OK,NO
1341,12,2026-03-19 22:11:58,2026-03-19 22:13:04,OK,NO
1345,10,2026-03-19 22:12:16,2026-03-19 22:13:12,OK,NO
1474,5,2026-03-19 22:12:31,2026-03-19 22:13:28,OK,NO
1489,3,2026-03-19 22:12:31,2026-03-19 22:13:31,OK,NO
1346,8,2026-03-19 22:12:31,2026-03-19 22:13:32,OK,NO
1492,2,2026-03-19 22:12:31,2026-03-19 22:13:34,OK,NO
1468,6,2026-03-19 22:12:31,2026-03-19 22:13:35,OK,NO
1504,1,2026-03-19 22:12:31,2026-03-19 22:13:38,OK,NO
1343,11,2026-03-19 22:12:48,2026-03-19 22:13:44,OK,NO
1487,4,2026-03-19 22:12:31,2026-03-19 22:13:47,OK,NO
1342,12,2026-03-19 22:13:04,2026-03-19 22:13:59,OK,NO
1347,7,2026-03-19 22:12:31,2026-03-19 22:14:30,OK,NO
1344,11,2026-03-19 22:13:44,2026-03-19 22:14:40,OK,NO
1346,9,2026-03-19 22:13:32,2026-03-19 22:14:44,OK,NO
1343,12,2026-03-19 22:13:59,2026-03-19 22:14:46,OK,NO
1469,6,2026-03-19 22:14:30,2026-03-19 22:15:26,OK,NO
1475,5,2026-03-19 22:14:30,2026-03-19 22:15:29,OK,NO
1490,3,2026-03-19 22:14:30,2026-03-19 22:15:29,OK,NO
1347,8,2026-03-19 22:14:30,2026-03-19 22:15:31,OK,NO
1493,2,2026-03-19 22:14:30,2026-03-19 22:15:34,OK,NO
1505,1,2026-03-19 22:14:30,2026-03-19 22:15:37,OK,NO
1346,10,2026-03-19 22:14:44,2026-03-19 22:15:42,OK,NO
1345,11,2026-03-19 22:14:40,2026-03-19 22:15:44,OK,NO
1344,12,2026-03-19 22:14:46,2026-03-19 22:15:45,OK,NO
1488,4,2026-03-19 22:14:30,2026-03-19 22:15:46,OK,NO
1347,9,2026-03-19 22:15:31,2026-03-19 22:16:30,OK,NO
1348,7,2026-03-19 22:14:30,2026-03-19 22:16:40,OK,NO
1345,12,2026-03-19 22:15:45,2026-03-19 22:16:43,OK,NO
1346,11,2026-03-19 22:15:44,2026-03-19 22:16:48,OK,NO
1347,10,2026-03-19 22:16:30,2026-03-19 22:17:19,OK,NO
1506,1,2026-03-19 22:16:40,2026-03-19 22:17:40,OK,NO
1348,8,2026-03-19 22:16:40,2026-03-19 22:17:40,OK,NO
1476,5,2026-03-19 22:16:40,2026-03-19 22:17:41,OK,NO
1494,2,2026-03-19 22:16:40,2026-03-19 22:17:42,OK,NO
1470,6,2026-03-19 22:16:40,2026-03-19 22:17:43,OK,NO
1489,4,2026-03-19 22:16:40,2026-03-19 22:17:46,OK,NO
1491,3,2026-03-19 22:16:40,2026-03-19 22:17:47,OK,NO
1346,12,2026-03-19 22:16:48,2026-03-19 22:17:49,OK,NO
1347,11,2026-03-19 22:17:19,2026-03-19 22:18:10,OK,NO
1348,9,2026-03-19 22:17:40,2026-03-19 22:18:45,OK,NO
1349,7,2026-03-19 22:16:40,2026-03-19 22:18:50,OK,NO
1347,12,2026-03-19 22:18:10,2026-03-19 22:19:12,OK,NO
1349,8,2026-03-19 22:18:50,2026-03-19 22:19:42,OK,NO
1495,2,2026-03-19 22:18:50,2026-03-19 22:19:42,OK,NO
1348,10,2026-03-19 22:18:45,2026-03-19 22:19:45,OK,NO
1490,4,2026-03-19 22:18:50,2026-03-19 22:19:46,OK,NO
1471,6,2026-03-19 22:18:50,2026-03-19 22:19:46,OK,NO
1492,3,2026-03-19 22:18:50,2026-03-19 22:19:47,OK,NO
1507,1,2026-03-19 22:18:50,2026-03-19 22:19:48,OK,NO
1477,5,2026-03-19 22:18:50,2026-03-19 22:19:52,OK,NO
1348,11,2026-03-19 22:19:45,2026-03-19 22:20:39,OK,NO
1349,9,2026-03-19 22:19:42,2026-03-19 22:20:39,OK,NO
1348,12,2026-03-19 22:20:39,2026-03-19 22:21:37,OK,NO
1349,10,2026-03-19 22:20:39,2026-03-19 22:21:41,OK,NO
1350,7,2026-03-19 22:18:50,2026-03-19 22:22:12,OK,NO
1349,11,2026-03-19 22:21:41,2026-03-19 22:22:37,OK,NO
1478,5,2026-03-19 22:22:12,2026-03-19 22:23:03,OK,NO
1496,2,2026-03-19 22:22:12,2026-03-19 22:23:10,OK,NO
1472,6,2026-03-19 22:22:12,2026-03-19 22:23:11,OK,NO
1508,1,2026-03-19 22:22:12,2026-03-19 22:23:12,OK,NO
1350,8,2026-03-19 22:22:12,2026-03-19 22:23:12,OK,NO
1493,3,2026-03-19 22:22:12,2026-03-19 22:23:16,OK,NO
1491,4,2026-03-19 22:22:12,2026-03-19 22:23:16,OK,NO
1349,12,2026-03-19 22:22:37,2026-03-19 22:23:40,OK,NO
1350,9,2026-03-19 22:23:12,2026-03-19 22:24:20,OK,NO
1351,7,2026-03-19 22:22:12,2026-03-19 22:24:24,OK,NO
1473,6,2026-03-19 22:24:24,2026-03-19 22:25:13,OK,NO
1494,3,2026-03-19 22:24:24,2026-03-19 22:25:16,OK,NO
1350,10,2026-03-19 22:24:20,2026-03-19 22:25:21,OK,NO
1509,1,2026-03-19 22:24:24,2026-03-19 22:25:22,OK,NO
1492,4,2026-03-19 22:24:24,2026-03-19 22:25:22,OK,NO
1351,8,2026-03-19 22:24:24,2026-03-19 22:25:25,OK,NO
1479,5,2026-03-19 22:24:24,2026-03-19 22:25:27,OK,NO
1497,2,2026-03-19 22:24:24,2026-03-19 22:25:30,OK,NO
1351,9,2026-03-19 22:25:25,2026-03-19 22:26:22,OK,NO
1350,11,2026-03-19 22:25:21,2026-03-19 22:26:24,OK,NO
1352,7,2026-03-19 22:24:24,2026-03-19 22:26:58,OK,NO
1350,12,2026-03-19 22:26:24,2026-03-19 22:27:20,OK,NO
1351,10,2026-03-19 22:26:22,2026-03-19 22:27:23,OK,NO
1480,5,2026-03-19 22:26:58,2026-03-19 22:27:54,OK,NO
1498,2,2026-03-19 22:26:58,2026-03-19 22:27:55,OK,NO
1474,6,2026-03-19 22:26:58,2026-03-19 22:27:57,OK,NO
1510,1,2026-03-19 22:26:58,2026-03-19 22:27:59,OK,NO
1493,4,2026-03-19 22:26:58,2026-03-19 22:28:02,OK,NO
1495,3,2026-03-19 22:26:58,2026-03-19 22:28:05,OK,NO
1352,8,2026-03-19 22:26:58,2026-03-19 22:28:06,OK,NO
1351,11,2026-03-19 22:27:23,2026-03-19 22:28:20,OK,NO
1352,9,2026-03-19 22:28:06,2026-03-19 22:29:04,OK,NO
1351,12,2026-03-19 22:28:20,2026-03-19 22:29:17,OK,NO
1353,7,2026-03-19 22:26:58,2026-03-19 22:29:55,OK,NO
1352,10,2026-03-19 22:29:04,2026-03-19 22:30:03,OK,NO
1499,2,2026-03-19 22:29:55,2026-03-19 22:30:48,OK,NO
1481,5,2026-03-19 22:29:55,2026-03-19 22:30:50,OK,NO
1353,8,2026-03-19 22:29:55,2026-03-19 22:30:57,OK,NO
1475,6,2026-03-19 22:29:55,2026-03-19 22:30:57,OK,NO
1494,4,2026-03-19 22:29:55,2026-03-19 22:31:00,OK,NO
1511,1,2026-03-19 22:29:55,2026-03-19 22:31:02,OK,NO
1496,3,2026-03-19 22:29:55,2026-03-19 22:31:03,OK,NO
1352,11,2026-03-19 22:30:03,2026-03-19 22:31:09,OK,NO
1352,12,2026-03-19 22:31:09,2026-03-19 22:32:07,OK,NO
1353,9,2026-03-19 22:30:57,2026-03-19 22:32:23,OK,NO
1354,7,2026-03-19 22:29:55,2026-03-19 22:32:25,OK,NO
1512,1,2026-03-19 22:32:25,2026-03-19 22:33:17,OK,NO
1353,10,2026-03-19 22:32:23,2026-03-19 22:33:21,OK,NO
1497,3,2026-03-19 22:32:25,2026-03-19 22:33:21,OK,NO
1482,5,2026-03-19 22:32:25,2026-03-19 22:33:23,OK,NO
1500,2,2026-03-19 22:32:25,2026-03-19 22:33:26,OK,NO
1495,4,2026-03-19 22:32:25,2026-03-19 22:33:29,OK,NO
1354,8,2026-03-19 22:32:25,2026-03-19 22:33:31,OK,NO
1476,6,2026-03-19 22:32:25,2026-03-19 22:33:38,OK,NO
1353,11,2026-03-19 22:33:21,2026-03-19 22:34:15,OK,NO
1355,7,2026-03-19 22:32:25,2026-03-19 22:34:18,OK,NO
1354,9,2026-03-19 22:33:31,2026-03-19 22:34:32,OK,NO
1498,3,2026-03-19 22:34:18,2026-03-19 22:35:12,OK,NO
1501,2,2026-03-19 22:34:18,2026-03-19 22:35:12,OK,NO
1513,1,2026-03-19 22:34:18,2026-03-19 22:35:18,OK,NO
1355,8,2026-03-19 22:34:18,2026-03-19 22:35:19,OK,NO
1477,6,2026-03-19 22:34:18,2026-03-19 22:35:23,OK,NO
1353,12,2026-03-19 22:34:15,2026-03-19 22:35:23,OK,NO
1483,5,2026-03-19 22:34:18,2026-03-19 22:35:24,OK,NO
1354,10,2026-03-19 22:34:32,2026-03-19 22:35:29,OK,NO
1496,4,2026-03-19 22:34:18,2026-03-19 22:35:37,OK,NO
1355,9,2026-03-19 22:35:19,2026-03-19 22:36:17,OK,NO
1354,11,2026-03-19 22:35:29,2026-03-19 22:36:30,OK,NO
1356,7,2026-03-19 22:34:18,2026-03-19 22:36:36,OK,NO
1355,10,2026-03-19 22:36:17,2026-03-19 22:37:20,OK,NO
1354,12,2026-03-19 22:36:30,2026-03-19 22:37:28,OK,NO
1502,2,2026-03-19 22:36:36,2026-03-19 22:37:29,OK,NO
1514,1,2026-03-19 22:36:36,2026-03-19 22:37:32,OK,NO
1499,3,2026-03-19 22:36:36,2026-03-19 22:37:34,OK,NO
1356,8,2026-03-19 22:36:36,2026-03-19 22:37:38,OK,NO
1478,6,2026-03-19 22:36:36,2026-03-19 22:37:42,OK,NO
1484,5,2026-03-19 22:36:36,2026-03-19 22:37:43,OK,NO
1497,4,2026-03-19 22:36:36,2026-03-19 22:38:02,OK,NO
1355,11,2026-03-19 22:37:20,2026-03-19 22:38:18,OK,NO
1356,9,2026-03-19 22:37:38,2026-03-19 22:38:46,OK,NO
1357,7,2026-03-19 22:36:36,2026-03-19 22:39:11,OK,NO
1355,12,2026-03-19 22:38:18,2026-03-19 22:39:26,OK,NO
1356,10,2026-03-19 22:38:46,2026-03-19 22:39:49,OK,NO
1498,4,2026-03-19 22:39:11,2026-03-19 22:40:02,OK,NO
1485,5,2026-03-19 22:39:11,2026-03-19 22:40:02,OK,NO
1515,1,2026-03-19 22:39:11,2026-03-19 22:40:07,OK,NO
1357,8,2026-03-19 22:39:11,2026-03-19 22:40:10,OK,NO
1500,3,2026-03-19 22:39:11,2026-03-19 22:40:11,OK,NO
1479,6,2026-03-19 22:39:11,2026-03-19 22:40:13,OK,NO
1503,2,2026-03-19 22:39:11,2026-03-19 22:40:17,OK,NO
1356,11,2026-03-19 22:39:49,2026-03-19 22:40:45,OK,NO
1357,9,2026-03-19 22:40:10,2026-03-19 22:41:11,OK,NO
1358,7,2026-03-19 22:39:11,2026-03-19 22:41:32,OK,NO
1356,12,2026-03-19 22:40:45,2026-03-19 22:41:38,OK,NO
1357,10,2026-03-19 22:41:11,2026-03-19 22:42:20,OK,NO
1480,6,2026-03-19 22:41:32,2026-03-19 22:42:28,OK,NO
1516,1,2026-03-19 22:41:32,2026-03-19 22:42:30,OK,NO
1501,3,2026-03-19 22:41:32,2026-03-19 22:42:33,OK,NO
1358,8,2026-03-19 22:41:32,2026-03-19 22:42:38,OK,NO
1486,5,2026-03-19 22:41:32,2026-03-19 22:42:40,OK,NO
1504,2,2026-03-19 22:41:32,2026-03-19 22:42:42,OK,NO
1499,4,2026-03-19 22:41:32,2026-03-19 22:42:43,OK,NO
1357,11,2026-03-19 22:42:20,2026-03-19 22:43:18,OK,NO
1358,9,2026-03-19 22:42:38,2026-03-19 22:43:34,OK,NO
1359,7,2026-03-19 22:41:32,2026-03-19 22:43:56,OK,NO
1357,12,2026-03-19 22:43:18,2026-03-19 22:44:19,OK,NO
1358,10,2026-03-19 22:43:34,2026-03-19 22:44:43,OK,NO
1359,8,2026-03-19 22:43:56,2026-03-19 22:44:50,OK,NO
1517,1,2026-03-19 22:43:56,2026-03-19 22:44:51,OK,NO
1481,6,2026-03-19 22:43:56,2026-03-19 22:44:51,OK,NO
1505,2,2026-03-19 22:43:56,2026-03-19 22:44:55,OK,NO
1502,3,2026-03-19 22:43:56,2026-03-19 22:44:59,OK,NO
1487,5,2026-03-19 22:43:56,2026-03-19 22:45:00,OK,NO
1500,4,2026-03-19 22:43:56,2026-03-19 22:45:09,OK,NO
1358,11,2026-03-19 22:44:43,2026-03-19 22:45:37,OK,NO
1359,9,2026-03-19 22:44:50,2026-03-19 22:45:45,OK,NO
1360,7,2026-03-19 22:43:56,2026-03-19 22:46:09,OK,NO
1359,10,2026-03-19 22:45:45,2026-03-19 22:46:40,OK,NO
1358,12,2026-03-19 22:45:37,2026-03-19 22:46:43,OK,NO
1360,8,2026-03-19 22:46:09,2026-03-19 22:47:07,OK,NO
1518,1,2026-03-19 22:46:09,2026-03-19 22:47:13,OK,NO
1482,6,2026-03-19 22:46:09,2026-03-19 22:47:13,OK,NO
1503,3,2026-03-19 22:46:09,2026-03-19 22:47:13,OK,NO
1488,5,2026-03-19 22:46:09,2026-03-19 22:47:14,OK,NO
1506,2,2026-03-19 22:46:09,2026-03-19 22:47:16,OK,NO
1501,4,2026-03-19 22:46:09,2026-03-19 22:47:17,OK,NO
1359,11,2026-03-19 22:46:40,2026-03-19 22:47:32,OK,NO
1360,9,2026-03-19 22:47:07,2026-03-19 22:48:07,OK,NO
1359,12,2026-03-19 22:47:32,2026-03-19 22:48:38,OK,NO
1360,10,2026-03-19 22:48:07,2026-03-19 22:49:00,OK,NO
1361,7,2026-03-19 22:46:09,2026-03-19 22:49:23,OK,NO
1360,11,2026-03-19 22:49:00,2026-03-19 22:50:00,OK,NO
1507,2,2026-03-19 22:49:23,2026-03-19 22:50:17,OK,NO
1502,4,2026-03-19 22:49:23,2026-03-19 22:50:18,OK,NO
1504,3,2026-03-19 22:49:23,2026-03-19 22:50:20,OK,NO
1519,1,2026-03-19 22:49:23,2026-03-19 22:50:23,OK,NO
1483,6,2026-03-19 22:49:23,2026-03-19 22:50:24,OK,NO
1489,5,2026-03-19 22:49:23,2026-03-19 22:50:25,OK,NO
1361,8,2026-03-19 22:49:23,2026-03-19 22:50:28,OK,NO
1360,12,2026-03-19 22:50:00,2026-03-19 22:50:54,OK,NO
1361,9,2026-03-19 22:50:28,2026-03-19 22:51:54,OK,NO
1362,7,2026-03-19 22:49:23,2026-03-19 22:51:56,OK,NO
1361,10,2026-03-19 22:51:54,2026-03-19 22:52:50,OK,NO
1520,1,2026-03-19 22:51:56,2026-03-19 22:52:53,OK,NO
1362,8,2026-03-19 22:51:56,2026-03-19 22:52:55,OK,NO
1490,5,2026-03-19 22:51:56,2026-03-19 22:52:58,OK,NO
1505,3,2026-03-19 22:51:56,2026-03-19 22:53:00,OK,NO
1484,6,2026-03-19 22:51:56,2026-03-19 22:53:01,OK,NO
1508,2,2026-03-19 22:51:56,2026-03-19 22:53:02,OK,NO
1503,4,2026-03-19 22:51:56,2026-03-19 22:53:12,OK,NO
1361,11,2026-03-19 22:52:50,2026-03-19 22:53:50,OK,NO
1362,9,2026-03-19 22:52:55,2026-03-19 22:53:52,OK,NO
1363,7,2026-03-19 22:51:56,2026-03-19 22:54:04,OK,NO
1361,12,2026-03-19 22:53:50,2026-03-19 22:54:46,OK,NO
1521,1,2026-03-19 22:54:04,2026-03-19 22:54:52,OK,NO
1509,2,2026-03-19 22:54:04,2026-03-19 22:54:55,OK,NO
1362,10,2026-03-19 22:53:52,2026-03-19 22:54:56,OK,NO
1485,6,2026-03-19 22:54:04,2026-03-19 22:55:00,OK,NO
1504,4,2026-03-19 22:54:04,2026-03-19 22:55:02,OK,NO
1506,3,2026-03-19 22:54:04,2026-03-19 22:55:05,OK,NO
1363,8,2026-03-19 22:54:04,2026-03-19 22:55:06,OK,NO
1491,5,2026-03-19 22:54:04,2026-03-19 22:55:12,OK,NO
1362,11,2026-03-19 22:54:56,2026-03-19 22:55:48,OK,NO
1363,9,2026-03-19 22:55:06,2026-03-19 22:56:14,OK,NO
1362,12,2026-03-19 22:55:48,2026-03-19 22:56:47,OK,NO
1364,7,2026-03-19 22:54:04,2026-03-19 22:56:53,OK,NO
1363,10,2026-03-19 22:56:14,2026-03-19 22:57:08,OK,NO
1505,4,2026-03-19 22:56:53,2026-03-19 22:57:47,OK,NO
1507,3,2026-03-19 22:56:53,2026-03-19 22:57:48,OK,NO
1492,5,2026-03-19 22:56:53,2026-03-19 22:57:54,OK,NO
1364,8,2026-03-19 22:56:53,2026-03-19 22:57:55,OK,NO
1510,2,2026-03-19 22:56:53,2026-03-19 22:57:59,OK,NO
1486,6,2026-03-19 22:56:53,2026-03-19 22:57:59,OK,NO
1522,1,2026-03-19 22:56:53,2026-03-19 22:58:00,OK,NO
1363,11,2026-03-19 22:57:08,2026-03-19 22:58:13,OK,NO
1364,9,2026-03-19 22:57:55,2026-03-19 22:58:57,OK,NO
1363,12,2026-03-19 22:58:13,2026-03-19 22:59:14,OK,NO
1364,10,2026-03-19 22:58:57,2026-03-19 22:59:57,OK,NO
1365,7,2026-03-19 22:56:53,2026-03-19 23:00:25,OK,NO
1364,11,2026-03-19 22:59:57,2026-03-19 23:00:54,OK,NO
1511,2,2026-03-19 23:00:25,2026-03-19 23:01:16,OK,NO
1508,3,2026-03-19 23:00:25,2026-03-19 23:01:22,OK,NO
1487,6,2026-03-19 23:00:25,2026-03-19 23:01:23,OK,NO
1493,5,2026-03-19 23:00:25,2026-03-19 23:01:24,OK,NO
1506,4,2026-03-19 23:00:25,2026-03-19 23:01:28,OK,NO
1523,1,2026-03-19 23:00:25,2026-03-19 23:01:33,OK,NO
1365,8,2026-03-19 23:00:25,2026-03-19 23:01:35,OK,NO
1364,12,2026-03-19 23:00:54,2026-03-19 23:02:01,OK,NO
1365,9,2026-03-19 23:01:35,2026-03-19 23:03:00,OK,NO
1366,7,2026-03-19 23:00:25,2026-03-19 23:03:10,OK,NO
1524,1,2026-03-19 23:03:10,2026-03-19 23:04:01,OK,NO
1488,6,2026-03-19 23:03:10,2026-03-19 23:04:02,OK,NO
1512,2,2026-03-19 23:03:10,2026-03-19 23:04:03,OK,NO
1507,4,2026-03-19 23:03:10,2026-03-19 23:04:05,OK,NO
1509,3,2026-03-19 23:03:10,2026-03-19 23:04:07,OK,NO
1365,10,2026-03-19 23:03:00,2026-03-19 23:04:08,OK,NO
1366,8,2026-03-19 23:03:10,2026-03-19 23:04:10,OK,NO
1494,5,2026-03-19 23:03:10,2026-03-19 23:04:23,OK,NO
1365,11,2026-03-19 23:04:08,2026-03-19 23:05:08,OK,NO
1367,7,2026-03-19 23:03:10,2026-03-19 23:05:54,OK,NO
1365,12,2026-03-19 23:05:08,2026-03-19 23:06:17,OK,NO
1367,8,2026-03-19 23:05:54,2026-03-19 23:06:40,OK,NO
1495,5,2026-03-19 23:05:54,2026-03-19 23:06:46,OK,NO
1513,2,2026-03-19 23:05:54,2026-03-19 23:06:54,OK,NO
1525,1,2026-03-19 23:05:54,2026-03-19 23:06:56,OK,NO
1489,6,2026-03-19 23:05:54,2026-03-19 23:07:00,OK,NO
1508,4,2026-03-19 23:05:54,2026-03-19 23:07:01,OK,NO
1510,3,2026-03-19 23:05:54,2026-03-19 23:07:03,OK,NO
1368,7,2026-03-19 23:05:54,2026-03-19 23:07:53,OK,NO
1511,3,2026-03-19 23:07:53,2026-03-19 23:08:46,OK,NO
1490,6,2026-03-19 23:07:53,2026-03-19 23:08:48,OK,NO
1514,2,2026-03-19 23:07:53,2026-03-19 23:08:53,OK,NO
1496,5,2026-03-19 23:07:53,2026-03-19 23:08:54,OK,NO
1526,1,2026-03-19 23:07:53,2026-03-19 23:08:55,OK,NO
1368,8,2026-03-19 23:07:53,2026-03-19 23:08:56,OK,NO
1509,4,2026-03-19 23:07:53,2026-03-19 23:08:56,OK,NO
1366,9,2026-03-19 23:08:42,2026-03-19 23:09:35,OK,NO
1369,7,2026-03-19 23:07:53,2026-03-19 23:09:57,OK,NO
1366,10,2026-03-19 23:09:35,2026-03-19 23:10:29,OK,NO
1367,9,2026-03-19 23:09:35,2026-03-19 23:10:43,OK,NO
1515,2,2026-03-19 23:09:57,2026-03-19 23:10:49,OK,NO
1497,5,2026-03-19 23:09:57,2026-03-19 23:10:50,OK,NO
1510,4,2026-03-19 23:09:57,2026-03-19 23:10:52,OK,NO
1369,8,2026-03-19 23:09:57,2026-03-19 23:10:53,OK,NO
1527,1,2026-03-19 23:09:57,2026-03-19 23:10:53,OK,NO
1512,3,2026-03-19 23:09:57,2026-03-19 23:10:57,OK,NO
1491,6,2026-03-19 23:09:57,2026-03-19 23:11:01,OK,NO
1366,11,2026-03-19 23:10:29,2026-03-19 23:11:22,OK,NO
1368,9,2026-03-19 23:10:43,2026-03-19 23:11:37,OK,NO
1367,10,2026-03-19 23:10:43,2026-03-19 23:11:43,OK,NO
1366,12,2026-03-19 23:11:22,2026-03-19 23:12:27,OK,NO
1367,11,2026-03-19 23:11:43,2026-03-19 23:12:31,OK,NO
1368,10,2026-03-19 23:11:43,2026-03-19 23:12:39,OK,NO
1369,9,2026-03-19 23:11:37,2026-03-19 23:12:40,OK,NO
1370,7,2026-03-19 23:09:57,2026-03-19 23:13:18,OK,NO
1367,12,2026-03-19 23:12:31,2026-03-19 23:13:27,OK,NO
1368,11,2026-03-19 23:12:39,2026-03-19 23:13:39,OK,NO
1369,10,2026-03-19 23:12:40,2026-03-19 23:13:40,OK,NO
1516,2,2026-03-19 23:13:18,2026-03-19 23:14:13,OK,NO
1492,6,2026-03-19 23:13:18,2026-03-19 23:14:15,OK,NO
1498,5,2026-03-19 23:13:18,2026-03-19 23:14:18,OK,NO
1513,3,2026-03-19 23:13:18,2026-03-19 23:14:20,OK,NO
1528,1,2026-03-19 23:13:18,2026-03-19 23:14:22,OK,NO
1511,4,2026-03-19 23:13:18,2026-03-19 23:14:23,OK,NO
1370,8,2026-03-19 23:13:18,2026-03-19 23:14:24,OK,NO
1369,11,2026-03-19 23:13:40,2026-03-19 23:14:39,OK,NO
1368,12,2026-03-19 23:13:39,2026-03-19 23:14:43,OK,NO
1370,9,2026-03-19 23:14:24,2026-03-19 23:15:28,OK,NO
1369,12,2026-03-19 23:14:43,2026-03-19 23:15:41,OK,NO
1371,7,2026-03-19 23:13:18,2026-03-19 23:16:01,OK,NO
1370,10,2026-03-19 23:15:28,2026-03-19 23:16:23,OK,NO
1529,1,2026-03-19 23:16:01,2026-03-19 23:16:56,OK,NO
1499,5,2026-03-19 23:16:01,2026-03-19 23:16:58,OK,NO
1493,6,2026-03-19 23:16:01,2026-03-19 23:16:59,OK,NO
1512,4,2026-03-19 23:16:01,2026-03-19 23:16:59,OK,NO
1517,2,2026-03-19 23:16:01,2026-03-19 23:17:07,OK,NO
1371,8,2026-03-19 23:16:01,2026-03-19 23:17:10,OK,NO
1514,3,2026-03-19 23:16:01,2026-03-19 23:17:11,OK,NO
1370,11,2026-03-19 23:16:23,2026-03-19 23:17:32,OK,NO
1371,9,2026-03-19 23:17:10,2026-03-19 23:17:58,OK,NO
1372,7,2026-03-19 23:16:01,2026-03-19 23:18:07,OK,NO
1370,12,2026-03-19 23:17:32,2026-03-19 23:18:38,OK,NO
1530,1,2026-03-19 23:18:07,2026-03-19 23:18:58,OK,NO
1371,10,2026-03-19 23:17:58,2026-03-19 23:19:01,OK,NO
1494,6,2026-03-19 23:18:07,2026-03-19 23:19:04,OK,NO
1515,3,2026-03-19 23:18:07,2026-03-19 23:19:07,OK,NO
1500,5,2026-03-19 23:18:07,2026-03-19 23:19:07,OK,NO
1518,2,2026-03-19 23:18:07,2026-03-19 23:19:12,OK,NO
1372,8,2026-03-19 23:18:07,2026-03-19 23:19:13,OK,NO
1513,4,2026-03-19 23:18:07,2026-03-19 23:19:25,OK,NO
1371,11,2026-03-19 23:19:01,2026-03-19 23:19:58,OK,NO
1372,9,2026-03-19 23:19:13,2026-03-19 23:20:18,OK,NO
1373,7,2026-03-19 23:18:07,2026-03-19 23:20:48,OK,NO
1371,12,2026-03-19 23:19:58,2026-03-19 23:20:54,OK,NO
1372,10,2026-03-19 23:20:18,2026-03-19 23:21:08,OK,NO
1514,4,2026-03-19 23:20:48,2026-03-19 23:21:41,OK,NO
1531,1,2026-03-19 23:20:48,2026-03-19 23:21:47,OK,NO
1501,5,2026-03-19 23:20:48,2026-03-19 23:21:47,OK,NO
1495,6,2026-03-19 23:20:48,2026-03-19 23:21:48,OK,NO
1516,3,2026-03-19 23:20:48,2026-03-19 23:21:50,OK,NO
1373,8,2026-03-19 23:20:48,2026-03-19 23:21:51,OK,NO
1519,2,2026-03-19 23:20:48,2026-03-19 23:21:51,OK,NO
1372,11,2026-03-19 23:21:08,2026-03-19 23:22:06,OK,NO
1373,9,2026-03-19 23:21:51,2026-03-19 23:22:49,OK,NO
1374,7,2026-03-19 23:20:48,2026-03-19 23:22:54,OK,NO
1372,12,2026-03-19 23:22:06,2026-03-19 23:23:09,OK,NO
1496,6,2026-03-19 23:22:54,2026-03-19 23:23:50,OK,NO
1373,10,2026-03-19 23:22:49,2026-03-19 23:24:00,OK,NO
1374,8,2026-03-19 23:22:54,2026-03-19 23:24:03,OK,NO
1373,11,2026-03-19 23:24:00,2026-03-19 23:24:55,OK,NO
1374,9,2026-03-19 23:24:03,2026-03-19 23:24:57,OK,NO
1375,7,2026-03-19 23:22:54,2026-03-19 23:25:41,OK,NO
1517,3,2026-03-19 23:25:04,2026-03-19 23:25:56,OK,NO
1374,10,2026-03-19 23:24:57,2026-03-19 23:25:57,OK,NO
1373,12,2026-03-19 23:24:55,2026-03-19 23:25:57,OK,NO
1520,2,2026-03-19 23:25:04,2026-03-19 23:25:58,OK,NO
1532,1,2026-03-19 23:25:04,2026-03-19 23:26:04,OK,NO
1502,5,2026-03-19 23:25:04,2026-03-19 23:26:04,OK,NO
1515,4,2026-03-19 23:25:04,2026-03-19 23:26:22,OK,NO
1375,8,2026-03-19 23:25:41,2026-03-19 23:26:45,OK,NO
1497,6,2026-03-19 23:25:41,2026-03-19 23:26:50,OK,NO
1374,11,2026-03-19 23:25:57,2026-03-19 23:27:01,OK,NO
1503,5,2026-03-19 23:26:04,2026-03-19 23:27:03,OK,NO
1518,3,2026-03-19 23:26:22,2026-03-19 23:27:15,OK,NO
1521,2,2026-03-19 23:26:22,2026-03-19 23:27:17,OK,NO
1516,4,2026-03-19 23:26:22,2026-03-19 23:27:22,OK,NO
1533,1,2026-03-19 23:26:22,2026-03-19 23:27:32,OK,NO
1375,9,2026-03-19 23:26:45,2026-03-19 23:27:51,OK,NO
1374,12,2026-03-19 23:27:01,2026-03-19 23:27:56,OK,NO
1376,7,2026-03-19 23:25:41,2026-03-19 23:28:05,OK,NO
1375,10,2026-03-19 23:27:51,2026-03-19 23:28:51,OK,NO
1498,6,2026-03-19 23:28:05,2026-03-19 23:29:03,OK,NO
1504,5,2026-03-19 23:28:05,2026-03-19 23:29:05,OK,NO
1522,2,2026-03-19 23:28:05,2026-03-19 23:29:05,OK,NO
1534,1,2026-03-19 23:28:05,2026-03-19 23:29:07,OK,NO
1519,3,2026-03-19 23:28:05,2026-03-19 23:29:08,OK,NO
1376,8,2026-03-19 23:28:05,2026-03-19 23:29:10,OK,NO
1517,4,2026-03-19 23:28:05,2026-03-19 23:29:16,OK,NO
1375,11,2026-03-19 23:28:51,2026-03-19 23:29:45,OK,NO
1377,7,2026-03-19 23:28:05,2026-03-19 23:30:07,OK,NO
1376,9,2026-03-19 23:29:10,2026-03-19 23:30:10,OK,NO
1375,12,2026-03-19 23:29:45,2026-03-19 23:30:49,OK,NO
1520,3,2026-03-19 23:30:07,2026-03-19 23:30:56,OK,NO
1505,5,2026-03-19 23:30:07,2026-03-19 23:31:01,OK,NO
1523,2,2026-03-19 23:30:07,2026-03-19 23:31:03,OK,NO
1377,8,2026-03-19 23:30:07,2026-03-19 23:31:06,OK,NO
1376,10,2026-03-19 23:30:10,2026-03-19 23:31:09,OK,NO
1535,1,2026-03-19 23:30:07,2026-03-19 23:31:14,OK,NO
1499,6,2026-03-19 23:30:07,2026-03-19 23:31:16,OK,NO
1518,4,2026-03-19 23:30:07,2026-03-19 23:31:31,OK,NO
1377,9,2026-03-19 23:31:06,2026-03-19 23:32:10,OK,NO
1376,11,2026-03-19 23:31:09,2026-03-19 23:32:14,OK,NO
1378,7,2026-03-19 23:30:07,2026-03-19 23:32:44,OK,NO
1377,10,2026-03-19 23:32:10,2026-03-19 23:32:58,OK,NO
1376,12,2026-03-19 23:32:14,2026-03-19 23:33:20,OK,NO
1536,1,2026-03-19 23:32:44,2026-03-19 23:33:36,OK,NO
1378,8,2026-03-19 23:32:44,2026-03-19 23:33:40,OK,NO
1506,5,2026-03-19 23:32:44,2026-03-19 23:33:43,OK,NO
1524,2,2026-03-19 23:32:44,2026-03-19 23:33:43,OK,NO
1521,3,2026-03-19 23:32:44,2026-03-19 23:33:46,OK,NO
1500,6,2026-03-19 23:32:44,2026-03-19 23:33:50,OK,NO
1377,11,2026-03-19 23:32:58,2026-03-19 23:33:51,OK,NO
1519,4,2026-03-19 23:32:44,2026-03-19 23:33:51,OK,NO
1377,12,2026-03-19 23:33:51,2026-03-19 23:35:00,OK,NO
1378,9,2026-03-19 23:33:40,2026-03-19 23:35:04,OK,NO
1379,7,2026-03-19 23:32:44,2026-03-19 23:35:14,OK,NO
1379,8,2026-03-19 23:35:14,2026-03-19 23:36:04,OK,NO
1522,3,2026-03-19 23:35:14,2026-03-19 23:36:08,OK,NO
1507,5,2026-03-19 23:35:14,2026-03-19 23:36:08,OK,NO
1501,6,2026-03-19 23:35:14,2026-03-19 23:36:12,OK,NO
1525,2,2026-03-19 23:35:14,2026-03-19 23:36:12,OK,NO
1378,10,2026-03-19 23:35:04,2026-03-19 23:36:12,OK,NO
1537,1,2026-03-19 23:35:14,2026-03-19 23:36:17,OK,NO
1520,4,2026-03-19 23:35:14,2026-03-19 23:36:43,OK,NO
1379,9,2026-03-19 23:36:04,2026-03-19 23:36:58,OK,NO
1378,11,2026-03-19 23:36:12,2026-03-19 23:37:05,OK,NO
1380,7,2026-03-19 23:35:14,2026-03-19 23:37:46,OK,NO
1379,10,2026-03-19 23:36:58,2026-03-19 23:37:57,OK,NO
1378,12,2026-03-19 23:37:05,2026-03-19 23:38:12,OK,NO
1508,5,2026-03-19 23:37:46,2026-03-19 23:38:42,OK,NO
1523,3,2026-03-19 23:37:46,2026-03-19 23:38:44,OK,NO
1502,6,2026-03-19 23:37:46,2026-03-19 23:38:46,OK,NO
1526,2,2026-03-19 23:37:46,2026-03-19 23:38:47,OK,NO
1538,1,2026-03-19 23:37:46,2026-03-19 23:38:48,OK,NO
1521,4,2026-03-19 23:37:46,2026-03-19 23:38:49,OK,NO
1380,8,2026-03-19 23:37:46,2026-03-19 23:38:52,OK,NO
1379,11,2026-03-19 23:37:57,2026-03-19 23:38:57,OK,NO
1379,12,2026-03-19 23:38:57,2026-03-19 23:39:54,OK,NO
1380,9,2026-03-19 23:38:52,2026-03-19 23:39:59,OK,NO
1381,7,2026-03-19 23:37:46,2026-03-19 23:40:28,OK,NO
1380,10,2026-03-19 23:39:59,2026-03-19 23:41:02,OK,NO
1503,6,2026-03-19 23:40:28,2026-03-19 23:41:25,OK,NO
1381,8,2026-03-19 23:40:28,2026-03-19 23:41:30,OK,NO
1380,11,2026-03-19 23:41:02,2026-03-19 23:41:59,OK,NO
1381,9,2026-03-19 23:41:30,2026-03-19 23:42:34,OK,NO
1382,7,2026-03-19 23:40:28,2026-03-19 23:42:55,OK,NO
1380,12,2026-03-19 23:41:59,2026-03-19 23:43:07,OK,NO
1381,10,2026-03-19 23:42:34,2026-03-19 23:43:31,OK,NO
1382,8,2026-03-19 23:42:55,2026-03-19 23:43:47,OK,NO
1504,6,2026-03-19 23:42:55,2026-03-19 23:44:06,OK,NO
1381,11,2026-03-19 23:43:31,2026-03-19 23:44:33,OK,NO
1382,9,2026-03-19 23:43:47,2026-03-19 23:44:53,OK,NO
1383,7,2026-03-19 23:42:55,2026-03-19 23:45:24,OK,NO
1381,12,2026-03-19 23:44:33,2026-03-19 23:45:36,OK,NO
1382,10,2026-03-19 23:44:53,2026-03-19 23:45:50,OK,NO
1383,8,2026-03-19 23:45:24,2026-03-19 23:46:22,OK,NO
1505,6,2026-03-19 23:45:24,2026-03-19 23:46:32,OK,NO
1382,11,2026-03-19 23:45:50,2026-03-19 23:46:55,OK,NO
1383,9,2026-03-19 23:46:22,2026-03-19 23:47:30,OK,NO
1384,7,2026-03-19 23:45:24,2026-03-19 23:47:47,OK,NO
1382,12,2026-03-19 23:46:55,2026-03-19 23:47:52,OK,NO
1383,10,2026-03-19 23:47:30,2026-03-19 23:48:38,OK,NO
1506,6,2026-03-19 23:47:47,2026-03-19 23:48:55,OK,NO
1383,11,2026-03-19 23:48:38,2026-03-19 23:49:34,OK,NO
1385,7,2026-03-19 23:47:47,2026-03-19 23:49:58,OK,NO
1383,12,2026-03-19 23:49:34,2026-03-19 23:50:36,OK,NO
1507,6,2026-03-19 23:49:58,2026-03-19 23:51:05,OK,NO
1384,8,2026-03-19 23:50:05,2026-03-19 23:51:17,OK,NO
1385,8,2026-03-19 23:51:17,2026-03-19 23:52:16,OK,NO
1384,9,2026-03-19 23:51:17,2026-03-19 23:52:20,OK,NO
1386,7,2026-03-19 23:49:58,2026-03-19 23:52:34,OK,NO
1508,6,2026-03-19 23:52:34,2026-03-19 23:53:25,OK,NO
1384,10,2026-03-19 23:52:20,2026-03-19 23:53:28,OK,NO
1385,9,2026-03-19 23:52:20,2026-03-19 23:53:32,OK,NO
1386,8,2026-03-19 23:52:34,2026-03-19 23:53:39,OK,NO
1384,11,2026-03-19 23:53:28,2026-03-19 23:54:20,OK,NO
1386,9,2026-03-19 23:53:39,2026-03-19 23:54:34,OK,NO
1385,10,2026-03-19 23:53:32,2026-03-19 23:54:42,OK,NO
1387,7,2026-03-19 23:52:34,2026-03-19 23:54:54,OK,NO
1384,12,2026-03-19 23:54:20,2026-03-19 23:55:24,OK,NO
1386,10,2026-03-19 23:54:42,2026-03-19 23:55:32,OK,NO
1385,11,2026-03-19 23:54:42,2026-03-19 23:55:50,OK,NO
1387,8,2026-03-19 23:54:54,2026-03-19 23:55:56,OK,NO
1385,12,2026-03-19 23:55:50,2026-03-19 23:56:44,OK,NO
1386,11,2026-03-19 23:55:50,2026-03-19 23:56:51,OK,NO
1387,9,2026-03-19 23:55:56,2026-03-19 23:56:55,OK,NO
1388,7,2026-03-19 23:54:54,2026-03-19 23:57:24,OK,NO
1522,4,2026-03-19 23:56:45,2026-03-19 23:57:35,OK,NO
1524,3,2026-03-19 23:56:45,2026-03-19 23:57:39,OK,NO
1509,5,2026-03-19 23:56:43,2026-03-19 23:57:42,OK,NO
1539,1,2026-03-19 23:56:45,2026-03-19 23:57:46,OK,NO
1527,2,2026-03-19 23:56:45,2026-03-19 23:57:47,OK,NO
1387,10,2026-03-19 23:56:55,2026-03-19 23:57:49,OK,NO
1386,12,2026-03-19 23:56:51,2026-03-19 23:57:53,OK,NO
1388,8,2026-03-19 23:57:24,2026-03-19 23:58:26,OK,NO
1528,2,2026-03-19 23:57:47,2026-03-19 23:58:35,OK,NO
1540,1,2026-03-19 23:57:47,2026-03-19 23:58:39,OK,NO
1509,6,2026-03-19 23:57:42,2026-03-19 23:58:40,OK,NO
1510,5,2026-03-19 23:57:42,2026-03-19 23:58:42,OK,NO
1387,11,2026-03-19 23:57:49,2026-03-19 23:58:42,OK,NO
1525,3,2026-03-19 23:57:42,2026-03-19 23:58:42,OK,NO
1523,4,2026-03-19 23:57:42,2026-03-19 23:58:45,OK,NO
1388,9,2026-03-19 23:58:26,2026-03-19 23:59:22,OK,NO
1510,6,2026-03-19 23:58:42,2026-03-19 23:59:38,OK,NO
1387,12,2026-03-19 23:58:42,2026-03-19 23:59:40,OK,NO
1541,1,2026-03-19 23:58:45,2026-03-19 23:59:45,OK,NO
1529,2,2026-03-19 23:58:45,2026-03-19 23:59:46,OK,NO
1511,5,2026-03-19 23:58:42,2026-03-19 23:59:47,OK,NO
1389,7,2026-03-19 23:57:24,2026-03-19 23:59:50,OK,NO
1526,3,2026-03-19 23:58:45,2026-03-19 23:59:51,OK,NO
1524,4,2026-03-19 23:58:45,2026-03-20 00:00:08,OK,NO
1388,10,2026-03-19 23:59:22,2026-03-20 00:00:21,OK,NO
1512,5,2026-03-19 23:59:47,2026-03-20 00:00:34,OK,NO
1389,8,2026-03-19 23:59:50,2026-03-20 00:00:43,OK,NO
1511,6,2026-03-19 23:59:50,2026-03-20 00:00:49,OK,NO
1527,3,2026-03-20 00:00:08,2026-03-20 00:01:00,OK,NO
1525,4,2026-03-20 00:00:08,2026-03-20 00:01:05,OK,NO
1530,2,2026-03-20 00:00:08,2026-03-20 00:01:06,OK,NO
1542,1,2026-03-20 00:00:08,2026-03-20 00:01:07,OK,NO
1388,11,2026-03-20 00:00:21,2026-03-20 00:01:14,OK,NO
1513,5,2026-03-20 00:00:34,2026-03-20 00:01:30,OK,NO
1389,9,2026-03-20 00:00:43,2026-03-20 00:01:46,OK,NO
1531,2,2026-03-20 00:01:06,2026-03-20 00:02:04,OK,NO
1526,4,2026-03-20 00:01:05,2026-03-20 00:02:06,OK,NO
1543,1,2026-03-20 00:01:07,2026-03-20 00:02:08,OK,NO
1388,12,2026-03-20 00:01:14,2026-03-20 00:02:10,OK,NO
1528,3,2026-03-20 00:01:05,2026-03-20 00:02:11,OK,NO
1514,5,2026-03-20 00:01:30,2026-03-20 00:02:30,OK,NO
1390,7,2026-03-19 23:59:50,2026-03-20 00:02:31,OK,NO
1389,10,2026-03-20 00:01:46,2026-03-20 00:02:44,OK,NO
1527,4,2026-03-20 00:02:06,2026-03-20 00:03:03,OK,NO
1529,3,2026-03-20 00:02:11,2026-03-20 00:03:03,OK,NO
1544,1,2026-03-20 00:02:11,2026-03-20 00:03:06,OK,NO
1532,2,2026-03-20 00:02:11,2026-03-20 00:03:10,OK,NO
1390,8,2026-03-20 00:02:31,2026-03-20 00:03:27,OK,NO
1512,6,2026-03-20 00:02:31,2026-03-20 00:03:30,OK,NO
1515,5,2026-03-20 00:02:30,2026-03-20 00:03:40,OK,NO
1389,11,2026-03-20 00:02:44,2026-03-20 00:03:50,OK,NO
1530,3,2026-03-20 00:03:03,2026-03-20 00:04:05,OK,NO
1545,1,2026-03-20 00:03:10,2026-03-20 00:04:10,OK,NO
1533,2,2026-03-20 00:03:10,2026-03-20 00:04:13,OK,NO
1528,4,2026-03-20 00:03:03,2026-03-20 00:04:19,OK,NO
1389,12,2026-03-20 00:03:50,2026-03-20 00:04:43,OK,NO
1516,5,2026-03-20 00:03:40,2026-03-20 00:04:44,OK,NO
1390,9,2026-03-20 00:03:27,2026-03-20 00:04:56,OK,NO
1531,3,2026-03-20 00:04:19,2026-03-20 00:05:13,OK,NO
1534,2,2026-03-20 00:04:19,2026-03-20 00:05:15,OK,NO
1391,7,2026-03-20 00:02:31,2026-03-20 00:05:17,OK,NO
1546,1,2026-03-20 00:04:19,2026-03-20 00:05:26,OK,NO
1517,5,2026-03-20 00:04:44,2026-03-20 00:05:43,OK,NO
1529,4,2026-03-20 00:04:19,2026-03-20 00:05:50,OK,NO
1390,10,2026-03-20 00:04:56,2026-03-20 00:06:03,OK,NO
1391,8,2026-03-20 00:05:17,2026-03-20 00:06:15,OK,NO
1513,6,2026-03-20 00:05:17,2026-03-20 00:06:18,OK,NO
1518,5,2026-03-20 00:05:43,2026-03-20 00:06:34,OK,NO
1535,2,2026-03-20 00:05:50,2026-03-20 00:06:53,OK,NO
1547,1,2026-03-20 00:05:50,2026-03-20 00:06:55,OK,NO
1532,3,2026-03-20 00:05:50,2026-03-20 00:06:57,OK,NO
1390,11,2026-03-20 00:06:03,2026-03-20 00:07:00,OK,NO
1530,4,2026-03-20 00:05:50,2026-03-20 00:07:05,OK,NO
1391,9,2026-03-20 00:06:15,2026-03-20 00:07:24,OK,NO
1519,5,2026-03-20 00:06:34,2026-03-20 00:07:34,OK,NO
1392,7,2026-03-20 00:05:17,2026-03-20 00:07:55,OK,NO
1536,2,2026-03-20 00:07:05,2026-03-20 00:07:57,OK,NO
1390,12,2026-03-20 00:07:00,2026-03-20 00:07:58,OK,NO
1533,3,2026-03-20 00:07:05,2026-03-20 00:08:07,OK,NO
1531,4,2026-03-20 00:07:05,2026-03-20 00:08:08,OK,NO
1548,1,2026-03-20 00:07:05,2026-03-20 00:08:08,OK,NO
1391,10,2026-03-20 00:07:24,2026-03-20 00:08:23,OK,NO
1392,8,2026-03-20 00:07:55,2026-03-20 00:08:56,OK,NO
1520,5,2026-03-20 00:07:55,2026-03-20 00:09:00,OK,NO
1514,6,2026-03-20 00:07:55,2026-03-20 00:09:06,OK,NO
1549,1,2026-03-20 00:08:08,2026-03-20 00:09:08,OK,NO
1534,3,2026-03-20 00:08:08,2026-03-20 00:09:09,OK,NO
1537,2,2026-03-20 00:08:08,2026-03-20 00:09:13,OK,NO
1391,11,2026-03-20 00:08:23,2026-03-20 00:09:31,OK,NO
1532,4,2026-03-20 00:08:08,2026-03-20 00:09:37,OK,NO
1392,9,2026-03-20 00:08:56,2026-03-20 00:09:49,OK,NO
1391,12,2026-03-20 00:09:31,2026-03-20 00:10:24,OK,NO
1535,3,2026-03-20 00:09:37,2026-03-20 00:10:29,OK,NO
1393,7,2026-03-20 00:07:55,2026-03-20 00:10:30,OK,NO
1550,1,2026-03-20 00:09:37,2026-03-20 00:10:34,OK,NO
1538,2,2026-03-20 00:09:37,2026-03-20 00:10:40,OK,NO
1392,10,2026-03-20 00:09:49,2026-03-20 00:10:48,OK,NO
1533,4,2026-03-20 00:09:37,2026-03-20 00:11:01,OK,NO
1521,5,2026-03-20 00:10:30,2026-03-20 00:11:25,OK,NO
1515,6,2026-03-20 00:10:30,2026-03-20 00:11:26,OK,NO
1393,8,2026-03-20 00:10:30,2026-03-20 00:11:28,OK,NO
1534,4,2026-03-20 00:11:01,2026-03-20 00:11:56,OK,NO
1392,11,2026-03-20 00:10:48,2026-03-20 00:11:56,OK,NO
1551,1,2026-03-20 00:11:01,2026-03-20 00:11:58,OK,NO
1536,3,2026-03-20 00:11:01,2026-03-20 00:12:00,OK,NO
1539,2,2026-03-20 00:11:01,2026-03-20 00:12:06,OK,NO
1393,9,2026-03-20 00:11:28,2026-03-20 00:12:28,OK,NO
1392,12,2026-03-20 00:11:56,2026-03-20 00:12:43,OK,NO
1394,7,2026-03-20 00:10:30,2026-03-20 00:12:47,OK,NO
1393,10,2026-03-20 00:12:28,2026-03-20 00:13:36,OK,NO
1394,8,2026-03-20 00:12:47,2026-03-20 00:13:43,OK,NO
1516,6,2026-03-20 00:12:47,2026-03-20 00:13:45,OK,NO
1540,2,2026-03-20 00:12:47,2026-03-20 00:13:48,OK,NO
1522,5,2026-03-20 00:12:47,2026-03-20 00:13:48,OK,NO
1552,1,2026-03-20 00:12:47,2026-03-20 00:13:53,OK,NO
1537,3,2026-03-20 00:12:47,2026-03-20 00:13:58,OK,NO
1535,4,2026-03-20 00:12:47,2026-03-20 00:14:13,OK,NO
1394,9,2026-03-20 00:13:43,2026-03-20 00:14:48,OK,NO
1393,11,2026-03-20 00:13:36,2026-03-20 00:14:49,OK,NO
1395,7,2026-03-20 00:12:47,2026-03-20 00:15:28,OK,NO
1394,10,2026-03-20 00:14:48,2026-03-20 00:15:50,OK,NO
1393,12,2026-03-20 00:14:49,2026-03-20 00:15:57,OK,NO
1517,6,2026-03-20 00:15:28,2026-03-20 00:16:27,OK,NO
1523,5,2026-03-20 00:15:28,2026-03-20 00:16:30,OK,NO
1395,8,2026-03-20 00:15:28,2026-03-20 00:16:33,OK,NO
1541,2,2026-03-20 00:15:49,2026-03-20 00:16:44,OK,NO
1538,3,2026-03-20 00:15:49,2026-03-20 00:16:46,OK,NO
1553,1,2026-03-20 00:15:49,2026-03-20 00:16:46,OK,NO
1536,4,2026-03-20 00:15:49,2026-03-20 00:16:51,OK,NO
1394,11,2026-03-20 00:15:50,2026-03-20 00:16:54,OK,NO
1395,9,2026-03-20 00:16:33,2026-03-20 00:17:42,OK,NO
1396,7,2026-03-20 00:15:28,2026-03-20 00:17:44,OK,NO
1394,12,2026-03-20 00:16:54,2026-03-20 00:17:50,OK,NO
1524,5,2026-03-20 00:17:44,2026-03-20 00:18:37,OK,NO
1537,4,2026-03-20 00:17:44,2026-03-20 00:18:40,OK,NO
1542,2,2026-03-20 00:17:44,2026-03-20 00:18:43,OK,NO
1539,3,2026-03-20 00:17:44,2026-03-20 00:18:45,OK,NO
1518,6,2026-03-20 00:17:44,2026-03-20 00:18:46,OK,NO
1554,1,2026-03-20 00:17:44,2026-03-20 00:18:46,OK,NO
1396,8,2026-03-20 00:17:44,2026-03-20 00:18:48,OK,NO
1395,10,2026-03-20 00:17:42,2026-03-20 00:18:51,OK,NO
1395,11,2026-03-20 00:18:51,2026-03-20 00:19:47,OK,NO
1397,7,2026-03-20 00:17:44,2026-03-20 00:20:09,OK,NO
1395,12,2026-03-20 00:19:47,2026-03-20 00:20:54,OK,NO
1555,1,2026-03-20 00:20:09,2026-03-20 00:20:59,OK,NO
1397,8,2026-03-20 00:20:09,2026-03-20 00:21:02,OK,NO
1543,2,2026-03-20 00:20:09,2026-03-20 00:21:08,OK,NO
1540,3,2026-03-20 00:20:09,2026-03-20 00:21:09,OK,NO
1538,4,2026-03-20 00:20:09,2026-03-20 00:21:09,OK,NO
1519,6,2026-03-20 00:20:09,2026-03-20 00:21:09,OK,NO
1525,5,2026-03-20 00:20:09,2026-03-20 00:21:15,OK,NO
1396,9,2026-03-20 00:20:58,2026-03-20 00:21:50,OK,NO
1398,7,2026-03-20 00:20:09,2026-03-20 00:22:32,OK,NO
1397,9,2026-03-20 00:21:50,2026-03-20 00:22:50,OK,NO
1396,10,2026-03-20 00:21:50,2026-03-20 00:22:50,OK,NO
1398,8,2026-03-20 00:22:32,2026-03-20 00:23:26,OK,NO
1556,1,2026-03-20 00:22:32,2026-03-20 00:23:30,OK,NO
1544,2,2026-03-20 00:22:32,2026-03-20 00:23:33,OK,NO
1539,4,2026-03-20 00:22:32,2026-03-20 00:23:33,OK,NO
1520,6,2026-03-20 00:22:32,2026-03-20 00:23:37,OK,NO
1526,5,2026-03-20 00:22:32,2026-03-20 00:23:38,OK,NO
1541,3,2026-03-20 00:22:32,2026-03-20 00:23:39,OK,NO
1397,10,2026-03-20 00:22:50,2026-03-20 00:23:40,OK,NO
1396,11,2026-03-20 00:22:50,2026-03-20 00:23:58,OK,NO
1398,9,2026-03-20 00:23:26,2026-03-20 00:24:23,OK,NO
1399,7,2026-03-20 00:22:32,2026-03-20 00:24:43,OK,NO
1396,12,2026-03-20 00:23:58,2026-03-20 00:24:57,OK,NO
1397,11,2026-03-20 00:23:58,2026-03-20 00:25:01,OK,NO
1398,10,2026-03-20 00:24:23,2026-03-20 00:25:11,OK,NO
1399,8,2026-03-20 00:24:43,2026-03-20 00:25:36,OK,NO
1545,2,2026-03-20 00:24:43,2026-03-20 00:25:40,OK,NO
1542,3,2026-03-20 00:24:43,2026-03-20 00:25:41,OK,NO
1527,5,2026-03-20 00:24:43,2026-03-20 00:25:45,OK,NO
1557,1,2026-03-20 00:24:43,2026-03-20 00:25:47,OK,NO
1521,6,2026-03-20 00:24:43,2026-03-20 00:25:48,OK,NO
1540,4,2026-03-20 00:24:43,2026-03-20 00:25:54,OK,NO
1397,12,2026-03-20 00:25:01,2026-03-20 00:25:55,OK,NO
1398,11,2026-03-20 00:25:11,2026-03-20 00:26:11,OK,NO
1399,9,2026-03-20 00:25:36,2026-03-20 00:26:36,OK,NO
1398,12,2026-03-20 00:26:11,2026-03-20 00:27:18,OK,NO
1399,10,2026-03-20 00:26:36,2026-03-20 00:27:44,OK,NO
1400,7,2026-03-20 00:24:43,2026-03-20 00:27:44,OK,NO
1522,6,2026-03-20 00:27:44,2026-03-20 00:28:36,OK,NO
1558,1,2026-03-20 00:27:44,2026-03-20 00:28:44,OK,NO
1399,11,2026-03-20 00:27:44,2026-03-20 00:28:47,OK,NO
1546,2,2026-03-20 00:27:44,2026-03-20 00:28:47,OK,NO
1400,8,2026-03-20 00:27:44,2026-03-20 00:28:48,OK,NO
1528,5,2026-03-20 00:27:44,2026-03-20 00:28:49,OK,NO
1541,4,2026-03-20 00:27:44,2026-03-20 00:28:53,OK,NO
1543,3,2026-03-20 00:27:44,2026-03-20 00:28:55,OK,NO
1399,12,2026-03-20 00:28:47,2026-03-20 00:29:47,OK,NO
1401,7,2026-03-20 00:27:44,2026-03-20 00:29:53,OK,NO
1400,9,2026-03-20 00:28:48,2026-03-20 00:29:56,OK,NO
1529,5,2026-03-20 00:29:53,2026-03-20 00:30:49,OK,NO
1523,6,2026-03-20 00:29:53,2026-03-20 00:30:52,OK,NO
1401,8,2026-03-20 00:29:53,2026-03-20 00:30:54,OK,NO
1542,4,2026-03-20 00:29:53,2026-03-20 00:30:54,OK,NO
1544,3,2026-03-20 00:29:53,2026-03-20 00:30:58,OK,NO
1400,10,2026-03-20 00:29:56,2026-03-20 00:31:00,OK,NO
1547,2,2026-03-20 00:29:53,2026-03-20 00:31:01,OK,NO
1401,9,2026-03-20 00:30:54,2026-03-20 00:31:49,OK,NO
1400,11,2026-03-20 00:31:00,2026-03-20 00:31:56,OK,NO
1401,10,2026-03-20 00:31:49,2026-03-20 00:32:50,OK,NO
1402,7,2026-03-20 00:29:53,2026-03-20 00:32:52,OK,NO
1400,12,2026-03-20 00:31:56,2026-03-20 00:32:57,OK,NO
1401,11,2026-03-20 00:32:50,2026-03-20 00:33:43,OK,NO
1548,2,2026-03-20 00:32:52,2026-03-20 00:33:45,OK,NO
1530,5,2026-03-20 00:32:52,2026-03-20 00:33:47,OK,NO
1402,8,2026-03-20 00:32:52,2026-03-20 00:33:50,OK,NO
1524,6,2026-03-20 00:32:52,2026-03-20 00:33:54,OK,NO
1545,3,2026-03-20 00:32:52,2026-03-20 00:33:55,OK,NO
1543,4,2026-03-20 00:32:52,2026-03-20 00:34:10,OK,NO
1401,12,2026-03-20 00:33:43,2026-03-20 00:34:44,OK,NO
1402,9,2026-03-20 00:33:50,2026-03-20 00:35:00,OK,NO
1403,7,2026-03-20 00:32:52,2026-03-20 00:35:01,OK,NO
1531,5,2026-03-20 00:35:01,2026-03-20 00:35:56,OK,NO
1402,10,2026-03-20 00:35:00,2026-03-20 00:35:57,OK,NO
1549,2,2026-03-20 00:35:01,2026-03-20 00:35:59,OK,NO
1544,4,2026-03-20 00:35:01,2026-03-20 00:36:04,OK,NO
1525,6,2026-03-20 00:35:01,2026-03-20 00:36:07,OK,NO
1546,3,2026-03-20 00:35:01,2026-03-20 00:36:08,OK,NO
1403,8,2026-03-20 00:35:01,2026-03-20 00:36:13,OK,NO
1402,11,2026-03-20 00:35:57,2026-03-20 00:36:56,OK,NO
1559,1,2026-03-20 00:36:03,2026-03-20 00:37:07,OK,NO
1403,9,2026-03-20 00:36:13,2026-03-20 00:37:13,OK,NO
1404,7,2026-03-20 00:35:01,2026-03-20 00:37:45,OK,NO
1402,12,2026-03-20 00:36:56,2026-03-20 00:37:55,OK,NO
1560,1,2026-03-20 00:37:07,2026-03-20 00:38:09,OK,NO
1403,10,2026-03-20 00:37:13,2026-03-20 00:38:11,OK,NO
1532,5,2026-03-20 00:37:45,2026-03-20 00:38:36,OK,NO
1404,8,2026-03-20 00:37:45,2026-03-20 00:38:39,OK,NO
1550,2,2026-03-20 00:37:45,2026-03-20 00:38:40,OK,NO
1545,4,2026-03-20 00:37:45,2026-03-20 00:38:46,OK,NO
1547,3,2026-03-20 00:37:45,2026-03-20 00:38:46,OK,NO
1526,6,2026-03-20 00:37:45,2026-03-20 00:38:50,OK,NO
1403,11,2026-03-20 00:38:11,2026-03-20 00:39:04,OK,NO
1404,9,2026-03-20 00:38:39,2026-03-20 00:39:32,OK,NO
1403,12,2026-03-20 00:39:04,2026-03-20 00:40:10,OK,NO
1405,7,2026-03-20 00:37:45,2026-03-20 00:40:18,OK,NO
1404,10,2026-03-20 00:39:32,2026-03-20 00:40:26,OK,NO
1405,8,2026-03-20 00:40:18,2026-03-20 00:41:13,OK,NO
1546,4,2026-03-20 00:40:18,2026-03-20 00:41:14,OK,NO
1527,6,2026-03-20 00:40:18,2026-03-20 00:41:17,OK,NO
1548,3,2026-03-20 00:40:18,2026-03-20 00:41:18,OK,NO
1551,2,2026-03-20 00:40:18,2026-03-20 00:41:19,OK,NO
1533,5,2026-03-20 00:40:18,2026-03-20 00:41:22,OK,NO
1404,11,2026-03-20 00:40:26,2026-03-20 00:41:23,OK,NO
1405,9,2026-03-20 00:41:13,2026-03-20 00:42:17,OK,NO
1404,12,2026-03-20 00:41:23,2026-03-20 00:42:27,OK,NO
1405,10,2026-03-20 00:42:17,2026-03-20 00:43:13,OK,NO
1406,7,2026-03-20 00:40:18,2026-03-20 00:43:54,OK,NO
1405,11,2026-03-20 00:43:13,2026-03-20 00:44:17,OK,NO
1547,4,2026-03-20 00:43:54,2026-03-20 00:44:45,OK,NO
1549,3,2026-03-20 00:43:54,2026-03-20 00:44:50,OK,NO
1552,2,2026-03-20 00:43:54,2026-03-20 00:44:52,OK,NO
1528,6,2026-03-20 00:43:54,2026-03-20 00:44:52,OK,NO
1406,8,2026-03-20 00:43:54,2026-03-20 00:45:05,OK,NO
1534,5,2026-03-20 00:43:54,2026-03-20 00:45:07,OK,NO
1405,12,2026-03-20 00:44:17,2026-03-20 00:45:16,OK,NO
1406,9,2026-03-20 00:45:05,2026-03-20 00:46:19,OK,NO
1407,7,2026-03-20 00:43:54,2026-03-20 00:46:46,OK,NO
1406,10,2026-03-20 00:46:19,2026-03-20 00:47:26,OK,NO
1529,6,2026-03-20 00:46:46,2026-03-20 00:47:37,OK,NO
1553,2,2026-03-20 00:46:46,2026-03-20 00:47:39,OK,NO
1535,5,2026-03-20 00:46:46,2026-03-20 00:47:44,OK,NO
1407,8,2026-03-20 00:46:46,2026-03-20 00:47:45,OK,NO
1550,3,2026-03-20 00:46:46,2026-03-20 00:47:47,OK,NO
1548,4,2026-03-20 00:46:46,2026-03-20 00:48:06,OK,NO
1406,11,2026-03-20 00:47:26,2026-03-20 00:48:22,OK,NO
1407,9,2026-03-20 00:47:45,2026-03-20 00:48:39,OK,NO
1406,12,2026-03-20 00:48:22,2026-03-20 00:49:19,OK,NO
1408,7,2026-03-20 00:46:46,2026-03-20 00:49:27,OK,NO
1407,10,2026-03-20 00:48:39,2026-03-20 00:49:44,OK,NO
1561,1,2026-03-20 00:49:09,2026-03-20 00:50:02,OK,NO
1551,3,2026-03-20 00:49:27,2026-03-20 00:50:22,OK,NO
1536,5,2026-03-20 00:49:27,2026-03-20 00:50:23,OK,NO
1554,2,2026-03-20 00:49:27,2026-03-20 00:50:25,OK,NO
1408,8,2026-03-20 00:49:27,2026-03-20 00:50:29,OK,NO
1530,6,2026-03-20 00:49:27,2026-03-20 00:50:30,OK,NO
1549,4,2026-03-20 00:49:27,2026-03-20 00:50:35,OK,NO
1407,11,2026-03-20 00:49:44,2026-03-20 00:50:40,OK,NO
1562,1,2026-03-20 00:50:02,2026-03-20 00:50:50,OK,NO
1408,9,2026-03-20 00:50:29,2026-03-20 00:51:31,OK,NO
1563,1,2026-03-20 00:50:50,2026-03-20 00:51:42,OK,NO
1407,12,2026-03-20 00:50:40,2026-03-20 00:51:42,OK,NO
1409,7,2026-03-20 00:49:27,2026-03-20 00:51:55,OK,NO
1408,10,2026-03-20 00:51:31,2026-03-20 00:52:27,OK,NO
1564,1,2026-03-20 00:51:42,2026-03-20 00:52:43,OK,NO
1409,8,2026-03-20 00:51:55,2026-03-20 00:52:49,OK,NO
1537,5,2026-03-20 00:51:55,2026-03-20 00:52:51,OK,NO
1531,6,2026-03-20 00:51:55,2026-03-20 00:52:55,OK,NO
1552,3,2026-03-20 00:51:55,2026-03-20 00:52:59,OK,NO
1550,4,2026-03-20 00:51:55,2026-03-20 00:53:02,OK,NO
1555,2,2026-03-20 00:51:55,2026-03-20 00:53:03,OK,NO
1408,11,2026-03-20 00:52:27,2026-03-20 00:53:21,OK,NO
1565,1,2026-03-20 00:52:43,2026-03-20 00:53:38,OK,NO
1409,9,2026-03-20 00:52:49,2026-03-20 00:53:50,OK,NO
1408,12,2026-03-20 00:53:21,2026-03-20 00:54:25,OK,NO
1410,7,2026-03-20 00:51:55,2026-03-20 00:54:36,OK,NO
1566,1,2026-03-20 00:53:38,2026-03-20 00:54:38,OK,NO
1409,10,2026-03-20 00:53:50,2026-03-20 00:54:47,OK,NO
1556,2,2026-03-20 00:54:36,2026-03-20 00:55:30,OK,NO
1567,1,2026-03-20 00:54:38,2026-03-20 00:55:33,OK,NO
1538,5,2026-03-20 00:54:36,2026-03-20 00:55:38,OK,NO
1409,11,2026-03-20 00:54:47,2026-03-20 00:55:38,OK,NO
1532,6,2026-03-20 00:54:36,2026-03-20 00:55:39,OK,NO
1553,3,2026-03-20 00:54:36,2026-03-20 00:55:40,OK,NO
1410,8,2026-03-20 00:54:36,2026-03-20 00:55:41,OK,NO
1551,4,2026-03-20 00:54:36,2026-03-20 00:55:46,OK,NO
1568,1,2026-03-20 00:55:33,2026-03-20 00:56:37,OK,NO
1409,12,2026-03-20 00:55:38,2026-03-20 00:56:42,OK,NO
1410,9,2026-03-20 00:55:41,2026-03-20 00:56:45,OK,NO
1411,7,2026-03-20 00:54:36,2026-03-20 00:57:23,OK,NO
1410,10,2026-03-20 00:56:45,2026-03-20 00:57:41,OK,NO
1411,8,2026-03-20 00:57:23,2026-03-20 00:58:18,OK,NO
1410,11,2026-03-20 00:57:41,2026-03-20 00:58:43,OK,NO
1411,9,2026-03-20 00:58:18,2026-03-20 00:59:31,OK,NO
1410,12,2026-03-20 00:58:43,2026-03-20 00:59:45,OK,NO
1412,7,2026-03-20 00:57:23,2026-03-20 00:59:48,OK,NO
1411,10,2026-03-20 00:59:31,2026-03-20 01:00:33,OK,NO
1412,8,2026-03-20 00:59:48,2026-03-20 01:00:49,OK,NO
1412,9,2026-03-20 01:00:49,2026-03-20 01:01:36,OK,NO
1411,11,2026-03-20 01:00:33,2026-03-20 01:01:43,OK,NO
1413,7,2026-03-20 00:59:48,2026-03-20 01:02:15,OK,NO
1412,10,2026-03-20 01:01:36,2026-03-20 01:02:30,OK,NO
1533,6,2026-03-20 01:01:43,2026-03-20 01:02:40,OK,NO
1411,12,2026-03-20 01:01:43,2026-03-20 01:02:41,OK,NO
1569,1,2026-03-20 01:01:43,2026-03-20 01:02:46,OK,NO
1554,3,2026-03-20 01:01:43,2026-03-20 01:02:47,OK,NO
1557,2,2026-03-20 01:01:43,2026-03-20 01:02:47,OK,NO
1539,5,2026-03-20 01:01:43,2026-03-20 01:02:54,OK,NO
1552,4,2026-03-20 01:01:43,2026-03-20 01:02:57,OK,NO
1413,8,2026-03-20 01:02:15,2026-03-20 01:03:20,OK,NO
1412,11,2026-03-20 01:02:30,2026-03-20 01:03:32,OK,NO
1534,6,2026-03-20 01:02:40,2026-03-20 01:03:40,OK,NO
1540,5,2026-03-20 01:02:54,2026-03-20 01:03:51,OK,NO
1558,2,2026-03-20 01:02:57,2026-03-20 01:03:58,OK,NO
1570,1,2026-03-20 01:02:57,2026-03-20 01:04:02,OK,NO
1553,4,2026-03-20 01:02:57,2026-03-20 01:04:04,OK,NO
1555,3,2026-03-20 01:02:57,2026-03-20 01:04:08,OK,NO
1413,9,2026-03-20 01:03:20,2026-03-20 01:04:28,OK,NO
1412,12,2026-03-20 01:03:32,2026-03-20 01:04:34,OK,NO
1535,6,2026-03-20 01:03:40,2026-03-20 01:04:41,OK,NO
1414,7,2026-03-20 01:02:15,2026-03-20 01:04:55,OK,NO
1571,1,2026-03-20 01:04:13,2026-03-20 01:05:04,OK,NO
1541,5,2026-03-20 01:04:13,2026-03-20 01:05:09,OK,NO
1556,3,2026-03-20 01:04:13,2026-03-20 01:05:16,OK,NO
1559,2,2026-03-20 01:04:13,2026-03-20 01:05:19,OK,NO
1413,10,2026-03-20 01:04:28,2026-03-20 01:05:19,OK,NO
1554,4,2026-03-20 01:04:13,2026-03-20 01:05:35,OK,NO
1536,6,2026-03-20 01:04:55,2026-03-20 01:05:56,OK,NO
1414,8,2026-03-20 01:04:55,2026-03-20 01:05:56,OK,NO
1542,5,2026-03-20 01:05:09,2026-03-20 01:06:12,OK,NO
1413,11,2026-03-20 01:05:19,2026-03-20 01:06:19,OK,NO
1557,3,2026-03-20 01:05:35,2026-03-20 01:06:34,OK,NO
1572,1,2026-03-20 01:05:35,2026-03-20 01:06:35,OK,NO
1555,4,2026-03-20 01:05:35,2026-03-20 01:06:39,OK,NO
1560,2,2026-03-20 01:05:35,2026-03-20 01:06:44,OK,NO
1414,9,2026-03-20 01:05:56,2026-03-20 01:06:51,OK,NO
1415,7,2026-03-20 01:04:55,2026-03-20 01:07:16,OK,NO
1413,12,2026-03-20 01:06:19,2026-03-20 01:07:24,OK,NO
1414,10,2026-03-20 01:06:51,2026-03-20 01:07:55,OK,NO
1537,6,2026-03-20 01:07:16,2026-03-20 01:08:09,OK,NO
1561,2,2026-03-20 01:07:16,2026-03-20 01:08:11,OK,NO
1415,8,2026-03-20 01:07:16,2026-03-20 01:08:15,OK,NO
1573,1,2026-03-20 01:07:16,2026-03-20 01:08:17,OK,NO
1556,4,2026-03-20 01:07:16,2026-03-20 01:08:21,OK,NO
1558,3,2026-03-20 01:07:16,2026-03-20 01:08:21,OK,NO
1543,5,2026-03-20 01:07:16,2026-03-20 01:08:25,OK,NO
1414,11,2026-03-20 01:07:55,2026-03-20 01:08:55,OK,NO
1415,9,2026-03-20 01:08:15,2026-03-20 01:09:17,OK,NO
1416,7,2026-03-20 01:07:16,2026-03-20 01:09:39,OK,NO
1414,12,2026-03-20 01:08:55,2026-03-20 01:09:46,OK,NO
1415,10,2026-03-20 01:09:17,2026-03-20 01:10:18,OK,NO
1559,3,2026-03-20 01:09:39,2026-03-20 01:10:32,OK,NO
1574,1,2026-03-20 01:09:39,2026-03-20 01:10:35,OK,NO
1538,6,2026-03-20 01:09:39,2026-03-20 01:10:38,OK,NO
1562,2,2026-03-20 01:09:39,2026-03-20 01:10:38,OK,NO
1544,5,2026-03-20 01:09:39,2026-03-20 01:10:38,OK,NO
1416,8,2026-03-20 01:09:39,2026-03-20 01:10:40,OK,NO
1557,4,2026-03-20 01:09:39,2026-03-20 01:10:47,OK,NO
1415,11,2026-03-20 01:10:18,2026-03-20 01:11:14,OK,NO
1416,9,2026-03-20 01:10:40,2026-03-20 01:11:40,OK,NO
1417,7,2026-03-20 01:09:39,2026-03-20 01:12:12,OK,NO
1415,12,2026-03-20 01:11:14,2026-03-20 01:12:14,OK,NO
1416,10,2026-03-20 01:11:40,2026-03-20 01:12:36,OK,NO
1417,8,2026-03-20 01:12:12,2026-03-20 01:13:00,OK,NO
1539,6,2026-03-20 01:12:12,2026-03-20 01:13:02,OK,NO
1560,3,2026-03-20 01:12:12,2026-03-20 01:13:04,OK,NO
1575,1,2026-03-20 01:12:12,2026-03-20 01:13:11,OK,NO
1545,5,2026-03-20 01:12:12,2026-03-20 01:13:16,OK,NO
1558,4,2026-03-20 01:12:12,2026-03-20 01:13:17,OK,NO
1563,2,2026-03-20 01:12:12,2026-03-20 01:13:19,OK,NO
1416,11,2026-03-20 01:12:36,2026-03-20 01:13:31,OK,NO
1417,9,2026-03-20 01:13:00,2026-03-20 01:13:50,OK,NO
1416,12,2026-03-20 01:13:31,2026-03-20 01:14:37,OK,NO
1417,10,2026-03-20 01:13:50,2026-03-20 01:14:51,OK,NO
1418,7,2026-03-20 01:12:12,2026-03-20 01:15:03,OK,NO
1417,11,2026-03-20 01:14:51,2026-03-20 01:15:45,OK,NO
1546,5,2026-03-20 01:15:03,2026-03-20 01:15:56,OK,NO
1540,6,2026-03-20 01:15:03,2026-03-20 01:16:02,OK,NO
1418,8,2026-03-20 01:15:03,2026-03-20 01:16:03,OK,NO
1417,12,2026-03-20 01:15:45,2026-03-20 01:16:37,OK,NO
1418,9,2026-03-20 01:16:03,2026-03-20 01:17:00,OK,NO
1419,7,2026-03-20 01:15:03,2026-03-20 01:17:32,OK,NO
1418,10,2026-03-20 01:17:00,2026-03-20 01:17:55,OK,NO
1541,6,2026-03-20 01:17:32,2026-03-20 01:18:32,OK,NO
1419,8,2026-03-20 01:17:32,2026-03-20 01:18:34,OK,NO
1547,5,2026-03-20 01:17:32,2026-03-20 01:18:44,OK,NO
1418,11,2026-03-20 01:17:55,2026-03-20 01:18:50,OK,NO
1418,12,2026-03-20 01:18:50,2026-03-20 01:19:47,OK,NO
1420,7,2026-03-20 01:17:32,2026-03-20 01:19:52,OK,NO
1548,5,2026-03-20 01:19:52,2026-03-20 01:20:41,OK,NO
1542,6,2026-03-20 01:19:52,2026-03-20 01:20:53,OK,NO
1420,8,2026-03-20 01:19:52,2026-03-20 01:20:58,OK,NO
1576,1,2026-03-20 01:20:16,2026-03-20 01:21:15,OK,NO
1564,2,2026-03-20 01:20:16,2026-03-20 01:21:18,OK,NO
1561,3,2026-03-20 01:20:16,2026-03-20 01:21:20,OK,NO
1559,4,2026-03-20 01:20:16,2026-03-20 01:21:33,OK,NO
1421,7,2026-03-20 01:19:52,2026-03-20 01:22:24,OK,NO
1565,2,2026-03-20 01:21:33,2026-03-20 01:22:24,OK,NO
1562,3,2026-03-20 01:21:33,2026-03-20 01:22:24,OK,NO
1577,1,2026-03-20 01:21:33,2026-03-20 01:22:28,OK,NO
1560,4,2026-03-20 01:21:33,2026-03-20 01:22:44,OK,NO
1421,8,2026-03-20 01:22:24,2026-03-20 01:23:13,OK,NO
1543,6,2026-03-20 01:22:24,2026-03-20 01:23:19,OK,NO
1549,5,2026-03-20 01:22:24,2026-03-20 01:23:20,OK,NO
1566,2,2026-03-20 01:22:44,2026-03-20 01:23:40,OK,NO
1563,3,2026-03-20 01:22:44,2026-03-20 01:23:42,OK,NO
1578,1,2026-03-20 01:22:44,2026-03-20 01:23:42,OK,NO
1561,4,2026-03-20 01:22:44,2026-03-20 01:23:43,OK,NO
1579,1,2026-03-20 01:23:43,2026-03-20 01:24:43,OK,NO
1562,4,2026-03-20 01:23:43,2026-03-20 01:24:49,OK,NO
1564,3,2026-03-20 01:23:43,2026-03-20 01:24:52,OK,NO
1567,2,2026-03-20 01:23:43,2026-03-20 01:24:54,OK,NO
1422,7,2026-03-20 01:22:24,2026-03-20 01:24:59,OK,NO
1568,2,2026-03-20 01:24:59,2026-03-20 01:25:52,OK,NO
1544,6,2026-03-20 01:24:59,2026-03-20 01:26:02,OK,NO
1550,5,2026-03-20 01:24:59,2026-03-20 01:26:02,OK,NO
1565,3,2026-03-20 01:24:59,2026-03-20 01:26:02,OK,NO
1422,8,2026-03-20 01:24:59,2026-03-20 01:26:04,OK,NO
1580,1,2026-03-20 01:24:59,2026-03-20 01:26:05,OK,NO
1563,4,2026-03-20 01:24:59,2026-03-20 01:26:28,OK,NO
1423,7,2026-03-20 01:24:59,2026-03-20 01:27:58,OK,NO
1423,8,2026-03-20 01:27:58,2026-03-20 01:28:55,OK,NO
1551,5,2026-03-20 01:27:58,2026-03-20 01:28:57,OK,NO
1545,6,2026-03-20 01:27:58,2026-03-20 01:29:01,OK,NO
1569,2,2026-03-20 01:27:58,2026-03-20 01:29:02,OK,NO
1564,4,2026-03-20 01:27:58,2026-03-20 01:29:02,OK,NO
1581,1,2026-03-20 01:27:58,2026-03-20 01:29:05,OK,NO
1566,3,2026-03-20 01:27:58,2026-03-20 01:29:08,OK,NO
1424,7,2026-03-20 01:27:58,2026-03-20 01:30:23,OK,NO
1567,3,2026-03-20 01:30:23,2026-03-20 01:31:19,OK,NO
1546,6,2026-03-20 01:30:23,2026-03-20 01:31:21,OK,NO
1552,5,2026-03-20 01:30:23,2026-03-20 01:31:22,OK,NO
1582,1,2026-03-20 01:30:23,2026-03-20 01:31:27,OK,NO
1570,2,2026-03-20 01:30:23,2026-03-20 01:31:30,OK,NO
1565,4,2026-03-20 01:30:23,2026-03-20 01:31:33,OK,NO
1425,7,2026-03-20 01:30:23,2026-03-20 01:32:47,OK,NO
1419,9,2026-03-20 01:32:11,2026-03-20 01:33:03,OK,NO
1424,8,2026-03-20 01:32:11,2026-03-20 01:33:06,OK,NO
1547,6,2026-03-20 01:32:47,2026-03-20 01:33:41,OK,NO
1568,3,2026-03-20 01:32:47,2026-03-20 01:33:43,OK,NO
1583,1,2026-03-20 01:32:47,2026-03-20 01:33:43,OK,NO
1566,4,2026-03-20 01:32:47,2026-03-20 01:33:48,OK,NO
1571,2,2026-03-20 01:32:47,2026-03-20 01:33:53,OK,NO
1553,5,2026-03-20 01:32:47,2026-03-20 01:33:53,OK,NO
1419,10,2026-03-20 01:33:03,2026-03-20 01:34:06,OK,NO
1425,8,2026-03-20 01:33:06,2026-03-20 01:34:07,OK,NO
1420,9,2026-03-20 01:33:03,2026-03-20 01:34:10,OK,NO
1426,7,2026-03-20 01:32:47,2026-03-20 01:34:57,OK,NO
1419,11,2026-03-20 01:34:06,2026-03-20 01:35:12,OK,NO
1420,10,2026-03-20 01:34:10,2026-03-20 01:35:14,OK,NO
1421,9,2026-03-20 01:34:10,2026-03-20 01:35:15,OK,NO
1569,3,2026-03-20 01:34:57,2026-03-20 01:35:52,OK,NO
1567,4,2026-03-20 01:34:57,2026-03-20 01:35:52,OK,NO
1584,1,2026-03-20 01:34:57,2026-03-20 01:35:57,OK,NO
1548,6,2026-03-20 01:34:57,2026-03-20 01:35:59,OK,NO
1572,2,2026-03-20 01:34:57,2026-03-20 01:36:01,OK,NO
1426,8,2026-03-20 01:34:57,2026-03-20 01:36:02,OK,NO
1554,5,2026-03-20 01:34:57,2026-03-20 01:36:04,OK,NO
1421,10,2026-03-20 01:35:15,2026-03-20 01:36:05,OK,NO
1420,11,2026-03-20 01:35:14,2026-03-20 01:36:12,OK,NO
1419,12,2026-03-20 01:35:12,2026-03-20 01:36:13,OK,NO
1422,9,2026-03-20 01:35:15,2026-03-20 01:36:16,OK,NO
1420,12,2026-03-20 01:36:13,2026-03-20 01:37:11,OK,NO
1422,10,2026-03-20 01:36:16,2026-03-20 01:37:16,OK,NO
1421,11,2026-03-20 01:36:12,2026-03-20 01:37:17,OK,NO
1423,9,2026-03-20 01:36:16,2026-03-20 01:37:29,OK,NO
1427,7,2026-03-20 01:34:57,2026-03-20 01:37:38,OK,NO
1422,11,2026-03-20 01:37:17,2026-03-20 01:38:15,OK,NO
1424,9,2026-03-20 01:37:29,2026-03-20 01:38:24,OK,NO
1423,10,2026-03-20 01:37:29,2026-03-20 01:38:29,OK,NO
1568,4,2026-03-20 01:37:38,2026-03-20 01:38:30,OK,NO
1427,8,2026-03-20 01:37:38,2026-03-20 01:38:39,OK,NO
1555,5,2026-03-20 01:37:38,2026-03-20 01:38:40,OK,NO
1549,6,2026-03-20 01:37:38,2026-03-20 01:38:49,OK,NO
1425,9,2026-03-20 01:38:24,2026-03-20 01:39:19,OK,NO
1424,10,2026-03-20 01:38:29,2026-03-20 01:39:27,OK,NO
1423,11,2026-03-20 01:38:29,2026-03-20 01:39:34,OK,NO
1428,7,2026-03-20 01:37:38,2026-03-20 01:40:07,OK,NO
1421,12,2026-03-20 01:39:09,2026-03-20 01:40:11,OK,NO
1426,9,2026-03-20 01:39:19,2026-03-20 01:40:13,OK,NO
1425,10,2026-03-20 01:39:27,2026-03-20 01:40:25,OK,NO
1424,11,2026-03-20 01:39:34,2026-03-20 01:40:32,OK,NO
1422,12,2026-03-20 01:40:11,2026-03-20 01:41:01,OK,NO
1556,5,2026-03-20 01:40:07,2026-03-20 01:41:02,OK,NO
1428,8,2026-03-20 01:40:07,2026-03-20 01:41:07,OK,NO
1569,4,2026-03-20 01:40:07,2026-03-20 01:41:09,OK,NO
1427,9,2026-03-20 01:40:13,2026-03-20 01:41:12,OK,NO
1550,6,2026-03-20 01:40:07,2026-03-20 01:41:18,OK,NO
1426,10,2026-03-20 01:40:25,2026-03-20 01:41:25,OK,NO
1425,11,2026-03-20 01:40:32,2026-03-20 01:41:26,OK,NO
1423,12,2026-03-20 01:41:01,2026-03-20 01:41:53,OK,NO
1428,9,2026-03-20 01:41:12,2026-03-20 01:42:18,OK,NO
1427,10,2026-03-20 01:41:25,2026-03-20 01:42:26,OK,NO
1426,11,2026-03-20 01:41:26,2026-03-20 01:42:34,OK,NO
1424,12,2026-03-20 01:41:53,2026-03-20 01:42:48,OK,NO
1429,7,2026-03-20 01:40:07,2026-03-20 01:43:25,OK,NO
1428,10,2026-03-20 01:42:26,2026-03-20 01:43:33,OK,NO
1427,11,2026-03-20 01:42:34,2026-03-20 01:43:34,OK,NO
1425,12,2026-03-20 01:42:48,2026-03-20 01:43:53,OK,NO
1557,5,2026-03-20 01:43:25,2026-03-20 01:44:25,OK,NO
1429,8,2026-03-20 01:43:25,2026-03-20 01:44:30,OK,NO
1551,6,2026-03-20 01:43:25,2026-03-20 01:44:32,OK,NO
1428,11,2026-03-20 01:43:34,2026-03-20 01:44:36,OK,NO
1426,12,2026-03-20 01:43:53,2026-03-20 01:44:49,OK,NO
1427,12,2026-03-20 01:44:49,2026-03-20 01:45:44,OK,NO
1430,7,2026-03-20 01:43:25,2026-03-20 01:45:50,OK,NO
1429,9,2026-03-20 01:44:30,2026-03-20 01:45:55,OK,NO
1428,12,2026-03-20 01:45:44,2026-03-20 01:46:44,OK,NO
1558,5,2026-03-20 01:45:50,2026-03-20 01:46:46,OK,NO
1430,8,2026-03-20 01:45:50,2026-03-20 01:46:48,OK,NO
1429,10,2026-03-20 01:45:55,2026-03-20 01:46:51,OK,NO
1552,6,2026-03-20 01:45:50,2026-03-20 01:46:58,OK,NO
1430,9,2026-03-20 01:46:48,2026-03-20 01:47:48,OK,NO
1429,11,2026-03-20 01:46:51,2026-03-20 01:47:54,OK,NO
1431,7,2026-03-20 01:45:50,2026-03-20 01:48:29,OK,NO
1430,10,2026-03-20 01:47:48,2026-03-20 01:48:40,OK,NO
1429,12,2026-03-20 01:47:54,2026-03-20 01:48:51,OK,NO
1431,8,2026-03-20 01:48:29,2026-03-20 01:49:24,OK,NO
1553,6,2026-03-20 01:48:29,2026-03-20 01:49:28,OK,NO
1559,5,2026-03-20 01:48:29,2026-03-20 01:49:36,OK,NO
1431,9,2026-03-20 01:49:24,2026-03-20 01:50:22,OK,NO
1432,7,2026-03-20 01:48:29,2026-03-20 01:51:06,OK,NO
1431,10,2026-03-20 01:50:22,2026-03-20 01:51:17,OK,NO
1432,8,2026-03-20 01:51:06,2026-03-20 01:52:04,OK,NO
1554,6,2026-03-20 01:51:06,2026-03-20 01:52:05,OK,NO
1560,5,2026-03-20 01:51:06,2026-03-20 01:52:07,OK,NO
1432,9,2026-03-20 01:52:04,2026-03-20 01:53:06,OK,NO
1430,11,2026-03-20 01:52:20,2026-03-20 01:53:21,OK,NO
1433,7,2026-03-20 01:51:06,2026-03-20 01:53:45,OK,NO
1432,10,2026-03-20 01:53:06,2026-03-20 01:54:10,OK,NO
1431,11,2026-03-20 01:53:21,2026-03-20 01:54:19,OK,NO
1430,12,2026-03-20 01:53:21,2026-03-20 01:54:31,OK,NO
1555,6,2026-03-20 01:53:45,2026-03-20 01:54:43,OK,NO
1561,5,2026-03-20 01:53:45,2026-03-20 01:54:48,OK,NO
1433,8,2026-03-20 01:53:45,2026-03-20 01:54:50,OK,NO
1432,11,2026-03-20 01:54:19,2026-03-20 01:55:15,OK,NO
1431,12,2026-03-20 01:54:31,2026-03-20 01:55:30,OK,NO
1433,9,2026-03-20 01:54:50,2026-03-20 01:55:58,OK,NO
1434,7,2026-03-20 01:53:45,2026-03-20 01:56:14,OK,NO
1432,12,2026-03-20 01:55:30,2026-03-20 01:56:20,OK,NO
1434,8,2026-03-20 01:56:14,2026-03-20 01:57:05,OK,NO
1433,10,2026-03-20 01:55:58,2026-03-20 01:57:06,OK,NO
1433,11,2026-03-20 01:57:06,2026-03-20 01:57:56,OK,NO
1434,9,2026-03-20 01:57:05,2026-03-20 01:58:05,OK,NO
1570,3,2026-03-20 01:57:15,2026-03-20 01:58:13,OK,NO
1435,7,2026-03-20 01:56:14,2026-03-20 01:58:36,OK,NO
1433,12,2026-03-20 01:57:56,2026-03-20 01:59:04,OK,NO
1434,10,2026-03-20 01:58:05,2026-03-20 01:59:10,OK,NO
1571,3,2026-03-20 01:58:13,2026-03-20 01:59:13,OK,NO
1570,4,2026-03-20 01:58:13,2026-03-20 01:59:16,OK,NO
1435,8,2026-03-20 01:58:36,2026-03-20 01:59:38,OK,NO
1572,3,2026-03-20 01:59:13,2026-03-20 02:00:06,OK,NO
1434,11,2026-03-20 01:59:10,2026-03-20 02:00:13,OK,NO
1571,4,2026-03-20 01:59:16,2026-03-20 02:00:21,OK,NO
1435,9,2026-03-20 01:59:38,2026-03-20 02:00:44,OK,NO
1436,7,2026-03-20 01:58:36,2026-03-20 02:00:46,OK,NO
1434,12,2026-03-20 02:00:13,2026-03-20 02:01:02,OK,NO
1572,4,2026-03-20 02:00:21,2026-03-20 02:01:29,OK,NO
1435,10,2026-03-20 02:00:44,2026-03-20 02:01:42,OK,NO
1436,8,2026-03-20 02:00:46,2026-03-20 02:01:49,OK,NO
1435,11,2026-03-20 02:01:42,2026-03-20 02:02:38,OK,NO
1436,9,2026-03-20 02:01:49,2026-03-20 02:02:50,OK,NO
1435,12,2026-03-20 02:02:38,2026-03-20 02:03:42,OK,NO
1436,10,2026-03-20 02:02:50,2026-03-20 02:03:44,OK,NO
1437,7,2026-03-20 02:00:46,2026-03-20 02:04:06,OK,NO
1436,11,2026-03-20 02:03:44,2026-03-20 02:04:46,OK,NO
1437,8,2026-03-20 02:04:06,2026-03-20 02:05:05,OK,NO
1436,12,2026-03-20 02:04:46,2026-03-20 02:05:50,OK,NO
1585,1,2026-03-20 02:05:05,2026-03-20 02:05:59,OK,NO
1573,2,2026-03-20 02:05:05,2026-03-20 02:06:02,OK,NO
1437,9,2026-03-20 02:05:05,2026-03-20 02:06:06,OK,NO
1438,7,2026-03-20 02:04:06,2026-03-20 02:06:40,OK,NO
1574,2,2026-03-20 02:06:02,2026-03-20 02:07:02,OK,NO
1586,1,2026-03-20 02:06:02,2026-03-20 02:07:02,OK,NO
1573,3,2026-03-20 02:06:02,2026-03-20 02:07:04,OK,NO
1437,10,2026-03-20 02:06:06,2026-03-20 02:07:11,OK,NO
1438,8,2026-03-20 02:06:40,2026-03-20 02:07:36,OK,NO
1574,3,2026-03-20 02:07:04,2026-03-20 02:08:09,OK,NO
1437,11,2026-03-20 02:07:11,2026-03-20 02:08:11,OK,NO
1573,4,2026-03-20 02:07:04,2026-03-20 02:08:23,OK,NO
1438,9,2026-03-20 02:07:36,2026-03-20 02:08:35,OK,NO
1556,6,2026-03-20 02:07:38,2026-03-20 02:08:42,OK,NO
1562,5,2026-03-20 02:07:38,2026-03-20 02:08:47,OK,NO
1437,12,2026-03-20 02:08:11,2026-03-20 02:09:23,OK,NO
1438,10,2026-03-20 02:08:35,2026-03-20 02:09:32,OK,NO
1439,7,2026-03-20 02:06:40,2026-03-20 02:09:36,OK,NO
1557,6,2026-03-20 02:08:42,2026-03-20 02:09:43,OK,NO
1563,5,2026-03-20 02:08:47,2026-03-20 02:09:49,OK,NO
1439,8,2026-03-20 02:09:36,2026-03-20 02:10:30,OK,NO
1438,11,2026-03-20 02:09:32,2026-03-20 02:10:35,OK,NO
1558,6,2026-03-20 02:09:43,2026-03-20 02:10:39,OK,NO
1564,5,2026-03-20 02:09:49,2026-03-20 02:10:50,OK,NO
1438,12,2026-03-20 02:10:35,2026-03-20 02:11:32,OK,NO
1559,6,2026-03-20 02:10:39,2026-03-20 02:11:47,OK,NO
1565,5,2026-03-20 02:10:50,2026-03-20 02:11:53,OK,NO
1440,7,2026-03-20 02:09:36,2026-03-20 02:12:14,OK,NO
1560,6,2026-03-20 02:11:47,2026-03-20 02:12:39,OK,NO
1587,1,2026-03-20 02:11:47,2026-03-20 02:12:47,OK,NO
1575,2,2026-03-20 02:11:47,2026-03-20 02:12:50,OK,NO
1566,5,2026-03-20 02:11:53,2026-03-20 02:12:56,OK,NO
1440,8,2026-03-20 02:12:14,2026-03-20 02:13:09,OK,NO
1439,9,2026-03-20 02:12:05,2026-03-20 02:13:25,OK,NO
1561,6,2026-03-20 02:12:39,2026-03-20 02:13:32,OK,NO
1576,2,2026-03-20 02:12:50,2026-03-20 02:13:44,OK,NO
1588,1,2026-03-20 02:12:50,2026-03-20 02:13:46,OK,NO
1575,3,2026-03-20 02:12:50,2026-03-20 02:13:49,OK,NO
1567,5,2026-03-20 02:12:56,2026-03-20 02:13:52,OK,NO
1440,9,2026-03-20 02:13:25,2026-03-20 02:14:16,OK,NO
1562,6,2026-03-20 02:13:32,2026-03-20 02:14:24,OK,NO
1439,10,2026-03-20 02:13:25,2026-03-20 02:14:25,OK,NO
1441,7,2026-03-20 02:12:14,2026-03-20 02:14:39,OK,NO
1577,2,2026-03-20 02:13:44,2026-03-20 02:14:39,OK,NO
1589,1,2026-03-20 02:13:46,2026-03-20 02:14:51,OK,NO
1568,5,2026-03-20 02:13:52,2026-03-20 02:15:01,OK,NO
1439,11,2026-03-20 02:14:25,2026-03-20 02:15:20,OK,NO
1440,10,2026-03-20 02:14:25,2026-03-20 02:15:31,OK,NO
1578,2,2026-03-20 02:14:39,2026-03-20 02:15:36,OK,NO
1563,6,2026-03-20 02:14:39,2026-03-20 02:15:38,OK,NO
1441,8,2026-03-20 02:14:39,2026-03-20 02:15:40,OK,NO
1590,1,2026-03-20 02:14:51,2026-03-20 02:15:57,OK,NO
1569,5,2026-03-20 02:15:01,2026-03-20 02:16:06,OK,NO
1439,12,2026-03-20 02:15:20,2026-03-20 02:16:22,OK,NO
1440,11,2026-03-20 02:15:31,2026-03-20 02:16:27,OK,NO
1441,9,2026-03-20 02:15:40,2026-03-20 02:16:45,OK,NO
1442,7,2026-03-20 02:14:39,2026-03-20 02:17:13,OK,NO
1440,12,2026-03-20 02:16:27,2026-03-20 02:17:28,OK,NO
1441,10,2026-03-20 02:16:45,2026-03-20 02:17:36,OK,NO
1442,8,2026-03-20 02:17:13,2026-03-20 02:18:08,OK,NO
1564,6,2026-03-20 02:17:13,2026-03-20 02:18:10,OK,NO
1570,5,2026-03-20 02:17:13,2026-03-20 02:18:25,OK,NO
1441,11,2026-03-20 02:17:36,2026-03-20 02:18:38,OK,NO
1442,9,2026-03-20 02:18:08,2026-03-20 02:18:56,OK,NO
1441,12,2026-03-20 02:18:38,2026-03-20 02:19:41,OK,NO
1443,7,2026-03-20 02:17:13,2026-03-20 02:19:41,OK,NO
1442,10,2026-03-20 02:18:56,2026-03-20 02:19:56,OK,NO
1443,8,2026-03-20 02:19:41,2026-03-20 02:20:36,OK,NO
1571,5,2026-03-20 02:19:41,2026-03-20 02:20:40,OK,NO
1565,6,2026-03-20 02:19:41,2026-03-20 02:20:45,OK,NO
1442,11,2026-03-20 02:19:56,2026-03-20 02:21:07,OK,NO
1443,9,2026-03-20 02:20:36,2026-03-20 02:21:32,OK,NO
1443,10,2026-03-20 02:21:32,2026-03-20 02:22:22,OK,NO
1444,7,2026-03-20 02:19:41,2026-03-20 02:22:43,OK,NO
1442,12,2026-03-20 02:21:50,2026-03-20 02:22:43,OK,NO
1443,11,2026-03-20 02:22:22,2026-03-20 02:23:16,OK,NO
1566,6,2026-03-20 02:22:43,2026-03-20 02:23:34,OK,NO
1572,5,2026-03-20 02:22:43,2026-03-20 02:23:38,OK,NO
1444,8,2026-03-20 02:22:43,2026-03-20 02:23:51,OK,NO
1443,12,2026-03-20 02:23:16,2026-03-20 02:24:12,OK,NO
1444,9,2026-03-20 02:23:51,2026-03-20 02:24:54,OK,NO
1445,7,2026-03-20 02:22:43,2026-03-20 02:25:14,OK,NO
1444,10,2026-03-20 02:24:54,2026-03-20 02:25:51,OK,NO
1567,6,2026-03-20 02:25:14,2026-03-20 02:26:14,OK,NO
1573,5,2026-03-20 02:25:14,2026-03-20 02:26:16,OK,NO
1446,7,2026-03-20 02:25:14,2026-03-20 02:28:25,OK,NO
1568,6,2026-03-20 02:28:25,2026-03-20 02:29:32,OK,NO
1447,7,2026-03-20 02:28:25,2026-03-20 02:30:34,OK,NO
1569,6,2026-03-20 02:30:34,2026-03-20 02:31:24,OK,NO
1445,8,2026-03-20 02:31:01,2026-03-20 02:31:55,OK,NO
1576,3,2026-03-20 02:31:26,2026-03-20 02:32:23,OK,NO
1579,2,2026-03-20 02:31:26,2026-03-20 02:32:32,OK,NO
1591,1,2026-03-20 02:31:26,2026-03-20 02:32:33,OK,NO
1574,4,2026-03-20 02:31:26,2026-03-20 02:32:43,OK,NO
1445,9,2026-03-20 02:31:55,2026-03-20 02:32:49,OK,NO
1446,8,2026-03-20 02:31:55,2026-03-20 02:32:50,OK,NO
1448,7,2026-03-20 02:30:34,2026-03-20 02:32:59,OK,NO
1574,5,2026-03-20 02:32:43,2026-03-20 02:33:40,OK,NO
1445,10,2026-03-20 02:32:49,2026-03-20 02:33:43,OK,NO
1592,1,2026-03-20 02:32:43,2026-03-20 02:33:43,OK,NO
1580,2,2026-03-20 02:32:43,2026-03-20 02:33:46,OK,NO
1577,3,2026-03-20 02:32:43,2026-03-20 02:33:46,OK,NO
1570,6,2026-03-20 02:32:59,2026-03-20 02:33:56,OK,NO
1447,8,2026-03-20 02:32:50,2026-03-20 02:34:01,OK,NO
1575,4,2026-03-20 02:32:43,2026-03-20 02:34:15,OK,NO
1446,9,2026-03-20 02:32:50,2026-03-20 02:34:19,OK,NO
1581,2,2026-03-20 02:34:15,2026-03-20 02:35:08,OK,NO
1575,5,2026-03-20 02:34:15,2026-03-20 02:35:08,OK,NO
1448,8,2026-03-20 02:34:01,2026-03-20 02:35:10,OK,NO
1578,3,2026-03-20 02:34:15,2026-03-20 02:35:12,OK,NO
1576,4,2026-03-20 02:34:15,2026-03-20 02:35:15,OK,NO
1447,9,2026-03-20 02:34:19,2026-03-20 02:35:21,OK,NO
1446,10,2026-03-20 02:34:19,2026-03-20 02:35:23,OK,NO
1449,7,2026-03-20 02:32:59,2026-03-20 02:35:35,OK,NO
1579,3,2026-03-20 02:35:15,2026-03-20 02:36:08,OK,NO
1582,2,2026-03-20 02:35:15,2026-03-20 02:36:17,OK,NO
1576,5,2026-03-20 02:35:15,2026-03-20 02:36:17,OK,NO
1447,10,2026-03-20 02:35:23,2026-03-20 02:36:21,OK,NO
1577,4,2026-03-20 02:35:15,2026-03-20 02:36:25,OK,NO
1448,9,2026-03-20 02:35:21,2026-03-20 02:36:31,OK,NO
1571,6,2026-03-20 02:35:35,2026-03-20 02:36:43,OK,NO
1449,8,2026-03-20 02:35:35,2026-03-20 02:36:47,OK,NO
1577,5,2026-03-20 02:36:25,2026-03-20 02:37:18,OK,NO
1583,2,2026-03-20 02:36:25,2026-03-20 02:37:20,OK,NO
1578,4,2026-03-20 02:36:25,2026-03-20 02:37:22,OK,NO
1444,11,2026-03-20 02:36:28,2026-03-20 02:37:24,OK,NO
1580,3,2026-03-20 02:36:25,2026-03-20 02:37:26,OK,NO
1448,10,2026-03-20 02:36:31,2026-03-20 02:37:37,OK,NO
1449,9,2026-03-20 02:36:47,2026-03-20 02:37:48,OK,NO
1445,11,2026-03-20 02:37:24,2026-03-20 02:38:20,OK,NO
1444,12,2026-03-20 02:37:24,2026-03-20 02:38:20,OK,NO
1581,3,2026-03-20 02:37:26,2026-03-20 02:38:20,OK,NO
1579,4,2026-03-20 02:37:22,2026-03-20 02:38:20,OK,NO
1584,2,2026-03-20 02:37:26,2026-03-20 02:38:26,OK,NO
1449,10,2026-03-20 02:37:48,2026-03-20 02:38:37,OK,NO
1582,3,2026-03-20 02:38:20,2026-03-20 02:39:12,OK,NO
1450,7,2026-03-20 02:35:35,2026-03-20 02:39:15,OK,NO
1445,12,2026-03-20 02:38:20,2026-03-20 02:39:21,OK,NO
1446,11,2026-03-20 02:38:20,2026-03-20 02:39:24,OK,NO
1580,4,2026-03-20 02:38:20,2026-03-20 02:39:26,OK,NO
1585,2,2026-03-20 02:38:26,2026-03-20 02:39:34,OK,NO
1450,8,2026-03-20 02:39:15,2026-03-20 02:40:18,OK,NO
1447,11,2026-03-20 02:39:24,2026-03-20 02:40:19,OK,NO
1446,12,2026-03-20 02:39:24,2026-03-20 02:40:20,OK,NO
1583,3,2026-03-20 02:39:26,2026-03-20 02:40:26,OK,NO
1581,4,2026-03-20 02:39:26,2026-03-20 02:40:32,OK,NO
1586,2,2026-03-20 02:39:34,2026-03-20 02:40:36,OK,NO
1593,1,2026-03-20 02:39:46,2026-03-20 02:40:47,OK,NO
1448,11,2026-03-20 02:40:19,2026-03-20 02:41:13,OK,NO
1447,12,2026-03-20 02:40:20,2026-03-20 02:41:13,OK,NO
1584,3,2026-03-20 02:40:32,2026-03-20 02:41:28,OK,NO
1582,4,2026-03-20 02:40:32,2026-03-20 02:41:37,OK,NO
1594,1,2026-03-20 02:40:47,2026-03-20 02:41:42,OK,NO
1450,9,2026-03-20 02:40:18,2026-03-20 02:41:42,OK,NO
1587,2,2026-03-20 02:40:36,2026-03-20 02:41:42,OK,NO
1449,11,2026-03-20 02:41:13,2026-03-20 02:42:08,OK,NO
1448,12,2026-03-20 02:41:13,2026-03-20 02:42:13,OK,NO
1585,3,2026-03-20 02:41:37,2026-03-20 02:42:31,OK,NO
1450,10,2026-03-20 02:41:42,2026-03-20 02:42:39,OK,NO
1588,2,2026-03-20 02:41:42,2026-03-20 02:42:40,OK,NO
1595,1,2026-03-20 02:41:42,2026-03-20 02:42:42,OK,NO
1583,4,2026-03-20 02:41:37,2026-03-20 02:42:45,OK,NO
1449,12,2026-03-20 02:42:13,2026-03-20 02:43:12,OK,NO
1589,2,2026-03-20 02:42:45,2026-03-20 02:43:37,OK,NO
1450,11,2026-03-20 02:42:39,2026-03-20 02:43:37,OK,NO
1596,1,2026-03-20 02:42:42,2026-03-20 02:43:39,OK,NO
1586,3,2026-03-20 02:42:45,2026-03-20 02:43:45,OK,NO
1584,4,2026-03-20 02:42:45,2026-03-20 02:44:02,OK,NO
1597,1,2026-03-20 02:43:39,2026-03-20 02:44:30,OK,NO
1450,12,2026-03-20 02:43:37,2026-03-20 02:44:32,OK,NO
1587,3,2026-03-20 02:44:02,2026-03-20 02:45:04,OK,NO
1590,2,2026-03-20 02:44:02,2026-03-20 02:45:06,OK,NO
1585,4,2026-03-20 02:44:02,2026-03-20 02:45:08,OK,NO
1598,1,2026-03-20 02:44:30,2026-03-20 02:45:32,OK,NO
1591,2,2026-03-20 02:45:08,2026-03-20 02:46:00,OK,NO
1588,3,2026-03-20 02:45:08,2026-03-20 02:46:05,OK,NO
1578,5,2026-03-20 02:45:17,2026-03-20 02:46:12,OK,NO
1572,6,2026-03-20 02:45:17,2026-03-20 02:46:14,OK,NO
1586,4,2026-03-20 02:45:08,2026-03-20 02:46:14,OK,NO
1599,1,2026-03-20 02:45:32,2026-03-20 02:46:36,OK,NO
1600,1,2026-03-20 02:46:36,2026-03-20 02:47:33,OK,NO
1451,7,2026-03-20 02:45:17,2026-03-20 02:47:53,OK,NO
1601,1,2026-03-20 02:47:33,2026-03-20 02:48:40,OK,NO
1451,8,2026-03-20 02:47:53,2026-03-20 02:48:50,OK,NO
1579,5,2026-03-20 02:47:53,2026-03-20 02:48:55,OK,NO
1573,6,2026-03-20 02:47:53,2026-03-20 02:48:56,OK,NO
1589,3,2026-03-20 02:48:04,2026-03-20 02:48:58,OK,NO
1592,2,2026-03-20 02:48:04,2026-03-20 02:49:00,OK,NO
1587,4,2026-03-20 02:48:04,2026-03-20 02:49:08,OK,NO
1602,1,2026-03-20 02:48:40,2026-03-20 02:49:31,OK,NO
1451,9,2026-03-20 02:48:50,2026-03-20 02:49:46,OK,NO
1590,3,2026-03-20 02:49:08,2026-03-20 02:50:03,OK,NO
1593,2,2026-03-20 02:49:08,2026-03-20 02:50:18,OK,NO
1588,4,2026-03-20 02:49:08,2026-03-20 02:50:23,OK,NO
1603,1,2026-03-20 02:49:31,2026-03-20 02:50:27,OK,NO
1451,10,2026-03-20 02:49:46,2026-03-20 02:50:52,OK,NO
1594,2,2026-03-20 02:50:23,2026-03-20 02:51:23,OK,NO
1591,3,2026-03-20 02:50:23,2026-03-20 02:51:26,OK,NO
1604,1,2026-03-20 02:50:27,2026-03-20 02:51:29,OK,NO
1589,4,2026-03-20 02:50:23,2026-03-20 02:51:49,OK,NO
1451,11,2026-03-20 02:50:52,2026-03-20 02:52:04,OK,NO
1452,7,2026-03-20 02:47:53,2026-03-20 02:52:09,OK,NO
1605,1,2026-03-20 02:51:29,2026-03-20 02:52:21,OK,NO
1592,3,2026-03-20 02:51:49,2026-03-20 02:52:41,OK,NO
1595,2,2026-03-20 02:51:49,2026-03-20 02:52:50,OK,NO
1590,4,2026-03-20 02:51:49,2026-03-20 02:52:52,OK,NO
1451,12,2026-03-20 02:52:04,2026-03-20 02:52:59,OK,NO
1574,6,2026-03-20 02:52:09,2026-03-20 02:53:02,OK,NO
1452,8,2026-03-20 02:52:09,2026-03-20 02:53:07,OK,NO
1580,5,2026-03-20 02:52:09,2026-03-20 02:53:14,OK,NO
1606,1,2026-03-20 02:52:21,2026-03-20 02:53:22,OK,NO
1593,3,2026-03-20 02:52:52,2026-03-20 02:53:47,OK,NO
1596,2,2026-03-20 02:52:52,2026-03-20 02:53:53,OK,NO
1452,9,2026-03-20 02:53:07,2026-03-20 02:54:16,OK,NO
1591,4,2026-03-20 02:52:52,2026-03-20 02:54:23,OK,NO
1607,1,2026-03-20 02:53:22,2026-03-20 02:54:30,OK,NO
1453,7,2026-03-20 02:52:09,2026-03-20 02:54:36,OK,NO
1452,10,2026-03-20 02:54:16,2026-03-20 02:55:14,OK,NO
1608,1,2026-03-20 02:54:30,2026-03-20 02:55:21,OK,NO
1592,4,2026-03-20 02:54:23,2026-03-20 02:55:23,OK,NO
1597,2,2026-03-20 02:54:23,2026-03-20 02:55:24,OK,NO
1453,8,2026-03-20 02:54:36,2026-03-20 02:55:34,OK,NO
1594,3,2026-03-20 02:54:23,2026-03-20 02:55:34,OK,NO
1575,6,2026-03-20 02:54:36,2026-03-20 02:55:34,OK,NO
1581,5,2026-03-20 02:54:36,2026-03-20 02:55:44,OK,NO
1452,11,2026-03-20 02:55:14,2026-03-20 02:56:15,OK,NO
1609,1,2026-03-20 02:55:21,2026-03-20 02:56:19,OK,NO
1593,4,2026-03-20 02:55:23,2026-03-20 02:56:22,OK,NO
1453,9,2026-03-20 02:55:34,2026-03-20 02:56:29,OK,NO
1598,2,2026-03-20 02:55:34,2026-03-20 02:56:39,OK,NO
1595,3,2026-03-20 02:55:34,2026-03-20 02:56:40,OK,NO
1452,12,2026-03-20 02:56:15,2026-03-20 02:57:16,OK,NO
1610,1,2026-03-20 02:56:19,2026-03-20 02:57:19,OK,NO
1453,10,2026-03-20 02:56:29,2026-03-20 02:57:28,OK,NO
1599,2,2026-03-20 02:56:40,2026-03-20 02:57:31,OK,NO
1594,4,2026-03-20 02:56:22,2026-03-20 02:57:33,OK,NO
1596,3,2026-03-20 02:56:40,2026-03-20 02:57:48,OK,NO
1611,1,2026-03-20 02:57:19,2026-03-20 02:58:08,OK,NO
1454,7,2026-03-20 02:54:36,2026-03-20 02:58:26,OK,NO
1453,11,2026-03-20 02:57:28,2026-03-20 02:58:36,OK,NO
1582,5,2026-03-20 02:58:26,2026-03-20 02:59:18,OK,NO
1597,3,2026-03-20 02:58:26,2026-03-20 02:59:22,OK,NO
1612,1,2026-03-20 02:58:26,2026-03-20 02:59:23,OK,NO
1595,4,2026-03-20 02:58:26,2026-03-20 02:59:27,OK,NO
1454,8,2026-03-20 02:58:26,2026-03-20 02:59:29,OK,NO
1600,2,2026-03-20 02:58:26,2026-03-20 02:59:32,OK,NO
1576,6,2026-03-20 02:58:26,2026-03-20 02:59:34,OK,NO
1453,12,2026-03-20 02:58:36,2026-03-20 02:59:34,OK,NO
1454,9,2026-03-20 02:59:29,2026-03-20 03:00:48,OK,NO
1455,7,2026-03-20 02:58:26,2026-03-20 03:01:02,OK,NO
1454,10,2026-03-20 03:00:48,2026-03-20 03:01:42,OK,NO
1601,2,2026-03-20 03:01:02,2026-03-20 03:01:50,OK,NO
1598,3,2026-03-20 03:01:02,2026-03-20 03:01:59,OK,NO
1583,5,2026-03-20 03:01:02,2026-03-20 03:02:01,OK,NO
1577,6,2026-03-20 03:01:02,2026-03-20 03:02:02,OK,NO
1455,8,2026-03-20 03:01:02,2026-03-20 03:02:06,OK,NO
1613,1,2026-03-20 03:01:02,2026-03-20 03:02:14,OK,NO
1596,4,2026-03-20 03:01:02,2026-03-20 03:02:21,OK,NO
1454,11,2026-03-20 03:01:42,2026-03-20 03:02:47,OK,NO
1455,9,2026-03-20 03:02:06,2026-03-20 03:03:04,OK,NO
1456,7,2026-03-20 03:01:02,2026-03-20 03:03:36,OK,NO
1454,12,2026-03-20 03:02:47,2026-03-20 03:03:46,OK,NO
1455,10,2026-03-20 03:03:04,2026-03-20 03:03:56,OK,NO
1602,2,2026-03-20 03:03:36,2026-03-20 03:04:30,OK,NO
1456,8,2026-03-20 03:03:36,2026-03-20 03:04:30,OK,NO
1578,6,2026-03-20 03:03:36,2026-03-20 03:04:33,OK,NO
1599,3,2026-03-20 03:03:36,2026-03-20 03:04:40,OK,NO
1584,5,2026-03-20 03:03:36,2026-03-20 03:04:41,OK,NO
1597,4,2026-03-20 03:03:36,2026-03-20 03:04:45,OK,NO
1455,11,2026-03-20 03:03:56,2026-03-20 03:05:05,OK,NO
1456,9,2026-03-20 03:04:30,2026-03-20 03:05:37,OK,NO
1455,12,2026-03-20 03:05:05,2026-03-20 03:06:10,OK,NO
1456,10,2026-03-20 03:05:37,2026-03-20 03:06:39,OK,NO
1457,7,2026-03-20 03:03:36,2026-03-20 03:06:46,OK,NO
1579,6,2026-03-20 03:06:46,2026-03-20 03:07:36,OK,NO
1456,11,2026-03-20 03:06:39,2026-03-20 03:07:36,OK,NO
1585,5,2026-03-20 03:06:46,2026-03-20 03:07:38,OK,NO
1457,8,2026-03-20 03:06:46,2026-03-20 03:07:41,OK,NO
1600,3,2026-03-20 03:06:46,2026-03-20 03:07:47,OK,NO
1603,2,2026-03-20 03:06:46,2026-03-20 03:07:52,OK,NO
1598,4,2026-03-20 03:06:46,2026-03-20 03:07:55,OK,NO
1456,12,2026-03-20 03:07:36,2026-03-20 03:08:33,OK,NO
1457,9,2026-03-20 03:07:41,2026-03-20 03:08:53,OK,NO
1614,1,2026-03-20 03:07:57,2026-03-20 03:09:02,OK,NO
1458,7,2026-03-20 03:06:46,2026-03-20 03:09:18,OK,NO
1457,10,2026-03-20 03:08:53,2026-03-20 03:09:54,OK,NO
1615,1,2026-03-20 03:09:02,2026-03-20 03:09:56,OK,NO
1586,5,2026-03-20 03:09:18,2026-03-20 03:10:14,OK,NO
1604,2,2026-03-20 03:09:18,2026-03-20 03:10:16,OK,NO
1580,6,2026-03-20 03:09:18,2026-03-20 03:10:16,OK,NO
1458,8,2026-03-20 03:09:18,2026-03-20 03:10:23,OK,NO
1601,3,2026-03-20 03:09:18,2026-03-20 03:10:24,OK,NO
1599,4,2026-03-20 03:09:18,2026-03-20 03:10:31,OK,NO
1457,11,2026-03-20 03:09:54,2026-03-20 03:10:53,OK,NO
1616,1,2026-03-20 03:09:56,2026-03-20 03:10:58,OK,NO
1458,9,2026-03-20 03:10:23,2026-03-20 03:11:10,OK,NO
1457,12,2026-03-20 03:10:53,2026-03-20 03:11:55,OK,NO
1458,10,2026-03-20 03:11:10,2026-03-20 03:12:01,OK,NO
1459,7,2026-03-20 03:09:18,2026-03-20 03:12:36,OK,NO
1458,11,2026-03-20 03:12:01,2026-03-20 03:12:50,OK,NO
1581,6,2026-03-20 03:12:36,2026-03-20 03:13:30,OK,NO
1617,1,2026-03-20 03:12:36,2026-03-20 03:13:31,OK,NO
1459,8,2026-03-20 03:12:36,2026-03-20 03:13:32,OK,NO
1600,4,2026-03-20 03:12:36,2026-03-20 03:13:34,OK,NO
1602,3,2026-03-20 03:12:36,2026-03-20 03:13:35,OK,NO
1458,12,2026-03-20 03:12:50,2026-03-20 03:13:45,OK,NO
1587,5,2026-03-20 03:12:36,2026-03-20 03:13:47,OK,NO
1605,2,2026-03-20 03:12:36,2026-03-20 03:13:48,OK,NO
1459,9,2026-03-20 03:13:32,2026-03-20 03:14:45,OK,NO
1460,7,2026-03-20 03:12:36,2026-03-20 03:15:42,OK,NO
1459,10,2026-03-20 03:14:45,2026-03-20 03:15:45,OK,NO
1618,1,2026-03-20 03:15:42,2026-03-20 03:16:33,OK,NO
1588,5,2026-03-20 03:15:42,2026-03-20 03:16:33,OK,NO
1459,11,2026-03-20 03:15:45,2026-03-20 03:16:40,OK,NO
1603,3,2026-03-20 03:15:42,2026-03-20 03:16:40,OK,NO
1606,2,2026-03-20 03:15:42,2026-03-20 03:16:43,OK,NO
1460,8,2026-03-20 03:15:42,2026-03-20 03:16:46,OK,NO
1601,4,2026-03-20 03:15:42,2026-03-20 03:16:46,OK,NO
1582,6,2026-03-20 03:15:42,2026-03-20 03:16:51,OK,NO
1460,9,2026-03-20 03:16:46,2026-03-20 03:17:41,OK,NO
1459,12,2026-03-20 03:16:40,2026-03-20 03:17:45,OK,NO
1461,7,2026-03-20 03:15:42,2026-03-20 03:18:20,OK,NO
1460,10,2026-03-20 03:17:41,2026-03-20 03:18:47,OK,NO
1461,8,2026-03-20 03:18:20,2026-03-20 03:19:17,OK,NO
1583,6,2026-03-20 03:18:20,2026-03-20 03:19:26,OK,NO
1604,3,2026-03-20 03:18:47,2026-03-20 03:19:35,OK,NO
1619,1,2026-03-20 03:18:47,2026-03-20 03:19:40,OK,NO
1460,11,2026-03-20 03:18:47,2026-03-20 03:19:45,OK,NO
1607,2,2026-03-20 03:18:47,2026-03-20 03:19:46,OK,NO
1589,5,2026-03-20 03:18:47,2026-03-20 03:19:46,OK,NO
1602,4,2026-03-20 03:18:47,2026-03-20 03:19:56,OK,NO
1461,9,2026-03-20 03:19:17,2026-03-20 03:20:18,OK,NO
1460,12,2026-03-20 03:19:45,2026-03-20 03:20:47,OK,NO
1461,10,2026-03-20 03:20:18,2026-03-20 03:21:16,OK,NO
1462,7,2026-03-20 03:18:20,2026-03-20 03:21:21,OK,NO
1461,11,2026-03-20 03:21:16,2026-03-20 03:22:11,OK,NO
1590,5,2026-03-20 03:21:21,2026-03-20 03:22:16,OK,NO
1605,3,2026-03-20 03:21:21,2026-03-20 03:22:19,OK,NO
1584,6,2026-03-20 03:21:21,2026-03-20 03:22:22,OK,NO
1608,2,2026-03-20 03:21:21,2026-03-20 03:22:23,OK,NO
1620,1,2026-03-20 03:21:21,2026-03-20 03:22:24,OK,NO
1462,8,2026-03-20 03:21:21,2026-03-20 03:22:25,OK,NO
1603,4,2026-03-20 03:21:21,2026-03-20 03:22:45,OK,NO
1461,12,2026-03-20 03:22:11,2026-03-20 03:23:09,OK,NO
1462,9,2026-03-20 03:22:25,2026-03-20 03:23:20,OK,NO
1462,10,2026-03-20 03:23:20,2026-03-20 03:24:20,OK,NO
1463,7,2026-03-20 03:21:21,2026-03-20 03:24:38,OK,NO
1462,11,2026-03-20 03:24:20,2026-03-20 03:25:17,OK,NO
1606,3,2026-03-20 03:24:38,2026-03-20 03:25:35,OK,NO
1463,8,2026-03-20 03:24:38,2026-03-20 03:25:38,OK,NO
1604,4,2026-03-20 03:24:38,2026-03-20 03:25:39,OK,NO
1609,2,2026-03-20 03:24:38,2026-03-20 03:25:43,OK,NO
1591,5,2026-03-20 03:24:38,2026-03-20 03:25:43,OK,NO
1621,1,2026-03-20 03:24:38,2026-03-20 03:25:43,OK,NO
1585,6,2026-03-20 03:24:38,2026-03-20 03:25:46,OK,NO
1462,12,2026-03-20 03:25:17,2026-03-20 03:26:13,OK,NO
1463,9,2026-03-20 03:25:38,2026-03-20 03:26:53,OK,NO
1464,7,2026-03-20 03:24:38,2026-03-20 03:27:21,OK,NO
1463,10,2026-03-20 03:26:53,2026-03-20 03:27:57,OK,NO
1586,6,2026-03-20 03:27:21,2026-03-20 03:28:20,OK,NO
1464,8,2026-03-20 03:27:21,2026-03-20 03:28:22,OK,NO
1605,4,2026-03-20 03:27:21,2026-03-20 03:28:24,OK,NO
1610,2,2026-03-20 03:27:21,2026-03-20 03:28:26,OK,NO
1622,1,2026-03-20 03:27:21,2026-03-20 03:28:26,OK,NO
1607,3,2026-03-20 03:27:21,2026-03-20 03:28:30,OK,NO
1592,5,2026-03-20 03:27:21,2026-03-20 03:28:31,OK,NO
1463,11,2026-03-20 03:27:57,2026-03-20 03:28:53,OK,NO
1464,9,2026-03-20 03:28:22,2026-03-20 03:29:21,OK,NO
1465,7,2026-03-20 03:27:21,2026-03-20 03:29:38,OK,NO
1463,12,2026-03-20 03:28:53,2026-03-20 03:29:45,OK,NO
1464,10,2026-03-20 03:29:21,2026-03-20 03:30:18,OK,NO
1593,5,2026-03-20 03:29:38,2026-03-20 03:30:30,OK,NO
1608,3,2026-03-20 03:29:38,2026-03-20 03:30:34,OK,NO
1611,2,2026-03-20 03:29:38,2026-03-20 03:30:36,OK,NO
1623,1,2026-03-20 03:29:38,2026-03-20 03:30:37,OK,NO
1465,8,2026-03-20 03:29:38,2026-03-20 03:30:39,OK,NO
1587,6,2026-03-20 03:29:38,2026-03-20 03:30:49,OK,NO
1606,4,2026-03-20 03:29:38,2026-03-20 03:30:50,OK,NO
1464,11,2026-03-20 03:30:18,2026-03-20 03:31:29,OK,NO
1465,9,2026-03-20 03:30:39,2026-03-20 03:31:40,OK,NO
1466,7,2026-03-20 03:29:38,2026-03-20 03:32:14,OK,NO
1465,10,2026-03-20 03:31:40,2026-03-20 03:32:39,OK,NO
1464,12,2026-03-20 03:31:29,2026-03-20 03:32:42,OK,NO
1624,1,2026-03-20 03:32:14,2026-03-20 03:33:05,OK,NO
1466,8,2026-03-20 03:32:14,2026-03-20 03:33:13,OK,NO
1594,5,2026-03-20 03:32:14,2026-03-20 03:33:16,OK,NO
1588,6,2026-03-20 03:32:14,2026-03-20 03:33:17,OK,NO
1607,4,2026-03-20 03:32:14,2026-03-20 03:33:17,OK,NO
1612,2,2026-03-20 03:32:14,2026-03-20 03:33:18,OK,NO
1609,3,2026-03-20 03:32:14,2026-03-20 03:33:23,OK,NO
1465,11,2026-03-20 03:32:39,2026-03-20 03:33:43,OK,NO
1466,9,2026-03-20 03:33:13,2026-03-20 03:34:15,OK,NO
1467,7,2026-03-20 03:32:14,2026-03-20 03:34:31,OK,NO
1465,12,2026-03-20 03:33:43,2026-03-20 03:34:36,OK,NO
1466,10,2026-03-20 03:34:15,2026-03-20 03:35:15,OK,NO
1589,6,2026-03-20 03:34:31,2026-03-20 03:35:21,OK,NO
1613,2,2026-03-20 03:34:31,2026-03-20 03:35:22,OK,NO
1595,5,2026-03-20 03:34:31,2026-03-20 03:35:25,OK,NO
1625,1,2026-03-20 03:34:31,2026-03-20 03:35:28,OK,NO
1608,4,2026-03-20 03:34:31,2026-03-20 03:35:29,OK,NO
1610,3,2026-03-20 03:34:31,2026-03-20 03:35:31,OK,NO
1467,8,2026-03-20 03:34:31,2026-03-20 03:35:37,OK,NO
1466,11,2026-03-20 03:35:15,2026-03-20 03:36:08,OK,NO
1467,9,2026-03-20 03:35:37,2026-03-20 03:36:36,OK,NO
1466,12,2026-03-20 03:36:08,2026-03-20 03:36:57,OK,NO
1468,7,2026-03-20 03:34:31,2026-03-20 03:37:17,OK,NO
1467,10,2026-03-20 03:36:36,2026-03-20 03:37:33,OK,NO
1590,6,2026-03-20 03:37:17,2026-03-20 03:38:09,OK,NO
1611,3,2026-03-20 03:37:17,2026-03-20 03:38:15,OK,NO
1596,5,2026-03-20 03:37:17,2026-03-20 03:38:16,OK,NO
1626,1,2026-03-20 03:37:17,2026-03-20 03:38:17,OK,NO
1468,8,2026-03-20 03:37:17,2026-03-20 03:38:18,OK,NO
1609,4,2026-03-20 03:37:17,2026-03-20 03:38:19,OK,NO
1614,2,2026-03-20 03:37:17,2026-03-20 03:38:26,OK,NO
1467,11,2026-03-20 03:37:33,2026-03-20 03:38:32,OK,NO
1468,9,2026-03-20 03:38:18,2026-03-20 03:39:19,OK,NO
1467,12,2026-03-20 03:38:32,2026-03-20 03:39:33,OK,NO
1468,10,2026-03-20 03:39:19,2026-03-20 03:40:19,OK,NO
1469,7,2026-03-20 03:37:17,2026-03-20 03:40:24,OK,NO
1597,5,2026-03-20 03:40:24,2026-03-20 03:41:17,OK,NO
1468,11,2026-03-20 03:40:19,2026-03-20 03:41:21,OK,NO
1469,8,2026-03-20 03:40:24,2026-03-20 03:41:29,OK,NO
1591,6,2026-03-20 03:40:24,2026-03-20 03:41:31,OK,NO
1610,4,2026-03-20 03:41:28,2026-03-20 03:42:22,OK,NO
1627,1,2026-03-20 03:41:28,2026-03-20 03:42:22,OK,NO
1615,2,2026-03-20 03:41:28,2026-03-20 03:42:22,OK,NO
1469,9,2026-03-20 03:41:29,2026-03-20 03:42:27,OK,NO
1612,3,2026-03-20 03:41:28,2026-03-20 03:42:28,OK,NO
1468,12,2026-03-20 03:41:21,2026-03-20 03:42:29,OK,NO
1470,7,2026-03-20 03:40:24,2026-03-20 03:42:35,OK,NO
1470,8,2026-03-20 03:42:35,2026-03-20 03:43:25,OK,NO
1469,10,2026-03-20 03:42:27,2026-03-20 03:43:25,OK,NO
1592,6,2026-03-20 03:42:35,2026-03-20 03:43:33,OK,NO
1613,3,2026-03-20 03:42:35,2026-03-20 03:43:34,OK,NO
1628,1,2026-03-20 03:42:35,2026-03-20 03:43:36,OK,NO
1616,2,2026-03-20 03:42:35,2026-03-20 03:43:36,OK,NO
1598,5,2026-03-20 03:42:35,2026-03-20 03:43:37,OK,NO
1611,4,2026-03-20 03:42:35,2026-03-20 03:43:38,OK,NO
1469,11,2026-03-20 03:43:25,2026-03-20 03:44:24,OK,NO
1470,9,2026-03-20 03:43:25,2026-03-20 03:44:26,OK,NO
1471,7,2026-03-20 03:42:35,2026-03-20 03:45:04,OK,NO
1470,10,2026-03-20 03:44:26,2026-03-20 03:45:14,OK,NO
1469,12,2026-03-20 03:44:24,2026-03-20 03:45:30,OK,NO
1471,8,2026-03-20 03:45:04,2026-03-20 03:45:55,OK,NO
1593,6,2026-03-20 03:45:04,2026-03-20 03:45:58,OK,NO
1617,2,2026-03-20 03:45:04,2026-03-20 03:45:58,OK,NO
1614,3,2026-03-20 03:45:04,2026-03-20 03:46:04,OK,NO
1629,1,2026-03-20 03:45:04,2026-03-20 03:46:04,OK,NO
1612,4,2026-03-20 03:45:04,2026-03-20 03:46:05,OK,NO
1599,5,2026-03-20 03:45:04,2026-03-20 03:46:09,OK,NO
1470,11,2026-03-20 03:45:38,2026-03-20 03:46:38,OK,NO
1471,9,2026-03-20 03:45:55,2026-03-20 03:47:04,OK,NO
1470,12,2026-03-20 03:46:38,2026-03-20 03:47:29,OK,NO
1472,7,2026-03-20 03:45:04,2026-03-20 03:47:48,OK,NO
1471,10,2026-03-20 03:47:04,2026-03-20 03:48:10,OK,NO
1600,5,2026-03-20 03:47:48,2026-03-20 03:48:39,OK,NO
1618,2,2026-03-20 03:47:48,2026-03-20 03:48:42,OK,NO
1615,3,2026-03-20 03:47:48,2026-03-20 03:48:47,OK,NO
1630,1,2026-03-20 03:47:48,2026-03-20 03:48:49,OK,NO
1472,8,2026-03-20 03:47:48,2026-03-20 03:48:53,OK,NO
1613,4,2026-03-20 03:47:48,2026-03-20 03:48:54,OK,NO
1594,6,2026-03-20 03:47:48,2026-03-20 03:48:58,OK,NO
1471,11,2026-03-20 03:48:10,2026-03-20 03:49:16,OK,NO
1472,9,2026-03-20 03:48:53,2026-03-20 03:49:49,OK,NO
1471,12,2026-03-20 03:49:16,2026-03-20 03:50:13,OK,NO
1473,7,2026-03-20 03:47:48,2026-03-20 03:50:20,OK,NO
1472,10,2026-03-20 03:49:49,2026-03-20 03:50:59,OK,NO
1473,8,2026-03-20 03:50:20,2026-03-20 03:51:13,OK,NO
1472,11,2026-03-20 03:50:59,2026-03-20 03:52:03,OK,NO
1473,9,2026-03-20 03:51:13,2026-03-20 03:52:10,OK,NO
1472,12,2026-03-20 03:52:03,2026-03-20 03:52:55,OK,NO
1473,10,2026-03-20 03:52:10,2026-03-20 03:53:17,OK,NO
1474,7,2026-03-20 03:50:20,2026-03-20 03:53:47,OK,NO
1473,11,2026-03-20 03:53:17,2026-03-20 03:54:19,OK,NO
1595,6,2026-03-20 03:53:35,2026-03-20 03:54:27,OK,NO
1616,3,2026-03-20 03:53:35,2026-03-20 03:54:30,OK,NO
1614,4,2026-03-20 03:53:35,2026-03-20 03:54:36,OK,NO
1631,1,2026-03-20 03:53:35,2026-03-20 03:54:36,OK,NO
1619,2,2026-03-20 03:53:35,2026-03-20 03:54:37,OK,NO
1601,5,2026-03-20 03:53:35,2026-03-20 03:54:37,OK,NO
1473,12,2026-03-20 03:54:19,2026-03-20 03:55:25,OK,NO
1602,5,2026-03-20 03:54:37,2026-03-20 03:55:30,OK,NO
1596,6,2026-03-20 03:54:27,2026-03-20 03:55:32,OK,NO
1620,2,2026-03-20 03:54:37,2026-03-20 03:55:32,OK,NO
1617,3,2026-03-20 03:54:37,2026-03-20 03:55:32,OK,NO
1632,1,2026-03-20 03:54:37,2026-03-20 03:55:34,OK,NO
1615,4,2026-03-20 03:54:37,2026-03-20 03:55:46,OK,NO
1475,7,2026-03-20 03:53:47,2026-03-20 03:56:21,OK,NO
1597,6,2026-03-20 03:56:21,2026-03-20 03:57:13,OK,NO
1603,5,2026-03-20 03:56:21,2026-03-20 03:57:15,OK,NO
1633,1,2026-03-20 03:56:21,2026-03-20 03:57:20,OK,NO
1621,2,2026-03-20 03:56:21,2026-03-20 03:57:20,OK,NO
1618,3,2026-03-20 03:56:21,2026-03-20 03:57:22,OK,NO
1616,4,2026-03-20 03:56:21,2026-03-20 03:57:37,OK,NO
1476,7,2026-03-20 03:56:21,2026-03-20 04:00:06,OK,NO
1634,1,2026-03-20 04:00:06,2026-03-20 04:00:56,OK,NO
1604,5,2026-03-20 04:00:06,2026-03-20 04:01:00,OK,NO
1619,3,2026-03-20 04:00:06,2026-03-20 04:01:04,OK,NO
1622,2,2026-03-20 04:00:06,2026-03-20 04:01:09,OK,NO
1598,6,2026-03-20 04:00:06,2026-03-20 04:01:11,OK,NO
1617,4,2026-03-20 04:00:06,2026-03-20 04:01:32,OK,NO
1477,7,2026-03-20 04:00:06,2026-03-20 04:02:48,OK,NO
1599,6,2026-03-20 04:02:48,2026-03-20 04:03:45,OK,NO
1620,3,2026-03-20 04:02:48,2026-03-20 04:03:46,OK,NO
1623,2,2026-03-20 04:02:48,2026-03-20 04:03:51,OK,NO
1605,5,2026-03-20 04:02:48,2026-03-20 04:03:57,OK,NO
1618,4,2026-03-20 04:02:48,2026-03-20 04:04:17,OK,NO
1478,7,2026-03-20 04:02:48,2026-03-20 04:05:32,OK,NO
1635,1,2026-03-20 04:07:50,2026-03-20 04:08:48,OK,NO
1600,6,2026-03-20 04:08:23,2026-03-20 04:09:17,OK,NO
1619,4,2026-03-20 04:08:23,2026-03-20 04:09:22,OK,NO
1474,8,2026-03-20 04:08:23,2026-03-20 04:09:26,OK,NO
1621,3,2026-03-20 04:08:23,2026-03-20 04:09:29,OK,NO
1624,2,2026-03-20 04:08:23,2026-03-20 04:09:30,OK,NO
1606,5,2026-03-20 04:08:23,2026-03-20 04:09:31,OK,NO
1636,1,2026-03-20 04:08:48,2026-03-20 04:09:52,OK,NO
1475,8,2026-03-20 04:09:26,2026-03-20 04:10:21,OK,NO
1474,9,2026-03-20 04:09:26,2026-03-20 04:10:41,OK,NO
1476,8,2026-03-20 04:10:21,2026-03-20 04:11:24,OK,NO
1475,9,2026-03-20 04:10:41,2026-03-20 04:11:39,OK,NO
1474,10,2026-03-20 04:10:41,2026-03-20 04:11:44,OK,NO
1479,7,2026-03-20 04:08:23,2026-03-20 04:12:04,OK,NO
1477,8,2026-03-20 04:11:24,2026-03-20 04:12:18,OK,NO
1474,11,2026-03-20 04:11:44,2026-03-20 04:12:52,OK,NO
1476,9,2026-03-20 04:11:39,2026-03-20 04:13:07,OK,NO
1475,10,2026-03-20 04:12:17,2026-03-20 04:13:10,OK,NO
1478,8,2026-03-20 04:12:18,2026-03-20 04:13:15,OK,NO
1620,4,2026-03-20 04:13:10,2026-03-20 04:14:01,OK,NO
1474,12,2026-03-20 04:12:52,2026-03-20 04:14:03,OK,NO
1607,5,2026-03-20 04:13:10,2026-03-20 04:14:08,OK,NO
1601,6,2026-03-20 04:13:10,2026-03-20 04:14:09,OK,NO
1477,9,2026-03-20 04:13:07,2026-03-20 04:14:11,OK,NO
1475,11,2026-03-20 04:13:10,2026-03-20 04:14:11,OK,NO
1637,1,2026-03-20 04:13:10,2026-03-20 04:14:13,OK,NO
1625,2,2026-03-20 04:13:10,2026-03-20 04:14:13,OK,NO
1476,10,2026-03-20 04:13:10,2026-03-20 04:14:17,OK,NO
1622,3,2026-03-20 04:13:10,2026-03-20 04:14:20,OK,NO
1479,8,2026-03-20 04:13:15,2026-03-20 04:14:27,OK,NO
1476,11,2026-03-20 04:14:17,2026-03-20 04:15:03,OK,NO
1475,12,2026-03-20 04:14:11,2026-03-20 04:15:13,OK,NO
1477,10,2026-03-20 04:14:17,2026-03-20 04:15:20,OK,NO
1478,9,2026-03-20 04:14:11,2026-03-20 04:15:28,OK,NO
1480,7,2026-03-20 04:13:10,2026-03-20 04:15:39,OK,NO
1477,11,2026-03-20 04:15:20,2026-03-20 04:16:16,OK,NO
1476,12,2026-03-20 04:15:13,2026-03-20 04:16:18,OK,NO
1478,10,2026-03-20 04:15:28,2026-03-20 04:16:27,OK,NO
1626,2,2026-03-20 04:15:39,2026-03-20 04:16:33,OK,NO
1638,1,2026-03-20 04:15:39,2026-03-20 04:16:36,OK,NO
1623,3,2026-03-20 04:15:39,2026-03-20 04:16:40,OK,NO
1608,5,2026-03-20 04:15:39,2026-03-20 04:16:40,OK,NO
1602,6,2026-03-20 04:15:39,2026-03-20 04:16:42,OK,NO
1479,9,2026-03-20 04:15:28,2026-03-20 04:16:52,OK,NO
1621,4,2026-03-20 04:15:39,2026-03-20 04:16:57,OK,NO
1480,8,2026-03-20 04:16:10,2026-03-20 04:17:03,OK,NO
1477,12,2026-03-20 04:16:18,2026-03-20 04:17:23,OK,NO
1478,11,2026-03-20 04:16:27,2026-03-20 04:17:24,OK,NO
1479,10,2026-03-20 04:16:52,2026-03-20 04:17:42,OK,NO
1481,7,2026-03-20 04:15:39,2026-03-20 04:18:01,OK,NO
1480,9,2026-03-20 04:17:03,2026-03-20 04:18:03,OK,NO
1478,12,2026-03-20 04:17:24,2026-03-20 04:18:27,OK,NO
1479,11,2026-03-20 04:17:42,2026-03-20 04:18:39,OK,NO
1480,10,2026-03-20 04:18:03,2026-03-20 04:18:53,OK,NO
1627,2,2026-03-20 04:18:01,2026-03-20 04:18:58,OK,NO
1603,6,2026-03-20 04:18:01,2026-03-20 04:18:59,OK,NO
1639,1,2026-03-20 04:18:01,2026-03-20 04:19:01,OK,NO
1481,8,2026-03-20 04:18:01,2026-03-20 04:19:02,OK,NO
1609,5,2026-03-20 04:18:01,2026-03-20 04:19:02,OK,NO
1624,3,2026-03-20 04:18:01,2026-03-20 04:19:03,OK,NO
1622,4,2026-03-20 04:18:01,2026-03-20 04:19:08,OK,NO
1479,12,2026-03-20 04:18:39,2026-03-20 04:19:43,OK,NO
1480,11,2026-03-20 04:18:53,2026-03-20 04:19:52,OK,NO
1481,9,2026-03-20 04:19:02,2026-03-20 04:20:04,OK,NO
1482,7,2026-03-20 04:18:01,2026-03-20 04:20:53,OK,NO
1480,12,2026-03-20 04:19:52,2026-03-20 04:20:59,OK,NO
1481,10,2026-03-20 04:20:04,2026-03-20 04:21:10,OK,NO
1604,6,2026-03-20 04:20:53,2026-03-20 04:21:49,OK,NO
1628,2,2026-03-20 04:20:53,2026-03-20 04:21:54,OK,NO
1625,3,2026-03-20 04:20:53,2026-03-20 04:21:54,OK,NO
1623,4,2026-03-20 04:20:53,2026-03-20 04:21:57,OK,NO
1640,1,2026-03-20 04:20:53,2026-03-20 04:21:57,OK,NO
1610,5,2026-03-20 04:20:53,2026-03-20 04:21:57,OK,NO
1482,8,2026-03-20 04:20:53,2026-03-20 04:22:04,OK,NO
1481,11,2026-03-20 04:21:10,2026-03-20 04:22:15,OK,NO
1482,9,2026-03-20 04:22:04,2026-03-20 04:23:03,OK,NO
1481,12,2026-03-20 04:22:15,2026-03-20 04:23:21,OK,NO
1483,7,2026-03-20 04:20:53,2026-03-20 04:24:04,OK,NO
1482,10,2026-03-20 04:23:03,2026-03-20 04:24:12,OK,NO
1629,2,2026-03-20 04:24:04,2026-03-20 04:24:56,OK,NO
1483,8,2026-03-20 04:24:04,2026-03-20 04:24:59,OK,NO
1605,6,2026-03-20 04:24:04,2026-03-20 04:25:05,OK,NO
1611,5,2026-03-20 04:24:04,2026-03-20 04:25:08,OK,NO
1626,3,2026-03-20 04:24:04,2026-03-20 04:25:08,OK,NO
1641,1,2026-03-20 04:24:04,2026-03-20 04:25:12,OK,NO
1482,11,2026-03-20 04:24:12,2026-03-20 04:25:14,OK,NO
1624,4,2026-03-20 04:24:04,2026-03-20 04:25:14,OK,NO
1483,9,2026-03-20 04:24:59,2026-03-20 04:26:11,OK,NO
1482,12,2026-03-20 04:25:14,2026-03-20 04:26:18,OK,NO
1484,7,2026-03-20 04:24:04,2026-03-20 04:26:23,OK,NO
1483,10,2026-03-20 04:26:11,2026-03-20 04:27:09,OK,NO
1484,8,2026-03-20 04:26:23,2026-03-20 04:27:16,OK,NO
1642,1,2026-03-20 04:26:23,2026-03-20 04:27:19,OK,NO
1630,2,2026-03-20 04:26:23,2026-03-20 04:27:25,OK,NO
1606,6,2026-03-20 04:26:23,2026-03-20 04:27:27,OK,NO
1612,5,2026-03-20 04:26:23,2026-03-20 04:27:27,OK,NO
1627,3,2026-03-20 04:26:23,2026-03-20 04:27:28,OK,NO
1625,4,2026-03-20 04:26:23,2026-03-20 04:27:33,OK,NO
1483,11,2026-03-20 04:27:09,2026-03-20 04:28:12,OK,NO
1484,9,2026-03-20 04:27:16,2026-03-20 04:28:15,OK,NO
1484,10,2026-03-20 04:28:15,2026-03-20 04:29:06,OK,NO
1483,12,2026-03-20 04:28:12,2026-03-20 04:29:13,OK,NO
1485,7,2026-03-20 04:26:23,2026-03-20 04:30:04,OK,NO
1484,11,2026-03-20 04:29:06,2026-03-20 04:30:12,OK,NO
1613,5,2026-03-20 04:30:04,2026-03-20 04:30:52,OK,NO
1485,8,2026-03-20 04:30:04,2026-03-20 04:30:57,OK,NO
1628,3,2026-03-20 04:30:04,2026-03-20 04:30:58,OK,NO
1607,6,2026-03-20 04:30:04,2026-03-20 04:31:01,OK,NO
1626,4,2026-03-20 04:30:04,2026-03-20 04:31:02,OK,NO
1484,12,2026-03-20 04:30:12,2026-03-20 04:31:08,OK,NO
1643,1,2026-03-20 04:30:04,2026-03-20 04:31:10,OK,NO
1631,2,2026-03-20 04:30:04,2026-03-20 04:31:11,OK,NO
1485,9,2026-03-20 04:30:57,2026-03-20 04:32:09,OK,NO
1486,7,2026-03-20 04:30:04,2026-03-20 04:32:43,OK,NO
1485,10,2026-03-20 04:32:09,2026-03-20 04:33:09,OK,NO
1629,3,2026-03-20 04:32:43,2026-03-20 04:33:31,OK,NO
1614,5,2026-03-20 04:32:43,2026-03-20 04:33:38,OK,NO
1486,8,2026-03-20 04:32:43,2026-03-20 04:33:42,OK,NO
1627,4,2026-03-20 04:32:43,2026-03-20 04:33:43,OK,NO
1644,1,2026-03-20 04:32:43,2026-03-20 04:33:44,OK,NO
1632,2,2026-03-20 04:32:43,2026-03-20 04:33:44,OK,NO
1608,6,2026-03-20 04:32:43,2026-03-20 04:33:49,OK,NO
1485,11,2026-03-20 04:33:09,2026-03-20 04:34:06,OK,NO
1486,9,2026-03-20 04:33:42,2026-03-20 04:34:37,OK,NO
1485,12,2026-03-20 04:34:06,2026-03-20 04:35:05,OK,NO
1487,7,2026-03-20 04:32:43,2026-03-20 04:35:16,OK,NO
1486,10,2026-03-20 04:34:37,2026-03-20 04:35:45,OK,NO
1609,6,2026-03-20 04:35:16,2026-03-20 04:36:03,OK,NO
1645,1,2026-03-20 04:35:16,2026-03-20 04:36:04,OK,NO
1630,3,2026-03-20 04:35:16,2026-03-20 04:36:11,OK,NO
1487,8,2026-03-20 04:35:16,2026-03-20 04:36:12,OK,NO
1628,4,2026-03-20 04:35:16,2026-03-20 04:36:15,OK,NO
1615,5,2026-03-20 04:35:16,2026-03-20 04:36:18,OK,NO
1633,2,2026-03-20 04:35:16,2026-03-20 04:36:21,OK,NO
1486,11,2026-03-20 04:35:45,2026-03-20 04:36:49,OK,NO
1487,9,2026-03-20 04:36:12,2026-03-20 04:37:10,OK,NO
1487,10,2026-03-20 04:37:10,2026-03-20 04:38:12,OK,NO
1488,7,2026-03-20 04:35:16,2026-03-20 04:38:28,OK,NO
1486,12,2026-03-20 04:38:07,2026-03-20 04:39:09,OK,NO
1487,11,2026-03-20 04:38:12,2026-03-20 04:39:12,OK,NO
1631,3,2026-03-20 04:38:28,2026-03-20 04:39:26,OK,NO
1646,1,2026-03-20 04:38:28,2026-03-20 04:39:27,OK,NO
1488,8,2026-03-20 04:38:28,2026-03-20 04:39:30,OK,NO
1634,2,2026-03-20 04:38:28,2026-03-20 04:39:33,OK,NO
1616,5,2026-03-20 04:38:28,2026-03-20 04:39:34,OK,NO
1610,6,2026-03-20 04:38:28,2026-03-20 04:39:36,OK,NO
1629,4,2026-03-20 04:38:28,2026-03-20 04:39:37,OK,NO
1487,12,2026-03-20 04:39:12,2026-03-20 04:40:12,OK,NO
1488,9,2026-03-20 04:39:30,2026-03-20 04:40:30,OK,NO
1489,7,2026-03-20 04:38:28,2026-03-20 04:41:13,OK,NO
1488,10,2026-03-20 04:40:30,2026-03-20 04:41:42,OK,NO
1489,8,2026-03-20 04:41:13,2026-03-20 04:42:09,OK,NO
1617,5,2026-03-20 04:41:13,2026-03-20 04:42:11,OK,NO
1611,6,2026-03-20 04:41:13,2026-03-20 04:42:13,OK,NO
1635,2,2026-03-20 04:41:13,2026-03-20 04:42:18,OK,NO
1632,3,2026-03-20 04:41:13,2026-03-20 04:42:24,OK,NO
1630,4,2026-03-20 04:41:13,2026-03-20 04:42:27,OK,NO
1488,11,2026-03-20 04:41:42,2026-03-20 04:42:37,OK,NO
1489,9,2026-03-20 04:42:09,2026-03-20 04:43:15,OK,NO
1490,7,2026-03-20 04:41:13,2026-03-20 04:43:19,OK,NO
1488,12,2026-03-20 04:42:37,2026-03-20 04:43:37,OK,NO
1489,10,2026-03-20 04:43:15,2026-03-20 04:44:14,OK,NO
1618,5,2026-03-20 04:43:19,2026-03-20 04:44:20,OK,NO
1490,8,2026-03-20 04:43:19,2026-03-20 04:44:20,OK,NO
1633,3,2026-03-20 04:43:19,2026-03-20 04:44:20,OK,NO
1636,2,2026-03-20 04:43:19,2026-03-20 04:44:23,OK,NO
1612,6,2026-03-20 04:43:19,2026-03-20 04:44:25,OK,NO
1631,4,2026-03-20 04:43:19,2026-03-20 04:44:48,OK,NO
1489,11,2026-03-20 04:44:14,2026-03-20 04:45:14,OK,NO
1490,9,2026-03-20 04:44:20,2026-03-20 04:45:25,OK,NO
1491,7,2026-03-20 04:43:19,2026-03-20 04:45:59,OK,NO
1489,12,2026-03-20 04:45:14,2026-03-20 04:46:19,OK,NO
1490,10,2026-03-20 04:45:25,2026-03-20 04:46:26,OK,NO
1632,4,2026-03-20 04:45:59,2026-03-20 04:46:51,OK,NO
1491,8,2026-03-20 04:45:59,2026-03-20 04:46:51,OK,NO
1634,3,2026-03-20 04:45:59,2026-03-20 04:46:54,OK,NO
1619,5,2026-03-20 04:45:59,2026-03-20 04:47:03,OK,NO
1613,6,2026-03-20 04:45:59,2026-03-20 04:47:03,OK,NO
1637,2,2026-03-20 04:45:59,2026-03-20 04:47:08,OK,NO
1647,1,2026-03-20 04:46:21,2026-03-20 04:47:12,OK,NO
1490,11,2026-03-20 04:46:26,2026-03-20 04:47:33,OK,NO
1491,9,2026-03-20 04:46:51,2026-03-20 04:47:52,OK,NO
1648,1,2026-03-20 04:47:12,2026-03-20 04:48:20,OK,NO
1490,12,2026-03-20 04:47:33,2026-03-20 04:48:31,OK,NO
1491,10,2026-03-20 04:47:52,2026-03-20 04:48:58,OK,NO
1492,7,2026-03-20 04:45:59,2026-03-20 04:49:02,OK,NO
1649,1,2026-03-20 04:48:20,2026-03-20 04:49:19,OK,NO
1492,8,2026-03-20 04:49:02,2026-03-20 04:49:55,OK,NO
1638,2,2026-03-20 04:49:02,2026-03-20 04:49:59,OK,NO
1614,6,2026-03-20 04:49:02,2026-03-20 04:49:59,OK,NO
1633,4,2026-03-20 04:49:02,2026-03-20 04:50:00,OK,NO
1635,3,2026-03-20 04:49:02,2026-03-20 04:50:03,OK,NO
1620,5,2026-03-20 04:49:02,2026-03-20 04:50:10,OK,NO
1650,1,2026-03-20 04:49:19,2026-03-20 04:50:21,OK,NO
1492,9,2026-03-20 04:49:55,2026-03-20 04:50:55,OK,NO
1491,11,2026-03-20 04:50:14,2026-03-20 04:51:19,OK,NO
1492,10,2026-03-20 04:50:55,2026-03-20 04:51:48,OK,NO
1493,7,2026-03-20 04:49:02,2026-03-20 04:52:06,OK,NO
1491,12,2026-03-20 04:51:19,2026-03-20 04:52:22,OK,NO
1492,11,2026-03-20 04:51:48,2026-03-20 04:52:52,OK,NO
1492,12,2026-03-20 04:52:52,2026-03-20 04:53:52,OK,NO
1493,8,2026-03-20 04:56:05,2026-03-20 04:57:06,OK,NO
1493,9,2026-03-20 04:57:06,2026-03-20 04:58:02,OK,NO
1621,5,2026-03-20 04:57:54,2026-03-20 04:58:49,OK,NO
1651,1,2026-03-20 04:57:54,2026-03-20 04:58:55,OK,NO
1634,4,2026-03-20 04:57:54,2026-03-20 04:58:56,OK,NO
1615,6,2026-03-20 04:57:54,2026-03-20 04:58:57,OK,NO
1639,2,2026-03-20 04:57:54,2026-03-20 04:58:58,OK,NO
1636,3,2026-03-20 04:57:54,2026-03-20 04:59:02,OK,NO
1493,10,2026-03-20 04:58:02,2026-03-20 04:59:06,OK,NO
1493,11,2026-03-20 04:59:06,2026-03-20 05:00:18,OK,NO
1494,7,2026-03-20 04:57:54,2026-03-20 05:00:33,OK,NO
1493,12,2026-03-20 05:00:18,2026-03-20 05:01:19,OK,NO
1652,1,2026-03-20 05:00:33,2026-03-20 05:01:28,OK,NO
1622,5,2026-03-20 05:00:33,2026-03-20 05:01:29,OK,NO
1640,2,2026-03-20 05:00:33,2026-03-20 05:01:33,OK,NO
1616,6,2026-03-20 05:00:33,2026-03-20 05:01:35,OK,NO
1635,4,2026-03-20 05:00:33,2026-03-20 05:01:36,OK,NO
1637,3,2026-03-20 05:00:33,2026-03-20 05:01:37,OK,NO
1494,8,2026-03-20 05:00:33,2026-03-20 05:01:43,OK,NO
1495,7,2026-03-20 05:00:33,2026-03-20 05:02:55,OK,NO
1494,9,2026-03-20 05:01:43,2026-03-20 05:02:56,OK,NO
1617,6,2026-03-20 05:02:55,2026-03-20 05:03:52,OK,NO
1494,10,2026-03-20 05:02:56,2026-03-20 05:03:58,OK,NO
1495,8,2026-03-20 05:02:55,2026-03-20 05:03:58,OK,NO
1623,5,2026-03-20 05:02:55,2026-03-20 05:04:00,OK,NO
1495,9,2026-03-20 05:03:58,2026-03-20 05:04:52,OK,NO
1494,11,2026-03-20 05:03:58,2026-03-20 05:04:58,OK,NO
1496,7,2026-03-20 05:02:55,2026-03-20 05:05:17,OK,NO
1494,12,2026-03-20 05:04:58,2026-03-20 05:05:54,OK,NO
1495,10,2026-03-20 05:04:52,2026-03-20 05:05:56,OK,NO
1624,5,2026-03-20 05:05:17,2026-03-20 05:06:11,OK,NO
1618,6,2026-03-20 05:05:17,2026-03-20 05:06:12,OK,NO
1496,8,2026-03-20 05:05:17,2026-03-20 05:06:16,OK,NO
1495,11,2026-03-20 05:05:56,2026-03-20 05:06:56,OK,NO
1496,9,2026-03-20 05:06:16,2026-03-20 05:07:15,OK,NO
1496,10,2026-03-20 05:07:15,2026-03-20 05:08:13,OK,NO
1496,11,2026-03-20 05:08:13,2026-03-20 05:09:11,OK,NO
1497,7,2026-03-20 05:05:17,2026-03-20 05:09:15,OK,NO
1619,6,2026-03-20 05:09:15,2026-03-20 05:10:01,OK,NO
1641,2,2026-03-20 05:09:19,2026-03-20 05:10:11,OK,NO
1625,5,2026-03-20 05:09:15,2026-03-20 05:10:15,OK,NO
1638,3,2026-03-20 05:09:19,2026-03-20 05:10:17,OK,NO
1653,1,2026-03-20 05:09:19,2026-03-20 05:10:17,OK,NO
1497,8,2026-03-20 05:09:15,2026-03-20 05:10:22,OK,NO
1636,4,2026-03-20 05:09:19,2026-03-20 05:10:33,OK,NO
1642,2,2026-03-20 05:10:33,2026-03-20 05:11:24,OK,NO
1639,3,2026-03-20 05:10:33,2026-03-20 05:11:31,OK,NO
1637,4,2026-03-20 05:10:33,2026-03-20 05:11:34,OK,NO
1497,9,2026-03-20 05:10:22,2026-03-20 05:11:40,OK,NO
1654,1,2026-03-20 05:10:33,2026-03-20 05:11:41,OK,NO
1498,7,2026-03-20 05:09:15,2026-03-20 05:11:43,OK,NO
1495,12,2026-03-20 05:11:34,2026-03-20 05:12:28,OK,NO
1640,3,2026-03-20 05:11:34,2026-03-20 05:12:30,OK,NO
1498,8,2026-03-20 05:11:43,2026-03-20 05:12:34,OK,NO
1638,4,2026-03-20 05:11:34,2026-03-20 05:12:39,OK,NO
1643,2,2026-03-20 05:11:34,2026-03-20 05:12:40,OK,NO
1655,1,2026-03-20 05:11:41,2026-03-20 05:12:41,OK,NO
1620,6,2026-03-20 05:11:53,2026-03-20 05:12:45,OK,NO
1497,10,2026-03-20 05:11:40,2026-03-20 05:12:45,OK,NO
1626,5,2026-03-20 05:11:53,2026-03-20 05:12:59,OK,NO
1498,9,2026-03-20 05:12:34,2026-03-20 05:13:26,OK,NO
1496,12,2026-03-20 05:12:28,2026-03-20 05:13:28,OK,NO
1641,3,2026-03-20 05:12:39,2026-03-20 05:13:36,OK,NO
1656,1,2026-03-20 05:12:41,2026-03-20 05:13:36,OK,NO
1644,2,2026-03-20 05:12:40,2026-03-20 05:13:39,OK,NO
1639,4,2026-03-20 05:12:39,2026-03-20 05:13:40,OK,NO
1497,11,2026-03-20 05:12:45,2026-03-20 05:13:49,OK,NO
1498,10,2026-03-20 05:13:26,2026-03-20 05:14:22,OK,NO
1499,7,2026-03-20 05:11:53,2026-03-20 05:14:40,OK,NO
1497,12,2026-03-20 05:13:49,2026-03-20 05:14:50,OK,NO
1498,11,2026-03-20 05:14:22,2026-03-20 05:15:28,OK,NO
1657,1,2026-03-20 05:14:40,2026-03-20 05:15:33,OK,NO
1642,3,2026-03-20 05:14:40,2026-03-20 05:15:34,OK,NO
1640,4,2026-03-20 05:14:40,2026-03-20 05:15:38,OK,NO
1499,8,2026-03-20 05:14:40,2026-03-20 05:15:38,OK,NO
1627,5,2026-03-20 05:14:40,2026-03-20 05:15:40,OK,NO
1645,2,2026-03-20 05:14:40,2026-03-20 05:15:40,OK,NO
1621,6,2026-03-20 05:14:40,2026-03-20 05:15:47,OK,NO
1498,12,2026-03-20 05:15:28,2026-03-20 05:16:26,OK,NO
1499,9,2026-03-20 05:15:38,2026-03-20 05:16:35,OK,NO
1500,7,2026-03-20 05:14:40,2026-03-20 05:17:00,OK,NO
1499,10,2026-03-20 05:16:35,2026-03-20 05:17:42,OK,NO
1646,2,2026-03-20 05:17:00,2026-03-20 05:17:52,OK,NO
1643,3,2026-03-20 05:17:00,2026-03-20 05:17:54,OK,NO
1622,6,2026-03-20 05:17:00,2026-03-20 05:17:54,OK,NO
1641,4,2026-03-20 05:17:00,2026-03-20 05:17:56,OK,NO
1628,5,2026-03-20 05:17:00,2026-03-20 05:17:56,OK,NO
1658,1,2026-03-20 05:17:00,2026-03-20 05:18:01,OK,NO
1500,8,2026-03-20 05:17:00,2026-03-20 05:18:08,OK,NO
1499,11,2026-03-20 05:17:42,2026-03-20 05:18:38,OK,NO
1500,9,2026-03-20 05:18:08,2026-03-20 05:19:08,OK,NO
1499,12,2026-03-20 05:18:38,2026-03-20 05:19:43,OK,NO
1501,7,2026-03-20 05:17:00,2026-03-20 05:20:08,OK,NO
1500,10,2026-03-20 05:19:08,2026-03-20 05:20:15,OK,NO
1623,6,2026-03-20 05:20:08,2026-03-20 05:21:03,OK,NO
1644,3,2026-03-20 05:20:08,2026-03-20 05:21:05,OK,NO
1647,2,2026-03-20 05:20:08,2026-03-20 05:21:09,OK,NO
1629,5,2026-03-20 05:20:08,2026-03-20 05:21:10,OK,NO
1500,11,2026-03-20 05:20:15,2026-03-20 05:21:16,OK,NO
1659,1,2026-03-20 05:20:08,2026-03-20 05:21:17,OK,NO
1501,8,2026-03-20 05:20:08,2026-03-20 05:21:25,OK,NO
1642,4,2026-03-20 05:20:08,2026-03-20 05:21:29,OK,NO
1500,12,2026-03-20 05:21:16,2026-03-20 05:22:09,OK,NO
1501,9,2026-03-20 05:21:25,2026-03-20 05:22:23,OK,NO
1502,7,2026-03-20 05:20:08,2026-03-20 05:22:59,OK,NO
1501,10,2026-03-20 05:22:23,2026-03-20 05:23:26,OK,NO
1645,3,2026-03-20 05:22:59,2026-03-20 05:23:52,OK,NO
1648,2,2026-03-20 05:22:59,2026-03-20 05:23:58,OK,NO
1630,5,2026-03-20 05:22:59,2026-03-20 05:24:03,OK,NO
1624,6,2026-03-20 05:22:59,2026-03-20 05:24:03,OK,NO
1502,8,2026-03-20 05:22:59,2026-03-20 05:24:03,OK,NO
1643,4,2026-03-20 05:22:59,2026-03-20 05:24:07,OK,NO
1660,1,2026-03-20 05:22:59,2026-03-20 05:24:10,OK,NO
1501,11,2026-03-20 05:23:26,2026-03-20 05:24:18,OK,NO
1502,9,2026-03-20 05:24:03,2026-03-20 05:24:59,OK,NO
1501,12,2026-03-20 05:24:18,2026-03-20 05:25:21,OK,NO
1502,10,2026-03-20 05:24:59,2026-03-20 05:25:45,OK,NO
1503,7,2026-03-20 05:22:59,2026-03-20 05:26:02,OK,NO
1502,11,2026-03-20 05:25:45,2026-03-20 05:26:39,OK,NO
1625,6,2026-03-20 05:26:02,2026-03-20 05:27:00,OK,NO
1503,8,2026-03-20 05:26:02,2026-03-20 05:27:12,OK,NO
1502,12,2026-03-20 05:26:39,2026-03-20 05:27:40,OK,NO
1503,9,2026-03-20 05:27:12,2026-03-20 05:28:21,OK,NO
1661,1,2026-03-20 05:27:33,2026-03-20 05:28:30,OK,NO
1646,3,2026-03-20 05:27:33,2026-03-20 05:28:31,OK,NO
1631,5,2026-03-20 05:27:33,2026-03-20 05:28:34,OK,NO
1649,2,2026-03-20 05:27:33,2026-03-20 05:28:40,OK,NO
1504,7,2026-03-20 05:26:02,2026-03-20 05:28:43,OK,NO
1644,4,2026-03-20 05:27:33,2026-03-20 05:28:52,OK,NO
1503,10,2026-03-20 05:28:21,2026-03-20 05:29:26,OK,NO
1626,6,2026-03-20 05:28:43,2026-03-20 05:29:36,OK,NO
1662,1,2026-03-20 05:28:52,2026-03-20 05:29:44,OK,NO
1645,4,2026-03-20 05:28:52,2026-03-20 05:29:46,OK,NO
1632,5,2026-03-20 05:28:43,2026-03-20 05:29:48,OK,NO
1650,2,2026-03-20 05:28:52,2026-03-20 05:29:50,OK,NO
1504,8,2026-03-20 05:28:43,2026-03-20 05:29:53,OK,NO
1647,3,2026-03-20 05:28:52,2026-03-20 05:30:03,OK,NO
1503,11,2026-03-20 05:29:26,2026-03-20 05:30:30,OK,NO
1504,9,2026-03-20 05:29:53,2026-03-20 05:30:52,OK,NO
1503,12,2026-03-20 05:30:30,2026-03-20 05:31:29,OK,NO
1504,10,2026-03-20 05:30:52,2026-03-20 05:31:46,OK,NO
1505,7,2026-03-20 05:28:43,2026-03-20 05:31:51,OK,NO
1651,2,2026-03-20 05:31:51,2026-03-20 05:32:44,OK,NO
1633,5,2026-03-20 05:31:51,2026-03-20 05:32:46,OK,NO
1663,1,2026-03-20 05:31:51,2026-03-20 05:32:46,OK,NO
1504,11,2026-03-20 05:31:46,2026-03-20 05:32:49,OK,NO
1646,4,2026-03-20 05:31:51,2026-03-20 05:32:49,OK,NO
1627,6,2026-03-20 05:31:51,2026-03-20 05:32:52,OK,NO
1648,3,2026-03-20 05:31:51,2026-03-20 05:32:55,OK,NO
1505,8,2026-03-20 05:31:51,2026-03-20 05:32:59,OK,NO
1504,12,2026-03-20 05:32:49,2026-03-20 05:33:50,OK,NO
1505,9,2026-03-20 05:32:59,2026-03-20 05:34:02,OK,NO
1506,7,2026-03-20 05:31:51,2026-03-20 05:34:34,OK,NO
1505,10,2026-03-20 05:34:02,2026-03-20 05:34:54,OK,NO
1647,4,2026-03-20 05:34:34,2026-03-20 05:35:24,OK,NO
1506,8,2026-03-20 05:34:34,2026-03-20 05:35:27,OK,NO
1634,5,2026-03-20 05:34:34,2026-03-20 05:35:29,OK,NO
1664,1,2026-03-20 05:34:34,2026-03-20 05:35:32,OK,NO
1628,6,2026-03-20 05:34:34,2026-03-20 05:35:34,OK,NO
1652,2,2026-03-20 05:34:34,2026-03-20 05:35:40,OK,NO
1649,3,2026-03-20 05:34:34,2026-03-20 05:35:46,OK,NO
1505,11,2026-03-20 05:34:54,2026-03-20 05:35:50,OK,NO
1506,9,2026-03-20 05:35:27,2026-03-20 05:36:31,OK,NO
1507,7,2026-03-20 05:34:34,2026-03-20 05:36:58,OK,NO
1505,12,2026-03-20 05:36:12,2026-03-20 05:37:08,OK,NO
1506,10,2026-03-20 05:36:31,2026-03-20 05:37:21,OK,NO
1635,5,2026-03-20 05:36:58,2026-03-20 05:37:52,OK,NO
1648,4,2026-03-20 05:36:58,2026-03-20 05:37:57,OK,NO
1507,8,2026-03-20 05:36:58,2026-03-20 05:37:57,OK,NO
1653,2,2026-03-20 05:36:58,2026-03-20 05:37:59,OK,NO
1650,3,2026-03-20 05:36:58,2026-03-20 05:38:02,OK,NO
1629,6,2026-03-20 05:36:58,2026-03-20 05:38:02,OK,NO
1665,1,2026-03-20 05:36:58,2026-03-20 05:38:06,OK,NO
1506,11,2026-03-20 05:37:21,2026-03-20 05:38:24,OK,NO
1507,9,2026-03-20 05:37:57,2026-03-20 05:39:02,OK,NO
1508,7,2026-03-20 05:36:58,2026-03-20 05:39:23,OK,NO
1506,12,2026-03-20 05:38:24,2026-03-20 05:39:25,OK,NO
1507,10,2026-03-20 05:39:02,2026-03-20 05:39:55,OK,NO
1630,6,2026-03-20 05:39:23,2026-03-20 05:40:11,OK,NO
1654,2,2026-03-20 05:39:23,2026-03-20 05:40:14,OK,NO
1651,3,2026-03-20 05:39:23,2026-03-20 05:40:18,OK,NO
1508,8,2026-03-20 05:39:23,2026-03-20 05:40:18,OK,NO
1666,1,2026-03-20 05:39:23,2026-03-20 05:40:28,OK,NO
1636,5,2026-03-20 05:39:23,2026-03-20 05:40:30,OK,NO
1507,11,2026-03-20 05:39:55,2026-03-20 05:40:48,OK,NO
1649,4,2026-03-20 05:39:23,2026-03-20 05:40:55,OK,NO
1508,9,2026-03-20 05:40:18,2026-03-20 05:41:12,OK,NO
1507,12,2026-03-20 05:40:48,2026-03-20 05:41:53,OK,NO
1508,10,2026-03-20 05:41:12,2026-03-20 05:42:10,OK,NO
1509,7,2026-03-20 05:39:23,2026-03-20 05:42:41,OK,NO
1508,11,2026-03-20 05:42:10,2026-03-20 05:43:15,OK,NO
1509,8,2026-03-20 05:42:41,2026-03-20 05:43:37,OK,NO
1655,2,2026-03-20 05:42:41,2026-03-20 05:43:38,OK,NO
1631,6,2026-03-20 05:42:41,2026-03-20 05:43:41,OK,NO
1652,3,2026-03-20 05:42:41,2026-03-20 05:43:41,OK,NO
1667,1,2026-03-20 05:42:41,2026-03-20 05:43:46,OK,NO
1637,5,2026-03-20 05:42:41,2026-03-20 05:43:46,OK,NO
1650,4,2026-03-20 05:42:41,2026-03-20 05:43:50,OK,NO
1508,12,2026-03-20 05:43:15,2026-03-20 05:44:04,OK,NO
1509,9,2026-03-20 05:43:37,2026-03-20 05:44:35,OK,NO
1510,7,2026-03-20 05:42:41,2026-03-20 05:45:02,OK,NO
1509,10,2026-03-20 05:44:35,2026-03-20 05:45:28,OK,NO
1638,5,2026-03-20 05:45:02,2026-03-20 05:45:53,OK,NO
1632,6,2026-03-20 05:45:02,2026-03-20 05:46:00,OK,NO
1668,1,2026-03-20 05:45:02,2026-03-20 05:46:06,OK,NO
1510,8,2026-03-20 05:45:02,2026-03-20 05:46:09,OK,NO
1656,2,2026-03-20 05:45:02,2026-03-20 05:46:10,OK,NO
1653,3,2026-03-20 05:45:02,2026-03-20 05:46:11,OK,NO
1651,4,2026-03-20 05:45:02,2026-03-20 05:46:13,OK,NO
1509,11,2026-03-20 05:45:28,2026-03-20 05:46:31,OK,NO
1510,9,2026-03-20 05:46:09,2026-03-20 05:47:04,OK,NO
1509,12,2026-03-20 05:46:31,2026-03-20 05:47:32,OK,NO
1511,7,2026-03-20 05:45:02,2026-03-20 05:47:52,OK,NO
1510,10,2026-03-20 05:47:04,2026-03-20 05:48:09,OK,NO
1511,8,2026-03-20 05:47:52,2026-03-20 05:48:43,OK,NO
1669,1,2026-03-20 05:47:52,2026-03-20 05:48:45,OK,NO
1639,5,2026-03-20 05:47:52,2026-03-20 05:48:46,OK,NO
1633,6,2026-03-20 05:47:52,2026-03-20 05:48:49,OK,NO
1657,2,2026-03-20 05:47:52,2026-03-20 05:48:54,OK,NO
1654,3,2026-03-20 05:47:52,2026-03-20 05:49:01,OK,NO
1652,4,2026-03-20 05:47:52,2026-03-20 05:49:05,OK,NO
1510,11,2026-03-20 05:48:09,2026-03-20 05:49:08,OK,NO
1511,9,2026-03-20 05:48:43,2026-03-20 05:49:53,OK,NO
1510,12,2026-03-20 05:49:08,2026-03-20 05:50:07,OK,NO
1512,7,2026-03-20 05:47:52,2026-03-20 05:50:32,OK,NO
1511,10,2026-03-20 05:49:53,2026-03-20 05:50:51,OK,NO
1670,1,2026-03-20 05:50:32,2026-03-20 05:51:21,OK,NO
1512,8,2026-03-20 05:50:32,2026-03-20 05:51:22,OK,NO
1658,2,2026-03-20 05:50:32,2026-03-20 05:51:25,OK,NO
1640,5,2026-03-20 05:50:32,2026-03-20 05:51:33,OK,NO
1634,6,2026-03-20 05:50:32,2026-03-20 05:51:35,OK,NO
1655,3,2026-03-20 05:50:32,2026-03-20 05:51:40,OK,NO
1653,4,2026-03-20 05:50:32,2026-03-20 05:51:51,OK,NO
1511,11,2026-03-20 05:50:51,2026-03-20 05:52:03,OK,NO
1512,9,2026-03-20 05:51:22,2026-03-20 05:52:21,OK,NO
1511,12,2026-03-20 05:52:03,2026-03-20 05:52:59,OK,NO
1512,10,2026-03-20 05:52:21,2026-03-20 05:53:17,OK,NO
1513,7,2026-03-20 05:50:32,2026-03-20 05:53:26,OK,NO
1654,4,2026-03-20 05:53:26,2026-03-20 05:54:15,OK,NO
1656,3,2026-03-20 05:53:26,2026-03-20 05:54:17,OK,NO
1513,8,2026-03-20 05:53:26,2026-03-20 05:54:18,OK,NO
1512,11,2026-03-20 05:53:17,2026-03-20 05:54:21,OK,NO
1641,5,2026-03-20 05:53:26,2026-03-20 05:54:22,OK,NO
1635,6,2026-03-20 05:53:26,2026-03-20 05:54:26,OK,NO
1659,2,2026-03-20 05:53:26,2026-03-20 05:54:27,OK,NO
1671,1,2026-03-20 05:53:26,2026-03-20 05:54:32,OK,NO
1512,12,2026-03-20 05:54:21,2026-03-20 05:55:17,OK,NO
1513,9,2026-03-20 05:54:18,2026-03-20 05:55:42,OK,NO
1514,7,2026-03-20 05:53:26,2026-03-20 05:56:05,OK,NO
1513,10,2026-03-20 05:55:42,2026-03-20 05:56:37,OK,NO
1636,6,2026-03-20 05:56:05,2026-03-20 05:56:53,OK,NO
1514,8,2026-03-20 05:56:05,2026-03-20 05:57:15,OK,NO
1513,11,2026-03-20 05:56:37,2026-03-20 05:57:38,OK,NO
1514,9,2026-03-20 05:57:15,2026-03-20 05:58:12,OK,NO
1513,12,2026-03-20 05:57:38,2026-03-20 05:58:42,OK,NO
1514,10,2026-03-20 05:58:12,2026-03-20 05:59:03,OK,NO
1515,7,2026-03-20 05:56:05,2026-03-20 05:59:26,OK,NO
