station,state,ts_start,ts_end
1,Starved,2026-03-18 06:00:00,2026-03-18 06:00:00
1,Running,2026-03-18 06:00:00,2026-03-18 06:00:59
2,Starved,2026-03-18 06:00:00,2026-03-18 06:00:59
1,Starved,2026-03-18 06:00:59,2026-03-18 06:01:00
2,Running,2026-03-18 06:00:59,2026-03-18 06:01:59
3,Starved,2026-03-18 06:00:00,2026-03-18 06:01:59
2,Starved,2026-03-18 06:01:59,2026-03-18 06:02:00
3,Running,2026-03-18 06:01:59,2026-03-18 06:02:55
4,Starved,2026-03-18 06:00:00,2026-03-18 06:02:55
2,Running,2026-03-18 06:02:00,2026-03-18 06:02:57
3,Starved,2026-03-18 06:02:55,2026-03-18 06:02:57
2,Starved,2026-03-18 06:02:57,2026-03-18 06:03:06
3,Running,2026-03-18 06:02:57,2026-03-18 06:03:55
2,Running,2026-03-18 06:03:06,2026-03-18 06:03:58
3,Starved,2026-03-18 06:03:55,2026-03-18 06:03:58
5,Starved,2026-03-18 06:00:00,2026-03-18 06:04:02
2,Starved,2026-03-18 06:03:58,2026-03-18 06:04:03
5,Running,2026-03-18 06:04:02,2026-03-18 06:04:54
6,Starved,2026-03-18 06:00:00,2026-03-18 06:04:54
2,Running,2026-03-18 06:04:03,2026-03-18 06:04:59
4,Running,2026-03-18 06:02:55,2026-03-18 06:05:00
5,Starved,2026-03-18 06:04:54,2026-03-18 06:05:00
4,Starved,2026-03-18 06:05:00,2026-03-18 06:05:01
2,Starved,2026-03-18 06:04:59,2026-03-18 06:05:06
5,Running,2026-03-18 06:05:00,2026-03-18 06:05:57
3,Running,2026-03-18 06:03:58,2026-03-18 06:05:58
7,Starved,2026-03-18 06:00:00,2026-03-18 06:05:59
5,Starved,2026-03-18 06:05:57,2026-03-18 06:06:10
3,Starved,2026-03-18 06:05:58,2026-03-18 06:06:11
1,Running,2026-03-18 06:01:00,2026-03-18 06:06:50
1,Starved,2026-03-18 06:06:50,2026-03-18 06:07:00
6,Running,2026-03-18 06:04:54,2026-03-18 06:07:00
5,Running,2026-03-18 06:06:10,2026-03-18 06:07:02
6,Starved,2026-03-18 06:07:00,2026-03-18 06:07:02
8,Starved,2026-03-18 06:00:00,2026-03-18 06:07:12
5,Starved,2026-03-18 06:07:02,2026-03-18 06:07:39
6,Running,2026-03-18 06:07:02,2026-03-18 06:07:56
2,Running,2026-03-18 06:05:06,2026-03-18 06:08:07
2,Starved,2026-03-18 06:08:07,2026-03-18 06:08:07
9,Starved,2026-03-18 06:00:00,2026-03-18 06:08:13
6,Starved,2026-03-18 06:07:56,2026-03-18 06:08:38
8,Running,2026-03-18 06:07:12,2026-03-18 06:09:13
10,Starved,2026-03-18 06:00:00,2026-03-18 06:09:13
7,Running,2026-03-18 06:05:59,2026-03-18 06:09:23
8,Starved,2026-03-18 06:09:13,2026-03-18 06:09:23
5,Running,2026-03-18 06:07:39,2026-03-18 06:09:30
7,Starved,2026-03-18 06:09:23,2026-03-18 06:09:40
2,Running,2026-03-18 06:08:07,2026-03-18 06:10:01
5,Starved,2026-03-18 06:09:30,2026-03-18 06:10:02
2,Starved,2026-03-18 06:10:01,2026-03-18 06:10:06
9,Running,2026-03-18 06:08:13,2026-03-18 06:10:09
11,Starved,2026-03-18 06:00:00,2026-03-18 06:10:23
8,Running,2026-03-18 06:09:23,2026-03-18 06:10:27
9,Starved,2026-03-18 06:10:09,2026-03-18 06:10:27
6,Running,2026-03-18 06:08:38,2026-03-18 06:10:41
5,Running,2026-03-18 06:10:02,2026-03-18 06:11:02
6,Starved,2026-03-18 06:10:41,2026-03-18 06:11:02
2,Running,2026-03-18 06:10:06,2026-03-18 06:11:02
5,Starved,2026-03-18 06:11:02,2026-03-18 06:11:05
2,Starved,2026-03-18 06:11:02,2026-03-18 06:11:10
8,Starved,2026-03-18 06:10:27,2026-03-18 06:11:11
10,Running,2026-03-18 06:09:13,2026-03-18 06:11:23
9,Running,2026-03-18 06:10:27,2026-03-18 06:11:25
10,Starved,2026-03-18 06:11:23,2026-03-18 06:11:25
12,Starved,2026-03-18 06:00:00,2026-03-18 06:11:27
3,Running,2026-03-18 06:06:11,2026-03-18 06:11:59
6,Running,2026-03-18 06:11:02,2026-03-18 06:12:05
2,Running,2026-03-18 06:11:10,2026-03-18 06:12:09
3,Starved,2026-03-18 06:11:59,2026-03-18 06:12:09
9,Starved,2026-03-18 06:11:25,2026-03-18 06:12:10
6,Starved,2026-03-18 06:12:05,2026-03-18 06:12:13
2,Starved,2026-03-18 06:12:09,2026-03-18 06:12:16
10,Running,2026-03-18 06:11:25,2026-03-18 06:12:18
12,Running,2026-03-18 06:11:27,2026-03-18 06:12:20
12,Starved,2026-03-18 06:12:20,2026-03-18 06:12:29
3,Running,2026-03-18 06:12:09,2026-03-18 06:13:00
6,Running,2026-03-18 06:12:13,2026-03-18 06:13:09
2,Running,2026-03-18 06:12:16,2026-03-18 06:13:11
3,Starved,2026-03-18 06:13:00,2026-03-18 06:13:11
8,Running,2026-03-18 06:11:11,2026-03-18 06:13:16
6,Starved,2026-03-18 06:13:09,2026-03-18 06:13:23
2,Starved,2026-03-18 06:13:11,2026-03-18 06:13:26
10,Starved,2026-03-18 06:12:18,2026-03-18 06:13:27
11,Running,2026-03-18 06:10:23,2026-03-18 06:13:27
8,Starved,2026-03-18 06:13:16,2026-03-18 06:13:38
3,Running,2026-03-18 06:13:11,2026-03-18 06:14:14
9,Running,2026-03-18 06:12:10,2026-03-18 06:14:23
11,Starved,2026-03-18 06:13:27,2026-03-18 06:14:23
3,Starved,2026-03-18 06:14:14,2026-03-18 06:14:27
8,Running,2026-03-18 06:13:38,2026-03-18 06:14:29
9,Starved,2026-03-18 06:14:23,2026-03-18 06:14:29
12,Running,2026-03-18 06:12:29,2026-03-18 06:14:35
8,Starved,2026-03-18 06:14:29,2026-03-18 06:14:43
5,Running,2026-03-18 06:11:05,2026-03-18 06:15:16
5,Starved,2026-03-18 06:15:16,2026-03-18 06:15:16
2,Running,2026-03-18 06:13:26,2026-03-18 06:15:19
11,Running,2026-03-18 06:14:23,2026-03-18 06:15:23
12,Starved,2026-03-18 06:14:35,2026-03-18 06:15:23
2,Starved,2026-03-18 06:15:19,2026-03-18 06:15:26
10,Running,2026-03-18 06:13:27,2026-03-18 06:15:34
11,Starved,2026-03-18 06:15:23,2026-03-18 06:15:34
8,Running,2026-03-18 06:14:43,2026-03-18 06:15:37
8,Starved,2026-03-18 06:15:37,2026-03-18 06:15:55
10,Starved,2026-03-18 06:15:34,2026-03-18 06:15:57
5,Running,2026-03-18 06:15:16,2026-03-18 06:16:12
2,Running,2026-03-18 06:15:26,2026-03-18 06:16:19
12,Running,2026-03-18 06:15:23,2026-03-18 06:16:20
5,Starved,2026-03-18 06:16:12,2026-03-18 06:16:20
2,Starved,2026-03-18 06:16:19,2026-03-18 06:16:21
11,Running,2026-03-18 06:15:34,2026-03-18 06:16:30
12,Starved,2026-03-18 06:16:20,2026-03-18 06:16:30
8,Running,2026-03-18 06:15:55,2026-03-18 06:16:47
10,Running,2026-03-18 06:15:57,2026-03-18 06:16:47
11,Starved,2026-03-18 06:16:30,2026-03-18 06:16:47
8,Starved,2026-03-18 06:16:47,2026-03-18 06:16:53
10,Starved,2026-03-18 06:16:47,2026-03-18 06:16:56
12,Running,2026-03-18 06:16:30,2026-03-18 06:17:27
11,Running,2026-03-18 06:16:47,2026-03-18 06:17:47
12,Starved,2026-03-18 06:17:27,2026-03-18 06:17:47
10,Running,2026-03-18 06:16:56,2026-03-18 06:17:53
11,Starved,2026-03-18 06:17:47,2026-03-18 06:17:53
8,Running,2026-03-18 06:16:53,2026-03-18 06:17:54
8,Starved,2026-03-18 06:17:54,2026-03-18 06:17:57
10,Starved,2026-03-18 06:17:53,2026-03-18 06:17:58
5,Running,2026-03-18 06:16:20,2026-03-18 06:18:14
2,Running,2026-03-18 06:16:21,2026-03-18 06:18:21
2,Starved,2026-03-18 06:18:21,2026-03-18 06:18:31
5,Starved,2026-03-18 06:18:14,2026-03-18 06:18:43
12,Running,2026-03-18 06:17:47,2026-03-18 06:18:43
11,Running,2026-03-18 06:17:53,2026-03-18 06:18:46
12,Starved,2026-03-18 06:18:43,2026-03-18 06:18:46
10,Running,2026-03-18 06:17:58,2026-03-18 06:18:54
11,Starved,2026-03-18 06:18:46,2026-03-18 06:18:54
10,Starved,2026-03-18 06:18:54,2026-03-18 06:19:00
6,Running,2026-03-18 06:13:23,2026-03-18 06:19:34
12,Running,2026-03-18 06:18:46,2026-03-18 06:19:44
5,Running,2026-03-18 06:18:43,2026-03-18 06:19:44
6,Starved,2026-03-18 06:19:34,2026-03-18 06:19:44
10,Running,2026-03-18 06:19:00,2026-03-18 06:19:58
12,Starved,2026-03-18 06:19:44,2026-03-18 06:20:01
10,Starved,2026-03-18 06:19:58,2026-03-18 06:20:01
5,Starved,2026-03-18 06:19:44,2026-03-18 06:20:05
2,Running,2026-03-18 06:18:31,2026-03-18 06:20:19
2,Starved,2026-03-18 06:20:19,2026-03-18 06:20:24
8,Running,2026-03-18 06:17:57,2026-03-18 06:20:46
6,Running,2026-03-18 06:19:44,2026-03-18 06:20:47
8,Starved,2026-03-18 06:20:46,2026-03-18 06:20:51
10,Running,2026-03-18 06:20:01,2026-03-18 06:20:53
12,Running,2026-03-18 06:20:01,2026-03-18 06:20:57
12,Starved,2026-03-18 06:20:57,2026-03-18 06:21:01
10,Starved,2026-03-18 06:20:53,2026-03-18 06:21:05
5,Running,2026-03-18 06:20:05,2026-03-18 06:21:11
6,Starved,2026-03-18 06:20:47,2026-03-18 06:21:11
5,Starved,2026-03-18 06:21:11,2026-03-18 06:21:11
2,Running,2026-03-18 06:20:24,2026-03-18 06:21:20
2,Starved,2026-03-18 06:21:20,2026-03-18 06:21:26
8,Running,2026-03-18 06:20:51,2026-03-18 06:21:49
12,Running,2026-03-18 06:21:01,2026-03-18 06:21:57
11,Running,2026-03-18 06:18:54,2026-03-18 06:22:00
12,Starved,2026-03-18 06:21:57,2026-03-18 06:22:00
7,Running,2026-03-18 06:09:40,2026-03-18 06:22:04
8,Starved,2026-03-18 06:21:49,2026-03-18 06:22:04
5,Running,2026-03-18 06:21:11,2026-03-18 06:22:08
7,Starved,2026-03-18 06:22:04,2026-03-18 06:22:11
10,Running,2026-03-18 06:21:05,2026-03-18 06:22:14
11,Starved,2026-03-18 06:22:00,2026-03-18 06:22:14
10,Starved,2026-03-18 06:22:14,2026-03-18 06:22:19
2,Running,2026-03-18 06:21:26,2026-03-18 06:22:24
2,Starved,2026-03-18 06:22:24,2026-03-18 06:22:29
5,Starved,2026-03-18 06:22:08,2026-03-18 06:22:30
12,Running,2026-03-18 06:22:00,2026-03-18 06:23:01
11,Running,2026-03-18 06:22:14,2026-03-18 06:23:10
12,Starved,2026-03-18 06:23:01,2026-03-18 06:23:10
6,Running,2026-03-18 06:21:11,2026-03-18 06:23:10
8,Running,2026-03-18 06:22:04,2026-03-18 06:23:13
2,Running,2026-03-18 06:22:29,2026-03-18 06:23:17
8,Starved,2026-03-18 06:23:13,2026-03-18 06:23:17
9,Running,2026-03-18 06:14:29,2026-03-18 06:23:18
11,Starved,2026-03-18 06:23:10,2026-03-18 06:23:23
2,Starved,2026-03-18 06:23:17,2026-03-18 06:23:26
5,Running,2026-03-18 06:22:30,2026-03-18 06:23:30
6,Starved,2026-03-18 06:23:10,2026-03-18 06:23:30
5,Starved,2026-03-18 06:23:30,2026-03-18 06:23:43
7,Running,2026-03-18 06:22:11,2026-03-18 06:24:10
12,Running,2026-03-18 06:23:10,2026-03-18 06:24:12
10,Running,2026-03-18 06:22:19,2026-03-18 06:24:19
12,Starved,2026-03-18 06:24:12,2026-03-18 06:24:22
6,Running,2026-03-18 06:23:30,2026-03-18 06:24:33
7,Starved,2026-03-18 06:24:10,2026-03-18 06:24:33
5,Running,2026-03-18 06:23:43,2026-03-18 06:24:51
6,Starved,2026-03-18 06:24:33,2026-03-18 06:24:51
5,Starved,2026-03-18 06:24:51,2026-03-18 06:25:05
8,Running,2026-03-18 06:23:17,2026-03-18 06:25:14
12,Running,2026-03-18 06:24:22,2026-03-18 06:25:20
11,Running,2026-03-18 06:23:23,2026-03-18 06:25:29
12,Starved,2026-03-18 06:25:20,2026-03-18 06:25:29
6,Running,2026-03-18 06:24:51,2026-03-18 06:25:44
8,Starved,2026-03-18 06:25:14,2026-03-18 06:25:45
6,Starved,2026-03-18 06:25:44,2026-03-18 06:26:12
12,Running,2026-03-18 06:25:29,2026-03-18 06:26:35
8,Running,2026-03-18 06:25:45,2026-03-18 06:26:38
7,Running,2026-03-18 06:24:33,2026-03-18 06:27:02
8,Starved,2026-03-18 06:26:38,2026-03-18 06:27:02
7,Starved,2026-03-18 06:27:02,2026-03-18 06:27:06
8,Running,2026-03-18 06:27:02,2026-03-18 06:28:00
5,Running,2026-03-18 06:25:05,2026-03-18 06:28:01
1,Running,2026-03-18 06:07:00,2026-03-18 06:28:08
5,Starved,2026-03-18 06:28:01,2026-03-18 06:28:31
6,Running,2026-03-18 06:26:12,2026-03-18 06:29:08
6,Starved,2026-03-18 06:29:08,2026-03-18 06:29:35
2,Running,2026-03-18 06:23:26,2026-03-18 06:29:38
7,Running,2026-03-18 06:27:06,2026-03-18 06:30:16
6,Running,2026-03-18 06:29:35,2026-03-18 06:30:27
7,Starved,2026-03-18 06:30:16,2026-03-18 06:30:27
5,Running,2026-03-18 06:28:31,2026-03-18 06:30:33
6,Starved,2026-03-18 06:30:27,2026-03-18 06:30:33
3,Running,2026-03-18 06:14:27,2026-03-18 06:30:42
5,Starved,2026-03-18 06:30:33,2026-03-18 06:30:45
1,Down,2026-03-18 06:28:08,2026-03-18 06:31:13
6,Running,2026-03-18 06:30:33,2026-03-18 06:31:35
9,Down,2026-03-18 06:23:18,2026-03-18 06:31:38
8,Blocked,2026-03-18 06:28:00,2026-03-18 06:31:38
5,Running,2026-03-18 06:30:45,2026-03-18 06:31:43
6,Starved,2026-03-18 06:31:35,2026-03-18 06:31:43
5,Starved,2026-03-18 06:31:43,2026-03-18 06:31:54
2,Starved,2026-03-18 06:29:38,2026-03-18 06:32:18
6,Running,2026-03-18 06:31:43,2026-03-18 06:32:36
8,Running,2026-03-18 06:31:38,2026-03-18 06:32:44
5,Running,2026-03-18 06:31:54,2026-03-18 06:32:57
6,Starved,2026-03-18 06:32:36,2026-03-18 06:32:57
10,Starved,2026-03-18 06:24:19,2026-03-18 06:32:58
8,Blocked,2026-03-18 06:32:44,2026-03-18 06:32:58
5,Starved,2026-03-18 06:32:57,2026-03-18 06:33:13
3,Starved,2026-03-18 06:30:42,2026-03-18 06:33:22
6,Running,2026-03-18 06:32:57,2026-03-18 06:33:51
11,Starved,2026-03-18 06:25:29,2026-03-18 06:33:59
5,Running,2026-03-18 06:33:13,2026-03-18 06:34:10
6,Starved,2026-03-18 06:33:51,2026-03-18 06:34:10
2,Running,2026-03-18 06:32:18,2026-03-18 06:34:14
2,Starved,2026-03-18 06:34:14,2026-03-18 06:34:17
5,Starved,2026-03-18 06:34:10,2026-03-18 06:34:34
7,Running,2026-03-18 06:30:27,2026-03-18 06:34:52
11,Running,2026-03-18 06:33:59,2026-03-18 06:35:03
12,Starved,2026-03-18 06:26:35,2026-03-18 06:35:03
11,Starved,2026-03-18 06:35:03,2026-03-18 06:35:07
6,Running,2026-03-18 06:34:10,2026-03-18 06:35:07
7,Starved,2026-03-18 06:34:52,2026-03-18 06:35:07
2,Running,2026-03-18 06:34:17,2026-03-18 06:35:16
2,Starved,2026-03-18 06:35:16,2026-03-18 06:35:21
5,Running,2026-03-18 06:34:34,2026-03-18 06:35:30
6,Starved,2026-03-18 06:35:07,2026-03-18 06:35:30
5,Starved,2026-03-18 06:35:30,2026-03-18 06:35:40
8,Running,2026-03-18 06:32:58,2026-03-18 06:35:58
10,Running,2026-03-18 06:32:58,2026-03-18 06:36:01
12,Running,2026-03-18 06:35:03,2026-03-18 06:36:06
12,Starved,2026-03-18 06:36:06,2026-03-18 06:36:14
7,Running,2026-03-18 06:35:07,2026-03-18 06:36:14
2,Running,2026-03-18 06:35:21,2026-03-18 06:36:22
10,Starved,2026-03-18 06:36:01,2026-03-18 06:36:24
8,Blocked,2026-03-18 06:35:58,2026-03-18 06:36:24
2,Starved,2026-03-18 06:36:22,2026-03-18 06:36:25
6,Running,2026-03-18 06:35:30,2026-03-18 06:36:31
7,Starved,2026-03-18 06:36:14,2026-03-18 06:36:31
5,Running,2026-03-18 06:35:40,2026-03-18 06:36:37
6,Starved,2026-03-18 06:36:31,2026-03-18 06:36:37
5,Starved,2026-03-18 06:36:37,2026-03-18 06:36:44
11,Running,2026-03-18 06:35:07,2026-03-18 06:37:19
11,Starved,2026-03-18 06:37:19,2026-03-18 06:37:19
6,Running,2026-03-18 06:36:37,2026-03-18 06:37:37
6,Starved,2026-03-18 06:37:37,2026-03-18 06:37:46
10,Running,2026-03-18 06:36:24,2026-03-18 06:38:12
8,Running,2026-03-18 06:36:24,2026-03-18 06:38:42
6,Running,2026-03-18 06:37:46,2026-03-18 06:38:42
10,Starved,2026-03-18 06:38:12,2026-03-18 06:38:43
8,Blocked,2026-03-18 06:38:42,2026-03-18 06:38:43
6,Starved,2026-03-18 06:38:42,2026-03-18 06:38:46
11,Running,2026-03-18 06:37:19,2026-03-18 06:39:17
8,Running,2026-03-18 06:38:43,2026-03-18 06:39:37
8,Blocked,2026-03-18 06:39:37,2026-03-18 06:39:39
11,Starved,2026-03-18 06:39:17,2026-03-18 06:39:40
6,Running,2026-03-18 06:38:46,2026-03-18 06:39:44
5,Running,2026-03-18 06:36:44,2026-03-18 06:39:50
6,Starved,2026-03-18 06:39:44,2026-03-18 06:39:50
5,Starved,2026-03-18 06:39:50,2026-03-18 06:40:04
12,Running,2026-03-18 06:36:14,2026-03-18 06:40:23
10,Running,2026-03-18 06:38:43,2026-03-18 06:40:45
10,Starved,2026-03-18 06:40:45,2026-03-18 06:40:46
12,Starved,2026-03-18 06:40:23,2026-03-18 06:40:47
6,Running,2026-03-18 06:39:50,2026-03-18 06:40:50
6,Starved,2026-03-18 06:40:50,2026-03-18 06:41:09
2,Running,2026-03-18 06:36:25,2026-03-18 06:41:25
2,Starved,2026-03-18 06:41:25,2026-03-18 06:41:34
10,Running,2026-03-18 06:40:46,2026-03-18 06:41:47
8,Running,2026-03-18 06:39:39,2026-03-18 06:41:48
12,Running,2026-03-18 06:40:47,2026-03-18 06:41:51
12,Starved,2026-03-18 06:41:51,2026-03-18 06:41:57
7,Running,2026-03-18 06:36:31,2026-03-18 06:42:00
5,Running,2026-03-18 06:40:04,2026-03-18 06:42:05
5,Starved,2026-03-18 06:42:05,2026-03-18 06:42:08
10,Starved,2026-03-18 06:41:47,2026-03-18 06:42:12
8,Blocked,2026-03-18 06:41:48,2026-03-18 06:42:12
7,Starved,2026-03-18 06:42:00,2026-03-18 06:42:16
11,Running,2026-03-18 06:39:40,2026-03-18 06:42:54
10,Running,2026-03-18 06:42:12,2026-03-18 06:43:10
11,Starved,2026-03-18 06:42:54,2026-03-18 06:43:10
8,Running,2026-03-18 06:42:12,2026-03-18 06:43:16
10,Starved,2026-03-18 06:43:10,2026-03-18 06:43:17
8,Blocked,2026-03-18 06:43:16,2026-03-18 06:43:17
12,Running,2026-03-18 06:41:57,2026-03-18 06:44:00
5,Running,2026-03-18 06:42:08,2026-03-18 06:44:08
11,Running,2026-03-18 06:43:10,2026-03-18 06:44:10
12,Starved,2026-03-18 06:44:00,2026-03-18 06:44:10
5,Starved,2026-03-18 06:44:08,2026-03-18 06:44:10
10,Running,2026-03-18 06:43:17,2026-03-18 06:44:11
11,Starved,2026-03-18 06:44:10,2026-03-18 06:44:11
8,Running,2026-03-18 06:43:17,2026-03-18 06:44:12
10,Starved,2026-03-18 06:44:11,2026-03-18 06:44:13
8,Blocked,2026-03-18 06:44:12,2026-03-18 06:44:13
6,Running,2026-03-18 06:41:09,2026-03-18 06:45:11
11,Running,2026-03-18 06:44:11,2026-03-18 06:45:13
6,Starved,2026-03-18 06:45:11,2026-03-18 06:45:20
2,Running,2026-03-18 06:41:34,2026-03-18 06:45:41
2,Starved,2026-03-18 06:45:41,2026-03-18 06:45:44
10,Running,2026-03-18 06:44:13,2026-03-18 06:46:10
8,Running,2026-03-18 06:44:13,2026-03-18 06:46:12
12,Running,2026-03-18 06:44:10,2026-03-18 06:46:23
10,Starved,2026-03-18 06:46:10,2026-03-18 06:46:26
8,Blocked,2026-03-18 06:46:12,2026-03-18 06:46:26
2,Running,2026-03-18 06:45:44,2026-03-18 06:46:38
5,Running,2026-03-18 06:44:10,2026-03-18 06:47:09
5,Starved,2026-03-18 06:47:09,2026-03-18 06:47:14
10,Running,2026-03-18 06:46:26,2026-03-18 06:47:17
8,Running,2026-03-18 06:46:26,2026-03-18 06:47:18
3,Running,2026-03-18 06:33:22,2026-03-18 06:47:49
10,Starved,2026-03-18 06:47:17,2026-03-18 06:47:54
8,Blocked,2026-03-18 06:47:18,2026-03-18 06:47:54
10,Running,2026-03-18 06:47:54,2026-03-18 06:48:44
8,Running,2026-03-18 06:47:54,2026-03-18 06:48:54
10,Starved,2026-03-18 06:48:44,2026-03-18 06:49:01
8,Blocked,2026-03-18 06:48:54,2026-03-18 06:49:01
6,Running,2026-03-18 06:45:20,2026-03-18 06:49:20
5,Running,2026-03-18 06:47:14,2026-03-18 06:49:25
6,Starved,2026-03-18 06:49:20,2026-03-18 06:49:25
5,Starved,2026-03-18 06:49:25,2026-03-18 06:49:30
4,Running,2026-03-18 06:05:01,2026-03-18 06:50:25
6,Running,2026-03-18 06:49:25,2026-03-18 06:50:26
6,Starved,2026-03-18 06:50:26,2026-03-18 06:50:32
2,Down,2026-03-18 06:46:38,2026-03-18 06:51:07
5,Running,2026-03-18 06:49:30,2026-03-18 06:51:32
3,Starved,2026-03-18 06:47:49,2026-03-18 06:52:14
6,Running,2026-03-18 06:50:32,2026-03-18 06:52:29
10,Running,2026-03-18 06:49:01,2026-03-18 06:53:01
7,Running,2026-03-18 06:42:16,2026-03-18 06:53:01
4,Starved,2026-03-18 06:50:25,2026-03-18 06:53:07
8,Running,2026-03-18 06:49:01,2026-03-18 06:53:08
10,Starved,2026-03-18 06:53:01,2026-03-18 06:53:21
8,Blocked,2026-03-18 06:53:08,2026-03-18 06:53:21
4,Running,2026-03-18 06:53:07,2026-03-18 06:54:07
5,Starved,2026-03-18 06:51:32,2026-03-18 06:54:07
8,Running,2026-03-18 06:53:21,2026-03-18 06:54:15
10,Running,2026-03-18 06:53:21,2026-03-18 06:54:15
10,Starved,2026-03-18 06:54:15,2026-03-18 06:54:17
8,Blocked,2026-03-18 06:54:15,2026-03-18 06:54:17
4,Starved,2026-03-18 06:54:07,2026-03-18 06:54:20
5,Running,2026-03-18 06:54:07,2026-03-18 06:55:04
6,Starved,2026-03-18 06:52:29,2026-03-18 06:55:04
10,Running,2026-03-18 06:54:17,2026-03-18 06:55:16
3,Running,2026-03-18 06:52:14,2026-03-18 06:55:16
8,Running,2026-03-18 06:54:17,2026-03-18 06:55:18
10,Starved,2026-03-18 06:55:16,2026-03-18 06:55:19
8,Blocked,2026-03-18 06:55:18,2026-03-18 06:55:19
5,Starved,2026-03-18 06:55:04,2026-03-18 06:55:19
3,Starved,2026-03-18 06:55:16,2026-03-18 06:55:25
6,Running,2026-03-18 06:55:04,2026-03-18 06:55:52
5,Running,2026-03-18 06:55:19,2026-03-18 06:56:12
6,Starved,2026-03-18 06:55:52,2026-03-18 06:56:12
4,Running,2026-03-18 06:54:20,2026-03-18 06:56:16
5,Starved,2026-03-18 06:56:12,2026-03-18 06:56:16
7,Down,2026-03-18 06:53:01,2026-03-18 06:56:23
4,Starved,2026-03-18 06:56:16,2026-03-18 06:56:35
5,Running,2026-03-18 06:56:16,2026-03-18 06:57:13
5,Starved,2026-03-18 06:57:13,2026-03-18 06:57:45
6,Running,2026-03-18 06:56:12,2026-03-18 06:58:17
3,Running,2026-03-18 06:55:25,2026-03-18 06:58:29
3,Starved,2026-03-18 06:58:29,2026-03-18 06:58:34
6,Starved,2026-03-18 06:58:17,2026-03-18 06:58:53
3,Running,2026-03-18 06:58:34,2026-03-18 06:59:31
10,Running,2026-03-18 06:55:19,2026-03-18 06:59:33
3,Starved,2026-03-18 06:59:31,2026-03-18 06:59:34
2,Running,2026-03-18 06:51:07,2026-03-18 07:00:30
6,Running,2026-03-18 06:58:53,2026-03-18 07:00:45
5,Running,2026-03-18 06:57:45,2026-03-18 07:01:00
6,Starved,2026-03-18 07:00:45,2026-03-18 07:01:00
5,Starved,2026-03-18 07:01:00,2026-03-18 07:01:07
3,Running,2026-03-18 06:59:34,2026-03-18 07:01:25
9,Running,2026-03-18 06:31:38,2026-03-18 07:01:56
6,Running,2026-03-18 07:01:00,2026-03-18 07:01:58
6,Starved,2026-03-18 07:01:58,2026-03-18 07:02:12
11,Down,2026-03-18 06:45:13,2026-03-18 07:02:39
10,Blocked,2026-03-18 06:59:33,2026-03-18 07:02:39
9,Blocked,2026-03-18 07:01:56,2026-03-18 07:02:39
6,Running,2026-03-18 07:02:12,2026-03-18 07:03:08
5,Running,2026-03-18 07:01:07,2026-03-18 07:03:16
6,Starved,2026-03-18 07:03:08,2026-03-18 07:03:16
1,Running,2026-03-18 06:31:13,2026-03-18 07:03:20
12,Starved,2026-03-18 06:46:23,2026-03-18 07:03:33
4,Running,2026-03-18 06:56:35,2026-03-18 07:03:40
5,Starved,2026-03-18 07:03:16,2026-03-18 07:03:40
6,Running,2026-03-18 07:03:16,2026-03-18 07:04:12
12,Running,2026-03-18 07:03:33,2026-03-18 07:04:29
5,Running,2026-03-18 07:03:40,2026-03-18 07:04:41
8,Running,2026-03-18 06:55:19,2026-03-18 07:04:43
9,Running,2026-03-18 07:02:39,2026-03-18 07:04:46
9,Blocked,2026-03-18 07:04:46,2026-03-18 07:04:47
8,Blocked,2026-03-18 07:04:43,2026-03-18 07:04:47
8,Running,2026-03-18 07:04:47,2026-03-18 07:05:47
9,Running,2026-03-18 07:04:47,2026-03-18 07:05:47
9,Blocked,2026-03-18 07:05:47,2026-03-18 07:05:53
8,Blocked,2026-03-18 07:05:47,2026-03-18 07:05:53
7,Running,2026-03-18 06:56:23,2026-03-18 07:05:56
8,Starved,2026-03-18 07:05:53,2026-03-18 07:05:56
11,Running,2026-03-18 07:02:39,2026-03-18 07:06:30
10,Running,2026-03-18 07:02:39,2026-03-18 07:06:52
8,Running,2026-03-18 07:05:56,2026-03-18 07:06:56
9,Running,2026-03-18 07:05:53,2026-03-18 07:07:00
6,Down,2026-03-18 07:04:12,2026-03-18 07:09:14
6,Running,2026-03-18 07:09:14,2026-03-18 07:10:20
7,Starved,2026-03-18 07:05:56,2026-03-18 07:10:20
2,Down,2026-03-18 07:00:30,2026-03-18 07:10:29
1,Blocked,2026-03-18 07:03:20,2026-03-18 07:10:29
12,Down,2026-03-18 07:04:29,2026-03-18 07:11:27
11,Blocked,2026-03-18 07:06:30,2026-03-18 07:11:27
10,Blocked,2026-03-18 07:06:52,2026-03-18 07:11:27
9,Blocked,2026-03-18 07:07:00,2026-03-18 07:11:27
8,Blocked,2026-03-18 07:06:56,2026-03-18 07:11:27
1,Running,2026-03-18 07:10:29,2026-03-18 07:11:28
3,Starved,2026-03-18 07:01:25,2026-03-18 07:11:30
1,Blocked,2026-03-18 07:11:28,2026-03-18 07:11:30
7,Running,2026-03-18 07:10:20,2026-03-18 07:11:31
8,Starved,2026-03-18 07:11:27,2026-03-18 07:11:31
10,Running,2026-03-18 07:11:27,2026-03-18 07:12:25
8,Running,2026-03-18 07:11:31,2026-03-18 07:12:26
1,Running,2026-03-18 07:11:30,2026-03-18 07:12:34
1,Blocked,2026-03-18 07:12:34,2026-03-18 07:12:34
9,Running,2026-03-18 07:11:27,2026-03-18 07:12:34
4,Starved,2026-03-18 07:03:40,2026-03-18 07:12:35
10,Blocked,2026-03-18 07:12:25,2026-03-18 07:12:36
9,Blocked,2026-03-18 07:12:34,2026-03-18 07:12:36
8,Blocked,2026-03-18 07:12:26,2026-03-18 07:12:36
1,Running,2026-03-18 07:12:34,2026-03-18 07:13:34
3,Running,2026-03-18 07:11:30,2026-03-18 07:13:43
4,Running,2026-03-18 07:12:35,2026-03-18 07:13:44
5,Starved,2026-03-18 07:04:41,2026-03-18 07:13:44
3,Starved,2026-03-18 07:13:43,2026-03-18 07:13:46
1,Blocked,2026-03-18 07:13:34,2026-03-18 07:13:46
5,Running,2026-03-18 07:13:44,2026-03-18 07:14:56
6,Starved,2026-03-18 07:10:20,2026-03-18 07:14:56
6,Running,2026-03-18 07:14:56,2026-03-18 07:15:47
7,Starved,2026-03-18 07:11:31,2026-03-18 07:15:47
4,Down,2026-03-18 07:13:44,2026-03-18 07:15:53
1,Running,2026-03-18 07:13:46,2026-03-18 07:16:41
1,Blocked,2026-03-18 07:16:41,2026-03-18 07:16:45
7,Running,2026-03-18 07:15:47,2026-03-18 07:16:56
8,Starved,2026-03-18 07:12:36,2026-03-18 07:16:56
5,Starved,2026-03-18 07:14:56,2026-03-18 07:17:00
10,Running,2026-03-18 07:12:36,2026-03-18 07:17:27
10,Blocked,2026-03-18 07:17:27,2026-03-18 07:17:28
1,Running,2026-03-18 07:16:45,2026-03-18 07:17:44
8,Running,2026-03-18 07:16:56,2026-03-18 07:17:48
3,Running,2026-03-18 07:13:46,2026-03-18 07:17:57
3,Starved,2026-03-18 07:17:57,2026-03-18 07:17:58
1,Blocked,2026-03-18 07:17:44,2026-03-18 07:17:58
5,Running,2026-03-18 07:17:00,2026-03-18 07:18:03
6,Starved,2026-03-18 07:15:47,2026-03-18 07:18:03
5,Starved,2026-03-18 07:18:03,2026-03-18 07:18:12
11,Running,2026-03-18 07:11:27,2026-03-18 07:18:22
11,Blocked,2026-03-18 07:18:22,2026-03-18 07:18:24
6,Running,2026-03-18 07:18:03,2026-03-18 07:19:04
7,Starved,2026-03-18 07:16:56,2026-03-18 07:19:04
5,Running,2026-03-18 07:18:12,2026-03-18 07:19:11
6,Starved,2026-03-18 07:19:04,2026-03-18 07:19:11
11,Running,2026-03-18 07:18:24,2026-03-18 07:19:17
9,Running,2026-03-18 07:12:36,2026-03-18 07:19:19
5,Starved,2026-03-18 07:19:11,2026-03-18 07:19:20
11,Blocked,2026-03-18 07:19:17,2026-03-18 07:19:26
7,Running,2026-03-18 07:19:04,2026-03-18 07:20:14
8,Starved,2026-03-18 07:17:48,2026-03-18 07:20:14
11,Running,2026-03-18 07:19:26,2026-03-18 07:20:16
5,Running,2026-03-18 07:19:20,2026-03-18 07:20:17
7,Starved,2026-03-18 07:20:14,2026-03-18 07:20:20
5,Starved,2026-03-18 07:20:17,2026-03-18 07:20:21
11,Blocked,2026-03-18 07:20:16,2026-03-18 07:20:29
3,Running,2026-03-18 07:17:58,2026-03-18 07:20:44
3,Starved,2026-03-18 07:20:44,2026-03-18 07:20:47
5,Running,2026-03-18 07:20:21,2026-03-18 07:21:10
8,Running,2026-03-18 07:20:14,2026-03-18 07:21:20
9,Starved,2026-03-18 07:19:19,2026-03-18 07:21:20
11,Running,2026-03-18 07:20:29,2026-03-18 07:21:22
5,Starved,2026-03-18 07:21:10,2026-03-18 07:21:25
11,Blocked,2026-03-18 07:21:22,2026-03-18 07:21:25
8,Starved,2026-03-18 07:21:20,2026-03-18 07:21:34
3,Running,2026-03-18 07:20:47,2026-03-18 07:21:50
3,Starved,2026-03-18 07:21:50,2026-03-18 07:21:55
9,Running,2026-03-18 07:21:20,2026-03-18 07:22:14
6,Running,2026-03-18 07:19:11,2026-03-18 07:22:17
11,Running,2026-03-18 07:21:25,2026-03-18 07:22:19
6,Starved,2026-03-18 07:22:17,2026-03-18 07:22:22
11,Blocked,2026-03-18 07:22:19,2026-03-18 07:22:26
9,Starved,2026-03-18 07:22:14,2026-03-18 07:22:35
10,Running,2026-03-18 07:17:28,2026-03-18 07:23:30
9,Running,2026-03-18 07:22:35,2026-03-18 07:23:32
10,Starved,2026-03-18 07:23:30,2026-03-18 07:23:32
8,Running,2026-03-18 07:21:34,2026-03-18 07:23:34
9,Starved,2026-03-18 07:23:32,2026-03-18 07:23:34
8,Starved,2026-03-18 07:23:34,2026-03-18 07:23:35
5,Running,2026-03-18 07:21:25,2026-03-18 07:24:10
11,Running,2026-03-18 07:22:26,2026-03-18 07:24:18
5,Starved,2026-03-18 07:24:10,2026-03-18 07:24:18
11,Blocked,2026-03-18 07:24:18,2026-03-18 07:24:24
10,Running,2026-03-18 07:23:32,2026-03-18 07:24:30
9,Running,2026-03-18 07:23:34,2026-03-18 07:24:32
10,Starved,2026-03-18 07:24:30,2026-03-18 07:24:32
9,Starved,2026-03-18 07:24:32,2026-03-18 07:24:36
6,Running,2026-03-18 07:22:22,2026-03-18 07:25:14
6,Starved,2026-03-18 07:25:14,2026-03-18 07:25:18
11,Running,2026-03-18 07:24:24,2026-03-18 07:25:28
10,Running,2026-03-18 07:24:32,2026-03-18 07:25:29
8,Running,2026-03-18 07:23:35,2026-03-18 07:25:33
8,Starved,2026-03-18 07:25:33,2026-03-18 07:25:39
6,Running,2026-03-18 07:25:18,2026-03-18 07:26:18
6,Starved,2026-03-18 07:26:18,2026-03-18 07:26:18
8,Running,2026-03-18 07:25:39,2026-03-18 07:26:37
8,Starved,2026-03-18 07:26:37,2026-03-18 07:26:39
1,Running,2026-03-18 07:17:58,2026-03-18 07:27:02
1,Blocked,2026-03-18 07:27:02,2026-03-18 07:27:04
6,Running,2026-03-18 07:26:18,2026-03-18 07:27:14
6,Starved,2026-03-18 07:27:14,2026-03-18 07:27:21
8,Running,2026-03-18 07:26:39,2026-03-18 07:27:33
8,Starved,2026-03-18 07:27:33,2026-03-18 07:27:49
1,Running,2026-03-18 07:27:04,2026-03-18 07:28:02
1,Blocked,2026-03-18 07:28:02,2026-03-18 07:28:03
6,Running,2026-03-18 07:27:21,2026-03-18 07:28:21
6,Starved,2026-03-18 07:28:21,2026-03-18 07:28:25
12,Running,2026-03-18 07:11:27,2026-03-18 07:28:39
9,Running,2026-03-18 07:24:36,2026-03-18 07:28:44
6,Running,2026-03-18 07:28:25,2026-03-18 07:29:22
5,Running,2026-03-18 07:24:18,2026-03-18 07:29:35
6,Starved,2026-03-18 07:29:22,2026-03-18 07:29:35
5,Starved,2026-03-18 07:29:35,2026-03-18 07:29:46
11,Down,2026-03-18 07:25:28,2026-03-18 07:29:48
10,Blocked,2026-03-18 07:25:29,2026-03-18 07:29:48
9,Blocked,2026-03-18 07:28:44,2026-03-18 07:29:48
8,Running,2026-03-18 07:27:49,2026-03-18 07:29:54
1,Running,2026-03-18 07:28:03,2026-03-18 07:29:57
8,Starved,2026-03-18 07:29:54,2026-03-18 07:30:03
1,Blocked,2026-03-18 07:29:57,2026-03-18 07:30:06
6,Running,2026-03-18 07:29:35,2026-03-18 07:30:36
10,Running,2026-03-18 07:29:48,2026-03-18 07:30:38
9,Running,2026-03-18 07:29:48,2026-03-18 07:30:46
5,Running,2026-03-18 07:29:46,2026-03-18 07:30:46
6,Starved,2026-03-18 07:30:36,2026-03-18 07:30:46
12,Starved,2026-03-18 07:28:39,2026-03-18 07:30:48
10,Blocked,2026-03-18 07:30:38,2026-03-18 07:30:48
9,Blocked,2026-03-18 07:30:46,2026-03-18 07:30:48
5,Starved,2026-03-18 07:30:46,2026-03-18 07:30:53
1,Running,2026-03-18 07:30:06,2026-03-18 07:31:07
8,Running,2026-03-18 07:30:03,2026-03-18 07:31:09
1,Blocked,2026-03-18 07:31:07,2026-03-18 07:31:16
6,Running,2026-03-18 07:30:46,2026-03-18 07:31:48
5,Running,2026-03-18 07:30:53,2026-03-18 07:31:48
6,Starved,2026-03-18 07:31:48,2026-03-18 07:31:48
5,Starved,2026-03-18 07:31:48,2026-03-18 07:32:17
10,Running,2026-03-18 07:30:48,2026-03-18 07:32:41
8,Down,2026-03-18 07:31:09,2026-03-18 07:32:46
6,Running,2026-03-18 07:31:48,2026-03-18 07:32:46
12,Running,2026-03-18 07:30:48,2026-03-18 07:32:47
12,Starved,2026-03-18 07:32:47,2026-03-18 07:32:47
10,Blocked,2026-03-18 07:32:41,2026-03-18 07:32:47
9,Running,2026-03-18 07:30:48,2026-03-18 07:32:58
6,Starved,2026-03-18 07:32:46,2026-03-18 07:33:23
9,Starved,2026-03-18 07:32:58,2026-03-18 07:33:49
5,Running,2026-03-18 07:32:17,2026-03-18 07:35:09
1,Running,2026-03-18 07:31:16,2026-03-18 07:35:21
1,Blocked,2026-03-18 07:35:21,2026-03-18 07:35:29
5,Starved,2026-03-18 07:35:09,2026-03-18 07:35:29
5,Running,2026-03-18 07:35:29,2026-03-18 07:36:32
5,Starved,2026-03-18 07:36:32,2026-03-18 07:36:37
10,Running,2026-03-18 07:32:47,2026-03-18 07:36:47
12,Running,2026-03-18 07:32:47,2026-03-18 07:36:51
12,Starved,2026-03-18 07:36:51,2026-03-18 07:36:53
10,Blocked,2026-03-18 07:36:47,2026-03-18 07:36:53
7,Running,2026-03-18 07:20:20,2026-03-18 07:37:47
7,Starved,2026-03-18 07:37:47,2026-03-18 07:37:49
12,Running,2026-03-18 07:36:53,2026-03-18 07:37:53
6,Running,2026-03-18 07:33:23,2026-03-18 07:38:36
6,Starved,2026-03-18 07:38:36,2026-03-18 07:38:40
10,Running,2026-03-18 07:36:53,2026-03-18 07:38:41
10,Blocked,2026-03-18 07:38:41,2026-03-18 07:38:47
12,Down,2026-03-18 07:37:53,2026-03-18 07:38:55
6,Running,2026-03-18 07:38:40,2026-03-18 07:39:40
5,Running,2026-03-18 07:36:37,2026-03-18 07:39:42
6,Starved,2026-03-18 07:39:40,2026-03-18 07:39:42
5,Starved,2026-03-18 07:39:42,2026-03-18 07:39:42
5,Running,2026-03-18 07:39:42,2026-03-18 07:40:42
5,Starved,2026-03-18 07:40:42,2026-03-18 07:41:18
10,Running,2026-03-18 07:38:47,2026-03-18 07:41:39
6,Running,2026-03-18 07:39:42,2026-03-18 07:41:44
10,Blocked,2026-03-18 07:41:39,2026-03-18 07:41:47
6,Starved,2026-03-18 07:41:44,2026-03-18 07:42:24
1,Running,2026-03-18 07:35:29,2026-03-18 07:42:31
1,Blocked,2026-03-18 07:42:31,2026-03-18 07:42:34
7,Running,2026-03-18 07:37:49,2026-03-18 07:43:04
7,Starved,2026-03-18 07:43:04,2026-03-18 07:43:28
10,Running,2026-03-18 07:41:47,2026-03-18 07:43:51
10,Blocked,2026-03-18 07:43:51,2026-03-18 07:44:02
6,Running,2026-03-18 07:42:24,2026-03-18 07:44:27
6,Starved,2026-03-18 07:44:27,2026-03-18 07:44:35
8,Running,2026-03-18 07:32:46,2026-03-18 07:44:44
8,Starved,2026-03-18 07:44:44,2026-03-18 07:44:57
10,Running,2026-03-18 07:44:02,2026-03-18 07:45:07
10,Blocked,2026-03-18 07:45:07,2026-03-18 07:45:10
6,Running,2026-03-18 07:44:35,2026-03-18 07:45:39
6,Starved,2026-03-18 07:45:39,2026-03-18 07:45:46
10,Running,2026-03-18 07:45:10,2026-03-18 07:46:04
10,Blocked,2026-03-18 07:46:04,2026-03-18 07:46:20
6,Running,2026-03-18 07:45:46,2026-03-18 07:46:41
5,Running,2026-03-18 07:41:18,2026-03-18 07:46:48
6,Starved,2026-03-18 07:46:41,2026-03-18 07:46:48
5,Starved,2026-03-18 07:46:48,2026-03-18 07:46:59
6,Running,2026-03-18 07:46:48,2026-03-18 07:47:53
3,Running,2026-03-18 07:21:55,2026-03-18 07:48:01
5,Running,2026-03-18 07:46:59,2026-03-18 07:48:03
6,Starved,2026-03-18 07:47:53,2026-03-18 07:48:03
5,Starved,2026-03-18 07:48:03,2026-03-18 07:48:12
3,Blocked,2026-03-18 07:48:01,2026-03-18 07:48:12
10,Running,2026-03-18 07:46:20,2026-03-18 07:48:17
10,Blocked,2026-03-18 07:48:17,2026-03-18 07:48:19
8,Running,2026-03-18 07:44:57,2026-03-18 07:48:53
6,Running,2026-03-18 07:48:03,2026-03-18 07:48:57
8,Starved,2026-03-18 07:48:53,2026-03-18 07:49:03
5,Running,2026-03-18 07:48:12,2026-03-18 07:49:08
6,Starved,2026-03-18 07:48:57,2026-03-18 07:49:08
3,Running,2026-03-18 07:48:12,2026-03-18 07:49:09
10,Running,2026-03-18 07:48:19,2026-03-18 07:49:11
5,Starved,2026-03-18 07:49:08,2026-03-18 07:49:17
3,Blocked,2026-03-18 07:49:09,2026-03-18 07:49:17
10,Blocked,2026-03-18 07:49:11,2026-03-18 07:49:23
6,Running,2026-03-18 07:49:08,2026-03-18 07:50:08
8,Running,2026-03-18 07:49:03,2026-03-18 07:50:10
1,Running,2026-03-18 07:42:34,2026-03-18 07:50:11
8,Starved,2026-03-18 07:50:10,2026-03-18 07:50:19
5,Running,2026-03-18 07:49:17,2026-03-18 07:50:24
6,Starved,2026-03-18 07:50:08,2026-03-18 07:50:24
3,Running,2026-03-18 07:49:17,2026-03-18 07:50:26
5,Starved,2026-03-18 07:50:24,2026-03-18 07:50:27
3,Blocked,2026-03-18 07:50:26,2026-03-18 07:50:27
3,Down,2026-03-18 07:50:27,2026-03-18 07:50:55
10,Running,2026-03-18 07:49:23,2026-03-18 07:51:21
6,Running,2026-03-18 07:50:24,2026-03-18 07:51:23
8,Running,2026-03-18 07:50:19,2026-03-18 07:51:25
5,Running,2026-03-18 07:50:27,2026-03-18 07:51:26
6,Starved,2026-03-18 07:51:23,2026-03-18 07:51:26
5,Starved,2026-03-18 07:51:26,2026-03-18 07:51:32
10,Blocked,2026-03-18 07:51:21,2026-03-18 07:51:34
8,Starved,2026-03-18 07:51:25,2026-03-18 07:51:38
10,Running,2026-03-18 07:51:34,2026-03-18 07:52:26
10,Blocked,2026-03-18 07:52:26,2026-03-18 07:52:30
6,Running,2026-03-18 07:51:26,2026-03-18 07:52:33
5,Running,2026-03-18 07:51:32,2026-03-18 07:52:33
6,Starved,2026-03-18 07:52:33,2026-03-18 07:52:33
5,Starved,2026-03-18 07:52:33,2026-03-18 07:52:33
8,Running,2026-03-18 07:51:38,2026-03-18 07:52:35
8,Starved,2026-03-18 07:52:35,2026-03-18 07:52:38
10,Running,2026-03-18 07:52:30,2026-03-18 07:53:21
6,Running,2026-03-18 07:52:33,2026-03-18 07:53:24
10,Blocked,2026-03-18 07:53:21,2026-03-18 07:53:29
5,Running,2026-03-18 07:52:33,2026-03-18 07:53:35
6,Starved,2026-03-18 07:53:24,2026-03-18 07:53:35
8,Running,2026-03-18 07:52:38,2026-03-18 07:53:36
8,Starved,2026-03-18 07:53:36,2026-03-18 07:53:36
5,Starved,2026-03-18 07:53:35,2026-03-18 07:53:54
10,Running,2026-03-18 07:53:29,2026-03-18 07:54:19
8,Running,2026-03-18 07:53:36,2026-03-18 07:54:26
6,Running,2026-03-18 07:53:35,2026-03-18 07:54:31
10,Blocked,2026-03-18 07:54:19,2026-03-18 07:54:37
8,Starved,2026-03-18 07:54:26,2026-03-18 07:54:41
5,Running,2026-03-18 07:53:54,2026-03-18 07:54:50
6,Starved,2026-03-18 07:54:31,2026-03-18 07:54:50
5,Starved,2026-03-18 07:54:50,2026-03-18 07:55:16
10,Running,2026-03-18 07:54:37,2026-03-18 07:55:31
10,Blocked,2026-03-18 07:55:31,2026-03-18 07:55:32
8,Running,2026-03-18 07:54:41,2026-03-18 07:55:42
7,Running,2026-03-18 07:43:28,2026-03-18 07:55:43
8,Starved,2026-03-18 07:55:42,2026-03-18 07:55:43
6,Running,2026-03-18 07:54:50,2026-03-18 07:55:44
7,Starved,2026-03-18 07:55:43,2026-03-18 07:55:44
6,Starved,2026-03-18 07:55:44,2026-03-18 07:56:19
10,Running,2026-03-18 07:55:32,2026-03-18 07:56:26
10,Blocked,2026-03-18 07:56:26,2026-03-18 07:56:27
8,Running,2026-03-18 07:55:43,2026-03-18 07:56:45
7,Running,2026-03-18 07:55:44,2026-03-18 07:56:51
8,Starved,2026-03-18 07:56:45,2026-03-18 07:56:51
5,Running,2026-03-18 07:55:16,2026-03-18 07:57:12
3,Running,2026-03-18 07:50:55,2026-03-18 07:57:24
7,Starved,2026-03-18 07:56:51,2026-03-18 07:57:26
5,Starved,2026-03-18 07:57:12,2026-03-18 07:57:38
3,Blocked,2026-03-18 07:57:24,2026-03-18 07:57:38
2,Running,2026-03-18 07:10:29,2026-03-18 07:57:56
8,Running,2026-03-18 07:56:51,2026-03-18 07:58:02
6,Running,2026-03-18 07:56:19,2026-03-18 07:58:33
8,Starved,2026-03-18 07:58:02,2026-03-18 07:58:37
5,Running,2026-03-18 07:57:38,2026-03-18 07:58:39
6,Starved,2026-03-18 07:58:33,2026-03-18 07:58:39
3,Running,2026-03-18 07:57:38,2026-03-18 07:58:41
5,Starved,2026-03-18 07:58:39,2026-03-18 07:58:57
3,Blocked,2026-03-18 07:58:41,2026-03-18 07:58:57
6,Running,2026-03-18 07:58:39,2026-03-18 07:59:33
8,Running,2026-03-18 07:58:37,2026-03-18 07:59:38
8,Starved,2026-03-18 07:59:38,2026-03-18 07:59:46
3,Running,2026-03-18 07:58:57,2026-03-18 07:59:49
3,Blocked,2026-03-18 07:59:49,2026-03-18 08:00:00
6,Starved,2026-03-18 07:59:33,2026-03-18 08:00:02
8,Running,2026-03-18 07:59:46,2026-03-18 08:00:52
3,Running,2026-03-18 08:00:00,2026-03-18 08:00:54
7,Running,2026-03-18 07:57:26,2026-03-18 08:00:56
8,Starved,2026-03-18 08:00:52,2026-03-18 08:00:56
6,Running,2026-03-18 08:00:02,2026-03-18 08:01:00
7,Starved,2026-03-18 08:00:56,2026-03-18 08:01:00
5,Running,2026-03-18 07:58:57,2026-03-18 08:01:05
6,Starved,2026-03-18 08:01:00,2026-03-18 08:01:05
1,Down,2026-03-18 07:50:11,2026-03-18 08:01:07
5,Starved,2026-03-18 08:01:05,2026-03-18 08:01:35
3,Blocked,2026-03-18 08:00:54,2026-03-18 08:01:35
2,Starved,2026-03-18 07:57:56,2026-03-18 08:01:59
8,Running,2026-03-18 08:00:56,2026-03-18 08:02:03
7,Running,2026-03-18 08:01:00,2026-03-18 08:02:05
8,Starved,2026-03-18 08:02:03,2026-03-18 08:02:05
6,Running,2026-03-18 08:01:05,2026-03-18 08:02:07
7,Starved,2026-03-18 08:02:05,2026-03-18 08:02:07
5,Running,2026-03-18 08:01:35,2026-03-18 08:02:26
6,Starved,2026-03-18 08:02:07,2026-03-18 08:02:26
5,Starved,2026-03-18 08:02:26,2026-03-18 08:02:35
2,Running,2026-03-18 08:01:59,2026-03-18 08:02:54
3,Starved,2026-03-18 08:01:35,2026-03-18 08:02:54
2,Starved,2026-03-18 08:02:54,2026-03-18 08:02:55
8,Running,2026-03-18 08:02:05,2026-03-18 08:03:03
7,Running,2026-03-18 08:02:07,2026-03-18 08:03:10
8,Starved,2026-03-18 08:03:03,2026-03-18 08:03:10
6,Running,2026-03-18 08:02:26,2026-03-18 08:03:22
7,Starved,2026-03-18 08:03:10,2026-03-18 08:03:22
6,Starved,2026-03-18 08:03:22,2026-03-18 08:03:38
3,Running,2026-03-18 08:02:54,2026-03-18 08:03:50
3,Starved,2026-03-18 08:03:50,2026-03-18 08:03:56
8,Running,2026-03-18 08:03:10,2026-03-18 08:04:20
6,Running,2026-03-18 08:03:38,2026-03-18 08:04:33
6,Starved,2026-03-18 08:04:33,2026-03-18 08:04:39
8,Starved,2026-03-18 08:04:20,2026-03-18 08:04:45
3,Running,2026-03-18 08:03:56,2026-03-18 08:04:55
3,Starved,2026-03-18 08:04:55,2026-03-18 08:05:00
9,Running,2026-03-18 07:33:49,2026-03-18 08:05:23
6,Running,2026-03-18 08:04:39,2026-03-18 08:05:38
6,Starved,2026-03-18 08:05:38,2026-03-18 08:05:39
8,Running,2026-03-18 08:04:45,2026-03-18 08:05:49
9,Starved,2026-03-18 08:05:23,2026-03-18 08:05:49
8,Starved,2026-03-18 08:05:49,2026-03-18 08:05:58
6,Running,2026-03-18 08:05:39,2026-03-18 08:06:41
6,Starved,2026-03-18 08:06:41,2026-03-18 08:06:47
10,Running,2026-03-18 07:56:27,2026-03-18 08:06:47
9,Running,2026-03-18 08:05:49,2026-03-18 08:07:00
10,Starved,2026-03-18 08:06:47,2026-03-18 08:07:00
8,Running,2026-03-18 08:05:58,2026-03-18 08:07:01
9,Starved,2026-03-18 08:07:00,2026-03-18 08:07:01
8,Starved,2026-03-18 08:07:01,2026-03-18 08:07:05
9,Running,2026-03-18 08:07:01,2026-03-18 08:07:51
3,Running,2026-03-18 08:05:00,2026-03-18 08:07:57
3,Starved,2026-03-18 08:07:57,2026-03-18 08:08:02
8,Running,2026-03-18 08:07:05,2026-03-18 08:08:04
9,Starved,2026-03-18 08:07:51,2026-03-18 08:08:04
8,Starved,2026-03-18 08:08:04,2026-03-18 08:08:08
5,Running,2026-03-18 08:02:35,2026-03-18 08:08:40
10,Running,2026-03-18 08:07:00,2026-03-18 08:08:48
3,Running,2026-03-18 08:08:02,2026-03-18 08:08:57
9,Running,2026-03-18 08:08:04,2026-03-18 08:08:58
10,Starved,2026-03-18 08:08:48,2026-03-18 08:08:58
5,Starved,2026-03-18 08:08:40,2026-03-18 08:09:04
8,Running,2026-03-18 08:08:08,2026-03-18 08:09:05
9,Starved,2026-03-18 08:08:58,2026-03-18 08:09:05
8,Starved,2026-03-18 08:09:05,2026-03-18 08:09:06
3,Starved,2026-03-18 08:08:57,2026-03-18 08:09:07
6,Running,2026-03-18 08:06:47,2026-03-18 08:09:50
5,Running,2026-03-18 08:09:04,2026-03-18 08:10:01
6,Starved,2026-03-18 08:09:50,2026-03-18 08:10:01
5,Starved,2026-03-18 08:10:01,2026-03-18 08:10:02
10,Running,2026-03-18 08:08:58,2026-03-18 08:10:02
3,Running,2026-03-18 08:09:07,2026-03-18 08:10:03
3,Starved,2026-03-18 08:10:03,2026-03-18 08:10:07
10,Starved,2026-03-18 08:10:02,2026-03-18 08:10:15
5,Running,2026-03-18 08:10:02,2026-03-18 08:10:59
10,Running,2026-03-18 08:10:15,2026-03-18 08:11:04
5,Starved,2026-03-18 08:10:59,2026-03-18 08:11:05
3,Running,2026-03-18 08:10:07,2026-03-18 08:11:07
3,Starved,2026-03-18 08:11:07,2026-03-18 08:11:17
10,Starved,2026-03-18 08:11:04,2026-03-18 08:11:20
5,Running,2026-03-18 08:11:05,2026-03-18 08:11:58
8,Running,2026-03-18 08:09:06,2026-03-18 08:12:14
10,Running,2026-03-18 08:11:20,2026-03-18 08:12:15
10,Starved,2026-03-18 08:12:15,2026-03-18 08:12:17
8,Starved,2026-03-18 08:12:14,2026-03-18 08:12:27
5,Starved,2026-03-18 08:11:58,2026-03-18 08:12:27
6,Running,2026-03-18 08:10:01,2026-03-18 08:12:57
3,Running,2026-03-18 08:11:17,2026-03-18 08:13:04
3,Starved,2026-03-18 08:13:04,2026-03-18 08:13:04
10,Running,2026-03-18 08:12:17,2026-03-18 08:13:16
9,Running,2026-03-18 08:09:05,2026-03-18 08:13:18
10,Starved,2026-03-18 08:13:16,2026-03-18 08:13:18
5,Running,2026-03-18 08:12:27,2026-03-18 08:13:27
6,Starved,2026-03-18 08:12:57,2026-03-18 08:13:27
9,Starved,2026-03-18 08:13:18,2026-03-18 08:13:33
5,Starved,2026-03-18 08:13:27,2026-03-18 08:13:59
10,Running,2026-03-18 08:13:18,2026-03-18 08:14:23
6,Running,2026-03-18 08:13:27,2026-03-18 08:14:26
5,Running,2026-03-18 08:13:59,2026-03-18 08:14:49
10,Starved,2026-03-18 08:14:23,2026-03-18 08:14:55
3,Running,2026-03-18 08:13:04,2026-03-18 08:15:07
5,Starved,2026-03-18 08:14:49,2026-03-18 08:15:10
3,Blocked,2026-03-18 08:15:07,2026-03-18 08:15:10
8,Running,2026-03-18 08:12:27,2026-03-18 08:15:28
7,Running,2026-03-18 08:03:22,2026-03-18 08:15:50
8,Starved,2026-03-18 08:15:28,2026-03-18 08:15:50
10,Running,2026-03-18 08:14:55,2026-03-18 08:15:52
10,Starved,2026-03-18 08:15:52,2026-03-18 08:15:56
5,Running,2026-03-18 08:15:10,2026-03-18 08:16:06
5,Starved,2026-03-18 08:16:06,2026-03-18 08:16:14
8,Running,2026-03-18 08:15:50,2026-03-18 08:16:42
10,Running,2026-03-18 08:15:56,2026-03-18 08:16:58
10,Starved,2026-03-18 08:16:58,2026-03-18 08:17:01
3,Running,2026-03-18 08:15:10,2026-03-18 08:17:15
5,Running,2026-03-18 08:16:14,2026-03-18 08:17:18
6,Down,2026-03-18 08:14:26,2026-03-18 08:17:23
5,Starved,2026-03-18 08:17:18,2026-03-18 08:17:26
3,Blocked,2026-03-18 08:17:15,2026-03-18 08:17:26
10,Running,2026-03-18 08:17:01,2026-03-18 08:18:02
3,Running,2026-03-18 08:17:26,2026-03-18 08:18:14
9,Running,2026-03-18 08:13:33,2026-03-18 08:18:17
10,Starved,2026-03-18 08:18:02,2026-03-18 08:18:17
7,Starved,2026-03-18 08:15:50,2026-03-18 08:18:18
5,Running,2026-03-18 08:17:26,2026-03-18 08:18:25
5,Starved,2026-03-18 08:18:25,2026-03-18 08:18:25
3,Blocked,2026-03-18 08:18:14,2026-03-18 08:18:25
11,Running,2026-03-18 07:29:48,2026-03-18 08:19:04
11,Down,2026-03-18 08:19:04,2026-03-18 08:19:18
10,Running,2026-03-18 08:18:17,2026-03-18 08:19:19
5,Running,2026-03-18 08:18:25,2026-03-18 08:19:24
3,Running,2026-03-18 08:18:25,2026-03-18 08:19:28
8,Starved,2026-03-18 08:16:42,2026-03-18 08:19:35
5,Starved,2026-03-18 08:19:24,2026-03-18 08:19:50
3,Blocked,2026-03-18 08:19:28,2026-03-18 08:19:50
8,Running,2026-03-18 08:19:35,2026-03-18 08:20:31
9,Starved,2026-03-18 08:18:17,2026-03-18 08:20:31
8,Starved,2026-03-18 08:20:31,2026-03-18 08:20:46
5,Running,2026-03-18 08:19:50,2026-03-18 08:20:49
3,Running,2026-03-18 08:19:50,2026-03-18 08:20:49
5,Starved,2026-03-18 08:20:49,2026-03-18 08:20:55
3,Blocked,2026-03-18 08:20:49,2026-03-18 08:20:55
6,Running,2026-03-18 08:17:23,2026-03-18 08:21:02
6,Down,2026-03-18 08:21:02,2026-03-18 08:21:34
9,Running,2026-03-18 08:20:31,2026-03-18 08:21:43
10,Starved,2026-03-18 08:19:19,2026-03-18 08:21:43
3,Running,2026-03-18 08:20:55,2026-03-18 08:21:45
5,Running,2026-03-18 08:20:55,2026-03-18 08:21:52
8,Running,2026-03-18 08:20:46,2026-03-18 08:21:53
9,Starved,2026-03-18 08:21:43,2026-03-18 08:21:53
8,Starved,2026-03-18 08:21:53,2026-03-18 08:21:54
5,Starved,2026-03-18 08:21:52,2026-03-18 08:22:01
3,Blocked,2026-03-18 08:21:45,2026-03-18 08:22:01
9,Running,2026-03-18 08:21:53,2026-03-18 08:22:46
8,Running,2026-03-18 08:21:54,2026-03-18 08:22:54
9,Starved,2026-03-18 08:22:46,2026-03-18 08:22:54
8,Starved,2026-03-18 08:22:54,2026-03-18 08:23:01
5,Running,2026-03-18 08:22:01,2026-03-18 08:23:02
3,Running,2026-03-18 08:22:01,2026-03-18 08:23:09
5,Starved,2026-03-18 08:23:02,2026-03-18 08:23:10
3,Blocked,2026-03-18 08:23:09,2026-03-18 08:23:10
10,Running,2026-03-18 08:21:43,2026-03-18 08:23:47
9,Running,2026-03-18 08:22:54,2026-03-18 08:23:59
10,Starved,2026-03-18 08:23:47,2026-03-18 08:23:59
3,Running,2026-03-18 08:23:10,2026-03-18 08:24:01
3,Blocked,2026-03-18 08:24:01,2026-03-18 08:24:08
9,Starved,2026-03-18 08:23:59,2026-03-18 08:24:12
10,Running,2026-03-18 08:23:59,2026-03-18 08:25:02
8,Running,2026-03-18 08:23:01,2026-03-18 08:25:07
3,Running,2026-03-18 08:24:08,2026-03-18 08:25:09
5,Running,2026-03-18 08:23:10,2026-03-18 08:25:14
5,Starved,2026-03-18 08:25:14,2026-03-18 08:25:16
3,Blocked,2026-03-18 08:25:09,2026-03-18 08:25:16
8,Starved,2026-03-18 08:25:07,2026-03-18 08:25:20
10,Starved,2026-03-18 08:25:02,2026-03-18 08:25:31
3,Running,2026-03-18 08:25:16,2026-03-18 08:26:12
5,Running,2026-03-18 08:25:16,2026-03-18 08:26:15
5,Starved,2026-03-18 08:26:15,2026-03-18 08:26:29
3,Blocked,2026-03-18 08:26:12,2026-03-18 08:26:29
10,Running,2026-03-18 08:25:31,2026-03-18 08:26:38
3,Down,2026-03-18 08:26:29,2026-03-18 08:26:39
10,Starved,2026-03-18 08:26:38,2026-03-18 08:26:43
5,Running,2026-03-18 08:26:29,2026-03-18 08:27:38
3,Running,2026-03-18 08:26:39,2026-03-18 08:27:40
10,Running,2026-03-18 08:26:43,2026-03-18 08:27:44
5,Starved,2026-03-18 08:27:38,2026-03-18 08:27:58
3,Blocked,2026-03-18 08:27:40,2026-03-18 08:27:58
10,Starved,2026-03-18 08:27:44,2026-03-18 08:28:00
5,Running,2026-03-18 08:27:58,2026-03-18 08:28:55
5,Starved,2026-03-18 08:28:55,2026-03-18 08:28:59
8,Running,2026-03-18 08:25:20,2026-03-18 08:29:17
8,Starved,2026-03-18 08:29:17,2026-03-18 08:29:26
8,Running,2026-03-18 08:29:26,2026-03-18 08:30:26
8,Starved,2026-03-18 08:30:26,2026-03-18 08:30:28
8,Running,2026-03-18 08:30:28,2026-03-18 08:31:17
8,Starved,2026-03-18 08:31:17,2026-03-18 08:31:28
5,Running,2026-03-18 08:28:59,2026-03-18 08:31:53
3,Running,2026-03-18 08:27:58,2026-03-18 08:31:57
5,Starved,2026-03-18 08:31:53,2026-03-18 08:32:10
3,Blocked,2026-03-18 08:31:57,2026-03-18 08:32:10
8,Running,2026-03-18 08:31:28,2026-03-18 08:32:29
8,Starved,2026-03-18 08:32:29,2026-03-18 08:32:44
10,Running,2026-03-18 08:28:00,2026-03-18 08:32:51
10,Starved,2026-03-18 08:32:51,2026-03-18 08:32:59
6,Running,2026-03-18 08:21:34,2026-03-18 08:33:11
6,Starved,2026-03-18 08:33:11,2026-03-18 08:33:14
10,Running,2026-03-18 08:32:59,2026-03-18 08:33:53
10,Starved,2026-03-18 08:33:53,2026-03-18 08:33:56
3,Running,2026-03-18 08:32:10,2026-03-18 08:34:12
5,Running,2026-03-18 08:32:10,2026-03-18 08:34:15
5,Starved,2026-03-18 08:34:15,2026-03-18 08:34:26
3,Blocked,2026-03-18 08:34:12,2026-03-18 08:34:26
10,Running,2026-03-18 08:33:56,2026-03-18 08:34:57
6,Running,2026-03-18 08:33:14,2026-03-18 08:35:15
10,Starved,2026-03-18 08:34:57,2026-03-18 08:35:21
2,Running,2026-03-18 08:02:55,2026-03-18 08:35:23
3,Running,2026-03-18 08:34:26,2026-03-18 08:35:23
5,Running,2026-03-18 08:34:26,2026-03-18 08:35:26
6,Starved,2026-03-18 08:35:15,2026-03-18 08:35:26
2,Starved,2026-03-18 08:35:23,2026-03-18 08:35:27
5,Starved,2026-03-18 08:35:26,2026-03-18 08:35:38
3,Blocked,2026-03-18 08:35:23,2026-03-18 08:35:38
6,Running,2026-03-18 08:35:26,2026-03-18 08:36:18
3,Running,2026-03-18 08:35:38,2026-03-18 08:36:26
5,Running,2026-03-18 08:35:38,2026-03-18 08:36:42
6,Starved,2026-03-18 08:36:18,2026-03-18 08:36:42
5,Starved,2026-03-18 08:36:42,2026-03-18 08:36:46
3,Blocked,2026-03-18 08:36:26,2026-03-18 08:36:46
5,Running,2026-03-18 08:36:46,2026-03-18 08:37:37
3,Running,2026-03-18 08:36:46,2026-03-18 08:37:43
5,Starved,2026-03-18 08:37:37,2026-03-18 08:37:46
3,Blocked,2026-03-18 08:37:43,2026-03-18 08:37:46
11,Running,2026-03-18 08:19:18,2026-03-18 08:37:50
8,Running,2026-03-18 08:32:44,2026-03-18 08:38:00
11,Down,2026-03-18 08:37:50,2026-03-18 08:38:04
8,Starved,2026-03-18 08:38:00,2026-03-18 08:38:09
8,Running,2026-03-18 08:38:09,2026-03-18 08:39:08
8,Starved,2026-03-18 08:39:08,2026-03-18 08:39:11
10,Running,2026-03-18 08:35:21,2026-03-18 08:39:33
10,Starved,2026-03-18 08:39:33,2026-03-18 08:39:35
8,Running,2026-03-18 08:39:11,2026-03-18 08:40:07
8,Starved,2026-03-18 08:40:07,2026-03-18 08:40:25
5,Running,2026-03-18 08:37:46,2026-03-18 08:40:50
3,Running,2026-03-18 08:37:46,2026-03-18 08:40:57
5,Starved,2026-03-18 08:40:50,2026-03-18 08:41:02
3,Blocked,2026-03-18 08:40:57,2026-03-18 08:41:02
8,Running,2026-03-18 08:40:25,2026-03-18 08:41:23
8,Starved,2026-03-18 08:41:23,2026-03-18 08:41:45
3,Running,2026-03-18 08:41:02,2026-03-18 08:41:57
6,Running,2026-03-18 08:36:42,2026-03-18 08:41:58
5,Running,2026-03-18 08:41:02,2026-03-18 08:42:04
6,Starved,2026-03-18 08:41:58,2026-03-18 08:42:04
5,Starved,2026-03-18 08:42:04,2026-03-18 08:42:11
3,Blocked,2026-03-18 08:41:57,2026-03-18 08:42:11
10,Running,2026-03-18 08:39:35,2026-03-18 08:42:25
9,Running,2026-03-18 08:24:12,2026-03-18 08:42:27
10,Starved,2026-03-18 08:42:25,2026-03-18 08:42:27
8,Running,2026-03-18 08:41:45,2026-03-18 08:42:39
9,Starved,2026-03-18 08:42:27,2026-03-18 08:42:39
8,Starved,2026-03-18 08:42:39,2026-03-18 08:42:40
6,Running,2026-03-18 08:42:04,2026-03-18 08:42:58
5,Running,2026-03-18 08:42:11,2026-03-18 08:43:06
6,Starved,2026-03-18 08:42:58,2026-03-18 08:43:06
3,Running,2026-03-18 08:42:11,2026-03-18 08:43:12
10,Running,2026-03-18 08:42:27,2026-03-18 08:43:23
5,Starved,2026-03-18 08:43:06,2026-03-18 08:43:27
3,Blocked,2026-03-18 08:43:12,2026-03-18 08:43:27
8,Running,2026-03-18 08:42:40,2026-03-18 08:43:36
8,Starved,2026-03-18 08:43:36,2026-03-18 08:43:44
10,Starved,2026-03-18 08:43:23,2026-03-18 08:43:50
6,Running,2026-03-18 08:43:06,2026-03-18 08:44:06
3,Running,2026-03-18 08:43:27,2026-03-18 08:44:23
5,Running,2026-03-18 08:43:27,2026-03-18 08:44:25
6,Starved,2026-03-18 08:44:06,2026-03-18 08:44:25
5,Starved,2026-03-18 08:44:25,2026-03-18 08:44:47
3,Blocked,2026-03-18 08:44:23,2026-03-18 08:44:47
9,Running,2026-03-18 08:42:39,2026-03-18 08:44:51
9,Starved,2026-03-18 08:44:51,2026-03-18 08:44:52
6,Running,2026-03-18 08:44:25,2026-03-18 08:45:30
5,Running,2026-03-18 08:44:47,2026-03-18 08:45:42
6,Starved,2026-03-18 08:45:30,2026-03-18 08:45:42
8,Running,2026-03-18 08:43:44,2026-03-18 08:45:45
3,Running,2026-03-18 08:44:47,2026-03-18 08:45:48
8,Starved,2026-03-18 08:45:45,2026-03-18 08:45:48
5,Starved,2026-03-18 08:45:42,2026-03-18 08:45:50
3,Blocked,2026-03-18 08:45:48,2026-03-18 08:45:50
10,Running,2026-03-18 08:43:50,2026-03-18 08:45:50
10,Starved,2026-03-18 08:45:50,2026-03-18 08:45:51
5,Running,2026-03-18 08:45:50,2026-03-18 08:46:43
10,Running,2026-03-18 08:45:51,2026-03-18 08:46:44
3,Running,2026-03-18 08:45:50,2026-03-18 08:46:52
10,Starved,2026-03-18 08:46:44,2026-03-18 08:46:54
5,Starved,2026-03-18 08:46:43,2026-03-18 08:47:28
3,Blocked,2026-03-18 08:46:52,2026-03-18 08:47:28
8,Running,2026-03-18 08:45:48,2026-03-18 08:47:46
10,Running,2026-03-18 08:46:54,2026-03-18 08:47:49
6,Running,2026-03-18 08:45:42,2026-03-18 08:47:52
8,Starved,2026-03-18 08:47:46,2026-03-18 08:47:56
10,Starved,2026-03-18 08:47:49,2026-03-18 08:47:57
5,Running,2026-03-18 08:47:28,2026-03-18 08:48:24
6,Starved,2026-03-18 08:47:52,2026-03-18 08:48:24
5,Starved,2026-03-18 08:48:24,2026-03-18 08:48:25
8,Running,2026-03-18 08:47:56,2026-03-18 08:48:48
8,Starved,2026-03-18 08:48:48,2026-03-18 08:49:14
6,Running,2026-03-18 08:48:24,2026-03-18 08:49:21
6,Starved,2026-03-18 08:49:21,2026-03-18 08:49:32
9,Running,2026-03-18 08:44:52,2026-03-18 08:49:54
8,Running,2026-03-18 08:49:14,2026-03-18 08:50:13
9,Starved,2026-03-18 08:49:54,2026-03-18 08:50:13
8,Starved,2026-03-18 08:50:13,2026-03-18 08:50:19
10,Running,2026-03-18 08:47:57,2026-03-18 08:51:09
8,Running,2026-03-18 08:50:19,2026-03-18 08:51:30
6,Running,2026-03-18 08:49:32,2026-03-18 08:51:35
8,Starved,2026-03-18 08:51:30,2026-03-18 08:51:36
10,Starved,2026-03-18 08:51:09,2026-03-18 08:51:39
6,Starved,2026-03-18 08:51:35,2026-03-18 08:51:45
9,Running,2026-03-18 08:50:13,2026-03-18 08:52:31
8,Running,2026-03-18 08:51:36,2026-03-18 08:52:42
9,Starved,2026-03-18 08:52:31,2026-03-18 08:52:42
8,Starved,2026-03-18 08:52:42,2026-03-18 08:52:44
10,Running,2026-03-18 08:51:39,2026-03-18 08:53:38
10,Starved,2026-03-18 08:53:38,2026-03-18 08:53:59
6,Running,2026-03-18 08:51:45,2026-03-18 08:54:38
6,Starved,2026-03-18 08:54:38,2026-03-18 08:54:45
8,Running,2026-03-18 08:52:44,2026-03-18 08:55:36
8,Starved,2026-03-18 08:55:36,2026-03-18 08:55:41
3,Running,2026-03-18 08:47:28,2026-03-18 08:55:45
6,Running,2026-03-18 08:54:45,2026-03-18 08:55:47
5,Running,2026-03-18 08:48:25,2026-03-18 08:55:51
6,Starved,2026-03-18 08:55:47,2026-03-18 08:55:51
5,Starved,2026-03-18 08:55:51,2026-03-18 08:55:55
3,Blocked,2026-03-18 08:55:45,2026-03-18 08:55:55
10,Running,2026-03-18 08:53:59,2026-03-18 08:56:42
9,Running,2026-03-18 08:52:42,2026-03-18 08:56:45
10,Starved,2026-03-18 08:56:42,2026-03-18 08:56:45
9,Starved,2026-03-18 08:56:45,2026-03-18 08:56:47
5,Running,2026-03-18 08:55:55,2026-03-18 08:56:50
5,Starved,2026-03-18 08:56:50,2026-03-18 08:56:51
10,Running,2026-03-18 08:56:45,2026-03-18 08:57:36
8,Running,2026-03-18 08:55:41,2026-03-18 08:57:48
10,Starved,2026-03-18 08:57:36,2026-03-18 08:57:48
8,Starved,2026-03-18 08:57:48,2026-03-18 08:57:51
6,Running,2026-03-18 08:55:51,2026-03-18 08:57:56
6,Starved,2026-03-18 08:57:56,2026-03-18 08:57:58
12,Running,2026-03-18 07:38:55,2026-03-18 08:58:07
8,Running,2026-03-18 08:57:51,2026-03-18 08:58:48
6,Running,2026-03-18 08:57:58,2026-03-18 08:58:56
6,Starved,2026-03-18 08:58:56,2026-03-18 08:59:02
8,Starved,2026-03-18 08:58:48,2026-03-18 08:59:04
11,Running,2026-03-18 08:38:04,2026-03-18 08:59:27
10,Running,2026-03-18 08:57:48,2026-03-18 08:59:44
9,Running,2026-03-18 08:56:47,2026-03-18 08:59:48
10,Starved,2026-03-18 08:59:44,2026-03-18 08:59:48
5,Running,2026-03-18 08:56:51,2026-03-18 08:59:52
3,Running,2026-03-18 08:55:55,2026-03-18 09:00:02
5,Starved,2026-03-18 08:59:52,2026-03-18 09:00:06
3,Blocked,2026-03-18 09:00:02,2026-03-18 09:00:06
8,Running,2026-03-18 08:59:04,2026-03-18 09:00:06
9,Starved,2026-03-18 08:59:48,2026-03-18 09:00:06
7,Running,2026-03-18 08:18:18,2026-03-18 09:00:22
8,Starved,2026-03-18 09:00:06,2026-03-18 09:00:22
10,Running,2026-03-18 08:59:48,2026-03-18 09:00:47
5,Running,2026-03-18 09:00:06,2026-03-18 09:01:00
9,Running,2026-03-18 09:00:06,2026-03-18 09:01:07
10,Starved,2026-03-18 09:00:47,2026-03-18 09:01:07
3,Running,2026-03-18 09:00:06,2026-03-18 09:01:17
5,Starved,2026-03-18 09:01:00,2026-03-18 09:01:25
3,Blocked,2026-03-18 09:01:17,2026-03-18 09:01:25
8,Running,2026-03-18 09:00:22,2026-03-18 09:01:25
9,Starved,2026-03-18 09:01:07,2026-03-18 09:01:25
10,Running,2026-03-18 09:01:07,2026-03-18 09:01:56
6,Running,2026-03-18 08:59:02,2026-03-18 09:02:08
9,Running,2026-03-18 09:01:25,2026-03-18 09:02:20
10,Starved,2026-03-18 09:01:56,2026-03-18 09:02:20
5,Running,2026-03-18 09:01:25,2026-03-18 09:02:22
6,Starved,2026-03-18 09:02:08,2026-03-18 09:02:22
3,Running,2026-03-18 09:01:25,2026-03-18 09:02:26
5,Starved,2026-03-18 09:02:22,2026-03-18 09:02:45
3,Blocked,2026-03-18 09:02:26,2026-03-18 09:02:45
7,Down,2026-03-18 09:00:22,2026-03-18 09:03:03
10,Running,2026-03-18 09:02:20,2026-03-18 09:03:13
6,Running,2026-03-18 09:02:22,2026-03-18 09:03:22
3,Running,2026-03-18 09:02:45,2026-03-18 09:03:36
3,Blocked,2026-03-18 09:03:36,2026-03-18 09:03:38
6,Starved,2026-03-18 09:03:22,2026-03-18 09:03:41
2,Running,2026-03-18 08:35:27,2026-03-18 09:04:06
8,Starved,2026-03-18 09:01:25,2026-03-18 09:04:07
2,Starved,2026-03-18 09:04:06,2026-03-18 09:04:15
3,Running,2026-03-18 09:03:38,2026-03-18 09:04:29
6,Running,2026-03-18 09:03:41,2026-03-18 09:04:39
3,Blocked,2026-03-18 09:04:29,2026-03-18 09:04:43
6,Starved,2026-03-18 09:04:39,2026-03-18 09:04:47
8,Running,2026-03-18 09:04:07,2026-03-18 09:04:59
9,Starved,2026-03-18 09:02:20,2026-03-18 09:04:59
8,Starved,2026-03-18 09:04:59,2026-03-18 09:05:13
2,Running,2026-03-18 09:04:15,2026-03-18 09:05:20
2,Starved,2026-03-18 09:05:20,2026-03-18 09:05:24
6,Running,2026-03-18 09:04:47,2026-03-18 09:05:44
5,Running,2026-03-18 09:02:45,2026-03-18 09:05:46
6,Starved,2026-03-18 09:05:44,2026-03-18 09:05:46
3,Running,2026-03-18 09:04:43,2026-03-18 09:05:46
5,Starved,2026-03-18 09:05:46,2026-03-18 09:05:50
3,Blocked,2026-03-18 09:05:46,2026-03-18 09:05:50
9,Running,2026-03-18 09:04:59,2026-03-18 09:05:59
10,Starved,2026-03-18 09:03:13,2026-03-18 09:05:59
8,Running,2026-03-18 09:05:13,2026-03-18 09:06:09
9,Starved,2026-03-18 09:05:59,2026-03-18 09:06:09
8,Starved,2026-03-18 09:06:09,2026-03-18 09:06:19
2,Running,2026-03-18 09:05:24,2026-03-18 09:06:20
2,Starved,2026-03-18 09:06:20,2026-03-18 09:06:27
6,Running,2026-03-18 09:05:46,2026-03-18 09:06:36
10,Running,2026-03-18 09:05:59,2026-03-18 09:06:54
6,Starved,2026-03-18 09:06:36,2026-03-18 09:06:59
9,Running,2026-03-18 09:06:09,2026-03-18 09:07:14
10,Starved,2026-03-18 09:06:54,2026-03-18 09:07:14
8,Running,2026-03-18 09:06:19,2026-03-18 09:07:22
9,Starved,2026-03-18 09:07:14,2026-03-18 09:07:22
2,Running,2026-03-18 09:06:27,2026-03-18 09:07:27
8,Starved,2026-03-18 09:07:22,2026-03-18 09:07:27
2,Starved,2026-03-18 09:07:27,2026-03-18 09:07:28
3,Running,2026-03-18 09:05:50,2026-03-18 09:07:43
6,Running,2026-03-18 09:06:59,2026-03-18 09:07:56
4,Running,2026-03-18 07:15:53,2026-03-18 09:07:58
6,Starved,2026-03-18 09:07:56,2026-03-18 09:08:05
10,Running,2026-03-18 09:07:14,2026-03-18 09:08:14
9,Running,2026-03-18 09:07:22,2026-03-18 09:08:15
10,Starved,2026-03-18 09:08:14,2026-03-18 09:08:15
8,Running,2026-03-18 09:07:27,2026-03-18 09:08:24
9,Starved,2026-03-18 09:08:15,2026-03-18 09:08:24
8,Starved,2026-03-18 09:08:24,2026-03-18 09:08:27
2,Running,2026-03-18 09:07:28,2026-03-18 09:08:29
2,Starved,2026-03-18 09:08:29,2026-03-18 09:08:30
6,Running,2026-03-18 09:08:05,2026-03-18 09:09:00
10,Running,2026-03-18 09:08:15,2026-03-18 09:09:06
5,Running,2026-03-18 09:05:50,2026-03-18 09:09:10
6,Starved,2026-03-18 09:09:00,2026-03-18 09:09:10
9,Running,2026-03-18 09:08:24,2026-03-18 09:09:23
10,Starved,2026-03-18 09:09:06,2026-03-18 09:09:23
2,Running,2026-03-18 09:08:30,2026-03-18 09:09:25
9,Starved,2026-03-18 09:09:23,2026-03-18 09:09:43
6,Running,2026-03-18 09:09:10,2026-03-18 09:10:04
10,Running,2026-03-18 09:09:23,2026-03-18 09:10:23
9,Running,2026-03-18 09:09:43,2026-03-18 09:10:43
10,Starved,2026-03-18 09:10:23,2026-03-18 09:10:43
9,Starved,2026-03-18 09:10:43,2026-03-18 09:10:50
10,Running,2026-03-18 09:10:43,2026-03-18 09:11:30
4,Down,2026-03-18 09:07:58,2026-03-18 09:11:48
3,Blocked,2026-03-18 09:07:43,2026-03-18 09:11:48
2,Blocked,2026-03-18 09:09:25,2026-03-18 09:11:48
9,Running,2026-03-18 09:10:50,2026-03-18 09:12:49
9,Starved,2026-03-18 09:12:49,2026-03-18 09:12:50
2,Running,2026-03-18 09:11:48,2026-03-18 09:12:52
12,Down,2026-03-18 08:58:07,2026-03-18 09:12:57
11,Blocked,2026-03-18 08:59:27,2026-03-18 09:12:57
10,Blocked,2026-03-18 09:11:30,2026-03-18 09:12:57
3,Running,2026-03-18 09:11:48,2026-03-18 09:12:58
5,Starved,2026-03-18 09:09:10,2026-03-18 09:13:00
3,Blocked,2026-03-18 09:12:58,2026-03-18 09:13:00
2,Blocked,2026-03-18 09:12:52,2026-03-18 09:13:00
10,Running,2026-03-18 09:12:57,2026-03-18 09:13:52
10,Blocked,2026-03-18 09:13:52,2026-03-18 09:13:56
2,Running,2026-03-18 09:13:00,2026-03-18 09:13:57
5,Running,2026-03-18 09:13:00,2026-03-18 09:14:02
6,Starved,2026-03-18 09:10:04,2026-03-18 09:14:02
3,Running,2026-03-18 09:13:00,2026-03-18 09:14:05
5,Starved,2026-03-18 09:14:02,2026-03-18 09:14:05
3,Blocked,2026-03-18 09:14:05,2026-03-18 09:14:05
2,Blocked,2026-03-18 09:13:57,2026-03-18 09:14:05
9,Running,2026-03-18 09:12:50,2026-03-18 09:14:45
8,Running,2026-03-18 09:08:27,2026-03-18 09:14:57
9,Starved,2026-03-18 09:14:45,2026-03-18 09:14:57
5,Running,2026-03-18 09:14:05,2026-03-18 09:14:59
3,Running,2026-03-18 09:14:05,2026-03-18 09:15:03
7,Running,2026-03-18 09:03:03,2026-03-18 09:15:03
8,Starved,2026-03-18 09:14:57,2026-03-18 09:15:03
2,Running,2026-03-18 09:14:05,2026-03-18 09:15:08
5,Starved,2026-03-18 09:14:59,2026-03-18 09:15:13
3,Blocked,2026-03-18 09:15:03,2026-03-18 09:15:13
2,Blocked,2026-03-18 09:15:08,2026-03-18 09:15:13
7,Starved,2026-03-18 09:15:03,2026-03-18 09:15:15
9,Running,2026-03-18 09:14:57,2026-03-18 09:15:51
10,Running,2026-03-18 09:13:56,2026-03-18 09:15:57
10,Blocked,2026-03-18 09:15:57,2026-03-18 09:16:04
8,Running,2026-03-18 09:15:03,2026-03-18 09:16:05
9,Starved,2026-03-18 09:15:51,2026-03-18 09:16:05
3,Running,2026-03-18 09:15:13,2026-03-18 09:16:09
3,Blocked,2026-03-18 09:16:09,2026-03-18 09:16:10
8,Starved,2026-03-18 09:16:05,2026-03-18 09:16:27
9,Running,2026-03-18 09:16:05,2026-03-18 09:17:11
6,Running,2026-03-18 09:14:02,2026-03-18 09:17:12
3,Running,2026-03-18 09:16:10,2026-03-18 09:17:12
2,Running,2026-03-18 09:15:13,2026-03-18 09:17:16
5,Running,2026-03-18 09:15:13,2026-03-18 09:17:18
6,Starved,2026-03-18 09:17:12,2026-03-18 09:17:18
5,Starved,2026-03-18 09:17:18,2026-03-18 09:17:21
3,Blocked,2026-03-18 09:17:12,2026-03-18 09:17:21
2,Blocked,2026-03-18 09:17:16,2026-03-18 09:17:21
8,Running,2026-03-18 09:16:27,2026-03-18 09:17:25
9,Starved,2026-03-18 09:17:11,2026-03-18 09:17:25
8,Starved,2026-03-18 09:17:25,2026-03-18 09:17:26
6,Running,2026-03-18 09:17:18,2026-03-18 09:18:19
9,Running,2026-03-18 09:17:25,2026-03-18 09:18:22
6,Starved,2026-03-18 09:18:19,2026-03-18 09:18:25
8,Running,2026-03-18 09:17:26,2026-03-18 09:18:31
9,Starved,2026-03-18 09:18:22,2026-03-18 09:18:31
8,Starved,2026-03-18 09:18:31,2026-03-18 09:18:32
12,Running,2026-03-18 09:12:57,2026-03-18 09:18:55
10,Running,2026-03-18 09:16:04,2026-03-18 09:19:10
3,Running,2026-03-18 09:17:21,2026-03-18 09:19:22
11,Running,2026-03-18 09:12:57,2026-03-18 09:19:23
5,Running,2026-03-18 09:17:21,2026-03-18 09:19:24
8,Running,2026-03-18 09:18:32,2026-03-18 09:19:28
2,Running,2026-03-18 09:17:21,2026-03-18 09:19:36
8,Starved,2026-03-18 09:19:28,2026-03-18 09:19:38
5,Starved,2026-03-18 09:19:24,2026-03-18 09:19:46
3,Blocked,2026-03-18 09:19:22,2026-03-18 09:19:46
2,Blocked,2026-03-18 09:19:36,2026-03-18 09:19:46
6,Running,2026-03-18 09:18:25,2026-03-18 09:20:28
9,Running,2026-03-18 09:18:31,2026-03-18 09:20:38
3,Running,2026-03-18 09:19:46,2026-03-18 09:20:41
3,Blocked,2026-03-18 09:20:41,2026-03-18 09:20:43
9,Starved,2026-03-18 09:20:38,2026-03-18 09:20:47
6,Starved,2026-03-18 09:20:28,2026-03-18 09:20:57
7,Running,2026-03-18 09:15:15,2026-03-18 09:21:43
2,Running,2026-03-18 09:19:46,2026-03-18 09:21:45
9,Running,2026-03-18 09:20:47,2026-03-18 09:21:45
2,Blocked,2026-03-18 09:21:45,2026-03-18 09:21:50
7,Starved,2026-03-18 09:21:43,2026-03-18 09:22:07
2,Running,2026-03-18 09:21:50,2026-03-18 09:22:43
8,Running,2026-03-18 09:19:38,2026-03-18 09:22:49
3,Running,2026-03-18 09:20:43,2026-03-18 09:22:49
3,Blocked,2026-03-18 09:22:49,2026-03-18 09:22:52
6,Running,2026-03-18 09:20:57,2026-03-18 09:23:06
6,Starved,2026-03-18 09:23:06,2026-03-18 09:23:06
8,Starved,2026-03-18 09:22:49,2026-03-18 09:23:14
5,Running,2026-03-18 09:19:46,2026-03-18 09:24:02
5,Starved,2026-03-18 09:24:02,2026-03-18 09:24:09
8,Running,2026-03-18 09:23:14,2026-03-18 09:24:09
8,Starved,2026-03-18 09:24:09,2026-03-18 09:24:26
6,Running,2026-03-18 09:23:06,2026-03-18 09:25:09
6,Starved,2026-03-18 09:25:09,2026-03-18 09:25:10
8,Running,2026-03-18 09:24:26,2026-03-18 09:25:24
8,Starved,2026-03-18 09:25:24,2026-03-18 09:25:25
6,Running,2026-03-18 09:25:10,2026-03-18 09:26:08
8,Running,2026-03-18 09:25:25,2026-03-18 09:26:32
12,Down,2026-03-18 09:18:55,2026-03-18 09:26:41
11,Blocked,2026-03-18 09:19:23,2026-03-18 09:26:41
10,Blocked,2026-03-18 09:19:10,2026-03-18 09:26:41
9,Blocked,2026-03-18 09:21:45,2026-03-18 09:26:41
1,Running,2026-03-18 08:01:07,2026-03-18 09:26:53
5,Running,2026-03-18 09:24:09,2026-03-18 09:27:04
5,Starved,2026-03-18 09:27:04,2026-03-18 09:27:06
3,Down,2026-03-18 09:22:52,2026-03-18 09:27:24
2,Blocked,2026-03-18 09:22:43,2026-03-18 09:27:24
1,Blocked,2026-03-18 09:26:53,2026-03-18 09:27:24
10,Running,2026-03-18 09:26:41,2026-03-18 09:27:37
7,Running,2026-03-18 09:22:07,2026-03-18 09:27:43
10,Blocked,2026-03-18 09:27:37,2026-03-18 09:27:50
5,Running,2026-03-18 09:27:06,2026-03-18 09:28:10
10,Running,2026-03-18 09:27:50,2026-03-18 09:28:43
5,Starved,2026-03-18 09:28:10,2026-03-18 09:28:45
10,Blocked,2026-03-18 09:28:43,2026-03-18 09:28:49
1,Running,2026-03-18 09:27:24,2026-03-18 09:29:17
1,Blocked,2026-03-18 09:29:17,2026-03-18 09:29:35
10,Running,2026-03-18 09:28:49,2026-03-18 09:29:43
5,Running,2026-03-18 09:28:45,2026-03-18 09:29:46
10,Blocked,2026-03-18 09:29:43,2026-03-18 09:29:51
9,Down,2026-03-18 09:26:41,2026-03-18 09:30:06
8,Blocked,2026-03-18 09:26:32,2026-03-18 09:30:06
6,Down,2026-03-18 09:26:08,2026-03-18 09:30:06
5,Blocked,2026-03-18 09:29:46,2026-03-18 09:30:06
1,Running,2026-03-18 09:29:35,2026-03-18 09:30:39
1,Blocked,2026-03-18 09:30:39,2026-03-18 09:30:44
10,Running,2026-03-18 09:29:51,2026-03-18 09:30:47
10,Blocked,2026-03-18 09:30:47,2026-03-18 09:31:00
5,Running,2026-03-18 09:30:06,2026-03-18 09:31:06
10,Starved,2026-03-18 09:31:00,2026-03-18 09:31:07
7,Starved,2026-03-18 09:27:43,2026-03-18 09:31:18
5,Blocked,2026-03-18 09:31:06,2026-03-18 09:31:18
8,Running,2026-03-18 09:30:06,2026-03-18 09:32:05
10,Running,2026-03-18 09:31:07,2026-03-18 09:32:06
5,Running,2026-03-18 09:31:18,2026-03-18 09:32:11
10,Starved,2026-03-18 09:32:06,2026-03-18 09:32:11
8,Blocked,2026-03-18 09:32:05,2026-03-18 09:32:11
7,Running,2026-03-18 09:31:18,2026-03-18 09:32:20
8,Starved,2026-03-18 09:32:11,2026-03-18 09:32:20
7,Starved,2026-03-18 09:32:20,2026-03-18 09:32:25
5,Blocked,2026-03-18 09:32:11,2026-03-18 09:32:25
10,Running,2026-03-18 09:32:11,2026-03-18 09:33:12
10,Blocked,2026-03-18 09:33:12,2026-03-18 09:33:15
8,Running,2026-03-18 09:32:20,2026-03-18 09:33:20
10,Starved,2026-03-18 09:33:15,2026-03-18 09:33:34
8,Blocked,2026-03-18 09:33:20,2026-03-18 09:33:34
12,Running,2026-03-18 09:26:41,2026-03-18 09:33:57
5,Running,2026-03-18 09:32:25,2026-03-18 09:34:20
5,Blocked,2026-03-18 09:34:20,2026-03-18 09:34:20
10,Running,2026-03-18 09:33:34,2026-03-18 09:34:27
8,Running,2026-03-18 09:33:34,2026-03-18 09:34:31
10,Starved,2026-03-18 09:34:27,2026-03-18 09:34:36
8,Blocked,2026-03-18 09:34:31,2026-03-18 09:34:36
11,Running,2026-03-18 09:26:41,2026-03-18 09:35:13
5,Running,2026-03-18 09:34:20,2026-03-18 09:35:22
5,Blocked,2026-03-18 09:35:22,2026-03-18 09:35:26
10,Running,2026-03-18 09:34:36,2026-03-18 09:35:37
8,Running,2026-03-18 09:34:36,2026-03-18 09:35:40
8,Starved,2026-03-18 09:35:40,2026-03-18 09:35:54
8,Running,2026-03-18 09:35:54,2026-03-18 09:36:47
8,Starved,2026-03-18 09:36:47,2026-03-18 09:37:01
5,Running,2026-03-18 09:35:26,2026-03-18 09:37:33
5,Starved,2026-03-18 09:37:33,2026-03-18 09:37:39
8,Running,2026-03-18 09:37:01,2026-03-18 09:37:50
8,Starved,2026-03-18 09:37:50,2026-03-18 09:38:06
5,Running,2026-03-18 09:37:39,2026-03-18 09:38:41
9,Running,2026-03-18 09:30:06,2026-03-18 09:38:50
5,Starved,2026-03-18 09:38:41,2026-03-18 09:38:55
8,Running,2026-03-18 09:38:06,2026-03-18 09:39:14
1,Running,2026-03-18 09:30:44,2026-03-18 09:40:41
1,Blocked,2026-03-18 09:40:41,2026-03-18 09:40:46
5,Running,2026-03-18 09:38:55,2026-03-18 09:40:50
5,Starved,2026-03-18 09:40:50,2026-03-18 09:41:27
5,Running,2026-03-18 09:41:27,2026-03-18 09:42:26
5,Starved,2026-03-18 09:42:26,2026-03-18 09:42:26
1,Running,2026-03-18 09:40:46,2026-03-18 09:42:42
1,Blocked,2026-03-18 09:42:42,2026-03-18 09:42:52
7,Running,2026-03-18 09:32:25,2026-03-18 09:43:03
5,Running,2026-03-18 09:42:26,2026-03-18 09:43:17
5,Starved,2026-03-18 09:43:17,2026-03-18 09:43:30
1,Running,2026-03-18 09:42:52,2026-03-18 09:43:53
1,Blocked,2026-03-18 09:43:53,2026-03-18 09:44:01
1,Running,2026-03-18 09:44:01,2026-03-18 09:45:49
1,Blocked,2026-03-18 09:45:49,2026-03-18 09:45:54
5,Running,2026-03-18 09:43:30,2026-03-18 09:46:38
5,Starved,2026-03-18 09:46:38,2026-03-18 09:46:49
1,Running,2026-03-18 09:45:54,2026-03-18 09:48:42
5,Running,2026-03-18 09:46:49,2026-03-18 09:48:51
3,Running,2026-03-18 09:27:24,2026-03-18 09:48:52
1,Blocked,2026-03-18 09:48:42,2026-03-18 09:48:56
5,Starved,2026-03-18 09:48:51,2026-03-18 09:49:08
12,Down,2026-03-18 09:33:57,2026-03-18 09:49:23
11,Blocked,2026-03-18 09:35:13,2026-03-18 09:49:23
10,Blocked,2026-03-18 09:35:37,2026-03-18 09:49:23
2,Running,2026-03-18 09:27:24,2026-03-18 09:49:44
1,Running,2026-03-18 09:48:56,2026-03-18 09:50:01
5,Running,2026-03-18 09:49:08,2026-03-18 09:50:12
11,Running,2026-03-18 09:49:23,2026-03-18 09:50:14
3,Down,2026-03-18 09:48:52,2026-03-18 09:50:23
2,Blocked,2026-03-18 09:49:44,2026-03-18 09:50:23
1,Blocked,2026-03-18 09:50:01,2026-03-18 09:50:23
5,Starved,2026-03-18 09:50:12,2026-03-18 09:50:24
11,Blocked,2026-03-18 09:50:14,2026-03-18 09:50:29
10,Down,2026-03-18 09:49:23,2026-03-18 09:51:10
9,Blocked,2026-03-18 09:38:50,2026-03-18 09:51:10
8,Blocked,2026-03-18 09:39:14,2026-03-18 09:51:10
7,Blocked,2026-03-18 09:43:03,2026-03-18 09:51:10
1,Running,2026-03-18 09:50:23,2026-03-18 09:51:22
1,Blocked,2026-03-18 09:51:22,2026-03-18 09:51:34
9,Running,2026-03-18 09:51:10,2026-03-18 09:52:07
9,Blocked,2026-03-18 09:52:07,2026-03-18 09:52:10
11,Running,2026-03-18 09:50:29,2026-03-18 09:52:21
11,Blocked,2026-03-18 09:52:21,2026-03-18 09:52:21
5,Running,2026-03-18 09:50:24,2026-03-18 09:52:29
5,Starved,2026-03-18 09:52:29,2026-03-18 09:52:50
9,Running,2026-03-18 09:52:10,2026-03-18 09:53:02
9,Blocked,2026-03-18 09:53:02,2026-03-18 09:53:11
11,Running,2026-03-18 09:52:21,2026-03-18 09:53:15
11,Blocked,2026-03-18 09:53:15,2026-03-18 09:53:20
1,Running,2026-03-18 09:51:34,2026-03-18 09:53:33
1,Blocked,2026-03-18 09:53:33,2026-03-18 09:53:35
5,Running,2026-03-18 09:52:50,2026-03-18 09:53:52
8,Running,2026-03-18 09:51:10,2026-03-18 09:54:10
5,Starved,2026-03-18 09:53:52,2026-03-18 09:54:12
9,Running,2026-03-18 09:53:11,2026-03-18 09:54:13
9,Blocked,2026-03-18 09:54:13,2026-03-18 09:54:13
8,Blocked,2026-03-18 09:54:10,2026-03-18 09:54:13
9,Running,2026-03-18 09:54:13,2026-03-18 09:55:11
9,Blocked,2026-03-18 09:55:11,2026-03-18 09:55:11
11,Running,2026-03-18 09:53:20,2026-03-18 09:55:31
1,Running,2026-03-18 09:53:35,2026-03-18 09:56:29
1,Blocked,2026-03-18 09:56:29,2026-03-18 09:56:30
10,Running,2026-03-18 09:51:10,2026-03-18 09:57:15
9,Running,2026-03-18 09:55:11,2026-03-18 09:57:16
1,Running,2026-03-18 09:56:30,2026-03-18 09:57:19
8,Running,2026-03-18 09:54:13,2026-03-18 09:57:20
6,Running,2026-03-18 09:30:06,2026-03-18 09:57:24
6,Starved,2026-03-18 09:57:24,2026-03-18 09:57:25
7,Running,2026-03-18 09:51:10,2026-03-18 09:57:37
1,Blocked,2026-03-18 09:57:19,2026-03-18 09:57:37
12,Running,2026-03-18 09:49:23,2026-03-18 09:58:32
1,Running,2026-03-18 09:57:37,2026-03-18 09:58:32
1,Blocked,2026-03-18 09:58:32,2026-03-18 09:58:32
11,Down,2026-03-18 09:55:31,2026-03-18 09:59:02
10,Blocked,2026-03-18 09:57:15,2026-03-18 09:59:02
9,Blocked,2026-03-18 09:57:16,2026-03-18 09:59:02
8,Blocked,2026-03-18 09:57:20,2026-03-18 09:59:02
7,Blocked,2026-03-18 09:57:37,2026-03-18 09:59:02
7,Running,2026-03-18 09:59:02,2026-03-18 09:59:50
12,Starved,2026-03-18 09:58:32,2026-03-18 09:59:59
8,Running,2026-03-18 09:59:02,2026-03-18 10:00:00
9,Running,2026-03-18 09:59:02,2026-03-18 10:00:07
9,Blocked,2026-03-18 10:00:07,2026-03-18 10:00:12
8,Blocked,2026-03-18 10:00:00,2026-03-18 10:00:12
7,Blocked,2026-03-18 09:59:50,2026-03-18 10:00:12
10,Running,2026-03-18 09:59:02,2026-03-18 10:01:56
10,Blocked,2026-03-18 10:01:56,2026-03-18 10:02:04
12,Running,2026-03-18 09:59:59,2026-03-18 10:03:01
10,Running,2026-03-18 10:02:04,2026-03-18 10:03:05
8,Running,2026-03-18 10:00:12,2026-03-18 10:03:13
12,Starved,2026-03-18 10:03:01,2026-03-18 10:03:14
10,Blocked,2026-03-18 10:03:05,2026-03-18 10:03:14
8,Blocked,2026-03-18 10:03:13,2026-03-18 10:03:15
8,Running,2026-03-18 10:03:15,2026-03-18 10:04:14
8,Blocked,2026-03-18 10:04:14,2026-03-18 10:04:33
10,Running,2026-03-18 10:03:14,2026-03-18 10:05:07
12,Running,2026-03-18 10:03:14,2026-03-18 10:05:15
12,Starved,2026-03-18 10:05:15,2026-03-18 10:05:18
10,Blocked,2026-03-18 10:05:07,2026-03-18 10:05:18
8,Running,2026-03-18 10:04:33,2026-03-18 10:05:31
8,Blocked,2026-03-18 10:05:31,2026-03-18 10:05:36
10,Running,2026-03-18 10:05:18,2026-03-18 10:06:10
2,Running,2026-03-18 09:50:23,2026-03-18 10:06:14
12,Running,2026-03-18 10:05:18,2026-03-18 10:06:16
2,Blocked,2026-03-18 10:06:14,2026-03-18 10:06:19
12,Starved,2026-03-18 10:06:16,2026-03-18 10:06:21
10,Blocked,2026-03-18 10:06:10,2026-03-18 10:06:21
8,Running,2026-03-18 10:05:36,2026-03-18 10:06:37
9,Running,2026-03-18 10:00:12,2026-03-18 10:06:39
2,Running,2026-03-18 10:06:19,2026-03-18 10:07:18
2,Blocked,2026-03-18 10:07:18,2026-03-18 10:07:21
7,Running,2026-03-18 10:00:12,2026-03-18 10:07:29
6,Running,2026-03-18 09:57:25,2026-03-18 10:07:30
6,Starved,2026-03-18 10:07:30,2026-03-18 10:07:31
1,Running,2026-03-18 09:58:32,2026-03-18 10:07:40
12,Running,2026-03-18 10:06:21,2026-03-18 10:08:20
11,Running,2026-03-18 09:59:02,2026-03-18 10:10:12
2,Down,2026-03-18 10:07:21,2026-03-18 10:10:25
1,Blocked,2026-03-18 10:07:40,2026-03-18 10:10:25
10,Running,2026-03-18 10:06:21,2026-03-18 10:10:38
5,Running,2026-03-18 09:54:12,2026-03-18 10:11:09
5,Starved,2026-03-18 10:11:09,2026-03-18 10:11:13
1,Running,2026-03-18 10:10:25,2026-03-18 10:11:13
1,Blocked,2026-03-18 10:11:13,2026-03-18 10:11:26
5,Running,2026-03-18 10:11:13,2026-03-18 10:12:09
5,Starved,2026-03-18 10:12:09,2026-03-18 10:12:14
1,Running,2026-03-18 10:11:26,2026-03-18 10:12:30
1,Blocked,2026-03-18 10:12:30,2026-03-18 10:12:37
12,Down,2026-03-18 10:08:20,2026-03-18 10:13:16
11,Blocked,2026-03-18 10:10:12,2026-03-18 10:13:16
10,Blocked,2026-03-18 10:10:38,2026-03-18 10:13:16
1,Running,2026-03-18 10:12:37,2026-03-18 10:14:41
1,Blocked,2026-03-18 10:14:41,2026-03-18 10:14:42
1,Running,2026-03-18 10:14:42,2026-03-18 10:15:39
1,Blocked,2026-03-18 10:15:39,2026-03-18 10:15:50
9,Down,2026-03-18 10:06:39,2026-03-18 10:15:53
8,Blocked,2026-03-18 10:06:37,2026-03-18 10:15:53
7,Blocked,2026-03-18 10:07:29,2026-03-18 10:15:53
11,Running,2026-03-18 10:13:16,2026-03-18 10:16:20
5,Running,2026-03-18 10:12:14,2026-03-18 10:16:22
5,Starved,2026-03-18 10:16:22,2026-03-18 10:16:26
11,Blocked,2026-03-18 10:16:20,2026-03-18 10:16:27
8,Running,2026-03-18 10:15:53,2026-03-18 10:17:00
10,Starved,2026-03-18 10:13:16,2026-03-18 10:17:07
8,Blocked,2026-03-18 10:17:00,2026-03-18 10:17:07
11,Running,2026-03-18 10:16:27,2026-03-18 10:17:19
5,Running,2026-03-18 10:16:26,2026-03-18 10:17:20
11,Blocked,2026-03-18 10:17:19,2026-03-18 10:17:28
5,Starved,2026-03-18 10:17:20,2026-03-18 10:17:29
8,Running,2026-03-18 10:17:07,2026-03-18 10:17:57
10,Running,2026-03-18 10:17:07,2026-03-18 10:18:03
10,Starved,2026-03-18 10:18:03,2026-03-18 10:18:13
8,Blocked,2026-03-18 10:17:57,2026-03-18 10:18:13
11,Running,2026-03-18 10:17:28,2026-03-18 10:18:16
11,Blocked,2026-03-18 10:18:16,2026-03-18 10:18:25
5,Running,2026-03-18 10:17:29,2026-03-18 10:19:40
5,Starved,2026-03-18 10:19:40,2026-03-18 10:19:47
10,Running,2026-03-18 10:18:13,2026-03-18 10:20:02
10,Starved,2026-03-18 10:20:02,2026-03-18 10:20:04
5,Running,2026-03-18 10:19:47,2026-03-18 10:20:51
5,Starved,2026-03-18 10:20:51,2026-03-18 10:20:58
12,Running,2026-03-18 10:13:16,2026-03-18 10:21:14
11,Running,2026-03-18 10:18:25,2026-03-18 10:21:20
5,Running,2026-03-18 10:20:58,2026-03-18 10:21:50
10,Running,2026-03-18 10:20:04,2026-03-18 10:22:10
8,Running,2026-03-18 10:18:13,2026-03-18 10:22:19
5,Starved,2026-03-18 10:21:50,2026-03-18 10:22:20
10,Starved,2026-03-18 10:22:10,2026-03-18 10:22:26
8,Blocked,2026-03-18 10:22:19,2026-03-18 10:22:26
6,Running,2026-03-18 10:07:31,2026-03-18 10:22:57
5,Running,2026-03-18 10:22:20,2026-03-18 10:23:15
6,Starved,2026-03-18 10:22:57,2026-03-18 10:23:15
5,Starved,2026-03-18 10:23:15,2026-03-18 10:23:21
8,Running,2026-03-18 10:22:26,2026-03-18 10:23:25
8,Blocked,2026-03-18 10:23:25,2026-03-18 10:23:25
6,Running,2026-03-18 10:23:15,2026-03-18 10:24:19
6,Starved,2026-03-18 10:24:19,2026-03-18 10:24:21
8,Running,2026-03-18 10:23:25,2026-03-18 10:24:27
7,Running,2026-03-18 10:15:53,2026-03-18 10:24:29
10,Running,2026-03-18 10:22:26,2026-03-18 10:24:33
10,Starved,2026-03-18 10:24:33,2026-03-18 10:24:40
8,Blocked,2026-03-18 10:24:27,2026-03-18 10:24:40
7,Blocked,2026-03-18 10:24:29,2026-03-18 10:24:40
5,Running,2026-03-18 10:23:21,2026-03-18 10:25:15
7,Running,2026-03-18 10:24:40,2026-03-18 10:25:28
8,Running,2026-03-18 10:24:40,2026-03-18 10:25:41
10,Running,2026-03-18 10:24:40,2026-03-18 10:25:44
8,Blocked,2026-03-18 10:25:41,2026-03-18 10:25:59
7,Blocked,2026-03-18 10:25:28,2026-03-18 10:25:59
6,Running,2026-03-18 10:24:21,2026-03-18 10:26:14
12,Down,2026-03-18 10:21:14,2026-03-18 10:26:54
11,Blocked,2026-03-18 10:21:20,2026-03-18 10:26:54
10,Blocked,2026-03-18 10:25:44,2026-03-18 10:26:54
5,Down,2026-03-18 10:25:15,2026-03-18 10:27:15
8,Running,2026-03-18 10:25:59,2026-03-18 10:27:44
11,Running,2026-03-18 10:26:54,2026-03-18 10:27:51
10,Running,2026-03-18 10:26:54,2026-03-18 10:27:51
11,Blocked,2026-03-18 10:27:51,2026-03-18 10:27:52
10,Blocked,2026-03-18 10:27:51,2026-03-18 10:27:52
7,Running,2026-03-18 10:25:59,2026-03-18 10:28:02
8,Blocked,2026-03-18 10:27:44,2026-03-18 10:28:14
7,Blocked,2026-03-18 10:28:02,2026-03-18 10:28:14
6,Starved,2026-03-18 10:26:14,2026-03-18 10:28:16
3,Running,2026-03-18 09:50:23,2026-03-18 10:28:37
3,Blocked,2026-03-18 10:28:37,2026-03-18 10:28:44
11,Running,2026-03-18 10:27:52,2026-03-18 10:28:50
11,Blocked,2026-03-18 10:28:50,2026-03-18 10:29:01
6,Running,2026-03-18 10:28:16,2026-03-18 10:29:09
8,Running,2026-03-18 10:28:14,2026-03-18 10:29:16
7,Running,2026-03-18 10:28:14,2026-03-18 10:29:24
6,Starved,2026-03-18 10:29:09,2026-03-18 10:29:25
8,Blocked,2026-03-18 10:29:16,2026-03-18 10:29:29
7,Blocked,2026-03-18 10:29:24,2026-03-18 10:29:29
3,Running,2026-03-18 10:28:44,2026-03-18 10:29:43
3,Blocked,2026-03-18 10:29:43,2026-03-18 10:29:53
10,Running,2026-03-18 10:27:52,2026-03-18 10:30:01
11,Running,2026-03-18 10:29:01,2026-03-18 10:30:03
11,Blocked,2026-03-18 10:30:03,2026-03-18 10:30:14
10,Blocked,2026-03-18 10:30:01,2026-03-18 10:30:14
6,Running,2026-03-18 10:29:25,2026-03-18 10:30:17
6,Starved,2026-03-18 10:30:17,2026-03-18 10:30:28
8,Running,2026-03-18 10:29:29,2026-03-18 10:30:35
8,Blocked,2026-03-18 10:30:35,2026-03-18 10:30:36
3,Running,2026-03-18 10:29:53,2026-03-18 10:30:45
3,Blocked,2026-03-18 10:30:45,2026-03-18 10:30:50
10,Running,2026-03-18 10:30:14,2026-03-18 10:31:18
11,Running,2026-03-18 10:30:14,2026-03-18 10:31:19
6,Running,2026-03-18 10:30:28,2026-03-18 10:31:22
11,Blocked,2026-03-18 10:31:19,2026-03-18 10:31:23
10,Blocked,2026-03-18 10:31:18,2026-03-18 10:31:23
8,Running,2026-03-18 10:30:36,2026-03-18 10:31:27
6,Starved,2026-03-18 10:31:22,2026-03-18 10:31:34
8,Blocked,2026-03-18 10:31:27,2026-03-18 10:31:38
3,Running,2026-03-18 10:30:50,2026-03-18 10:32:01
3,Blocked,2026-03-18 10:32:01,2026-03-18 10:32:04
11,Running,2026-03-18 10:31:23,2026-03-18 10:32:20
10,Running,2026-03-18 10:31:23,2026-03-18 10:32:21
11,Blocked,2026-03-18 10:32:20,2026-03-18 10:32:30
10,Blocked,2026-03-18 10:32:21,2026-03-18 10:32:30
8,Running,2026-03-18 10:31:38,2026-03-18 10:32:37
8,Blocked,2026-03-18 10:32:37,2026-03-18 10:32:42
3,Running,2026-03-18 10:32:04,2026-03-18 10:33:01
3,Blocked,2026-03-18 10:33:01,2026-03-18 10:33:16
11,Running,2026-03-18 10:32:30,2026-03-18 10:33:26
11,Blocked,2026-03-18 10:33:26,2026-03-18 10:33:31
9,Running,2026-03-18 10:15:53,2026-03-18 10:34:24
11,Running,2026-03-18 10:33:31,2026-03-18 10:34:27
11,Blocked,2026-03-18 10:34:27,2026-03-18 10:34:29
7,Running,2026-03-18 10:29:29,2026-03-18 10:34:43
8,Running,2026-03-18 10:32:42,2026-03-18 10:34:49
3,Running,2026-03-18 10:33:16,2026-03-18 10:35:22
3,Blocked,2026-03-18 10:35:22,2026-03-18 10:35:25
3,Running,2026-03-18 10:35:25,2026-03-18 10:36:20
11,Running,2026-03-18 10:34:29,2026-03-18 10:36:31
11,Blocked,2026-03-18 10:36:31,2026-03-18 10:36:31
3,Blocked,2026-03-18 10:36:20,2026-03-18 10:36:34
3,Running,2026-03-18 10:36:34,2026-03-18 10:37:34
3,Blocked,2026-03-18 10:37:34,2026-03-18 10:37:59
11,Running,2026-03-18 10:36:31,2026-03-18 10:39:33
11,Blocked,2026-03-18 10:39:33,2026-03-18 10:39:38
3,Running,2026-03-18 10:37:59,2026-03-18 10:40:53
3,Blocked,2026-03-18 10:40:53,2026-03-18 10:41:05
5,Running,2026-03-18 10:27:15,2026-03-18 10:41:57
3,Running,2026-03-18 10:41:05,2026-03-18 10:42:07
5,Starved,2026-03-18 10:41:57,2026-03-18 10:42:12
3,Blocked,2026-03-18 10:42:07,2026-03-18 10:42:12
10,Down,2026-03-18 10:32:30,2026-03-18 10:42:48
9,Blocked,2026-03-18 10:34:24,2026-03-18 10:42:48
8,Blocked,2026-03-18 10:34:49,2026-03-18 10:42:48
7,Blocked,2026-03-18 10:34:43,2026-03-18 10:42:48
5,Running,2026-03-18 10:42:12,2026-03-18 10:43:07
5,Starved,2026-03-18 10:43:07,2026-03-18 10:43:11
8,Running,2026-03-18 10:42:48,2026-03-18 10:43:48
9,Running,2026-03-18 10:42:48,2026-03-18 10:43:50
7,Running,2026-03-18 10:42:48,2026-03-18 10:43:53
9,Blocked,2026-03-18 10:43:50,2026-03-18 10:43:53
8,Blocked,2026-03-18 10:43:48,2026-03-18 10:43:53
7,Blocked,2026-03-18 10:43:53,2026-03-18 10:43:53
3,Running,2026-03-18 10:42:12,2026-03-18 10:44:08
5,Running,2026-03-18 10:43:11,2026-03-18 10:44:16
5,Starved,2026-03-18 10:44:16,2026-03-18 10:44:44
3,Blocked,2026-03-18 10:44:08,2026-03-18 10:44:44
8,Running,2026-03-18 10:43:53,2026-03-18 10:44:51
7,Running,2026-03-18 10:43:53,2026-03-18 10:44:56
8,Blocked,2026-03-18 10:44:51,2026-03-18 10:44:59
7,Blocked,2026-03-18 10:44:56,2026-03-18 10:44:59
11,Running,2026-03-18 10:39:38,2026-03-18 10:45:46
3,Running,2026-03-18 10:44:44,2026-03-18 10:45:46
2,Running,2026-03-18 10:10:25,2026-03-18 10:45:47
3,Blocked,2026-03-18 10:45:46,2026-03-18 10:45:47
2,Blocked,2026-03-18 10:45:47,2026-03-18 10:45:47
7,Running,2026-03-18 10:44:59,2026-03-18 10:45:48
9,Running,2026-03-18 10:43:53,2026-03-18 10:45:57
9,Blocked,2026-03-18 10:45:57,2026-03-18 10:45:57
7,Blocked,2026-03-18 10:45:48,2026-03-18 10:46:02
3,Running,2026-03-18 10:45:47,2026-03-18 10:46:36
2,Running,2026-03-18 10:45:47,2026-03-18 10:46:43
5,Running,2026-03-18 10:44:44,2026-03-18 10:46:48
5,Starved,2026-03-18 10:46:48,2026-03-18 10:46:54
3,Blocked,2026-03-18 10:46:36,2026-03-18 10:46:54
2,Blocked,2026-03-18 10:46:43,2026-03-18 10:46:54
2,Running,2026-03-18 10:46:54,2026-03-18 10:47:58
2,Blocked,2026-03-18 10:47:58,2026-03-18 10:48:01
7,Running,2026-03-18 10:46:02,2026-03-18 10:48:05
7,Blocked,2026-03-18 10:48:05,2026-03-18 10:48:08
12,Running,2026-03-18 10:26:54,2026-03-18 10:48:41
2,Running,2026-03-18 10:48:01,2026-03-18 10:48:56
5,Running,2026-03-18 10:46:54,2026-03-18 10:48:57
3,Running,2026-03-18 10:46:54,2026-03-18 10:49:03
5,Starved,2026-03-18 10:48:57,2026-03-18 10:49:11
3,Blocked,2026-03-18 10:49:03,2026-03-18 10:49:11
2,Blocked,2026-03-18 10:48:56,2026-03-18 10:49:11
2,Running,2026-03-18 10:49:11,2026-03-18 10:50:04
2,Blocked,2026-03-18 10:50:04,2026-03-18 10:50:09
6,Running,2026-03-18 10:31:34,2026-03-18 10:50:11
6,Starved,2026-03-18 10:50:11,2026-03-18 10:50:14
9,Running,2026-03-18 10:45:57,2026-03-18 10:50:46
9,Blocked,2026-03-18 10:50:46,2026-03-18 10:50:47
2,Running,2026-03-18 10:50:09,2026-03-18 10:51:07
2,Blocked,2026-03-18 10:51:07,2026-03-18 10:51:07
9,Running,2026-03-18 10:50:47,2026-03-18 10:51:42
9,Blocked,2026-03-18 10:51:42,2026-03-18 10:51:55
2,Running,2026-03-18 10:51:07,2026-03-18 10:52:01
2,Blocked,2026-03-18 10:52:01,2026-03-18 10:52:08
9,Running,2026-03-18 10:51:55,2026-03-18 10:52:58
9,Blocked,2026-03-18 10:52:58,2026-03-18 10:53:04
2,Running,2026-03-18 10:52:08,2026-03-18 10:53:05
5,Running,2026-03-18 10:49:11,2026-03-18 10:53:13
3,Running,2026-03-18 10:49:11,2026-03-18 10:53:19
5,Starved,2026-03-18 10:53:13,2026-03-18 10:53:19
3,Blocked,2026-03-18 10:53:19,2026-03-18 10:53:19
2,Blocked,2026-03-18 10:53:05,2026-03-18 10:53:19
8,Running,2026-03-18 10:44:59,2026-03-18 10:53:26
7,Running,2026-03-18 10:48:08,2026-03-18 10:53:31
9,Running,2026-03-18 10:53:04,2026-03-18 10:54:02
9,Blocked,2026-03-18 10:54:02,2026-03-18 10:54:13
3,Running,2026-03-18 10:53:19,2026-03-18 10:54:16
3,Blocked,2026-03-18 10:54:16,2026-03-18 10:54:19
6,Running,2026-03-18 10:50:14,2026-03-18 10:54:21
6,Starved,2026-03-18 10:54:21,2026-03-18 10:54:24
8,Down,2026-03-18 10:53:26,2026-03-18 10:55:08
7,Blocked,2026-03-18 10:53:31,2026-03-18 10:55:08
9,Running,2026-03-18 10:54:13,2026-03-18 10:55:10
9,Blocked,2026-03-18 10:55:10,2026-03-18 10:55:13
6,Running,2026-03-18 10:54:24,2026-03-18 10:55:16
3,Running,2026-03-18 10:54:19,2026-03-18 10:55:17
2,Running,2026-03-18 10:53:19,2026-03-18 10:55:19
3,Blocked,2026-03-18 10:55:17,2026-03-18 10:55:24
2,Blocked,2026-03-18 10:55:19,2026-03-18 10:55:24
6,Starved,2026-03-18 10:55:16,2026-03-18 10:55:24
3,Running,2026-03-18 10:55:24,2026-03-18 10:56:13
9,Running,2026-03-18 10:55:13,2026-03-18 10:56:13
10,Running,2026-03-18 10:42:48,2026-03-18 10:56:14
5,Running,2026-03-18 10:53:19,2026-03-18 10:56:18
5,Starved,2026-03-18 10:56:18,2026-03-18 10:56:26
3,Blocked,2026-03-18 10:56:13,2026-03-18 10:56:26
3,Running,2026-03-18 10:56:26,2026-03-18 10:57:15
5,Running,2026-03-18 10:56:26,2026-03-18 10:57:17
5,Starved,2026-03-18 10:57:17,2026-03-18 10:57:25
3,Blocked,2026-03-18 10:57:15,2026-03-18 10:57:25
8,Running,2026-03-18 10:55:08,2026-03-18 10:58:01
2,Running,2026-03-18 10:55:24,2026-03-18 10:58:28
5,Running,2026-03-18 10:57:25,2026-03-18 10:58:28
3,Running,2026-03-18 10:57:25,2026-03-18 10:58:31
5,Starved,2026-03-18 10:58:28,2026-03-18 10:58:58
3,Blocked,2026-03-18 10:58:31,2026-03-18 10:58:58
2,Blocked,2026-03-18 10:58:28,2026-03-18 10:58:58
2,Running,2026-03-18 10:58:58,2026-03-18 10:59:47
6,Running,2026-03-18 10:55:24,2026-03-18 10:59:51
2,Blocked,2026-03-18 10:59:47,2026-03-18 11:00:05
6,Starved,2026-03-18 10:59:51,2026-03-18 11:00:07
11,Down,2026-03-18 10:45:46,2026-03-18 11:00:37
10,Blocked,2026-03-18 10:56:14,2026-03-18 11:00:37
9,Blocked,2026-03-18 10:56:13,2026-03-18 11:00:37
8,Blocked,2026-03-18 10:58:01,2026-03-18 11:00:37
7,Down,2026-03-18 10:55:08,2026-03-18 11:00:45
1,Running,2026-03-18 10:15:50,2026-03-18 11:01:07
1,Blocked,2026-03-18 11:01:07,2026-03-18 11:01:09
12,Starved,2026-03-18 10:48:41,2026-03-18 11:01:36
8,Running,2026-03-18 11:00:37,2026-03-18 11:01:36
8,Blocked,2026-03-18 11:01:36,2026-03-18 11:01:50
3,Running,2026-03-18 10:58:58,2026-03-18 11:01:59
3,Blocked,2026-03-18 11:01:59,2026-03-18 11:02:00
12,Running,2026-03-18 11:01:36,2026-03-18 11:02:24
12,Starved,2026-03-18 11:02:24,2026-03-18 11:02:32
8,Running,2026-03-18 11:01:50,2026-03-18 11:02:44
8,Blocked,2026-03-18 11:02:44,2026-03-18 11:02:57
2,Running,2026-03-18 11:00:05,2026-03-18 11:03:05
2,Blocked,2026-03-18 11:03:05,2026-03-18 11:03:08
12,Running,2026-03-18 11:02:32,2026-03-18 11:03:31
12,Starved,2026-03-18 11:03:31,2026-03-18 11:03:36
5,Running,2026-03-18 10:58:58,2026-03-18 11:03:52
5,Starved,2026-03-18 11:03:52,2026-03-18 11:03:58
1,Running,2026-03-18 11:01:09,2026-03-18 11:04:11
2,Running,2026-03-18 11:03:08,2026-03-18 11:04:12
2,Blocked,2026-03-18 11:04:12,2026-03-18 11:04:16
1,Blocked,2026-03-18 11:04:11,2026-03-18 11:04:16
12,Running,2026-03-18 11:03:36,2026-03-18 11:04:30
10,Running,2026-03-18 11:00:37,2026-03-18 11:04:42
12,Starved,2026-03-18 11:04:30,2026-03-18 11:04:51
10,Blocked,2026-03-18 11:04:42,2026-03-18 11:04:51
5,Running,2026-03-18 11:03:58,2026-03-18 11:05:02
5,Starved,2026-03-18 11:05:02,2026-03-18 11:05:07
1,Running,2026-03-18 11:04:16,2026-03-18 11:05:12
1,Blocked,2026-03-18 11:05:12,2026-03-18 11:05:23
5,Running,2026-03-18 11:05:07,2026-03-18 11:06:00
5,Starved,2026-03-18 11:06:00,2026-03-18 11:06:05
5,Running,2026-03-18 11:06:05,2026-03-18 11:07:07
5,Starved,2026-03-18 11:07:07,2026-03-18 11:07:13
1,Running,2026-03-18 11:05:23,2026-03-18 11:07:21
1,Blocked,2026-03-18 11:07:21,2026-03-18 11:07:25
5,Running,2026-03-18 11:07:13,2026-03-18 11:08:05
3,Running,2026-03-18 11:02:00,2026-03-18 11:08:11
5,Starved,2026-03-18 11:08:05,2026-03-18 11:08:18
3,Blocked,2026-03-18 11:08:11,2026-03-18 11:08:18
1,Running,2026-03-18 11:07:25,2026-03-18 11:08:26
1,Blocked,2026-03-18 11:08:26,2026-03-18 11:08:33
8,Running,2026-03-18 11:02:57,2026-03-18 11:09:03
8,Blocked,2026-03-18 11:09:03,2026-03-18 11:09:05
5,Running,2026-03-18 11:08:18,2026-03-18 11:09:19
3,Running,2026-03-18 11:08:18,2026-03-18 11:09:23
2,Running,2026-03-18 11:04:16,2026-03-18 11:09:28
1,Running,2026-03-18 11:08:33,2026-03-18 11:09:37
5,Starved,2026-03-18 11:09:19,2026-03-18 11:09:45
3,Blocked,2026-03-18 11:09:23,2026-03-18 11:09:45
2,Blocked,2026-03-18 11:09:28,2026-03-18 11:09:45
1,Blocked,2026-03-18 11:09:37,2026-03-18 11:09:45
5,Running,2026-03-18 11:09:45,2026-03-18 11:10:42
12,Running,2026-03-18 11:04:51,2026-03-18 11:10:56
12,Starved,2026-03-18 11:10:56,2026-03-18 11:10:57
3,Running,2026-03-18 11:09:45,2026-03-18 11:11:34
12,Running,2026-03-18 11:10:57,2026-03-18 11:11:47
1,Running,2026-03-18 11:09:45,2026-03-18 11:11:50
2,Running,2026-03-18 11:09:45,2026-03-18 11:11:51
12,Starved,2026-03-18 11:11:47,2026-03-18 11:11:59
9,Running,2026-03-18 11:00:37,2026-03-18 11:12:00
6,Running,2026-03-18 11:00:07,2026-03-18 11:12:00
3,Blocked,2026-03-18 11:11:34,2026-03-18 11:12:08
2,Blocked,2026-03-18 11:11:51,2026-03-18 11:12:08
1,Blocked,2026-03-18 11:11:50,2026-03-18 11:12:08
9,Blocked,2026-03-18 11:12:00,2026-03-18 11:12:09
9,Running,2026-03-18 11:12:09,2026-03-18 11:13:12
3,Running,2026-03-18 11:12:08,2026-03-18 11:13:12
5,Down,2026-03-18 11:10:42,2026-03-18 11:13:13
2,Running,2026-03-18 11:12:08,2026-03-18 11:13:15
1,Running,2026-03-18 11:12:08,2026-03-18 11:13:16
9,Blocked,2026-03-18 11:13:12,2026-03-18 11:13:17
3,Blocked,2026-03-18 11:13:12,2026-03-18 11:13:33
2,Blocked,2026-03-18 11:13:15,2026-03-18 11:13:33
1,Blocked,2026-03-18 11:13:16,2026-03-18 11:13:33
12,Running,2026-03-18 11:11:59,2026-03-18 11:13:52
12,Starved,2026-03-18 11:13:52,2026-03-18 11:13:57
6,Starved,2026-03-18 11:12:00,2026-03-18 11:14:16
9,Running,2026-03-18 11:13:17,2026-03-18 11:14:24
2,Running,2026-03-18 11:13:33,2026-03-18 11:14:25
8,Running,2026-03-18 11:09:05,2026-03-18 11:14:25
1,Running,2026-03-18 11:13:33,2026-03-18 11:14:25
3,Running,2026-03-18 11:13:33,2026-03-18 11:14:26
9,Blocked,2026-03-18 11:14:24,2026-03-18 11:14:27
8,Blocked,2026-03-18 11:14:25,2026-03-18 11:14:27
3,Blocked,2026-03-18 11:14:26,2026-03-18 11:15:03
2,Blocked,2026-03-18 11:14:25,2026-03-18 11:15:03
1,Blocked,2026-03-18 11:14:25,2026-03-18 11:15:03
6,Running,2026-03-18 11:14:16,2026-03-18 11:15:05
6,Starved,2026-03-18 11:15:05,2026-03-18 11:15:21
2,Running,2026-03-18 11:15:03,2026-03-18 11:15:57
3,Running,2026-03-18 11:15:03,2026-03-18 11:15:57
3,Blocked,2026-03-18 11:15:57,2026-03-18 11:15:58
2,Blocked,2026-03-18 11:15:57,2026-03-18 11:15:58
6,Running,2026-03-18 11:15:21,2026-03-18 11:16:32
6,Starved,2026-03-18 11:16:32,2026-03-18 11:16:33
2,Running,2026-03-18 11:15:58,2026-03-18 11:16:54
3,Running,2026-03-18 11:15:58,2026-03-18 11:16:58
3,Blocked,2026-03-18 11:16:58,2026-03-18 11:17:02
2,Blocked,2026-03-18 11:16:54,2026-03-18 11:17:02
8,Running,2026-03-18 11:14:27,2026-03-18 11:17:32
8,Blocked,2026-03-18 11:17:32,2026-03-18 11:17:34
3,Running,2026-03-18 11:17:02,2026-03-18 11:17:53
3,Blocked,2026-03-18 11:17:53,2026-03-18 11:17:57
8,Running,2026-03-18 11:17:34,2026-03-18 11:18:30
8,Blocked,2026-03-18 11:18:30,2026-03-18 11:18:40
3,Running,2026-03-18 11:17:57,2026-03-18 11:18:52
3,Blocked,2026-03-18 11:18:52,2026-03-18 11:18:59
8,Running,2026-03-18 11:18:40,2026-03-18 11:19:36
8,Blocked,2026-03-18 11:19:36,2026-03-18 11:19:42
3,Running,2026-03-18 11:18:59,2026-03-18 11:19:53
3,Blocked,2026-03-18 11:19:53,2026-03-18 11:19:55
1,Running,2026-03-18 11:15:03,2026-03-18 11:20:11
1,Blocked,2026-03-18 11:20:11,2026-03-18 11:20:14
8,Running,2026-03-18 11:19:42,2026-03-18 11:20:39
8,Blocked,2026-03-18 11:20:39,2026-03-18 11:20:57
1,Running,2026-03-18 11:20:14,2026-03-18 11:21:16
1,Blocked,2026-03-18 11:21:16,2026-03-18 11:21:21
8,Running,2026-03-18 11:20:57,2026-03-18 11:21:48
8,Blocked,2026-03-18 11:21:48,2026-03-18 11:21:52
1,Running,2026-03-18 11:21:21,2026-03-18 11:22:20
1,Blocked,2026-03-18 11:22:20,2026-03-18 11:22:21
9,Running,2026-03-18 11:14:27,2026-03-18 11:22:47
9,Blocked,2026-03-18 11:22:47,2026-03-18 11:22:47
1,Running,2026-03-18 11:22:21,2026-03-18 11:23:17
1,Blocked,2026-03-18 11:23:17,2026-03-18 11:23:23
8,Running,2026-03-18 11:21:52,2026-03-18 11:23:39
9,Running,2026-03-18 11:22:47,2026-03-18 11:23:48
9,Blocked,2026-03-18 11:23:48,2026-03-18 11:23:51
8,Blocked,2026-03-18 11:23:39,2026-03-18 11:23:51
3,Running,2026-03-18 11:19:55,2026-03-18 11:24:02
1,Running,2026-03-18 11:23:23,2026-03-18 11:24:15
2,Running,2026-03-18 11:17:02,2026-03-18 11:24:15
3,Blocked,2026-03-18 11:24:02,2026-03-18 11:24:40
2,Blocked,2026-03-18 11:24:15,2026-03-18 11:24:40
1,Blocked,2026-03-18 11:24:15,2026-03-18 11:24:40
8,Running,2026-03-18 11:23:51,2026-03-18 11:24:52
8,Blocked,2026-03-18 11:24:52,2026-03-18 11:25:04
2,Running,2026-03-18 11:24:40,2026-03-18 11:25:31
1,Running,2026-03-18 11:24:40,2026-03-18 11:25:33
3,Running,2026-03-18 11:24:40,2026-03-18 11:25:38
3,Blocked,2026-03-18 11:25:38,2026-03-18 11:26:10
2,Blocked,2026-03-18 11:25:31,2026-03-18 11:26:10
1,Blocked,2026-03-18 11:25:33,2026-03-18 11:26:10
12,Running,2026-03-18 11:13:57,2026-03-18 11:26:58
1,Running,2026-03-18 11:26:10,2026-03-18 11:27:02
12,Starved,2026-03-18 11:26:58,2026-03-18 11:27:04
8,Running,2026-03-18 11:25:04,2026-03-18 11:27:05
1,Blocked,2026-03-18 11:27:02,2026-03-18 11:27:13
8,Starved,2026-03-18 11:27:05,2026-03-18 11:27:13
1,Running,2026-03-18 11:27:13,2026-03-18 11:28:03
12,Running,2026-03-18 11:27:04,2026-03-18 11:28:04
1,Blocked,2026-03-18 11:28:03,2026-03-18 11:28:12
12,Starved,2026-03-18 11:28:04,2026-03-18 11:28:18
8,Running,2026-03-18 11:27:13,2026-03-18 11:28:22
8,Starved,2026-03-18 11:28:22,2026-03-18 11:28:24
1,Running,2026-03-18 11:28:12,2026-03-18 11:29:10
2,Running,2026-03-18 11:26:10,2026-03-18 11:29:13
2,Blocked,2026-03-18 11:29:13,2026-03-18 11:29:13
1,Blocked,2026-03-18 11:29:10,2026-03-18 11:29:13
8,Running,2026-03-18 11:28:24,2026-03-18 11:29:17
8,Starved,2026-03-18 11:29:17,2026-03-18 11:29:23
2,Running,2026-03-18 11:29:13,2026-03-18 11:30:14
1,Running,2026-03-18 11:29:13,2026-03-18 11:30:16
2,Blocked,2026-03-18 11:30:14,2026-03-18 11:30:23
1,Blocked,2026-03-18 11:30:16,2026-03-18 11:30:23
1,Running,2026-03-18 11:30:23,2026-03-18 11:31:27
1,Blocked,2026-03-18 11:31:27,2026-03-18 11:31:29
3,Running,2026-03-18 11:26:10,2026-03-18 11:32:19
3,Blocked,2026-03-18 11:32:19,2026-03-18 11:32:20
1,Running,2026-03-18 11:31:29,2026-03-18 11:32:26
2,Running,2026-03-18 11:30:23,2026-03-18 11:32:40
3,Running,2026-03-18 11:32:20,2026-03-18 11:33:26
3,Blocked,2026-03-18 11:33:26,2026-03-18 11:33:27
8,Running,2026-03-18 11:29:23,2026-03-18 11:34:21
8,Blocked,2026-03-18 11:34:21,2026-03-18 11:34:24
3,Running,2026-03-18 11:33:27,2026-03-18 11:34:30
8,Starved,2026-03-18 11:34:24,2026-03-18 11:34:31
3,Blocked,2026-03-18 11:34:30,2026-03-18 11:34:33
5,Running,2026-03-18 11:13:13,2026-03-18 11:35:27
5,Starved,2026-03-18 11:35:27,2026-03-18 11:35:34
5,Running,2026-03-18 11:35:34,2026-03-18 11:36:30
3,Running,2026-03-18 11:34:33,2026-03-18 11:36:34
5,Starved,2026-03-18 11:36:30,2026-03-18 11:36:54
3,Blocked,2026-03-18 11:36:34,2026-03-18 11:36:54
8,Running,2026-03-18 11:34:31,2026-03-18 11:38:26
8,Starved,2026-03-18 11:38:26,2026-03-18 11:38:51
3,Running,2026-03-18 11:36:54,2026-03-18 11:38:52
5,Running,2026-03-18 11:36:54,2026-03-18 11:38:54
3,Blocked,2026-03-18 11:38:52,2026-03-18 11:39:13
8,Running,2026-03-18 11:38:51,2026-03-18 11:39:48
2,Down,2026-03-18 11:32:40,2026-03-18 11:39:54
1,Blocked,2026-03-18 11:32:26,2026-03-18 11:39:54
8,Starved,2026-03-18 11:39:48,2026-03-18 11:39:57
6,Running,2026-03-18 11:16:33,2026-03-18 11:40:31
8,Running,2026-03-18 11:39:57,2026-03-18 11:40:50
1,Running,2026-03-18 11:39:54,2026-03-18 11:40:53
1,Blocked,2026-03-18 11:40:53,2026-03-18 11:40:54
8,Starved,2026-03-18 11:40:50,2026-03-18 11:41:03
3,Running,2026-03-18 11:39:13,2026-03-18 11:41:21
3,Blocked,2026-03-18 11:41:21,2026-03-18 11:41:25
8,Running,2026-03-18 11:41:03,2026-03-18 11:42:01
8,Starved,2026-03-18 11:42:01,2026-03-18 11:42:04
3,Running,2026-03-18 11:41:25,2026-03-18 11:42:18
3,Blocked,2026-03-18 11:42:18,2026-03-18 11:42:48
5,Down,2026-03-18 11:38:54,2026-03-18 11:43:03
3,Running,2026-03-18 11:42:48,2026-03-18 11:43:41
3,Blocked,2026-03-18 11:43:41,2026-03-18 11:43:49
6,Starved,2026-03-18 11:40:31,2026-03-18 11:43:56
3,Running,2026-03-18 11:43:49,2026-03-18 11:44:43
6,Running,2026-03-18 11:43:56,2026-03-18 11:44:45
6,Starved,2026-03-18 11:44:45,2026-03-18 11:44:53
3,Blocked,2026-03-18 11:44:43,2026-03-18 11:45:10
6,Running,2026-03-18 11:44:53,2026-03-18 11:45:49
6,Starved,2026-03-18 11:45:49,2026-03-18 11:45:56
8,Running,2026-03-18 11:42:04,2026-03-18 11:45:58
3,Running,2026-03-18 11:45:10,2026-03-18 11:46:10
8,Starved,2026-03-18 11:45:58,2026-03-18 11:46:12
3,Blocked,2026-03-18 11:46:10,2026-03-18 11:46:19
3,Running,2026-03-18 11:46:19,2026-03-18 11:47:09
3,Blocked,2026-03-18 11:47:09,2026-03-18 11:47:13
3,Running,2026-03-18 11:47:13,2026-03-18 11:48:06
8,Running,2026-03-18 11:46:12,2026-03-18 11:48:09
3,Blocked,2026-03-18 11:48:06,2026-03-18 11:48:14
8,Starved,2026-03-18 11:48:09,2026-03-18 11:48:18
3,Running,2026-03-18 11:48:14,2026-03-18 11:49:12
8,Running,2026-03-18 11:48:18,2026-03-18 11:49:16
8,Starved,2026-03-18 11:49:16,2026-03-18 11:49:27
3,Blocked,2026-03-18 11:49:12,2026-03-18 11:49:42
8,Running,2026-03-18 11:49:27,2026-03-18 11:50:28
8,Starved,2026-03-18 11:50:28,2026-03-18 11:50:30
8,Running,2026-03-18 11:50:30,2026-03-18 11:51:25
3,Running,2026-03-18 11:49:42,2026-03-18 11:51:39
3,Blocked,2026-03-18 11:51:39,2026-03-18 11:51:44
8,Starved,2026-03-18 11:51:25,2026-03-18 11:51:58
3,Running,2026-03-18 11:51:44,2026-03-18 11:52:40
8,Running,2026-03-18 11:51:58,2026-03-18 11:52:55
6,Running,2026-03-18 11:45:56,2026-03-18 11:52:58
6,Starved,2026-03-18 11:52:58,2026-03-18 11:53:00
3,Blocked,2026-03-18 11:52:40,2026-03-18 11:53:08
8,Starved,2026-03-18 11:52:55,2026-03-18 11:53:28
8,Running,2026-03-18 11:53:28,2026-03-18 11:54:30
8,Starved,2026-03-18 11:54:30,2026-03-18 11:54:50
3,Running,2026-03-18 11:53:08,2026-03-18 11:55:07
3,Blocked,2026-03-18 11:55:07,2026-03-18 11:55:18
7,Running,2026-03-18 11:00:45,2026-03-18 11:55:53
3,Running,2026-03-18 11:55:18,2026-03-18 11:56:09
3,Blocked,2026-03-18 11:56:09,2026-03-18 11:56:16
1,Running,2026-03-18 11:40:54,2026-03-18 11:56:51
8,Running,2026-03-18 11:54:50,2026-03-18 11:56:54
3,Running,2026-03-18 11:56:16,2026-03-18 11:57:17
3,Blocked,2026-03-18 11:57:17,2026-03-18 11:57:36
3,Running,2026-03-18 11:57:36,2026-03-18 11:59:25
3,Blocked,2026-03-18 11:59:25,2026-03-18 11:59:32
9,Running,2026-03-18 11:23:51,2026-03-18 12:00:25
3,Running,2026-03-18 11:59:32,2026-03-18 12:02:44
3,Blocked,2026-03-18 12:02:44,2026-03-18 12:02:59
10,Running,2026-03-18 11:04:51,2026-03-18 12:03:11
2,Running,2026-03-18 11:39:54,2026-03-18 12:05:09
3,Running,2026-03-18 12:02:59,2026-03-18 12:05:59
5,Running,2026-03-18 11:43:03,2026-03-18 12:06:04
5,Starved,2026-03-18 12:06:04,2026-03-18 12:06:10
3,Blocked,2026-03-18 12:05:59,2026-03-18 12:06:10
12,Running,2026-03-18 11:28:18,2026-03-18 12:06:46
3,Running,2026-03-18 12:06:10,2026-03-18 12:07:12
5,Running,2026-03-18 12:06:10,2026-03-18 12:07:14
5,Starved,2026-03-18 12:07:14,2026-03-18 12:07:16
3,Blocked,2026-03-18 12:07:12,2026-03-18 12:07:16
11,Running,2026-03-18 11:00:37,2026-03-18 12:08:05
5,Running,2026-03-18 12:07:16,2026-03-18 12:08:08
5,Starved,2026-03-18 12:08:08,2026-03-18 12:08:17
7,Down,2026-03-18 11:55:53,2026-03-18 12:08:55
3,Running,2026-03-18 12:07:16,2026-03-18 12:09:25
8,Starved,2026-03-18 11:56:54,2026-03-18 12:09:57
8,Running,2026-03-18 12:09:57,2026-03-18 12:10:57
9,Starved,2026-03-18 12:00:25,2026-03-18 12:10:57
5,Running,2026-03-18 12:08:17,2026-03-18 12:11:19
5,Starved,2026-03-18 12:11:19,2026-03-18 12:11:21
12,Down,2026-03-18 12:06:46,2026-03-18 12:11:23
11,Blocked,2026-03-18 12:08:05,2026-03-18 12:11:23
9,Running,2026-03-18 12:10:57,2026-03-18 12:12:02
10,Starved,2026-03-18 12:03:11,2026-03-18 12:12:02
10,Running,2026-03-18 12:12:02,2026-03-18 12:13:15
5,Running,2026-03-18 12:11:21,2026-03-18 12:13:26
5,Starved,2026-03-18 12:13:26,2026-03-18 12:13:34
8,Down,2026-03-18 12:10:57,2026-03-18 12:13:35
5,Running,2026-03-18 12:13:34,2026-03-18 12:14:36
9,Starved,2026-03-18 12:12:02,2026-03-18 12:14:36
4,Running,2026-03-18 09:11:48,2026-03-18 12:14:54
5,Starved,2026-03-18 12:14:36,2026-03-18 12:14:54
1,Down,2026-03-18 11:56:51,2026-03-18 12:15:06
11,Running,2026-03-18 12:11:23,2026-03-18 12:15:22
11,Blocked,2026-03-18 12:15:22,2026-03-18 12:15:26
9,Running,2026-03-18 12:14:36,2026-03-18 12:15:37
10,Starved,2026-03-18 12:13:15,2026-03-18 12:15:37
9,Starved,2026-03-18 12:15:37,2026-03-18 12:15:38
5,Running,2026-03-18 12:14:54,2026-03-18 12:15:55
2,Starved,2026-03-18 12:05:09,2026-03-18 12:15:59
11,Running,2026-03-18 12:15:26,2026-03-18 12:16:22
11,Blocked,2026-03-18 12:16:22,2026-03-18 12:16:23
10,Running,2026-03-18 12:15:37,2026-03-18 12:16:44
10,Starved,2026-03-18 12:16:44,2026-03-18 12:16:44
3,Starved,2026-03-18 12:09:25,2026-03-18 12:17:01
6,Running,2026-03-18 11:53:00,2026-03-18 12:17:22
10,Running,2026-03-18 12:16:44,2026-03-18 12:17:43
10,Starved,2026-03-18 12:17:43,2026-03-18 12:17:56
7,Running,2026-03-18 12:08:55,2026-03-18 12:17:57
4,Starved,2026-03-18 12:14:54,2026-03-18 12:18:02
7,Down,2026-03-18 12:17:57,2026-03-18 12:18:12
10,Running,2026-03-18 12:17:56,2026-03-18 12:18:51
10,Starved,2026-03-18 12:18:51,2026-03-18 12:18:52
4,Running,2026-03-18 12:18:02,2026-03-18 12:18:53
5,Starved,2026-03-18 12:15:55,2026-03-18 12:18:53
3,Running,2026-03-18 12:17:01,2026-03-18 12:19:12
12,Running,2026-03-18 12:11:23,2026-03-18 12:19:21
5,Running,2026-03-18 12:18:53,2026-03-18 12:19:53
6,Starved,2026-03-18 12:17:22,2026-03-18 12:19:53
5,Down,2026-03-18 12:19:53,2026-03-18 12:20:31
10,Running,2026-03-18 12:18:52,2026-03-18 12:20:48
6,Running,2026-03-18 12:19:53,2026-03-18 12:20:59
10,Starved,2026-03-18 12:20:48,2026-03-18 12:21:01
3,Down,2026-03-18 12:19:12,2026-03-18 12:21:32
10,Running,2026-03-18 12:21:01,2026-03-18 12:22:01
10,Starved,2026-03-18 12:22:01,2026-03-18 12:22:28
11,Down,2026-03-18 12:16:23,2026-03-18 12:22:45
10,Running,2026-03-18 12:22:28,2026-03-18 12:23:28
4,Down,2026-03-18 12:18:53,2026-03-18 12:23:28
12,Starved,2026-03-18 12:19:21,2026-03-18 12:23:42
10,Starved,2026-03-18 12:23:28,2026-03-18 12:23:54
5,Starved,2026-03-18 12:20:31,2026-03-18 12:24:39
12,Running,2026-03-18 12:23:42,2026-03-18 12:24:41
12,Starved,2026-03-18 12:24:41,2026-03-18 12:24:52
5,Running,2026-03-18 12:24:39,2026-03-18 12:25:37
6,Starved,2026-03-18 12:20:59,2026-03-18 12:25:37
5,Starved,2026-03-18 12:25:37,2026-03-18 12:25:38
12,Running,2026-03-18 12:24:52,2026-03-18 12:25:43
10,Running,2026-03-18 12:23:54,2026-03-18 12:25:50
10,Starved,2026-03-18 12:25:50,2026-03-18 12:25:51
12,Starved,2026-03-18 12:25:43,2026-03-18 12:25:52
10,Running,2026-03-18 12:25:51,2026-03-18 12:26:57
10,Starved,2026-03-18 12:26:57,2026-03-18 12:27:05
6,Running,2026-03-18 12:25:37,2026-03-18 12:27:41
12,Running,2026-03-18 12:25:52,2026-03-18 12:27:43
6,Starved,2026-03-18 12:27:41,2026-03-18 12:27:52
12,Starved,2026-03-18 12:27:43,2026-03-18 12:27:52
10,Running,2026-03-18 12:27:05,2026-03-18 12:27:59
2,Running,2026-03-18 12:15:59,2026-03-18 12:28:01
10,Starved,2026-03-18 12:27:59,2026-03-18 12:28:05
5,Running,2026-03-18 12:25:38,2026-03-18 12:28:47
5,Starved,2026-03-18 12:28:47,2026-03-18 12:28:50
5,Running,2026-03-18 12:28:50,2026-03-18 12:29:47
5,Starved,2026-03-18 12:29:47,2026-03-18 12:30:08
12,Running,2026-03-18 12:27:52,2026-03-18 12:30:38
12,Starved,2026-03-18 12:30:38,2026-03-18 12:30:41
3,Running,2026-03-18 12:21:32,2026-03-18 12:31:42
5,Running,2026-03-18 12:30:08,2026-03-18 12:32:04
8,Running,2026-03-18 12:13:35,2026-03-18 12:32:12
5,Starved,2026-03-18 12:32:04,2026-03-18 12:32:18
8,Starved,2026-03-18 12:32:12,2026-03-18 12:32:27
8,Running,2026-03-18 12:32:27,2026-03-18 12:33:22
8,Starved,2026-03-18 12:33:22,2026-03-18 12:33:35
5,Running,2026-03-18 12:32:18,2026-03-18 12:34:12
5,Starved,2026-03-18 12:34:12,2026-03-18 12:34:31
8,Running,2026-03-18 12:33:35,2026-03-18 12:34:36
8,Starved,2026-03-18 12:34:36,2026-03-18 12:34:43
1,Running,2026-03-18 12:15:06,2026-03-18 12:35:06
6,Running,2026-03-18 12:27:52,2026-03-18 12:35:16
4,Running,2026-03-18 12:23:28,2026-03-18 12:35:20
6,Starved,2026-03-18 12:35:16,2026-03-18 12:35:32
8,Running,2026-03-18 12:34:43,2026-03-18 12:35:39
8,Starved,2026-03-18 12:35:39,2026-03-18 12:35:43
2,Down,2026-03-18 12:28:01,2026-03-18 12:35:52
1,Blocked,2026-03-18 12:35:06,2026-03-18 12:35:52
5,Running,2026-03-18 12:34:31,2026-03-18 12:36:23
8,Running,2026-03-18 12:35:43,2026-03-18 12:36:40
8,Starved,2026-03-18 12:36:40,2026-03-18 12:36:48
1,Running,2026-03-18 12:35:52,2026-03-18 12:36:48
3,Starved,2026-03-18 12:31:42,2026-03-18 12:36:52
1,Blocked,2026-03-18 12:36:48,2026-03-18 12:36:52
6,Running,2026-03-18 12:35:32,2026-03-18 12:37:36
1,Running,2026-03-18 12:36:52,2026-03-18 12:37:46
8,Running,2026-03-18 12:36:48,2026-03-18 12:37:50
3,Running,2026-03-18 12:36:52,2026-03-18 12:37:52
4,Starved,2026-03-18 12:35:20,2026-03-18 12:37:52
3,Starved,2026-03-18 12:37:52,2026-03-18 12:38:00
1,Blocked,2026-03-18 12:37:46,2026-03-18 12:38:00
8,Starved,2026-03-18 12:37:50,2026-03-18 12:38:05
4,Running,2026-03-18 12:37:52,2026-03-18 12:38:44
5,Starved,2026-03-18 12:36:23,2026-03-18 12:38:44
1,Running,2026-03-18 12:38:00,2026-03-18 12:38:52
1,Blocked,2026-03-18 12:38:52,2026-03-18 12:38:59
4,Starved,2026-03-18 12:38:44,2026-03-18 12:39:02
5,Running,2026-03-18 12:38:44,2026-03-18 12:39:41
6,Starved,2026-03-18 12:37:36,2026-03-18 12:39:41
1,Running,2026-03-18 12:38:59,2026-03-18 12:39:58
3,Running,2026-03-18 12:38:00,2026-03-18 12:40:06
3,Starved,2026-03-18 12:40:06,2026-03-18 12:40:07
1,Blocked,2026-03-18 12:39:58,2026-03-18 12:40:07
8,Running,2026-03-18 12:38:05,2026-03-18 12:40:17
8,Starved,2026-03-18 12:40:17,2026-03-18 12:40:18
5,Starved,2026-03-18 12:39:41,2026-03-18 12:40:33
6,Running,2026-03-18 12:39:41,2026-03-18 12:40:48
3,Running,2026-03-18 12:40:07,2026-03-18 12:41:03
1,Running,2026-03-18 12:40:07,2026-03-18 12:41:03
3,Starved,2026-03-18 12:41:03,2026-03-18 12:41:06
1,Blocked,2026-03-18 12:41:03,2026-03-18 12:41:06
8,Running,2026-03-18 12:40:18,2026-03-18 12:41:20
5,Running,2026-03-18 12:40:33,2026-03-18 12:41:21
6,Starved,2026-03-18 12:40:48,2026-03-18 12:41:21
8,Starved,2026-03-18 12:41:20,2026-03-18 12:41:27
5,Starved,2026-03-18 12:41:21,2026-03-18 12:41:37
3,Running,2026-03-18 12:41:06,2026-03-18 12:42:01
1,Running,2026-03-18 12:41:06,2026-03-18 12:42:06
3,Starved,2026-03-18 12:42:01,2026-03-18 12:42:08
1,Blocked,2026-03-18 12:42:06,2026-03-18 12:42:08
8,Running,2026-03-18 12:41:27,2026-03-18 12:42:21
6,Running,2026-03-18 12:41:21,2026-03-18 12:42:21
5,Running,2026-03-18 12:41:37,2026-03-18 12:42:40
6,Starved,2026-03-18 12:42:21,2026-03-18 12:42:40
5,Starved,2026-03-18 12:42:40,2026-03-18 12:42:43
8,Starved,2026-03-18 12:42:21,2026-03-18 12:42:45
1,Running,2026-03-18 12:42:08,2026-03-18 12:43:03
1,Blocked,2026-03-18 12:43:03,2026-03-18 12:43:12
6,Running,2026-03-18 12:42:40,2026-03-18 12:43:39
6,Starved,2026-03-18 12:43:39,2026-03-18 12:43:47
6,Running,2026-03-18 12:43:47,2026-03-18 12:44:48
5,Running,2026-03-18 12:42:43,2026-03-18 12:44:56
6,Starved,2026-03-18 12:44:48,2026-03-18 12:44:56
5,Starved,2026-03-18 12:44:56,2026-03-18 12:45:09
1,Running,2026-03-18 12:43:12,2026-03-18 12:45:13
1,Blocked,2026-03-18 12:45:13,2026-03-18 12:45:16
10,Running,2026-03-18 12:28:05,2026-03-18 12:45:37
10,Starved,2026-03-18 12:45:37,2026-03-18 12:45:50
8,Running,2026-03-18 12:42:45,2026-03-18 12:45:57
5,Running,2026-03-18 12:45:09,2026-03-18 12:45:59
8,Starved,2026-03-18 12:45:57,2026-03-18 12:46:09
5,Starved,2026-03-18 12:45:59,2026-03-18 12:46:11
6,Running,2026-03-18 12:44:56,2026-03-18 12:46:58
5,Running,2026-03-18 12:46:11,2026-03-18 12:47:06
6,Starved,2026-03-18 12:46:58,2026-03-18 12:47:06
8,Running,2026-03-18 12:46:09,2026-03-18 12:47:08
8,Starved,2026-03-18 12:47:08,2026-03-18 12:47:10
5,Starved,2026-03-18 12:47:06,2026-03-18 12:47:15
6,Running,2026-03-18 12:47:06,2026-03-18 12:48:10
5,Running,2026-03-18 12:47:15,2026-03-18 12:48:15
6,Starved,2026-03-18 12:48:10,2026-03-18 12:48:15
5,Starved,2026-03-18 12:48:15,2026-03-18 12:48:19
10,Running,2026-03-18 12:45:50,2026-03-18 12:49:00
10,Starved,2026-03-18 12:49:00,2026-03-18 12:49:03
2,Running,2026-03-18 12:35:52,2026-03-18 12:49:13
6,Running,2026-03-18 12:48:15,2026-03-18 12:49:20
1,Running,2026-03-18 12:45:16,2026-03-18 12:49:22
5,Running,2026-03-18 12:48:19,2026-03-18 12:49:27
6,Starved,2026-03-18 12:49:20,2026-03-18 12:49:27
5,Starved,2026-03-18 12:49:27,2026-03-18 12:49:39
8,Running,2026-03-18 12:47:10,2026-03-18 12:50:16
8,Starved,2026-03-18 12:50:16,2026-03-18 12:50:22
6,Running,2026-03-18 12:49:27,2026-03-18 12:50:29
5,Running,2026-03-18 12:49:39,2026-03-18 12:50:35
6,Starved,2026-03-18 12:50:29,2026-03-18 12:50:35
3,Running,2026-03-18 12:42:08,2026-03-18 12:50:35
8,Running,2026-03-18 12:50:22,2026-03-18 12:51:27
2,Down,2026-03-18 12:49:13,2026-03-18 12:51:27
1,Blocked,2026-03-18 12:49:22,2026-03-18 12:51:27
6,Running,2026-03-18 12:50:35,2026-03-18 12:51:29
3,Starved,2026-03-18 12:50:35,2026-03-18 12:52:23
5,Down,2026-03-18 12:50:35,2026-03-18 12:52:23
9,Running,2026-03-18 12:15:38,2026-03-18 12:53:01
4,Running,2026-03-18 12:39:02,2026-03-18 12:53:14
6,Starved,2026-03-18 12:51:29,2026-03-18 12:53:16
3,Running,2026-03-18 12:52:23,2026-03-18 12:53:22
4,Starved,2026-03-18 12:53:14,2026-03-18 12:53:22
1,Running,2026-03-18 12:51:27,2026-03-18 12:53:26
3,Starved,2026-03-18 12:53:22,2026-03-18 12:53:32
1,Blocked,2026-03-18 12:53:26,2026-03-18 12:53:32
10,Running,2026-03-18 12:49:03,2026-03-18 12:54:04
4,Running,2026-03-18 12:53:22,2026-03-18 12:54:24
8,Down,2026-03-18 12:51:27,2026-03-18 12:54:25
3,Running,2026-03-18 12:53:32,2026-03-18 12:54:33
4,Starved,2026-03-18 12:54:24,2026-03-18 12:54:33
3,Starved,2026-03-18 12:54:33,2026-03-18 12:54:34
3,Running,2026-03-18 12:54:34,2026-03-18 12:55:26
9,Starved,2026-03-18 12:53:01,2026-03-18 12:55:29
3,Starved,2026-03-18 12:55:26,2026-03-18 12:55:37
9,Running,2026-03-18 12:55:29,2026-03-18 12:56:19
10,Starved,2026-03-18 12:54:04,2026-03-18 12:56:19
3,Running,2026-03-18 12:55:37,2026-03-18 12:56:32
9,Starved,2026-03-18 12:56:19,2026-03-18 12:56:35
3,Starved,2026-03-18 12:56:32,2026-03-18 12:56:42
12,Running,2026-03-18 12:30:41,2026-03-18 12:56:58
12,Starved,2026-03-18 12:56:58,2026-03-18 12:57:01
10,Running,2026-03-18 12:56:19,2026-03-18 12:57:07
9,Running,2026-03-18 12:56:35,2026-03-18 12:57:34
10,Starved,2026-03-18 12:57:07,2026-03-18 12:57:34
9,Starved,2026-03-18 12:57:34,2026-03-18 12:57:35
1,Running,2026-03-18 12:53:32,2026-03-18 12:57:36
1,Blocked,2026-03-18 12:57:36,2026-03-18 12:57:38
12,Running,2026-03-18 12:57:01,2026-03-18 12:58:05
12,Starved,2026-03-18 12:58:05,2026-03-18 12:58:07
9,Running,2026-03-18 12:57:35,2026-03-18 12:58:35
9,Starved,2026-03-18 12:58:35,2026-03-18 12:58:37
1,Running,2026-03-18 12:57:38,2026-03-18 12:59:34
3,Running,2026-03-18 12:56:42,2026-03-18 12:59:40
3,Starved,2026-03-18 12:59:40,2026-03-18 12:59:42
1,Blocked,2026-03-18 12:59:34,2026-03-18 12:59:42
10,Running,2026-03-18 12:57:34,2026-03-18 13:00:43
1,Running,2026-03-18 12:59:42,2026-03-18 13:00:44
1,Blocked,2026-03-18 13:00:44,2026-03-18 13:00:45
10,Starved,2026-03-18 13:00:43,2026-03-18 13:00:50
4,Running,2026-03-18 12:54:33,2026-03-18 13:01:52
4,Starved,2026-03-18 13:01:52,2026-03-18 13:01:55
4,Running,2026-03-18 13:01:55,2026-03-18 13:03:01
5,Running,2026-03-18 12:52:23,2026-03-18 13:04:08
10,Running,2026-03-18 13:00:50,2026-03-18 13:04:08
10,Starved,2026-03-18 13:04:08,2026-03-18 13:04:10
6,Running,2026-03-18 12:53:16,2026-03-18 13:05:23
4,Down,2026-03-18 13:03:01,2026-03-18 13:06:43
10,Running,2026-03-18 13:04:10,2026-03-18 13:07:11
10,Starved,2026-03-18 13:07:11,2026-03-18 13:07:22
5,Starved,2026-03-18 13:04:08,2026-03-18 13:07:48
5,Running,2026-03-18 13:07:48,2026-03-18 13:08:45
6,Starved,2026-03-18 13:05:23,2026-03-18 13:08:45
5,Starved,2026-03-18 13:08:45,2026-03-18 13:08:54
6,Running,2026-03-18 13:08:45,2026-03-18 13:09:44
5,Running,2026-03-18 13:08:54,2026-03-18 13:09:58
6,Starved,2026-03-18 13:09:44,2026-03-18 13:09:58
5,Starved,2026-03-18 13:09:58,2026-03-18 13:10:01
6,Running,2026-03-18 13:09:58,2026-03-18 13:10:59
6,Starved,2026-03-18 13:10:59,2026-03-18 13:11:04
10,Running,2026-03-18 13:07:22,2026-03-18 13:11:28
10,Starved,2026-03-18 13:11:28,2026-03-18 13:11:45
3,Running,2026-03-18 12:59:42,2026-03-18 13:11:59
5,Running,2026-03-18 13:10:01,2026-03-18 13:11:59
5,Starved,2026-03-18 13:11:59,2026-03-18 13:12:04
3,Blocked,2026-03-18 13:11:59,2026-03-18 13:12:04
10,Running,2026-03-18 13:11:45,2026-03-18 13:12:52
10,Starved,2026-03-18 13:12:52,2026-03-18 13:12:56
5,Running,2026-03-18 13:12:04,2026-03-18 13:12:56
3,Running,2026-03-18 13:12:04,2026-03-18 13:13:04
5,Starved,2026-03-18 13:12:56,2026-03-18 13:13:12
3,Blocked,2026-03-18 13:13:04,2026-03-18 13:13:12
5,Running,2026-03-18 13:13:12,2026-03-18 13:14:09
3,Running,2026-03-18 13:13:12,2026-03-18 13:14:14
5,Starved,2026-03-18 13:14:09,2026-03-18 13:14:14
3,Blocked,2026-03-18 13:14:14,2026-03-18 13:14:14
10,Running,2026-03-18 13:12:56,2026-03-18 13:15:01
10,Starved,2026-03-18 13:15:01,2026-03-18 13:15:10
5,Running,2026-03-18 13:14:14,2026-03-18 13:15:11
3,Running,2026-03-18 13:14:14,2026-03-18 13:15:14
5,Starved,2026-03-18 13:15:11,2026-03-18 13:15:22
3,Blocked,2026-03-18 13:15:14,2026-03-18 13:15:22
3,Running,2026-03-18 13:15:22,2026-03-18 13:16:18
5,Running,2026-03-18 13:15:22,2026-03-18 13:16:18
5,Starved,2026-03-18 13:16:18,2026-03-18 13:16:46
3,Blocked,2026-03-18 13:16:18,2026-03-18 13:16:46
6,Running,2026-03-18 13:11:04,2026-03-18 13:17:15
3,Running,2026-03-18 13:16:46,2026-03-18 13:17:41
3,Blocked,2026-03-18 13:17:41,2026-03-18 13:17:44
6,Starved,2026-03-18 13:17:15,2026-03-18 13:17:51
3,Running,2026-03-18 13:17:44,2026-03-18 13:18:42
5,Running,2026-03-18 13:16:46,2026-03-18 13:18:49
5,Starved,2026-03-18 13:18:49,2026-03-18 13:18:50
3,Blocked,2026-03-18 13:18:42,2026-03-18 13:18:50
10,Running,2026-03-18 13:15:10,2026-03-18 13:19:19
10,Starved,2026-03-18 13:19:19,2026-03-18 13:19:24
5,Running,2026-03-18 13:18:50,2026-03-18 13:19:50
5,Starved,2026-03-18 13:19:50,2026-03-18 13:19:57
12,Running,2026-03-18 12:58:07,2026-03-18 13:20:39
6,Running,2026-03-18 13:17:51,2026-03-18 13:20:55
6,Starved,2026-03-18 13:20:55,2026-03-18 13:20:57
10,Running,2026-03-18 13:19:24,2026-03-18 13:21:16
10,Starved,2026-03-18 13:21:16,2026-03-18 13:21:20
11,Running,2026-03-18 12:22:45,2026-03-18 13:21:30
5,Running,2026-03-18 13:19:57,2026-03-18 13:22:54
5,Starved,2026-03-18 13:22:54,2026-03-18 13:22:59
6,Running,2026-03-18 13:20:57,2026-03-18 13:24:00
6,Starved,2026-03-18 13:24:00,2026-03-18 13:24:03
6,Running,2026-03-18 13:24:03,2026-03-18 13:25:00
6,Starved,2026-03-18 13:25:00,2026-03-18 13:25:10
5,Running,2026-03-18 13:22:59,2026-03-18 13:26:03
5,Starved,2026-03-18 13:26:03,2026-03-18 13:26:11
5,Running,2026-03-18 13:26:11,2026-03-18 13:27:01
5,Starved,2026-03-18 13:27:01,2026-03-18 13:27:08
12,Down,2026-03-18 13:20:39,2026-03-18 13:27:45
11,Blocked,2026-03-18 13:21:30,2026-03-18 13:27:45
10,Running,2026-03-18 13:21:20,2026-03-18 13:27:47
10,Starved,2026-03-18 13:27:47,2026-03-18 13:27:58
6,Running,2026-03-18 13:25:10,2026-03-18 13:28:06
5,Running,2026-03-18 13:27:08,2026-03-18 13:28:09
6,Starved,2026-03-18 13:28:06,2026-03-18 13:28:09
3,Running,2026-03-18 13:18:50,2026-03-18 13:28:17
5,Starved,2026-03-18 13:28:09,2026-03-18 13:28:21
3,Blocked,2026-03-18 13:28:17,2026-03-18 13:28:21
10,Running,2026-03-18 13:27:58,2026-03-18 13:29:03
10,Starved,2026-03-18 13:29:03,2026-03-18 13:29:03
6,Running,2026-03-18 13:28:09,2026-03-18 13:29:09
5,Running,2026-03-18 13:28:21,2026-03-18 13:29:17
6,Starved,2026-03-18 13:29:09,2026-03-18 13:29:17
3,Running,2026-03-18 13:28:21,2026-03-18 13:29:22
5,Starved,2026-03-18 13:29:17,2026-03-18 13:29:27
3,Blocked,2026-03-18 13:29:22,2026-03-18 13:29:27
6,Running,2026-03-18 13:29:17,2026-03-18 13:30:18
3,Running,2026-03-18 13:29:27,2026-03-18 13:30:27
3,Blocked,2026-03-18 13:30:27,2026-03-18 13:30:28
6,Starved,2026-03-18 13:30:18,2026-03-18 13:30:28
10,Running,2026-03-18 13:29:03,2026-03-18 13:30:57
10,Starved,2026-03-18 13:30:57,2026-03-18 13:31:03
6,Running,2026-03-18 13:30:28,2026-03-18 13:31:30
6,Starved,2026-03-18 13:31:30,2026-03-18 13:31:31
10,Running,2026-03-18 13:31:03,2026-03-18 13:32:06
10,Starved,2026-03-18 13:32:06,2026-03-18 13:32:24
6,Running,2026-03-18 13:31:31,2026-03-18 13:32:31
8,Running,2026-03-18 12:54:25,2026-03-18 13:32:32
3,Running,2026-03-18 13:30:28,2026-03-18 13:32:32
5,Running,2026-03-18 13:29:27,2026-03-18 13:32:35
6,Starved,2026-03-18 13:32:31,2026-03-18 13:32:35
8,Starved,2026-03-18 13:32:32,2026-03-18 13:32:40
5,Starved,2026-03-18 13:32:35,2026-03-18 13:32:40
3,Blocked,2026-03-18 13:32:32,2026-03-18 13:32:40
10,Running,2026-03-18 13:32:24,2026-03-18 13:33:22
6,Running,2026-03-18 13:32:35,2026-03-18 13:33:26
10,Starved,2026-03-18 13:33:22,2026-03-18 13:33:28
3,Running,2026-03-18 13:32:40,2026-03-18 13:33:33
5,Running,2026-03-18 13:32:40,2026-03-18 13:33:42
6,Starved,2026-03-18 13:33:26,2026-03-18 13:33:42
5,Starved,2026-03-18 13:33:42,2026-03-18 13:33:45
3,Blocked,2026-03-18 13:33:33,2026-03-18 13:33:45
10,Running,2026-03-18 13:33:28,2026-03-18 13:34:24
10,Starved,2026-03-18 13:34:24,2026-03-18 13:34:30
5,Running,2026-03-18 13:33:45,2026-03-18 13:34:44
5,Starved,2026-03-18 13:34:44,2026-03-18 13:34:48
8,Running,2026-03-18 13:32:40,2026-03-18 13:34:49
8,Starved,2026-03-18 13:34:49,2026-03-18 13:34:52
11,Running,2026-03-18 13:27:45,2026-03-18 13:34:56
10,Running,2026-03-18 13:34:30,2026-03-18 13:35:21
10,Starved,2026-03-18 13:35:21,2026-03-18 13:35:25
5,Running,2026-03-18 13:34:48,2026-03-18 13:35:37
8,Running,2026-03-18 13:34:52,2026-03-18 13:35:46
5,Starved,2026-03-18 13:35:37,2026-03-18 13:35:54
8,Starved,2026-03-18 13:35:46,2026-03-18 13:36:04
10,Running,2026-03-18 13:35:25,2026-03-18 13:36:23
10,Starved,2026-03-18 13:36:23,2026-03-18 13:36:28
5,Running,2026-03-18 13:35:54,2026-03-18 13:36:48
5,Starved,2026-03-18 13:36:48,2026-03-18 13:36:57
8,Running,2026-03-18 13:36:04,2026-03-18 13:37:09
8,Starved,2026-03-18 13:37:09,2026-03-18 13:37:10
12,Running,2026-03-18 13:27:45,2026-03-18 13:37:23
10,Running,2026-03-18 13:36:28,2026-03-18 13:37:25
10,Starved,2026-03-18 13:37:25,2026-03-18 13:37:46
6,Running,2026-03-18 13:33:42,2026-03-18 13:37:46
5,Running,2026-03-18 13:36:57,2026-03-18 13:38:03
6,Starved,2026-03-18 13:37:46,2026-03-18 13:38:03
3,Running,2026-03-18 13:33:45,2026-03-18 13:38:05
8,Running,2026-03-18 13:37:10,2026-03-18 13:38:06
8,Starved,2026-03-18 13:38:06,2026-03-18 13:38:08
5,Starved,2026-03-18 13:38:03,2026-03-18 13:38:12
3,Blocked,2026-03-18 13:38:05,2026-03-18 13:38:12
8,Running,2026-03-18 13:38:08,2026-03-18 13:39:01
6,Running,2026-03-18 13:38:03,2026-03-18 13:39:10
3,Running,2026-03-18 13:38:12,2026-03-18 13:39:13
5,Running,2026-03-18 13:38:12,2026-03-18 13:39:14
6,Starved,2026-03-18 13:39:10,2026-03-18 13:39:14
8,Starved,2026-03-18 13:39:01,2026-03-18 13:39:16
5,Starved,2026-03-18 13:39:14,2026-03-18 13:39:19
3,Blocked,2026-03-18 13:39:13,2026-03-18 13:39:19
10,Running,2026-03-18 13:37:46,2026-03-18 13:39:44
6,Running,2026-03-18 13:39:14,2026-03-18 13:40:11
5,Running,2026-03-18 13:39:19,2026-03-18 13:40:16
6,Starved,2026-03-18 13:40:11,2026-03-18 13:40:16
5,Starved,2026-03-18 13:40:16,2026-03-18 13:40:18
8,Running,2026-03-18 13:39:16,2026-03-18 13:40:21
8,Starved,2026-03-18 13:40:21,2026-03-18 13:40:23
5,Running,2026-03-18 13:40:18,2026-03-18 13:41:14
5,Starved,2026-03-18 13:41:14,2026-03-18 13:41:20
5,Running,2026-03-18 13:41:20,2026-03-18 13:42:11
5,Starved,2026-03-18 13:42:11,2026-03-18 13:42:22
9,Running,2026-03-18 12:58:37,2026-03-18 13:42:35
5,Running,2026-03-18 13:42:22,2026-03-18 13:43:25
5,Starved,2026-03-18 13:43:25,2026-03-18 13:43:30
6,Running,2026-03-18 13:40:16,2026-03-18 13:44:24
8,Running,2026-03-18 13:40:23,2026-03-18 13:44:26
3,Running,2026-03-18 13:39:19,2026-03-18 13:44:30
5,Running,2026-03-18 13:43:30,2026-03-18 13:44:38
6,Starved,2026-03-18 13:44:24,2026-03-18 13:44:38
5,Starved,2026-03-18 13:44:38,2026-03-18 13:44:48
3,Blocked,2026-03-18 13:44:30,2026-03-18 13:44:48
6,Running,2026-03-18 13:44:38,2026-03-18 13:45:46
6,Starved,2026-03-18 13:45:46,2026-03-18 13:45:54
7,Running,2026-03-18 12:18:12,2026-03-18 13:48:35
5,Running,2026-03-18 13:44:48,2026-03-18 13:49:38
5,Starved,2026-03-18 13:49:38,2026-03-18 13:49:46
5,Running,2026-03-18 13:49:46,2026-03-18 13:50:46
3,Running,2026-03-18 13:44:48,2026-03-18 13:50:53
5,Starved,2026-03-18 13:50:46,2026-03-18 13:51:05
3,Blocked,2026-03-18 13:50:53,2026-03-18 13:51:05
6,Running,2026-03-18 13:45:54,2026-03-18 13:51:53
5,Running,2026-03-18 13:51:05,2026-03-18 13:52:04
6,Starved,2026-03-18 13:51:53,2026-03-18 13:52:04
3,Running,2026-03-18 13:51:05,2026-03-18 13:52:11
5,Starved,2026-03-18 13:52:04,2026-03-18 13:52:13
3,Blocked,2026-03-18 13:52:11,2026-03-18 13:52:13
6,Running,2026-03-18 13:52:04,2026-03-18 13:52:58
6,Starved,2026-03-18 13:52:58,2026-03-18 13:53:07
6,Running,2026-03-18 13:53:07,2026-03-18 13:54:00
5,Running,2026-03-18 13:52:13,2026-03-18 13:54:08
6,Starved,2026-03-18 13:54:00,2026-03-18 13:54:08
3,Running,2026-03-18 13:52:13,2026-03-18 13:54:13
5,Starved,2026-03-18 13:54:08,2026-03-18 13:54:24
3,Blocked,2026-03-18 13:54:13,2026-03-18 13:54:24
6,Running,2026-03-18 13:54:08,2026-03-18 13:55:13
5,Running,2026-03-18 13:54:24,2026-03-18 13:55:19
3,Running,2026-03-18 13:54:24,2026-03-18 13:55:31
5,Starved,2026-03-18 13:55:19,2026-03-18 13:55:34
3,Blocked,2026-03-18 13:55:31,2026-03-18 13:55:34
11,Down,2026-03-18 13:34:56,2026-03-18 13:55:38
10,Blocked,2026-03-18 13:39:44,2026-03-18 13:55:38
9,Blocked,2026-03-18 13:42:35,2026-03-18 13:55:38
8,Blocked,2026-03-18 13:44:26,2026-03-18 13:55:38
7,Blocked,2026-03-18 13:48:35,2026-03-18 13:55:38
9,Running,2026-03-18 13:55:38,2026-03-18 13:56:31
5,Running,2026-03-18 13:55:34,2026-03-18 13:56:32
3,Running,2026-03-18 13:55:34,2026-03-18 13:56:35
8,Running,2026-03-18 13:55:38,2026-03-18 13:56:36
10,Running,2026-03-18 13:55:38,2026-03-18 13:56:41
12,Starved,2026-03-18 13:37:23,2026-03-18 13:56:44
10,Blocked,2026-03-18 13:56:41,2026-03-18 13:56:44
9,Blocked,2026-03-18 13:56:31,2026-03-18 13:56:44
8,Blocked,2026-03-18 13:56:36,2026-03-18 13:56:44
5,Starved,2026-03-18 13:56:32,2026-03-18 13:57:06
3,Blocked,2026-03-18 13:56:35,2026-03-18 13:57:06
8,Running,2026-03-18 13:56:44,2026-03-18 13:57:38
12,Running,2026-03-18 13:56:44,2026-03-18 13:57:38
10,Running,2026-03-18 13:56:44,2026-03-18 13:57:41
9,Running,2026-03-18 13:56:44,2026-03-18 13:57:41
7,Running,2026-03-18 13:55:38,2026-03-18 13:57:41
12,Starved,2026-03-18 13:57:38,2026-03-18 13:57:42
10,Blocked,2026-03-18 13:57:41,2026-03-18 13:57:42
9,Blocked,2026-03-18 13:57:41,2026-03-18 13:57:42
8,Blocked,2026-03-18 13:57:38,2026-03-18 13:57:42
7,Blocked,2026-03-18 13:57:41,2026-03-18 13:57:42
3,Running,2026-03-18 13:57:06,2026-03-18 13:58:07
5,Running,2026-03-18 13:57:06,2026-03-18 13:58:11
5,Starved,2026-03-18 13:58:11,2026-03-18 13:58:12
3,Blocked,2026-03-18 13:58:07,2026-03-18 13:58:12
10,Running,2026-03-18 13:57:42,2026-03-18 13:58:36
12,Running,2026-03-18 13:57:42,2026-03-18 13:58:43
9,Running,2026-03-18 13:57:42,2026-03-18 13:58:45
12,Starved,2026-03-18 13:58:43,2026-03-18 13:58:45
10,Blocked,2026-03-18 13:58:36,2026-03-18 13:58:45
9,Blocked,2026-03-18 13:58:45,2026-03-18 13:58:45
6,Down,2026-03-18 13:55:13,2026-03-18 13:58:59
3,Running,2026-03-18 13:58:12,2026-03-18 13:59:07
3,Blocked,2026-03-18 13:59:07,2026-03-18 13:59:18
8,Running,2026-03-18 13:57:42,2026-03-18 13:59:39
9,Running,2026-03-18 13:58:45,2026-03-18 13:59:47
9,Blocked,2026-03-18 13:59:47,2026-03-18 13:59:52
8,Blocked,2026-03-18 13:59:39,2026-03-18 13:59:52
3,Running,2026-03-18 13:59:18,2026-03-18 14:00:07
5,Running,2026-03-18 13:58:12,2026-03-18 14:00:19
5,Starved,2026-03-18 14:00:19,2026-03-18 14:00:31
3,Blocked,2026-03-18 14:00:07,2026-03-18 14:00:31
8,Running,2026-03-18 13:59:52,2026-03-18 14:00:39
10,Running,2026-03-18 13:58:45,2026-03-18 14:00:51
12,Running,2026-03-18 13:58:45,2026-03-18 14:00:54
12,Starved,2026-03-18 14:00:54,2026-03-18 14:00:56
10,Blocked,2026-03-18 14:00:51,2026-03-18 14:00:56
8,Blocked,2026-03-18 14:00:39,2026-03-18 14:00:58
3,Running,2026-03-18 14:00:31,2026-03-18 14:01:29
5,Running,2026-03-18 14:00:31,2026-03-18 14:01:30
5,Starved,2026-03-18 14:01:30,2026-03-18 14:01:37
3,Blocked,2026-03-18 14:01:29,2026-03-18 14:01:37
9,Running,2026-03-18 13:59:52,2026-03-18 14:01:48
9,Blocked,2026-03-18 14:01:48,2026-03-18 14:01:54
8,Running,2026-03-18 14:00:58,2026-03-18 14:02:51
9,Running,2026-03-18 14:01:54,2026-03-18 14:02:59
9,Blocked,2026-03-18 14:02:59,2026-03-18 14:03:01
8,Blocked,2026-03-18 14:02:51,2026-03-18 14:03:01
5,Running,2026-03-18 14:01:37,2026-03-18 14:03:38
3,Running,2026-03-18 14:01:37,2026-03-18 14:03:44
5,Starved,2026-03-18 14:03:38,2026-03-18 14:03:50
3,Blocked,2026-03-18 14:03:44,2026-03-18 14:03:50
8,Running,2026-03-18 14:03:01,2026-03-18 14:03:55
8,Blocked,2026-03-18 14:03:55,2026-03-18 14:04:10
8,Running,2026-03-18 14:04:10,2026-03-18 14:05:09
9,Running,2026-03-18 14:03:01,2026-03-18 14:05:09
9,Blocked,2026-03-18 14:05:09,2026-03-18 14:05:10
8,Blocked,2026-03-18 14:05:09,2026-03-18 14:05:10
5,Running,2026-03-18 14:03:50,2026-03-18 14:05:51
5,Starved,2026-03-18 14:05:51,2026-03-18 14:05:56
9,Running,2026-03-18 14:05:10,2026-03-18 14:06:09
9,Blocked,2026-03-18 14:06:09,2026-03-18 14:06:12
5,Running,2026-03-18 14:05:56,2026-03-18 14:06:50
5,Starved,2026-03-18 14:06:50,2026-03-18 14:06:54
9,Running,2026-03-18 14:06:12,2026-03-18 14:07:17
8,Running,2026-03-18 14:05:10,2026-03-18 14:07:18
9,Blocked,2026-03-18 14:07:17,2026-03-18 14:07:18
8,Blocked,2026-03-18 14:07:18,2026-03-18 14:07:18
3,Running,2026-03-18 14:03:50,2026-03-18 14:07:57
5,Running,2026-03-18 14:06:54,2026-03-18 14:08:02
8,Running,2026-03-18 14:07:18,2026-03-18 14:08:15
9,Running,2026-03-18 14:07:18,2026-03-18 14:08:19
9,Blocked,2026-03-18 14:08:19,2026-03-18 14:08:20
8,Blocked,2026-03-18 14:08:15,2026-03-18 14:08:20
2,Running,2026-03-18 12:51:27,2026-03-18 14:08:21
5,Starved,2026-03-18 14:08:02,2026-03-18 14:08:28
3,Blocked,2026-03-18 14:07:57,2026-03-18 14:08:28
2,Blocked,2026-03-18 14:08:21,2026-03-18 14:08:28
9,Running,2026-03-18 14:08:20,2026-03-18 14:09:19
3,Running,2026-03-18 14:08:28,2026-03-18 14:09:20
9,Blocked,2026-03-18 14:09:19,2026-03-18 14:09:21
3,Blocked,2026-03-18 14:09:20,2026-03-18 14:09:23
5,Running,2026-03-18 14:08:28,2026-03-18 14:10:13
12,Running,2026-03-18 14:00:56,2026-03-18 14:10:14
12,Starved,2026-03-18 14:10:14,2026-03-18 14:10:15
8,Running,2026-03-18 14:08:20,2026-03-18 14:10:24
5,Starved,2026-03-18 14:10:13,2026-03-18 14:10:26
8,Blocked,2026-03-18 14:10:24,2026-03-18 14:10:27
5,Running,2026-03-18 14:10:26,2026-03-18 14:11:24
2,Running,2026-03-18 14:08:28,2026-03-18 14:11:25
3,Running,2026-03-18 14:09:23,2026-03-18 14:11:28
8,Running,2026-03-18 14:10:27,2026-03-18 14:11:28
5,Starved,2026-03-18 14:11:24,2026-03-18 14:11:29
3,Blocked,2026-03-18 14:11:28,2026-03-18 14:11:29
2,Blocked,2026-03-18 14:11:25,2026-03-18 14:11:29
7,Running,2026-03-18 13:57:42,2026-03-18 14:11:41
8,Blocked,2026-03-18 14:11:28,2026-03-18 14:11:44
7,Blocked,2026-03-18 14:11:41,2026-03-18 14:11:44
5,Running,2026-03-18 14:11:29,2026-03-18 14:12:25
3,Running,2026-03-18 14:11:29,2026-03-18 14:12:30
5,Starved,2026-03-18 14:12:25,2026-03-18 14:12:31
3,Blocked,2026-03-18 14:12:30,2026-03-18 14:12:31
12,Running,2026-03-18 14:10:15,2026-03-18 14:13:10
12,Starved,2026-03-18 14:13:10,2026-03-18 14:13:16
2,Running,2026-03-18 14:11:29,2026-03-18 14:13:26
10,Running,2026-03-18 14:00:56,2026-03-18 14:13:27
5,Running,2026-03-18 14:12:31,2026-03-18 14:13:35
5,Starved,2026-03-18 14:13:35,2026-03-18 14:13:40
2,Blocked,2026-03-18 14:13:26,2026-03-18 14:13:41
9,Running,2026-03-18 14:09:21,2026-03-18 14:13:46
8,Running,2026-03-18 14:11:44,2026-03-18 14:13:47
7,Running,2026-03-18 14:11:44,2026-03-18 14:14:09
12,Running,2026-03-18 14:13:16,2026-03-18 14:14:12
10,Down,2026-03-18 14:13:27,2026-03-18 14:14:16
9,Blocked,2026-03-18 14:13:46,2026-03-18 14:14:16
8,Blocked,2026-03-18 14:13:47,2026-03-18 14:14:16
7,Blocked,2026-03-18 14:14:09,2026-03-18 14:14:16
12,Starved,2026-03-18 14:14:12,2026-03-18 14:14:21
3,Running,2026-03-18 14:12:31,2026-03-18 14:14:32
2,Running,2026-03-18 14:13:41,2026-03-18 14:14:35
5,Running,2026-03-18 14:13:40,2026-03-18 14:14:37
5,Starved,2026-03-18 14:14:37,2026-03-18 14:14:46
3,Blocked,2026-03-18 14:14:32,2026-03-18 14:14:46
2,Blocked,2026-03-18 14:14:35,2026-03-18 14:14:46
12,Running,2026-03-18 14:14:21,2026-03-18 14:15:17
7,Running,2026-03-18 14:14:16,2026-03-18 14:15:20
12,Starved,2026-03-18 14:15:17,2026-03-18 14:15:21
8,Running,2026-03-18 14:14:16,2026-03-18 14:15:25
8,Blocked,2026-03-18 14:15:25,2026-03-18 14:15:25
7,Blocked,2026-03-18 14:15:20,2026-03-18 14:15:25
2,Running,2026-03-18 14:14:46,2026-03-18 14:15:43
2,Blocked,2026-03-18 14:15:43,2026-03-18 14:15:44
12,Running,2026-03-18 14:15:21,2026-03-18 14:16:19
8,Running,2026-03-18 14:15:25,2026-03-18 14:16:23
8,Blocked,2026-03-18 14:16:23,2026-03-18 14:16:25
3,Running,2026-03-18 14:14:46,2026-03-18 14:16:35
3,Blocked,2026-03-18 14:16:35,2026-03-18 14:16:41
2,Running,2026-03-18 14:15:44,2026-03-18 14:17:42
3,Running,2026-03-18 14:16:41,2026-03-18 14:17:50
3,Blocked,2026-03-18 14:17:50,2026-03-18 14:17:53
2,Blocked,2026-03-18 14:17:42,2026-03-18 14:17:53
11,Running,2026-03-18 13:55:38,2026-03-18 14:18:22
3,Running,2026-03-18 14:17:53,2026-03-18 14:18:48
2,Running,2026-03-18 14:17:53,2026-03-18 14:18:56
3,Blocked,2026-03-18 14:18:48,2026-03-18 14:19:00
2,Blocked,2026-03-18 14:18:56,2026-03-18 14:19:00
7,Running,2026-03-18 14:15:25,2026-03-18 14:19:39
7,Blocked,2026-03-18 14:19:39,2026-03-18 14:19:41
2,Running,2026-03-18 14:19:00,2026-03-18 14:20:03
5,Running,2026-03-18 14:14:46,2026-03-18 14:20:06
5,Starved,2026-03-18 14:20:06,2026-03-18 14:20:08
10,Running,2026-03-18 14:14:16,2026-03-18 14:20:13
2,Blocked,2026-03-18 14:20:03,2026-03-18 14:20:14
9,Running,2026-03-18 14:14:16,2026-03-18 14:20:30
7,Running,2026-03-18 14:19:41,2026-03-18 14:20:38
8,Running,2026-03-18 14:16:25,2026-03-18 14:20:38
2,Running,2026-03-18 14:20:14,2026-03-18 14:21:07
5,Running,2026-03-18 14:20:08,2026-03-18 14:21:07
5,Starved,2026-03-18 14:21:07,2026-03-18 14:21:21
2,Blocked,2026-03-18 14:21:07,2026-03-18 14:21:25
5,Running,2026-03-18 14:21:21,2026-03-18 14:22:16
12,Down,2026-03-18 14:16:19,2026-03-18 14:22:30
11,Blocked,2026-03-18 14:18:22,2026-03-18 14:22:30
10,Blocked,2026-03-18 14:20:13,2026-03-18 14:22:30
9,Blocked,2026-03-18 14:20:30,2026-03-18 14:22:30
8,Blocked,2026-03-18 14:20:38,2026-03-18 14:22:30
7,Blocked,2026-03-18 14:20:38,2026-03-18 14:22:30
2,Running,2026-03-18 14:21:25,2026-03-18 14:22:31
3,Running,2026-03-18 14:19:00,2026-03-18 14:22:32
5,Starved,2026-03-18 14:22:16,2026-03-18 14:22:33
3,Blocked,2026-03-18 14:22:32,2026-03-18 14:22:33
2,Blocked,2026-03-18 14:22:31,2026-03-18 14:22:33
3,Running,2026-03-18 14:22:33,2026-03-18 14:23:20
2,Running,2026-03-18 14:22:33,2026-03-18 14:23:24
8,Running,2026-03-18 14:22:30,2026-03-18 14:23:24
9,Running,2026-03-18 14:22:30,2026-03-18 14:23:28
3,Blocked,2026-03-18 14:23:20,2026-03-18 14:23:29
2,Blocked,2026-03-18 14:23:24,2026-03-18 14:23:29
7,Running,2026-03-18 14:22:30,2026-03-18 14:23:31
10,Running,2026-03-18 14:22:30,2026-03-18 14:23:31
11,Running,2026-03-18 14:22:30,2026-03-18 14:23:32
11,Blocked,2026-03-18 14:23:32,2026-03-18 14:23:33
10,Blocked,2026-03-18 14:23:31,2026-03-18 14:23:33
9,Blocked,2026-03-18 14:23:28,2026-03-18 14:23:33
8,Blocked,2026-03-18 14:23:24,2026-03-18 14:23:33
7,Blocked,2026-03-18 14:23:31,2026-03-18 14:23:33
2,Running,2026-03-18 14:23:29,2026-03-18 14:24:21
9,Running,2026-03-18 14:23:33,2026-03-18 14:24:26
8,Running,2026-03-18 14:23:33,2026-03-18 14:24:27
11,Running,2026-03-18 14:23:33,2026-03-18 14:24:32
3,Running,2026-03-18 14:23:29,2026-03-18 14:24:33
10,Running,2026-03-18 14:23:33,2026-03-18 14:24:36
5,Running,2026-03-18 14:22:33,2026-03-18 14:24:36
11,Blocked,2026-03-18 14:24:32,2026-03-18 14:24:38
10,Blocked,2026-03-18 14:24:36,2026-03-18 14:24:38
9,Blocked,2026-03-18 14:24:26,2026-03-18 14:24:38
8,Blocked,2026-03-18 14:24:27,2026-03-18 14:24:38
5,Starved,2026-03-18 14:24:36,2026-03-18 14:25:01
3,Blocked,2026-03-18 14:24:33,2026-03-18 14:25:01
2,Blocked,2026-03-18 14:24:21,2026-03-18 14:25:01
10,Running,2026-03-18 14:24:38,2026-03-18 14:25:35
11,Running,2026-03-18 14:24:38,2026-03-18 14:25:38
8,Running,2026-03-18 14:24:38,2026-03-18 14:25:39
11,Blocked,2026-03-18 14:25:38,2026-03-18 14:25:43
10,Blocked,2026-03-18 14:25:35,2026-03-18 14:25:43
8,Blocked,2026-03-18 14:25:39,2026-03-18 14:25:43
11,Running,2026-03-18 14:25:43,2026-03-18 14:26:40
9,Running,2026-03-18 14:24:38,2026-03-18 14:26:44
8,Running,2026-03-18 14:25:43,2026-03-18 14:26:46
11,Blocked,2026-03-18 14:26:40,2026-03-18 14:26:46
9,Blocked,2026-03-18 14:26:44,2026-03-18 14:26:47
8,Blocked,2026-03-18 14:26:46,2026-03-18 14:26:47
5,Running,2026-03-18 14:25:01,2026-03-18 14:26:54
2,Running,2026-03-18 14:25:01,2026-03-18 14:27:12
3,Running,2026-03-18 14:25:01,2026-03-18 14:27:19
5,Starved,2026-03-18 14:26:54,2026-03-18 14:27:24
3,Blocked,2026-03-18 14:27:19,2026-03-18 14:27:24
2,Blocked,2026-03-18 14:27:12,2026-03-18 14:27:24
9,Running,2026-03-18 14:26:47,2026-03-18 14:27:46
8,Running,2026-03-18 14:26:47,2026-03-18 14:27:48
7,Running,2026-03-18 14:23:33,2026-03-18 14:27:56
9,Blocked,2026-03-18 14:27:46,2026-03-18 14:28:00
8,Blocked,2026-03-18 14:27:48,2026-03-18 14:28:00
7,Blocked,2026-03-18 14:27:56,2026-03-18 14:28:00
5,Running,2026-03-18 14:27:24,2026-03-18 14:28:20
3,Running,2026-03-18 14:27:24,2026-03-18 14:28:24
2,Running,2026-03-18 14:27:24,2026-03-18 14:28:25
5,Starved,2026-03-18 14:28:20,2026-03-18 14:28:27
3,Blocked,2026-03-18 14:28:24,2026-03-18 14:28:27
2,Blocked,2026-03-18 14:28:25,2026-03-18 14:28:27
7,Running,2026-03-18 14:28:00,2026-03-18 14:28:52
8,Running,2026-03-18 14:28:00,2026-03-18 14:29:00
8,Blocked,2026-03-18 14:29:00,2026-03-18 14:29:06
7,Blocked,2026-03-18 14:28:52,2026-03-18 14:29:06
3,Running,2026-03-18 14:28:27,2026-03-18 14:29:18
2,Running,2026-03-18 14:28:27,2026-03-18 14:29:24
5,Running,2026-03-18 14:28:27,2026-03-18 14:29:29
5,Starved,2026-03-18 14:29:29,2026-03-18 14:29:32
3,Blocked,2026-03-18 14:29:18,2026-03-18 14:29:32
2,Blocked,2026-03-18 14:29:24,2026-03-18 14:29:32
7,Running,2026-03-18 14:29:06,2026-03-18 14:30:09
8,Running,2026-03-18 14:29:06,2026-03-18 14:30:15
2,Running,2026-03-18 14:29:32,2026-03-18 14:30:23
11,Running,2026-03-18 14:26:46,2026-03-18 14:30:30
8,Blocked,2026-03-18 14:30:15,2026-03-18 14:30:32
7,Blocked,2026-03-18 14:30:09,2026-03-18 14:30:32
5,Running,2026-03-18 14:29:32,2026-03-18 14:30:35
3,Running,2026-03-18 14:29:32,2026-03-18 14:30:36
11,Blocked,2026-03-18 14:30:30,2026-03-18 14:30:38
5,Starved,2026-03-18 14:30:35,2026-03-18 14:31:00
3,Blocked,2026-03-18 14:30:36,2026-03-18 14:31:00
2,Blocked,2026-03-18 14:30:23,2026-03-18 14:31:00
8,Running,2026-03-18 14:30:32,2026-03-18 14:31:28
8,Blocked,2026-03-18 14:31:28,2026-03-18 14:31:33
11,Running,2026-03-18 14:30:38,2026-03-18 14:31:33
11,Blocked,2026-03-18 14:31:33,2026-03-18 14:31:41
5,Running,2026-03-18 14:31:00,2026-03-18 14:31:54
2,Running,2026-03-18 14:31:00,2026-03-18 14:32:00
5,Starved,2026-03-18 14:31:54,2026-03-18 14:32:00
2,Blocked,2026-03-18 14:32:00,2026-03-18 14:32:01
11,Running,2026-03-18 14:31:41,2026-03-18 14:32:32
11,Blocked,2026-03-18 14:32:32,2026-03-18 14:32:41
5,Running,2026-03-18 14:32:00,2026-03-18 14:33:44
5,Starved,2026-03-18 14:33:44,2026-03-18 14:34:01
8,Running,2026-03-18 14:31:33,2026-03-18 14:34:40
8,Blocked,2026-03-18 14:34:40,2026-03-18 14:34:45
2,Running,2026-03-18 14:32:01,2026-03-18 14:34:53
6,Running,2026-03-18 13:58:59,2026-03-18 14:34:55
2,Blocked,2026-03-18 14:34:53,2026-03-18 14:35:00
6,Starved,2026-03-18 14:34:55,2026-03-18 14:35:10
2,Running,2026-03-18 14:35:00,2026-03-18 14:36:03
3,Running,2026-03-18 14:31:00,2026-03-18 14:36:05
3,Blocked,2026-03-18 14:36:05,2026-03-18 14:36:10
2,Blocked,2026-03-18 14:36:03,2026-03-18 14:36:10
3,Running,2026-03-18 14:36:10,2026-03-18 14:37:02
2,Running,2026-03-18 14:36:10,2026-03-18 14:37:09
3,Blocked,2026-03-18 14:37:02,2026-03-18 14:37:15
2,Blocked,2026-03-18 14:37:09,2026-03-18 14:37:15
2,Running,2026-03-18 14:37:15,2026-03-18 14:38:06
2,Blocked,2026-03-18 14:38:06,2026-03-18 14:38:14
8,Running,2026-03-18 14:34:45,2026-03-18 14:38:37
8,Blocked,2026-03-18 14:38:37,2026-03-18 14:38:40
2,Running,2026-03-18 14:38:14,2026-03-18 14:39:14
3,Running,2026-03-18 14:37:15,2026-03-18 14:39:14
5,Running,2026-03-18 14:34:01,2026-03-18 14:39:16
1,Running,2026-03-18 13:00:45,2026-03-18 14:39:25
5,Starved,2026-03-18 14:39:16,2026-03-18 14:39:27
3,Blocked,2026-03-18 14:39:14,2026-03-18 14:39:27
2,Blocked,2026-03-18 14:39:14,2026-03-18 14:39:27
1,Blocked,2026-03-18 14:39:25,2026-03-18 14:39:27
12,Running,2026-03-18 14:22:30,2026-03-18 14:39:31
11,Running,2026-03-18 14:32:41,2026-03-18 14:39:59
10,Running,2026-03-18 14:25:43,2026-03-18 14:40:13
3,Running,2026-03-18 14:39:27,2026-03-18 14:40:23
2,Running,2026-03-18 14:39:27,2026-03-18 14:40:25
3,Blocked,2026-03-18 14:40:23,2026-03-18 14:40:30
2,Blocked,2026-03-18 14:40:25,2026-03-18 14:40:30
8,Running,2026-03-18 14:38:40,2026-03-18 14:40:36
9,Running,2026-03-18 14:28:00,2026-03-18 14:40:48
7,Running,2026-03-18 14:30:32,2026-03-18 14:41:31
3,Running,2026-03-18 14:40:30,2026-03-18 14:42:21
3,Blocked,2026-03-18 14:42:21,2026-03-18 14:42:32
1,Running,2026-03-18 14:39:27,2026-03-18 14:42:39
1,Blocked,2026-03-18 14:42:39,2026-03-18 14:42:40
2,Running,2026-03-18 14:40:30,2026-03-18 14:43:29
1,Running,2026-03-18 14:42:40,2026-03-18 14:43:36
2,Blocked,2026-03-18 14:43:29,2026-03-18 14:43:37
1,Blocked,2026-03-18 14:43:36,2026-03-18 14:43:37
5,Running,2026-03-18 14:39:27,2026-03-18 14:44:30
1,Running,2026-03-18 14:43:37,2026-03-18 14:44:30
3,Running,2026-03-18 14:42:32,2026-03-18 14:44:33
2,Running,2026-03-18 14:43:37,2026-03-18 14:44:33
5,Starved,2026-03-18 14:44:30,2026-03-18 14:44:58
3,Blocked,2026-03-18 14:44:33,2026-03-18 14:44:58
2,Blocked,2026-03-18 14:44:33,2026-03-18 14:44:58
1,Blocked,2026-03-18 14:44:30,2026-03-18 14:44:58
6,Running,2026-03-18 14:35:10,2026-03-18 14:45:42
5,Running,2026-03-18 14:44:58,2026-03-18 14:45:50
5,Starved,2026-03-18 14:45:50,2026-03-18 14:45:53
2,Running,2026-03-18 14:44:58,2026-03-18 14:45:56
1,Running,2026-03-18 14:44:58,2026-03-18 14:45:56
2,Blocked,2026-03-18 14:45:56,2026-03-18 14:46:09
1,Blocked,2026-03-18 14:45:56,2026-03-18 14:46:09
5,Running,2026-03-18 14:45:53,2026-03-18 14:46:50
3,Running,2026-03-18 14:44:58,2026-03-18 14:47:07
1,Running,2026-03-18 14:46:09,2026-03-18 14:47:09
2,Running,2026-03-18 14:46:09,2026-03-18 14:47:11
5,Starved,2026-03-18 14:46:50,2026-03-18 14:47:19
3,Blocked,2026-03-18 14:47:07,2026-03-18 14:47:19
2,Blocked,2026-03-18 14:47:11,2026-03-18 14:47:19
1,Blocked,2026-03-18 14:47:09,2026-03-18 14:47:19
2,Running,2026-03-18 14:47:19,2026-03-18 14:48:20
3,Running,2026-03-18 14:47:19,2026-03-18 14:48:21
5,Running,2026-03-18 14:47:19,2026-03-18 14:48:23
1,Running,2026-03-18 14:47:19,2026-03-18 14:48:23
5,Starved,2026-03-18 14:48:23,2026-03-18 14:48:24
3,Blocked,2026-03-18 14:48:21,2026-03-18 14:48:24
2,Blocked,2026-03-18 14:48:20,2026-03-18 14:48:24
1,Blocked,2026-03-18 14:48:23,2026-03-18 14:48:24
2,Running,2026-03-18 14:48:24,2026-03-18 14:49:16
3,Running,2026-03-18 14:48:24,2026-03-18 14:49:23
5,Running,2026-03-18 14:48:24,2026-03-18 14:49:28
1,Running,2026-03-18 14:48:24,2026-03-18 14:49:29
3,Blocked,2026-03-18 14:49:23,2026-03-18 14:49:30
2,Blocked,2026-03-18 14:49:16,2026-03-18 14:49:30
1,Blocked,2026-03-18 14:49:29,2026-03-18 14:49:30
2,Running,2026-03-18 14:49:30,2026-03-18 14:50:29
2,Blocked,2026-03-18 14:50:29,2026-03-18 14:50:33
1,Running,2026-03-18 14:49:30,2026-03-18 14:51:26
2,Running,2026-03-18 14:50:33,2026-03-18 14:51:30
2,Blocked,2026-03-18 14:51:30,2026-03-18 14:51:31
1,Blocked,2026-03-18 14:51:26,2026-03-18 14:51:31
2,Running,2026-03-18 14:51:31,2026-03-18 14:52:27
2,Blocked,2026-03-18 14:52:27,2026-03-18 14:52:31
2,Running,2026-03-18 14:52:31,2026-03-18 14:53:27
1,Running,2026-03-18 14:51:31,2026-03-18 14:53:32
2,Blocked,2026-03-18 14:53:27,2026-03-18 14:53:42
1,Blocked,2026-03-18 14:53:32,2026-03-18 14:53:42
3,Running,2026-03-18 14:49:30,2026-03-18 14:54:33
1,Running,2026-03-18 14:53:42,2026-03-18 14:54:38
3,Blocked,2026-03-18 14:54:33,2026-03-18 14:54:50
1,Blocked,2026-03-18 14:54:38,2026-03-18 14:54:55
3,Running,2026-03-18 14:54:50,2026-03-18 14:55:43
2,Running,2026-03-18 14:53:42,2026-03-18 14:55:51
3,Blocked,2026-03-18 14:55:43,2026-03-18 14:55:54
2,Blocked,2026-03-18 14:55:51,2026-03-18 14:55:54
2,Running,2026-03-18 14:55:54,2026-03-18 14:56:51
2,Blocked,2026-03-18 14:56:51,2026-03-18 14:56:59
3,Running,2026-03-18 14:55:54,2026-03-18 14:57:49
2,Running,2026-03-18 14:56:59,2026-03-18 14:58:00
3,Blocked,2026-03-18 14:57:49,2026-03-18 14:58:10
2,Blocked,2026-03-18 14:58:00,2026-03-18 14:58:10
2,Running,2026-03-18 14:58:10,2026-03-18 14:59:07
12,Down,2026-03-18 14:39:31,2026-03-18 14:59:07
11,Blocked,2026-03-18 14:39:59,2026-03-18 14:59:07
10,Blocked,2026-03-18 14:40:13,2026-03-18 14:59:07
9,Blocked,2026-03-18 14:40:48,2026-03-18 14:59:07
8,Blocked,2026-03-18 14:40:36,2026-03-18 14:59:07
7,Blocked,2026-03-18 14:41:31,2026-03-18 14:59:07
1,Running,2026-03-18 14:54:55,2026-03-18 14:59:10
2,Blocked,2026-03-18 14:59:07,2026-03-18 14:59:15
1,Blocked,2026-03-18 14:59:10,2026-03-18 14:59:15
10,Running,2026-03-18 14:59:07,2026-03-18 15:00:02
6,Down,2026-03-18 14:45:42,2026-03-18 15:00:06
5,Blocked,2026-03-18 14:49:28,2026-03-18 15:00:06
10,Blocked,2026-03-18 15:00:02,2026-03-18 15:00:07
1,Running,2026-03-18 14:59:15,2026-03-18 15:00:12
7,Running,2026-03-18 14:59:07,2026-03-18 15:00:14
8,Running,2026-03-18 14:59:07,2026-03-18 15:00:14
2,Running,2026-03-18 14:59:15,2026-03-18 15:00:16
8,Blocked,2026-03-18 15:00:14,2026-03-18 15:00:16
7,Blocked,2026-03-18 15:00:14,2026-03-18 15:00:16
3,Running,2026-03-18 14:58:10,2026-03-18 15:00:20
3,Blocked,2026-03-18 15:00:20,2026-03-18 15:00:29
2,Blocked,2026-03-18 15:00:16,2026-03-18 15:00:29
1,Blocked,2026-03-18 15:00:12,2026-03-18 15:00:29
11,Running,2026-03-18 14:59:07,2026-03-18 15:01:02
5,Running,2026-03-18 15:00:06,2026-03-18 15:01:07
5,Blocked,2026-03-18 15:01:07,2026-03-18 15:01:07
11,Blocked,2026-03-18 15:01:02,2026-03-18 15:01:08
10,Running,2026-03-18 15:00:07,2026-03-18 15:01:15
9,Running,2026-03-18 14:59:07,2026-03-18 15:01:17
8,Running,2026-03-18 15:00:16,2026-03-18 15:01:19
3,Running,2026-03-18 15:00:29,2026-03-18 15:01:23
1,Running,2026-03-18 15:00:29,2026-03-18 15:01:28
2,Running,2026-03-18 15:00:29,2026-03-18 15:01:35
7,Running,2026-03-18 15:00:16,2026-03-18 15:01:45
3,Blocked,2026-03-18 15:01:23,2026-03-18 15:01:50
2,Blocked,2026-03-18 15:01:35,2026-03-18 15:01:50
1,Blocked,2026-03-18 15:01:28,2026-03-18 15:01:50
5,Running,2026-03-18 15:01:07,2026-03-18 15:02:01
5,Blocked,2026-03-18 15:02:01,2026-03-18 15:02:08
1,Running,2026-03-18 15:01:50,2026-03-18 15:02:47
3,Running,2026-03-18 15:01:50,2026-03-18 15:02:48
3,Blocked,2026-03-18 15:02:48,2026-03-18 15:02:51
1,Blocked,2026-03-18 15:02:47,2026-03-18 15:02:58
5,Running,2026-03-18 15:02:08,2026-03-18 15:03:06
5,Blocked,2026-03-18 15:03:06,2026-03-18 15:03:15
1,Running,2026-03-18 15:02:58,2026-03-18 15:03:51
3,Running,2026-03-18 15:02:51,2026-03-18 15:03:52
2,Running,2026-03-18 15:01:50,2026-03-18 15:04:00
12,Running,2026-03-18 14:59:07,2026-03-18 15:04:06
3,Blocked,2026-03-18 15:03:52,2026-03-18 15:04:26
3,Down,2026-03-18 15:04:26,2026-03-18 15:04:29
2,Blocked,2026-03-18 15:04:00,2026-03-18 15:04:29
1,Blocked,2026-03-18 15:03:51,2026-03-18 15:04:29
1,Running,2026-03-18 15:04:29,2026-03-18 15:05:29
3,Running,2026-03-18 15:04:29,2026-03-18 15:05:29
2,Running,2026-03-18 15:04:29,2026-03-18 15:05:34
3,Blocked,2026-03-18 15:05:29,2026-03-18 15:05:35
2,Blocked,2026-03-18 15:05:34,2026-03-18 15:05:35
1,Blocked,2026-03-18 15:05:29,2026-03-18 15:05:35
3,Running,2026-03-18 15:05:35,2026-03-18 15:06:24
3,Blocked,2026-03-18 15:06:24,2026-03-18 15:06:35
1,Running,2026-03-18 15:05:35,2026-03-18 15:06:41
1,Blocked,2026-03-18 15:06:41,2026-03-18 15:06:48
3,Running,2026-03-18 15:06:35,2026-03-18 15:07:32
2,Running,2026-03-18 15:05:35,2026-03-18 15:07:45
1,Running,2026-03-18 15:06:48,2026-03-18 15:07:47
3,Blocked,2026-03-18 15:07:32,2026-03-18 15:07:54
2,Blocked,2026-03-18 15:07:45,2026-03-18 15:07:54
1,Blocked,2026-03-18 15:07:47,2026-03-18 15:07:54
1,Running,2026-03-18 15:07:54,2026-03-18 15:08:49
2,Running,2026-03-18 15:07:54,2026-03-18 15:08:54
3,Running,2026-03-18 15:07:54,2026-03-18 15:09:00
3,Blocked,2026-03-18 15:09:00,2026-03-18 15:09:00
2,Blocked,2026-03-18 15:08:54,2026-03-18 15:09:00
1,Blocked,2026-03-18 15:08:49,2026-03-18 15:09:00
11,Down,2026-03-18 15:01:08,2026-03-18 15:09:05
10,Blocked,2026-03-18 15:01:15,2026-03-18 15:09:05
9,Blocked,2026-03-18 15:01:17,2026-03-18 15:09:05
8,Blocked,2026-03-18 15:01:19,2026-03-18 15:09:05
7,Blocked,2026-03-18 15:01:45,2026-03-18 15:09:05
1,Running,2026-03-18 15:09:00,2026-03-18 15:09:55
3,Running,2026-03-18 15:09:00,2026-03-18 15:09:57
3,Blocked,2026-03-18 15:09:57,2026-03-18 15:10:03
12,Starved,2026-03-18 15:04:06,2026-03-18 15:10:03
1,Blocked,2026-03-18 15:09:55,2026-03-18 15:10:06
3,Running,2026-03-18 15:10:03,2026-03-18 15:10:51
1,Running,2026-03-18 15:10:06,2026-03-18 15:11:03
8,Running,2026-03-18 15:09:05,2026-03-18 15:11:04
3,Blocked,2026-03-18 15:10:51,2026-03-18 15:11:05
1,Blocked,2026-03-18 15:11:03,2026-03-18 15:11:07
9,Running,2026-03-18 15:09:05,2026-03-18 15:11:14
9,Blocked,2026-03-18 15:11:14,2026-03-18 15:11:14
8,Blocked,2026-03-18 15:11:04,2026-03-18 15:11:14
1,Running,2026-03-18 15:11:07,2026-03-18 15:12:02
9,Running,2026-03-18 15:11:14,2026-03-18 15:12:10
1,Blocked,2026-03-18 15:12:02,2026-03-18 15:12:15
8,Running,2026-03-18 15:11:14,2026-03-18 15:12:18
9,Blocked,2026-03-18 15:12:10,2026-03-18 15:12:26
8,Blocked,2026-03-18 15:12:18,2026-03-18 15:12:26
3,Running,2026-03-18 15:11:05,2026-03-18 15:13:02
2,Running,2026-03-18 15:09:00,2026-03-18 15:13:14
9,Running,2026-03-18 15:12:26,2026-03-18 15:13:18
3,Blocked,2026-03-18 15:13:02,2026-03-18 15:13:18
2,Blocked,2026-03-18 15:13:14,2026-03-18 15:13:18
9,Blocked,2026-03-18 15:13:18,2026-03-18 15:13:25
1,Running,2026-03-18 15:12:15,2026-03-18 15:14:11
2,Running,2026-03-18 15:13:18,2026-03-18 15:14:17
2,Blocked,2026-03-18 15:14:17,2026-03-18 15:14:19
1,Blocked,2026-03-18 15:14:11,2026-03-18 15:14:19
7,Running,2026-03-18 15:09:05,2026-03-18 15:14:32
8,Running,2026-03-18 15:12:26,2026-03-18 15:14:35
8,Blocked,2026-03-18 15:14:35,2026-03-18 15:14:54
7,Blocked,2026-03-18 15:14:32,2026-03-18 15:14:54
2,Running,2026-03-18 15:14:19,2026-03-18 15:15:16
3,Running,2026-03-18 15:13:18,2026-03-18 15:15:23
1,Running,2026-03-18 15:14:19,2026-03-18 15:15:23
3,Blocked,2026-03-18 15:15:23,2026-03-18 15:15:41
2,Blocked,2026-03-18 15:15:16,2026-03-18 15:15:41
1,Blocked,2026-03-18 15:15:23,2026-03-18 15:15:41
3,Running,2026-03-18 15:15:41,2026-03-18 15:16:36
1,Running,2026-03-18 15:15:41,2026-03-18 15:16:38
3,Blocked,2026-03-18 15:16:36,2026-03-18 15:16:44
1,Blocked,2026-03-18 15:16:38,2026-03-18 15:16:52
3,Running,2026-03-18 15:16:44,2026-03-18 15:17:40
3,Blocked,2026-03-18 15:17:40,2026-03-18 15:17:45
1,Running,2026-03-18 15:16:52,2026-03-18 15:17:50
2,Running,2026-03-18 15:15:41,2026-03-18 15:17:52
8,Running,2026-03-18 15:14:54,2026-03-18 15:18:03
7,Running,2026-03-18 15:14:54,2026-03-18 15:18:04
8,Blocked,2026-03-18 15:18:03,2026-03-18 15:18:27
7,Blocked,2026-03-18 15:18:04,2026-03-18 15:18:27
7,Running,2026-03-18 15:18:27,2026-03-18 15:19:24
7,Blocked,2026-03-18 15:19:24,2026-03-18 15:19:27
2,Down,2026-03-18 15:17:52,2026-03-18 15:19:47
1,Blocked,2026-03-18 15:17:50,2026-03-18 15:19:47
8,Running,2026-03-18 15:18:27,2026-03-18 15:20:32
8,Blocked,2026-03-18 15:20:32,2026-03-18 15:20:35
3,Running,2026-03-18 15:17:45,2026-03-18 15:20:53
3,Blocked,2026-03-18 15:20:53,2026-03-18 15:21:13
3,Running,2026-03-18 15:21:13,2026-03-18 15:22:09
3,Blocked,2026-03-18 15:22:09,2026-03-18 15:22:11
8,Running,2026-03-18 15:20:35,2026-03-18 15:22:31
8,Blocked,2026-03-18 15:22:31,2026-03-18 15:22:31
3,Running,2026-03-18 15:22:11,2026-03-18 15:23:09
3,Blocked,2026-03-18 15:23:09,2026-03-18 15:23:11
8,Running,2026-03-18 15:22:31,2026-03-18 15:23:33
8,Blocked,2026-03-18 15:23:33,2026-03-18 15:23:51
3,Running,2026-03-18 15:23:11,2026-03-18 15:24:11
3,Blocked,2026-03-18 15:24:11,2026-03-18 15:24:39
7,Running,2026-03-18 15:19:27,2026-03-18 15:24:52
7,Blocked,2026-03-18 15:24:52,2026-03-18 15:24:53
3,Running,2026-03-18 15:24:39,2026-03-18 15:25:39
3,Blocked,2026-03-18 15:25:39,2026-03-18 15:25:53
3,Running,2026-03-18 15:25:53,2026-03-18 15:26:41
3,Blocked,2026-03-18 15:26:41,2026-03-18 15:26:56
7,Running,2026-03-18 15:24:53,2026-03-18 15:26:57
7,Blocked,2026-03-18 15:26:57,2026-03-18 15:27:00
3,Running,2026-03-18 15:26:56,2026-03-18 15:28:02
3,Blocked,2026-03-18 15:28:02,2026-03-18 15:28:20
7,Running,2026-03-18 15:27:00,2026-03-18 15:29:03
3,Running,2026-03-18 15:28:20,2026-03-18 15:29:25
3,Blocked,2026-03-18 15:29:25,2026-03-18 15:29:41
8,Running,2026-03-18 15:23:51,2026-03-18 15:29:50
8,Blocked,2026-03-18 15:29:50,2026-03-18 15:29:59
2,Running,2026-03-18 15:19:47,2026-03-18 15:30:37
3,Running,2026-03-18 15:29:41,2026-03-18 15:30:42
3,Blocked,2026-03-18 15:30:42,2026-03-18 15:30:44
2,Blocked,2026-03-18 15:30:37,2026-03-18 15:30:44
8,Running,2026-03-18 15:29:59,2026-03-18 15:30:55
8,Blocked,2026-03-18 15:30:55,2026-03-18 15:31:19
3,Running,2026-03-18 15:30:44,2026-03-18 15:31:41
3,Blocked,2026-03-18 15:31:41,2026-03-18 15:31:46
8,Running,2026-03-18 15:31:19,2026-03-18 15:32:08
8,Blocked,2026-03-18 15:32:08,2026-03-18 15:32:09
2,Running,2026-03-18 15:30:44,2026-03-18 15:32:46
3,Running,2026-03-18 15:31:46,2026-03-18 15:32:48
3,Blocked,2026-03-18 15:32:48,2026-03-18 15:32:49
2,Blocked,2026-03-18 15:32:46,2026-03-18 15:32:49
9,Running,2026-03-18 15:13:25,2026-03-18 15:33:05
8,Running,2026-03-18 15:32:09,2026-03-18 15:33:06
2,Running,2026-03-18 15:32:49,2026-03-18 15:33:44
3,Running,2026-03-18 15:32:49,2026-03-18 15:33:50
3,Blocked,2026-03-18 15:33:50,2026-03-18 15:33:56
2,Blocked,2026-03-18 15:33:44,2026-03-18 15:33:56
1,Running,2026-03-18 15:19:47,2026-03-18 15:34:52
3,Running,2026-03-18 15:33:56,2026-03-18 15:34:57
3,Blocked,2026-03-18 15:34:57,2026-03-18 15:35:02
1,Blocked,2026-03-18 15:34:52,2026-03-18 15:35:04
10,Running,2026-03-18 15:09:05,2026-03-18 15:35:46
3,Running,2026-03-18 15:35:02,2026-03-18 15:36:02
3,Blocked,2026-03-18 15:36:02,2026-03-18 15:36:05
1,Running,2026-03-18 15:35:04,2026-03-18 15:36:05
1,Blocked,2026-03-18 15:36:05,2026-03-18 15:36:08
3,Running,2026-03-18 15:36:05,2026-03-18 15:37:03
2,Running,2026-03-18 15:33:56,2026-03-18 15:37:04
3,Blocked,2026-03-18 15:37:03,2026-03-18 15:37:05
2,Blocked,2026-03-18 15:37:04,2026-03-18 15:37:05
2,Running,2026-03-18 15:37:05,2026-03-18 15:37:59
3,Running,2026-03-18 15:37:05,2026-03-18 15:38:01
3,Blocked,2026-03-18 15:38:01,2026-03-18 15:38:11
2,Blocked,2026-03-18 15:37:59,2026-03-18 15:38:11
2,Running,2026-03-18 15:38:11,2026-03-18 15:39:08
3,Running,2026-03-18 15:38:11,2026-03-18 15:39:11
3,Blocked,2026-03-18 15:39:11,2026-03-18 15:39:13
2,Blocked,2026-03-18 15:39:08,2026-03-18 15:39:13
3,Running,2026-03-18 15:39:13,2026-03-18 15:40:10
1,Running,2026-03-18 15:36:08,2026-03-18 15:40:14
2,Running,2026-03-18 15:39:13,2026-03-18 15:40:14
3,Blocked,2026-03-18 15:40:10,2026-03-18 15:40:25
2,Blocked,2026-03-18 15:40:14,2026-03-18 15:40:25
1,Blocked,2026-03-18 15:40:14,2026-03-18 15:40:25
9,Down,2026-03-18 15:33:05,2026-03-18 15:40:48
8,Blocked,2026-03-18 15:33:06,2026-03-18 15:40:48
8,Down,2026-03-18 15:40:48,2026-03-18 15:41:07
3,Running,2026-03-18 15:40:25,2026-03-18 15:41:16
2,Running,2026-03-18 15:40:25,2026-03-18 15:41:17
3,Blocked,2026-03-18 15:41:16,2026-03-18 15:41:34
2,Blocked,2026-03-18 15:41:17,2026-03-18 15:41:34
10,Starved,2026-03-18 15:35:46,2026-03-18 15:41:48
8,Running,2026-03-18 15:41:07,2026-03-18 15:42:08
1,Running,2026-03-18 15:40:25,2026-03-18 15:42:33
1,Blocked,2026-03-18 15:42:33,2026-03-18 15:42:38
7,Down,2026-03-18 15:29:03,2026-03-18 15:43:08
1,Running,2026-03-18 15:42:38,2026-03-18 15:43:33
1,Blocked,2026-03-18 15:43:33,2026-03-18 15:43:46
8,Starved,2026-03-18 15:42:08,2026-03-18 15:44:05
2,Running,2026-03-18 15:41:34,2026-03-18 15:44:40
2,Blocked,2026-03-18 15:44:40,2026-03-18 15:44:43
8,Running,2026-03-18 15:44:05,2026-03-18 15:46:01
8,Starved,2026-03-18 15:46:01,2026-03-18 15:46:12
2,Running,2026-03-18 15:44:43,2026-03-18 15:46:32
2,Blocked,2026-03-18 15:46:32,2026-03-18 15:46:40
8,Running,2026-03-18 15:46:12,2026-03-18 15:47:07
8,Starved,2026-03-18 15:47:07,2026-03-18 15:47:30
1,Running,2026-03-18 15:43:46,2026-03-18 15:47:34
3,Running,2026-03-18 15:41:34,2026-03-18 15:47:35
2,Running,2026-03-18 15:46:40,2026-03-18 15:47:36
3,Blocked,2026-03-18 15:47:35,2026-03-18 15:47:42
2,Blocked,2026-03-18 15:47:36,2026-03-18 15:47:42
1,Blocked,2026-03-18 15:47:34,2026-03-18 15:47:42
8,Running,2026-03-18 15:47:30,2026-03-18 15:48:24
8,Starved,2026-03-18 15:48:24,2026-03-18 15:48:37
2,Running,2026-03-18 15:47:42,2026-03-18 15:48:39
1,Running,2026-03-18 15:47:42,2026-03-18 15:48:41
3,Running,2026-03-18 15:47:42,2026-03-18 15:48:42
3,Blocked,2026-03-18 15:48:42,2026-03-18 15:48:43
2,Blocked,2026-03-18 15:48:39,2026-03-18 15:48:43
1,Blocked,2026-03-18 15:48:41,2026-03-18 15:48:43
1,Running,2026-03-18 15:48:43,2026-03-18 15:49:34
8,Running,2026-03-18 15:48:37,2026-03-18 15:49:36
8,Starved,2026-03-18 15:49:36,2026-03-18 15:49:43
2,Running,2026-03-18 15:48:43,2026-03-18 15:49:47
2,Blocked,2026-03-18 15:49:47,2026-03-18 15:49:47
1,Blocked,2026-03-18 15:49:34,2026-03-18 15:49:47
10,Running,2026-03-18 15:41:48,2026-03-18 15:49:55
10,Starved,2026-03-18 15:49:55,2026-03-18 15:49:57
8,Running,2026-03-18 15:49:43,2026-03-18 15:50:38
3,Running,2026-03-18 15:48:43,2026-03-18 15:50:41
3,Blocked,2026-03-18 15:50:41,2026-03-18 15:50:45
10,Running,2026-03-18 15:49:57,2026-03-18 15:50:48
8,Starved,2026-03-18 15:50:38,2026-03-18 15:51:00
10,Starved,2026-03-18 15:50:48,2026-03-18 15:51:18
10,Running,2026-03-18 15:51:18,2026-03-18 15:52:21
10,Starved,2026-03-18 15:52:21,2026-03-18 15:52:22
3,Running,2026-03-18 15:50:45,2026-03-18 15:52:45
3,Blocked,2026-03-18 15:52:45,2026-03-18 15:52:48
8,Running,2026-03-18 15:51:00,2026-03-18 15:53:02
8,Starved,2026-03-18 15:53:02,2026-03-18 15:53:11
1,Running,2026-03-18 15:49:47,2026-03-18 15:53:41
2,Running,2026-03-18 15:49:47,2026-03-18 15:53:45
3,Running,2026-03-18 15:52:48,2026-03-18 15:53:46
3,Blocked,2026-03-18 15:53:46,2026-03-18 15:53:50
2,Blocked,2026-03-18 15:53:45,2026-03-18 15:53:50
1,Blocked,2026-03-18 15:53:41,2026-03-18 15:53:50
2,Running,2026-03-18 15:53:50,2026-03-18 15:54:51
2,Blocked,2026-03-18 15:54:51,2026-03-18 15:54:53
8,Running,2026-03-18 15:53:11,2026-03-18 15:55:11
8,Starved,2026-03-18 15:55:11,2026-03-18 15:55:15
5,Running,2026-03-18 15:03:15,2026-03-18 15:55:18
3,Running,2026-03-18 15:53:50,2026-03-18 15:55:48
1,Running,2026-03-18 15:53:50,2026-03-18 15:55:52
2,Running,2026-03-18 15:54:53,2026-03-18 15:55:53
5,Down,2026-03-18 15:55:18,2026-03-18 15:55:54
3,Blocked,2026-03-18 15:55:48,2026-03-18 15:56:12
2,Blocked,2026-03-18 15:55:53,2026-03-18 15:56:12
1,Blocked,2026-03-18 15:55:52,2026-03-18 15:56:12
8,Running,2026-03-18 15:55:15,2026-03-18 15:56:18
10,Running,2026-03-18 15:52:22,2026-03-18 15:56:23
10,Starved,2026-03-18 15:56:23,2026-03-18 15:56:45
8,Starved,2026-03-18 15:56:18,2026-03-18 15:56:46
1,Running,2026-03-18 15:56:12,2026-03-18 15:57:08
3,Running,2026-03-18 15:56:12,2026-03-18 15:57:11
3,Blocked,2026-03-18 15:57:11,2026-03-18 15:57:13
1,Blocked,2026-03-18 15:57:08,2026-03-18 15:57:16
1,Running,2026-03-18 15:57:16,2026-03-18 15:58:08
12,Running,2026-03-18 15:10:03,2026-03-18 15:58:25
1,Blocked,2026-03-18 15:58:08,2026-03-18 15:58:28
1,Running,2026-03-18 15:58:28,2026-03-18 15:59:25
1,Blocked,2026-03-18 15:59:25,2026-03-18 15:59:31
11,Running,2026-03-18 15:09:05,2026-03-18 15:59:50
10,Running,2026-03-18 15:56:45,2026-03-18 15:59:53
10,Starved,2026-03-18 15:59:53,2026-03-18 16:00:13
1,Running,2026-03-18 15:59:31,2026-03-18 16:00:26
1,Blocked,2026-03-18 16:00:26,2026-03-18 16:00:29
3,Running,2026-03-18 15:57:13,2026-03-18 16:01:08
10,Running,2026-03-18 16:00:13,2026-03-18 16:01:09
10,Starved,2026-03-18 16:01:09,2026-03-18 16:01:25
3,Blocked,2026-03-18 16:01:08,2026-03-18 16:01:28
1,Running,2026-03-18 16:00:29,2026-03-18 16:01:30
1,Blocked,2026-03-18 16:01:30,2026-03-18 16:01:39
8,Running,2026-03-18 15:56:46,2026-03-18 16:01:57
8,Starved,2026-03-18 16:01:57,2026-03-18 16:01:58
12,Down,2026-03-18 15:58:25,2026-03-18 16:02:24
11,Blocked,2026-03-18 15:59:50,2026-03-18 16:02:24
1,Running,2026-03-18 16:01:39,2026-03-18 16:02:32
1,Blocked,2026-03-18 16:02:32,2026-03-18 16:02:41
3,Running,2026-03-18 16:01:28,2026-03-18 16:04:33
3,Blocked,2026-03-18 16:04:33,2026-03-18 16:04:35
1,Running,2026-03-18 16:02:41,2026-03-18 16:04:42
1,Blocked,2026-03-18 16:04:42,2026-03-18 16:04:42
8,Running,2026-03-18 16:01:58,2026-03-18 16:05:13
8,Starved,2026-03-18 16:05:13,2026-03-18 16:05:23
1,Running,2026-03-18 16:04:42,2026-03-18 16:05:38
1,Blocked,2026-03-18 16:05:38,2026-03-18 16:05:49
7,Running,2026-03-18 15:43:08,2026-03-18 16:07:20
10,Running,2026-03-18 16:01:25,2026-03-18 16:07:27
10,Starved,2026-03-18 16:07:27,2026-03-18 16:07:33
3,Running,2026-03-18 16:04:35,2026-03-18 16:08:19
3,Blocked,2026-03-18 16:08:19,2026-03-18 16:08:28
8,Running,2026-03-18 16:05:23,2026-03-18 16:08:30
10,Running,2026-03-18 16:07:33,2026-03-18 16:08:39
1,Running,2026-03-18 16:05:49,2026-03-18 16:08:53
1,Blocked,2026-03-18 16:08:53,2026-03-18 16:08:57
10,Starved,2026-03-18 16:08:39,2026-03-18 16:09:00
3,Running,2026-03-18 16:08:28,2026-03-18 16:09:28
3,Blocked,2026-03-18 16:09:28,2026-03-18 16:09:36
1,Running,2026-03-18 16:08:57,2026-03-18 16:09:52
10,Running,2026-03-18 16:09:00,2026-03-18 16:09:55
10,Starved,2026-03-18 16:09:55,2026-03-18 16:09:57
1,Blocked,2026-03-18 16:09:52,2026-03-18 16:09:58
10,Running,2026-03-18 16:09:57,2026-03-18 16:10:49
9,Running,2026-03-18 15:40:48,2026-03-18 16:11:00
10,Starved,2026-03-18 16:10:49,2026-03-18 16:11:00
1,Running,2026-03-18 16:09:58,2026-03-18 16:11:49
1,Blocked,2026-03-18 16:11:49,2026-03-18 16:11:54
10,Running,2026-03-18 16:11:00,2026-03-18 16:11:59
1,Down,2026-03-18 16:11:54,2026-03-18 16:12:16
7,Down,2026-03-18 16:07:20,2026-03-18 16:12:22
3,Running,2026-03-18 16:09:36,2026-03-18 16:12:34
2,Running,2026-03-18 15:56:12,2026-03-18 16:12:53
3,Blocked,2026-03-18 16:12:34,2026-03-18 16:12:55
2,Blocked,2026-03-18 16:12:53,2026-03-18 16:12:55
8,Starved,2026-03-18 16:08:30,2026-03-18 16:13:28
11,Running,2026-03-18 16:02:24,2026-03-18 16:13:28
3,Running,2026-03-18 16:12:55,2026-03-18 16:13:55
2,Running,2026-03-18 16:12:55,2026-03-18 16:13:59
3,Blocked,2026-03-18 16:13:55,2026-03-18 16:14:01
2,Blocked,2026-03-18 16:13:59,2026-03-18 16:14:01
9,Starved,2026-03-18 16:11:00,2026-03-18 16:14:37
11,Down,2026-03-18 16:13:28,2026-03-18 16:14:53
2,Running,2026-03-18 16:14:01,2026-03-18 16:14:56
3,Running,2026-03-18 16:14:01,2026-03-18 16:15:01
3,Blocked,2026-03-18 16:15:01,2026-03-18 16:15:12
2,Blocked,2026-03-18 16:14:56,2026-03-18 16:15:12
9,Running,2026-03-18 16:14:37,2026-03-18 16:15:38
10,Starved,2026-03-18 16:11:59,2026-03-18 16:15:38
8,Running,2026-03-18 16:13:28,2026-03-18 16:15:42
8,Starved,2026-03-18 16:15:42,2026-03-18 16:15:54
2,Running,2026-03-18 16:15:12,2026-03-18 16:16:12
2,Blocked,2026-03-18 16:16:12,2026-03-18 16:16:19
10,Running,2026-03-18 16:15:38,2026-03-18 16:16:32
2,Running,2026-03-18 16:16:19,2026-03-18 16:17:10
1,Running,2026-03-18 16:12:16,2026-03-18 16:17:17
2,Blocked,2026-03-18 16:17:10,2026-03-18 16:17:28
1,Blocked,2026-03-18 16:17:17,2026-03-18 16:17:28
8,Running,2026-03-18 16:15:54,2026-03-18 16:17:57
8,Starved,2026-03-18 16:17:57,2026-03-18 16:18:11
2,Running,2026-03-18 16:17:28,2026-03-18 16:18:25
2,Blocked,2026-03-18 16:18:25,2026-03-18 16:18:25
8,Running,2026-03-18 16:18:11,2026-03-18 16:19:16
8,Starved,2026-03-18 16:19:16,2026-03-18 16:19:23
2,Running,2026-03-18 16:18:25,2026-03-18 16:19:26
2,Blocked,2026-03-18 16:19:26,2026-03-18 16:19:33
8,Running,2026-03-18 16:19:23,2026-03-18 16:20:21
3,Running,2026-03-18 16:15:12,2026-03-18 16:20:26
3,Blocked,2026-03-18 16:20:26,2026-03-18 16:20:32
5,Running,2026-03-18 15:55:54,2026-03-18 16:21:00
9,Down,2026-03-18 16:15:38,2026-03-18 16:21:17
8,Blocked,2026-03-18 16:20:21,2026-03-18 16:21:17
1,Running,2026-03-18 16:17:28,2026-03-18 16:21:29
2,Running,2026-03-18 16:19:33,2026-03-18 16:21:39
3,Running,2026-03-18 16:20:32,2026-03-18 16:21:42
11,Running,2026-03-18 16:14:53,2026-03-18 16:21:42
3,Blocked,2026-03-18 16:21:42,2026-03-18 16:22:02
2,Blocked,2026-03-18 16:21:39,2026-03-18 16:22:02
1,Blocked,2026-03-18 16:21:29,2026-03-18 16:22:02
8,Running,2026-03-18 16:21:17,2026-03-18 16:22:11
10,Starved,2026-03-18 16:16:32,2026-03-18 16:22:11
8,Blocked,2026-03-18 16:22:11,2026-03-18 16:22:11
3,Running,2026-03-18 16:22:02,2026-03-18 16:22:56
2,Running,2026-03-18 16:22:02,2026-03-18 16:22:56
1,Running,2026-03-18 16:22:02,2026-03-18 16:23:04
10,Running,2026-03-18 16:22:11,2026-03-18 16:23:11
11,Starved,2026-03-18 16:21:42,2026-03-18 16:23:11
12,Running,2026-03-18 16:02:24,2026-03-18 16:23:13
8,Running,2026-03-18 16:22:11,2026-03-18 16:23:17
10,Starved,2026-03-18 16:23:11,2026-03-18 16:23:25
8,Blocked,2026-03-18 16:23:17,2026-03-18 16:23:25
3,Blocked,2026-03-18 16:22:56,2026-03-18 16:23:29
2,Blocked,2026-03-18 16:22:56,2026-03-18 16:23:29
1,Blocked,2026-03-18 16:23:04,2026-03-18 16:23:29
6,Running,2026-03-18 15:00:06,2026-03-18 16:23:43
11,Running,2026-03-18 16:23:11,2026-03-18 16:24:07
12,Starved,2026-03-18 16:23:13,2026-03-18 16:24:07
1,Running,2026-03-18 16:23:29,2026-03-18 16:24:20
3,Running,2026-03-18 16:23:29,2026-03-18 16:24:21
8,Running,2026-03-18 16:23:25,2026-03-18 16:24:23
10,Running,2026-03-18 16:23:25,2026-03-18 16:24:24
11,Starved,2026-03-18 16:24:07,2026-03-18 16:24:24
10,Starved,2026-03-18 16:24:24,2026-03-18 16:24:30
8,Blocked,2026-03-18 16:24:23,2026-03-18 16:24:30
2,Running,2026-03-18 16:23:29,2026-03-18 16:24:30
3,Blocked,2026-03-18 16:24:21,2026-03-18 16:25:01
2,Blocked,2026-03-18 16:24:30,2026-03-18 16:25:01
1,Blocked,2026-03-18 16:24:20,2026-03-18 16:25:01
12,Running,2026-03-18 16:24:07,2026-03-18 16:25:16
10,Running,2026-03-18 16:24:30,2026-03-18 16:25:25
8,Running,2026-03-18 16:24:30,2026-03-18 16:25:29
12,Starved,2026-03-18 16:25:16,2026-03-18 16:25:32
10,Starved,2026-03-18 16:25:25,2026-03-18 16:25:48
8,Blocked,2026-03-18 16:25:29,2026-03-18 16:25:48
2,Running,2026-03-18 16:25:01,2026-03-18 16:25:59
3,Running,2026-03-18 16:25:01,2026-03-18 16:26:01
1,Running,2026-03-18 16:25:01,2026-03-18 16:26:02
12,Running,2026-03-18 16:25:32,2026-03-18 16:26:21
3,Blocked,2026-03-18 16:26:01,2026-03-18 16:26:31
2,Blocked,2026-03-18 16:25:59,2026-03-18 16:26:31
1,Blocked,2026-03-18 16:26:02,2026-03-18 16:26:31
11,Running,2026-03-18 16:24:24,2026-03-18 16:26:32
12,Starved,2026-03-18 16:26:21,2026-03-18 16:26:32
11,Starved,2026-03-18 16:26:32,2026-03-18 16:26:52
3,Running,2026-03-18 16:26:31,2026-03-18 16:27:24
12,Running,2026-03-18 16:26:32,2026-03-18 16:27:29
2,Running,2026-03-18 16:26:31,2026-03-18 16:27:35
1,Running,2026-03-18 16:26:31,2026-03-18 16:27:37
3,Blocked,2026-03-18 16:27:24,2026-03-18 16:27:38
2,Blocked,2026-03-18 16:27:35,2026-03-18 16:27:38
1,Blocked,2026-03-18 16:27:37,2026-03-18 16:27:38
8,Running,2026-03-18 16:25:48,2026-03-18 16:27:39
8,Blocked,2026-03-18 16:27:39,2026-03-18 16:27:42
12,Starved,2026-03-18 16:27:29,2026-03-18 16:27:53
1,Running,2026-03-18 16:27:38,2026-03-18 16:28:30
2,Running,2026-03-18 16:27:38,2026-03-18 16:28:32
8,Running,2026-03-18 16:27:42,2026-03-18 16:28:38
3,Running,2026-03-18 16:27:38,2026-03-18 16:28:40
11,Running,2026-03-18 16:26:52,2026-03-18 16:28:45
8,Blocked,2026-03-18 16:28:38,2026-03-18 16:28:46
11,Starved,2026-03-18 16:28:45,2026-03-18 16:28:48
4,Running,2026-03-18 13:06:43,2026-03-18 16:28:48
10,Running,2026-03-18 16:25:48,2026-03-18 16:29:43
8,Running,2026-03-18 16:28:46,2026-03-18 16:29:46
10,Starved,2026-03-18 16:29:43,2026-03-18 16:29:52
8,Blocked,2026-03-18 16:29:46,2026-03-18 16:29:52
11,Running,2026-03-18 16:28:48,2026-03-18 16:30:40
10,Running,2026-03-18 16:29:52,2026-03-18 16:30:54
11,Starved,2026-03-18 16:30:40,2026-03-18 16:30:54
8,Running,2026-03-18 16:29:52,2026-03-18 16:30:54
10,Starved,2026-03-18 16:30:54,2026-03-18 16:30:55
8,Blocked,2026-03-18 16:30:54,2026-03-18 16:30:55
11,Running,2026-03-18 16:30:54,2026-03-18 16:31:49
11,Starved,2026-03-18 16:31:49,2026-03-18 16:31:55
10,Running,2026-03-18 16:30:55,2026-03-18 16:32:51
8,Running,2026-03-18 16:30:55,2026-03-18 16:33:00
10,Starved,2026-03-18 16:32:51,2026-03-18 16:33:15
8,Blocked,2026-03-18 16:33:00,2026-03-18 16:33:15
11,Running,2026-03-18 16:31:55,2026-03-18 16:34:03
10,Running,2026-03-18 16:33:15,2026-03-18 16:34:08
11,Starved,2026-03-18 16:34:03,2026-03-18 16:34:08
8,Running,2026-03-18 16:33:15,2026-03-18 16:34:16
10,Starved,2026-03-18 16:34:08,2026-03-18 16:34:29
8,Blocked,2026-03-18 16:34:16,2026-03-18 16:34:29
11,Running,2026-03-18 16:34:08,2026-03-18 16:35:08
8,Running,2026-03-18 16:34:29,2026-03-18 16:35:31
8,Blocked,2026-03-18 16:35:31,2026-03-18 16:35:32
11,Starved,2026-03-18 16:35:08,2026-03-18 16:35:33
12,Running,2026-03-18 16:27:53,2026-03-18 16:36:06
8,Running,2026-03-18 16:35:32,2026-03-18 16:36:25
11,Running,2026-03-18 16:35:33,2026-03-18 16:36:26
12,Starved,2026-03-18 16:36:06,2026-03-18 16:36:26
10,Running,2026-03-18 16:34:29,2026-03-18 16:36:34
11,Starved,2026-03-18 16:36:26,2026-03-18 16:36:34
10,Starved,2026-03-18 16:36:34,2026-03-18 16:36:37
8,Blocked,2026-03-18 16:36:25,2026-03-18 16:36:37
5,Down,2026-03-18 16:21:00,2026-03-18 16:36:42
4,Blocked,2026-03-18 16:28:48,2026-03-18 16:36:42
3,Blocked,2026-03-18 16:28:40,2026-03-18 16:36:42
2,Blocked,2026-03-18 16:28:32,2026-03-18 16:36:42
1,Blocked,2026-03-18 16:28:30,2026-03-18 16:36:42
12,Running,2026-03-18 16:36:26,2026-03-18 16:37:18
3,Running,2026-03-18 16:36:42,2026-03-18 16:37:36
6,Starved,2026-03-18 16:23:43,2026-03-18 16:37:37
2,Running,2026-03-18 16:36:42,2026-03-18 16:37:38
10,Running,2026-03-18 16:36:37,2026-03-18 16:37:41
12,Starved,2026-03-18 16:37:18,2026-03-18 16:37:41
3,Blocked,2026-03-18 16:37:36,2026-03-18 16:37:43
2,Blocked,2026-03-18 16:37:38,2026-03-18 16:37:43
10,Starved,2026-03-18 16:37:41,2026-03-18 16:37:44
11,Running,2026-03-18 16:36:34,2026-03-18 16:38:31
1,Running,2026-03-18 16:36:42,2026-03-18 16:38:38
2,Running,2026-03-18 16:37:43,2026-03-18 16:38:38
3,Running,2026-03-18 16:37:43,2026-03-18 16:38:38
8,Running,2026-03-18 16:36:37,2026-03-18 16:38:43
8,Blocked,2026-03-18 16:38:43,2026-03-18 16:38:54
11,Starved,2026-03-18 16:38:31,2026-03-18 16:38:57
3,Blocked,2026-03-18 16:38:38,2026-03-18 16:39:11
2,Blocked,2026-03-18 16:38:38,2026-03-18 16:39:11
1,Blocked,2026-03-18 16:38:38,2026-03-18 16:39:11
8,Running,2026-03-18 16:38:54,2026-03-18 16:39:50
11,Running,2026-03-18 16:38:57,2026-03-18 16:39:52
10,Running,2026-03-18 16:37:44,2026-03-18 16:39:55
11,Starved,2026-03-18 16:39:52,2026-03-18 16:39:55
1,Running,2026-03-18 16:39:11,2026-03-18 16:40:04
2,Running,2026-03-18 16:39:11,2026-03-18 16:40:08
3,Running,2026-03-18 16:39:11,2026-03-18 16:40:12
3,Blocked,2026-03-18 16:40:12,2026-03-18 16:40:17
2,Blocked,2026-03-18 16:40:08,2026-03-18 16:40:17
1,Blocked,2026-03-18 16:40:04,2026-03-18 16:40:17
10,Starved,2026-03-18 16:39:55,2026-03-18 16:40:32
8,Blocked,2026-03-18 16:39:50,2026-03-18 16:40:32
11,Running,2026-03-18 16:39:55,2026-03-18 16:40:48
1,Running,2026-03-18 16:40:17,2026-03-18 16:41:09
3,Running,2026-03-18 16:40:17,2026-03-18 16:41:18
6,Running,2026-03-18 16:37:37,2026-03-18 16:41:21
3,Blocked,2026-03-18 16:41:18,2026-03-18 16:41:23
10,Running,2026-03-18 16:40:32,2026-03-18 16:41:25
11,Starved,2026-03-18 16:40:48,2026-03-18 16:41:25
6,Starved,2026-03-18 16:41:21,2026-03-18 16:41:26
1,Blocked,2026-03-18 16:41:09,2026-03-18 16:41:30
10,Starved,2026-03-18 16:41:25,2026-03-18 16:41:40
12,Running,2026-03-18 16:37:41,2026-03-18 16:42:06
11,Running,2026-03-18 16:41:25,2026-03-18 16:42:25
12,Starved,2026-03-18 16:42:06,2026-03-18 16:42:25
3,Running,2026-03-18 16:41:23,2026-03-18 16:42:28
2,Running,2026-03-18 16:40:17,2026-03-18 16:42:33
1,Running,2026-03-18 16:41:30,2026-03-18 16:42:33
10,Running,2026-03-18 16:41:40,2026-03-18 16:42:35
11,Starved,2026-03-18 16:42:25,2026-03-18 16:42:35
8,Running,2026-03-18 16:40:32,2026-03-18 16:42:37
3,Blocked,2026-03-18 16:42:28,2026-03-18 16:42:38
2,Blocked,2026-03-18 16:42:33,2026-03-18 16:42:38
1,Blocked,2026-03-18 16:42:33,2026-03-18 16:42:38
10,Starved,2026-03-18 16:42:35,2026-03-18 16:42:58
8,Blocked,2026-03-18 16:42:37,2026-03-18 16:42:58
12,Running,2026-03-18 16:42:25,2026-03-18 16:43:23
6,Running,2026-03-18 16:41:26,2026-03-18 16:43:25
6,Starved,2026-03-18 16:43:25,2026-03-18 16:43:25
1,Running,2026-03-18 16:42:38,2026-03-18 16:43:35
3,Running,2026-03-18 16:42:38,2026-03-18 16:43:37
11,Running,2026-03-18 16:42:35,2026-03-18 16:43:43
2,Running,2026-03-18 16:42:38,2026-03-18 16:43:49
10,Running,2026-03-18 16:42:58,2026-03-18 16:43:54
11,Starved,2026-03-18 16:43:43,2026-03-18 16:43:54
8,Running,2026-03-18 16:42:58,2026-03-18 16:43:58
10,Starved,2026-03-18 16:43:54,2026-03-18 16:44:06
8,Blocked,2026-03-18 16:43:58,2026-03-18 16:44:06
3,Blocked,2026-03-18 16:43:37,2026-03-18 16:44:13
2,Blocked,2026-03-18 16:43:49,2026-03-18 16:44:13
1,Blocked,2026-03-18 16:43:35,2026-03-18 16:44:13
6,Running,2026-03-18 16:43:25,2026-03-18 16:44:24
6,Starved,2026-03-18 16:44:24,2026-03-18 16:44:28
11,Running,2026-03-18 16:43:54,2026-03-18 16:44:57
10,Running,2026-03-18 16:44:06,2026-03-18 16:44:58
11,Starved,2026-03-18 16:44:57,2026-03-18 16:44:58
10,Starved,2026-03-18 16:44:58,2026-03-18 16:45:02
1,Running,2026-03-18 16:44:13,2026-03-18 16:45:05
2,Running,2026-03-18 16:44:13,2026-03-18 16:45:16
3,Running,2026-03-18 16:44:13,2026-03-18 16:45:17
3,Blocked,2026-03-18 16:45:17,2026-03-18 16:45:24
2,Blocked,2026-03-18 16:45:16,2026-03-18 16:45:24
1,Blocked,2026-03-18 16:45:05,2026-03-18 16:45:24
8,Running,2026-03-18 16:44:06,2026-03-18 16:45:59
10,Running,2026-03-18 16:45:02,2026-03-18 16:46:01
11,Running,2026-03-18 16:44:58,2026-03-18 16:46:02
10,Starved,2026-03-18 16:46:01,2026-03-18 16:46:20
8,Blocked,2026-03-18 16:45:59,2026-03-18 16:46:20
3,Running,2026-03-18 16:45:24,2026-03-18 16:46:20
1,Running,2026-03-18 16:45:24,2026-03-18 16:46:24
2,Running,2026-03-18 16:45:24,2026-03-18 16:46:26
3,Blocked,2026-03-18 16:46:20,2026-03-18 16:46:32
2,Blocked,2026-03-18 16:46:26,2026-03-18 16:46:32
1,Blocked,2026-03-18 16:46:24,2026-03-18 16:46:32
10,Running,2026-03-18 16:46:20,2026-03-18 16:47:11
8,Running,2026-03-18 16:46:20,2026-03-18 16:47:20
10,Starved,2026-03-18 16:47:11,2026-03-18 16:47:23
8,Blocked,2026-03-18 16:47:20,2026-03-18 16:47:23
1,Running,2026-03-18 16:46:32,2026-03-18 16:47:24
2,Running,2026-03-18 16:46:32,2026-03-18 16:47:30
2,Blocked,2026-03-18 16:47:30,2026-03-18 16:47:44
1,Blocked,2026-03-18 16:47:24,2026-03-18 16:47:44
1,Running,2026-03-18 16:47:44,2026-03-18 16:48:41
2,Running,2026-03-18 16:47:44,2026-03-18 16:48:45
2,Blocked,2026-03-18 16:48:45,2026-03-18 16:48:46
1,Blocked,2026-03-18 16:48:41,2026-03-18 16:48:46
10,Running,2026-03-18 16:47:23,2026-03-18 16:49:14
10,Starved,2026-03-18 16:49:14,2026-03-18 16:49:15
1,Running,2026-03-18 16:48:46,2026-03-18 16:49:45
1,Blocked,2026-03-18 16:49:45,2026-03-18 16:49:47
1,Running,2026-03-18 16:49:47,2026-03-18 16:50:47
1,Blocked,2026-03-18 16:50:47,2026-03-18 16:50:54
1,Running,2026-03-18 16:50:54,2026-03-18 16:51:57
1,Blocked,2026-03-18 16:51:57,2026-03-18 16:52:01
12,Down,2026-03-18 16:43:23,2026-03-18 16:52:42
11,Blocked,2026-03-18 16:46:02,2026-03-18 16:52:42
3,Running,2026-03-18 16:46:32,2026-03-18 16:52:46
2,Running,2026-03-18 16:48:46,2026-03-18 16:52:59
1,Running,2026-03-18 16:52:01,2026-03-18 16:53:02
10,Running,2026-03-18 16:49:15,2026-03-18 16:53:07
10,Starved,2026-03-18 16:53:07,2026-03-18 16:53:30
3,Blocked,2026-03-18 16:52:46,2026-03-18 16:53:30
2,Blocked,2026-03-18 16:52:59,2026-03-18 16:53:30
1,Blocked,2026-03-18 16:53:02,2026-03-18 16:53:30
10,Running,2026-03-18 16:53:30,2026-03-18 16:54:18
1,Running,2026-03-18 16:53:30,2026-03-18 16:54:24
10,Starved,2026-03-18 16:54:18,2026-03-18 16:54:26
3,Running,2026-03-18 16:53:30,2026-03-18 16:54:33
2,Running,2026-03-18 16:53:30,2026-03-18 16:54:35
11,Running,2026-03-18 16:52:42,2026-03-18 16:54:36
3,Blocked,2026-03-18 16:54:33,2026-03-18 16:54:39
2,Blocked,2026-03-18 16:54:35,2026-03-18 16:54:39
1,Blocked,2026-03-18 16:54:24,2026-03-18 16:54:39
11,Blocked,2026-03-18 16:54:36,2026-03-18 16:54:40
3,Running,2026-03-18 16:54:39,2026-03-18 16:55:37
2,Running,2026-03-18 16:54:39,2026-03-18 16:55:38
11,Running,2026-03-18 16:54:40,2026-03-18 16:55:39
1,Running,2026-03-18 16:54:39,2026-03-18 16:55:42
11,Blocked,2026-03-18 16:55:39,2026-03-18 16:55:43
3,Blocked,2026-03-18 16:55:37,2026-03-18 16:56:03
2,Blocked,2026-03-18 16:55:38,2026-03-18 16:56:03
1,Blocked,2026-03-18 16:55:42,2026-03-18 16:56:03
2,Running,2026-03-18 16:56:03,2026-03-18 16:57:00
1,Running,2026-03-18 16:56:03,2026-03-18 16:57:02
2,Blocked,2026-03-18 16:57:00,2026-03-18 16:57:03
1,Blocked,2026-03-18 16:57:02,2026-03-18 16:57:03
10,Running,2026-03-18 16:54:26,2026-03-18 16:57:21
10,Starved,2026-03-18 16:57:21,2026-03-18 16:57:21
2,Running,2026-03-18 16:57:03,2026-03-18 16:58:03
1,Running,2026-03-18 16:57:03,2026-03-18 16:58:03
2,Blocked,2026-03-18 16:58:03,2026-03-18 16:58:05
1,Blocked,2026-03-18 16:58:03,2026-03-18 16:58:05
10,Running,2026-03-18 16:57:21,2026-03-18 16:58:14
10,Starved,2026-03-18 16:58:14,2026-03-18 16:58:36
2,Running,2026-03-18 16:58:05,2026-03-18 16:58:57
3,Running,2026-03-18 16:56:03,2026-03-18 16:59:01
1,Running,2026-03-18 16:58:05,2026-03-18 16:59:10
3,Blocked,2026-03-18 16:59:01,2026-03-18 16:59:23
2,Blocked,2026-03-18 16:58:57,2026-03-18 16:59:23
1,Blocked,2026-03-18 16:59:10,2026-03-18 16:59:23
8,Running,2026-03-18 16:47:23,2026-03-18 16:59:38
8,Starved,2026-03-18 16:59:38,2026-03-18 16:59:43
6,Running,2026-03-18 16:44:28,2026-03-18 17:00:15
6,Starved,2026-03-18 17:00:15,2026-03-18 17:00:18
2,Running,2026-03-18 16:59:23,2026-03-18 17:00:21
3,Running,2026-03-18 16:59:23,2026-03-18 17:00:23
1,Running,2026-03-18 16:59:23,2026-03-18 17:00:23
3,Blocked,2026-03-18 17:00:23,2026-03-18 17:00:27
2,Blocked,2026-03-18 17:00:21,2026-03-18 17:00:27
1,Blocked,2026-03-18 17:00:23,2026-03-18 17:00:27
8,Running,2026-03-18 16:59:43,2026-03-18 17:00:45
8,Starved,2026-03-18 17:00:45,2026-03-18 17:00:47
11,Running,2026-03-18 16:55:43,2026-03-18 17:00:49
11,Blocked,2026-03-18 17:00:49,2026-03-18 17:00:56
6,Running,2026-03-18 17:00:18,2026-03-18 17:01:17
6,Starved,2026-03-18 17:01:17,2026-03-18 17:01:24
1,Running,2026-03-18 17:00:27,2026-03-18 17:01:25
10,Running,2026-03-18 16:58:36,2026-03-18 17:01:27
3,Running,2026-03-18 17:00:27,2026-03-18 17:01:27
2,Running,2026-03-18 17:00:27,2026-03-18 17:01:28
3,Blocked,2026-03-18 17:01:27,2026-03-18 17:01:44
2,Blocked,2026-03-18 17:01:28,2026-03-18 17:01:44
1,Blocked,2026-03-18 17:01:25,2026-03-18 17:01:44
8,Running,2026-03-18 17:00:47,2026-03-18 17:01:45
11,Running,2026-03-18 17:00:56,2026-03-18 17:01:51
11,Blocked,2026-03-18 17:01:51,2026-03-18 17:01:57
10,Starved,2026-03-18 17:01:27,2026-03-18 17:01:58
8,Blocked,2026-03-18 17:01:45,2026-03-18 17:01:58
6,Running,2026-03-18 17:01:24,2026-03-18 17:02:24
6,Starved,2026-03-18 17:02:24,2026-03-18 17:02:30
1,Running,2026-03-18 17:01:44,2026-03-18 17:02:39
2,Running,2026-03-18 17:01:44,2026-03-18 17:02:44
2,Blocked,2026-03-18 17:02:44,2026-03-18 17:02:47
1,Blocked,2026-03-18 17:02:39,2026-03-18 17:02:47
6,Running,2026-03-18 17:02:30,2026-03-18 17:03:31
6,Starved,2026-03-18 17:03:31,2026-03-18 17:03:38
3,Running,2026-03-18 17:01:44,2026-03-18 17:03:41
3,Blocked,2026-03-18 17:03:41,2026-03-18 17:03:42
1,Running,2026-03-18 17:02:47,2026-03-18 17:03:45
1,Blocked,2026-03-18 17:03:45,2026-03-18 17:03:50
6,Running,2026-03-18 17:03:38,2026-03-18 17:04:30
1,Running,2026-03-18 17:03:50,2026-03-18 17:04:44
3,Running,2026-03-18 17:03:42,2026-03-18 17:04:46
6,Starved,2026-03-18 17:04:30,2026-03-18 17:04:47
2,Running,2026-03-18 17:02:47,2026-03-18 17:04:49
3,Blocked,2026-03-18 17:04:46,2026-03-18 17:04:50
2,Blocked,2026-03-18 17:04:49,2026-03-18 17:04:50
1,Blocked,2026-03-18 17:04:44,2026-03-18 17:04:50
10,Running,2026-03-18 17:01:58,2026-03-18 17:04:51
11,Running,2026-03-18 17:01:57,2026-03-18 17:04:52
8,Running,2026-03-18 17:01:58,2026-03-18 17:05:03
11,Blocked,2026-03-18 17:04:52,2026-03-18 17:05:10
10,Starved,2026-03-18 17:04:51,2026-03-18 17:05:15
8,Blocked,2026-03-18 17:05:03,2026-03-18 17:05:15
6,Running,2026-03-18 17:04:47,2026-03-18 17:05:45
6,Starved,2026-03-18 17:05:45,2026-03-18 17:05:46
3,Running,2026-03-18 17:04:50,2026-03-18 17:05:46
3,Blocked,2026-03-18 17:05:46,2026-03-18 17:05:49
10,Running,2026-03-18 17:05:15,2026-03-18 17:06:06
10,Starved,2026-03-18 17:06:06,2026-03-18 17:06:13
6,Running,2026-03-18 17:05:46,2026-03-18 17:06:43
6,Starved,2026-03-18 17:06:43,2026-03-18 17:06:44
2,Running,2026-03-18 17:04:50,2026-03-18 17:06:44
2,Blocked,2026-03-18 17:06:44,2026-03-18 17:06:49
3,Running,2026-03-18 17:05:49,2026-03-18 17:07:40
3,Blocked,2026-03-18 17:07:40,2026-03-18 17:07:51
10,Running,2026-03-18 17:06:13,2026-03-18 17:08:02
10,Starved,2026-03-18 17:08:02,2026-03-18 17:08:06
1,Running,2026-03-18 17:04:50,2026-03-18 17:08:44
3,Running,2026-03-18 17:07:51,2026-03-18 17:08:45
3,Blocked,2026-03-18 17:08:45,2026-03-18 17:08:56
1,Blocked,2026-03-18 17:08:44,2026-03-18 17:08:57
6,Running,2026-03-18 17:06:44,2026-03-18 17:09:38
6,Starved,2026-03-18 17:09:38,2026-03-18 17:09:38
1,Running,2026-03-18 17:08:57,2026-03-18 17:09:49
2,Running,2026-03-18 17:06:49,2026-03-18 17:09:58
3,Running,2026-03-18 17:08:56,2026-03-18 17:10:01
3,Blocked,2026-03-18 17:10:01,2026-03-18 17:10:02
2,Blocked,2026-03-18 17:09:58,2026-03-18 17:10:02
1,Blocked,2026-03-18 17:09:49,2026-03-18 17:10:02
10,Running,2026-03-18 17:08:06,2026-03-18 17:10:06
10,Starved,2026-03-18 17:10:06,2026-03-18 17:10:07
6,Running,2026-03-18 17:09:38,2026-03-18 17:10:39
6,Starved,2026-03-18 17:10:39,2026-03-18 17:10:53
11,Running,2026-03-18 17:05:10,2026-03-18 17:10:55
11,Blocked,2026-03-18 17:10:55,2026-03-18 17:10:58
1,Running,2026-03-18 17:10:02,2026-03-18 17:11:00
10,Running,2026-03-18 17:10:07,2026-03-18 17:11:04
2,Running,2026-03-18 17:10:02,2026-03-18 17:11:06
10,Starved,2026-03-18 17:11:04,2026-03-18 17:11:09
3,Running,2026-03-18 17:10:02,2026-03-18 17:11:12
3,Blocked,2026-03-18 17:11:12,2026-03-18 17:11:24
2,Blocked,2026-03-18 17:11:06,2026-03-18 17:11:24
1,Blocked,2026-03-18 17:11:00,2026-03-18 17:11:24
7,Running,2026-03-18 16:12:22,2026-03-18 17:11:54
1,Running,2026-03-18 17:11:24,2026-03-18 17:12:15
2,Running,2026-03-18 17:11:24,2026-03-18 17:12:24
2,Blocked,2026-03-18 17:12:24,2026-03-18 17:12:25
1,Blocked,2026-03-18 17:12:15,2026-03-18 17:12:25
10,Running,2026-03-18 17:11:09,2026-03-18 17:13:11
10,Starved,2026-03-18 17:13:11,2026-03-18 17:13:15
8,Running,2026-03-18 17:05:15,2026-03-18 17:13:20
2,Running,2026-03-18 17:12:25,2026-03-18 17:13:27
1,Running,2026-03-18 17:12:25,2026-03-18 17:13:28
2,Blocked,2026-03-18 17:13:27,2026-03-18 17:13:29
1,Blocked,2026-03-18 17:13:28,2026-03-18 17:13:29
11,Running,2026-03-18 17:10:58,2026-03-18 17:13:52
10,Running,2026-03-18 17:13:15,2026-03-18 17:14:08
11,Blocked,2026-03-18 17:13:52,2026-03-18 17:14:11
10,Starved,2026-03-18 17:14:08,2026-03-18 17:14:12
2,Running,2026-03-18 17:13:29,2026-03-18 17:14:27
3,Running,2026-03-18 17:11:24,2026-03-18 17:14:29
1,Running,2026-03-18 17:13:29,2026-03-18 17:14:43
3,Blocked,2026-03-18 17:14:29,2026-03-18 17:14:49
2,Blocked,2026-03-18 17:14:27,2026-03-18 17:14:49
1,Blocked,2026-03-18 17:14:43,2026-03-18 17:14:49
11,Running,2026-03-18 17:14:11,2026-03-18 17:15:04
11,Blocked,2026-03-18 17:15:04,2026-03-18 17:15:09
2,Running,2026-03-18 17:14:49,2026-03-18 17:15:46
3,Running,2026-03-18 17:14:49,2026-03-18 17:15:48
1,Running,2026-03-18 17:14:49,2026-03-18 17:15:49
11,Running,2026-03-18 17:15:09,2026-03-18 17:16:02
11,Blocked,2026-03-18 17:16:02,2026-03-18 17:16:02
3,Blocked,2026-03-18 17:15:48,2026-03-18 17:16:17
2,Blocked,2026-03-18 17:15:46,2026-03-18 17:16:17
1,Blocked,2026-03-18 17:15:49,2026-03-18 17:16:17
1,Running,2026-03-18 17:16:17,2026-03-18 17:17:14
2,Running,2026-03-18 17:16:17,2026-03-18 17:17:18
2,Blocked,2026-03-18 17:17:18,2026-03-18 17:17:23
1,Blocked,2026-03-18 17:17:14,2026-03-18 17:17:23
7,Down,2026-03-18 17:11:54,2026-03-18 17:17:28
9,Running,2026-03-18 16:21:17,2026-03-18 17:18:12
3,Running,2026-03-18 17:16:17,2026-03-18 17:18:17
2,Running,2026-03-18 17:17:23,2026-03-18 17:18:19
1,Running,2026-03-18 17:17:23,2026-03-18 17:18:24
8,Starved,2026-03-18 17:13:20,2026-03-18 17:18:31
3,Blocked,2026-03-18 17:18:17,2026-03-18 17:18:41
2,Blocked,2026-03-18 17:18:19,2026-03-18 17:18:41
1,Blocked,2026-03-18 17:18:24,2026-03-18 17:18:41
10,Running,2026-03-18 17:14:12,2026-03-18 17:19:30
8,Running,2026-03-18 17:18:31,2026-03-18 17:19:32
2,Running,2026-03-18 17:18:41,2026-03-18 17:19:33
3,Running,2026-03-18 17:18:41,2026-03-18 17:19:35
8,Starved,2026-03-18 17:19:32,2026-03-18 17:19:37
1,Running,2026-03-18 17:18:41,2026-03-18 17:19:40
3,Blocked,2026-03-18 17:19:35,2026-03-18 17:20:02
2,Blocked,2026-03-18 17:19:33,2026-03-18 17:20:02
1,Blocked,2026-03-18 17:19:40,2026-03-18 17:20:02
8,Running,2026-03-18 17:19:37,2026-03-18 17:20:39
8,Starved,2026-03-18 17:20:39,2026-03-18 17:20:56
2,Running,2026-03-18 17:20:02,2026-03-18 17:21:00
3,Running,2026-03-18 17:20:02,2026-03-18 17:21:01
9,Down,2026-03-18 17:18:12,2026-03-18 17:21:11
1,Running,2026-03-18 17:20:02,2026-03-18 17:21:11
3,Blocked,2026-03-18 17:21:01,2026-03-18 17:21:13
2,Blocked,2026-03-18 17:21:00,2026-03-18 17:21:13
1,Blocked,2026-03-18 17:21:11,2026-03-18 17:21:13
8,Running,2026-03-18 17:20:56,2026-03-18 17:22:00
10,Starved,2026-03-18 17:19:30,2026-03-18 17:22:01
8,Starved,2026-03-18 17:22:00,2026-03-18 17:22:03
3,Running,2026-03-18 17:21:13,2026-03-18 17:22:13
2,Running,2026-03-18 17:21:13,2026-03-18 17:22:17
1,Running,2026-03-18 17:21:13,2026-03-18 17:22:17
3,Blocked,2026-03-18 17:22:13,2026-03-18 17:22:21
2,Blocked,2026-03-18 17:22:17,2026-03-18 17:22:21
1,Blocked,2026-03-18 17:22:17,2026-03-18 17:22:21
1,Running,2026-03-18 17:22:21,2026-03-18 17:23:15
2,Running,2026-03-18 17:22:21,2026-03-18 17:23:20
3,Running,2026-03-18 17:22:21,2026-03-18 17:23:22
3,Blocked,2026-03-18 17:23:22,2026-03-18 17:23:36
2,Blocked,2026-03-18 17:23:20,2026-03-18 17:23:36
1,Blocked,2026-03-18 17:23:15,2026-03-18 17:23:36
9,Running,2026-03-18 17:21:11,2026-03-18 17:24:02
2,Running,2026-03-18 17:23:36,2026-03-18 17:24:32
3,Running,2026-03-18 17:23:36,2026-03-18 17:24:35
1,Running,2026-03-18 17:23:36,2026-03-18 17:24:37
3,Blocked,2026-03-18 17:24:35,2026-03-18 17:24:56
2,Blocked,2026-03-18 17:24:32,2026-03-18 17:24:56
1,Blocked,2026-03-18 17:24:37,2026-03-18 17:24:56
10,Running,2026-03-18 17:22:01,2026-03-18 17:25:03
3,Running,2026-03-18 17:24:56,2026-03-18 17:25:47
1,Running,2026-03-18 17:24:56,2026-03-18 17:25:51
2,Running,2026-03-18 17:24:56,2026-03-18 17:25:55
3,Blocked,2026-03-18 17:25:47,2026-03-18 17:25:56
2,Blocked,2026-03-18 17:25:55,2026-03-18 17:25:56
1,Blocked,2026-03-18 17:25:51,2026-03-18 17:25:56
2,Running,2026-03-18 17:25:56,2026-03-18 17:26:47
3,Running,2026-03-18 17:25:56,2026-03-18 17:26:56
1,Running,2026-03-18 17:25:56,2026-03-18 17:26:57
3,Blocked,2026-03-18 17:26:56,2026-03-18 17:27:05
2,Blocked,2026-03-18 17:26:47,2026-03-18 17:27:05
1,Blocked,2026-03-18 17:26:57,2026-03-18 17:27:05
8,Running,2026-03-18 17:22:03,2026-03-18 17:27:13
2,Running,2026-03-18 17:27:05,2026-03-18 17:27:57
1,Running,2026-03-18 17:27:05,2026-03-18 17:27:58
2,Blocked,2026-03-18 17:27:57,2026-03-18 17:28:01
1,Blocked,2026-03-18 17:27:58,2026-03-18 17:28:01
1,Running,2026-03-18 17:28:01,2026-03-18 17:29:04
1,Blocked,2026-03-18 17:29:04,2026-03-18 17:29:10
11,Running,2026-03-18 17:16:02,2026-03-18 17:29:14
3,Running,2026-03-18 17:27:05,2026-03-18 17:29:51
3,Blocked,2026-03-18 17:29:51,2026-03-18 17:30:07
3,Running,2026-03-18 17:30:07,2026-03-18 17:31:04
3,Blocked,2026-03-18 17:31:04,2026-03-18 17:31:04
1,Running,2026-03-18 17:29:10,2026-03-18 17:31:08
9,Down,2026-03-18 17:24:02,2026-03-18 17:31:09
8,Blocked,2026-03-18 17:27:13,2026-03-18 17:31:09
1,Blocked,2026-03-18 17:31:08,2026-03-18 17:31:16
12,Running,2026-03-18 16:52:42,2026-03-18 17:31:50
3,Running,2026-03-18 17:31:04,2026-03-18 17:32:07
10,Starved,2026-03-18 17:25:03,2026-03-18 17:32:10
2,Running,2026-03-18 17:28:01,2026-03-18 17:32:13
1,Running,2026-03-18 17:31:16,2026-03-18 17:32:18
3,Blocked,2026-03-18 17:32:07,2026-03-18 17:32:23
2,Blocked,2026-03-18 17:32:13,2026-03-18 17:32:23
1,Blocked,2026-03-18 17:32:18,2026-03-18 17:32:23
11,Starved,2026-03-18 17:29:14,2026-03-18 17:33:17
2,Running,2026-03-18 17:32:23,2026-03-18 17:33:18
3,Running,2026-03-18 17:32:23,2026-03-18 17:33:20
1,Running,2026-03-18 17:32:23,2026-03-18 17:33:22
3,Blocked,2026-03-18 17:33:20,2026-03-18 17:33:23
2,Blocked,2026-03-18 17:33:18,2026-03-18 17:33:23
1,Blocked,2026-03-18 17:33:22,2026-03-18 17:33:23
10,Running,2026-03-18 17:32:10,2026-03-18 17:34:11
12,Starved,2026-03-18 17:31:50,2026-03-18 17:34:13
10,Starved,2026-03-18 17:34:11,2026-03-18 17:34:16
1,Running,2026-03-18 17:33:23,2026-03-18 17:34:25
3,Running,2026-03-18 17:33:23,2026-03-18 17:34:26
3,Blocked,2026-03-18 17:34:26,2026-03-18 17:34:27
1,Blocked,2026-03-18 17:34:25,2026-03-18 17:34:30
12,Running,2026-03-18 17:34:13,2026-03-18 17:35:11
11,Running,2026-03-18 17:33:17,2026-03-18 17:35:17
12,Starved,2026-03-18 17:35:11,2026-03-18 17:35:17
11,Starved,2026-03-18 17:35:17,2026-03-18 17:35:18
3,Running,2026-03-18 17:34:27,2026-03-18 17:35:25
2,Running,2026-03-18 17:33:23,2026-03-18 17:35:26
3,Blocked,2026-03-18 17:35:25,2026-03-18 17:35:31
2,Blocked,2026-03-18 17:35:26,2026-03-18 17:35:31
8,Running,2026-03-18 17:31:09,2026-03-18 17:36:09
12,Running,2026-03-18 17:35:17,2026-03-18 17:36:17
10,Running,2026-03-18 17:34:16,2026-03-18 17:36:21
10,Starved,2026-03-18 17:36:21,2026-03-18 17:36:22
8,Blocked,2026-03-18 17:36:09,2026-03-18 17:36:22
12,Starved,2026-03-18 17:36:17,2026-03-18 17:36:30
3,Running,2026-03-18 17:35:31,2026-03-18 17:36:30
2,Running,2026-03-18 17:35:31,2026-03-18 17:36:35
1,Running,2026-03-18 17:34:30,2026-03-18 17:36:36
3,Blocked,2026-03-18 17:36:30,2026-03-18 17:36:59
2,Blocked,2026-03-18 17:36:35,2026-03-18 17:36:59
1,Blocked,2026-03-18 17:36:36,2026-03-18 17:36:59
12,Running,2026-03-18 17:36:30,2026-03-18 17:37:21
10,Running,2026-03-18 17:36:22,2026-03-18 17:37:23
8,Running,2026-03-18 17:36:22,2026-03-18 17:37:25
10,Starved,2026-03-18 17:37:23,2026-03-18 17:37:26
8,Blocked,2026-03-18 17:37:25,2026-03-18 17:37:26
12,Starved,2026-03-18 17:37:21,2026-03-18 17:37:33
2,Running,2026-03-18 17:36:59,2026-03-18 17:37:58
3,Running,2026-03-18 17:36:59,2026-03-18 17:38:01
3,Blocked,2026-03-18 17:38:01,2026-03-18 17:38:03
2,Blocked,2026-03-18 17:37:58,2026-03-18 17:38:03
10,Running,2026-03-18 17:37:26,2026-03-18 17:38:20
12,Running,2026-03-18 17:37:33,2026-03-18 17:38:24
12,Starved,2026-03-18 17:38:24,2026-03-18 17:38:29
10,Starved,2026-03-18 17:38:20,2026-03-18 17:38:31
3,Running,2026-03-18 17:38:03,2026-03-18 17:38:59
2,Running,2026-03-18 17:38:03,2026-03-18 17:39:05
1,Running,2026-03-18 17:36:59,2026-03-18 17:39:07
11,Running,2026-03-18 17:35:18,2026-03-18 17:39:24
8,Running,2026-03-18 17:37:26,2026-03-18 17:39:28
8,Blocked,2026-03-18 17:39:28,2026-03-18 17:39:29
11,Starved,2026-03-18 17:39:24,2026-03-18 17:39:30
3,Blocked,2026-03-18 17:38:59,2026-03-18 17:39:40
2,Blocked,2026-03-18 17:39:05,2026-03-18 17:39:40
1,Blocked,2026-03-18 17:39:07,2026-03-18 17:39:40
2,Running,2026-03-18 17:39:40,2026-03-18 17:40:32
12,Running,2026-03-18 17:38:29,2026-03-18 17:40:33
3,Running,2026-03-18 17:39:40,2026-03-18 17:40:33
12,Starved,2026-03-18 17:40:33,2026-03-18 17:40:33
3,Blocked,2026-03-18 17:40:33,2026-03-18 17:40:40
2,Blocked,2026-03-18 17:40:32,2026-03-18 17:40:40
8,Running,2026-03-18 17:39:29,2026-03-18 17:41:32
12,Running,2026-03-18 17:40:33,2026-03-18 17:41:33
10,Running,2026-03-18 17:38:31,2026-03-18 17:41:34
2,Running,2026-03-18 17:40:40,2026-03-18 17:41:39
12,Starved,2026-03-18 17:41:33,2026-03-18 17:41:41
1,Running,2026-03-18 17:39:40,2026-03-18 17:41:42
3,Running,2026-03-18 17:40:40,2026-03-18 17:41:44
3,Blocked,2026-03-18 17:41:44,2026-03-18 17:41:47
2,Blocked,2026-03-18 17:41:39,2026-03-18 17:41:47
1,Blocked,2026-03-18 17:41:42,2026-03-18 17:41:47
10,Starved,2026-03-18 17:41:34,2026-03-18 17:41:58
8,Blocked,2026-03-18 17:41:32,2026-03-18 17:41:58
11,Running,2026-03-18 17:39:30,2026-03-18 17:42:32
1,Running,2026-03-18 17:41:47,2026-03-18 17:42:46
3,Running,2026-03-18 17:41:47,2026-03-18 17:42:47
2,Running,2026-03-18 17:41:47,2026-03-18 17:42:55
10,Running,2026-03-18 17:41:58,2026-03-18 17:42:58
11,Starved,2026-03-18 17:42:32,2026-03-18 17:42:58
10,Starved,2026-03-18 17:42:58,2026-03-18 17:43:04
3,Blocked,2026-03-18 17:42:47,2026-03-18 17:43:14
2,Blocked,2026-03-18 17:42:55,2026-03-18 17:43:14
1,Blocked,2026-03-18 17:42:46,2026-03-18 17:43:14
12,Running,2026-03-18 17:41:41,2026-03-18 17:43:49
11,Running,2026-03-18 17:42:58,2026-03-18 17:43:57
12,Starved,2026-03-18 17:43:49,2026-03-18 17:43:57
11,Starved,2026-03-18 17:43:57,2026-03-18 17:44:06
2,Running,2026-03-18 17:43:14,2026-03-18 17:44:16
3,Running,2026-03-18 17:43:14,2026-03-18 17:44:18
3,Blocked,2026-03-18 17:44:18,2026-03-18 17:44:24
2,Blocked,2026-03-18 17:44:16,2026-03-18 17:44:24
12,Running,2026-03-18 17:43:57,2026-03-18 17:45:03
11,Running,2026-03-18 17:44:06,2026-03-18 17:45:04
12,Starved,2026-03-18 17:45:03,2026-03-18 17:45:04
11,Starved,2026-03-18 17:45:04,2026-03-18 17:45:07
2,Running,2026-03-18 17:44:24,2026-03-18 17:45:25
1,Running,2026-03-18 17:43:14,2026-03-18 17:45:29
3,Running,2026-03-18 17:44:24,2026-03-18 17:45:29
5,Running,2026-03-18 16:36:42,2026-03-18 17:45:38
5,Starved,2026-03-18 17:45:38,2026-03-18 17:45:47
3,Blocked,2026-03-18 17:45:29,2026-03-18 17:45:47
2,Blocked,2026-03-18 17:45:25,2026-03-18 17:45:47
1,Blocked,2026-03-18 17:45:29,2026-03-18 17:45:47
2,Running,2026-03-18 17:45:47,2026-03-18 17:46:41
5,Running,2026-03-18 17:45:47,2026-03-18 17:46:43
5,Starved,2026-03-18 17:46:43,2026-03-18 17:46:45
2,Blocked,2026-03-18 17:46:41,2026-03-18 17:46:46
3,Running,2026-03-18 17:45:47,2026-03-18 17:47:44
2,Running,2026-03-18 17:46:46,2026-03-18 17:47:44
3,Blocked,2026-03-18 17:47:44,2026-03-18 17:47:46
2,Blocked,2026-03-18 17:47:44,2026-03-18 17:47:46
9,Running,2026-03-18 17:31:09,2026-03-18 17:48:35
6,Running,2026-03-18 17:10:53,2026-03-18 17:48:38
6,Starved,2026-03-18 17:48:38,2026-03-18 17:48:49
1,Running,2026-03-18 17:45:47,2026-03-18 17:48:50
9,Down,2026-03-18 17:48:35,2026-03-18 17:48:51
2,Running,2026-03-18 17:47:46,2026-03-18 17:48:53
2,Blocked,2026-03-18 17:48:53,2026-03-18 17:48:56
1,Blocked,2026-03-18 17:48:50,2026-03-18 17:48:56
6,Running,2026-03-18 17:48:49,2026-03-18 17:49:48
5,Running,2026-03-18 17:46:45,2026-03-18 17:49:53
6,Starved,2026-03-18 17:49:48,2026-03-18 17:49:53
1,Running,2026-03-18 17:48:56,2026-03-18 17:49:55
5,Starved,2026-03-18 17:49:53,2026-03-18 17:49:58
1,Blocked,2026-03-18 17:49:55,2026-03-18 17:50:07
6,Running,2026-03-18 17:49:53,2026-03-18 17:50:56
1,Running,2026-03-18 17:50:07,2026-03-18 17:50:58
6,Starved,2026-03-18 17:50:56,2026-03-18 17:50:59
1,Blocked,2026-03-18 17:50:58,2026-03-18 17:51:10
2,Running,2026-03-18 17:48:56,2026-03-18 17:52:06
2,Blocked,2026-03-18 17:52:06,2026-03-18 17:52:14
8,Running,2026-03-18 17:41:58,2026-03-18 17:52:51
8,Blocked,2026-03-18 17:52:51,2026-03-18 17:52:54
5,Running,2026-03-18 17:49:58,2026-03-18 17:53:03
2,Running,2026-03-18 17:52:14,2026-03-18 17:53:08
1,Running,2026-03-18 17:51:10,2026-03-18 17:53:14
5,Starved,2026-03-18 17:53:03,2026-03-18 17:53:17
2,Blocked,2026-03-18 17:53:08,2026-03-18 17:53:17
1,Blocked,2026-03-18 17:53:14,2026-03-18 17:53:17
8,Running,2026-03-18 17:52:54,2026-03-18 17:53:52
10,Running,2026-03-18 17:43:04,2026-03-18 17:53:55
6,Running,2026-03-18 17:50:59,2026-03-18 17:54:07
5,Running,2026-03-18 17:53:17,2026-03-18 17:54:07
6,Starved,2026-03-18 17:54:07,2026-03-18 17:54:07
3,Running,2026-03-18 17:47:46,2026-03-18 17:54:11
5,Starved,2026-03-18 17:54:07,2026-03-18 17:54:13
3,Blocked,2026-03-18 17:54:11,2026-03-18 17:54:13
10,Starved,2026-03-18 17:53:55,2026-03-18 17:54:13
8,Blocked,2026-03-18 17:53:52,2026-03-18 17:54:13
5,Running,2026-03-18 17:54:13,2026-03-18 17:55:03
11,Running,2026-03-18 17:45:07,2026-03-18 17:55:07
11,Starved,2026-03-18 17:55:07,2026-03-18 17:55:08
1,Running,2026-03-18 17:53:17,2026-03-18 17:55:08
3,Running,2026-03-18 17:54:13,2026-03-18 17:55:14
2,Running,2026-03-18 17:53:17,2026-03-18 17:55:25
5,Starved,2026-03-18 17:55:03,2026-03-18 17:55:43
3,Blocked,2026-03-18 17:55:14,2026-03-18 17:55:43
2,Blocked,2026-03-18 17:55:25,2026-03-18 17:55:43
1,Blocked,2026-03-18 17:55:08,2026-03-18 17:55:43
11,Running,2026-03-18 17:55:08,2026-03-18 17:56:01
10,Running,2026-03-18 17:54:13,2026-03-18 17:56:02
11,Starved,2026-03-18 17:56:01,2026-03-18 17:56:02
10,Starved,2026-03-18 17:56:02,2026-03-18 17:56:02
6,Running,2026-03-18 17:54:07,2026-03-18 17:56:19
3,Running,2026-03-18 17:55:43,2026-03-18 17:56:37
2,Running,2026-03-18 17:55:43,2026-03-18 17:56:40
3,Blocked,2026-03-18 17:56:37,2026-03-18 17:56:41
2,Blocked,2026-03-18 17:56:40,2026-03-18 17:56:41
6,Starved,2026-03-18 17:56:19,2026-03-18 17:56:43
11,Running,2026-03-18 17:56:02,2026-03-18 17:57:03
10,Running,2026-03-18 17:56:02,2026-03-18 17:57:04
11,Starved,2026-03-18 17:57:03,2026-03-18 17:57:04
10,Starved,2026-03-18 17:57:04,2026-03-18 17:57:07
2,Running,2026-03-18 17:56:41,2026-03-18 17:57:35
3,Running,2026-03-18 17:56:41,2026-03-18 17:57:41
5,Running,2026-03-18 17:55:43,2026-03-18 17:57:42
5,Starved,2026-03-18 17:57:42,2026-03-18 17:57:47
3,Blocked,2026-03-18 17:57:41,2026-03-18 17:57:47
2,Blocked,2026-03-18 17:57:35,2026-03-18 17:57:47
11,Running,2026-03-18 17:57:04,2026-03-18 17:57:59
11,Starved,2026-03-18 17:57:59,2026-03-18 17:58:12
6,Running,2026-03-18 17:56:43,2026-03-18 17:58:39
3,Running,2026-03-18 17:57:47,2026-03-18 17:58:41
3,Blocked,2026-03-18 17:58:41,2026-03-18 17:58:48
1,Running,2026-03-18 17:55:43,2026-03-18 17:58:52
1,Blocked,2026-03-18 17:58:52,2026-03-18 17:58:52
6,Starved,2026-03-18 17:58:39,2026-03-18 17:58:53
10,Running,2026-03-18 17:57:07,2026-03-18 17:59:06
10,Starved,2026-03-18 17:59:06,2026-03-18 17:59:08
3,Running,2026-03-18 17:58:48,2026-03-18 17:59:42
5,Running,2026-03-18 17:57:47,2026-03-18 17:59:47
2,Running,2026-03-18 17:57:47,2026-03-18 17:59:53
5,Starved,2026-03-18 17:59:47,2026-03-18 17:59:57
3,Blocked,2026-03-18 17:59:42,2026-03-18 17:59:57
2,Blocked,2026-03-18 17:59:53,2026-03-18 17:59:57
11,Running,2026-03-18 17:58:12,2026-03-18 18:00:04
11,Starved,2026-03-18 18:00:04,2026-03-18 18:00:17
2,Running,2026-03-18 17:59:57,2026-03-18 18:00:53
3,Running,2026-03-18 17:59:57,2026-03-18 18:00:54
6,Running,2026-03-18 17:58:53,2026-03-18 18:00:58
5,Running,2026-03-18 17:59:57,2026-03-18 18:01:03
6,Starved,2026-03-18 18:00:58,2026-03-18 18:01:03
5,Starved,2026-03-18 18:01:03,2026-03-18 18:01:05
3,Blocked,2026-03-18 18:00:54,2026-03-18 18:01:05
2,Blocked,2026-03-18 18:00:53,2026-03-18 18:01:05
10,Running,2026-03-18 17:59:08,2026-03-18 18:01:14
3,Running,2026-03-18 18:01:05,2026-03-18 18:02:03
5,Running,2026-03-18 18:01:05,2026-03-18 18:02:06
2,Running,2026-03-18 18:01:05,2026-03-18 18:02:08
5,Starved,2026-03-18 18:02:06,2026-03-18 18:02:17
3,Blocked,2026-03-18 18:02:03,2026-03-18 18:02:17
2,Blocked,2026-03-18 18:02:08,2026-03-18 18:02:17
11,Running,2026-03-18 18:00:17,2026-03-18 18:02:30
2,Running,2026-03-18 18:02:17,2026-03-18 18:03:08
6,Running,2026-03-18 18:01:03,2026-03-18 18:03:15
9,Running,2026-03-18 17:48:51,2026-03-18 18:03:17
8,Running,2026-03-18 17:54:13,2026-03-18 18:03:19
2,Blocked,2026-03-18 18:03:08,2026-03-18 18:03:22
6,Starved,2026-03-18 18:03:15,2026-03-18 18:03:28
12,Running,2026-03-18 17:45:04,2026-03-18 18:03:48
2,Running,2026-03-18 18:03:22,2026-03-18 18:04:12
3,Running,2026-03-18 18:02:17,2026-03-18 18:04:14
5,Running,2026-03-18 18:02:17,2026-03-18 18:04:29
5,Starved,2026-03-18 18:04:29,2026-03-18 18:04:32
3,Blocked,2026-03-18 18:04:14,2026-03-18 18:04:32
2,Blocked,2026-03-18 18:04:12,2026-03-18 18:04:32
2,Running,2026-03-18 18:04:32,2026-03-18 18:05:24
3,Running,2026-03-18 18:04:32,2026-03-18 18:05:25
6,Running,2026-03-18 18:03:28,2026-03-18 18:05:27
3,Blocked,2026-03-18 18:05:25,2026-03-18 18:05:31
2,Blocked,2026-03-18 18:05:24,2026-03-18 18:05:31
6,Starved,2026-03-18 18:05:27,2026-03-18 18:05:31
5,Running,2026-03-18 18:04:32,2026-03-18 18:06:29
5,Starved,2026-03-18 18:06:29,2026-03-18 18:06:32
2,Running,2026-03-18 18:05:31,2026-03-18 18:06:32
2,Blocked,2026-03-18 18:06:32,2026-03-18 18:06:38
7,Running,2026-03-18 17:17:28,2026-03-18 18:06:52
6,Running,2026-03-18 18:05:31,2026-03-18 18:07:31
3,Running,2026-03-18 18:05:31,2026-03-18 18:07:37
5,Running,2026-03-18 18:06:32,2026-03-18 18:07:38
6,Starved,2026-03-18 18:07:31,2026-03-18 18:07:38
2,Running,2026-03-18 18:06:38,2026-03-18 18:07:39
5,Starved,2026-03-18 18:07:38,2026-03-18 18:08:00
3,Blocked,2026-03-18 18:07:37,2026-03-18 18:08:00
2,Blocked,2026-03-18 18:07:39,2026-03-18 18:08:00
6,Running,2026-03-18 18:07:38,2026-03-18 18:08:36
3,Running,2026-03-18 18:08:00,2026-03-18 18:08:55
1,Down,2026-03-18 17:58:52,2026-03-18 18:08:57
5,Running,2026-03-18 18:08:00,2026-03-18 18:08:58
6,Starved,2026-03-18 18:08:36,2026-03-18 18:08:58
10,Down,2026-03-18 18:01:14,2026-03-18 18:09:36
5,Starved,2026-03-18 18:08:58,2026-03-18 18:09:42
3,Blocked,2026-03-18 18:08:55,2026-03-18 18:09:42
2,Starved,2026-03-18 18:08:00,2026-03-18 18:09:54
6,Running,2026-03-18 18:08:58,2026-03-18 18:10:02
3,Running,2026-03-18 18:09:42,2026-03-18 18:10:35
11,Starved,2026-03-18 18:02:30,2026-03-18 18:10:39
5,Running,2026-03-18 18:09:42,2026-03-18 18:10:46
6,Starved,2026-03-18 18:10:02,2026-03-18 18:10:46
9,Down,2026-03-18 18:03:17,2026-03-18 18:11:01
8,Blocked,2026-03-18 18:03:19,2026-03-18 18:11:01
7,Blocked,2026-03-18 18:06:52,2026-03-18 18:11:01
5,Starved,2026-03-18 18:10:46,2026-03-18 18:11:18
3,Blocked,2026-03-18 18:10:35,2026-03-18 18:11:18
12,Starved,2026-03-18 18:03:48,2026-03-18 18:11:40
6,Running,2026-03-18 18:10:46,2026-03-18 18:11:52
3,Running,2026-03-18 18:11:18,2026-03-18 18:12:12
5,Running,2026-03-18 18:11:18,2026-03-18 18:12:28
6,Starved,2026-03-18 18:11:52,2026-03-18 18:12:28
5,Starved,2026-03-18 18:12:28,2026-03-18 18:12:28
3,Blocked,2026-03-18 18:12:12,2026-03-18 18:12:28
12,Running,2026-03-18 18:11:40,2026-03-18 18:12:40
12,Starved,2026-03-18 18:12:40,2026-03-18 18:12:45
8,Running,2026-03-18 18:11:01,2026-03-18 18:12:57
7,Running,2026-03-18 18:11:01,2026-03-18 18:13:15
9,Running,2026-03-18 18:11:01,2026-03-18 18:13:21
6,Running,2026-03-18 18:12:28,2026-03-18 18:13:26
3,Running,2026-03-18 18:12:28,2026-03-18 18:13:32
5,Running,2026-03-18 18:12:28,2026-03-18 18:13:33
6,Starved,2026-03-18 18:13:26,2026-03-18 18:13:33
5,Starved,2026-03-18 18:13:33,2026-03-18 18:13:40
3,Blocked,2026-03-18 18:13:32,2026-03-18 18:13:40
12,Running,2026-03-18 18:12:45,2026-03-18 18:13:40
12,Starved,2026-03-18 18:13:40,2026-03-18 18:13:46
2,Running,2026-03-18 18:09:54,2026-03-18 18:13:52
2,Starved,2026-03-18 18:13:52,2026-03-18 18:13:56
6,Running,2026-03-18 18:13:33,2026-03-18 18:14:39
3,Running,2026-03-18 18:13:40,2026-03-18 18:14:41
10,Running,2026-03-18 18:09:36,2026-03-18 18:14:42
5,Running,2026-03-18 18:13:40,2026-03-18 18:14:45
6,Starved,2026-03-18 18:14:39,2026-03-18 18:14:45
12,Running,2026-03-18 18:13:46,2026-03-18 18:14:45
2,Running,2026-03-18 18:13:56,2026-03-18 18:14:46
12,Starved,2026-03-18 18:14:45,2026-03-18 18:14:51
5,Starved,2026-03-18 18:14:45,2026-03-18 18:15:02
3,Blocked,2026-03-18 18:14:41,2026-03-18 18:15:02
2,Blocked,2026-03-18 18:14:46,2026-03-18 18:15:02
2,Starved,2026-03-18 18:15:02,2026-03-18 18:15:06
9,Down,2026-03-18 18:13:21,2026-03-18 18:15:28
8,Blocked,2026-03-18 18:12:57,2026-03-18 18:15:28
7,Blocked,2026-03-18 18:13:15,2026-03-18 18:15:28
6,Running,2026-03-18 18:14:45,2026-03-18 18:15:40
12,Running,2026-03-18 18:14:51,2026-03-18 18:15:47
11,Running,2026-03-18 18:10:39,2026-03-18 18:15:52
12,Starved,2026-03-18 18:15:47,2026-03-18 18:15:52
3,Running,2026-03-18 18:15:02,2026-03-18 18:15:54
5,Running,2026-03-18 18:15:02,2026-03-18 18:15:55
6,Starved,2026-03-18 18:15:40,2026-03-18 18:15:55
5,Starved,2026-03-18 18:15:55,2026-03-18 18:16:07
3,Blocked,2026-03-18 18:15:54,2026-03-18 18:16:07
8,Running,2026-03-18 18:15:28,2026-03-18 18:16:22
7,Running,2026-03-18 18:15:28,2026-03-18 18:16:33
10,Starved,2026-03-18 18:14:42,2026-03-18 18:16:48
8,Blocked,2026-03-18 18:16:22,2026-03-18 18:16:48
7,Blocked,2026-03-18 18:16:33,2026-03-18 18:16:48
12,Running,2026-03-18 18:15:52,2026-03-18 18:16:53
6,Running,2026-03-18 18:15:55,2026-03-18 18:16:56
5,Running,2026-03-18 18:16:07,2026-03-18 18:17:04
6,Starved,2026-03-18 18:16:56,2026-03-18 18:17:04
2,Running,2026-03-18 18:15:06,2026-03-18 18:17:06
3,Running,2026-03-18 18:16:07,2026-03-18 18:17:20
5,Starved,2026-03-18 18:17:04,2026-03-18 18:17:33
3,Blocked,2026-03-18 18:17:20,2026-03-18 18:17:33
2,Blocked,2026-03-18 18:17:06,2026-03-18 18:17:33
8,Running,2026-03-18 18:16:48,2026-03-18 18:17:47
10,Running,2026-03-18 18:16:48,2026-03-18 18:17:48
11,Starved,2026-03-18 18:15:52,2026-03-18 18:17:48
6,Running,2026-03-18 18:17:04,2026-03-18 18:18:06
10,Starved,2026-03-18 18:17:48,2026-03-18 18:18:07
8,Blocked,2026-03-18 18:17:47,2026-03-18 18:18:07
5,Running,2026-03-18 18:17:33,2026-03-18 18:18:26
6,Starved,2026-03-18 18:18:06,2026-03-18 18:18:26
2,Running,2026-03-18 18:17:33,2026-03-18 18:18:26
3,Running,2026-03-18 18:17:33,2026-03-18 18:18:33
11,Running,2026-03-18 18:17:48,2026-03-18 18:18:54
12,Starved,2026-03-18 18:16:53,2026-03-18 18:18:54
5,Starved,2026-03-18 18:18:26,2026-03-18 18:18:58
3,Blocked,2026-03-18 18:18:33,2026-03-18 18:18:58
2,Blocked,2026-03-18 18:18:26,2026-03-18 18:18:58
10,Running,2026-03-18 18:18:07,2026-03-18 18:19:06
11,Starved,2026-03-18 18:18:54,2026-03-18 18:19:06
8,Running,2026-03-18 18:18:07,2026-03-18 18:19:17
10,Starved,2026-03-18 18:19:06,2026-03-18 18:19:17
8,Blocked,2026-03-18 18:19:17,2026-03-18 18:19:17
6,Running,2026-03-18 18:18:26,2026-03-18 18:19:24
12,Running,2026-03-18 18:18:54,2026-03-18 18:19:51
5,Running,2026-03-18 18:18:58,2026-03-18 18:19:58
6,Starved,2026-03-18 18:19:24,2026-03-18 18:19:58
3,Running,2026-03-18 18:18:58,2026-03-18 18:19:58
11,Running,2026-03-18 18:19:06,2026-03-18 18:20:02
12,Starved,2026-03-18 18:19:51,2026-03-18 18:20:02
2,Running,2026-03-18 18:18:58,2026-03-18 18:20:07
7,Running,2026-03-18 18:16:48,2026-03-18 18:20:11
5,Starved,2026-03-18 18:19:58,2026-03-18 18:20:15
3,Blocked,2026-03-18 18:19:58,2026-03-18 18:20:15
2,Blocked,2026-03-18 18:20:07,2026-03-18 18:20:15
10,Running,2026-03-18 18:19:17,2026-03-18 18:20:19
11,Starved,2026-03-18 18:20:02,2026-03-18 18:20:19
8,Running,2026-03-18 18:19:17,2026-03-18 18:20:24
10,Starved,2026-03-18 18:20:19,2026-03-18 18:20:34
8,Blocked,2026-03-18 18:20:24,2026-03-18 18:20:34
7,Blocked,2026-03-18 18:20:11,2026-03-18 18:20:34
6,Running,2026-03-18 18:19:58,2026-03-18 18:20:53
12,Running,2026-03-18 18:20:02,2026-03-18 18:21:05
3,Running,2026-03-18 18:20:15,2026-03-18 18:21:08
3,Blocked,2026-03-18 18:21:08,2026-03-18 18:21:12
6,Starved,2026-03-18 18:20:53,2026-03-18 18:21:12
11,Running,2026-03-18 18:20:19,2026-03-18 18:21:19
12,Starved,2026-03-18 18:21:05,2026-03-18 18:21:19
8,Running,2026-03-18 18:20:34,2026-03-18 18:21:29
8,Blocked,2026-03-18 18:21:29,2026-03-18 18:21:35
11,Starved,2026-03-18 18:21:19,2026-03-18 18:21:37
6,Running,2026-03-18 18:21:12,2026-03-18 18:22:06
3,Running,2026-03-18 18:21:12,2026-03-18 18:22:08
3,Blocked,2026-03-18 18:22:08,2026-03-18 18:22:10
12,Running,2026-03-18 18:21:19,2026-03-18 18:22:14
6,Starved,2026-03-18 18:22:06,2026-03-18 18:22:20
11,Running,2026-03-18 18:21:37,2026-03-18 18:22:24
12,Starved,2026-03-18 18:22:14,2026-03-18 18:22:24
11,Starved,2026-03-18 18:22:24,2026-03-18 18:22:39
3,Running,2026-03-18 18:22:10,2026-03-18 18:23:07
6,Running,2026-03-18 18:22:20,2026-03-18 18:23:15
5,Running,2026-03-18 18:20:15,2026-03-18 18:23:17
6,Starved,2026-03-18 18:23:15,2026-03-18 18:23:17
2,Running,2026-03-18 18:20:15,2026-03-18 18:23:24
12,Running,2026-03-18 18:22:24,2026-03-18 18:23:28
8,Running,2026-03-18 18:21:35,2026-03-18 18:23:32
8,Blocked,2026-03-18 18:23:32,2026-03-18 18:23:32
5,Starved,2026-03-18 18:23:17,2026-03-18 18:23:33
3,Blocked,2026-03-18 18:23:07,2026-03-18 18:23:33
2,Blocked,2026-03-18 18:23:24,2026-03-18 18:23:33
11,Running,2026-03-18 18:22:39,2026-03-18 18:23:36
12,Starved,2026-03-18 18:23:28,2026-03-18 18:23:36
11,Starved,2026-03-18 18:23:36,2026-03-18 18:23:38
6,Running,2026-03-18 18:23:17,2026-03-18 18:24:06
2,Running,2026-03-18 18:23:33,2026-03-18 18:24:25
11,Running,2026-03-18 18:23:38,2026-03-18 18:24:30
3,Running,2026-03-18 18:23:33,2026-03-18 18:24:34
3,Blocked,2026-03-18 18:24:34,2026-03-18 18:24:34
2,Blocked,2026-03-18 18:24:25,2026-03-18 18:24:34
8,Running,2026-03-18 18:23:32,2026-03-18 18:24:35
8,Blocked,2026-03-18 18:24:35,2026-03-18 18:24:38
11,Starved,2026-03-18 18:24:30,2026-03-18 18:24:43
5,Running,2026-03-18 18:23:33,2026-03-18 18:25:29
12,Running,2026-03-18 18:23:36,2026-03-18 18:25:30
3,Running,2026-03-18 18:24:34,2026-03-18 18:25:33
2,Running,2026-03-18 18:24:34,2026-03-18 18:25:35
12,Starved,2026-03-18 18:25:30,2026-03-18 18:25:42
5,Starved,2026-03-18 18:25:29,2026-03-18 18:25:59
3,Blocked,2026-03-18 18:25:33,2026-03-18 18:25:59
2,Blocked,2026-03-18 18:25:35,2026-03-18 18:25:59
2,Running,2026-03-18 18:25:59,2026-03-18 18:26:51
3,Running,2026-03-18 18:25:59,2026-03-18 18:26:54
3,Blocked,2026-03-18 18:26:54,2026-03-18 18:26:56
2,Blocked,2026-03-18 18:26:51,2026-03-18 18:26:56
3,Running,2026-03-18 18:26:56,2026-03-18 18:27:51
2,Running,2026-03-18 18:26:56,2026-03-18 18:27:55
5,Running,2026-03-18 18:25:59,2026-03-18 18:27:56
3,Blocked,2026-03-18 18:27:51,2026-03-18 18:27:58
2,Blocked,2026-03-18 18:27:55,2026-03-18 18:27:58
2,Running,2026-03-18 18:27:58,2026-03-18 18:29:56
3,Running,2026-03-18 18:27:58,2026-03-18 18:30:01
3,Blocked,2026-03-18 18:30:01,2026-03-18 18:30:30
2,Blocked,2026-03-18 18:29:56,2026-03-18 18:30:30
12,Running,2026-03-18 18:25:42,2026-03-18 18:30:47
12,Starved,2026-03-18 18:30:47,2026-03-18 18:30:53
2,Running,2026-03-18 18:30:30,2026-03-18 18:31:18
3,Running,2026-03-18 18:30:30,2026-03-18 18:31:29
10,Running,2026-03-18 18:20:34,2026-03-18 18:31:30
10,Starved,2026-03-18 18:31:30,2026-03-18 18:31:31
3,Blocked,2026-03-18 18:31:29,2026-03-18 18:31:31
2,Blocked,2026-03-18 18:31:18,2026-03-18 18:31:31
3,Running,2026-03-18 18:31:31,2026-03-18 18:32:27
10,Running,2026-03-18 18:31:31,2026-03-18 18:32:27
8,Running,2026-03-18 18:24:38,2026-03-18 18:32:30
10,Starved,2026-03-18 18:32:27,2026-03-18 18:32:31
8,Blocked,2026-03-18 18:32:30,2026-03-18 18:32:31
2,Running,2026-03-18 18:31:31,2026-03-18 18:32:33
3,Blocked,2026-03-18 18:32:27,2026-03-18 18:32:49
2,Blocked,2026-03-18 18:32:33,2026-03-18 18:32:49
6,Down,2026-03-18 18:24:06,2026-03-18 18:32:53
5,Blocked,2026-03-18 18:27:56,2026-03-18 18:32:53
8,Running,2026-03-18 18:32:31,2026-03-18 18:33:27
8,Blocked,2026-03-18 18:33:27,2026-03-18 18:33:31
3,Running,2026-03-18 18:32:49,2026-03-18 18:33:42
2,Running,2026-03-18 18:32:49,2026-03-18 18:33:46
12,Running,2026-03-18 18:30:53,2026-03-18 18:33:57
12,Starved,2026-03-18 18:33:57,2026-03-18 18:34:01
3,Blocked,2026-03-18 18:33:42,2026-03-18 18:34:26
2,Blocked,2026-03-18 18:33:46,2026-03-18 18:34:26
8,Running,2026-03-18 18:33:31,2026-03-18 18:34:31
8,Blocked,2026-03-18 18:34:31,2026-03-18 18:34:36
12,Running,2026-03-18 18:34:01,2026-03-18 18:34:54
12,Starved,2026-03-18 18:34:54,2026-03-18 18:34:56
2,Running,2026-03-18 18:34:26,2026-03-18 18:35:27
3,Running,2026-03-18 18:34:26,2026-03-18 18:35:29
8,Running,2026-03-18 18:34:36,2026-03-18 18:35:33
8,Blocked,2026-03-18 18:35:33,2026-03-18 18:35:35
3,Blocked,2026-03-18 18:35:29,2026-03-18 18:35:48
2,Blocked,2026-03-18 18:35:27,2026-03-18 18:35:48
3,Running,2026-03-18 18:35:48,2026-03-18 18:36:44
8,Running,2026-03-18 18:35:35,2026-03-18 18:36:45
2,Running,2026-03-18 18:35:48,2026-03-18 18:36:47
10,Running,2026-03-18 18:32:31,2026-03-18 18:36:47
3,Blocked,2026-03-18 18:36:44,2026-03-18 18:36:54
2,Blocked,2026-03-18 18:36:47,2026-03-18 18:36:54
10,Starved,2026-03-18 18:36:47,2026-03-18 18:36:55
8,Blocked,2026-03-18 18:36:45,2026-03-18 18:36:55
2,Running,2026-03-18 18:36:54,2026-03-18 18:38:53
10,Running,2026-03-18 18:36:55,2026-03-18 18:38:56
3,Running,2026-03-18 18:36:54,2026-03-18 18:38:57
12,Running,2026-03-18 18:34:56,2026-03-18 18:38:58
8,Running,2026-03-18 18:36:55,2026-03-18 18:39:00
3,Blocked,2026-03-18 18:38:57,2026-03-18 18:39:01
2,Blocked,2026-03-18 18:38:53,2026-03-18 18:39:01
12,Starved,2026-03-18 18:38:58,2026-03-18 18:39:03
10,Starved,2026-03-18 18:38:56,2026-03-18 18:39:13
8,Blocked,2026-03-18 18:39:00,2026-03-18 18:39:13
3,Running,2026-03-18 18:39:01,2026-03-18 18:39:58
12,Running,2026-03-18 18:39:03,2026-03-18 18:40:03
2,Running,2026-03-18 18:39:01,2026-03-18 18:40:05
3,Blocked,2026-03-18 18:39:58,2026-03-18 18:40:06
2,Blocked,2026-03-18 18:40:05,2026-03-18 18:40:06
11,Running,2026-03-18 18:24:43,2026-03-18 18:40:08
12,Starved,2026-03-18 18:40:03,2026-03-18 18:40:08
11,Starved,2026-03-18 18:40:08,2026-03-18 18:40:11
2,Running,2026-03-18 18:40:06,2026-03-18 18:41:02
12,Running,2026-03-18 18:40:08,2026-03-18 18:41:04
3,Running,2026-03-18 18:40:06,2026-03-18 18:41:09
12,Starved,2026-03-18 18:41:04,2026-03-18 18:41:18
3,Blocked,2026-03-18 18:41:09,2026-03-18 18:41:23
2,Blocked,2026-03-18 18:41:02,2026-03-18 18:41:23
8,Running,2026-03-18 18:39:13,2026-03-18 18:42:00
8,Blocked,2026-03-18 18:42:00,2026-03-18 18:42:07
2,Running,2026-03-18 18:41:23,2026-03-18 18:42:11
12,Running,2026-03-18 18:41:18,2026-03-18 18:42:15
12,Starved,2026-03-18 18:42:15,2026-03-18 18:42:18
3,Running,2026-03-18 18:41:23,2026-03-18 18:42:24
3,Blocked,2026-03-18 18:42:24,2026-03-18 18:42:31
2,Blocked,2026-03-18 18:42:11,2026-03-18 18:42:31
5,Running,2026-03-18 18:32:53,2026-03-18 18:43:01
5,Blocked,2026-03-18 18:43:01,2026-03-18 18:43:09
12,Running,2026-03-18 18:42:18,2026-03-18 18:43:14
11,Running,2026-03-18 18:40:11,2026-03-18 18:43:17
12,Starved,2026-03-18 18:43:14,2026-03-18 18:43:17
11,Starved,2026-03-18 18:43:17,2026-03-18 18:43:20
9,Running,2026-03-18 18:15:28,2026-03-18 18:43:57
8,Running,2026-03-18 18:42:07,2026-03-18 18:44:11
12,Running,2026-03-18 18:43:17,2026-03-18 18:44:14
12,Starved,2026-03-18 18:44:14,2026-03-18 18:44:16
2,Running,2026-03-18 18:42:31,2026-03-18 18:44:24
2,Blocked,2026-03-18 18:44:24,2026-03-18 18:44:33
9,Down,2026-03-18 18:43:57,2026-03-18 18:45:03
8,Blocked,2026-03-18 18:44:11,2026-03-18 18:45:03
12,Running,2026-03-18 18:44:16,2026-03-18 18:45:06
10,Running,2026-03-18 18:39:13,2026-03-18 18:45:16
12,Starved,2026-03-18 18:45:06,2026-03-18 18:45:19
10,Starved,2026-03-18 18:45:16,2026-03-18 18:46:06
11,Running,2026-03-18 18:43:20,2026-03-18 18:46:14
2,Running,2026-03-18 18:44:33,2026-03-18 18:46:43
2,Blocked,2026-03-18 18:46:43,2026-03-18 18:46:49
10,Running,2026-03-18 18:46:06,2026-03-18 18:47:14
11,Starved,2026-03-18 18:46:14,2026-03-18 18:47:14
12,Running,2026-03-18 18:45:19,2026-03-18 18:47:25
2,Running,2026-03-18 18:46:49,2026-03-18 18:47:42
3,Running,2026-03-18 18:42:31,2026-03-18 18:47:46
11,Running,2026-03-18 18:47:14,2026-03-18 18:48:09
12,Starved,2026-03-18 18:47:25,2026-03-18 18:48:09
10,Down,2026-03-18 18:47:14,2026-03-18 18:48:29
1,Running,2026-03-18 18:08:57,2026-03-18 18:49:06
12,Running,2026-03-18 18:48:09,2026-03-18 18:49:10
11,Starved,2026-03-18 18:48:09,2026-03-18 18:49:27
12,Starved,2026-03-18 18:49:10,2026-03-18 18:50:34
5,Running,2026-03-18 18:43:09,2026-03-18 18:50:55
5,Blocked,2026-03-18 18:50:55,2026-03-18 18:51:06
12,Running,2026-03-18 18:50:34,2026-03-18 18:51:31
12,Starved,2026-03-18 18:51:31,2026-03-18 18:51:34
5,Running,2026-03-18 18:51:06,2026-03-18 18:52:00
5,Blocked,2026-03-18 18:52:00,2026-03-18 18:52:06
4,Running,2026-03-18 16:36:42,2026-03-18 18:52:56
5,Running,2026-03-18 18:52:06,2026-03-18 18:53:01
5,Blocked,2026-03-18 18:53:01,2026-03-18 18:53:06
5,Running,2026-03-18 18:53:06,2026-03-18 18:54:06
5,Blocked,2026-03-18 18:54:06,2026-03-18 18:54:10
5,Running,2026-03-18 18:54:10,2026-03-18 18:55:03
5,Blocked,2026-03-18 18:55:03,2026-03-18 18:55:11
3,Down,2026-03-18 18:47:46,2026-03-18 18:55:32
2,Blocked,2026-03-18 18:47:42,2026-03-18 18:55:32
1,Blocked,2026-03-18 18:49:06,2026-03-18 18:55:32
5,Running,2026-03-18 18:55:11,2026-03-18 18:56:16
2,Running,2026-03-18 18:55:32,2026-03-18 18:56:38
4,Starved,2026-03-18 18:52:56,2026-03-18 18:56:43
2,Blocked,2026-03-18 18:56:38,2026-03-18 18:56:43
12,Running,2026-03-18 18:51:34,2026-03-18 18:56:46
12,Starved,2026-03-18 18:56:46,2026-03-18 18:56:58
12,Running,2026-03-18 18:56:58,2026-03-18 18:57:50
5,Starved,2026-03-18 18:56:16,2026-03-18 18:57:55
12,Starved,2026-03-18 18:57:50,2026-03-18 18:58:05
8,Running,2026-03-18 18:45:03,2026-03-18 18:58:33
8,Blocked,2026-03-18 18:58:33,2026-03-18 18:58:34
5,Running,2026-03-18 18:57:55,2026-03-18 18:58:46
5,Starved,2026-03-18 18:58:46,2026-03-18 18:58:57
12,Running,2026-03-18 18:58:05,2026-03-18 18:59:00
12,Starved,2026-03-18 18:59:00,2026-03-18 18:59:06
2,Running,2026-03-18 18:56:43,2026-03-18 18:59:36
2,Blocked,2026-03-18 18:59:36,2026-03-18 18:59:42
5,Running,2026-03-18 18:58:57,2026-03-18 18:59:56
5,Starved,2026-03-18 18:59:56,2026-03-18 19:00:08
12,Running,2026-03-18 18:59:06,2026-03-18 19:00:13
12,Starved,2026-03-18 19:00:13,2026-03-18 19:00:14
1,Down,2026-03-18 18:55:32,2026-03-18 19:00:36
12,Running,2026-03-18 19:00:14,2026-03-18 19:01:03
5,Running,2026-03-18 19:00:08,2026-03-18 19:01:06
12,Starved,2026-03-18 19:01:03,2026-03-18 19:01:23
5,Starved,2026-03-18 19:01:06,2026-03-18 19:01:38
8,Running,2026-03-18 18:58:34,2026-03-18 19:01:56
8,Blocked,2026-03-18 19:01:56,2026-03-18 19:02:01
12,Running,2026-03-18 19:01:23,2026-03-18 19:02:23
12,Starved,2026-03-18 19:02:23,2026-03-18 19:02:25
5,Running,2026-03-18 19:01:38,2026-03-18 19:02:35
2,Running,2026-03-18 18:59:42,2026-03-18 19:02:35
5,Starved,2026-03-18 19:02:35,2026-03-18 19:02:39
2,Blocked,2026-03-18 19:02:35,2026-03-18 19:02:40
2,Running,2026-03-18 19:02:40,2026-03-18 19:03:35
2,Blocked,2026-03-18 19:03:35,2026-03-18 19:03:35
2,Running,2026-03-18 19:03:35,2026-03-18 19:05:32
2,Blocked,2026-03-18 19:05:32,2026-03-18 19:05:32
5,Running,2026-03-18 19:02:39,2026-03-18 19:05:50
10,Running,2026-03-18 18:48:29,2026-03-18 19:05:52
8,Running,2026-03-18 19:02:01,2026-03-18 19:06:02
5,Starved,2026-03-18 19:05:50,2026-03-18 19:06:04
9,Running,2026-03-18 18:45:03,2026-03-18 19:06:11
10,Starved,2026-03-18 19:05:52,2026-03-18 19:06:11
5,Running,2026-03-18 19:06:04,2026-03-18 19:06:59
5,Starved,2026-03-18 19:06:59,2026-03-18 19:07:06
10,Running,2026-03-18 19:06:11,2026-03-18 19:07:12
2,Running,2026-03-18 19:05:32,2026-03-18 19:07:34
2,Blocked,2026-03-18 19:07:34,2026-03-18 19:07:39
5,Running,2026-03-18 19:07:06,2026-03-18 19:08:10
5,Starved,2026-03-18 19:08:10,2026-03-18 19:08:20
2,Running,2026-03-18 19:07:39,2026-03-18 19:08:32
2,Blocked,2026-03-18 19:08:32,2026-03-18 19:08:50
7,Running,2026-03-18 18:20:34,2026-03-18 19:08:51
11,Running,2026-03-18 18:49:27,2026-03-18 19:09:12
5,Running,2026-03-18 19:08:20,2026-03-18 19:09:15
5,Starved,2026-03-18 19:09:15,2026-03-18 19:09:43
2,Running,2026-03-18 19:08:50,2026-03-18 19:09:46
2,Blocked,2026-03-18 19:09:46,2026-03-18 19:09:47
12,Running,2026-03-18 19:02:25,2026-03-18 19:10:24
5,Running,2026-03-18 19:09:43,2026-03-18 19:10:33
2,Running,2026-03-18 19:09:47,2026-03-18 19:10:41
5,Starved,2026-03-18 19:10:33,2026-03-18 19:10:48
2,Blocked,2026-03-18 19:10:41,2026-03-18 19:10:53
2,Running,2026-03-18 19:10:53,2026-03-18 19:11:46
6,Running,2026-03-18 18:32:53,2026-03-18 19:11:48
6,Starved,2026-03-18 19:11:48,2026-03-18 19:11:50
2,Blocked,2026-03-18 19:11:46,2026-03-18 19:11:50
5,Running,2026-03-18 19:10:48,2026-03-18 19:12:51
5,Starved,2026-03-18 19:12:51,2026-03-18 19:13:03
5,Running,2026-03-18 19:13:03,2026-03-18 19:13:56
2,Running,2026-03-18 19:11:50,2026-03-18 19:13:59
2,Blocked,2026-03-18 19:13:59,2026-03-18 19:14:00
5,Starved,2026-03-18 19:13:56,2026-03-18 19:14:26
9,Down,2026-03-18 19:06:11,2026-03-18 19:14:38
8,Blocked,2026-03-18 19:06:02,2026-03-18 19:14:38
7,Blocked,2026-03-18 19:08:51,2026-03-18 19:14:38
6,Running,2026-03-18 19:11:50,2026-03-18 19:14:55
5,Running,2026-03-18 19:14:26,2026-03-18 19:15:19
6,Starved,2026-03-18 19:14:55,2026-03-18 19:15:19
5,Starved,2026-03-18 19:15:19,2026-03-18 19:15:24
10,Starved,2026-03-18 19:07:12,2026-03-18 19:15:36
6,Running,2026-03-18 19:15:19,2026-03-18 19:16:19
6,Starved,2026-03-18 19:16:19,2026-03-18 19:16:27
10,Running,2026-03-18 19:15:36,2026-03-18 19:16:31
11,Starved,2026-03-18 19:09:12,2026-03-18 19:16:31
10,Starved,2026-03-18 19:16:31,2026-03-18 19:16:37
11,Running,2026-03-18 19:16:31,2026-03-18 19:17:25
12,Starved,2026-03-18 19:10:24,2026-03-18 19:17:25
11,Starved,2026-03-18 19:17:25,2026-03-18 19:17:37
5,Running,2026-03-18 19:15:24,2026-03-18 19:18:16
12,Running,2026-03-18 19:17:25,2026-03-18 19:18:29
11,Running,2026-03-18 19:17:37,2026-03-18 19:18:30
12,Starved,2026-03-18 19:18:29,2026-03-18 19:18:30
11,Starved,2026-03-18 19:18:30,2026-03-18 19:18:32
5,Starved,2026-03-18 19:18:16,2026-03-18 19:18:52
11,Running,2026-03-18 19:18:32,2026-03-18 19:19:29
11,Starved,2026-03-18 19:19:29,2026-03-18 19:19:30
6,Running,2026-03-18 19:16:27,2026-03-18 19:19:36
5,Running,2026-03-18 19:18:52,2026-03-18 19:19:50
6,Starved,2026-03-18 19:19:36,2026-03-18 19:19:50
5,Starved,2026-03-18 19:19:50,2026-03-18 19:19:54
10,Running,2026-03-18 19:16:37,2026-03-18 19:20:25
10,Starved,2026-03-18 19:20:25,2026-03-18 19:20:26
12,Running,2026-03-18 19:18:30,2026-03-18 19:20:29
12,Starved,2026-03-18 19:20:29,2026-03-18 19:20:36
5,Running,2026-03-18 19:19:54,2026-03-18 19:20:47
5,Starved,2026-03-18 19:20:47,2026-03-18 19:20:54
8,Running,2026-03-18 19:14:38,2026-03-18 19:21:19
10,Running,2026-03-18 19:20:26,2026-03-18 19:21:24
10,Starved,2026-03-18 19:21:24,2026-03-18 19:21:40
8,Blocked,2026-03-18 19:21:19,2026-03-18 19:21:40
12,Running,2026-03-18 19:20:36,2026-03-18 19:21:41
12,Starved,2026-03-18 19:21:41,2026-03-18 19:21:47
5,Running,2026-03-18 19:20:54,2026-03-18 19:21:50
5,Starved,2026-03-18 19:21:50,2026-03-18 19:22:18
8,Running,2026-03-18 19:21:40,2026-03-18 19:22:34
8,Blocked,2026-03-18 19:22:34,2026-03-18 19:22:38
6,Running,2026-03-18 19:19:50,2026-03-18 19:22:43
12,Running,2026-03-18 19:21:47,2026-03-18 19:22:51
12,Starved,2026-03-18 19:22:51,2026-03-18 19:22:52
5,Running,2026-03-18 19:22:18,2026-03-18 19:23:19
6,Starved,2026-03-18 19:22:43,2026-03-18 19:23:19
8,Running,2026-03-18 19:22:38,2026-03-18 19:23:32
8,Blocked,2026-03-18 19:23:32,2026-03-18 19:23:32
11,Running,2026-03-18 19:19:30,2026-03-18 19:23:46
5,Starved,2026-03-18 19:23:19,2026-03-18 19:23:48
11,Starved,2026-03-18 19:23:46,2026-03-18 19:23:50
6,Running,2026-03-18 19:23:19,2026-03-18 19:24:17
8,Running,2026-03-18 19:23:32,2026-03-18 19:24:28
8,Blocked,2026-03-18 19:24:28,2026-03-18 19:24:35
5,Running,2026-03-18 19:23:48,2026-03-18 19:24:44
6,Starved,2026-03-18 19:24:17,2026-03-18 19:24:44
12,Running,2026-03-18 19:22:52,2026-03-18 19:24:48
11,Running,2026-03-18 19:23:50,2026-03-18 19:24:48
12,Starved,2026-03-18 19:24:48,2026-03-18 19:24:48
11,Starved,2026-03-18 19:24:48,2026-03-18 19:24:49
5,Starved,2026-03-18 19:24:44,2026-03-18 19:25:07
8,Running,2026-03-18 19:24:35,2026-03-18 19:25:34
11,Running,2026-03-18 19:24:49,2026-03-18 19:25:39
6,Running,2026-03-18 19:24:44,2026-03-18 19:25:44
10,Running,2026-03-18 19:21:40,2026-03-18 19:25:59
11,Starved,2026-03-18 19:25:39,2026-03-18 19:25:59
3,Running,2026-03-18 18:55:32,2026-03-18 19:26:07
5,Running,2026-03-18 19:25:07,2026-03-18 19:26:08
6,Starved,2026-03-18 19:25:44,2026-03-18 19:26:08
10,Starved,2026-03-18 19:25:59,2026-03-18 19:26:10
8,Blocked,2026-03-18 19:25:34,2026-03-18 19:26:10
5,Starved,2026-03-18 19:26:08,2026-03-18 19:26:17
3,Blocked,2026-03-18 19:26:07,2026-03-18 19:26:17
12,Running,2026-03-18 19:24:48,2026-03-18 19:26:41
11,Running,2026-03-18 19:25:59,2026-03-18 19:27:02
12,Starved,2026-03-18 19:26:41,2026-03-18 19:27:02
11,Starved,2026-03-18 19:27:02,2026-03-18 19:27:07
5,Running,2026-03-18 19:26:17,2026-03-18 19:27:10
3,Running,2026-03-18 19:26:17,2026-03-18 19:27:14
5,Starved,2026-03-18 19:27:10,2026-03-18 19:27:22
3,Blocked,2026-03-18 19:27:14,2026-03-18 19:27:22
12,Running,2026-03-18 19:27:02,2026-03-18 19:27:56
10,Running,2026-03-18 19:26:10,2026-03-18 19:28:08
12,Starved,2026-03-18 19:27:56,2026-03-18 19:28:09
6,Running,2026-03-18 19:26:08,2026-03-18 19:28:11
8,Running,2026-03-18 19:26:10,2026-03-18 19:28:13
5,Running,2026-03-18 19:27:22,2026-03-18 19:28:23
6,Starved,2026-03-18 19:28:11,2026-03-18 19:28:23
3,Running,2026-03-18 19:27:22,2026-03-18 19:28:23
10,Starved,2026-03-18 19:28:08,2026-03-18 19:28:26
8,Blocked,2026-03-18 19:28:13,2026-03-18 19:28:26
5,Starved,2026-03-18 19:28:23,2026-03-18 19:28:32
3,Blocked,2026-03-18 19:28:23,2026-03-18 19:28:32
12,Running,2026-03-18 19:28:09,2026-03-18 19:29:01
11,Running,2026-03-18 19:27:07,2026-03-18 19:29:20
12,Starved,2026-03-18 19:29:01,2026-03-18 19:29:20
6,Running,2026-03-18 19:28:23,2026-03-18 19:29:28
11,Starved,2026-03-18 19:29:20,2026-03-18 19:29:38
6,Starved,2026-03-18 19:29:28,2026-03-18 19:29:40
12,Running,2026-03-18 19:29:20,2026-03-18 19:30:20
3,Running,2026-03-18 19:28:32,2026-03-18 19:30:31
2,Running,2026-03-18 19:14:00,2026-03-18 19:30:33
5,Running,2026-03-18 19:28:32,2026-03-18 19:30:34
5,Starved,2026-03-18 19:30:34,2026-03-18 19:30:37
3,Blocked,2026-03-18 19:30:31,2026-03-18 19:30:37
2,Blocked,2026-03-18 19:30:33,2026-03-18 19:30:37
12,Starved,2026-03-18 19:30:20,2026-03-18 19:30:38
5,Running,2026-03-18 19:30:37,2026-03-18 19:31:27
2,Running,2026-03-18 19:30:37,2026-03-18 19:31:28
8,Running,2026-03-18 19:28:26,2026-03-18 19:31:29
10,Running,2026-03-18 19:28:26,2026-03-18 19:31:30
3,Running,2026-03-18 19:30:37,2026-03-18 19:31:31
12,Running,2026-03-18 19:30:38,2026-03-18 19:31:32
10,Starved,2026-03-18 19:31:30,2026-03-18 19:31:34
8,Blocked,2026-03-18 19:31:29,2026-03-18 19:31:34
5,Starved,2026-03-18 19:31:27,2026-03-18 19:31:37
3,Blocked,2026-03-18 19:31:31,2026-03-18 19:31:37
2,Blocked,2026-03-18 19:31:28,2026-03-18 19:31:37
12,Starved,2026-03-18 19:31:32,2026-03-18 19:31:44
8,Running,2026-03-18 19:31:34,2026-03-18 19:32:25
10,Running,2026-03-18 19:31:34,2026-03-18 19:32:30
10,Starved,2026-03-18 19:32:30,2026-03-18 19:32:31
8,Blocked,2026-03-18 19:32:25,2026-03-18 19:32:31
6,Running,2026-03-18 19:29:40,2026-03-18 19:32:32
3,Running,2026-03-18 19:31:37,2026-03-18 19:32:39
2,Running,2026-03-18 19:31:37,2026-03-18 19:32:39
12,Running,2026-03-18 19:31:44,2026-03-18 19:32:43
5,Running,2026-03-18 19:31:37,2026-03-18 19:32:43
6,Starved,2026-03-18 19:32:32,2026-03-18 19:32:43
12,Starved,2026-03-18 19:32:43,2026-03-18 19:32:45
5,Starved,2026-03-18 19:32:43,2026-03-18 19:33:06
3,Blocked,2026-03-18 19:32:39,2026-03-18 19:33:06
2,Blocked,2026-03-18 19:32:39,2026-03-18 19:33:06
6,Running,2026-03-18 19:32:43,2026-03-18 19:33:47
3,Running,2026-03-18 19:33:06,2026-03-18 19:34:00
3,Blocked,2026-03-18 19:34:00,2026-03-18 19:34:01
6,Starved,2026-03-18 19:33:47,2026-03-18 19:34:18
10,Running,2026-03-18 19:32:31,2026-03-18 19:34:28
10,Starved,2026-03-18 19:34:28,2026-03-18 19:34:30
3,Running,2026-03-18 19:34:01,2026-03-18 19:34:59
3,Blocked,2026-03-18 19:34:59,2026-03-18 19:35:06
6,Running,2026-03-18 19:34:18,2026-03-18 19:35:19
10,Running,2026-03-18 19:34:30,2026-03-18 19:35:21
6,Starved,2026-03-18 19:35:19,2026-03-18 19:35:24
10,Starved,2026-03-18 19:35:21,2026-03-18 19:35:31
6,Running,2026-03-18 19:35:24,2026-03-18 19:36:16
6,Starved,2026-03-18 19:36:16,2026-03-18 19:36:22
10,Running,2026-03-18 19:35:31,2026-03-18 19:36:24
10,Starved,2026-03-18 19:36:24,2026-03-18 19:36:37
12,Running,2026-03-18 19:32:45,2026-03-18 19:36:47
12,Starved,2026-03-18 19:36:47,2026-03-18 19:36:47
8,Running,2026-03-18 19:32:31,2026-03-18 19:37:30
10,Running,2026-03-18 19:36:37,2026-03-18 19:37:34
10,Starved,2026-03-18 19:37:34,2026-03-18 19:37:37
8,Blocked,2026-03-18 19:37:30,2026-03-18 19:37:37
12,Running,2026-03-18 19:36:47,2026-03-18 19:37:47
12,Starved,2026-03-18 19:37:47,2026-03-18 19:38:00
12,Running,2026-03-18 19:38:00,2026-03-18 19:39:01
2,Running,2026-03-18 19:33:06,2026-03-18 19:39:03
12,Starved,2026-03-18 19:39:01,2026-03-18 19:39:04
3,Running,2026-03-18 19:35:06,2026-03-18 19:39:05
3,Blocked,2026-03-18 19:39:05,2026-03-18 19:39:17
2,Blocked,2026-03-18 19:39:03,2026-03-18 19:39:17
6,Running,2026-03-18 19:36:22,2026-03-18 19:39:21
6,Starved,2026-03-18 19:39:21,2026-03-18 19:39:22
12,Running,2026-03-18 19:39:04,2026-03-18 19:39:59
12,Starved,2026-03-18 19:39:59,2026-03-18 19:40:04
2,Running,2026-03-18 19:39:17,2026-03-18 19:40:13
3,Running,2026-03-18 19:39:17,2026-03-18 19:40:20
6,Running,2026-03-18 19:39:22,2026-03-18 19:40:22
3,Blocked,2026-03-18 19:40:20,2026-03-18 19:40:23
2,Blocked,2026-03-18 19:40:13,2026-03-18 19:40:23
6,Starved,2026-03-18 19:40:22,2026-03-18 19:40:23
12,Running,2026-03-18 19:40:04,2026-03-18 19:40:57
12,Starved,2026-03-18 19:40:57,2026-03-18 19:41:00
3,Running,2026-03-18 19:40:23,2026-03-18 19:41:21
2,Running,2026-03-18 19:40:23,2026-03-18 19:41:21
5,Running,2026-03-18 19:33:06,2026-03-18 19:41:21
5,Starved,2026-03-18 19:41:21,2026-03-18 19:41:29
3,Blocked,2026-03-18 19:41:21,2026-03-18 19:41:29
2,Blocked,2026-03-18 19:41:21,2026-03-18 19:41:29
8,Running,2026-03-18 19:37:37,2026-03-18 19:41:48
11,Running,2026-03-18 19:29:38,2026-03-18 19:42:50
12,Running,2026-03-18 19:41:00,2026-03-18 19:42:53
10,Running,2026-03-18 19:37:37,2026-03-18 19:42:54
11,Starved,2026-03-18 19:42:50,2026-03-18 19:42:54
10,Starved,2026-03-18 19:42:54,2026-03-18 19:42:57
7,Running,2026-03-18 19:14:38,2026-03-18 19:43:13
2,Running,2026-03-18 19:41:29,2026-03-18 19:43:19
6,Running,2026-03-18 19:40:23,2026-03-18 19:43:24
5,Running,2026-03-18 19:41:29,2026-03-18 19:43:28
6,Starved,2026-03-18 19:43:24,2026-03-18 19:43:28
3,Running,2026-03-18 19:41:29,2026-03-18 19:43:28
5,Starved,2026-03-18 19:43:28,2026-03-18 19:43:32
3,Blocked,2026-03-18 19:43:28,2026-03-18 19:43:32
2,Blocked,2026-03-18 19:43:19,2026-03-18 19:43:32
11,Running,2026-03-18 19:42:54,2026-03-18 19:43:51
11,Starved,2026-03-18 19:43:51,2026-03-18 19:44:07
6,Running,2026-03-18 19:43:28,2026-03-18 19:44:21
3,Running,2026-03-18 19:43:32,2026-03-18 19:44:27
2,Running,2026-03-18 19:43:32,2026-03-18 19:44:28
5,Running,2026-03-18 19:43:32,2026-03-18 19:44:34
6,Starved,2026-03-18 19:44:21,2026-03-18 19:44:34
5,Starved,2026-03-18 19:44:34,2026-03-18 19:44:35
3,Blocked,2026-03-18 19:44:27,2026-03-18 19:44:35
2,Blocked,2026-03-18 19:44:28,2026-03-18 19:44:35
12,Down,2026-03-18 19:42:53,2026-03-18 19:44:40
11,Running,2026-03-18 19:44:07,2026-03-18 19:45:05
11,Starved,2026-03-18 19:45:05,2026-03-18 19:45:09
6,Running,2026-03-18 19:44:34,2026-03-18 19:45:32
6,Down,2026-03-18 19:45:32,2026-03-18 19:45:56
11,Running,2026-03-18 19:45:09,2026-03-18 19:46:01
11,Starved,2026-03-18 19:46:01,2026-03-18 19:46:04
8,Down,2026-03-18 19:41:48,2026-03-18 19:46:23
7,Blocked,2026-03-18 19:43:13,2026-03-18 19:46:23
5,Running,2026-03-18 19:44:35,2026-03-18 19:46:26
5,Starved,2026-03-18 19:46:26,2026-03-18 19:46:27
10,Running,2026-03-18 19:42:57,2026-03-18 19:46:57
9,Running,2026-03-18 19:14:38,2026-03-18 19:46:58
10,Starved,2026-03-18 19:46:57,2026-03-18 19:46:58
5,Running,2026-03-18 19:46:27,2026-03-18 19:47:23
7,Running,2026-03-18 19:46:23,2026-03-18 19:47:25
9,Starved,2026-03-18 19:46:58,2026-03-18 19:47:26
7,Blocked,2026-03-18 19:47:25,2026-03-18 19:47:26
5,Starved,2026-03-18 19:47:23,2026-03-18 19:47:32
2,Running,2026-03-18 19:44:35,2026-03-18 19:47:48
11,Running,2026-03-18 19:46:04,2026-03-18 19:47:58
10,Running,2026-03-18 19:46:58,2026-03-18 19:48:01
11,Starved,2026-03-18 19:47:58,2026-03-18 19:48:01
9,Running,2026-03-18 19:47:26,2026-03-18 19:48:24
10,Starved,2026-03-18 19:48:01,2026-03-18 19:48:24
9,Starved,2026-03-18 19:48:24,2026-03-18 19:48:33
11,Running,2026-03-18 19:48:01,2026-03-18 19:48:55
10,Running,2026-03-18 19:48:24,2026-03-18 19:49:23
5,Running,2026-03-18 19:47:32,2026-03-18 19:49:31
3,Running,2026-03-18 19:44:35,2026-03-18 19:49:38
10,Starved,2026-03-18 19:49:23,2026-03-18 19:49:55
11,Down,2026-03-18 19:48:55,2026-03-18 19:49:57
5,Starved,2026-03-18 19:49:31,2026-03-18 19:50:04
3,Blocked,2026-03-18 19:49:38,2026-03-18 19:50:04
11,Running,2026-03-18 19:49:57,2026-03-18 19:50:49
6,Running,2026-03-18 19:45:56,2026-03-18 19:50:52
11,Starved,2026-03-18 19:50:49,2026-03-18 19:50:52
6,Starved,2026-03-18 19:50:52,2026-03-18 19:51:09
1,Running,2026-03-18 19:00:36,2026-03-18 19:51:20
11,Running,2026-03-18 19:50:52,2026-03-18 19:51:48
10,Running,2026-03-18 19:49:55,2026-03-18 19:51:55
11,Starved,2026-03-18 19:51:48,2026-03-18 19:51:55
6,Running,2026-03-18 19:51:09,2026-03-18 19:52:00
5,Running,2026-03-18 19:50:04,2026-03-18 19:52:05
6,Starved,2026-03-18 19:52:00,2026-03-18 19:52:05
3,Running,2026-03-18 19:50:04,2026-03-18 19:52:07
5,Starved,2026-03-18 19:52:05,2026-03-18 19:52:08
3,Blocked,2026-03-18 19:52:07,2026-03-18 19:52:08
10,Starved,2026-03-18 19:51:55,2026-03-18 19:52:18
3,Running,2026-03-18 19:52:08,2026-03-18 19:52:57
11,Running,2026-03-18 19:51:55,2026-03-18 19:52:57
5,Running,2026-03-18 19:52:08,2026-03-18 19:53:01
10,Running,2026-03-18 19:52:18,2026-03-18 19:53:16
11,Starved,2026-03-18 19:52:57,2026-03-18 19:53:16
10,Starved,2026-03-18 19:53:16,2026-03-18 19:53:20
5,Starved,2026-03-18 19:53:01,2026-03-18 19:53:27
3,Blocked,2026-03-18 19:52:57,2026-03-18 19:53:27
12,Running,2026-03-18 19:44:40,2026-03-18 19:54:15
12,Starved,2026-03-18 19:54:15,2026-03-18 19:54:15
6,Running,2026-03-18 19:52:05,2026-03-18 19:54:16
5,Running,2026-03-18 19:53:27,2026-03-18 19:54:18
6,Starved,2026-03-18 19:54:16,2026-03-18 19:54:18
3,Running,2026-03-18 19:53:27,2026-03-18 19:54:36
5,Starved,2026-03-18 19:54:18,2026-03-18 19:54:44
3,Blocked,2026-03-18 19:54:36,2026-03-18 19:54:44
10,Running,2026-03-18 19:53:20,2026-03-18 19:55:05
12,Running,2026-03-18 19:54:15,2026-03-18 19:55:12
12,Starved,2026-03-18 19:55:12,2026-03-18 19:55:13
10,Starved,2026-03-18 19:55:05,2026-03-18 19:55:19
6,Running,2026-03-18 19:54:18,2026-03-18 19:55:26
2,Down,2026-03-18 19:47:48,2026-03-18 19:55:30
1,Blocked,2026-03-18 19:51:20,2026-03-18 19:55:30
3,Running,2026-03-18 19:54:44,2026-03-18 19:55:43
5,Running,2026-03-18 19:54:44,2026-03-18 19:55:46
6,Starved,2026-03-18 19:55:26,2026-03-18 19:55:46
5,Starved,2026-03-18 19:55:46,2026-03-18 19:55:52
3,Blocked,2026-03-18 19:55:43,2026-03-18 19:55:52
12,Running,2026-03-18 19:55:13,2026-03-18 19:56:05
10,Running,2026-03-18 19:55:19,2026-03-18 19:56:17
12,Starved,2026-03-18 19:56:05,2026-03-18 19:56:18
10,Starved,2026-03-18 19:56:17,2026-03-18 19:56:41
6,Running,2026-03-18 19:55:46,2026-03-18 19:56:49
3,Running,2026-03-18 19:55:52,2026-03-18 19:56:50
5,Running,2026-03-18 19:55:52,2026-03-18 19:56:53
6,Starved,2026-03-18 19:56:49,2026-03-18 19:56:53
5,Starved,2026-03-18 19:56:53,2026-03-18 19:57:08
3,Blocked,2026-03-18 19:56:50,2026-03-18 19:57:08
12,Running,2026-03-18 19:56:18,2026-03-18 19:57:19
11,Running,2026-03-18 19:53:16,2026-03-18 19:57:20
6,Running,2026-03-18 19:56:53,2026-03-18 19:57:45
10,Running,2026-03-18 19:56:41,2026-03-18 19:57:46
11,Starved,2026-03-18 19:57:20,2026-03-18 19:57:46
3,Running,2026-03-18 19:57:08,2026-03-18 19:57:58
10,Starved,2026-03-18 19:57:46,2026-03-18 19:58:05
3,Blocked,2026-03-18 19:57:58,2026-03-18 19:58:08
6,Starved,2026-03-18 19:57:45,2026-03-18 19:58:08
11,Running,2026-03-18 19:57:46,2026-03-18 19:58:46
10,Running,2026-03-18 19:58:05,2026-03-18 19:58:57
11,Starved,2026-03-18 19:58:46,2026-03-18 19:58:57
10,Starved,2026-03-18 19:58:57,2026-03-18 19:59:04
11,Running,2026-03-18 19:58:57,2026-03-18 19:59:54
10,Running,2026-03-18 19:59:04,2026-03-18 20:00:00
10,Starved,2026-03-18 20:00:00,2026-03-18 20:00:01
10,Running,2026-03-18 20:00:01,2026-03-18 20:00:51
10,Starved,2026-03-18 20:00:51,2026-03-18 20:01:22
1,Running,2026-03-18 19:55:30,2026-03-18 20:01:28
1,Blocked,2026-03-18 20:01:28,2026-03-18 20:01:32
5,Running,2026-03-18 19:57:08,2026-03-18 20:01:54
5,Starved,2026-03-18 20:01:54,2026-03-18 20:01:56
5,Running,2026-03-18 20:01:56,2026-03-18 20:03:05
5,Starved,2026-03-18 20:03:05,2026-03-18 20:03:05
12,Down,2026-03-18 19:57:19,2026-03-18 20:03:10
11,Blocked,2026-03-18 19:59:54,2026-03-18 20:03:10
1,Running,2026-03-18 20:01:32,2026-03-18 20:03:36
1,Blocked,2026-03-18 20:03:36,2026-03-18 20:03:41
5,Running,2026-03-18 20:03:05,2026-03-18 20:04:04
3,Running,2026-03-18 19:58:08,2026-03-18 20:04:06
5,Starved,2026-03-18 20:04:04,2026-03-18 20:04:20
3,Blocked,2026-03-18 20:04:06,2026-03-18 20:04:20
11,Running,2026-03-18 20:03:10,2026-03-18 20:05:04
11,Blocked,2026-03-18 20:05:04,2026-03-18 20:05:05
3,Running,2026-03-18 20:04:20,2026-03-18 20:05:13
3,Blocked,2026-03-18 20:05:13,2026-03-18 20:05:20
10,Running,2026-03-18 20:01:22,2026-03-18 20:05:26
10,Starved,2026-03-18 20:05:26,2026-03-18 20:05:33
1,Running,2026-03-18 20:03:41,2026-03-18 20:05:37
1,Blocked,2026-03-18 20:05:37,2026-03-18 20:05:42
3,Running,2026-03-18 20:05:20,2026-03-18 20:06:16
3,Blocked,2026-03-18 20:06:16,2026-03-18 20:06:23
1,Running,2026-03-18 20:05:42,2026-03-18 20:06:38
1,Blocked,2026-03-18 20:06:38,2026-03-18 20:06:44
3,Running,2026-03-18 20:06:23,2026-03-18 20:07:22
5,Running,2026-03-18 20:04:20,2026-03-18 20:07:23
5,Starved,2026-03-18 20:07:23,2026-03-18 20:07:27
3,Blocked,2026-03-18 20:07:22,2026-03-18 20:07:27
3,Running,2026-03-18 20:07:27,2026-03-18 20:08:18
5,Running,2026-03-18 20:07:27,2026-03-18 20:08:32
5,Starved,2026-03-18 20:08:32,2026-03-18 20:08:40
3,Blocked,2026-03-18 20:08:18,2026-03-18 20:08:40
6,Running,2026-03-18 19:58:08,2026-03-18 20:08:41
1,Running,2026-03-18 20:06:44,2026-03-18 20:08:46
1,Blocked,2026-03-18 20:08:46,2026-03-18 20:08:49
11,Running,2026-03-18 20:05:05,2026-03-18 20:09:11
11,Blocked,2026-03-18 20:09:11,2026-03-18 20:09:11
1,Running,2026-03-18 20:08:49,2026-03-18 20:10:54
1,Blocked,2026-03-18 20:10:54,2026-03-18 20:10:56
3,Running,2026-03-18 20:08:40,2026-03-18 20:11:34
5,Running,2026-03-18 20:08:40,2026-03-18 20:11:51
3,Blocked,2026-03-18 20:11:34,2026-03-18 20:11:53
3,Running,2026-03-18 20:11:53,2026-03-18 20:12:48
1,Running,2026-03-18 20:10:56,2026-03-18 20:12:55
3,Blocked,2026-03-18 20:12:48,2026-03-18 20:12:59
1,Blocked,2026-03-18 20:12:55,2026-03-18 20:13:00
1,Running,2026-03-18 20:13:00,2026-03-18 20:13:56
1,Blocked,2026-03-18 20:13:56,2026-03-18 20:14:05
10,Running,2026-03-18 20:05:33,2026-03-18 20:14:28
10,Starved,2026-03-18 20:14:28,2026-03-18 20:14:44
3,Running,2026-03-18 20:12:59,2026-03-18 20:14:57
3,Blocked,2026-03-18 20:14:57,2026-03-18 20:15:02
3,Running,2026-03-18 20:15:02,2026-03-18 20:16:02
1,Running,2026-03-18 20:14:05,2026-03-18 20:16:13
1,Blocked,2026-03-18 20:16:13,2026-03-18 20:16:16
3,Blocked,2026-03-18 20:16:02,2026-03-18 20:16:34
10,Running,2026-03-18 20:14:44,2026-03-18 20:16:48
10,Starved,2026-03-18 20:16:48,2026-03-18 20:16:57
3,Running,2026-03-18 20:16:34,2026-03-18 20:17:34
3,Blocked,2026-03-18 20:17:34,2026-03-18 20:17:36
10,Running,2026-03-18 20:16:57,2026-03-18 20:17:59
10,Starved,2026-03-18 20:17:59,2026-03-18 20:18:13
3,Running,2026-03-18 20:17:36,2026-03-18 20:18:43
8,Running,2026-03-18 19:46:23,2026-03-18 20:18:50
3,Blocked,2026-03-18 20:18:43,2026-03-18 20:18:54
8,Starved,2026-03-18 20:18:50,2026-03-18 20:19:03
10,Running,2026-03-18 20:18:13,2026-03-18 20:19:12
10,Starved,2026-03-18 20:19:12,2026-03-18 20:19:35
3,Running,2026-03-18 20:18:54,2026-03-18 20:19:59
10,Running,2026-03-18 20:19:35,2026-03-18 20:20:28
3,Blocked,2026-03-18 20:19:59,2026-03-18 20:20:28
10,Starved,2026-03-18 20:20:28,2026-03-18 20:20:32
8,Running,2026-03-18 20:19:03,2026-03-18 20:21:01
8,Starved,2026-03-18 20:21:01,2026-03-18 20:21:05
3,Running,2026-03-18 20:20:28,2026-03-18 20:21:28
3,Blocked,2026-03-18 20:21:28,2026-03-18 20:21:39
8,Running,2026-03-18 20:21:05,2026-03-18 20:22:06
8,Starved,2026-03-18 20:22:06,2026-03-18 20:22:11
3,Running,2026-03-18 20:21:39,2026-03-18 20:22:46
3,Blocked,2026-03-18 20:22:46,2026-03-18 20:22:51
1,Running,2026-03-18 20:16:16,2026-03-18 20:23:19
1,Blocked,2026-03-18 20:23:19,2026-03-18 20:23:22
3,Running,2026-03-18 20:22:51,2026-03-18 20:23:46
4,Running,2026-03-18 18:56:43,2026-03-18 20:23:54
2,Running,2026-03-18 19:55:30,2026-03-18 20:28:03
1,Running,2026-03-18 20:23:22,2026-03-18 20:28:41
6,Down,2026-03-18 20:08:41,2026-03-18 20:29:21
5,Blocked,2026-03-18 20:11:51,2026-03-18 20:29:21
8,Running,2026-03-18 20:22:11,2026-03-18 20:32:18
8,Starved,2026-03-18 20:32:18,2026-03-18 20:32:36
6,Running,2026-03-18 20:29:21,2026-03-18 20:33:19
8,Running,2026-03-18 20:32:36,2026-03-18 20:33:37
8,Starved,2026-03-18 20:33:37,2026-03-18 20:33:37
8,Running,2026-03-18 20:33:37,2026-03-18 20:34:40
8,Starved,2026-03-18 20:34:40,2026-03-18 20:34:44
10,Running,2026-03-18 20:20:32,2026-03-18 20:35:02
10,Starved,2026-03-18 20:35:02,2026-03-18 20:35:11
8,Running,2026-03-18 20:34:44,2026-03-18 20:35:42
8,Starved,2026-03-18 20:35:42,2026-03-18 20:35:57
5,Down,2026-03-18 20:29:21,2026-03-18 20:36:51
4,Blocked,2026-03-18 20:23:54,2026-03-18 20:36:51
3,Blocked,2026-03-18 20:23:46,2026-03-18 20:36:51
2,Blocked,2026-03-18 20:28:03,2026-03-18 20:36:51
2,Down,2026-03-18 20:36:51,2026-03-18 20:37:11
1,Blocked,2026-03-18 20:28:41,2026-03-18 20:37:11
6,Starved,2026-03-18 20:33:19,2026-03-18 20:37:50
3,Running,2026-03-18 20:36:51,2026-03-18 20:37:57
10,Running,2026-03-18 20:35:11,2026-03-18 20:38:09
2,Running,2026-03-18 20:37:11,2026-03-18 20:38:10
10,Starved,2026-03-18 20:38:09,2026-03-18 20:38:11
3,Blocked,2026-03-18 20:37:57,2026-03-18 20:38:18
2,Blocked,2026-03-18 20:38:10,2026-03-18 20:38:18
6,Running,2026-03-18 20:37:50,2026-03-18 20:38:43
6,Starved,2026-03-18 20:38:43,2026-03-18 20:38:48
1,Running,2026-03-18 20:37:11,2026-03-18 20:39:05
3,Running,2026-03-18 20:38:18,2026-03-18 20:39:09
3,Blocked,2026-03-18 20:39:09,2026-03-18 20:39:21
1,Blocked,2026-03-18 20:39:05,2026-03-18 20:39:22
1,Running,2026-03-18 20:39:22,2026-03-18 20:40:12
2,Running,2026-03-18 20:38:18,2026-03-18 20:40:23
2,Blocked,2026-03-18 20:40:23,2026-03-18 20:40:29
1,Blocked,2026-03-18 20:40:12,2026-03-18 20:40:29
3,Running,2026-03-18 20:39:21,2026-03-18 20:41:19
2,Running,2026-03-18 20:40:29,2026-03-18 20:41:20
3,Blocked,2026-03-18 20:41:19,2026-03-18 20:41:55
2,Blocked,2026-03-18 20:41:20,2026-03-18 20:41:55
10,Running,2026-03-18 20:38:11,2026-03-18 20:42:16
2,Running,2026-03-18 20:41:55,2026-03-18 20:42:48
8,Running,2026-03-18 20:35:57,2026-03-18 20:42:52
8,Starved,2026-03-18 20:42:52,2026-03-18 20:43:00
2,Blocked,2026-03-18 20:42:48,2026-03-18 20:43:08
8,Running,2026-03-18 20:43:00,2026-03-18 20:44:07
8,Starved,2026-03-18 20:44:07,2026-03-18 20:44:08
3,Running,2026-03-18 20:41:55,2026-03-18 20:45:02
3,Blocked,2026-03-18 20:45:02,2026-03-18 20:45:03
8,Running,2026-03-18 20:44:08,2026-03-18 20:45:09
9,Running,2026-03-18 19:48:33,2026-03-18 20:45:09
8,Starved,2026-03-18 20:45:09,2026-03-18 20:45:17
11,Running,2026-03-18 20:09:11,2026-03-18 20:45:50
3,Running,2026-03-18 20:45:03,2026-03-18 20:46:06
8,Running,2026-03-18 20:45:17,2026-03-18 20:46:09
3,Blocked,2026-03-18 20:46:06,2026-03-18 20:46:21
8,Starved,2026-03-18 20:46:09,2026-03-18 20:46:32
10,Down,2026-03-18 20:42:16,2026-03-18 20:47:17
9,Blocked,2026-03-18 20:45:09,2026-03-18 20:47:17
3,Running,2026-03-18 20:46:21,2026-03-18 20:47:17
3,Blocked,2026-03-18 20:47:17,2026-03-18 20:47:17
1,Down,2026-03-18 20:40:29,2026-03-18 20:47:20
8,Running,2026-03-18 20:46:32,2026-03-18 20:47:31
8,Starved,2026-03-18 20:47:31,2026-03-18 20:47:55
11,Starved,2026-03-18 20:45:50,2026-03-18 20:48:17
12,Running,2026-03-18 20:03:10,2026-03-18 20:48:54
12,Starved,2026-03-18 20:48:54,2026-03-18 20:49:16
11,Running,2026-03-18 20:48:17,2026-03-18 20:53:00
11,Starved,2026-03-18 20:53:00,2026-03-18 20:53:07
11,Running,2026-03-18 20:53:07,2026-03-18 20:55:00
11,Starved,2026-03-18 20:55:00,2026-03-18 20:55:10
3,Running,2026-03-18 20:47:17,2026-03-18 20:55:24
3,Blocked,2026-03-18 20:55:24,2026-03-18 20:55:27
3,Running,2026-03-18 20:55:27,2026-03-18 20:56:25
8,Running,2026-03-18 20:47:55,2026-03-18 20:56:32
3,Blocked,2026-03-18 20:56:25,2026-03-18 20:56:34
8,Starved,2026-03-18 20:56:32,2026-03-18 20:56:38
11,Running,2026-03-18 20:55:10,2026-03-18 20:57:10
11,Starved,2026-03-18 20:57:10,2026-03-18 20:57:11
5,Running,2026-03-18 20:36:51,2026-03-18 20:57:16
8,Running,2026-03-18 20:56:38,2026-03-18 20:57:51
7,Running,2026-03-18 19:47:26,2026-03-18 20:57:53
8,Starved,2026-03-18 20:57:51,2026-03-18 20:57:53
12,Running,2026-03-18 20:49:16,2026-03-18 20:58:12
12,Starved,2026-03-18 20:58:12,2026-03-18 20:58:13
3,Running,2026-03-18 20:56:34,2026-03-18 20:58:27
2,Running,2026-03-18 20:43:08,2026-03-18 20:58:45
8,Running,2026-03-18 20:57:53,2026-03-18 20:58:48
3,Blocked,2026-03-18 20:58:27,2026-03-18 20:58:48
2,Blocked,2026-03-18 20:58:45,2026-03-18 20:58:48
11,Running,2026-03-18 20:57:11,2026-03-18 20:59:11
11,Starved,2026-03-18 20:59:11,2026-03-18 20:59:17
6,Running,2026-03-18 20:38:48,2026-03-18 20:59:22
3,Running,2026-03-18 20:58:48,2026-03-18 20:59:42
2,Running,2026-03-18 20:58:48,2026-03-18 20:59:52
4,Running,2026-03-18 20:36:51,2026-03-18 21:00:09
12,Running,2026-03-18 20:58:13,2026-03-18 21:00:16
12,Starved,2026-03-18 21:00:16,2026-03-18 21:00:22
12,Running,2026-03-18 21:00:22,2026-03-18 21:01:22
12,Starved,2026-03-18 21:01:22,2026-03-18 21:01:30
5,Down,2026-03-18 20:57:16,2026-03-18 21:01:48
4,Blocked,2026-03-18 21:00:09,2026-03-18 21:01:48
3,Blocked,2026-03-18 20:59:42,2026-03-18 21:01:48
2,Blocked,2026-03-18 20:59:52,2026-03-18 21:01:48
12,Running,2026-03-18 21:01:30,2026-03-18 21:02:25
12,Starved,2026-03-18 21:02:25,2026-03-18 21:02:33
4,Running,2026-03-18 21:01:48,2026-03-18 21:02:42
6,Starved,2026-03-18 20:59:22,2026-03-18 21:02:43
4,Blocked,2026-03-18 21:02:42,2026-03-18 21:02:43
2,Running,2026-03-18 21:01:48,2026-03-18 21:02:48
2,Blocked,2026-03-18 21:02:48,2026-03-18 21:02:55
9,Running,2026-03-18 20:47:17,2026-03-18 21:03:22
6,Running,2026-03-18 21:02:43,2026-03-18 21:04:37
4,Running,2026-03-18 21:02:43,2026-03-18 21:04:42
6,Starved,2026-03-18 21:04:37,2026-03-18 21:04:45
4,Blocked,2026-03-18 21:04:42,2026-03-18 21:04:45
11,Running,2026-03-18 20:59:17,2026-03-18 21:05:15
10,Running,2026-03-18 20:47:17,2026-03-18 21:05:24
11,Starved,2026-03-18 21:05:15,2026-03-18 21:05:24
4,Running,2026-03-18 21:04:45,2026-03-18 21:05:42
6,Running,2026-03-18 21:04:45,2026-03-18 21:05:43
6,Starved,2026-03-18 21:05:43,2026-03-18 21:05:47
4,Blocked,2026-03-18 21:05:42,2026-03-18 21:05:47
7,Down,2026-03-18 20:57:53,2026-03-18 21:06:16
12,Running,2026-03-18 21:02:33,2026-03-18 21:06:18
11,Running,2026-03-18 21:05:24,2026-03-18 21:06:26
12,Starved,2026-03-18 21:06:18,2026-03-18 21:06:26
3,Running,2026-03-18 21:01:48,2026-03-18 21:06:44
6,Running,2026-03-18 21:05:47,2026-03-18 21:06:44
6,Starved,2026-03-18 21:06:44,2026-03-18 21:06:48
2,Running,2026-03-18 21:02:55,2026-03-18 21:06:50
8,Starved,2026-03-18 20:58:48,2026-03-18 21:07:09
3,Blocked,2026-03-18 21:06:44,2026-03-18 21:07:11
2,Blocked,2026-03-18 21:06:50,2026-03-18 21:07:11
12,Running,2026-03-18 21:06:26,2026-03-18 21:07:34
2,Running,2026-03-18 21:07:11,2026-03-18 21:07:58
9,Starved,2026-03-18 21:03:22,2026-03-18 21:08:12
2,Blocked,2026-03-18 21:07:58,2026-03-18 21:08:20
6,Running,2026-03-18 21:06:48,2026-03-18 21:08:48
6,Starved,2026-03-18 21:08:48,2026-03-18 21:08:52
2,Running,2026-03-18 21:08:20,2026-03-18 21:09:13
2,Blocked,2026-03-18 21:09:13,2026-03-18 21:09:13
10,Starved,2026-03-18 21:05:24,2026-03-18 21:09:28
2,Running,2026-03-18 21:09:13,2026-03-18 21:10:04
2,Blocked,2026-03-18 21:10:04,2026-03-18 21:10:13
10,Running,2026-03-18 21:09:28,2026-03-18 21:10:23
11,Starved,2026-03-18 21:06:26,2026-03-18 21:10:23
10,Starved,2026-03-18 21:10:23,2026-03-18 21:10:25
3,Running,2026-03-18 21:07:11,2026-03-18 21:11:12
2,Running,2026-03-18 21:10:13,2026-03-18 21:11:18
11,Running,2026-03-18 21:10:23,2026-03-18 21:11:21
12,Starved,2026-03-18 21:07:34,2026-03-18 21:11:21
10,Running,2026-03-18 21:10:25,2026-03-18 21:11:23
11,Starved,2026-03-18 21:11:21,2026-03-18 21:11:23
10,Starved,2026-03-18 21:11:23,2026-03-18 21:11:23
3,Blocked,2026-03-18 21:11:12,2026-03-18 21:11:32
2,Blocked,2026-03-18 21:11:18,2026-03-18 21:11:32
12,Running,2026-03-18 21:11:21,2026-03-18 21:12:12
11,Running,2026-03-18 21:11:23,2026-03-18 21:12:23
12,Starved,2026-03-18 21:12:12,2026-03-18 21:12:23
10,Running,2026-03-18 21:11:23,2026-03-18 21:12:23
11,Starved,2026-03-18 21:12:23,2026-03-18 21:12:23
10,Starved,2026-03-18 21:12:23,2026-03-18 21:12:31
12,Running,2026-03-18 21:12:23,2026-03-18 21:13:21
3,Running,2026-03-18 21:11:32,2026-03-18 21:13:25
2,Running,2026-03-18 21:11:32,2026-03-18 21:13:27
11,Running,2026-03-18 21:12:23,2026-03-18 21:13:29
12,Starved,2026-03-18 21:13:21,2026-03-18 21:13:29
10,Running,2026-03-18 21:12:31,2026-03-18 21:13:35
11,Starved,2026-03-18 21:13:29,2026-03-18 21:13:35
9,Running,2026-03-18 21:08:12,2026-03-18 21:13:36
10,Starved,2026-03-18 21:13:35,2026-03-18 21:13:36
9,Starved,2026-03-18 21:13:36,2026-03-18 21:13:36
3,Blocked,2026-03-18 21:13:25,2026-03-18 21:13:37
2,Blocked,2026-03-18 21:13:27,2026-03-18 21:13:37
12,Running,2026-03-18 21:13:29,2026-03-18 21:14:30
2,Running,2026-03-18 21:13:37,2026-03-18 21:14:31
3,Running,2026-03-18 21:13:37,2026-03-18 21:14:31
8,Running,2026-03-18 21:07:09,2026-03-18 21:14:31
11,Running,2026-03-18 21:13:35,2026-03-18 21:14:33
12,Starved,2026-03-18 21:14:30,2026-03-18 21:14:33
8,Starved,2026-03-18 21:14:31,2026-03-18 21:14:35
3,Blocked,2026-03-18 21:14:31,2026-03-18 21:14:36
2,Blocked,2026-03-18 21:14:31,2026-03-18 21:14:36
10,Running,2026-03-18 21:13:36,2026-03-18 21:14:36
11,Starved,2026-03-18 21:14:33,2026-03-18 21:14:36
10,Starved,2026-03-18 21:14:36,2026-03-18 21:14:47
11,Running,2026-03-18 21:14:36,2026-03-18 21:15:35
2,Running,2026-03-18 21:14:36,2026-03-18 21:15:37
3,Running,2026-03-18 21:14:36,2026-03-18 21:15:38
3,Blocked,2026-03-18 21:15:38,2026-03-18 21:15:41
2,Blocked,2026-03-18 21:15:37,2026-03-18 21:15:41
10,Running,2026-03-18 21:14:47,2026-03-18 21:15:55
11,Starved,2026-03-18 21:15:35,2026-03-18 21:15:55
10,Starved,2026-03-18 21:15:55,2026-03-18 21:16:17
3,Running,2026-03-18 21:15:41,2026-03-18 21:16:32
12,Running,2026-03-18 21:14:33,2026-03-18 21:16:35
2,Running,2026-03-18 21:15:41,2026-03-18 21:16:38
11,Running,2026-03-18 21:15:55,2026-03-18 21:16:49
12,Starved,2026-03-18 21:16:35,2026-03-18 21:16:49
3,Blocked,2026-03-18 21:16:32,2026-03-18 21:16:54
2,Blocked,2026-03-18 21:16:38,2026-03-18 21:16:54
10,Running,2026-03-18 21:16:17,2026-03-18 21:17:11
11,Starved,2026-03-18 21:16:49,2026-03-18 21:17:11
10,Starved,2026-03-18 21:17:11,2026-03-18 21:17:18
12,Running,2026-03-18 21:16:49,2026-03-18 21:17:33
3,Running,2026-03-18 21:16:54,2026-03-18 21:17:59
2,Running,2026-03-18 21:16:54,2026-03-18 21:17:59
11,Running,2026-03-18 21:17:11,2026-03-18 21:18:03
12,Starved,2026-03-18 21:17:33,2026-03-18 21:18:03
3,Blocked,2026-03-18 21:17:59,2026-03-18 21:18:11
2,Blocked,2026-03-18 21:17:59,2026-03-18 21:18:11
11,Starved,2026-03-18 21:18:03,2026-03-18 21:18:19
12,Running,2026-03-18 21:18:03,2026-03-18 21:19:04
10,Running,2026-03-18 21:17:18,2026-03-18 21:19:13
12,Starved,2026-03-18 21:19:04,2026-03-18 21:19:17
8,Running,2026-03-18 21:14:35,2026-03-18 21:19:30
8,Starved,2026-03-18 21:19:30,2026-03-18 21:19:39
3,Running,2026-03-18 21:18:11,2026-03-18 21:20:05
11,Running,2026-03-18 21:18:19,2026-03-18 21:20:17
2,Running,2026-03-18 21:18:11,2026-03-18 21:20:18
3,Blocked,2026-03-18 21:20:05,2026-03-18 21:20:21
2,Blocked,2026-03-18 21:20:18,2026-03-18 21:20:21
12,Running,2026-03-18 21:19:17,2026-03-18 21:21:13
2,Running,2026-03-18 21:20:21,2026-03-18 21:21:18
2,Blocked,2026-03-18 21:21:18,2026-03-18 21:21:19
8,Running,2026-03-18 21:19:39,2026-03-18 21:21:35
8,Starved,2026-03-18 21:21:35,2026-03-18 21:21:48
2,Running,2026-03-18 21:21:19,2026-03-18 21:22:16
3,Running,2026-03-18 21:20:21,2026-03-18 21:22:29
3,Blocked,2026-03-18 21:22:29,2026-03-18 21:22:32
2,Blocked,2026-03-18 21:22:16,2026-03-18 21:22:32
9,Running,2026-03-18 21:13:36,2026-03-18 21:22:32
2,Running,2026-03-18 21:22:32,2026-03-18 21:23:24
3,Running,2026-03-18 21:22:32,2026-03-18 21:23:33
3,Blocked,2026-03-18 21:23:33,2026-03-18 21:23:41
2,Blocked,2026-03-18 21:23:24,2026-03-18 21:23:41
8,Running,2026-03-18 21:21:48,2026-03-18 21:23:50
8,Starved,2026-03-18 21:23:50,2026-03-18 21:23:52
2,Running,2026-03-18 21:23:41,2026-03-18 21:24:32
3,Running,2026-03-18 21:23:41,2026-03-18 21:24:37
3,Blocked,2026-03-18 21:24:37,2026-03-18 21:24:45
2,Blocked,2026-03-18 21:24:32,2026-03-18 21:24:45
8,Running,2026-03-18 21:23:52,2026-03-18 21:24:52
8,Starved,2026-03-18 21:24:52,2026-03-18 21:24:53
10,Down,2026-03-18 21:19:13,2026-03-18 21:25:42
9,Blocked,2026-03-18 21:22:32,2026-03-18 21:25:42
6,Running,2026-03-18 21:08:52,2026-03-18 21:26:40
11,Starved,2026-03-18 21:20:17,2026-03-18 21:26:41
2,Running,2026-03-18 21:24:45,2026-03-18 21:26:45
3,Running,2026-03-18 21:24:45,2026-03-18 21:26:46
3,Blocked,2026-03-18 21:26:46,2026-03-18 21:27:12
2,Blocked,2026-03-18 21:26:45,2026-03-18 21:27:12
6,Down,2026-03-18 21:26:40,2026-03-18 21:27:25
11,Running,2026-03-18 21:26:41,2026-03-18 21:27:41
12,Starved,2026-03-18 21:21:13,2026-03-18 21:27:41
9,Running,2026-03-18 21:25:42,2026-03-18 21:27:42
11,Starved,2026-03-18 21:27:41,2026-03-18 21:27:48
9,Blocked,2026-03-18 21:27:42,2026-03-18 21:27:48
2,Running,2026-03-18 21:27:12,2026-03-18 21:28:16
3,Running,2026-03-18 21:27:12,2026-03-18 21:28:24
12,Running,2026-03-18 21:27:41,2026-03-18 21:28:35
3,Blocked,2026-03-18 21:28:24,2026-03-18 21:28:46
2,Blocked,2026-03-18 21:28:16,2026-03-18 21:28:46
9,Running,2026-03-18 21:27:48,2026-03-18 21:28:49
9,Blocked,2026-03-18 21:28:49,2026-03-18 21:28:53
8,Running,2026-03-18 21:24:53,2026-03-18 21:29:00
8,Starved,2026-03-18 21:29:00,2026-03-18 21:29:02
12,Starved,2026-03-18 21:28:35,2026-03-18 21:29:04
2,Running,2026-03-18 21:28:46,2026-03-18 21:29:45
3,Running,2026-03-18 21:28:46,2026-03-18 21:29:51
8,Running,2026-03-18 21:29:02,2026-03-18 21:29:54
3,Blocked,2026-03-18 21:29:51,2026-03-18 21:30:05
2,Blocked,2026-03-18 21:29:45,2026-03-18 21:30:05
8,Starved,2026-03-18 21:29:54,2026-03-18 21:30:31
11,Running,2026-03-18 21:27:48,2026-03-18 21:30:40
11,Starved,2026-03-18 21:30:40,2026-03-18 21:30:41
3,Running,2026-03-18 21:30:05,2026-03-18 21:30:53
3,Blocked,2026-03-18 21:30:53,2026-03-18 21:31:03
3,Running,2026-03-18 21:31:03,2026-03-18 21:33:01
3,Blocked,2026-03-18 21:33:01,2026-03-18 21:33:03
8,Running,2026-03-18 21:30:31,2026-03-18 21:33:30
8,Starved,2026-03-18 21:33:30,2026-03-18 21:33:35
11,Running,2026-03-18 21:30:41,2026-03-18 21:33:46
11,Starved,2026-03-18 21:33:46,2026-03-18 21:33:48
3,Running,2026-03-18 21:33:03,2026-03-18 21:33:54
3,Blocked,2026-03-18 21:33:54,2026-03-18 21:34:04
11,Running,2026-03-18 21:33:48,2026-03-18 21:34:37
8,Running,2026-03-18 21:33:35,2026-03-18 21:34:40
9,Running,2026-03-18 21:28:53,2026-03-18 21:34:42
11,Starved,2026-03-18 21:34:37,2026-03-18 21:34:45
9,Blocked,2026-03-18 21:34:42,2026-03-18 21:34:45
8,Starved,2026-03-18 21:34:40,2026-03-18 21:34:52
3,Running,2026-03-18 21:34:04,2026-03-18 21:34:59
3,Blocked,2026-03-18 21:34:59,2026-03-18 21:35:04
11,Running,2026-03-18 21:34:45,2026-03-18 21:35:39
11,Starved,2026-03-18 21:35:39,2026-03-18 21:35:45
8,Running,2026-03-18 21:34:52,2026-03-18 21:35:48
3,Running,2026-03-18 21:35:04,2026-03-18 21:36:02
3,Blocked,2026-03-18 21:36:02,2026-03-18 21:36:03
8,Starved,2026-03-18 21:35:48,2026-03-18 21:36:05
3,Running,2026-03-18 21:36:03,2026-03-18 21:36:59
3,Blocked,2026-03-18 21:36:59,2026-03-18 21:37:02
11,Running,2026-03-18 21:35:45,2026-03-18 21:37:50
12,Running,2026-03-18 21:29:04,2026-03-18 21:38:50
11,Down,2026-03-18 21:37:50,2026-03-18 21:39:04
2,Running,2026-03-18 21:30:05,2026-03-18 21:39:09
3,Running,2026-03-18 21:37:02,2026-03-18 21:39:14
1,Running,2026-03-18 20:47:20,2026-03-18 21:39:36
3,Blocked,2026-03-18 21:39:14,2026-03-18 21:39:46
2,Blocked,2026-03-18 21:39:09,2026-03-18 21:39:46
1,Blocked,2026-03-18 21:39:36,2026-03-18 21:39:46
12,Starved,2026-03-18 21:38:50,2026-03-18 21:40:06
2,Running,2026-03-18 21:39:46,2026-03-18 21:40:37
1,Running,2026-03-18 21:39:46,2026-03-18 21:40:43
3,Running,2026-03-18 21:39:46,2026-03-18 21:40:45
3,Blocked,2026-03-18 21:40:45,2026-03-18 21:40:51
2,Blocked,2026-03-18 21:40:37,2026-03-18 21:40:51
1,Blocked,2026-03-18 21:40:43,2026-03-18 21:40:51
12,Running,2026-03-18 21:40:06,2026-03-18 21:41:15
12,Starved,2026-03-18 21:41:15,2026-03-18 21:41:17
2,Running,2026-03-18 21:40:51,2026-03-18 21:41:51
3,Running,2026-03-18 21:40:51,2026-03-18 21:41:52
1,Running,2026-03-18 21:40:51,2026-03-18 21:41:53
3,Blocked,2026-03-18 21:41:52,2026-03-18 21:42:06
2,Blocked,2026-03-18 21:41:51,2026-03-18 21:42:06
1,Blocked,2026-03-18 21:41:53,2026-03-18 21:42:06
8,Running,2026-03-18 21:36:05,2026-03-18 21:42:17
8,Starved,2026-03-18 21:42:17,2026-03-18 21:42:34
1,Running,2026-03-18 21:42:06,2026-03-18 21:42:59
2,Running,2026-03-18 21:42:06,2026-03-18 21:43:06
2,Blocked,2026-03-18 21:43:06,2026-03-18 21:43:19
1,Blocked,2026-03-18 21:42:59,2026-03-18 21:43:19
8,Running,2026-03-18 21:42:34,2026-03-18 21:43:33
8,Starved,2026-03-18 21:43:33,2026-03-18 21:43:36
12,Running,2026-03-18 21:41:17,2026-03-18 21:44:15
1,Running,2026-03-18 21:43:19,2026-03-18 21:44:16
1,Blocked,2026-03-18 21:44:16,2026-03-18 21:44:18
12,Starved,2026-03-18 21:44:15,2026-03-18 21:44:25
8,Running,2026-03-18 21:43:36,2026-03-18 21:44:33
8,Starved,2026-03-18 21:44:33,2026-03-18 21:44:57
2,Running,2026-03-18 21:43:19,2026-03-18 21:45:15
1,Running,2026-03-18 21:44:18,2026-03-18 21:45:19
12,Running,2026-03-18 21:44:25,2026-03-18 21:45:26
2,Blocked,2026-03-18 21:45:15,2026-03-18 21:45:29
1,Blocked,2026-03-18 21:45:19,2026-03-18 21:45:29
12,Starved,2026-03-18 21:45:26,2026-03-18 21:45:29
8,Running,2026-03-18 21:44:57,2026-03-18 21:46:04
4,Running,2026-03-18 21:05:47,2026-03-18 21:46:14
1,Running,2026-03-18 21:45:29,2026-03-18 21:46:23
12,Running,2026-03-18 21:45:29,2026-03-18 21:46:28
3,Running,2026-03-18 21:42:06,2026-03-18 21:46:29
12,Starved,2026-03-18 21:46:28,2026-03-18 21:46:31
2,Running,2026-03-18 21:45:29,2026-03-18 21:46:33
8,Down,2026-03-18 21:46:04,2026-03-18 21:46:52
4,Down,2026-03-18 21:46:14,2026-03-18 21:47:13
3,Blocked,2026-03-18 21:46:29,2026-03-18 21:47:13
2,Blocked,2026-03-18 21:46:33,2026-03-18 21:47:13
1,Blocked,2026-03-18 21:46:23,2026-03-18 21:47:13
1,Running,2026-03-18 21:47:13,2026-03-18 21:48:07
2,Running,2026-03-18 21:47:13,2026-03-18 21:48:09
3,Running,2026-03-18 21:47:13,2026-03-18 21:48:19
3,Blocked,2026-03-18 21:48:19,2026-03-18 21:48:40
2,Blocked,2026-03-18 21:48:09,2026-03-18 21:48:40
1,Blocked,2026-03-18 21:48:07,2026-03-18 21:48:40
7,Running,2026-03-18 21:06:16,2026-03-18 21:49:17
2,Running,2026-03-18 21:48:40,2026-03-18 21:49:42
3,Running,2026-03-18 21:48:40,2026-03-18 21:49:45
1,Running,2026-03-18 21:48:40,2026-03-18 21:49:47
3,Blocked,2026-03-18 21:49:45,2026-03-18 21:50:12
2,Blocked,2026-03-18 21:49:42,2026-03-18 21:50:12
1,Blocked,2026-03-18 21:49:47,2026-03-18 21:50:12
8,Running,2026-03-18 21:46:52,2026-03-18 21:51:01
1,Running,2026-03-18 21:50:12,2026-03-18 21:51:02
2,Running,2026-03-18 21:50:12,2026-03-18 21:51:06
3,Running,2026-03-18 21:50:12,2026-03-18 21:51:12
3,Blocked,2026-03-18 21:51:12,2026-03-18 21:51:34
2,Blocked,2026-03-18 21:51:06,2026-03-18 21:51:34
1,Blocked,2026-03-18 21:51:02,2026-03-18 21:51:34
12,Running,2026-03-18 21:46:31,2026-03-18 21:52:28
1,Running,2026-03-18 21:51:34,2026-03-18 21:52:32
2,Running,2026-03-18 21:51:34,2026-03-18 21:52:37
12,Starved,2026-03-18 21:52:28,2026-03-18 21:52:40
3,Running,2026-03-18 21:51:34,2026-03-18 21:52:43
9,Running,2026-03-18 21:34:45,2026-03-18 21:53:42
10,Running,2026-03-18 21:25:42,2026-03-18 21:56:03
3,Down,2026-03-18 21:52:43,2026-03-18 21:57:20
2,Blocked,2026-03-18 21:52:37,2026-03-18 21:57:20
1,Blocked,2026-03-18 21:52:32,2026-03-18 21:57:20
11,Running,2026-03-18 21:39:04,2026-03-18 21:59:35
2,Running,2026-03-18 21:57:20,2026-03-18 22:00:21
4,Running,2026-03-18 21:47:13,2026-03-18 22:00:27
4,Starved,2026-03-18 22:00:27,2026-03-18 22:00:31
2,Blocked,2026-03-18 22:00:21,2026-03-18 22:00:31
12,Running,2026-03-18 21:52:40,2026-03-18 22:00:49
4,Running,2026-03-18 22:00:31,2026-03-18 22:02:26
2,Running,2026-03-18 22:00:31,2026-03-18 22:02:27
4,Starved,2026-03-18 22:02:26,2026-03-18 22:02:31
2,Blocked,2026-03-18 22:02:27,2026-03-18 22:02:31
7,Down,2026-03-18 21:49:17,2026-03-18 22:05:24
7,Running,2026-03-18 22:05:24,2026-03-18 22:06:21
8,Starved,2026-03-18 21:51:01,2026-03-18 22:06:21
8,Running,2026-03-18 22:06:21,2026-03-18 22:07:19
9,Starved,2026-03-18 21:53:42,2026-03-18 22:07:19
9,Running,2026-03-18 22:07:19,2026-03-18 22:08:15
10,Starved,2026-03-18 21:56:03,2026-03-18 22:08:15
5,Running,2026-03-18 21:01:48,2026-03-18 22:08:16
5,Starved,2026-03-18 22:08:16,2026-03-18 22:08:19
5,Running,2026-03-18 22:08:19,2026-03-18 22:09:19
5,Starved,2026-03-18 22:09:19,2026-03-18 22:09:22
10,Running,2026-03-18 22:08:15,2026-03-18 22:09:29
11,Starved,2026-03-18 21:59:35,2026-03-18 22:09:29
1,Running,2026-03-18 21:57:20,2026-03-18 22:09:41
1,Blocked,2026-03-18 22:09:41,2026-03-18 22:09:41
5,Running,2026-03-18 22:09:22,2026-03-18 22:10:16
5,Starved,2026-03-18 22:10:16,2026-03-18 22:10:26
11,Running,2026-03-18 22:09:29,2026-03-18 22:10:35
12,Starved,2026-03-18 22:00:49,2026-03-18 22:10:35
2,Running,2026-03-18 22:02:31,2026-03-18 22:10:36
1,Running,2026-03-18 22:09:41,2026-03-18 22:10:42
2,Blocked,2026-03-18 22:10:36,2026-03-18 22:10:48
1,Blocked,2026-03-18 22:10:42,2026-03-18 22:10:48
5,Running,2026-03-18 22:10:26,2026-03-18 22:11:19
12,Running,2026-03-18 22:10:35,2026-03-18 22:11:34
5,Starved,2026-03-18 22:11:19,2026-03-18 22:11:36
2,Running,2026-03-18 22:10:48,2026-03-18 22:12:34
5,Running,2026-03-18 22:11:36,2026-03-18 22:12:36
2,Blocked,2026-03-18 22:12:34,2026-03-18 22:12:43
5,Starved,2026-03-18 22:12:36,2026-03-18 22:13:02
5,Running,2026-03-18 22:13:02,2026-03-18 22:14:02
5,Starved,2026-03-18 22:14:02,2026-03-18 22:14:18
2,Running,2026-03-18 22:12:43,2026-03-18 22:14:42
2,Blocked,2026-03-18 22:14:42,2026-03-18 22:14:46
5,Running,2026-03-18 22:14:18,2026-03-18 22:15:23
5,Starved,2026-03-18 22:15:23,2026-03-18 22:15:42
2,Running,2026-03-18 22:14:46,2026-03-18 22:15:46
2,Blocked,2026-03-18 22:15:46,2026-03-18 22:15:49
5,Running,2026-03-18 22:15:42,2026-03-18 22:16:30
5,Starved,2026-03-18 22:16:30,2026-03-18 22:16:53
1,Running,2026-03-18 22:10:48,2026-03-18 22:16:53
1,Blocked,2026-03-18 22:16:53,2026-03-18 22:16:53
1,Running,2026-03-18 22:16:53,2026-03-18 22:17:50
1,Blocked,2026-03-18 22:17:50,2026-03-18 22:17:55
5,Running,2026-03-18 22:16:53,2026-03-18 22:17:57
5,Starved,2026-03-18 22:17:57,2026-03-18 22:18:14
7,Down,2026-03-18 22:06:21,2026-03-18 22:18:44
1,Running,2026-03-18 22:17:55,2026-03-18 22:18:53
1,Blocked,2026-03-18 22:18:53,2026-03-18 22:19:01
5,Running,2026-03-18 22:18:14,2026-03-18 22:19:12
5,Starved,2026-03-18 22:19:12,2026-03-18 22:19:21
8,Starved,2026-03-18 22:07:19,2026-03-18 22:19:50
2,Running,2026-03-18 22:15:49,2026-03-18 22:19:58
2,Blocked,2026-03-18 22:19:58,2026-03-18 22:20:02
5,Running,2026-03-18 22:19:21,2026-03-18 22:20:15
5,Starved,2026-03-18 22:20:15,2026-03-18 22:20:17
8,Running,2026-03-18 22:19:50,2026-03-18 22:20:50
9,Starved,2026-03-18 22:08:15,2026-03-18 22:20:50
1,Running,2026-03-18 22:19:01,2026-03-18 22:20:57
2,Running,2026-03-18 22:20:02,2026-03-18 22:21:02
2,Blocked,2026-03-18 22:21:02,2026-03-18 22:21:02
1,Blocked,2026-03-18 22:20:57,2026-03-18 22:21:02
9,Running,2026-03-18 22:20:50,2026-03-18 22:21:49
10,Starved,2026-03-18 22:09:29,2026-03-18 22:21:49
1,Running,2026-03-18 22:21:02,2026-03-18 22:21:58
1,Blocked,2026-03-18 22:21:58,2026-03-18 22:22:03
10,Running,2026-03-18 22:21:49,2026-03-18 22:22:45
11,Starved,2026-03-18 22:10:35,2026-03-18 22:22:45
11,Running,2026-03-18 22:22:45,2026-03-18 22:23:47
12,Starved,2026-03-18 22:11:34,2026-03-18 22:23:47
12,Running,2026-03-18 22:23:47,2026-03-18 22:24:36
1,Running,2026-03-18 22:22:03,2026-03-18 22:24:55
1,Blocked,2026-03-18 22:24:55,2026-03-18 22:25:00
9,Down,2026-03-18 22:21:49,2026-03-18 22:25:08
5,Running,2026-03-18 22:20:17,2026-03-18 22:25:08
5,Starved,2026-03-18 22:25:08,2026-03-18 22:25:22
7,Running,2026-03-18 22:18:44,2026-03-18 22:25:29
5,Running,2026-03-18 22:25:22,2026-03-18 22:26:19
5,Starved,2026-03-18 22:26:19,2026-03-18 22:26:48
5,Running,2026-03-18 22:26:48,2026-03-18 22:27:52
2,Running,2026-03-18 22:21:02,2026-03-18 22:27:59
5,Starved,2026-03-18 22:27:52,2026-03-18 22:28:02
2,Blocked,2026-03-18 22:27:59,2026-03-18 22:28:03
4,Running,2026-03-18 22:02:31,2026-03-18 22:28:48
6,Running,2026-03-18 21:27:25,2026-03-18 22:28:58
6,Starved,2026-03-18 22:28:58,2026-03-18 22:29:00
1,Running,2026-03-18 22:25:00,2026-03-18 22:29:03
1,Blocked,2026-03-18 22:29:03,2026-03-18 22:29:09
6,Running,2026-03-18 22:29:00,2026-03-18 22:29:51
3,Running,2026-03-18 21:57:20,2026-03-18 22:29:58
5,Running,2026-03-18 22:28:02,2026-03-18 22:30:00
6,Starved,2026-03-18 22:29:51,2026-03-18 22:30:00
2,Running,2026-03-18 22:28:03,2026-03-18 22:30:06
1,Running,2026-03-18 22:29:09,2026-03-18 22:30:10
6,Running,2026-03-18 22:30:00,2026-03-18 22:31:13
8,Down,2026-03-18 22:20:50,2026-03-18 22:33:34
7,Blocked,2026-03-18 22:25:29,2026-03-18 22:33:34
4,Down,2026-03-18 22:28:48,2026-03-18 22:34:20
3,Blocked,2026-03-18 22:29:58,2026-03-18 22:34:20
2,Blocked,2026-03-18 22:30:06,2026-03-18 22:34:20
7,Running,2026-03-18 22:33:34,2026-03-18 22:34:35
9,Starved,2026-03-18 22:25:08,2026-03-18 22:34:39
7,Blocked,2026-03-18 22:34:35,2026-03-18 22:34:39
3,Running,2026-03-18 22:34:20,2026-03-18 22:35:16
5,Starved,2026-03-18 22:30:00,2026-03-18 22:35:39
3,Blocked,2026-03-18 22:35:16,2026-03-18 22:35:39
10,Starved,2026-03-18 22:22:45,2026-03-18 22:35:41
5,Running,2026-03-18 22:35:39,2026-03-18 22:36:35
6,Starved,2026-03-18 22:31:13,2026-03-18 22:36:35
10,Running,2026-03-18 22:35:41,2026-03-18 22:36:36
11,Starved,2026-03-18 22:23:47,2026-03-18 22:36:36
3,Running,2026-03-18 22:35:39,2026-03-18 22:36:38
10,Starved,2026-03-18 22:36:36,2026-03-18 22:36:45
5,Starved,2026-03-18 22:36:35,2026-03-18 22:36:46
3,Blocked,2026-03-18 22:36:38,2026-03-18 22:36:46
11,Running,2026-03-18 22:36:36,2026-03-18 22:37:23
12,Starved,2026-03-18 22:24:36,2026-03-18 22:37:23
6,Running,2026-03-18 22:36:35,2026-03-18 22:37:28
3,Running,2026-03-18 22:36:46,2026-03-18 22:37:40
10,Running,2026-03-18 22:36:45,2026-03-18 22:37:44
11,Starved,2026-03-18 22:37:23,2026-03-18 22:37:44
3,Blocked,2026-03-18 22:37:40,2026-03-18 22:37:45
6,Starved,2026-03-18 22:37:28,2026-03-18 22:37:48
2,Down,2026-03-18 22:34:20,2026-03-18 22:37:50
1,Blocked,2026-03-18 22:30:10,2026-03-18 22:37:50
10,Starved,2026-03-18 22:37:44,2026-03-18 22:37:51
12,Running,2026-03-18 22:37:23,2026-03-18 22:38:09
11,Running,2026-03-18 22:37:44,2026-03-18 22:38:38
12,Starved,2026-03-18 22:38:09,2026-03-18 22:38:38
6,Running,2026-03-18 22:37:48,2026-03-18 22:38:40
10,Running,2026-03-18 22:37:51,2026-03-18 22:38:46
11,Starved,2026-03-18 22:38:38,2026-03-18 22:38:46
5,Running,2026-03-18 22:36:46,2026-03-18 22:38:49
6,Starved,2026-03-18 22:38:40,2026-03-18 22:38:49
3,Running,2026-03-18 22:37:45,2026-03-18 22:38:52
5,Starved,2026-03-18 22:38:49,2026-03-18 22:38:56
3,Blocked,2026-03-18 22:38:52,2026-03-18 22:38:56
10,Starved,2026-03-18 22:38:46,2026-03-18 22:38:56
12,Running,2026-03-18 22:38:38,2026-03-18 22:39:35
6,Running,2026-03-18 22:38:49,2026-03-18 22:39:43
11,Running,2026-03-18 22:38:46,2026-03-18 22:39:51
12,Starved,2026-03-18 22:39:35,2026-03-18 22:39:51
10,Running,2026-03-18 22:38:56,2026-03-18 22:39:51
11,Starved,2026-03-18 22:39:51,2026-03-18 22:39:51
5,Running,2026-03-18 22:38:56,2026-03-18 22:39:52
6,Starved,2026-03-18 22:39:43,2026-03-18 22:39:52
3,Running,2026-03-18 22:38:56,2026-03-18 22:40:02
5,Starved,2026-03-18 22:39:52,2026-03-18 22:40:03
3,Blocked,2026-03-18 22:40:02,2026-03-18 22:40:03
10,Starved,2026-03-18 22:39:51,2026-03-18 22:40:15
11,Running,2026-03-18 22:39:51,2026-03-18 22:40:42
5,Running,2026-03-18 22:40:03,2026-03-18 22:40:55
5,Starved,2026-03-18 22:40:55,2026-03-18 22:41:00
10,Running,2026-03-18 22:40:15,2026-03-18 22:41:05
11,Starved,2026-03-18 22:40:42,2026-03-18 22:41:05
10,Starved,2026-03-18 22:41:05,2026-03-18 22:41:12
12,Running,2026-03-18 22:39:51,2026-03-18 22:41:54
6,Running,2026-03-18 22:39:52,2026-03-18 22:41:58
3,Running,2026-03-18 22:40:03,2026-03-18 22:42:01
3,Blocked,2026-03-18 22:42:01,2026-03-18 22:42:01
11,Running,2026-03-18 22:41:05,2026-03-18 22:42:03
12,Starved,2026-03-18 22:41:54,2026-03-18 22:42:03
6,Starved,2026-03-18 22:41:58,2026-03-18 22:42:09
11,Starved,2026-03-18 22:42:03,2026-03-18 22:42:15
3,Running,2026-03-18 22:42:01,2026-03-18 22:42:55
5,Running,2026-03-18 22:41:00,2026-03-18 22:43:00
12,Running,2026-03-18 22:42:03,2026-03-18 22:43:09
5,Starved,2026-03-18 22:43:00,2026-03-18 22:43:11
3,Blocked,2026-03-18 22:42:55,2026-03-18 22:43:11
11,Running,2026-03-18 22:42:15,2026-03-18 22:43:17
12,Starved,2026-03-18 22:43:09,2026-03-18 22:43:17
10,Running,2026-03-18 22:41:12,2026-03-18 22:43:22
11,Starved,2026-03-18 22:43:17,2026-03-18 22:43:22
10,Starved,2026-03-18 22:43:22,2026-03-18 22:43:25
6,Running,2026-03-18 22:42:09,2026-03-18 22:44:05
3,Running,2026-03-18 22:43:11,2026-03-18 22:44:10
5,Running,2026-03-18 22:43:11,2026-03-18 22:44:13
6,Starved,2026-03-18 22:44:05,2026-03-18 22:44:13
5,Starved,2026-03-18 22:44:13,2026-03-18 22:44:15
3,Blocked,2026-03-18 22:44:10,2026-03-18 22:44:15
12,Running,2026-03-18 22:43:17,2026-03-18 22:44:19
10,Running,2026-03-18 22:43:25,2026-03-18 22:44:23
10,Starved,2026-03-18 22:44:23,2026-03-18 22:44:24
12,Starved,2026-03-18 22:44:19,2026-03-18 22:44:29
3,Running,2026-03-18 22:44:15,2026-03-18 22:45:08
3,Blocked,2026-03-18 22:45:08,2026-03-18 22:45:11
6,Running,2026-03-18 22:44:13,2026-03-18 22:45:17
6,Starved,2026-03-18 22:45:17,2026-03-18 22:45:18
12,Running,2026-03-18 22:44:29,2026-03-18 22:45:28
10,Running,2026-03-18 22:44:24,2026-03-18 22:45:28
10,Starved,2026-03-18 22:45:28,2026-03-18 22:45:46
11,Running,2026-03-18 22:43:22,2026-03-18 22:46:31
11,Starved,2026-03-18 22:46:31,2026-03-18 22:46:45
1,Running,2026-03-18 22:37:50,2026-03-18 22:47:02
1,Blocked,2026-03-18 22:47:02,2026-03-18 22:47:04
10,Running,2026-03-18 22:45:46,2026-03-18 22:47:50
7,Running,2026-03-18 22:34:39,2026-03-18 22:47:51
11,Running,2026-03-18 22:46:45,2026-03-18 22:47:54
10,Starved,2026-03-18 22:47:50,2026-03-18 22:48:00
7,Down,2026-03-18 22:47:51,2026-03-18 22:48:43
5,Running,2026-03-18 22:44:15,2026-03-18 22:50:03
3,Running,2026-03-18 22:45:11,2026-03-18 22:50:17
5,Starved,2026-03-18 22:50:03,2026-03-18 22:50:41
3,Blocked,2026-03-18 22:50:17,2026-03-18 22:50:41
10,Running,2026-03-18 22:48:00,2026-03-18 22:51:10
10,Starved,2026-03-18 22:51:10,2026-03-18 22:51:15
6,Running,2026-03-18 22:45:18,2026-03-18 22:51:26
3,Running,2026-03-18 22:50:41,2026-03-18 22:51:41
5,Running,2026-03-18 22:50:41,2026-03-18 22:51:42
6,Starved,2026-03-18 22:51:26,2026-03-18 22:51:42
5,Starved,2026-03-18 22:51:42,2026-03-18 22:51:55
3,Blocked,2026-03-18 22:51:41,2026-03-18 22:51:55
10,Running,2026-03-18 22:51:15,2026-03-18 22:52:18
10,Starved,2026-03-18 22:52:18,2026-03-18 22:52:19
6,Running,2026-03-18 22:51:42,2026-03-18 22:52:40
3,Running,2026-03-18 22:51:55,2026-03-18 22:52:58
5,Running,2026-03-18 22:51:55,2026-03-18 22:52:58
6,Starved,2026-03-18 22:52:40,2026-03-18 22:52:58
5,Starved,2026-03-18 22:52:58,2026-03-18 22:53:23
3,Blocked,2026-03-18 22:52:58,2026-03-18 22:53:23
6,Running,2026-03-18 22:52:58,2026-03-18 22:53:51
5,Running,2026-03-18 22:53:23,2026-03-18 22:54:11
6,Starved,2026-03-18 22:53:51,2026-03-18 22:54:11
3,Running,2026-03-18 22:53:23,2026-03-18 22:54:18
12,Down,2026-03-18 22:45:28,2026-03-18 22:54:31
11,Blocked,2026-03-18 22:47:54,2026-03-18 22:54:31
5,Starved,2026-03-18 22:54:11,2026-03-18 22:54:34
3,Blocked,2026-03-18 22:54:18,2026-03-18 22:54:34
1,Running,2026-03-18 22:47:04,2026-03-18 22:55:01
6,Running,2026-03-18 22:54:11,2026-03-18 22:55:12
11,Running,2026-03-18 22:54:31,2026-03-18 22:55:25
10,Running,2026-03-18 22:52:19,2026-03-18 22:55:26
11,Blocked,2026-03-18 22:55:25,2026-03-18 22:55:28
10,Starved,2026-03-18 22:55:26,2026-03-18 22:55:32
5,Running,2026-03-18 22:54:34,2026-03-18 22:55:35
6,Starved,2026-03-18 22:55:12,2026-03-18 22:55:35
3,Running,2026-03-18 22:54:34,2026-03-18 22:55:43
5,Starved,2026-03-18 22:55:35,2026-03-18 22:55:55
3,Blocked,2026-03-18 22:55:43,2026-03-18 22:55:55
11,Running,2026-03-18 22:55:28,2026-03-18 22:56:22
10,Running,2026-03-18 22:55:32,2026-03-18 22:56:23
11,Blocked,2026-03-18 22:56:22,2026-03-18 22:56:24
10,Starved,2026-03-18 22:56:23,2026-03-18 22:56:24
6,Running,2026-03-18 22:55:35,2026-03-18 22:56:35
3,Running,2026-03-18 22:55:55,2026-03-18 22:56:52
3,Blocked,2026-03-18 22:56:52,2026-03-18 22:56:52
6,Starved,2026-03-18 22:56:35,2026-03-18 22:56:54
10,Running,2026-03-18 22:56:24,2026-03-18 22:57:22
10,Starved,2026-03-18 22:57:22,2026-03-18 22:57:28
6,Running,2026-03-18 22:56:54,2026-03-18 22:57:51
5,Running,2026-03-18 22:55:55,2026-03-18 22:57:57
6,Starved,2026-03-18 22:57:51,2026-03-18 22:57:57
3,Running,2026-03-18 22:56:52,2026-03-18 22:57:57
5,Starved,2026-03-18 22:57:57,2026-03-18 22:57:58
3,Blocked,2026-03-18 22:57:57,2026-03-18 22:57:58
5,Running,2026-03-18 22:57:58,2026-03-18 23:00:54
5,Starved,2026-03-18 23:00:54,2026-03-18 23:00:54
5,Running,2026-03-18 23:00:54,2026-03-18 23:01:57
5,Starved,2026-03-18 23:01:57,2026-03-18 23:02:02
2,Running,2026-03-18 22:37:50,2026-03-18 23:02:18
5,Running,2026-03-18 23:02:02,2026-03-18 23:02:53
3,Running,2026-03-18 22:57:58,2026-03-18 23:03:07
10,Running,2026-03-18 22:57:28,2026-03-18 23:03:11
5,Starved,2026-03-18 23:02:53,2026-03-18 23:03:30
3,Blocked,2026-03-18 23:03:07,2026-03-18 23:03:30
6,Running,2026-03-18 22:57:57,2026-03-18 23:04:05
3,Running,2026-03-18 23:03:30,2026-03-18 23:04:33
5,Running,2026-03-18 23:03:30,2026-03-18 23:04:34
6,Starved,2026-03-18 23:04:05,2026-03-18 23:04:34
10,Down,2026-03-18 23:03:11,2026-03-18 23:04:35
5,Starved,2026-03-18 23:04:34,2026-03-18 23:04:38
3,Blocked,2026-03-18 23:04:33,2026-03-18 23:04:38
8,Running,2026-03-18 22:33:34,2026-03-18 23:04:43
8,Starved,2026-03-18 23:04:43,2026-03-18 23:05:09
6,Running,2026-03-18 23:04:34,2026-03-18 23:05:30
5,Running,2026-03-18 23:04:38,2026-03-18 23:05:36
6,Starved,2026-03-18 23:05:30,2026-03-18 23:05:36
3,Running,2026-03-18 23:04:38,2026-03-18 23:05:47
8,Running,2026-03-18 23:05:09,2026-03-18 23:06:11
5,Starved,2026-03-18 23:05:36,2026-03-18 23:06:13
3,Blocked,2026-03-18 23:05:47,2026-03-18 23:06:13
1,Down,2026-03-18 22:55:01,2026-03-18 23:06:13
8,Starved,2026-03-18 23:06:11,2026-03-18 23:06:19
6,Running,2026-03-18 23:05:36,2026-03-18 23:06:35
5,Running,2026-03-18 23:06:13,2026-03-18 23:07:13
6,Starved,2026-03-18 23:06:35,2026-03-18 23:07:13
5,Starved,2026-03-18 23:07:13,2026-03-18 23:07:13
2,Starved,2026-03-18 23:02:18,2026-03-18 23:07:14
5,Running,2026-03-18 23:07:13,2026-03-18 23:08:09
5,Starved,2026-03-18 23:08:09,2026-03-18 23:08:14
5,Running,2026-03-18 23:08:14,2026-03-18 23:09:08
5,Starved,2026-03-18 23:09:08,2026-03-18 23:09:20
6,Running,2026-03-18 23:07:13,2026-03-18 23:10:04
5,Running,2026-03-18 23:09:20,2026-03-18 23:10:26
6,Starved,2026-03-18 23:10:04,2026-03-18 23:10:26
3,Running,2026-03-18 23:06:13,2026-03-18 23:10:37
3,Blocked,2026-03-18 23:10:37,2026-03-18 23:10:45
2,Running,2026-03-18 23:07:14,2026-03-18 23:10:58
2,Starved,2026-03-18 23:10:58,2026-03-18 23:10:58
6,Running,2026-03-18 23:10:26,2026-03-18 23:11:23
12,Running,2026-03-18 22:54:31,2026-03-18 23:13:46
2,Running,2026-03-18 23:10:58,2026-03-18 23:13:53
2,Starved,2026-03-18 23:13:53,2026-03-18 23:14:00
11,Running,2026-03-18 22:56:24,2026-03-18 23:14:19
8,Running,2026-03-18 23:06:19,2026-03-18 23:14:36
8,Starved,2026-03-18 23:14:36,2026-03-18 23:14:54
2,Running,2026-03-18 23:14:00,2026-03-18 23:14:58
2,Starved,2026-03-18 23:14:58,2026-03-18 23:15:03
12,Down,2026-03-18 23:13:46,2026-03-18 23:17:02
11,Blocked,2026-03-18 23:14:19,2026-03-18 23:17:02
8,Running,2026-03-18 23:14:54,2026-03-18 23:18:03
8,Starved,2026-03-18 23:18:03,2026-03-18 23:18:05
11,Running,2026-03-18 23:17:02,2026-03-18 23:18:05
11,Blocked,2026-03-18 23:18:05,2026-03-18 23:18:08
11,Running,2026-03-18 23:18:08,2026-03-18 23:19:08
11,Blocked,2026-03-18 23:19:08,2026-03-18 23:19:09
8,Running,2026-03-18 23:18:05,2026-03-18 23:19:57
8,Starved,2026-03-18 23:19:57,2026-03-18 23:20:09
4,Running,2026-03-18 22:34:20,2026-03-18 23:20:36
5,Down,2026-03-18 23:10:26,2026-03-18 23:20:41
4,Blocked,2026-03-18 23:20:36,2026-03-18 23:20:41
8,Running,2026-03-18 23:20:09,2026-03-18 23:21:06
8,Starved,2026-03-18 23:21:06,2026-03-18 23:21:44
4,Running,2026-03-18 23:20:41,2026-03-18 23:21:44
6,Starved,2026-03-18 23:11:23,2026-03-18 23:21:48
4,Blocked,2026-03-18 23:21:44,2026-03-18 23:21:48
8,Running,2026-03-18 23:21:44,2026-03-18 23:22:42
8,Starved,2026-03-18 23:22:42,2026-03-18 23:22:54
3,Running,2026-03-18 23:10:45,2026-03-18 23:22:57
3,Blocked,2026-03-18 23:22:57,2026-03-18 23:23:16
8,Running,2026-03-18 23:22:54,2026-03-18 23:23:57
8,Starved,2026-03-18 23:23:57,2026-03-18 23:24:05
3,Running,2026-03-18 23:23:16,2026-03-18 23:25:16
3,Blocked,2026-03-18 23:25:16,2026-03-18 23:25:19
6,Running,2026-03-18 23:21:48,2026-03-18 23:25:27
6,Starved,2026-03-18 23:25:27,2026-03-18 23:25:30
8,Running,2026-03-18 23:24:05,2026-03-18 23:26:01
3,Running,2026-03-18 23:25:19,2026-03-18 23:26:10
3,Blocked,2026-03-18 23:26:10,2026-03-18 23:26:14
6,Running,2026-03-18 23:25:30,2026-03-18 23:26:25
8,Starved,2026-03-18 23:26:01,2026-03-18 23:26:32
5,Running,2026-03-18 23:20:41,2026-03-18 23:26:32
6,Starved,2026-03-18 23:26:25,2026-03-18 23:26:32
5,Down,2026-03-18 23:26:32,2026-03-18 23:27:02
8,Running,2026-03-18 23:26:32,2026-03-18 23:27:29
8,Starved,2026-03-18 23:27:29,2026-03-18 23:27:30
6,Running,2026-03-18 23:26:32,2026-03-18 23:27:43
2,Running,2026-03-18 23:15:03,2026-03-18 23:27:48
2,Starved,2026-03-18 23:27:48,2026-03-18 23:27:50
6,Starved,2026-03-18 23:27:43,2026-03-18 23:28:05
8,Running,2026-03-18 23:27:30,2026-03-18 23:28:21
8,Starved,2026-03-18 23:28:21,2026-03-18 23:28:37
2,Running,2026-03-18 23:27:50,2026-03-18 23:28:42
2,Starved,2026-03-18 23:28:42,2026-03-18 23:28:52
10,Running,2026-03-18 23:04:35,2026-03-18 23:29:06
10,Starved,2026-03-18 23:29:06,2026-03-18 23:29:16
8,Running,2026-03-18 23:28:37,2026-03-18 23:29:31
2,Running,2026-03-18 23:28:52,2026-03-18 23:29:46
8,Starved,2026-03-18 23:29:31,2026-03-18 23:29:47
5,Running,2026-03-18 23:27:02,2026-03-18 23:29:53
2,Starved,2026-03-18 23:29:46,2026-03-18 23:29:54
3,Running,2026-03-18 23:26:14,2026-03-18 23:30:09
4,Running,2026-03-18 23:21:48,2026-03-18 23:30:13
8,Running,2026-03-18 23:29:47,2026-03-18 23:30:45
6,Running,2026-03-18 23:28:05,2026-03-18 23:31:08
8,Starved,2026-03-18 23:30:45,2026-03-18 23:31:11
9,Running,2026-03-18 22:34:39,2026-03-18 23:31:51
10,Running,2026-03-18 23:29:16,2026-03-18 23:31:59
8,Running,2026-03-18 23:31:11,2026-03-18 23:32:07
9,Starved,2026-03-18 23:31:51,2026-03-18 23:32:07
5,Down,2026-03-18 23:29:53,2026-03-18 23:32:27
4,Blocked,2026-03-18 23:30:13,2026-03-18 23:32:27
3,Blocked,2026-03-18 23:30:09,2026-03-18 23:32:27
8,Starved,2026-03-18 23:32:07,2026-03-18 23:32:27
10,Down,2026-03-18 23:31:59,2026-03-18 23:32:33
8,Running,2026-03-18 23:32:27,2026-03-18 23:33:26
3,Running,2026-03-18 23:32:27,2026-03-18 23:33:29
6,Starved,2026-03-18 23:31:08,2026-03-18 23:33:32
8,Starved,2026-03-18 23:33:26,2026-03-18 23:33:42
3,Blocked,2026-03-18 23:33:29,2026-03-18 23:33:51
2,Running,2026-03-18 23:29:54,2026-03-18 23:33:56
2,Starved,2026-03-18 23:33:56,2026-03-18 23:33:57
10,Running,2026-03-18 23:32:33,2026-03-18 23:34:32
9,Running,2026-03-18 23:32:07,2026-03-18 23:34:41
10,Starved,2026-03-18 23:34:32,2026-03-18 23:34:41
8,Running,2026-03-18 23:33:42,2026-03-18 23:34:44
9,Starved,2026-03-18 23:34:41,2026-03-18 23:34:44
3,Running,2026-03-18 23:33:51,2026-03-18 23:34:49
8,Starved,2026-03-18 23:34:44,2026-03-18 23:34:50
3,Blocked,2026-03-18 23:34:49,2026-03-18 23:34:56
11,Running,2026-03-18 23:19:09,2026-03-18 23:35:28
11,Blocked,2026-03-18 23:35:28,2026-03-18 23:35:31
9,Running,2026-03-18 23:34:44,2026-03-18 23:35:37
8,Running,2026-03-18 23:34:50,2026-03-18 23:35:51
9,Starved,2026-03-18 23:35:37,2026-03-18 23:35:51
2,Running,2026-03-18 23:33:57,2026-03-18 23:35:53
8,Starved,2026-03-18 23:35:51,2026-03-18 23:35:58
3,Running,2026-03-18 23:34:56,2026-03-18 23:36:01
3,Blocked,2026-03-18 23:36:01,2026-03-18 23:36:04
2,Blocked,2026-03-18 23:35:53,2026-03-18 23:36:04
10,Running,2026-03-18 23:34:41,2026-03-18 23:36:44
8,Running,2026-03-18 23:35:58,2026-03-18 23:36:50
10,Starved,2026-03-18 23:36:44,2026-03-18 23:36:55
2,Running,2026-03-18 23:36:04,2026-03-18 23:37:05
2,Blocked,2026-03-18 23:37:05,2026-03-18 23:37:08
8,Starved,2026-03-18 23:36:50,2026-03-18 23:37:10
10,Running,2026-03-18 23:36:55,2026-03-18 23:37:47
9,Running,2026-03-18 23:35:51,2026-03-18 23:37:55
10,Starved,2026-03-18 23:37:47,2026-03-18 23:37:55
2,Running,2026-03-18 23:37:08,2026-03-18 23:38:03
9,Starved,2026-03-18 23:37:55,2026-03-18 23:38:12
2,Blocked,2026-03-18 23:38:03,2026-03-18 23:38:13
10,Running,2026-03-18 23:37:55,2026-03-18 23:38:58
2,Running,2026-03-18 23:38:13,2026-03-18 23:39:05
10,Starved,2026-03-18 23:38:58,2026-03-18 23:39:18
2,Blocked,2026-03-18 23:39:05,2026-03-18 23:39:19
10,Running,2026-03-18 23:39:18,2026-03-18 23:40:12
3,Running,2026-03-18 23:36:04,2026-03-18 23:40:14
10,Starved,2026-03-18 23:40:12,2026-03-18 23:40:14
3,Blocked,2026-03-18 23:40:14,2026-03-18 23:40:18
3,Running,2026-03-18 23:40:18,2026-03-18 23:41:18
2,Running,2026-03-18 23:39:19,2026-03-18 23:41:25
3,Blocked,2026-03-18 23:41:18,2026-03-18 23:41:37
2,Blocked,2026-03-18 23:41:25,2026-03-18 23:41:37
3,Running,2026-03-18 23:41:37,2026-03-18 23:42:29
3,Blocked,2026-03-18 23:42:29,2026-03-18 23:42:36
10,Running,2026-03-18 23:40:14,2026-03-18 23:43:25
9,Running,2026-03-18 23:38:12,2026-03-18 23:43:26
10,Starved,2026-03-18 23:43:25,2026-03-18 23:43:26
8,Running,2026-03-18 23:37:10,2026-03-18 23:43:28
9,Starved,2026-03-18 23:43:26,2026-03-18 23:43:28
3,Running,2026-03-18 23:42:36,2026-03-18 23:43:29
3,Blocked,2026-03-18 23:43:29,2026-03-18 23:43:35
8,Starved,2026-03-18 23:43:28,2026-03-18 23:43:45
9,Running,2026-03-18 23:43:28,2026-03-18 23:44:16
3,Running,2026-03-18 23:43:35,2026-03-18 23:44:36
3,Blocked,2026-03-18 23:44:36,2026-03-18 23:44:45
9,Starved,2026-03-18 23:44:16,2026-03-18 23:44:51
2,Running,2026-03-18 23:41:37,2026-03-18 23:44:53
10,Running,2026-03-18 23:43:26,2026-03-18 23:45:24
3,Running,2026-03-18 23:44:45,2026-03-18 23:45:50
3,Blocked,2026-03-18 23:45:50,2026-03-18 23:45:52
8,Running,2026-03-18 23:43:45,2026-03-18 23:45:53
8,Starved,2026-03-18 23:45:53,2026-03-18 23:46:10
10,Starved,2026-03-18 23:45:24,2026-03-18 23:46:22
10,Running,2026-03-18 23:46:22,2026-03-18 23:47:20
9,Running,2026-03-18 23:44:51,2026-03-18 23:47:20
10,Starved,2026-03-18 23:47:20,2026-03-18 23:47:20
3,Running,2026-03-18 23:45:52,2026-03-18 23:47:56
10,Running,2026-03-18 23:47:20,2026-03-18 23:48:16
3,Blocked,2026-03-18 23:47:56,2026-03-18 23:48:20
9,Down,2026-03-18 23:47:20,2026-03-18 23:48:27
3,Running,2026-03-18 23:48:20,2026-03-18 23:49:16
3,Blocked,2026-03-18 23:49:16,2026-03-18 23:49:37
10,Starved,2026-03-18 23:48:16,2026-03-18 23:49:44
1,Running,2026-03-18 23:06:13,2026-03-18 23:50:12
10,Running,2026-03-18 23:49:44,2026-03-18 23:50:44
10,Starved,2026-03-18 23:50:44,2026-03-18 23:50:51
2,Down,2026-03-18 23:44:53,2026-03-18 23:51:10
1,Blocked,2026-03-18 23:50:12,2026-03-18 23:51:10
1,Running,2026-03-18 23:51:10,2026-03-18 23:52:04
1,Blocked,2026-03-18 23:52:04,2026-03-18 23:52:13
8,Running,2026-03-18 23:46:10,2026-03-18 23:52:24
6,Running,2026-03-18 23:33:32,2026-03-18 23:52:28
6,Starved,2026-03-18 23:52:28,2026-03-18 23:52:28
8,Starved,2026-03-18 23:52:24,2026-03-18 23:52:43
10,Running,2026-03-18 23:50:51,2026-03-18 23:52:47
10,Starved,2026-03-18 23:52:47,2026-03-18 23:52:48
1,Running,2026-03-18 23:52:13,2026-03-18 23:53:16
1,Blocked,2026-03-18 23:53:16,2026-03-18 23:53:21
8,Running,2026-03-18 23:52:43,2026-03-18 23:53:40
8,Starved,2026-03-18 23:53:40,2026-03-18 23:53:59
3,Running,2026-03-18 23:49:37,2026-03-18 23:54:02
3,Blocked,2026-03-18 23:54:02,2026-03-18 23:54:05
8,Running,2026-03-18 23:53:59,2026-03-18 23:54:58
8,Starved,2026-03-18 23:54:58,2026-03-18 23:55:11
6,Running,2026-03-18 23:52:28,2026-03-18 23:55:31
6,Starved,2026-03-18 23:55:31,2026-03-18 23:55:33
10,Running,2026-03-18 23:52:48,2026-03-18 23:56:01
3,Running,2026-03-18 23:54:05,2026-03-18 23:56:08
8,Running,2026-03-18 23:55:11,2026-03-18 23:56:13
10,Starved,2026-03-18 23:56:01,2026-03-18 23:56:14
8,Starved,2026-03-18 23:56:13,2026-03-18 23:56:25
3,Blocked,2026-03-18 23:56:08,2026-03-18 23:56:47
10,Running,2026-03-18 23:56:14,2026-03-18 23:57:05
8,Running,2026-03-18 23:56:25,2026-03-18 23:57:14
10,Starved,2026-03-18 23:57:05,2026-03-18 23:57:31
3,Running,2026-03-18 23:56:47,2026-03-18 23:57:44
3,Blocked,2026-03-18 23:57:44,2026-03-18 23:57:45
8,Starved,2026-03-18 23:57:14,2026-03-18 23:57:51
10,Running,2026-03-18 23:57:31,2026-03-18 23:58:32
10,Starved,2026-03-18 23:58:32,2026-03-18 23:58:33
3,Running,2026-03-18 23:57:45,2026-03-18 23:58:50
3,Blocked,2026-03-18 23:58:50,2026-03-18 23:58:56
10,Running,2026-03-18 23:58:33,2026-03-18 23:59:36
8,Running,2026-03-18 23:57:51,2026-03-18 23:59:53
3,Running,2026-03-18 23:58:56,2026-03-18 23:59:58
8,Starved,2026-03-18 23:59:53,2026-03-18 23:59:59
10,Starved,2026-03-18 23:59:36,2026-03-18 23:59:59
3,Blocked,2026-03-18 23:59:58,2026-03-19 00:00:05
10,Running,2026-03-18 23:59:59,2026-03-19 00:00:56
3,Running,2026-03-19 00:00:05,2026-03-19 00:00:57
3,Blocked,2026-03-19 00:00:57,2026-03-19 00:01:10
10,Starved,2026-03-19 00:00:56,2026-03-19 00:01:19
1,Running,2026-03-18 23:53:21,2026-03-19 00:01:53
9,Running,2026-03-18 23:48:27,2026-03-19 00:02:12
10,Running,2026-03-19 00:01:19,2026-03-19 00:03:11
8,Running,2026-03-18 23:59:59,2026-03-19 00:04:02
8,Starved,2026-03-19 00:04:02,2026-03-19 00:04:02
6,Running,2026-03-18 23:55:33,2026-03-19 00:04:31
6,Starved,2026-03-19 00:04:31,2026-03-19 00:04:33
8,Running,2026-03-19 00:04:02,2026-03-19 00:05:06
6,Running,2026-03-19 00:04:33,2026-03-19 00:05:28
6,Starved,2026-03-19 00:05:28,2026-03-19 00:05:29
6,Running,2026-03-19 00:05:29,2026-03-19 00:06:26
11,Running,2026-03-18 23:35:31,2026-03-19 00:06:33
6,Down,2026-03-19 00:06:26,2026-03-19 00:06:35
6,Starved,2026-03-19 00:06:35,2026-03-19 00:06:38
3,Running,2026-03-19 00:01:10,2026-03-19 00:07:07
3,Blocked,2026-03-19 00:07:07,2026-03-19 00:07:16
3,Running,2026-03-19 00:07:16,2026-03-19 00:08:12
3,Blocked,2026-03-19 00:08:12,2026-03-19 00:08:29
1,Down,2026-03-19 00:01:53,2026-03-19 00:08:48
7,Running,2026-03-18 22:48:43,2026-03-19 00:09:08
12,Running,2026-03-18 23:17:02,2026-03-19 00:09:11
3,Running,2026-03-19 00:08:29,2026-03-19 00:09:24
2,Running,2026-03-18 23:51:10,2026-03-19 00:09:26
3,Blocked,2026-03-19 00:09:24,2026-03-19 00:09:49
2,Starved,2026-03-19 00:09:26,2026-03-19 00:09:52
3,Running,2026-03-19 00:09:49,2026-03-19 00:10:45
3,Blocked,2026-03-19 00:10:45,2026-03-19 00:10:54
3,Running,2026-03-19 00:10:54,2026-03-19 00:11:44
2,Running,2026-03-19 00:09:52,2026-03-19 00:11:46
2,Starved,2026-03-19 00:11:46,2026-03-19 00:11:51
3,Blocked,2026-03-19 00:11:44,2026-03-19 00:11:59
2,Running,2026-03-19 00:11:51,2026-03-19 00:12:53
2,Starved,2026-03-19 00:12:53,2026-03-19 00:12:53
3,Running,2026-03-19 00:11:59,2026-03-19 00:13:00
3,Blocked,2026-03-19 00:13:00,2026-03-19 00:13:08
9,Down,2026-03-19 00:02:12,2026-03-19 00:18:15
8,Blocked,2026-03-19 00:05:06,2026-03-19 00:18:15
7,Blocked,2026-03-19 00:09:08,2026-03-19 00:18:15
2,Running,2026-03-19 00:12:53,2026-03-19 00:18:42
2,Starved,2026-03-19 00:18:42,2026-03-19 00:18:45
8,Running,2026-03-19 00:18:15,2026-03-19 00:19:11
7,Running,2026-03-19 00:18:15,2026-03-19 00:19:16
10,Starved,2026-03-19 00:03:11,2026-03-19 00:19:32
8,Blocked,2026-03-19 00:19:11,2026-03-19 00:19:32
7,Blocked,2026-03-19 00:19:16,2026-03-19 00:19:32
2,Running,2026-03-19 00:18:45,2026-03-19 00:19:42
2,Starved,2026-03-19 00:19:42,2026-03-19 00:19:55
10,Running,2026-03-19 00:19:32,2026-03-19 00:20:23
11,Starved,2026-03-19 00:06:33,2026-03-19 00:20:23
10,Starved,2026-03-19 00:20:23,2026-03-19 00:20:31
7,Running,2026-03-19 00:19:32,2026-03-19 00:20:34
7,Blocked,2026-03-19 00:20:34,2026-03-19 00:20:35
2,Running,2026-03-19 00:19:55,2026-03-19 00:20:52
2,Starved,2026-03-19 00:20:52,2026-03-19 00:21:01
7,Running,2026-03-19 00:20:35,2026-03-19 00:21:26
11,Running,2026-03-19 00:20:23,2026-03-19 00:21:33
12,Starved,2026-03-19 00:09:11,2026-03-19 00:21:33
8,Running,2026-03-19 00:19:32,2026-03-19 00:21:37
8,Blocked,2026-03-19 00:21:37,2026-03-19 00:21:42
7,Blocked,2026-03-19 00:21:26,2026-03-19 00:21:42
11,Starved,2026-03-19 00:21:33,2026-03-19 00:21:43
8,Running,2026-03-19 00:21:42,2026-03-19 00:22:37
11,Running,2026-03-19 00:21:43,2026-03-19 00:22:38
8,Blocked,2026-03-19 00:22:37,2026-03-19 00:22:40
11,Starved,2026-03-19 00:22:38,2026-03-19 00:22:45
8,Running,2026-03-19 00:22:40,2026-03-19 00:23:35
8,Blocked,2026-03-19 00:23:35,2026-03-19 00:23:40
12,Running,2026-03-19 00:21:33,2026-03-19 00:23:43
11,Running,2026-03-19 00:22:45,2026-03-19 00:23:45
12,Starved,2026-03-19 00:23:43,2026-03-19 00:23:45
11,Starved,2026-03-19 00:23:45,2026-03-19 00:23:55
3,Running,2026-03-19 00:13:08,2026-03-19 00:24:38
3,Blocked,2026-03-19 00:24:38,2026-03-19 00:24:40
12,Running,2026-03-19 00:23:45,2026-03-19 00:24:41
11,Running,2026-03-19 00:23:55,2026-03-19 00:24:45
12,Starved,2026-03-19 00:24:41,2026-03-19 00:24:45
11,Starved,2026-03-19 00:24:45,2026-03-19 00:25:00
3,Running,2026-03-19 00:24:40,2026-03-19 00:25:34
12,Running,2026-03-19 00:24:45,2026-03-19 00:25:44
3,Blocked,2026-03-19 00:25:34,2026-03-19 00:25:53
12,Starved,2026-03-19 00:25:44,2026-03-19 00:26:02
3,Running,2026-03-19 00:25:53,2026-03-19 00:26:46
3,Blocked,2026-03-19 00:26:46,2026-03-19 00:26:57
12,Running,2026-03-19 00:26:02,2026-03-19 00:26:59
12,Starved,2026-03-19 00:26:59,2026-03-19 00:27:13
2,Running,2026-03-19 00:21:01,2026-03-19 00:27:16
2,Starved,2026-03-19 00:27:16,2026-03-19 00:27:21
10,Running,2026-03-19 00:20:31,2026-03-19 00:27:47
10,Starved,2026-03-19 00:27:47,2026-03-19 00:27:51
2,Running,2026-03-19 00:27:21,2026-03-19 00:29:17
2,Starved,2026-03-19 00:29:17,2026-03-19 00:29:19
3,Running,2026-03-19 00:26:57,2026-03-19 00:30:02
3,Blocked,2026-03-19 00:30:02,2026-03-19 00:30:05
12,Running,2026-03-19 00:27:13,2026-03-19 00:30:08
12,Starved,2026-03-19 00:30:08,2026-03-19 00:30:12
2,Running,2026-03-19 00:29:19,2026-03-19 00:30:24
2,Starved,2026-03-19 00:30:24,2026-03-19 00:30:29
3,Running,2026-03-19 00:30:05,2026-03-19 00:31:02
3,Blocked,2026-03-19 00:31:02,2026-03-19 00:31:21
2,Running,2026-03-19 00:30:29,2026-03-19 00:32:20
2,Starved,2026-03-19 00:32:20,2026-03-19 00:32:29
10,Running,2026-03-19 00:27:51,2026-03-19 00:33:01
10,Starved,2026-03-19 00:33:01,2026-03-19 00:33:09
12,Running,2026-03-19 00:30:12,2026-03-19 00:33:13
12,Starved,2026-03-19 00:33:13,2026-03-19 00:33:17
2,Running,2026-03-19 00:32:29,2026-03-19 00:33:34
2,Starved,2026-03-19 00:33:34,2026-03-19 00:33:36
10,Running,2026-03-19 00:33:09,2026-03-19 00:34:14
10,Starved,2026-03-19 00:34:14,2026-03-19 00:34:17
3,Running,2026-03-19 00:31:21,2026-03-19 00:34:18
12,Running,2026-03-19 00:33:17,2026-03-19 00:34:20
3,Blocked,2026-03-19 00:34:18,2026-03-19 00:34:22
12,Starved,2026-03-19 00:34:20,2026-03-19 00:34:26
2,Running,2026-03-19 00:33:36,2026-03-19 00:34:30
2,Starved,2026-03-19 00:34:30,2026-03-19 00:34:39
3,Running,2026-03-19 00:34:22,2026-03-19 00:35:23
2,Running,2026-03-19 00:34:39,2026-03-19 00:35:38
2,Starved,2026-03-19 00:35:38,2026-03-19 00:35:42
10,Running,2026-03-19 00:34:17,2026-03-19 00:36:03
8,Running,2026-03-19 00:23:40,2026-03-19 00:36:36
10,Starved,2026-03-19 00:36:03,2026-03-19 00:36:37
8,Blocked,2026-03-19 00:36:36,2026-03-19 00:36:37
2,Running,2026-03-19 00:35:42,2026-03-19 00:36:42
2,Starved,2026-03-19 00:36:42,2026-03-19 00:36:46
11,Running,2026-03-19 00:25:00,2026-03-19 00:37:13
11,Starved,2026-03-19 00:37:13,2026-03-19 00:37:37
2,Running,2026-03-19 00:36:46,2026-03-19 00:37:39
2,Starved,2026-03-19 00:37:39,2026-03-19 00:37:42
12,Running,2026-03-19 00:34:26,2026-03-19 00:38:23
10,Running,2026-03-19 00:36:37,2026-03-19 00:38:28
12,Starved,2026-03-19 00:38:23,2026-03-19 00:38:35
2,Running,2026-03-19 00:37:42,2026-03-19 00:38:40
8,Running,2026-03-19 00:36:37,2026-03-19 00:38:41
10,Starved,2026-03-19 00:38:28,2026-03-19 00:38:42
8,Blocked,2026-03-19 00:38:41,2026-03-19 00:38:42
3,Down,2026-03-19 00:35:23,2026-03-19 00:38:52
2,Starved,2026-03-19 00:38:40,2026-03-19 00:38:56
11,Running,2026-03-19 00:37:37,2026-03-19 00:39:35
2,Running,2026-03-19 00:38:56,2026-03-19 00:39:48
11,Starved,2026-03-19 00:39:35,2026-03-19 00:39:51
2,Starved,2026-03-19 00:39:48,2026-03-19 00:39:51
8,Running,2026-03-19 00:38:42,2026-03-19 00:40:37
12,Running,2026-03-19 00:38:35,2026-03-19 00:40:42
10,Running,2026-03-19 00:38:42,2026-03-19 00:40:44
10,Starved,2026-03-19 00:40:44,2026-03-19 00:40:48
8,Blocked,2026-03-19 00:40:37,2026-03-19 00:40:48
2,Running,2026-03-19 00:39:51,2026-03-19 00:40:51
12,Starved,2026-03-19 00:40:42,2026-03-19 00:40:53
2,Starved,2026-03-19 00:40:51,2026-03-19 00:40:57
8,Running,2026-03-19 00:40:48,2026-03-19 00:41:39
10,Running,2026-03-19 00:40:48,2026-03-19 00:41:40
10,Starved,2026-03-19 00:41:40,2026-03-19 00:41:53
8,Blocked,2026-03-19 00:41:39,2026-03-19 00:41:53
11,Running,2026-03-19 00:39:51,2026-03-19 00:42:52
11,Starved,2026-03-19 00:42:52,2026-03-19 00:43:02
12,Running,2026-03-19 00:40:53,2026-03-19 00:43:58
2,Running,2026-03-19 00:40:57,2026-03-19 00:43:59
2,Starved,2026-03-19 00:43:59,2026-03-19 00:44:05
12,Starved,2026-03-19 00:43:58,2026-03-19 00:44:06
6,Running,2026-03-19 00:06:38,2026-03-19 00:45:39
6,Starved,2026-03-19 00:45:39,2026-03-19 00:45:54
12,Running,2026-03-19 00:44:06,2026-03-19 00:46:03
12,Starved,2026-03-19 00:46:03,2026-03-19 00:46:05
6,Running,2026-03-19 00:45:54,2026-03-19 00:46:51
10,Running,2026-03-19 00:41:53,2026-03-19 00:46:51
6,Starved,2026-03-19 00:46:51,2026-03-19 00:46:54
8,Running,2026-03-19 00:41:53,2026-03-19 00:46:58
10,Starved,2026-03-19 00:46:51,2026-03-19 00:46:59
8,Blocked,2026-03-19 00:46:58,2026-03-19 00:46:59
12,Running,2026-03-19 00:46:05,2026-03-19 00:47:03
12,Starved,2026-03-19 00:47:03,2026-03-19 00:47:06
6,Running,2026-03-19 00:46:54,2026-03-19 00:47:51
6,Starved,2026-03-19 00:47:51,2026-03-19 00:47:56
10,Running,2026-03-19 00:46:59,2026-03-19 00:47:56
8,Running,2026-03-19 00:46:59,2026-03-19 00:48:02
10,Starved,2026-03-19 00:47:56,2026-03-19 00:48:15
8,Blocked,2026-03-19 00:48:02,2026-03-19 00:48:15
6,Running,2026-03-19 00:47:56,2026-03-19 00:48:54
12,Running,2026-03-19 00:47:06,2026-03-19 00:49:00
6,Starved,2026-03-19 00:48:54,2026-03-19 00:49:02
11,Running,2026-03-19 00:43:02,2026-03-19 00:49:06
12,Starved,2026-03-19 00:49:00,2026-03-19 00:49:06
11,Starved,2026-03-19 00:49:06,2026-03-19 00:49:17
6,Running,2026-03-19 00:49:02,2026-03-19 00:49:59
10,Running,2026-03-19 00:48:15,2026-03-19 00:50:09
10,Starved,2026-03-19 00:50:09,2026-03-19 00:50:19
11,Running,2026-03-19 00:49:17,2026-03-19 00:51:13
11,Starved,2026-03-19 00:51:13,2026-03-19 00:51:20
12,Running,2026-03-19 00:49:06,2026-03-19 00:52:10
12,Starved,2026-03-19 00:52:10,2026-03-19 00:52:23
5,Running,2026-03-18 23:32:27,2026-03-19 00:53:01
12,Running,2026-03-19 00:52:23,2026-03-19 00:53:17
11,Running,2026-03-19 00:51:20,2026-03-19 00:53:24
12,Starved,2026-03-19 00:53:17,2026-03-19 00:53:24
11,Starved,2026-03-19 00:53:24,2026-03-19 00:53:28
11,Running,2026-03-19 00:53:28,2026-03-19 00:54:22
11,Starved,2026-03-19 00:54:22,2026-03-19 00:54:40
11,Running,2026-03-19 00:54:40,2026-03-19 00:55:39
11,Starved,2026-03-19 00:55:39,2026-03-19 00:55:39
6,Down,2026-03-19 00:49:59,2026-03-19 00:55:44
5,Blocked,2026-03-19 00:53:01,2026-03-19 00:55:44
8,Running,2026-03-19 00:48:15,2026-03-19 00:56:16
8,Blocked,2026-03-19 00:56:16,2026-03-19 00:56:18
8,Running,2026-03-19 00:56:18,2026-03-19 00:57:23
8,Blocked,2026-03-19 00:57:23,2026-03-19 00:57:28
5,Running,2026-03-19 00:55:44,2026-03-19 00:57:40
5,Blocked,2026-03-19 00:57:40,2026-03-19 00:57:42
2,Running,2026-03-19 00:44:05,2026-03-19 00:58:15
11,Running,2026-03-19 00:55:39,2026-03-19 01:00:34
11,Starved,2026-03-19 01:00:34,2026-03-19 01:00:37
11,Running,2026-03-19 01:00:37,2026-03-19 01:01:36
11,Starved,2026-03-19 01:01:36,2026-03-19 01:01:45
11,Running,2026-03-19 01:01:45,2026-03-19 01:02:45
11,Starved,2026-03-19 01:02:45,2026-03-19 01:02:53
2,Down,2026-03-19 00:58:15,2026-03-19 01:03:17
8,Running,2026-03-19 00:57:28,2026-03-19 01:03:39
8,Blocked,2026-03-19 01:03:39,2026-03-19 01:03:42
11,Running,2026-03-19 01:02:53,2026-03-19 01:03:47
11,Starved,2026-03-19 01:03:47,2026-03-19 01:03:57
3,Running,2026-03-19 00:38:52,2026-03-19 01:04:14
3,Blocked,2026-03-19 01:04:14,2026-03-19 01:04:38
8,Running,2026-03-19 01:03:42,2026-03-19 01:04:44
12,Running,2026-03-19 00:53:24,2026-03-19 01:04:55
10,Running,2026-03-19 00:50:19,2026-03-19 01:04:56
12,Starved,2026-03-19 01:04:55,2026-03-19 01:04:57
10,Starved,2026-03-19 01:04:56,2026-03-19 01:04:58
8,Blocked,2026-03-19 01:04:44,2026-03-19 01:04:58
3,Running,2026-03-19 01:04:38,2026-03-19 01:05:37
12,Running,2026-03-19 01:04:57,2026-03-19 01:05:50
3,Blocked,2026-03-19 01:05:37,2026-03-19 01:05:53
11,Running,2026-03-19 01:03:57,2026-03-19 01:05:56
12,Starved,2026-03-19 01:05:50,2026-03-19 01:05:56
11,Starved,2026-03-19 01:05:56,2026-03-19 01:05:58
4,Running,2026-03-18 23:32:27,2026-03-19 01:06:50
12,Running,2026-03-19 01:05:56,2026-03-19 01:06:50
8,Running,2026-03-19 01:04:58,2026-03-19 01:06:52
3,Running,2026-03-19 01:05:53,2026-03-19 01:06:53
10,Running,2026-03-19 01:04:58,2026-03-19 01:06:57
12,Starved,2026-03-19 01:06:50,2026-03-19 01:06:58
10,Starved,2026-03-19 01:06:57,2026-03-19 01:07:11
8,Blocked,2026-03-19 01:06:52,2026-03-19 01:07:11
5,Running,2026-03-19 00:57:42,2026-03-19 01:07:29
5,Blocked,2026-03-19 01:07:29,2026-03-19 01:07:31
12,Running,2026-03-19 01:06:58,2026-03-19 01:07:49
11,Running,2026-03-19 01:05:58,2026-03-19 01:07:56
12,Starved,2026-03-19 01:07:49,2026-03-19 01:07:56
4,Down,2026-03-19 01:06:50,2026-03-19 01:08:08
3,Blocked,2026-03-19 01:06:53,2026-03-19 01:08:08
11,Starved,2026-03-19 01:07:56,2026-03-19 01:08:13
5,Running,2026-03-19 01:07:31,2026-03-19 01:08:29
5,Blocked,2026-03-19 01:08:29,2026-03-19 01:08:32
12,Running,2026-03-19 01:07:56,2026-03-19 01:08:47
3,Running,2026-03-19 01:08:08,2026-03-19 01:09:07
10,Running,2026-03-19 01:07:11,2026-03-19 01:09:10
3,Blocked,2026-03-19 01:09:07,2026-03-19 01:09:13
12,Starved,2026-03-19 01:08:47,2026-03-19 01:09:16
8,Running,2026-03-19 01:07:11,2026-03-19 01:09:21
10,Starved,2026-03-19 01:09:10,2026-03-19 01:09:33
8,Blocked,2026-03-19 01:09:21,2026-03-19 01:09:33
3,Running,2026-03-19 01:09:13,2026-03-19 01:10:04
12,Running,2026-03-19 01:09:16,2026-03-19 01:10:06
11,Running,2026-03-19 01:08:13,2026-03-19 01:10:11
12,Starved,2026-03-19 01:10:06,2026-03-19 01:10:11
3,Blocked,2026-03-19 01:10:04,2026-03-19 01:10:14
8,Running,2026-03-19 01:09:33,2026-03-19 01:10:23
5,Running,2026-03-19 01:08:32,2026-03-19 01:10:32
5,Blocked,2026-03-19 01:10:32,2026-03-19 01:10:34
10,Running,2026-03-19 01:09:33,2026-03-19 01:10:38
11,Starved,2026-03-19 01:10:11,2026-03-19 01:10:38
10,Starved,2026-03-19 01:10:38,2026-03-19 01:10:47
8,Blocked,2026-03-19 01:10:23,2026-03-19 01:10:47
12,Running,2026-03-19 01:10:11,2026-03-19 01:11:14
11,Running,2026-03-19 01:10:38,2026-03-19 01:11:33
12,Starved,2026-03-19 01:11:14,2026-03-19 01:11:33
11,Starved,2026-03-19 01:11:33,2026-03-19 01:11:39
5,Running,2026-03-19 01:10:34,2026-03-19 01:12:27
5,Blocked,2026-03-19 01:12:27,2026-03-19 01:12:31
12,Running,2026-03-19 01:11:33,2026-03-19 01:12:39
12,Starved,2026-03-19 01:12:39,2026-03-19 01:12:40
3,Running,2026-03-19 01:10:14,2026-03-19 01:13:27
3,Blocked,2026-03-19 01:13:27,2026-03-19 01:13:37
11,Running,2026-03-19 01:11:39,2026-03-19 01:13:42
11,Starved,2026-03-19 01:13:42,2026-03-19 01:13:43
11,Running,2026-03-19 01:13:43,2026-03-19 01:14:34
3,Running,2026-03-19 01:13:37,2026-03-19 01:14:37
3,Blocked,2026-03-19 01:14:37,2026-03-19 01:14:47
12,Running,2026-03-19 01:12:40,2026-03-19 01:15:29
3,Running,2026-03-19 01:14:47,2026-03-19 01:15:41
3,Blocked,2026-03-19 01:15:41,2026-03-19 01:15:45
10,Running,2026-03-19 01:10:47,2026-03-19 01:16:45
3,Running,2026-03-19 01:15:45,2026-03-19 01:16:46
8,Running,2026-03-19 01:10:47,2026-03-19 01:16:47
3,Blocked,2026-03-19 01:16:46,2026-03-19 01:16:52
10,Starved,2026-03-19 01:16:45,2026-03-19 01:17:02
8,Blocked,2026-03-19 01:16:47,2026-03-19 01:17:02
8,Running,2026-03-19 01:17:02,2026-03-19 01:18:06
8,Blocked,2026-03-19 01:18:06,2026-03-19 01:18:07
11,Down,2026-03-19 01:14:34,2026-03-19 01:18:22
4,Running,2026-03-19 01:08:08,2026-03-19 01:18:26
8,Running,2026-03-19 01:18:07,2026-03-19 01:19:01
10,Running,2026-03-19 01:17:02,2026-03-19 01:19:04
12,Starved,2026-03-19 01:15:29,2026-03-19 01:19:17
10,Starved,2026-03-19 01:19:04,2026-03-19 01:19:22
8,Blocked,2026-03-19 01:19:01,2026-03-19 01:19:22
2,Running,2026-03-19 01:03:17,2026-03-19 01:19:50
12,Running,2026-03-19 01:19:17,2026-03-19 01:20:09
12,Starved,2026-03-19 01:20:09,2026-03-19 01:20:13
8,Running,2026-03-19 01:19:22,2026-03-19 01:20:15
8,Blocked,2026-03-19 01:20:15,2026-03-19 01:20:22
3,Down,2026-03-19 01:16:52,2026-03-19 01:20:30
2,Blocked,2026-03-19 01:19:50,2026-03-19 01:20:30
5,Running,2026-03-19 01:12:31,2026-03-19 01:20:42
8,Running,2026-03-19 01:20:22,2026-03-19 01:21:11
8,Blocked,2026-03-19 01:21:11,2026-03-19 01:21:21
2,Running,2026-03-19 01:20:30,2026-03-19 01:21:29
3,Running,2026-03-19 01:20:30,2026-03-19 01:21:32
1,Running,2026-03-19 00:08:48,2026-03-19 01:22:58
6,Running,2026-03-19 00:55:44,2026-03-19 01:23:11
8,Running,2026-03-19 01:21:21,2026-03-19 01:23:19
8,Blocked,2026-03-19 01:23:19,2026-03-19 01:23:40
4,Down,2026-03-19 01:18:26,2026-03-19 01:29:29
3,Blocked,2026-03-19 01:21:32,2026-03-19 01:29:29
2,Blocked,2026-03-19 01:21:29,2026-03-19 01:29:29
1,Blocked,2026-03-19 01:22:58,2026-03-19 01:29:29
2,Running,2026-03-19 01:29:29,2026-03-19 01:30:22
1,Running,2026-03-19 01:29:29,2026-03-19 01:30:35
3,Running,2026-03-19 01:29:29,2026-03-19 01:30:41
5,Starved,2026-03-19 01:20:42,2026-03-19 01:30:42
3,Blocked,2026-03-19 01:30:41,2026-03-19 01:30:42
2,Blocked,2026-03-19 01:30:22,2026-03-19 01:30:42
1,Blocked,2026-03-19 01:30:35,2026-03-19 01:30:42
5,Running,2026-03-19 01:30:42,2026-03-19 01:31:33
1,Running,2026-03-19 01:30:42,2026-03-19 01:31:38
3,Running,2026-03-19 01:30:42,2026-03-19 01:31:38
2,Running,2026-03-19 01:30:42,2026-03-19 01:31:43
5,Starved,2026-03-19 01:31:33,2026-03-19 01:31:54
3,Blocked,2026-03-19 01:31:38,2026-03-19 01:31:54
2,Blocked,2026-03-19 01:31:43,2026-03-19 01:31:54
1,Blocked,2026-03-19 01:31:38,2026-03-19 01:31:54
3,Running,2026-03-19 01:31:54,2026-03-19 01:32:48
5,Running,2026-03-19 01:31:54,2026-03-19 01:32:53
5,Starved,2026-03-19 01:32:53,2026-03-19 01:33:02
3,Blocked,2026-03-19 01:32:48,2026-03-19 01:33:02
1,Running,2026-03-19 01:31:54,2026-03-19 01:33:02
1,Blocked,2026-03-19 01:33:02,2026-03-19 01:33:03
4,Running,2026-03-19 01:29:29,2026-03-19 01:33:56
5,Running,2026-03-19 01:33:02,2026-03-19 01:33:58
1,Running,2026-03-19 01:33:03,2026-03-19 01:34:00
2,Running,2026-03-19 01:31:54,2026-03-19 01:34:05
3,Running,2026-03-19 01:33:02,2026-03-19 01:34:08
4,Down,2026-03-19 01:33:56,2026-03-19 01:40:56
3,Blocked,2026-03-19 01:34:08,2026-03-19 01:40:56
2,Blocked,2026-03-19 01:34:05,2026-03-19 01:40:56
1,Blocked,2026-03-19 01:34:00,2026-03-19 01:40:56
1,Running,2026-03-19 01:40:56,2026-03-19 01:41:54
3,Running,2026-03-19 01:40:56,2026-03-19 01:41:55
2,Running,2026-03-19 01:40:56,2026-03-19 01:41:57
3,Blocked,2026-03-19 01:41:55,2026-03-19 01:42:08
2,Blocked,2026-03-19 01:41:57,2026-03-19 01:42:08
1,Blocked,2026-03-19 01:41:54,2026-03-19 01:42:08
11,Running,2026-03-19 01:18:22,2026-03-19 01:42:29
1,Running,2026-03-19 01:42:08,2026-03-19 01:43:01
3,Running,2026-03-19 01:42:08,2026-03-19 01:43:07
3,Blocked,2026-03-19 01:43:07,2026-03-19 01:43:09
1,Blocked,2026-03-19 01:43:01,2026-03-19 01:43:11
3,Running,2026-03-19 01:43:09,2026-03-19 01:44:06
2,Running,2026-03-19 01:42:08,2026-03-19 01:44:17
1,Running,2026-03-19 01:43:11,2026-03-19 01:44:20
3,Blocked,2026-03-19 01:44:06,2026-03-19 01:44:20
2,Blocked,2026-03-19 01:44:17,2026-03-19 01:44:20
1,Blocked,2026-03-19 01:44:20,2026-03-19 01:44:20
9,Running,2026-03-19 00:18:15,2026-03-19 01:44:39
6,Down,2026-03-19 01:23:11,2026-03-19 01:44:51
5,Blocked,2026-03-19 01:33:58,2026-03-19 01:44:51
12,Running,2026-03-19 01:20:13,2026-03-19 01:45:11
1,Running,2026-03-19 01:44:20,2026-03-19 01:45:15
3,Running,2026-03-19 01:44:20,2026-03-19 01:45:21
2,Running,2026-03-19 01:44:20,2026-03-19 01:45:22
3,Blocked,2026-03-19 01:45:21,2026-03-19 01:45:28
2,Blocked,2026-03-19 01:45:22,2026-03-19 01:45:28
1,Blocked,2026-03-19 01:45:15,2026-03-19 01:45:28
8,Running,2026-03-19 01:23:40,2026-03-19 01:45:39
5,Running,2026-03-19 01:44:51,2026-03-19 01:45:45
10,Running,2026-03-19 01:19:22,2026-03-19 01:45:55
5,Blocked,2026-03-19 01:45:45,2026-03-19 01:45:57
1,Running,2026-03-19 01:45:28,2026-03-19 01:46:16
2,Running,2026-03-19 01:45:28,2026-03-19 01:46:24
3,Running,2026-03-19 01:45:28,2026-03-19 01:46:26
3,Blocked,2026-03-19 01:46:26,2026-03-19 01:46:44
2,Blocked,2026-03-19 01:46:24,2026-03-19 01:46:44
1,Blocked,2026-03-19 01:46:16,2026-03-19 01:46:44
5,Running,2026-03-19 01:45:57,2026-03-19 01:46:52
5,Blocked,2026-03-19 01:46:52,2026-03-19 01:46:58
2,Running,2026-03-19 01:46:44,2026-03-19 01:47:40
2,Blocked,2026-03-19 01:47:40,2026-03-19 01:47:48
7,Running,2026-03-19 00:21:42,2026-03-19 01:48:17
2,Running,2026-03-19 01:47:48,2026-03-19 01:48:46
1,Running,2026-03-19 01:46:44,2026-03-19 01:48:47
2,Blocked,2026-03-19 01:48:46,2026-03-19 01:48:48
1,Blocked,2026-03-19 01:48:47,2026-03-19 01:48:48
3,Running,2026-03-19 01:46:44,2026-03-19 01:49:45
1,Running,2026-03-19 01:48:48,2026-03-19 01:49:48
2,Running,2026-03-19 01:48:48,2026-03-19 01:49:52
3,Blocked,2026-03-19 01:49:45,2026-03-19 01:49:56
2,Blocked,2026-03-19 01:49:52,2026-03-19 01:49:56
1,Blocked,2026-03-19 01:49:48,2026-03-19 01:49:56
11,Down,2026-03-19 01:42:29,2026-03-19 01:50:40
1,Running,2026-03-19 01:49:56,2026-03-19 01:50:46
2,Running,2026-03-19 01:49:56,2026-03-19 01:50:59
2,Blocked,2026-03-19 01:50:59,2026-03-19 01:51:02
1,Blocked,2026-03-19 01:50:46,2026-03-19 01:51:02
12,Starved,2026-03-19 01:45:11,2026-03-19 01:51:45
1,Running,2026-03-19 01:51:02,2026-03-19 01:52:09
1,Blocked,2026-03-19 01:52:09,2026-03-19 01:52:09
12,Running,2026-03-19 01:51:45,2026-03-19 01:52:45
12,Starved,2026-03-19 01:52:45,2026-03-19 01:52:48
12,Running,2026-03-19 01:52:48,2026-03-19 01:53:49
12,Starved,2026-03-19 01:53:49,2026-03-19 01:53:51
2,Running,2026-03-19 01:51:02,2026-03-19 01:54:03
3,Running,2026-03-19 01:49:56,2026-03-19 01:54:05
1,Running,2026-03-19 01:52:09,2026-03-19 01:54:07
3,Blocked,2026-03-19 01:54:05,2026-03-19 01:54:14
2,Blocked,2026-03-19 01:54:03,2026-03-19 01:54:14
1,Blocked,2026-03-19 01:54:07,2026-03-19 01:54:14
12,Running,2026-03-19 01:53:51,2026-03-19 01:54:48
12,Starved,2026-03-19 01:54:48,2026-03-19 01:54:48
3,Running,2026-03-19 01:54:14,2026-03-19 01:55:14
3,Blocked,2026-03-19 01:55:14,2026-03-19 01:55:15
1,Running,2026-03-19 01:54:14,2026-03-19 01:55:24
1,Blocked,2026-03-19 01:55:24,2026-03-19 01:55:25
12,Running,2026-03-19 01:54:48,2026-03-19 01:55:49
12,Starved,2026-03-19 01:55:49,2026-03-19 01:55:53
3,Running,2026-03-19 01:55:15,2026-03-19 01:56:09
1,Running,2026-03-19 01:55:25,2026-03-19 01:56:17
2,Running,2026-03-19 01:54:14,2026-03-19 01:56:19
3,Blocked,2026-03-19 01:56:09,2026-03-19 01:56:39
2,Blocked,2026-03-19 01:56:19,2026-03-19 01:56:39
1,Blocked,2026-03-19 01:56:17,2026-03-19 01:56:39
11,Running,2026-03-19 01:50:40,2026-03-19 01:56:53
2,Running,2026-03-19 01:56:39,2026-03-19 01:57:31
3,Running,2026-03-19 01:56:39,2026-03-19 01:57:38
1,Running,2026-03-19 01:56:39,2026-03-19 01:57:44
9,Down,2026-03-19 01:44:39,2026-03-19 01:57:57
8,Blocked,2026-03-19 01:45:39,2026-03-19 01:57:57
7,Blocked,2026-03-19 01:48:17,2026-03-19 01:57:57
12,Running,2026-03-19 01:55:53,2026-03-19 01:57:59
3,Blocked,2026-03-19 01:57:38,2026-03-19 01:58:00
2,Blocked,2026-03-19 01:57:31,2026-03-19 01:58:00
1,Blocked,2026-03-19 01:57:44,2026-03-19 01:58:00
3,Running,2026-03-19 01:58:00,2026-03-19 01:58:52
8,Running,2026-03-19 01:57:57,2026-03-19 01:58:54
7,Running,2026-03-19 01:57:57,2026-03-19 01:58:54
3,Blocked,2026-03-19 01:58:52,2026-03-19 01:58:56
10,Starved,2026-03-19 01:45:55,2026-03-19 01:58:56
8,Blocked,2026-03-19 01:58:54,2026-03-19 01:58:56
7,Blocked,2026-03-19 01:58:54,2026-03-19 01:58:56
1,Running,2026-03-19 01:58:00,2026-03-19 01:59:03
1,Blocked,2026-03-19 01:59:03,2026-03-19 01:59:06
10,Running,2026-03-19 01:58:56,2026-03-19 01:59:49
11,Starved,2026-03-19 01:56:53,2026-03-19 01:59:49
8,Running,2026-03-19 01:58:56,2026-03-19 01:59:50
10,Starved,2026-03-19 01:59:49,2026-03-19 01:59:51
8,Blocked,2026-03-19 01:59:50,2026-03-19 01:59:51
1,Running,2026-03-19 01:59:06,2026-03-19 02:00:13
1,Blocked,2026-03-19 02:00:13,2026-03-19 02:00:13
8,Running,2026-03-19 01:59:51,2026-03-19 02:00:47
10,Running,2026-03-19 01:59:51,2026-03-19 02:00:55
12,Starved,2026-03-19 01:57:59,2026-03-19 02:00:57
10,Starved,2026-03-19 02:00:55,2026-03-19 02:01:00
8,Blocked,2026-03-19 02:00:47,2026-03-19 02:01:00
3,Running,2026-03-19 01:58:56,2026-03-19 02:01:49
3,Blocked,2026-03-19 02:01:49,2026-03-19 02:01:54
12,Running,2026-03-19 02:00:57,2026-03-19 02:01:57
11,Running,2026-03-19 01:59:49,2026-03-19 02:01:58
12,Starved,2026-03-19 02:01:57,2026-03-19 02:01:58
11,Starved,2026-03-19 02:01:58,2026-03-19 02:02:07
12,Running,2026-03-19 02:01:58,2026-03-19 02:02:58
11,Running,2026-03-19 02:02:07,2026-03-19 02:03:07
12,Starved,2026-03-19 02:02:58,2026-03-19 02:03:07
8,Running,2026-03-19 02:01:00,2026-03-19 02:03:08
10,Running,2026-03-19 02:01:00,2026-03-19 02:03:12
11,Starved,2026-03-19 02:03:07,2026-03-19 02:03:12
10,Starved,2026-03-19 02:03:12,2026-03-19 02:03:27
8,Blocked,2026-03-19 02:03:08,2026-03-19 02:03:27
12,Running,2026-03-19 02:03:07,2026-03-19 02:04:06
11,Running,2026-03-19 02:03:12,2026-03-19 02:04:17
12,Starved,2026-03-19 02:04:06,2026-03-19 02:04:17
10,Running,2026-03-19 02:03:27,2026-03-19 02:04:22
11,Starved,2026-03-19 02:04:17,2026-03-19 02:04:22
8,Running,2026-03-19 02:03:27,2026-03-19 02:04:32
10,Starved,2026-03-19 02:04:22,2026-03-19 02:04:43
8,Blocked,2026-03-19 02:04:32,2026-03-19 02:04:43
12,Running,2026-03-19 02:04:17,2026-03-19 02:05:14
11,Running,2026-03-19 02:04:22,2026-03-19 02:05:20
12,Starved,2026-03-19 02:05:14,2026-03-19 02:05:20
8,Running,2026-03-19 02:04:43,2026-03-19 02:05:38
8,Blocked,2026-03-19 02:05:38,2026-03-19 02:05:41
11,Starved,2026-03-19 02:05:20,2026-03-19 02:05:47
3,Running,2026-03-19 02:01:54,2026-03-19 02:06:01
3,Blocked,2026-03-19 02:06:01,2026-03-19 02:06:08
12,Running,2026-03-19 02:05:20,2026-03-19 02:06:23
11,Running,2026-03-19 02:05:47,2026-03-19 02:06:49
12,Starved,2026-03-19 02:06:23,2026-03-19 02:06:49
11,Starved,2026-03-19 02:06:49,2026-03-19 02:06:54
2,Running,2026-03-19 01:58:00,2026-03-19 02:07:02
3,Running,2026-03-19 02:06:08,2026-03-19 02:07:06
3,Blocked,2026-03-19 02:07:06,2026-03-19 02:07:21
2,Blocked,2026-03-19 02:07:02,2026-03-19 02:07:21
8,Running,2026-03-19 02:05:41,2026-03-19 02:07:29
12,Running,2026-03-19 02:06:49,2026-03-19 02:07:46
8,Blocked,2026-03-19 02:07:29,2026-03-19 02:07:47
12,Starved,2026-03-19 02:07:46,2026-03-19 02:08:03
3,Running,2026-03-19 02:07:21,2026-03-19 02:08:11
3,Blocked,2026-03-19 02:08:11,2026-03-19 02:08:23
10,Running,2026-03-19 02:04:43,2026-03-19 02:08:46
8,Running,2026-03-19 02:07:47,2026-03-19 02:08:48
10,Starved,2026-03-19 02:08:46,2026-03-19 02:08:52
8,Blocked,2026-03-19 02:08:48,2026-03-19 02:08:52
11,Running,2026-03-19 02:06:54,2026-03-19 02:09:04
2,Running,2026-03-19 02:07:21,2026-03-19 02:09:22
2,Blocked,2026-03-19 02:09:22,2026-03-19 02:09:22
8,Running,2026-03-19 02:08:52,2026-03-19 02:09:48
8,Blocked,2026-03-19 02:09:48,2026-03-19 02:09:49
12,Running,2026-03-19 02:08:03,2026-03-19 02:10:06
10,Running,2026-03-19 02:08:52,2026-03-19 02:10:50
8,Running,2026-03-19 02:09:49,2026-03-19 02:10:50
10,Starved,2026-03-19 02:10:50,2026-03-19 02:11:06
8,Blocked,2026-03-19 02:10:50,2026-03-19 02:11:06
3,Running,2026-03-19 02:08:23,2026-03-19 02:11:12
2,Running,2026-03-19 02:09:22,2026-03-19 02:11:16
3,Blocked,2026-03-19 02:11:12,2026-03-19 02:11:31
2,Blocked,2026-03-19 02:11:16,2026-03-19 02:11:31
8,Running,2026-03-19 02:11:06,2026-03-19 02:12:00
10,Running,2026-03-19 02:11:06,2026-03-19 02:12:06
10,Starved,2026-03-19 02:12:06,2026-03-19 02:12:16
8,Blocked,2026-03-19 02:12:00,2026-03-19 02:12:16
2,Running,2026-03-19 02:11:31,2026-03-19 02:12:25
3,Running,2026-03-19 02:11:31,2026-03-19 02:12:27
1,Running,2026-03-19 02:00:13,2026-03-19 02:12:56
3,Blocked,2026-03-19 02:12:27,2026-03-19 02:12:57
2,Blocked,2026-03-19 02:12:25,2026-03-19 02:12:57
1,Blocked,2026-03-19 02:12:56,2026-03-19 02:12:57
10,Running,2026-03-19 02:12:16,2026-03-19 02:13:10
10,Starved,2026-03-19 02:13:10,2026-03-19 02:13:11
3,Running,2026-03-19 02:12:57,2026-03-19 02:13:54
2,Running,2026-03-19 02:12:57,2026-03-19 02:13:57
3,Blocked,2026-03-19 02:13:54,2026-03-19 02:13:58
2,Blocked,2026-03-19 02:13:57,2026-03-19 02:13:58
1,Running,2026-03-19 02:12:57,2026-03-19 02:14:51
3,Running,2026-03-19 02:13:58,2026-03-19 02:14:52
2,Running,2026-03-19 02:13:58,2026-03-19 02:14:59
3,Blocked,2026-03-19 02:14:52,2026-03-19 02:15:12
2,Blocked,2026-03-19 02:14:59,2026-03-19 02:15:12
1,Blocked,2026-03-19 02:14:51,2026-03-19 02:15:12
5,Running,2026-03-19 01:46:58,2026-03-19 02:15:57
2,Running,2026-03-19 02:15:12,2026-03-19 02:16:08
1,Running,2026-03-19 02:15:12,2026-03-19 02:16:10
3,Running,2026-03-19 02:15:12,2026-03-19 02:16:16
3,Blocked,2026-03-19 02:16:16,2026-03-19 02:16:27
2,Blocked,2026-03-19 02:16:08,2026-03-19 02:16:27
1,Blocked,2026-03-19 02:16:10,2026-03-19 02:16:27
11,Down,2026-03-19 02:09:04,2026-03-19 02:17:09
1,Running,2026-03-19 02:16:27,2026-03-19 02:17:22
3,Running,2026-03-19 02:16:27,2026-03-19 02:17:27
2,Running,2026-03-19 02:16:27,2026-03-19 02:17:30
3,Blocked,2026-03-19 02:17:27,2026-03-19 02:17:34
2,Blocked,2026-03-19 02:17:30,2026-03-19 02:17:34
1,Blocked,2026-03-19 02:17:22,2026-03-19 02:17:34
12,Starved,2026-03-19 02:10:06,2026-03-19 02:18:03
1,Running,2026-03-19 02:17:34,2026-03-19 02:18:32
2,Running,2026-03-19 02:17:34,2026-03-19 02:18:33
2,Blocked,2026-03-19 02:18:33,2026-03-19 02:18:38
1,Blocked,2026-03-19 02:18:32,2026-03-19 02:18:38
6,Running,2026-03-19 01:44:51,2026-03-19 02:19:14
5,Down,2026-03-19 02:15:57,2026-03-19 02:19:32
2,Running,2026-03-19 02:18:38,2026-03-19 02:19:37
3,Running,2026-03-19 02:17:34,2026-03-19 02:19:39
1,Running,2026-03-19 02:18:38,2026-03-19 02:19:42
3,Blocked,2026-03-19 02:19:39,2026-03-19 02:19:44
2,Blocked,2026-03-19 02:19:37,2026-03-19 02:19:44
1,Blocked,2026-03-19 02:19:42,2026-03-19 02:19:44
8,Running,2026-03-19 02:12:16,2026-03-19 02:20:17
10,Running,2026-03-19 02:13:11,2026-03-19 02:20:17
6,Starved,2026-03-19 02:19:14,2026-03-19 02:20:21
10,Starved,2026-03-19 02:20:17,2026-03-19 02:20:34
8,Blocked,2026-03-19 02:20:17,2026-03-19 02:20:34
1,Running,2026-03-19 02:19:44,2026-03-19 02:20:36
1,Blocked,2026-03-19 02:20:36,2026-03-19 02:20:52
6,Running,2026-03-19 02:20:21,2026-03-19 02:21:18
6,Starved,2026-03-19 02:21:18,2026-03-19 02:21:23
3,Running,2026-03-19 02:19:44,2026-03-19 02:21:44
2,Running,2026-03-19 02:19:44,2026-03-19 02:21:53
1,Running,2026-03-19 02:20:52,2026-03-19 02:21:55
3,Blocked,2026-03-19 02:21:44,2026-03-19 02:22:16
2,Blocked,2026-03-19 02:21:53,2026-03-19 02:22:16
1,Blocked,2026-03-19 02:21:55,2026-03-19 02:22:16
2,Running,2026-03-19 02:22:16,2026-03-19 02:23:09
6,Running,2026-03-19 02:21:23,2026-03-19 02:23:15
1,Running,2026-03-19 02:22:16,2026-03-19 02:23:17
6,Starved,2026-03-19 02:23:15,2026-03-19 02:23:19
8,Running,2026-03-19 02:20:34,2026-03-19 02:23:23
2,Blocked,2026-03-19 02:23:09,2026-03-19 02:23:25
1,Blocked,2026-03-19 02:23:17,2026-03-19 02:23:25
8,Blocked,2026-03-19 02:23:23,2026-03-19 02:23:32
6,Running,2026-03-19 02:23:19,2026-03-19 02:24:08
6,Starved,2026-03-19 02:24:08,2026-03-19 02:24:13
3,Running,2026-03-19 02:22:16,2026-03-19 02:24:30
1,Running,2026-03-19 02:23:25,2026-03-19 02:24:31
2,Running,2026-03-19 02:23:25,2026-03-19 02:24:34
3,Blocked,2026-03-19 02:24:30,2026-03-19 02:24:36
2,Blocked,2026-03-19 02:24:34,2026-03-19 02:24:36
1,Blocked,2026-03-19 02:24:31,2026-03-19 02:24:36
6,Running,2026-03-19 02:24:13,2026-03-19 02:25:11
6,Starved,2026-03-19 02:25:11,2026-03-19 02:25:12
1,Running,2026-03-19 02:24:36,2026-03-19 02:25:31
10,Running,2026-03-19 02:20:34,2026-03-19 02:25:32
3,Running,2026-03-19 02:24:36,2026-03-19 02:25:37
10,Starved,2026-03-19 02:25:32,2026-03-19 02:25:37
2,Running,2026-03-19 02:24:36,2026-03-19 02:25:38
3,Blocked,2026-03-19 02:25:37,2026-03-19 02:25:40
2,Blocked,2026-03-19 02:25:38,2026-03-19 02:25:40
1,Blocked,2026-03-19 02:25:31,2026-03-19 02:25:40
6,Running,2026-03-19 02:25:12,2026-03-19 02:26:07
6,Starved,2026-03-19 02:26:07,2026-03-19 02:26:19
3,Running,2026-03-19 02:25:40,2026-03-19 02:26:29
10,Running,2026-03-19 02:25:37,2026-03-19 02:26:35
2,Running,2026-03-19 02:25:40,2026-03-19 02:26:35
1,Running,2026-03-19 02:25:40,2026-03-19 02:26:40
10,Starved,2026-03-19 02:26:35,2026-03-19 02:26:40
3,Blocked,2026-03-19 02:26:29,2026-03-19 02:26:44
2,Blocked,2026-03-19 02:26:35,2026-03-19 02:26:44
1,Blocked,2026-03-19 02:26:40,2026-03-19 02:26:44
1,Running,2026-03-19 02:26:44,2026-03-19 02:27:38
12,Running,2026-03-19 02:18:03,2026-03-19 02:27:43
2,Running,2026-03-19 02:26:44,2026-03-19 02:27:49
2,Blocked,2026-03-19 02:27:49,2026-03-19 02:27:49
1,Blocked,2026-03-19 02:27:38,2026-03-19 02:27:49
12,Starved,2026-03-19 02:27:43,2026-03-19 02:27:50
6,Running,2026-03-19 02:26:19,2026-03-19 02:28:21
2,Running,2026-03-19 02:27:49,2026-03-19 02:28:39
8,Running,2026-03-19 02:23:32,2026-03-19 02:28:48
10,Running,2026-03-19 02:26:40,2026-03-19 02:28:49
1,Running,2026-03-19 02:27:49,2026-03-19 02:28:50
3,Running,2026-03-19 02:26:44,2026-03-19 02:28:50
3,Blocked,2026-03-19 02:28:50,2026-03-19 02:28:52
2,Blocked,2026-03-19 02:28:39,2026-03-19 02:28:52
1,Blocked,2026-03-19 02:28:50,2026-03-19 02:28:52
10,Starved,2026-03-19 02:28:49,2026-03-19 02:29:04
8,Blocked,2026-03-19 02:28:48,2026-03-19 02:29:04
12,Running,2026-03-19 02:27:50,2026-03-19 02:29:42
12,Starved,2026-03-19 02:29:42,2026-03-19 02:29:43
3,Running,2026-03-19 02:28:52,2026-03-19 02:29:48
1,Running,2026-03-19 02:28:52,2026-03-19 02:29:48
3,Blocked,2026-03-19 02:29:48,2026-03-19 02:29:57
1,Blocked,2026-03-19 02:29:48,2026-03-19 02:29:59
8,Running,2026-03-19 02:29:04,2026-03-19 02:30:01
10,Running,2026-03-19 02:29:04,2026-03-19 02:30:03
10,Starved,2026-03-19 02:30:03,2026-03-19 02:30:07
8,Blocked,2026-03-19 02:30:01,2026-03-19 02:30:07
3,Running,2026-03-19 02:29:57,2026-03-19 02:30:52
2,Running,2026-03-19 02:28:52,2026-03-19 02:30:52
3,Blocked,2026-03-19 02:30:52,2026-03-19 02:30:53
2,Blocked,2026-03-19 02:30:52,2026-03-19 02:30:53
10,Running,2026-03-19 02:30:07,2026-03-19 02:30:57
8,Running,2026-03-19 02:30:07,2026-03-19 02:31:07
5,Running,2026-03-19 02:19:32,2026-03-19 02:31:08
10,Starved,2026-03-19 02:30:57,2026-03-19 02:31:34
8,Blocked,2026-03-19 02:31:07,2026-03-19 02:31:34
7,Running,2026-03-19 01:58:56,2026-03-19 02:32:13
12,Running,2026-03-19 02:29:43,2026-03-19 02:32:36
12,Starved,2026-03-19 02:32:36,2026-03-19 02:32:41
6,Down,2026-03-19 02:28:21,2026-03-19 02:33:06
5,Blocked,2026-03-19 02:31:08,2026-03-19 02:33:06
8,Running,2026-03-19 02:31:34,2026-03-19 02:33:24
8,Blocked,2026-03-19 02:33:24,2026-03-19 02:33:30
12,Running,2026-03-19 02:32:41,2026-03-19 02:33:40
12,Starved,2026-03-19 02:33:40,2026-03-19 02:33:46
5,Running,2026-03-19 02:33:06,2026-03-19 02:34:08
8,Running,2026-03-19 02:33:30,2026-03-19 02:34:26
8,Blocked,2026-03-19 02:34:26,2026-03-19 02:34:28
12,Running,2026-03-19 02:33:46,2026-03-19 02:34:36
12,Starved,2026-03-19 02:34:36,2026-03-19 02:34:41
3,Running,2026-03-19 02:30:53,2026-03-19 02:34:48
3,Blocked,2026-03-19 02:34:48,2026-03-19 02:34:50
8,Running,2026-03-19 02:34:28,2026-03-19 02:35:24
8,Blocked,2026-03-19 02:35:24,2026-03-19 02:35:26
3,Running,2026-03-19 02:34:50,2026-03-19 02:35:44
3,Blocked,2026-03-19 02:35:44,2026-03-19 02:35:45
8,Running,2026-03-19 02:35:26,2026-03-19 02:36:20
8,Blocked,2026-03-19 02:36:20,2026-03-19 02:36:23
12,Running,2026-03-19 02:34:41,2026-03-19 02:36:45
12,Starved,2026-03-19 02:36:45,2026-03-19 02:36:46
3,Running,2026-03-19 02:35:45,2026-03-19 02:36:47
2,Running,2026-03-19 02:30:53,2026-03-19 02:36:47
3,Blocked,2026-03-19 02:36:47,2026-03-19 02:36:57
2,Blocked,2026-03-19 02:36:47,2026-03-19 02:36:57
3,Running,2026-03-19 02:36:57,2026-03-19 02:37:55
2,Running,2026-03-19 02:36:57,2026-03-19 02:37:59
5,Down,2026-03-19 02:34:08,2026-03-19 02:38:06
3,Blocked,2026-03-19 02:37:55,2026-03-19 02:38:09
2,Blocked,2026-03-19 02:37:59,2026-03-19 02:38:09
6,Running,2026-03-19 02:33:06,2026-03-19 02:38:20
2,Running,2026-03-19 02:38:09,2026-03-19 02:39:05
6,Starved,2026-03-19 02:38:20,2026-03-19 02:39:07
3,Running,2026-03-19 02:38:09,2026-03-19 02:39:08
10,Running,2026-03-19 02:31:34,2026-03-19 02:39:27
3,Blocked,2026-03-19 02:39:08,2026-03-19 02:39:27
2,Blocked,2026-03-19 02:39:05,2026-03-19 02:39:27
10,Starved,2026-03-19 02:39:27,2026-03-19 02:39:43
3,Running,2026-03-19 02:39:27,2026-03-19 02:40:27
2,Running,2026-03-19 02:39:27,2026-03-19 02:40:31
1,Running,2026-03-19 02:29:59,2026-03-19 02:40:35
3,Blocked,2026-03-19 02:40:27,2026-03-19 02:40:55
2,Blocked,2026-03-19 02:40:31,2026-03-19 02:40:55
1,Blocked,2026-03-19 02:40:35,2026-03-19 02:40:55
9,Running,2026-03-19 01:57:57,2026-03-19 02:41:38
1,Running,2026-03-19 02:40:55,2026-03-19 02:41:53
2,Running,2026-03-19 02:40:55,2026-03-19 02:41:54
2,Blocked,2026-03-19 02:41:54,2026-03-19 02:41:56
1,Blocked,2026-03-19 02:41:53,2026-03-19 02:41:56
10,Running,2026-03-19 02:39:43,2026-03-19 02:42:34
1,Running,2026-03-19 02:41:56,2026-03-19 02:42:51
2,Running,2026-03-19 02:41:56,2026-03-19 02:42:53
3,Running,2026-03-19 02:40:55,2026-03-19 02:42:56
3,Blocked,2026-03-19 02:42:56,2026-03-19 02:42:58
2,Blocked,2026-03-19 02:42:53,2026-03-19 02:42:58
1,Blocked,2026-03-19 02:42:51,2026-03-19 02:42:58
7,Down,2026-03-19 02:32:13,2026-03-19 02:43:21
2,Running,2026-03-19 02:42:58,2026-03-19 02:43:55
3,Running,2026-03-19 02:42:58,2026-03-19 02:43:56
1,Running,2026-03-19 02:42:58,2026-03-19 02:43:58
3,Blocked,2026-03-19 02:43:56,2026-03-19 02:44:07
2,Blocked,2026-03-19 02:43:55,2026-03-19 02:44:07
1,Blocked,2026-03-19 02:43:58,2026-03-19 02:44:07
8,Starved,2026-03-19 02:36:23,2026-03-19 02:44:22
1,Running,2026-03-19 02:44:07,2026-03-19 02:44:59
1,Blocked,2026-03-19 02:44:59,2026-03-19 02:45:13
8,Running,2026-03-19 02:44:22,2026-03-19 02:45:23
9,Starved,2026-03-19 02:41:38,2026-03-19 02:45:23
8,Starved,2026-03-19 02:45:23,2026-03-19 02:45:26
1,Running,2026-03-19 02:45:13,2026-03-19 02:46:14
9,Running,2026-03-19 02:45:23,2026-03-19 02:46:17
10,Starved,2026-03-19 02:42:34,2026-03-19 02:46:17
1,Blocked,2026-03-19 02:46:14,2026-03-19 02:46:19
9,Starved,2026-03-19 02:46:17,2026-03-19 02:46:20
3,Running,2026-03-19 02:44:07,2026-03-19 02:46:55
3,Blocked,2026-03-19 02:46:55,2026-03-19 02:47:05
8,Running,2026-03-19 02:45:26,2026-03-19 02:47:13
10,Running,2026-03-19 02:46:17,2026-03-19 02:47:14
10,Starved,2026-03-19 02:47:14,2026-03-19 02:47:16
8,Starved,2026-03-19 02:47:13,2026-03-19 02:47:19
10,Running,2026-03-19 02:47:16,2026-03-19 02:48:06
3,Running,2026-03-19 02:47:05,2026-03-19 02:48:07
2,Running,2026-03-19 02:44:07,2026-03-19 02:48:07
1,Running,2026-03-19 02:46:19,2026-03-19 02:48:15
3,Blocked,2026-03-19 02:48:07,2026-03-19 02:48:16
2,Blocked,2026-03-19 02:48:07,2026-03-19 02:48:16
1,Blocked,2026-03-19 02:48:15,2026-03-19 02:48:16
8,Running,2026-03-19 02:47:19,2026-03-19 02:48:18
10,Starved,2026-03-19 02:48:06,2026-03-19 02:48:18
8,Starved,2026-03-19 02:48:18,2026-03-19 02:48:22
10,Running,2026-03-19 02:48:18,2026-03-19 02:49:15
8,Running,2026-03-19 02:48:22,2026-03-19 02:49:15
10,Starved,2026-03-19 02:49:15,2026-03-19 02:49:19
8,Starved,2026-03-19 02:49:15,2026-03-19 02:49:19
2,Running,2026-03-19 02:48:16,2026-03-19 02:49:20
3,Running,2026-03-19 02:48:16,2026-03-19 02:49:24
3,Blocked,2026-03-19 02:49:24,2026-03-19 02:49:25
2,Blocked,2026-03-19 02:49:20,2026-03-19 02:49:25
9,Running,2026-03-19 02:46:20,2026-03-19 02:50:12
9,Starved,2026-03-19 02:50:12,2026-03-19 02:50:19
1,Running,2026-03-19 02:48:16,2026-03-19 02:50:21
3,Running,2026-03-19 02:49:25,2026-03-19 02:50:25
3,Blocked,2026-03-19 02:50:25,2026-03-19 02:50:31
1,Blocked,2026-03-19 02:50:21,2026-03-19 02:50:34
10,Running,2026-03-19 02:49:19,2026-03-19 02:51:04
10,Starved,2026-03-19 02:51:04,2026-03-19 02:51:27
2,Running,2026-03-19 02:49:25,2026-03-19 02:52:26
1,Running,2026-03-19 02:50:34,2026-03-19 02:52:36
2,Blocked,2026-03-19 02:52:26,2026-03-19 02:52:38
1,Blocked,2026-03-19 02:52:36,2026-03-19 02:52:38
8,Running,2026-03-19 02:49:19,2026-03-19 02:53:19
8,Starved,2026-03-19 02:53:19,2026-03-19 02:53:20
1,Running,2026-03-19 02:52:38,2026-03-19 02:53:31
3,Running,2026-03-19 02:50:31,2026-03-19 02:53:32
2,Running,2026-03-19 02:52:38,2026-03-19 02:53:34
3,Blocked,2026-03-19 02:53:32,2026-03-19 02:53:43
2,Blocked,2026-03-19 02:53:34,2026-03-19 02:53:43
1,Blocked,2026-03-19 02:53:31,2026-03-19 02:53:43
9,Running,2026-03-19 02:50:19,2026-03-19 02:54:22
8,Running,2026-03-19 02:53:20,2026-03-19 02:54:26
9,Starved,2026-03-19 02:54:22,2026-03-19 02:54:26
2,Running,2026-03-19 02:53:43,2026-03-19 02:54:37
1,Running,2026-03-19 02:53:43,2026-03-19 02:54:38
3,Running,2026-03-19 02:53:43,2026-03-19 02:54:44
8,Starved,2026-03-19 02:54:26,2026-03-19 02:54:46
3,Blocked,2026-03-19 02:54:44,2026-03-19 02:54:50
2,Blocked,2026-03-19 02:54:37,2026-03-19 02:54:50
1,Blocked,2026-03-19 02:54:38,2026-03-19 02:54:50
10,Running,2026-03-19 02:51:27,2026-03-19 02:55:26
9,Running,2026-03-19 02:54:26,2026-03-19 02:55:29
10,Starved,2026-03-19 02:55:26,2026-03-19 02:55:29
8,Running,2026-03-19 02:54:46,2026-03-19 02:55:44
9,Starved,2026-03-19 02:55:29,2026-03-19 02:55:44
8,Starved,2026-03-19 02:55:44,2026-03-19 02:55:46
10,Running,2026-03-19 02:55:29,2026-03-19 02:56:33
3,Running,2026-03-19 02:54:50,2026-03-19 02:56:33
3,Blocked,2026-03-19 02:56:33,2026-03-19 02:56:49
2,Running,2026-03-19 02:54:50,2026-03-19 02:57:47
3,Running,2026-03-19 02:56:49,2026-03-19 02:57:50
3,Blocked,2026-03-19 02:57:50,2026-03-19 02:57:53
2,Blocked,2026-03-19 02:57:47,2026-03-19 02:57:53
8,Running,2026-03-19 02:55:46,2026-03-19 02:58:42
3,Running,2026-03-19 02:57:53,2026-03-19 02:58:43
8,Starved,2026-03-19 02:58:42,2026-03-19 02:58:48
3,Blocked,2026-03-19 02:58:43,2026-03-19 02:58:49
11,Running,2026-03-19 02:17:09,2026-03-19 02:59:45
3,Running,2026-03-19 02:58:49,2026-03-19 02:59:45
3,Blocked,2026-03-19 02:59:45,2026-03-19 02:59:55
9,Running,2026-03-19 02:55:44,2026-03-19 03:00:01
8,Running,2026-03-19 02:58:48,2026-03-19 03:00:44
3,Running,2026-03-19 02:59:55,2026-03-19 03:00:51
12,Running,2026-03-19 02:36:46,2026-03-19 03:00:52
8,Starved,2026-03-19 03:00:44,2026-03-19 03:00:59
2,Running,2026-03-19 02:57:53,2026-03-19 03:01:02
3,Blocked,2026-03-19 03:00:51,2026-03-19 03:01:06
2,Blocked,2026-03-19 03:01:02,2026-03-19 03:01:06
8,Running,2026-03-19 03:00:59,2026-03-19 03:01:58
8,Starved,2026-03-19 03:01:58,2026-03-19 03:02:03
3,Running,2026-03-19 03:01:06,2026-03-19 03:02:10
2,Running,2026-03-19 03:01:06,2026-03-19 03:02:13
1,Running,2026-03-19 02:54:50,2026-03-19 03:02:16
3,Blocked,2026-03-19 03:02:10,2026-03-19 03:02:17
2,Blocked,2026-03-19 03:02:13,2026-03-19 03:02:17
1,Blocked,2026-03-19 03:02:16,2026-03-19 03:02:17
8,Running,2026-03-19 03:02:03,2026-03-19 03:02:57
8,Starved,2026-03-19 03:02:57,2026-03-19 03:03:00
1,Running,2026-03-19 03:02:17,2026-03-19 03:03:16
3,Running,2026-03-19 03:02:17,2026-03-19 03:03:17
3,Blocked,2026-03-19 03:03:17,2026-03-19 03:03:17
1,Blocked,2026-03-19 03:03:16,2026-03-19 03:03:23
8,Running,2026-03-19 03:03:00,2026-03-19 03:03:55
3,Running,2026-03-19 03:03:17,2026-03-19 03:04:09
3,Blocked,2026-03-19 03:04:09,2026-03-19 03:04:17
1,Running,2026-03-19 03:03:23,2026-03-19 03:04:23
1,Blocked,2026-03-19 03:04:23,2026-03-19 03:04:24
1,Running,2026-03-19 03:04:24,2026-03-19 03:05:28
1,Blocked,2026-03-19 03:05:28,2026-03-19 03:05:31
3,Running,2026-03-19 03:04:17,2026-03-19 03:06:18
3,Blocked,2026-03-19 03:06:18,2026-03-19 03:06:23
1,Running,2026-03-19 03:05:31,2026-03-19 03:06:33
1,Blocked,2026-03-19 03:06:33,2026-03-19 03:06:37
3,Running,2026-03-19 03:06:23,2026-03-19 03:07:28
3,Blocked,2026-03-19 03:07:28,2026-03-19 03:07:41
10,Down,2026-03-19 02:56:33,2026-03-19 03:08:26
9,Blocked,2026-03-19 03:00:01,2026-03-19 03:08:26
8,Blocked,2026-03-19 03:03:55,2026-03-19 03:08:26
1,Running,2026-03-19 03:06:37,2026-03-19 03:08:35
2,Running,2026-03-19 03:02:17,2026-03-19 03:08:38
3,Running,2026-03-19 03:07:41,2026-03-19 03:08:44
3,Blocked,2026-03-19 03:08:44,2026-03-19 03:08:59
2,Blocked,2026-03-19 03:08:38,2026-03-19 03:08:59
1,Blocked,2026-03-19 03:08:35,2026-03-19 03:08:59
5,Running,2026-03-19 02:38:06,2026-03-19 03:09:08
5,Down,2026-03-19 03:09:08,2026-03-19 03:09:16
11,Starved,2026-03-19 02:59:45,2026-03-19 03:09:21
8,Running,2026-03-19 03:08:26,2026-03-19 03:09:23
8,Blocked,2026-03-19 03:09:23,2026-03-19 03:09:25
3,Running,2026-03-19 03:08:59,2026-03-19 03:09:54
2,Running,2026-03-19 03:08:59,2026-03-19 03:09:57
1,Running,2026-03-19 03:08:59,2026-03-19 03:10:02
3,Blocked,2026-03-19 03:09:54,2026-03-19 03:10:06
2,Blocked,2026-03-19 03:09:57,2026-03-19 03:10:06
1,Blocked,2026-03-19 03:10:02,2026-03-19 03:10:06
11,Running,2026-03-19 03:09:21,2026-03-19 03:10:17
12,Starved,2026-03-19 03:00:52,2026-03-19 03:10:17
11,Starved,2026-03-19 03:10:17,2026-03-19 03:10:18
8,Running,2026-03-19 03:09:25,2026-03-19 03:10:27
8,Blocked,2026-03-19 03:10:27,2026-03-19 03:10:29
1,Running,2026-03-19 03:10:06,2026-03-19 03:10:58
1,Blocked,2026-03-19 03:10:58,2026-03-19 03:11:09
11,Running,2026-03-19 03:10:18,2026-03-19 03:11:12
11,Starved,2026-03-19 03:11:12,2026-03-19 03:11:12
8,Running,2026-03-19 03:10:29,2026-03-19 03:11:33
8,Blocked,2026-03-19 03:11:33,2026-03-19 03:11:33
3,Running,2026-03-19 03:10:06,2026-03-19 03:12:05
3,Blocked,2026-03-19 03:12:05,2026-03-19 03:12:09
12,Running,2026-03-19 03:10:17,2026-03-19 03:12:12
11,Running,2026-03-19 03:11:12,2026-03-19 03:12:16
12,Starved,2026-03-19 03:12:12,2026-03-19 03:12:16
11,Starved,2026-03-19 03:12:16,2026-03-19 03:12:19
2,Running,2026-03-19 03:10:06,2026-03-19 03:13:06
3,Running,2026-03-19 03:12:09,2026-03-19 03:13:14
3,Blocked,2026-03-19 03:13:14,2026-03-19 03:13:17
2,Blocked,2026-03-19 03:13:06,2026-03-19 03:13:17
12,Running,2026-03-19 03:12:16,2026-03-19 03:13:18
11,Running,2026-03-19 03:12:19,2026-03-19 03:13:22
12,Starved,2026-03-19 03:13:18,2026-03-19 03:13:22
9,Running,2026-03-19 03:08:26,2026-03-19 03:13:27
8,Running,2026-03-19 03:11:33,2026-03-19 03:13:27
11,Starved,2026-03-19 03:13:22,2026-03-19 03:13:33
9,Blocked,2026-03-19 03:13:27,2026-03-19 03:13:33
8,Blocked,2026-03-19 03:13:27,2026-03-19 03:13:33
12,Running,2026-03-19 03:13:22,2026-03-19 03:14:15
1,Running,2026-03-19 03:11:09,2026-03-19 03:14:15
2,Running,2026-03-19 03:13:17,2026-03-19 03:14:17
2,Blocked,2026-03-19 03:14:17,2026-03-19 03:14:22
1,Blocked,2026-03-19 03:14:15,2026-03-19 03:14:22
12,Starved,2026-03-19 03:14:15,2026-03-19 03:14:40
1,Running,2026-03-19 03:14:22,2026-03-19 03:15:23
1,Blocked,2026-03-19 03:15:23,2026-03-19 03:15:25
8,Running,2026-03-19 03:13:33,2026-03-19 03:15:32
8,Blocked,2026-03-19 03:15:32,2026-03-19 03:15:33
3,Running,2026-03-19 03:13:17,2026-03-19 03:16:12
3,Blocked,2026-03-19 03:16:12,2026-03-19 03:16:19
1,Running,2026-03-19 03:15:25,2026-03-19 03:16:21
12,Running,2026-03-19 03:14:40,2026-03-19 03:16:24
8,Running,2026-03-19 03:15:33,2026-03-19 03:16:32
12,Starved,2026-03-19 03:16:24,2026-03-19 03:16:33
1,Blocked,2026-03-19 03:16:21,2026-03-19 03:16:38
8,Blocked,2026-03-19 03:16:32,2026-03-19 03:16:41
12,Running,2026-03-19 03:16:33,2026-03-19 03:17:35
12,Starved,2026-03-19 03:17:35,2026-03-19 03:17:37
8,Running,2026-03-19 03:16:41,2026-03-19 03:17:40
8,Blocked,2026-03-19 03:17:40,2026-03-19 03:18:07
11,Running,2026-03-19 03:13:33,2026-03-19 03:19:21
11,Starved,2026-03-19 03:19:21,2026-03-19 03:19:32
11,Running,2026-03-19 03:19:32,2026-03-19 03:20:31
11,Starved,2026-03-19 03:20:31,2026-03-19 03:20:31
8,Running,2026-03-19 03:18:07,2026-03-19 03:21:23
8,Blocked,2026-03-19 03:21:23,2026-03-19 03:21:27
3,Running,2026-03-19 03:16:19,2026-03-19 03:21:32
2,Running,2026-03-19 03:14:22,2026-03-19 03:21:35
3,Blocked,2026-03-19 03:21:32,2026-03-19 03:21:40
2,Blocked,2026-03-19 03:21:35,2026-03-19 03:21:40
8,Running,2026-03-19 03:21:27,2026-03-19 03:22:21
8,Blocked,2026-03-19 03:22:21,2026-03-19 03:22:24
3,Running,2026-03-19 03:21:40,2026-03-19 03:22:47
2,Running,2026-03-19 03:21:40,2026-03-19 03:22:48
3,Blocked,2026-03-19 03:22:47,2026-03-19 03:23:00
2,Blocked,2026-03-19 03:22:48,2026-03-19 03:23:00
8,Running,2026-03-19 03:22:24,2026-03-19 03:23:26
8,Blocked,2026-03-19 03:23:26,2026-03-19 03:23:29
2,Running,2026-03-19 03:23:00,2026-03-19 03:24:05
1,Running,2026-03-19 03:16:38,2026-03-19 03:24:05
3,Running,2026-03-19 03:23:00,2026-03-19 03:24:06
3,Blocked,2026-03-19 03:24:06,2026-03-19 03:24:06
2,Blocked,2026-03-19 03:24:05,2026-03-19 03:24:06
1,Blocked,2026-03-19 03:24:05,2026-03-19 03:24:06
11,Running,2026-03-19 03:20:31,2026-03-19 03:24:22
8,Running,2026-03-19 03:23:29,2026-03-19 03:24:24
11,Starved,2026-03-19 03:24:22,2026-03-19 03:24:35
8,Blocked,2026-03-19 03:24:24,2026-03-19 03:24:39
3,Running,2026-03-19 03:24:06,2026-03-19 03:25:01
1,Running,2026-03-19 03:24:06,2026-03-19 03:25:02
2,Running,2026-03-19 03:24:06,2026-03-19 03:25:02
3,Blocked,2026-03-19 03:25:01,2026-03-19 03:25:05
2,Blocked,2026-03-19 03:25:02,2026-03-19 03:25:05
1,Blocked,2026-03-19 03:25:02,2026-03-19 03:25:05
8,Running,2026-03-19 03:24:39,2026-03-19 03:25:36
11,Running,2026-03-19 03:24:35,2026-03-19 03:25:38
11,Starved,2026-03-19 03:25:38,2026-03-19 03:25:39
8,Blocked,2026-03-19 03:25:36,2026-03-19 03:25:50
1,Running,2026-03-19 03:25:05,2026-03-19 03:25:58
3,Running,2026-03-19 03:25:05,2026-03-19 03:26:05
2,Running,2026-03-19 03:25:05,2026-03-19 03:26:06
3,Blocked,2026-03-19 03:26:05,2026-03-19 03:26:30
2,Blocked,2026-03-19 03:26:06,2026-03-19 03:26:30
1,Blocked,2026-03-19 03:25:58,2026-03-19 03:26:30
3,Running,2026-03-19 03:26:30,2026-03-19 03:27:28
11,Running,2026-03-19 03:25:39,2026-03-19 03:27:33
2,Running,2026-03-19 03:26:30,2026-03-19 03:27:37
11,Starved,2026-03-19 03:27:33,2026-03-19 03:27:40
1,Running,2026-03-19 03:26:30,2026-03-19 03:27:40
8,Running,2026-03-19 03:25:50,2026-03-19 03:27:52
8,Blocked,2026-03-19 03:27:52,2026-03-19 03:27:58
3,Blocked,2026-03-19 03:27:28,2026-03-19 03:28:06
2,Blocked,2026-03-19 03:27:37,2026-03-19 03:28:06
1,Blocked,2026-03-19 03:27:40,2026-03-19 03:28:06
2,Running,2026-03-19 03:28:06,2026-03-19 03:29:01
3,Running,2026-03-19 03:28:06,2026-03-19 03:29:03
3,Blocked,2026-03-19 03:29:03,2026-03-19 03:29:08
2,Blocked,2026-03-19 03:29:01,2026-03-19 03:29:08
5,Running,2026-03-19 03:09:16,2026-03-19 03:29:21
3,Running,2026-03-19 03:29:08,2026-03-19 03:30:04
1,Running,2026-03-19 03:28:06,2026-03-19 03:30:04
2,Running,2026-03-19 03:29:08,2026-03-19 03:30:05
8,Running,2026-03-19 03:27:58,2026-03-19 03:30:05
8,Blocked,2026-03-19 03:30:05,2026-03-19 03:30:11
3,Blocked,2026-03-19 03:30:04,2026-03-19 03:30:19
2,Blocked,2026-03-19 03:30:05,2026-03-19 03:30:19
1,Blocked,2026-03-19 03:30:04,2026-03-19 03:30:19
8,Running,2026-03-19 03:30:11,2026-03-19 03:31:13
8,Blocked,2026-03-19 03:31:13,2026-03-19 03:31:14
2,Running,2026-03-19 03:30:19,2026-03-19 03:31:17
2,Blocked,2026-03-19 03:31:17,2026-03-19 03:31:23
11,Running,2026-03-19 03:27:40,2026-03-19 03:31:25
6,Running,2026-03-19 02:39:07,2026-03-19 03:31:31
11,Starved,2026-03-19 03:31:25,2026-03-19 03:31:33
8,Running,2026-03-19 03:31:14,2026-03-19 03:32:17
3,Running,2026-03-19 03:30:19,2026-03-19 03:32:17
8,Blocked,2026-03-19 03:32:17,2026-03-19 03:32:19
3,Blocked,2026-03-19 03:32:17,2026-03-19 03:32:19
1,Running,2026-03-19 03:30:19,2026-03-19 03:32:19
1,Blocked,2026-03-19 03:32:19,2026-03-19 03:32:23
3,Running,2026-03-19 03:32:19,2026-03-19 03:33:14
2,Running,2026-03-19 03:31:23,2026-03-19 03:33:15
1,Running,2026-03-19 03:32:23,2026-03-19 03:33:24
8,Running,2026-03-19 03:32:19,2026-03-19 03:33:25
8,Blocked,2026-03-19 03:33:25,2026-03-19 03:33:27
3,Blocked,2026-03-19 03:33:14,2026-03-19 03:33:30
2,Blocked,2026-03-19 03:33:15,2026-03-19 03:33:30
1,Blocked,2026-03-19 03:33:24,2026-03-19 03:33:30
11,Running,2026-03-19 03:31:33,2026-03-19 03:34:26
8,Running,2026-03-19 03:33:27,2026-03-19 03:34:29
11,Starved,2026-03-19 03:34:26,2026-03-19 03:34:30
1,Running,2026-03-19 03:33:30,2026-03-19 03:34:32
1,Blocked,2026-03-19 03:34:32,2026-03-19 03:34:37
8,Blocked,2026-03-19 03:34:29,2026-03-19 03:34:51
2,Running,2026-03-19 03:33:30,2026-03-19 03:35:33
1,Running,2026-03-19 03:34:37,2026-03-19 03:35:36
2,Blocked,2026-03-19 03:35:33,2026-03-19 03:35:37
1,Blocked,2026-03-19 03:35:36,2026-03-19 03:35:37
8,Running,2026-03-19 03:34:51,2026-03-19 03:35:41
8,Blocked,2026-03-19 03:35:41,2026-03-19 03:35:43
2,Running,2026-03-19 03:35:37,2026-03-19 03:36:25
3,Running,2026-03-19 03:33:30,2026-03-19 03:36:34
1,Running,2026-03-19 03:35:37,2026-03-19 03:36:41
3,Blocked,2026-03-19 03:36:34,2026-03-19 03:37:14
2,Blocked,2026-03-19 03:36:25,2026-03-19 03:37:14
1,Blocked,2026-03-19 03:36:41,2026-03-19 03:37:14
11,Running,2026-03-19 03:34:30,2026-03-19 03:37:21
11,Starved,2026-03-19 03:37:21,2026-03-19 03:37:23
2,Running,2026-03-19 03:37:14,2026-03-19 03:38:05
1,Running,2026-03-19 03:37:14,2026-03-19 03:38:12
3,Running,2026-03-19 03:37:14,2026-03-19 03:38:13
4,Running,2026-03-19 01:40:56,2026-03-19 03:38:14
11,Running,2026-03-19 03:37:23,2026-03-19 03:38:25
11,Starved,2026-03-19 03:38:25,2026-03-19 03:38:25
5,Down,2026-03-19 03:29:21,2026-03-19 03:41:10
4,Blocked,2026-03-19 03:38:14,2026-03-19 03:41:10
3,Blocked,2026-03-19 03:38:13,2026-03-19 03:41:10
2,Blocked,2026-03-19 03:38:05,2026-03-19 03:41:10
1,Blocked,2026-03-19 03:38:12,2026-03-19 03:41:10
11,Running,2026-03-19 03:38:25,2026-03-19 03:41:14
11,Starved,2026-03-19 03:41:14,2026-03-19 03:41:20
8,Running,2026-03-19 03:35:43,2026-03-19 03:41:48
8,Blocked,2026-03-19 03:41:48,2026-03-19 03:41:49
1,Running,2026-03-19 03:41:10,2026-03-19 03:42:06
6,Starved,2026-03-19 03:31:31,2026-03-19 03:42:11
11,Running,2026-03-19 03:41:20,2026-03-19 03:42:13
1,Blocked,2026-03-19 03:42:06,2026-03-19 03:42:15
11,Starved,2026-03-19 03:42:13,2026-03-19 03:42:18
1,Running,2026-03-19 03:42:15,2026-03-19 03:43:07
6,Running,2026-03-19 03:42:11,2026-03-19 03:43:11
4,Running,2026-03-19 03:41:10,2026-03-19 03:43:12
6,Starved,2026-03-19 03:43:11,2026-03-19 03:43:13
4,Blocked,2026-03-19 03:43:12,2026-03-19 03:43:13
2,Running,2026-03-19 03:41:10,2026-03-19 03:43:14
3,Running,2026-03-19 03:41:10,2026-03-19 03:43:22
8,Running,2026-03-19 03:41:49,2026-03-19 03:44:02
9,Running,2026-03-19 03:13:33,2026-03-19 03:44:08
6,Running,2026-03-19 03:43:13,2026-03-19 03:44:14
6,Starved,2026-03-19 03:44:14,2026-03-19 03:44:18
4,Down,2026-03-19 03:43:13,2026-03-19 03:44:24
3,Blocked,2026-03-19 03:43:22,2026-03-19 03:44:24
2,Blocked,2026-03-19 03:43:14,2026-03-19 03:44:24
1,Blocked,2026-03-19 03:43:07,2026-03-19 03:44:24
7,Running,2026-03-19 02:43:21,2026-03-19 03:44:39
10,Running,2026-03-19 03:08:26,2026-03-19 03:45:16
1,Running,2026-03-19 03:44:24,2026-03-19 03:45:19
2,Running,2026-03-19 03:44:24,2026-03-19 03:45:20
6,Running,2026-03-19 03:44:18,2026-03-19 03:45:23
6,Starved,2026-03-19 03:45:23,2026-03-19 03:45:25
2,Blocked,2026-03-19 03:45:20,2026-03-19 03:45:28
1,Blocked,2026-03-19 03:45:19,2026-03-19 03:45:28
11,Running,2026-03-19 03:42:18,2026-03-19 03:46:08
2,Running,2026-03-19 03:45:28,2026-03-19 03:46:20
1,Running,2026-03-19 03:45:28,2026-03-19 03:46:25
2,Blocked,2026-03-19 03:46:20,2026-03-19 03:46:34
1,Blocked,2026-03-19 03:46:25,2026-03-19 03:46:34
1,Running,2026-03-19 03:46:34,2026-03-19 03:47:30
1,Blocked,2026-03-19 03:47:30,2026-03-19 03:47:35
12,Running,2026-03-19 03:17:37,2026-03-19 03:48:01
1,Running,2026-03-19 03:47:35,2026-03-19 03:49:39
1,Blocked,2026-03-19 03:49:39,2026-03-19 03:49:41
9,Down,2026-03-19 03:44:08,2026-03-19 03:50:49
8,Blocked,2026-03-19 03:44:02,2026-03-19 03:50:49
7,Blocked,2026-03-19 03:44:39,2026-03-19 03:50:49
7,Running,2026-03-19 03:50:49,2026-03-19 03:51:49
8,Running,2026-03-19 03:50:49,2026-03-19 03:51:50
10,Starved,2026-03-19 03:45:16,2026-03-19 03:51:56
8,Blocked,2026-03-19 03:51:50,2026-03-19 03:51:56
7,Blocked,2026-03-19 03:51:49,2026-03-19 03:51:56
3,Running,2026-03-19 03:44:24,2026-03-19 03:52:10
3,Blocked,2026-03-19 03:52:10,2026-03-19 03:52:21
8,Running,2026-03-19 03:51:56,2026-03-19 03:52:46
10,Running,2026-03-19 03:51:56,2026-03-19 03:52:58
11,Starved,2026-03-19 03:46:08,2026-03-19 03:52:58
10,Starved,2026-03-19 03:52:58,2026-03-19 03:53:07
8,Blocked,2026-03-19 03:52:46,2026-03-19 03:53:07
3,Running,2026-03-19 03:52:21,2026-03-19 03:53:18
3,Blocked,2026-03-19 03:53:18,2026-03-19 03:53:22
11,Running,2026-03-19 03:52:58,2026-03-19 03:53:52
12,Starved,2026-03-19 03:48:01,2026-03-19 03:53:52
10,Running,2026-03-19 03:53:07,2026-03-19 03:54:06
11,Starved,2026-03-19 03:53:52,2026-03-19 03:54:06
8,Running,2026-03-19 03:53:07,2026-03-19 03:54:06
10,Starved,2026-03-19 03:54:06,2026-03-19 03:54:15
8,Blocked,2026-03-19 03:54:06,2026-03-19 03:54:15
3,Running,2026-03-19 03:53:22,2026-03-19 03:54:21
2,Running,2026-03-19 03:46:34,2026-03-19 03:54:24
3,Blocked,2026-03-19 03:54:21,2026-03-19 03:54:37
2,Blocked,2026-03-19 03:54:24,2026-03-19 03:54:37
12,Running,2026-03-19 03:53:52,2026-03-19 03:54:50
11,Running,2026-03-19 03:54:06,2026-03-19 03:55:04
12,Starved,2026-03-19 03:54:50,2026-03-19 03:55:04
8,Running,2026-03-19 03:54:15,2026-03-19 03:55:16
10,Running,2026-03-19 03:54:15,2026-03-19 03:55:22
11,Starved,2026-03-19 03:55:04,2026-03-19 03:55:22
7,Running,2026-03-19 03:51:56,2026-03-19 03:55:23
10,Starved,2026-03-19 03:55:22,2026-03-19 03:55:35
8,Blocked,2026-03-19 03:55:16,2026-03-19 03:55:35
7,Blocked,2026-03-19 03:55:23,2026-03-19 03:55:35
3,Running,2026-03-19 03:54:37,2026-03-19 03:55:40
2,Running,2026-03-19 03:54:37,2026-03-19 03:55:46
3,Blocked,2026-03-19 03:55:40,2026-03-19 03:55:51
2,Blocked,2026-03-19 03:55:46,2026-03-19 03:55:51
12,Running,2026-03-19 03:55:04,2026-03-19 03:56:04
11,Running,2026-03-19 03:55:22,2026-03-19 03:56:15
12,Starved,2026-03-19 03:56:04,2026-03-19 03:56:15
6,Running,2026-03-19 03:45:25,2026-03-19 03:56:21
6,Starved,2026-03-19 03:56:21,2026-03-19 03:56:23
7,Running,2026-03-19 03:55:35,2026-03-19 03:56:35
7,Blocked,2026-03-19 03:56:35,2026-03-19 03:56:41
11,Starved,2026-03-19 03:56:15,2026-03-19 03:56:41
2,Running,2026-03-19 03:55:51,2026-03-19 03:56:44
1,Running,2026-03-19 03:49:41,2026-03-19 03:56:54
2,Blocked,2026-03-19 03:56:44,2026-03-19 03:56:56
1,Blocked,2026-03-19 03:56:54,2026-03-19 03:56:56
12,Running,2026-03-19 03:56:15,2026-03-19 03:57:22
8,Running,2026-03-19 03:55:35,2026-03-19 03:57:31
10,Running,2026-03-19 03:55:35,2026-03-19 03:57:34
10,Starved,2026-03-19 03:57:34,2026-03-19 03:57:37
8,Blocked,2026-03-19 03:57:31,2026-03-19 03:57:37
12,Starved,2026-03-19 03:57:22,2026-03-19 03:57:42
1,Running,2026-03-19 03:56:56,2026-03-19 03:57:49
2,Running,2026-03-19 03:56:56,2026-03-19 03:57:55
2,Blocked,2026-03-19 03:57:55,2026-03-19 03:57:58
1,Blocked,2026-03-19 03:57:49,2026-03-19 03:57:58
10,Running,2026-03-19 03:57:37,2026-03-19 03:58:29
10,Starved,2026-03-19 03:58:29,2026-03-19 03:58:42
1,Running,2026-03-19 03:57:58,2026-03-19 03:58:58
1,Blocked,2026-03-19 03:58:58,2026-03-19 03:58:59
11,Running,2026-03-19 03:56:41,2026-03-19 03:59:42
7,Running,2026-03-19 03:56:41,2026-03-19 03:59:43
10,Running,2026-03-19 03:58:42,2026-03-19 03:59:46
11,Starved,2026-03-19 03:59:42,2026-03-19 03:59:46
10,Starved,2026-03-19 03:59:46,2026-03-19 03:59:49
7,Blocked,2026-03-19 03:59:43,2026-03-19 03:59:52
3,Running,2026-03-19 03:55:51,2026-03-19 03:59:58
2,Running,2026-03-19 03:57:58,2026-03-19 03:59:58
1,Running,2026-03-19 03:58:59,2026-03-19 04:00:02
3,Blocked,2026-03-19 03:59:58,2026-03-19 04:00:07
2,Blocked,2026-03-19 03:59:58,2026-03-19 04:00:07
1,Blocked,2026-03-19 04:00:02,2026-03-19 04:00:07
6,Running,2026-03-19 03:56:23,2026-03-19 04:00:20
6,Starved,2026-03-19 04:00:20,2026-03-19 04:00:25
12,Running,2026-03-19 03:57:42,2026-03-19 04:00:37
11,Running,2026-03-19 03:59:46,2026-03-19 04:00:50
12,Starved,2026-03-19 04:00:37,2026-03-19 04:00:50
11,Starved,2026-03-19 04:00:50,2026-03-19 04:00:54
7,Running,2026-03-19 03:59:52,2026-03-19 04:00:54
7,Blocked,2026-03-19 04:00:54,2026-03-19 04:01:05
1,Running,2026-03-19 04:00:07,2026-03-19 04:01:08
2,Running,2026-03-19 04:00:07,2026-03-19 04:01:08
3,Running,2026-03-19 04:00:07,2026-03-19 04:01:16
3,Blocked,2026-03-19 04:01:16,2026-03-19 04:01:29
2,Blocked,2026-03-19 04:01:08,2026-03-19 04:01:29
1,Blocked,2026-03-19 04:01:08,2026-03-19 04:01:29
12,Running,2026-03-19 04:00:50,2026-03-19 04:01:40
11,Running,2026-03-19 04:00:54,2026-03-19 04:01:52
12,Starved,2026-03-19 04:01:40,2026-03-19 04:01:52
11,Starved,2026-03-19 04:01:52,2026-03-19 04:01:56
2,Running,2026-03-19 04:01:29,2026-03-19 04:02:23
1,Running,2026-03-19 04:01:29,2026-03-19 04:02:26
2,Blocked,2026-03-19 04:02:23,2026-03-19 04:02:34
1,Blocked,2026-03-19 04:02:26,2026-03-19 04:02:34
12,Running,2026-03-19 04:01:52,2026-03-19 04:03:00
12,Starved,2026-03-19 04:03:00,2026-03-19 04:03:04
2,Running,2026-03-19 04:02:34,2026-03-19 04:03:26
6,Running,2026-03-19 04:00:25,2026-03-19 04:03:28
1,Running,2026-03-19 04:02:34,2026-03-19 04:03:30
6,Starved,2026-03-19 04:03:28,2026-03-19 04:03:32
3,Running,2026-03-19 04:01:29,2026-03-19 04:03:34
11,Running,2026-03-19 04:01:56,2026-03-19 04:03:53
8,Running,2026-03-19 03:57:37,2026-03-19 04:03:53
3,Blocked,2026-03-19 04:03:34,2026-03-19 04:03:58
2,Blocked,2026-03-19 04:03:26,2026-03-19 04:03:58
1,Blocked,2026-03-19 04:03:30,2026-03-19 04:03:58
10,Running,2026-03-19 03:59:49,2026-03-19 04:04:00
11,Starved,2026-03-19 04:03:53,2026-03-19 04:04:00
10,Starved,2026-03-19 04:04:00,2026-03-19 04:04:07
8,Blocked,2026-03-19 04:03:53,2026-03-19 04:04:07
1,Running,2026-03-19 04:03:58,2026-03-19 04:04:54
2,Running,2026-03-19 04:03:58,2026-03-19 04:05:00
8,Running,2026-03-19 04:04:07,2026-03-19 04:05:01
11,Running,2026-03-19 04:04:00,2026-03-19 04:05:01
2,Blocked,2026-03-19 04:05:00,2026-03-19 04:05:03
1,Blocked,2026-03-19 04:04:54,2026-03-19 04:05:03
10,Running,2026-03-19 04:04:07,2026-03-19 04:05:10
11,Starved,2026-03-19 04:05:01,2026-03-19 04:05:10
10,Starved,2026-03-19 04:05:10,2026-03-19 04:05:15
8,Blocked,2026-03-19 04:05:01,2026-03-19 04:05:15
6,Running,2026-03-19 04:03:32,2026-03-19 04:05:38
6,Starved,2026-03-19 04:05:38,2026-03-19 04:05:43
1,Running,2026-03-19 04:05:03,2026-03-19 04:06:00
11,Running,2026-03-19 04:05:10,2026-03-19 04:06:02
1,Blocked,2026-03-19 04:06:00,2026-03-19 04:06:06
8,Running,2026-03-19 04:05:15,2026-03-19 04:06:11
10,Running,2026-03-19 04:05:15,2026-03-19 04:06:13
11,Starved,2026-03-19 04:06:02,2026-03-19 04:06:13
10,Starved,2026-03-19 04:06:13,2026-03-19 04:06:15
8,Blocked,2026-03-19 04:06:11,2026-03-19 04:06:15
1,Running,2026-03-19 04:06:06,2026-03-19 04:07:04
1,Blocked,2026-03-19 04:07:04,2026-03-19 04:07:09
12,Running,2026-03-19 04:03:04,2026-03-19 04:07:10
10,Running,2026-03-19 04:06:15,2026-03-19 04:07:13
8,Running,2026-03-19 04:06:15,2026-03-19 04:07:15
12,Starved,2026-03-19 04:07:10,2026-03-19 04:07:20
10,Starved,2026-03-19 04:07:13,2026-03-19 04:07:21
8,Blocked,2026-03-19 04:07:15,2026-03-19 04:07:21
10,Running,2026-03-19 04:07:21,2026-03-19 04:08:11
12,Running,2026-03-19 04:07:20,2026-03-19 04:08:12
12,Starved,2026-03-19 04:08:12,2026-03-19 04:08:18
10,Starved,2026-03-19 04:08:11,2026-03-19 04:08:21
12,Running,2026-03-19 04:08:18,2026-03-19 04:09:12
11,Running,2026-03-19 04:06:13,2026-03-19 04:09:15
12,Starved,2026-03-19 04:09:12,2026-03-19 04:09:15
11,Starved,2026-03-19 04:09:15,2026-03-19 04:09:20
10,Running,2026-03-19 04:08:21,2026-03-19 04:10:12
1,Running,2026-03-19 04:07:09,2026-03-19 04:10:12
12,Running,2026-03-19 04:09:15,2026-03-19 04:10:13
1,Blocked,2026-03-19 04:10:12,2026-03-19 04:10:13
12,Starved,2026-03-19 04:10:13,2026-03-19 04:10:22
10,Starved,2026-03-19 04:10:12,2026-03-19 04:10:26
1,Running,2026-03-19 04:10:13,2026-03-19 04:11:12
12,Running,2026-03-19 04:10:22,2026-03-19 04:11:16
11,Running,2026-03-19 04:09:20,2026-03-19 04:11:25
12,Starved,2026-03-19 04:11:16,2026-03-19 04:11:25
1,Blocked,2026-03-19 04:11:12,2026-03-19 04:11:28
11,Starved,2026-03-19 04:11:25,2026-03-19 04:11:30
12,Running,2026-03-19 04:11:25,2026-03-19 04:12:30
1,Running,2026-03-19 04:11:28,2026-03-19 04:12:31
11,Running,2026-03-19 04:11:30,2026-03-19 04:12:36
12,Starved,2026-03-19 04:12:30,2026-03-19 04:12:36
1,Blocked,2026-03-19 04:12:31,2026-03-19 04:12:36
11,Starved,2026-03-19 04:12:36,2026-03-19 04:12:36
3,Running,2026-03-19 04:03:58,2026-03-19 04:12:38
3,Blocked,2026-03-19 04:12:38,2026-03-19 04:12:43
12,Running,2026-03-19 04:12:36,2026-03-19 04:13:29
11,Running,2026-03-19 04:12:36,2026-03-19 04:13:32
12,Starved,2026-03-19 04:13:29,2026-03-19 04:13:32
3,Running,2026-03-19 04:12:43,2026-03-19 04:13:38
11,Starved,2026-03-19 04:13:32,2026-03-19 04:13:42
3,Blocked,2026-03-19 04:13:38,2026-03-19 04:14:19
8,Running,2026-03-19 04:07:21,2026-03-19 04:14:25
12,Running,2026-03-19 04:13:32,2026-03-19 04:14:35
8,Blocked,2026-03-19 04:14:25,2026-03-19 04:14:46
11,Running,2026-03-19 04:13:42,2026-03-19 04:14:47
12,Starved,2026-03-19 04:14:35,2026-03-19 04:14:47
11,Starved,2026-03-19 04:14:47,2026-03-19 04:14:51
3,Running,2026-03-19 04:14:19,2026-03-19 04:15:26
2,Running,2026-03-19 04:05:03,2026-03-19 04:15:29
3,Blocked,2026-03-19 04:15:26,2026-03-19 04:15:38
2,Blocked,2026-03-19 04:15:29,2026-03-19 04:15:38
8,Running,2026-03-19 04:14:46,2026-03-19 04:15:43
11,Running,2026-03-19 04:14:51,2026-03-19 04:15:49
8,Blocked,2026-03-19 04:15:43,2026-03-19 04:16:00
11,Starved,2026-03-19 04:15:49,2026-03-19 04:16:02
2,Running,2026-03-19 04:15:38,2026-03-19 04:16:36
2,Blocked,2026-03-19 04:16:36,2026-03-19 04:16:44
12,Running,2026-03-19 04:14:47,2026-03-19 04:16:56
11,Running,2026-03-19 04:16:02,2026-03-19 04:16:59
12,Starved,2026-03-19 04:16:56,2026-03-19 04:16:59
11,Starved,2026-03-19 04:16:59,2026-03-19 04:17:02
2,Running,2026-03-19 04:16:44,2026-03-19 04:17:41
1,Running,2026-03-19 04:12:36,2026-03-19 04:17:49
2,Blocked,2026-03-19 04:17:41,2026-03-19 04:17:55
1,Blocked,2026-03-19 04:17:49,2026-03-19 04:17:55
12,Running,2026-03-19 04:16:59,2026-03-19 04:17:55
11,Running,2026-03-19 04:17:02,2026-03-19 04:17:59
12,Starved,2026-03-19 04:17:55,2026-03-19 04:17:59
10,Running,2026-03-19 04:10:26,2026-03-19 04:18:02
11,Starved,2026-03-19 04:17:59,2026-03-19 04:18:02
10,Starved,2026-03-19 04:18:02,2026-03-19 04:18:04
6,Running,2026-03-19 04:05:43,2026-03-19 04:18:43
6,Starved,2026-03-19 04:18:43,2026-03-19 04:18:50
2,Running,2026-03-19 04:17:55,2026-03-19 04:18:52
3,Running,2026-03-19 04:15:38,2026-03-19 04:18:52
1,Running,2026-03-19 04:17:55,2026-03-19 04:18:54
12,Running,2026-03-19 04:17:59,2026-03-19 04:18:57
11,Running,2026-03-19 04:18:02,2026-03-19 04:19:01
12,Starved,2026-03-19 04:18:57,2026-03-19 04:19:01
10,Running,2026-03-19 04:18:04,2026-03-19 04:19:05
11,Starved,2026-03-19 04:19:01,2026-03-19 04:19:05
8,Running,2026-03-19 04:16:00,2026-03-19 04:19:06
10,Starved,2026-03-19 04:19:05,2026-03-19 04:19:10
8,Blocked,2026-03-19 04:19:06,2026-03-19 04:19:10
3,Blocked,2026-03-19 04:18:52,2026-03-19 04:19:12
2,Blocked,2026-03-19 04:18:52,2026-03-19 04:19:12
1,Blocked,2026-03-19 04:18:54,2026-03-19 04:19:12
12,Running,2026-03-19 04:19:01,2026-03-19 04:20:00
2,Running,2026-03-19 04:19:12,2026-03-19 04:20:05
11,Running,2026-03-19 04:19:05,2026-03-19 04:20:05
12,Starved,2026-03-19 04:20:00,2026-03-19 04:20:05
8,Running,2026-03-19 04:19:10,2026-03-19 04:20:06
1,Running,2026-03-19 04:19:12,2026-03-19 04:20:08
10,Running,2026-03-19 04:19:10,2026-03-19 04:20:08
11,Starved,2026-03-19 04:20:05,2026-03-19 04:20:08
10,Starved,2026-03-19 04:20:08,2026-03-19 04:20:09
8,Blocked,2026-03-19 04:20:06,2026-03-19 04:20:09
3,Running,2026-03-19 04:19:12,2026-03-19 04:20:20
3,Blocked,2026-03-19 04:20:20,2026-03-19 04:20:21
2,Blocked,2026-03-19 04:20:05,2026-03-19 04:20:21
1,Blocked,2026-03-19 04:20:08,2026-03-19 04:20:21
11,Running,2026-03-19 04:20:08,2026-03-19 04:21:04
10,Running,2026-03-19 04:20:09,2026-03-19 04:21:05
11,Starved,2026-03-19 04:21:04,2026-03-19 04:21:05
1,Running,2026-03-19 04:20:21,2026-03-19 04:21:09
8,Running,2026-03-19 04:20:09,2026-03-19 04:21:11
10,Starved,2026-03-19 04:21:05,2026-03-19 04:21:12
8,Blocked,2026-03-19 04:21:11,2026-03-19 04:21:12
2,Running,2026-03-19 04:20:21,2026-03-19 04:21:15
2,Blocked,2026-03-19 04:21:15,2026-03-19 04:21:38
1,Blocked,2026-03-19 04:21:09,2026-03-19 04:21:38
11,Running,2026-03-19 04:21:05,2026-03-19 04:22:00
8,Running,2026-03-19 04:21:12,2026-03-19 04:22:04
10,Running,2026-03-19 04:21:12,2026-03-19 04:22:07
11,Starved,2026-03-19 04:22:00,2026-03-19 04:22:07
10,Starved,2026-03-19 04:22:07,2026-03-19 04:22:07
8,Blocked,2026-03-19 04:22:04,2026-03-19 04:22:07
10,Running,2026-03-19 04:22:07,2026-03-19 04:23:06
10,Starved,2026-03-19 04:23:06,2026-03-19 04:23:07
12,Running,2026-03-19 04:20:05,2026-03-19 04:23:19
12,Starved,2026-03-19 04:23:19,2026-03-19 04:23:21
2,Running,2026-03-19 04:21:38,2026-03-19 04:23:21
3,Running,2026-03-19 04:20:21,2026-03-19 04:23:24
3,Blocked,2026-03-19 04:23:24,2026-03-19 04:23:28
2,Blocked,2026-03-19 04:23:21,2026-03-19 04:23:28
10,Running,2026-03-19 04:23:07,2026-03-19 04:24:00
8,Running,2026-03-19 04:22:07,2026-03-19 04:24:17
12,Running,2026-03-19 04:23:21,2026-03-19 04:24:18
12,Starved,2026-03-19 04:24:18,2026-03-19 04:24:25
2,Running,2026-03-19 04:23:28,2026-03-19 04:24:34
3,Running,2026-03-19 04:23:28,2026-03-19 04:24:34
10,Starved,2026-03-19 04:24:00,2026-03-19 04:24:36
8,Blocked,2026-03-19 04:24:17,2026-03-19 04:24:36
1,Running,2026-03-19 04:21:38,2026-03-19 04:24:40
3,Blocked,2026-03-19 04:24:34,2026-03-19 04:24:53
2,Blocked,2026-03-19 04:24:34,2026-03-19 04:24:53
1,Blocked,2026-03-19 04:24:40,2026-03-19 04:24:53
12,Running,2026-03-19 04:24:25,2026-03-19 04:25:20
11,Running,2026-03-19 04:22:07,2026-03-19 04:25:23
12,Starved,2026-03-19 04:25:20,2026-03-19 04:25:23
10,Running,2026-03-19 04:24:36,2026-03-19 04:25:27
11,Starved,2026-03-19 04:25:23,2026-03-19 04:25:27
8,Running,2026-03-19 04:24:36,2026-03-19 04:25:34
10,Starved,2026-03-19 04:25:27,2026-03-19 04:25:38
8,Blocked,2026-03-19 04:25:34,2026-03-19 04:25:38
3,Running,2026-03-19 04:24:53,2026-03-19 04:25:46
1,Running,2026-03-19 04:24:53,2026-03-19 04:25:49
2,Running,2026-03-19 04:24:53,2026-03-19 04:25:52
3,Blocked,2026-03-19 04:25:46,2026-03-19 04:26:06
2,Blocked,2026-03-19 04:25:52,2026-03-19 04:26:06
1,Blocked,2026-03-19 04:25:49,2026-03-19 04:26:06
12,Running,2026-03-19 04:25:23,2026-03-19 04:26:17
11,Running,2026-03-19 04:25:27,2026-03-19 04:26:19
12,Starved,2026-03-19 04:26:17,2026-03-19 04:26:19
8,Running,2026-03-19 04:25:38,2026-03-19 04:26:37
10,Running,2026-03-19 04:25:38,2026-03-19 04:26:37
11,Starved,2026-03-19 04:26:19,2026-03-19 04:26:37
10,Starved,2026-03-19 04:26:37,2026-03-19 04:26:42
8,Blocked,2026-03-19 04:26:37,2026-03-19 04:26:42
5,Running,2026-03-19 03:41:10,2026-03-19 04:27:02
1,Running,2026-03-19 04:26:06,2026-03-19 04:27:07
2,Running,2026-03-19 04:26:06,2026-03-19 04:27:08
3,Running,2026-03-19 04:26:06,2026-03-19 04:27:09
3,Blocked,2026-03-19 04:27:09,2026-03-19 04:27:13
2,Blocked,2026-03-19 04:27:08,2026-03-19 04:27:13
1,Blocked,2026-03-19 04:27:07,2026-03-19 04:27:13
12,Running,2026-03-19 04:26:19,2026-03-19 04:27:19
8,Running,2026-03-19 04:26:42,2026-03-19 04:27:36
11,Running,2026-03-19 04:26:37,2026-03-19 04:27:43
12,Starved,2026-03-19 04:27:19,2026-03-19 04:27:43
10,Running,2026-03-19 04:26:42,2026-03-19 04:27:43
11,Starved,2026-03-19 04:27:43,2026-03-19 04:27:43
10,Starved,2026-03-19 04:27:43,2026-03-19 04:27:48
8,Blocked,2026-03-19 04:27:36,2026-03-19 04:27:48
1,Running,2026-03-19 04:27:13,2026-03-19 04:28:09
6,Running,2026-03-19 04:18:50,2026-03-19 04:28:21
1,Blocked,2026-03-19 04:28:09,2026-03-19 04:28:22
5,Down,2026-03-19 04:27:02,2026-03-19 04:28:25
11,Running,2026-03-19 04:27:43,2026-03-19 04:28:40
11,Starved,2026-03-19 04:28:40,2026-03-19 04:28:43
6,Starved,2026-03-19 04:28:21,2026-03-19 04:29:21
1,Running,2026-03-19 04:28:22,2026-03-19 04:29:21
1,Blocked,2026-03-19 04:29:21,2026-03-19 04:29:21
8,Running,2026-03-19 04:27:48,2026-03-19 04:29:37
12,Running,2026-03-19 04:27:43,2026-03-19 04:29:39
10,Running,2026-03-19 04:27:48,2026-03-19 04:29:39
12,Starved,2026-03-19 04:29:39,2026-03-19 04:29:47
10,Starved,2026-03-19 04:29:39,2026-03-19 04:30:01
8,Blocked,2026-03-19 04:29:37,2026-03-19 04:30:01
1,Running,2026-03-19 04:29:21,2026-03-19 04:30:16
1,Blocked,2026-03-19 04:30:16,2026-03-19 04:30:36
12,Running,2026-03-19 04:29:47,2026-03-19 04:30:45
11,Running,2026-03-19 04:28:43,2026-03-19 04:30:49
12,Starved,2026-03-19 04:30:45,2026-03-19 04:30:49
8,Running,2026-03-19 04:30:01,2026-03-19 04:30:58
10,Running,2026-03-19 04:30:01,2026-03-19 04:31:10
11,Starved,2026-03-19 04:30:49,2026-03-19 04:31:10
10,Starved,2026-03-19 04:31:10,2026-03-19 04:31:15
8,Blocked,2026-03-19 04:30:58,2026-03-19 04:31:15
12,Running,2026-03-19 04:30:49,2026-03-19 04:31:55
8,Running,2026-03-19 04:31:15,2026-03-19 04:32:06
11,Running,2026-03-19 04:31:10,2026-03-19 04:32:10
12,Starved,2026-03-19 04:31:55,2026-03-19 04:32:10
8,Blocked,2026-03-19 04:32:06,2026-03-19 04:32:12
11,Starved,2026-03-19 04:32:10,2026-03-19 04:32:12
1,Running,2026-03-19 04:30:36,2026-03-19 04:32:46
11,Running,2026-03-19 04:32:12,2026-03-19 04:33:06
8,Running,2026-03-19 04:32:12,2026-03-19 04:33:12
8,Blocked,2026-03-19 04:33:12,2026-03-19 04:33:13
11,Starved,2026-03-19 04:33:06,2026-03-19 04:33:13
2,Running,2026-03-19 04:27:13,2026-03-19 04:33:23
2,Blocked,2026-03-19 04:33:23,2026-03-19 04:33:26
10,Running,2026-03-19 04:31:15,2026-03-19 04:34:05
8,Running,2026-03-19 04:33:13,2026-03-19 04:34:16
10,Starved,2026-03-19 04:34:05,2026-03-19 04:34:23
8,Blocked,2026-03-19 04:34:16,2026-03-19 04:34:23
11,Running,2026-03-19 04:33:13,2026-03-19 04:35:13
10,Running,2026-03-19 04:34:23,2026-03-19 04:35:15
11,Starved,2026-03-19 04:35:13,2026-03-19 04:35:15
3,Running,2026-03-19 04:27:13,2026-03-19 04:35:22
8,Running,2026-03-19 04:34:23,2026-03-19 04:35:25
3,Blocked,2026-03-19 04:35:22,2026-03-19 04:35:26
10,Starved,2026-03-19 04:35:15,2026-03-19 04:35:32
8,Blocked,2026-03-19 04:35:25,2026-03-19 04:35:32
11,Running,2026-03-19 04:35:15,2026-03-19 04:36:21
1,Down,2026-03-19 04:32:46,2026-03-19 04:36:23
3,Running,2026-03-19 04:35:26,2026-03-19 04:36:27
2,Running,2026-03-19 04:33:26,2026-03-19 04:36:28
8,Running,2026-03-19 04:35:32,2026-03-19 04:36:30
10,Running,2026-03-19 04:35:32,2026-03-19 04:36:32
11,Starved,2026-03-19 04:36:21,2026-03-19 04:36:32
3,Blocked,2026-03-19 04:36:27,2026-03-19 04:36:33
2,Blocked,2026-03-19 04:36:28,2026-03-19 04:36:33
10,Starved,2026-03-19 04:36:32,2026-03-19 04:36:34
8,Blocked,2026-03-19 04:36:30,2026-03-19 04:36:34
2,Running,2026-03-19 04:36:33,2026-03-19 04:37:20
12,Running,2026-03-19 04:32:10,2026-03-19 04:37:20
11,Running,2026-03-19 04:36:32,2026-03-19 04:37:32
12,Starved,2026-03-19 04:37:20,2026-03-19 04:37:32
3,Running,2026-03-19 04:36:33,2026-03-19 04:37:32
10,Running,2026-03-19 04:36:34,2026-03-19 04:37:33
11,Starved,2026-03-19 04:37:32,2026-03-19 04:37:33
8,Running,2026-03-19 04:36:34,2026-03-19 04:37:34
3,Blocked,2026-03-19 04:37:32,2026-03-19 04:37:37
2,Blocked,2026-03-19 04:37:20,2026-03-19 04:37:37
8,Blocked,2026-03-19 04:37:34,2026-03-19 04:37:56
12,Running,2026-03-19 04:37:32,2026-03-19 04:38:25
11,Running,2026-03-19 04:37:33,2026-03-19 04:38:31
12,Starved,2026-03-19 04:38:25,2026-03-19 04:38:31
3,Running,2026-03-19 04:37:37,2026-03-19 04:38:36
2,Running,2026-03-19 04:37:37,2026-03-19 04:38:37
8,Running,2026-03-19 04:37:56,2026-03-19 04:38:53
8,Blocked,2026-03-19 04:38:53,2026-03-19 04:38:55
3,Blocked,2026-03-19 04:38:36,2026-03-19 04:38:57
2,Blocked,2026-03-19 04:38:37,2026-03-19 04:38:57
12,Running,2026-03-19 04:38:31,2026-03-19 04:39:23
8,Running,2026-03-19 04:38:55,2026-03-19 04:39:51
8,Blocked,2026-03-19 04:39:51,2026-03-19 04:40:07
2,Running,2026-03-19 04:38:57,2026-03-19 04:41:02
9,Running,2026-03-19 03:50:49,2026-03-19 04:41:04
8,Running,2026-03-19 04:40:07,2026-03-19 04:41:07
2,Blocked,2026-03-19 04:41:02,2026-03-19 04:41:13
3,Running,2026-03-19 04:38:57,2026-03-19 04:42:14
2,Running,2026-03-19 04:41:13,2026-03-19 04:42:15
3,Blocked,2026-03-19 04:42:14,2026-03-19 04:42:24
2,Blocked,2026-03-19 04:42:15,2026-03-19 04:42:24
7,Running,2026-03-19 04:01:05,2026-03-19 04:42:32
3,Running,2026-03-19 04:42:24,2026-03-19 04:43:14
3,Blocked,2026-03-19 04:43:14,2026-03-19 04:43:29
1,Running,2026-03-19 04:36:23,2026-03-19 04:43:31
10,Down,2026-03-19 04:37:33,2026-03-19 04:44:17
9,Blocked,2026-03-19 04:41:04,2026-03-19 04:44:17
8,Blocked,2026-03-19 04:41:07,2026-03-19 04:44:17
7,Blocked,2026-03-19 04:42:32,2026-03-19 04:44:17
2,Running,2026-03-19 04:42:24,2026-03-19 04:44:26
3,Running,2026-03-19 04:43:29,2026-03-19 04:44:29
3,Blocked,2026-03-19 04:44:29,2026-03-19 04:44:43
2,Blocked,2026-03-19 04:44:26,2026-03-19 04:44:43
11,Starved,2026-03-19 04:38:31,2026-03-19 04:45:07
3,Running,2026-03-19 04:44:43,2026-03-19 04:45:40
2,Running,2026-03-19 04:44:43,2026-03-19 04:45:43
3,Blocked,2026-03-19 04:45:40,2026-03-19 04:45:53
2,Blocked,2026-03-19 04:45:43,2026-03-19 04:45:53
9,Running,2026-03-19 04:44:17,2026-03-19 04:46:01
9,Blocked,2026-03-19 04:46:01,2026-03-19 04:46:09
12,Starved,2026-03-19 04:39:23,2026-03-19 04:46:09
3,Running,2026-03-19 04:45:53,2026-03-19 04:46:49
3,Blocked,2026-03-19 04:46:49,2026-03-19 04:46:50
11,Running,2026-03-19 04:45:07,2026-03-19 04:47:02
9,Running,2026-03-19 04:46:09,2026-03-19 04:47:11
11,Starved,2026-03-19 04:47:02,2026-03-19 04:47:15
9,Blocked,2026-03-19 04:47:11,2026-03-19 04:47:15
3,Running,2026-03-19 04:46:50,2026-03-19 04:47:47
2,Running,2026-03-19 04:45:53,2026-03-19 04:48:00
4,Running,2026-03-19 03:44:24,2026-03-19 04:48:03
11,Running,2026-03-19 04:47:15,2026-03-19 04:48:11
11,Starved,2026-03-19 04:48:11,2026-03-19 04:48:12
1,Down,2026-03-19 04:43:31,2026-03-19 04:49:01
11,Running,2026-03-19 04:48:12,2026-03-19 04:49:14
11,Starved,2026-03-19 04:49:14,2026-03-19 04:49:15
8,Running,2026-03-19 04:44:17,2026-03-19 04:49:36
9,Running,2026-03-19 04:47:15,2026-03-19 04:50:05
12,Running,2026-03-19 04:46:09,2026-03-19 04:50:09
11,Running,2026-03-19 04:49:15,2026-03-19 04:50:12
12,Starved,2026-03-19 04:50:09,2026-03-19 04:50:12
11,Starved,2026-03-19 04:50:12,2026-03-19 04:50:20
9,Blocked,2026-03-19 04:50:05,2026-03-19 04:50:20
12,Running,2026-03-19 04:50:12,2026-03-19 04:51:09
12,Starved,2026-03-19 04:51:09,2026-03-19 04:51:16
12,Running,2026-03-19 04:51:16,2026-03-19 04:52:14
12,Starved,2026-03-19 04:52:14,2026-03-19 04:52:25
4,Down,2026-03-19 04:48:03,2026-03-19 04:54:16
3,Blocked,2026-03-19 04:47:47,2026-03-19 04:54:16
2,Blocked,2026-03-19 04:48:00,2026-03-19 04:54:16
11,Running,2026-03-19 04:50:20,2026-03-19 04:54:24
9,Running,2026-03-19 04:50:20,2026-03-19 04:54:29
9,Blocked,2026-03-19 04:54:29,2026-03-19 04:54:30
5,Running,2026-03-19 04:28:25,2026-03-19 04:54:32
11,Down,2026-03-19 04:54:24,2026-03-19 04:55:11
5,Starved,2026-03-19 04:54:32,2026-03-19 04:55:11
2,Running,2026-03-19 04:54:16,2026-03-19 04:55:12
2,Blocked,2026-03-19 04:55:12,2026-03-19 04:55:19
12,Running,2026-03-19 04:52:25,2026-03-19 04:55:29
6,Running,2026-03-19 04:29:21,2026-03-19 04:55:34
5,Running,2026-03-19 04:55:11,2026-03-19 04:56:13
6,Starved,2026-03-19 04:55:34,2026-03-19 04:56:13
12,Starved,2026-03-19 04:55:29,2026-03-19 04:56:14
3,Running,2026-03-19 04:54:16,2026-03-19 04:56:15
2,Running,2026-03-19 04:55:19,2026-03-19 04:56:19
5,Starved,2026-03-19 04:56:13,2026-03-19 04:56:43
3,Blocked,2026-03-19 04:56:15,2026-03-19 04:56:43
2,Blocked,2026-03-19 04:56:19,2026-03-19 04:56:43
12,Running,2026-03-19 04:56:14,2026-03-19 04:57:11
12,Starved,2026-03-19 04:57:11,2026-03-19 04:57:20
6,Running,2026-03-19 04:56:13,2026-03-19 04:57:20
2,Running,2026-03-19 04:56:43,2026-03-19 04:57:36
3,Running,2026-03-19 04:56:43,2026-03-19 04:57:44
5,Running,2026-03-19 04:56:43,2026-03-19 04:57:47
6,Starved,2026-03-19 04:57:20,2026-03-19 04:57:47
1,Running,2026-03-19 04:49:01,2026-03-19 04:57:51
5,Starved,2026-03-19 04:57:47,2026-03-19 04:57:58
3,Blocked,2026-03-19 04:57:44,2026-03-19 04:57:58
2,Blocked,2026-03-19 04:57:36,2026-03-19 04:57:58
10,Running,2026-03-19 04:44:17,2026-03-19 04:58:20
1,Down,2026-03-19 04:57:51,2026-03-19 04:58:35
6,Running,2026-03-19 04:57:47,2026-03-19 04:58:47
5,Running,2026-03-19 04:57:58,2026-03-19 04:58:57
6,Starved,2026-03-19 04:58:47,2026-03-19 04:58:57
3,Running,2026-03-19 04:57:58,2026-03-19 04:58:58
2,Running,2026-03-19 04:57:58,2026-03-19 04:59:02
7,Down,2026-03-19 04:44:17,2026-03-19 04:59:03
5,Starved,2026-03-19 04:58:57,2026-03-19 04:59:06
3,Blocked,2026-03-19 04:58:58,2026-03-19 04:59:06
2,Blocked,2026-03-19 04:59:02,2026-03-19 04:59:06
6,Running,2026-03-19 04:58:57,2026-03-19 04:59:53
6,Starved,2026-03-19 04:59:53,2026-03-19 05:00:10
8,Starved,2026-03-19 04:49:36,2026-03-19 05:00:19
11,Running,2026-03-19 04:55:11,2026-03-19 05:00:26
2,Running,2026-03-19 04:59:06,2026-03-19 05:01:00
3,Running,2026-03-19 04:59:06,2026-03-19 05:01:02
5,Running,2026-03-19 04:59:06,2026-03-19 05:01:03
5,Starved,2026-03-19 05:01:03,2026-03-19 05:01:04
3,Blocked,2026-03-19 05:01:02,2026-03-19 05:01:04
2,Blocked,2026-03-19 05:01:00,2026-03-19 05:01:04
9,Starved,2026-03-19 04:54:30,2026-03-19 05:01:17
12,Running,2026-03-19 04:57:20,2026-03-19 05:01:24
2,Running,2026-03-19 05:01:04,2026-03-19 05:02:00
3,Running,2026-03-19 05:01:04,2026-03-19 05:02:05
5,Running,2026-03-19 05:01:04,2026-03-19 05:02:06
9,Running,2026-03-19 05:01:17,2026-03-19 05:02:08
10,Starved,2026-03-19 04:58:20,2026-03-19 05:02:08
5,Starved,2026-03-19 05:02:06,2026-03-19 05:02:10
3,Blocked,2026-03-19 05:02:05,2026-03-19 05:02:10
2,Blocked,2026-03-19 05:02:00,2026-03-19 05:02:10
8,Running,2026-03-19 05:00:19,2026-03-19 05:02:21
8,Starved,2026-03-19 05:02:21,2026-03-19 05:02:25
3,Running,2026-03-19 05:02:10,2026-03-19 05:03:04
3,Blocked,2026-03-19 05:03:04,2026-03-19 05:03:07
9,Down,2026-03-19 05:02:08,2026-03-19 05:03:09
10,Running,2026-03-19 05:02:08,2026-03-19 05:03:10
11,Starved,2026-03-19 05:00:26,2026-03-19 05:03:10
8,Running,2026-03-19 05:02:25,2026-03-19 05:03:19
8,Starved,2026-03-19 05:03:19,2026-03-19 05:03:33
11,Running,2026-03-19 05:03:10,2026-03-19 05:04:00
12,Starved,2026-03-19 05:01:24,2026-03-19 05:04:00
3,Running,2026-03-19 05:03:07,2026-03-19 05:04:03
3,Blocked,2026-03-19 05:04:03,2026-03-19 05:04:03
6,Running,2026-03-19 05:00:10,2026-03-19 05:04:05
6,Starved,2026-03-19 05:04:05,2026-03-19 05:04:13
10,Starved,2026-03-19 05:03:10,2026-03-19 05:04:16
8,Running,2026-03-19 05:03:33,2026-03-19 05:04:34
8,Starved,2026-03-19 05:04:34,2026-03-19 05:04:47
12,Running,2026-03-19 05:04:00,2026-03-19 05:05:00
3,Running,2026-03-19 05:04:03,2026-03-19 05:05:05
6,Running,2026-03-19 05:04:13,2026-03-19 05:05:09
3,Blocked,2026-03-19 05:05:05,2026-03-19 05:05:09
6,Starved,2026-03-19 05:05:09,2026-03-19 05:05:12
10,Running,2026-03-19 05:04:16,2026-03-19 05:05:19
11,Starved,2026-03-19 05:04:00,2026-03-19 05:05:19
10,Starved,2026-03-19 05:05:19,2026-03-19 05:05:23
8,Running,2026-03-19 05:04:47,2026-03-19 05:05:50
3,Running,2026-03-19 05:05:09,2026-03-19 05:06:06
8,Starved,2026-03-19 05:05:50,2026-03-19 05:06:06
6,Running,2026-03-19 05:05:12,2026-03-19 05:06:10
5,Running,2026-03-19 05:02:10,2026-03-19 05:06:18
6,Starved,2026-03-19 05:06:10,2026-03-19 05:06:18
11,Running,2026-03-19 05:05:19,2026-03-19 05:06:20
12,Starved,2026-03-19 05:05:00,2026-03-19 05:06:20
11,Starved,2026-03-19 05:06:20,2026-03-19 05:06:20
5,Starved,2026-03-19 05:06:18,2026-03-19 05:06:20
3,Blocked,2026-03-19 05:06:06,2026-03-19 05:06:20
9,Running,2026-03-19 05:03:09,2026-03-19 05:07:09
12,Running,2026-03-19 05:06:20,2026-03-19 05:07:12
9,Starved,2026-03-19 05:07:09,2026-03-19 05:07:15
3,Running,2026-03-19 05:06:20,2026-03-19 05:07:19
6,Running,2026-03-19 05:06:18,2026-03-19 05:07:21
12,Starved,2026-03-19 05:07:12,2026-03-19 05:07:23
5,Running,2026-03-19 05:06:20,2026-03-19 05:07:23
6,Starved,2026-03-19 05:07:21,2026-03-19 05:07:23
5,Starved,2026-03-19 05:07:23,2026-03-19 05:07:28
3,Blocked,2026-03-19 05:07:19,2026-03-19 05:07:28
8,Running,2026-03-19 05:06:06,2026-03-19 05:08:13
10,Running,2026-03-19 05:05:23,2026-03-19 05:08:17
8,Starved,2026-03-19 05:08:13,2026-03-19 05:08:19
12,Running,2026-03-19 05:07:23,2026-03-19 05:08:24
5,Running,2026-03-19 05:07:28,2026-03-19 05:08:26
3,Running,2026-03-19 05:07:28,2026-03-19 05:08:27
2,Running,2026-03-19 05:02:10,2026-03-19 05:08:33
10,Starved,2026-03-19 05:08:17,2026-03-19 05:08:33
5,Starved,2026-03-19 05:08:26,2026-03-19 05:08:35
3,Blocked,2026-03-19 05:08:27,2026-03-19 05:08:35
2,Blocked,2026-03-19 05:08:33,2026-03-19 05:08:35
8,Running,2026-03-19 05:08:19,2026-03-19 05:09:20
11,Running,2026-03-19 05:06:20,2026-03-19 05:09:27
6,Running,2026-03-19 05:07:23,2026-03-19 05:09:27
8,Starved,2026-03-19 05:09:20,2026-03-19 05:09:31
6,Blocked,2026-03-19 05:09:27,2026-03-19 05:09:31
3,Running,2026-03-19 05:08:35,2026-03-19 05:09:33
2,Running,2026-03-19 05:08:35,2026-03-19 05:09:36
11,Starved,2026-03-19 05:09:27,2026-03-19 05:09:37
5,Running,2026-03-19 05:08:35,2026-03-19 05:09:41
6,Starved,2026-03-19 05:09:31,2026-03-19 05:09:41
5,Starved,2026-03-19 05:09:41,2026-03-19 05:09:45
3,Blocked,2026-03-19 05:09:33,2026-03-19 05:09:45
2,Blocked,2026-03-19 05:09:36,2026-03-19 05:09:45
9,Running,2026-03-19 05:07:15,2026-03-19 05:10:18
8,Running,2026-03-19 05:09:31,2026-03-19 05:10:30
9,Starved,2026-03-19 05:10:18,2026-03-19 05:10:30
8,Starved,2026-03-19 05:10:30,2026-03-19 05:10:32
3,Running,2026-03-19 05:09:45,2026-03-19 05:10:35
11,Running,2026-03-19 05:09:37,2026-03-19 05:10:35
6,Running,2026-03-19 05:09:41,2026-03-19 05:10:38
5,Running,2026-03-19 05:09:45,2026-03-19 05:10:44
6,Starved,2026-03-19 05:10:38,2026-03-19 05:10:44
2,Running,2026-03-19 05:09:45,2026-03-19 05:10:45
5,Starved,2026-03-19 05:10:44,2026-03-19 05:10:52
3,Blocked,2026-03-19 05:10:35,2026-03-19 05:10:52
2,Blocked,2026-03-19 05:10:45,2026-03-19 05:10:52
9,Running,2026-03-19 05:10:30,2026-03-19 05:11:25
8,Running,2026-03-19 05:10:32,2026-03-19 05:11:28
9,Starved,2026-03-19 05:11:25,2026-03-19 05:11:28
8,Starved,2026-03-19 05:11:28,2026-03-19 05:11:31
6,Running,2026-03-19 05:10:44,2026-03-19 05:11:43
3,Running,2026-03-19 05:10:52,2026-03-19 05:11:46
5,Running,2026-03-19 05:10:52,2026-03-19 05:11:52
6,Starved,2026-03-19 05:11:43,2026-03-19 05:11:52
2,Running,2026-03-19 05:10:52,2026-03-19 05:11:53
5,Starved,2026-03-19 05:11:52,2026-03-19 05:11:56
3,Blocked,2026-03-19 05:11:46,2026-03-19 05:11:56
2,Blocked,2026-03-19 05:11:53,2026-03-19 05:11:56
9,Running,2026-03-19 05:11:28,2026-03-19 05:12:22
8,Running,2026-03-19 05:11:31,2026-03-19 05:12:30
9,Starved,2026-03-19 05:12:22,2026-03-19 05:12:30
8,Starved,2026-03-19 05:12:30,2026-03-19 05:12:31
2,Running,2026-03-19 05:11:56,2026-03-19 05:12:52
6,Running,2026-03-19 05:11:52,2026-03-19 05:12:55
5,Running,2026-03-19 05:11:56,2026-03-19 05:13:00
6,Starved,2026-03-19 05:12:55,2026-03-19 05:13:00
5,Starved,2026-03-19 05:13:00,2026-03-19 05:13:03
2,Blocked,2026-03-19 05:12:52,2026-03-19 05:13:03
8,Running,2026-03-19 05:12:31,2026-03-19 05:13:26
8,Starved,2026-03-19 05:13:26,2026-03-19 05:13:39
12,Down,2026-03-19 05:08:24,2026-03-19 05:13:42
11,Blocked,2026-03-19 05:10:35,2026-03-19 05:13:42
2,Running,2026-03-19 05:13:03,2026-03-19 05:13:53
6,Running,2026-03-19 05:13:00,2026-03-19 05:13:54
6,Starved,2026-03-19 05:13:54,2026-03-19 05:13:57
2,Blocked,2026-03-19 05:13:53,2026-03-19 05:14:01
9,Running,2026-03-19 05:12:30,2026-03-19 05:14:26
8,Running,2026-03-19 05:13:39,2026-03-19 05:14:34
9,Starved,2026-03-19 05:14:26,2026-03-19 05:14:34
11,Running,2026-03-19 05:13:42,2026-03-19 05:14:35
11,Blocked,2026-03-19 05:14:35,2026-03-19 05:14:44
8,Starved,2026-03-19 05:14:34,2026-03-19 05:14:48
2,Running,2026-03-19 05:14:01,2026-03-19 05:14:52
2,Blocked,2026-03-19 05:14:52,2026-03-19 05:15:03
9,Running,2026-03-19 05:14:34,2026-03-19 05:15:32
8,Running,2026-03-19 05:14:48,2026-03-19 05:15:51
9,Starved,2026-03-19 05:15:32,2026-03-19 05:15:51
8,Starved,2026-03-19 05:15:51,2026-03-19 05:15:55
5,Running,2026-03-19 05:13:03,2026-03-19 05:15:57
2,Running,2026-03-19 05:15:03,2026-03-19 05:16:01
5,Starved,2026-03-19 05:15:57,2026-03-19 05:16:04
2,Blocked,2026-03-19 05:16:01,2026-03-19 05:16:04
10,Running,2026-03-19 05:08:33,2026-03-19 05:16:53
9,Running,2026-03-19 05:15:51,2026-03-19 05:16:56
10,Starved,2026-03-19 05:16:53,2026-03-19 05:16:56
8,Running,2026-03-19 05:15:55,2026-03-19 05:17:06
9,Starved,2026-03-19 05:16:56,2026-03-19 05:17:06
5,Running,2026-03-19 05:16:04,2026-03-19 05:17:54
5,Starved,2026-03-19 05:17:54,2026-03-19 05:18:00
9,Running,2026-03-19 05:17:06,2026-03-19 05:18:01
1,Running,2026-03-19 04:58:35,2026-03-19 05:18:09
1,Blocked,2026-03-19 05:18:09,2026-03-19 05:18:14
8,Down,2026-03-19 05:17:06,2026-03-19 05:18:18
10,Running,2026-03-19 05:16:56,2026-03-19 05:19:12
9,Starved,2026-03-19 05:18:01,2026-03-19 05:19:22
1,Running,2026-03-19 05:18:14,2026-03-19 05:20:04
6,Running,2026-03-19 05:13:57,2026-03-19 05:20:08
6,Blocked,2026-03-19 05:20:08,2026-03-19 05:20:11
9,Running,2026-03-19 05:19:22,2026-03-19 05:20:12
10,Starved,2026-03-19 05:19:12,2026-03-19 05:20:12
1,Blocked,2026-03-19 05:20:04,2026-03-19 05:20:17
9,Starved,2026-03-19 05:20:12,2026-03-19 05:20:27
5,Running,2026-03-19 05:18:00,2026-03-19 05:21:06
10,Running,2026-03-19 05:20:12,2026-03-19 05:21:09
3,Running,2026-03-19 05:11:56,2026-03-19 05:21:10
1,Running,2026-03-19 05:20:17,2026-03-19 05:21:14
2,Running,2026-03-19 05:16:04,2026-03-19 05:21:23
5,Starved,2026-03-19 05:21:06,2026-03-19 05:21:23
3,Blocked,2026-03-19 05:21:10,2026-03-19 05:21:23
2,Blocked,2026-03-19 05:21:23,2026-03-19 05:21:23
1,Blocked,2026-03-19 05:21:14,2026-03-19 05:21:23
10,Starved,2026-03-19 05:21:09,2026-03-19 05:21:27
11,Running,2026-03-19 05:14:44,2026-03-19 05:21:45
11,Blocked,2026-03-19 05:21:45,2026-03-19 05:21:45
6,Running,2026-03-19 05:20:11,2026-03-19 05:22:06
5,Running,2026-03-19 05:21:23,2026-03-19 05:22:17
2,Running,2026-03-19 05:21:23,2026-03-19 05:22:21
1,Running,2026-03-19 05:21:23,2026-03-19 05:22:21
6,Blocked,2026-03-19 05:22:06,2026-03-19 05:22:22
10,Running,2026-03-19 05:21:27,2026-03-19 05:22:22
10,Starved,2026-03-19 05:22:22,2026-03-19 05:22:28
3,Running,2026-03-19 05:21:23,2026-03-19 05:22:28
11,Running,2026-03-19 05:21:45,2026-03-19 05:22:40
5,Starved,2026-03-19 05:22:17,2026-03-19 05:22:49
3,Blocked,2026-03-19 05:22:28,2026-03-19 05:22:49
2,Blocked,2026-03-19 05:22:21,2026-03-19 05:22:49
1,Blocked,2026-03-19 05:22:21,2026-03-19 05:22:49
11,Blocked,2026-03-19 05:22:40,2026-03-19 05:22:51
6,Running,2026-03-19 05:22:22,2026-03-19 05:23:23
9,Running,2026-03-19 05:20:27,2026-03-19 05:23:24
9,Starved,2026-03-19 05:23:24,2026-03-19 05:23:25
11,Running,2026-03-19 05:22:51,2026-03-19 05:23:41
5,Running,2026-03-19 05:22:49,2026-03-19 05:23:46
6,Starved,2026-03-19 05:23:23,2026-03-19 05:23:46
3,Running,2026-03-19 05:22:49,2026-03-19 05:23:51
2,Running,2026-03-19 05:22:49,2026-03-19 05:23:52
1,Running,2026-03-19 05:22:49,2026-03-19 05:23:54
11,Blocked,2026-03-19 05:23:41,2026-03-19 05:23:59
5,Starved,2026-03-19 05:23:46,2026-03-19 05:24:12
3,Blocked,2026-03-19 05:23:51,2026-03-19 05:24:12
2,Blocked,2026-03-19 05:23:52,2026-03-19 05:24:12
1,Blocked,2026-03-19 05:23:54,2026-03-19 05:24:12
9,Running,2026-03-19 05:23:25,2026-03-19 05:24:17
9,Starved,2026-03-19 05:24:17,2026-03-19 05:24:26
6,Running,2026-03-19 05:23:46,2026-03-19 05:24:41
5,Running,2026-03-19 05:24:12,2026-03-19 05:25:09
6,Starved,2026-03-19 05:24:41,2026-03-19 05:25:09
5,Starved,2026-03-19 05:25:09,2026-03-19 05:25:17
6,Running,2026-03-19 05:25:09,2026-03-19 05:26:04
3,Running,2026-03-19 05:24:12,2026-03-19 05:26:15
2,Running,2026-03-19 05:24:12,2026-03-19 05:26:19
3,Blocked,2026-03-19 05:26:15,2026-03-19 05:26:19
2,Blocked,2026-03-19 05:26:19,2026-03-19 05:26:19
6,Starved,2026-03-19 05:26:04,2026-03-19 05:26:20
6,Running,2026-03-19 05:26:20,2026-03-19 05:27:13
3,Running,2026-03-19 05:26:19,2026-03-19 05:27:18
1,Running,2026-03-19 05:24:12,2026-03-19 05:27:18
3,Blocked,2026-03-19 05:27:18,2026-03-19 05:27:18
1,Blocked,2026-03-19 05:27:18,2026-03-19 05:27:19
6,Starved,2026-03-19 05:27:13,2026-03-19 05:27:21
1,Running,2026-03-19 05:27:19,2026-03-19 05:28:10
6,Running,2026-03-19 05:27:21,2026-03-19 05:28:12
3,Running,2026-03-19 05:27:18,2026-03-19 05:28:13
5,Running,2026-03-19 05:25:17,2026-03-19 05:28:22
6,Starved,2026-03-19 05:28:12,2026-03-19 05:28:22
2,Running,2026-03-19 05:26:19,2026-03-19 05:28:29
5,Starved,2026-03-19 05:28:22,2026-03-19 05:28:48
3,Blocked,2026-03-19 05:28:13,2026-03-19 05:28:48
2,Blocked,2026-03-19 05:28:29,2026-03-19 05:28:48
1,Blocked,2026-03-19 05:28:10,2026-03-19 05:28:48
6,Running,2026-03-19 05:28:22,2026-03-19 05:29:14
9,Running,2026-03-19 05:24:26,2026-03-19 05:29:17
9,Starved,2026-03-19 05:29:17,2026-03-19 05:29:22
6,Starved,2026-03-19 05:29:14,2026-03-19 05:29:48
1,Running,2026-03-19 05:28:48,2026-03-19 05:29:54
1,Blocked,2026-03-19 05:29:54,2026-03-19 05:29:56
2,Running,2026-03-19 05:28:48,2026-03-19 05:30:47
3,Running,2026-03-19 05:28:48,2026-03-19 05:30:49
6,Running,2026-03-19 05:29:48,2026-03-19 05:30:51
5,Running,2026-03-19 05:28:48,2026-03-19 05:30:54
6,Starved,2026-03-19 05:30:51,2026-03-19 05:30:54
1,Running,2026-03-19 05:29:56,2026-03-19 05:31:00
5,Starved,2026-03-19 05:30:54,2026-03-19 05:31:12
3,Blocked,2026-03-19 05:30:49,2026-03-19 05:31:12
2,Blocked,2026-03-19 05:30:47,2026-03-19 05:31:12
1,Blocked,2026-03-19 05:31:00,2026-03-19 05:31:12
6,Running,2026-03-19 05:30:54,2026-03-19 05:31:54
2,Running,2026-03-19 05:31:12,2026-03-19 05:32:09
9,Running,2026-03-19 05:29:22,2026-03-19 05:32:14
9,Starved,2026-03-19 05:32:14,2026-03-19 05:32:14
1,Running,2026-03-19 05:31:12,2026-03-19 05:32:14
5,Running,2026-03-19 05:31:12,2026-03-19 05:32:16
6,Starved,2026-03-19 05:31:54,2026-03-19 05:32:16
5,Starved,2026-03-19 05:32:16,2026-03-19 05:32:18
2,Blocked,2026-03-19 05:32:09,2026-03-19 05:32:23
1,Blocked,2026-03-19 05:32:14,2026-03-19 05:32:23
6,Running,2026-03-19 05:32:16,2026-03-19 05:33:12
6,Starved,2026-03-19 05:33:12,2026-03-19 05:33:20
1,Running,2026-03-19 05:32:23,2026-03-19 05:33:20
2,Running,2026-03-19 05:32:23,2026-03-19 05:33:24
2,Blocked,2026-03-19 05:33:24,2026-03-19 05:33:25
1,Blocked,2026-03-19 05:33:20,2026-03-19 05:33:25
9,Running,2026-03-19 05:32:14,2026-03-19 05:34:13
9,Starved,2026-03-19 05:34:13,2026-03-19 05:34:15
5,Running,2026-03-19 05:32:18,2026-03-19 05:34:19
5,Starved,2026-03-19 05:34:19,2026-03-19 05:34:21
2,Running,2026-03-19 05:33:25,2026-03-19 05:34:23
2,Blocked,2026-03-19 05:34:23,2026-03-19 05:34:24
6,Running,2026-03-19 05:33:20,2026-03-19 05:35:13
6,Starved,2026-03-19 05:35:13,2026-03-19 05:35:19
10,Running,2026-03-19 05:22:28,2026-03-19 05:35:35
10,Starved,2026-03-19 05:35:35,2026-03-19 05:35:43
8,Running,2026-03-19 05:18:18,2026-03-19 05:36:14
8,Starved,2026-03-19 05:36:14,2026-03-19 05:36:14
2,Running,2026-03-19 05:34:24,2026-03-19 05:36:15
5,Running,2026-03-19 05:34:21,2026-03-19 05:36:23
5,Starved,2026-03-19 05:36:23,2026-03-19 05:36:29
2,Blocked,2026-03-19 05:36:15,2026-03-19 05:36:31
10,Running,2026-03-19 05:35:43,2026-03-19 05:36:45
10,Starved,2026-03-19 05:36:45,2026-03-19 05:37:03
8,Running,2026-03-19 05:36:14,2026-03-19 05:37:14
8,Starved,2026-03-19 05:37:14,2026-03-19 05:37:19
5,Running,2026-03-19 05:36:29,2026-03-19 05:37:20
2,Running,2026-03-19 05:36:31,2026-03-19 05:37:24
3,Running,2026-03-19 05:31:12,2026-03-19 05:37:30
5,Starved,2026-03-19 05:37:20,2026-03-19 05:37:38
3,Blocked,2026-03-19 05:37:30,2026-03-19 05:37:38
2,Blocked,2026-03-19 05:37:24,2026-03-19 05:37:38
10,Running,2026-03-19 05:37:03,2026-03-19 05:38:00
10,Starved,2026-03-19 05:38:00,2026-03-19 05:38:05
6,Running,2026-03-19 05:35:19,2026-03-19 05:38:30
5,Running,2026-03-19 05:37:38,2026-03-19 05:38:30
6,Starved,2026-03-19 05:38:30,2026-03-19 05:38:30
3,Running,2026-03-19 05:37:38,2026-03-19 05:38:31
2,Running,2026-03-19 05:37:38,2026-03-19 05:38:43
1,Running,2026-03-19 05:33:25,2026-03-19 05:38:44
5,Starved,2026-03-19 05:38:30,2026-03-19 05:38:51
3,Blocked,2026-03-19 05:38:31,2026-03-19 05:38:51
2,Blocked,2026-03-19 05:38:43,2026-03-19 05:38:51
1,Blocked,2026-03-19 05:38:44,2026-03-19 05:38:51
10,Running,2026-03-19 05:38:05,2026-03-19 05:39:05
10,Starved,2026-03-19 05:39:05,2026-03-19 05:39:17
6,Running,2026-03-19 05:38:30,2026-03-19 05:39:24
1,Running,2026-03-19 05:38:51,2026-03-19 05:39:38
5,Running,2026-03-19 05:38:51,2026-03-19 05:39:46
6,Starved,2026-03-19 05:39:24,2026-03-19 05:39:46
2,Running,2026-03-19 05:38:51,2026-03-19 05:39:51
3,Running,2026-03-19 05:38:51,2026-03-19 05:39:52
10,Running,2026-03-19 05:39:17,2026-03-19 05:40:12
5,Starved,2026-03-19 05:39:46,2026-03-19 05:40:20
3,Blocked,2026-03-19 05:39:52,2026-03-19 05:40:20
2,Blocked,2026-03-19 05:39:51,2026-03-19 05:40:20
1,Blocked,2026-03-19 05:39:38,2026-03-19 05:40:20
10,Starved,2026-03-19 05:40:12,2026-03-19 05:40:23
6,Running,2026-03-19 05:39:46,2026-03-19 05:40:45
5,Running,2026-03-19 05:40:20,2026-03-19 05:41:14
6,Starved,2026-03-19 05:40:45,2026-03-19 05:41:14
1,Running,2026-03-19 05:40:20,2026-03-19 05:41:17
3,Running,2026-03-19 05:40:20,2026-03-19 05:41:19
4,Running,2026-03-19 04:54:16,2026-03-19 05:41:22
5,Starved,2026-03-19 05:41:14,2026-03-19 05:41:22
2,Running,2026-03-19 05:40:20,2026-03-19 05:41:24
6,Running,2026-03-19 05:41:14,2026-03-19 05:42:17
5,Running,2026-03-19 05:41:22,2026-03-19 05:42:25
6,Starved,2026-03-19 05:42:17,2026-03-19 05:42:25
6,Running,2026-03-19 05:42:25,2026-03-19 05:43:22
4,Down,2026-03-19 05:41:22,2026-03-19 05:43:34
3,Blocked,2026-03-19 05:41:19,2026-03-19 05:43:34
2,Blocked,2026-03-19 05:41:24,2026-03-19 05:43:34
1,Blocked,2026-03-19 05:41:17,2026-03-19 05:43:34
3,Running,2026-03-19 05:43:34,2026-03-19 05:44:25
2,Running,2026-03-19 05:43:34,2026-03-19 05:44:40
1,Running,2026-03-19 05:43:34,2026-03-19 05:44:44
5,Starved,2026-03-19 05:42:25,2026-03-19 05:44:46
3,Blocked,2026-03-19 05:44:25,2026-03-19 05:44:46
2,Blocked,2026-03-19 05:44:40,2026-03-19 05:44:46
1,Blocked,2026-03-19 05:44:44,2026-03-19 05:44:46
3,Running,2026-03-19 05:44:46,2026-03-19 05:45:41
2,Running,2026-03-19 05:44:46,2026-03-19 05:45:41
5,Running,2026-03-19 05:44:46,2026-03-19 05:45:47
6,Starved,2026-03-19 05:43:22,2026-03-19 05:45:47
1,Running,2026-03-19 05:44:46,2026-03-19 05:45:51
5,Starved,2026-03-19 05:45:47,2026-03-19 05:45:53
3,Blocked,2026-03-19 05:45:41,2026-03-19 05:45:53
2,Blocked,2026-03-19 05:45:41,2026-03-19 05:45:53
1,Blocked,2026-03-19 05:45:51,2026-03-19 05:45:53
12,Running,2026-03-19 05:13:42,2026-03-19 05:46:08
11,Running,2026-03-19 05:23:59,2026-03-19 05:46:33
3,Running,2026-03-19 05:45:53,2026-03-19 05:46:44
6,Running,2026-03-19 05:45:47,2026-03-19 05:46:47
2,Running,2026-03-19 05:45:53,2026-03-19 05:46:53
5,Running,2026-03-19 05:45:53,2026-03-19 05:46:55
6,Starved,2026-03-19 05:46:47,2026-03-19 05:46:55
1,Running,2026-03-19 05:45:53,2026-03-19 05:46:57
5,Starved,2026-03-19 05:46:55,2026-03-19 05:47:03
3,Blocked,2026-03-19 05:46:44,2026-03-19 05:47:03
2,Blocked,2026-03-19 05:46:53,2026-03-19 05:47:03
1,Blocked,2026-03-19 05:46:57,2026-03-19 05:47:03
3,Running,2026-03-19 05:47:03,2026-03-19 05:47:58
3,Blocked,2026-03-19 05:47:58,2026-03-19 05:48:05
1,Running,2026-03-19 05:47:03,2026-03-19 05:48:06
6,Running,2026-03-19 05:46:55,2026-03-19 05:48:07
1,Blocked,2026-03-19 05:48:06,2026-03-19 05:48:07
6,Starved,2026-03-19 05:48:07,2026-03-19 05:48:08
6,Running,2026-03-19 05:48:08,2026-03-19 05:49:00
12,Down,2026-03-19 05:46:08,2026-03-19 05:49:03
11,Blocked,2026-03-19 05:46:33,2026-03-19 05:49:03
6,Starved,2026-03-19 05:49:00,2026-03-19 05:49:03
5,Running,2026-03-19 05:47:03,2026-03-19 05:49:54
11,Running,2026-03-19 05:49:03,2026-03-19 05:49:56
11,Blocked,2026-03-19 05:49:56,2026-03-19 05:49:59
5,Starved,2026-03-19 05:49:54,2026-03-19 05:50:01
2,Running,2026-03-19 05:47:03,2026-03-19 05:50:03
2,Blocked,2026-03-19 05:50:03,2026-03-19 05:50:04
9,Running,2026-03-19 05:34:15,2026-03-19 05:50:34
5,Running,2026-03-19 05:50:01,2026-03-19 05:50:50
5,Starved,2026-03-19 05:50:50,2026-03-19 05:51:01
11,Running,2026-03-19 05:49:59,2026-03-19 05:51:01
2,Running,2026-03-19 05:50:04,2026-03-19 05:51:03
11,Blocked,2026-03-19 05:51:01,2026-03-19 05:51:04
2,Blocked,2026-03-19 05:51:03,2026-03-19 05:51:13
10,Running,2026-03-19 05:40:23,2026-03-19 05:51:41
8,Running,2026-03-19 05:37:19,2026-03-19 05:51:44
8,Starved,2026-03-19 05:51:44,2026-03-19 05:51:52
5,Running,2026-03-19 05:51:01,2026-03-19 05:52:00
11,Running,2026-03-19 05:51:04,2026-03-19 05:52:00
11,Blocked,2026-03-19 05:52:00,2026-03-19 05:52:01
5,Starved,2026-03-19 05:52:00,2026-03-19 05:52:07
2,Running,2026-03-19 05:51:13,2026-03-19 05:52:09
2,Blocked,2026-03-19 05:52:09,2026-03-19 05:52:20
8,Running,2026-03-19 05:51:52,2026-03-19 05:52:46
8,Starved,2026-03-19 05:52:46,2026-03-19 05:52:50
6,Running,2026-03-19 05:49:03,2026-03-19 05:53:03
5,Running,2026-03-19 05:52:07,2026-03-19 05:53:08
6,Starved,2026-03-19 05:53:03,2026-03-19 05:53:08
5,Starved,2026-03-19 05:53:08,2026-03-19 05:53:11
2,Running,2026-03-19 05:52:20,2026-03-19 05:53:18
2,Blocked,2026-03-19 05:53:18,2026-03-19 05:53:22
8,Running,2026-03-19 05:52:50,2026-03-19 05:53:49
1,Running,2026-03-19 05:48:07,2026-03-19 05:54:12
6,Running,2026-03-19 05:53:08,2026-03-19 05:54:13
6,Starved,2026-03-19 05:54:13,2026-03-19 05:54:13
1,Blocked,2026-03-19 05:54:12,2026-03-19 05:54:30
11,Running,2026-03-19 05:52:01,2026-03-19 05:54:54
11,Blocked,2026-03-19 05:54:54,2026-03-19 05:54:58
5,Running,2026-03-19 05:53:11,2026-03-19 05:55:08
2,Running,2026-03-19 05:53:22,2026-03-19 05:55:26
5,Starved,2026-03-19 05:55:08,2026-03-19 05:55:27
2,Blocked,2026-03-19 05:55:26,2026-03-19 05:55:30
6,Running,2026-03-19 05:54:13,2026-03-19 05:56:04
1,Running,2026-03-19 05:54:30,2026-03-19 05:56:24
5,Running,2026-03-19 05:55:27,2026-03-19 05:56:25
6,Starved,2026-03-19 05:56:04,2026-03-19 05:56:25
5,Starved,2026-03-19 05:56:25,2026-03-19 05:56:29
2,Running,2026-03-19 05:55:30,2026-03-19 05:56:30
2,Blocked,2026-03-19 05:56:30,2026-03-19 05:56:33
1,Blocked,2026-03-19 05:56:24,2026-03-19 05:56:33
6,Running,2026-03-19 05:56:25,2026-03-19 05:57:22
1,Running,2026-03-19 05:56:33,2026-03-19 05:57:27
5,Running,2026-03-19 05:56:29,2026-03-19 05:57:29
6,Starved,2026-03-19 05:57:22,2026-03-19 05:57:29
5,Starved,2026-03-19 05:57:29,2026-03-19 05:57:31
2,Running,2026-03-19 05:56:33,2026-03-19 05:57:33
2,Blocked,2026-03-19 05:57:33,2026-03-19 05:57:37
1,Blocked,2026-03-19 05:57:27,2026-03-19 05:57:37
12,Running,2026-03-19 05:49:03,2026-03-19 05:58:07
7,Running,2026-03-19 04:59:03,2026-03-19 05:58:13
5,Running,2026-03-19 05:57:31,2026-03-19 05:58:21
1,Running,2026-03-19 05:57:37,2026-03-19 05:58:36
2,Running,2026-03-19 05:57:37,2026-03-19 05:58:37
3,Running,2026-03-19 05:48:05,2026-03-19 05:58:45
5,Starved,2026-03-19 05:58:21,2026-03-19 05:58:54
3,Blocked,2026-03-19 05:58:45,2026-03-19 05:58:54
2,Blocked,2026-03-19 05:58:37,2026-03-19 05:58:54
1,Blocked,2026-03-19 05:58:36,2026-03-19 05:58:54
6,Running,2026-03-19 05:57:29,2026-03-19 05:59:32
3,Running,2026-03-19 05:58:54,2026-03-19 05:59:48
5,Running,2026-03-19 05:58:54,2026-03-19 05:59:50
6,Starved,2026-03-19 05:59:32,2026-03-19 05:59:50
2,Running,2026-03-19 05:58:54,2026-03-19 05:59:55
5,Starved,2026-03-19 05:59:50,2026-03-19 05:59:56
3,Blocked,2026-03-19 05:59:48,2026-03-19 05:59:56
2,Blocked,2026-03-19 05:59:55,2026-03-19 05:59:56
9,Down,2026-03-19 05:50:34,2026-03-19 06:00:26
8,Blocked,2026-03-19 05:53:49,2026-03-19 06:00:26
7,Blocked,2026-03-19 05:58:13,2026-03-19 06:00:26
6,Running,2026-03-19 05:59:50,2026-03-19 06:00:43
5,Running,2026-03-19 05:59:56,2026-03-19 06:00:48
6,Starved,2026-03-19 06:00:43,2026-03-19 06:00:48
3,Running,2026-03-19 05:59:56,2026-03-19 06:00:49
2,Running,2026-03-19 05:59:56,2026-03-19 06:00:58
5,Starved,2026-03-19 06:00:48,2026-03-19 06:00:58
3,Blocked,2026-03-19 06:00:49,2026-03-19 06:00:58
2,Blocked,2026-03-19 06:00:58,2026-03-19 06:00:58
8,Running,2026-03-19 06:00:26,2026-03-19 06:01:24
7,Running,2026-03-19 06:00:26,2026-03-19 06:01:37
10,Starved,2026-03-19 05:51:41,2026-03-19 06:01:39
8,Blocked,2026-03-19 06:01:24,2026-03-19 06:01:39
7,Blocked,2026-03-19 06:01:37,2026-03-19 06:01:39
6,Running,2026-03-19 06:00:48,2026-03-19 06:01:52
5,Running,2026-03-19 06:00:58,2026-03-19 06:01:56
6,Starved,2026-03-19 06:01:52,2026-03-19 06:01:56
3,Running,2026-03-19 06:00:58,2026-03-19 06:01:57
2,Running,2026-03-19 06:00:58,2026-03-19 06:01:58
1,Running,2026-03-19 05:58:54,2026-03-19 06:02:19
5,Starved,2026-03-19 06:01:56,2026-03-19 06:02:24
3,Blocked,2026-03-19 06:01:57,2026-03-19 06:02:24
2,Blocked,2026-03-19 06:01:58,2026-03-19 06:02:24
1,Blocked,2026-03-19 06:02:19,2026-03-19 06:02:24
10,Running,2026-03-19 06:01:39,2026-03-19 06:02:37
8,Running,2026-03-19 06:01:39,2026-03-19 06:02:39
11,Down,2026-03-19 05:54:58,2026-03-19 06:02:40
10,Starved,2026-03-19 06:02:37,2026-03-19 06:02:45
8,Blocked,2026-03-19 06:02:39,2026-03-19 06:02:45
6,Running,2026-03-19 06:01:56,2026-03-19 06:03:00
3,Running,2026-03-19 06:02:24,2026-03-19 06:03:14
1,Running,2026-03-19 06:02:24,2026-03-19 06:03:19
12,Starved,2026-03-19 05:58:07,2026-03-19 06:03:31
5,Running,2026-03-19 06:02:24,2026-03-19 06:03:32
6,Starved,2026-03-19 06:03:00,2026-03-19 06:03:32
2,Running,2026-03-19 06:02:24,2026-03-19 06:03:33
10,Running,2026-03-19 06:02:45,2026-03-19 06:03:51
8,Running,2026-03-19 06:02:45,2026-03-19 06:03:51
7,Running,2026-03-19 06:01:39,2026-03-19 06:03:55
5,Starved,2026-03-19 06:03:32,2026-03-19 06:03:56
3,Blocked,2026-03-19 06:03:14,2026-03-19 06:03:56
2,Blocked,2026-03-19 06:03:33,2026-03-19 06:03:56
1,Blocked,2026-03-19 06:03:19,2026-03-19 06:03:56
10,Starved,2026-03-19 06:03:51,2026-03-19 06:04:10
8,Blocked,2026-03-19 06:03:51,2026-03-19 06:04:10
7,Blocked,2026-03-19 06:03:55,2026-03-19 06:04:10
6,Running,2026-03-19 06:03:32,2026-03-19 06:04:33
5,Running,2026-03-19 06:03:56,2026-03-19 06:04:54
6,Starved,2026-03-19 06:04:33,2026-03-19 06:04:54
3,Running,2026-03-19 06:03:56,2026-03-19 06:04:55
5,Starved,2026-03-19 06:04:54,2026-03-19 06:05:01
3,Blocked,2026-03-19 06:04:55,2026-03-19 06:05:01
10,Running,2026-03-19 06:04:10,2026-03-19 06:05:14
8,Running,2026-03-19 06:04:10,2026-03-19 06:05:16
7,Running,2026-03-19 06:04:10,2026-03-19 06:05:21
10,Starved,2026-03-19 06:05:14,2026-03-19 06:05:26
8,Blocked,2026-03-19 06:05:16,2026-03-19 06:05:26
7,Blocked,2026-03-19 06:05:21,2026-03-19 06:05:26
3,Running,2026-03-19 06:05:01,2026-03-19 06:05:50
6,Running,2026-03-19 06:04:54,2026-03-19 06:05:51
5,Running,2026-03-19 06:05:01,2026-03-19 06:05:58
6,Starved,2026-03-19 06:05:51,2026-03-19 06:05:58
5,Starved,2026-03-19 06:05:58,2026-03-19 06:06:08
3,Blocked,2026-03-19 06:05:50,2026-03-19 06:06:08
7,Running,2026-03-19 06:05:26,2026-03-19 06:06:15
7,Blocked,2026-03-19 06:06:15,2026-03-19 06:06:19
6,Running,2026-03-19 06:05:58,2026-03-19 06:07:03
5,Running,2026-03-19 06:06:08,2026-03-19 06:07:05
6,Starved,2026-03-19 06:07:03,2026-03-19 06:07:05
3,Running,2026-03-19 06:06:08,2026-03-19 06:07:11
2,Running,2026-03-19 06:03:56,2026-03-19 06:07:13
5,Starved,2026-03-19 06:07:05,2026-03-19 06:07:17
3,Blocked,2026-03-19 06:07:11,2026-03-19 06:07:17
2,Blocked,2026-03-19 06:07:13,2026-03-19 06:07:17
7,Running,2026-03-19 06:06:19,2026-03-19 06:07:19
7,Blocked,2026-03-19 06:07:19,2026-03-19 06:07:28
6,Running,2026-03-19 06:07:05,2026-03-19 06:08:02
6,Starved,2026-03-19 06:08:02,2026-03-19 06:08:13
2,Running,2026-03-19 06:07:17,2026-03-19 06:08:16
2,Blocked,2026-03-19 06:08:16,2026-03-19 06:08:20
5,Running,2026-03-19 06:07:17,2026-03-19 06:09:04
2,Running,2026-03-19 06:08:20,2026-03-19 06:09:13
3,Running,2026-03-19 06:07:17,2026-03-19 06:09:22
5,Starved,2026-03-19 06:09:04,2026-03-19 06:09:34
3,Blocked,2026-03-19 06:09:22,2026-03-19 06:09:34
2,Blocked,2026-03-19 06:09:13,2026-03-19 06:09:34
7,Running,2026-03-19 06:07:28,2026-03-19 06:09:37
7,Blocked,2026-03-19 06:09:37,2026-03-19 06:09:37
6,Running,2026-03-19 06:08:13,2026-03-19 06:10:15
3,Running,2026-03-19 06:09:34,2026-03-19 06:10:31
2,Running,2026-03-19 06:09:34,2026-03-19 06:10:38
5,Running,2026-03-19 06:09:34,2026-03-19 06:10:42
6,Starved,2026-03-19 06:10:15,2026-03-19 06:10:42
5,Starved,2026-03-19 06:10:42,2026-03-19 06:10:44
3,Blocked,2026-03-19 06:10:31,2026-03-19 06:10:44
2,Blocked,2026-03-19 06:10:38,2026-03-19 06:10:44
2,Running,2026-03-19 06:10:44,2026-03-19 06:11:38
3,Running,2026-03-19 06:10:44,2026-03-19 06:11:44
5,Running,2026-03-19 06:10:44,2026-03-19 06:11:44
5,Starved,2026-03-19 06:11:44,2026-03-19 06:11:53
3,Blocked,2026-03-19 06:11:44,2026-03-19 06:11:53
2,Blocked,2026-03-19 06:11:38,2026-03-19 06:11:53
6,Running,2026-03-19 06:10:42,2026-03-19 06:12:44
3,Running,2026-03-19 06:11:53,2026-03-19 06:12:46
3,Blocked,2026-03-19 06:12:46,2026-03-19 06:12:54
2,Running,2026-03-19 06:11:53,2026-03-19 06:13:02
6,Starved,2026-03-19 06:12:44,2026-03-19 06:13:06
10,Running,2026-03-19 06:05:26,2026-03-19 06:13:24
10,Starved,2026-03-19 06:13:24,2026-03-19 06:13:34
6,Running,2026-03-19 06:13:06,2026-03-19 06:14:02
6,Starved,2026-03-19 06:14:02,2026-03-19 06:14:14
11,Running,2026-03-19 06:02:40,2026-03-19 06:14:31
11,Starved,2026-03-19 06:14:31,2026-03-19 06:14:35
11,Running,2026-03-19 06:14:35,2026-03-19 06:15:36
11,Starved,2026-03-19 06:15:36,2026-03-19 06:15:40
3,Running,2026-03-19 06:12:54,2026-03-19 06:16:03
5,Running,2026-03-19 06:11:53,2026-03-19 06:16:12
5,Starved,2026-03-19 06:16:12,2026-03-19 06:16:27
3,Blocked,2026-03-19 06:16:03,2026-03-19 06:16:27
11,Running,2026-03-19 06:15:40,2026-03-19 06:16:43
11,Starved,2026-03-19 06:16:43,2026-03-19 06:16:45
6,Running,2026-03-19 06:14:14,2026-03-19 06:17:18
5,Running,2026-03-19 06:16:27,2026-03-19 06:17:19
6,Starved,2026-03-19 06:17:18,2026-03-19 06:17:19
3,Running,2026-03-19 06:16:27,2026-03-19 06:17:26
5,Starved,2026-03-19 06:17:19,2026-03-19 06:17:54
3,Blocked,2026-03-19 06:17:26,2026-03-19 06:17:54
6,Running,2026-03-19 06:17:19,2026-03-19 06:18:16
12,Running,2026-03-19 06:03:31,2026-03-19 06:18:45
12,Starved,2026-03-19 06:18:45,2026-03-19 06:18:49
3,Running,2026-03-19 06:17:54,2026-03-19 06:18:53
5,Running,2026-03-19 06:17:54,2026-03-19 06:18:54
6,Starved,2026-03-19 06:18:16,2026-03-19 06:18:54
1,Down,2026-03-19 06:03:56,2026-03-19 06:18:54
5,Starved,2026-03-19 06:18:54,2026-03-19 06:18:57
3,Blocked,2026-03-19 06:18:53,2026-03-19 06:18:57
6,Running,2026-03-19 06:18:54,2026-03-19 06:19:46
12,Running,2026-03-19 06:18:49,2026-03-19 06:19:50
6,Starved,2026-03-19 06:19:46,2026-03-19 06:19:59
12,Starved,2026-03-19 06:19:50,2026-03-19 06:20:00
2,Starved,2026-03-19 06:13:02,2026-03-19 06:20:03
5,Running,2026-03-19 06:18:57,2026-03-19 06:21:01
5,Starved,2026-03-19 06:21:01,2026-03-19 06:21:03
3,Running,2026-03-19 06:18:57,2026-03-19 06:22:01
4,Running,2026-03-19 05:43:34,2026-03-19 06:22:07
6,Running,2026-03-19 06:19:59,2026-03-19 06:22:07
6,Starved,2026-03-19 06:22:07,2026-03-19 06:22:13
5,Running,2026-03-19 06:21:03,2026-03-19 06:23:15
9,Running,2026-03-19 06:00:26,2026-03-19 06:24:01
6,Running,2026-03-19 06:22:13,2026-03-19 06:24:25
8,Running,2026-03-19 06:05:26,2026-03-19 06:24:36
10,Running,2026-03-19 06:13:34,2026-03-19 06:25:30
7,Running,2026-03-19 06:09:37,2026-03-19 06:26:33
11,Running,2026-03-19 06:16:45,2026-03-19 06:26:50
2,Running,2026-03-19 06:20:03,2026-03-19 06:27:37
12,Running,2026-03-19 06:20:00,2026-03-19 06:28:13
4,Down,2026-03-19 06:22:07,2026-03-19 06:30:54
3,Blocked,2026-03-19 06:22:01,2026-03-19 06:30:54
2,Blocked,2026-03-19 06:27:37,2026-03-19 06:30:54
2,Running,2026-03-19 06:30:54,2026-03-19 06:31:55
3,Running,2026-03-19 06:30:54,2026-03-19 06:31:57
5,Starved,2026-03-19 06:23:15,2026-03-19 06:32:12
3,Blocked,2026-03-19 06:31:57,2026-03-19 06:32:12
2,Blocked,2026-03-19 06:31:55,2026-03-19 06:32:12
2,Running,2026-03-19 06:32:12,2026-03-19 06:33:07
5,Running,2026-03-19 06:32:12,2026-03-19 06:33:11
6,Starved,2026-03-19 06:24:25,2026-03-19 06:33:11
3,Running,2026-03-19 06:32:12,2026-03-19 06:33:15
5,Starved,2026-03-19 06:33:11,2026-03-19 06:33:25
3,Blocked,2026-03-19 06:33:15,2026-03-19 06:33:25
2,Blocked,2026-03-19 06:33:07,2026-03-19 06:33:25
6,Running,2026-03-19 06:33:11,2026-03-19 06:34:08
3,Running,2026-03-19 06:33:25,2026-03-19 06:34:18
3,Blocked,2026-03-19 06:34:18,2026-03-19 06:34:18
6,Starved,2026-03-19 06:34:08,2026-03-19 06:34:20
9,Down,2026-03-19 06:24:01,2026-03-19 06:34:52
8,Blocked,2026-03-19 06:24:36,2026-03-19 06:34:52
7,Blocked,2026-03-19 06:26:33,2026-03-19 06:34:52
6,Running,2026-03-19 06:34:20,2026-03-19 06:35:18
6,Starved,2026-03-19 06:35:18,2026-03-19 06:35:25
10,Starved,2026-03-19 06:25:30,2026-03-19 06:35:41
11,Starved,2026-03-19 06:26:50,2026-03-19 06:36:43
2,Running,2026-03-19 06:33:25,2026-03-19 06:37:22
5,Running,2026-03-19 06:33:25,2026-03-19 06:37:23
3,Running,2026-03-19 06:34:18,2026-03-19 06:37:27
11,Running,2026-03-19 06:36:43,2026-03-19 06:37:34
12,Starved,2026-03-19 06:28:13,2026-03-19 06:37:34
5,Starved,2026-03-19 06:37:23,2026-03-19 06:37:36
3,Blocked,2026-03-19 06:37:27,2026-03-19 06:37:36
2,Blocked,2026-03-19 06:37:22,2026-03-19 06:37:36
8,Running,2026-03-19 06:34:52,2026-03-19 06:37:46
11,Starved,2026-03-19 06:37:34,2026-03-19 06:37:50
7,Running,2026-03-19 06:34:52,2026-03-19 06:37:55
6,Running,2026-03-19 06:35:25,2026-03-19 06:38:25
12,Running,2026-03-19 06:37:34,2026-03-19 06:38:36
6,Starved,2026-03-19 06:38:25,2026-03-19 06:38:39
2,Running,2026-03-19 06:37:36,2026-03-19 06:38:44
2,Blocked,2026-03-19 06:38:44,2026-03-19 06:38:46
12,Starved,2026-03-19 06:38:36,2026-03-19 06:38:55
6,Running,2026-03-19 06:38:39,2026-03-19 06:39:31
6,Starved,2026-03-19 06:39:31,2026-03-19 06:39:40
11,Running,2026-03-19 06:37:50,2026-03-19 06:39:54
11,Starved,2026-03-19 06:39:54,2026-03-19 06:39:59
2,Down,2026-03-19 06:38:46,2026-03-19 06:40:13
6,Running,2026-03-19 06:39:40,2026-03-19 06:40:43
6,Starved,2026-03-19 06:40:43,2026-03-19 06:40:51
11,Running,2026-03-19 06:39:59,2026-03-19 06:40:57
11,Starved,2026-03-19 06:40:57,2026-03-19 06:41:13
6,Running,2026-03-19 06:40:51,2026-03-19 06:41:59
12,Running,2026-03-19 06:38:55,2026-03-19 06:42:04
11,Running,2026-03-19 06:41:13,2026-03-19 06:42:10
12,Starved,2026-03-19 06:42:04,2026-03-19 06:42:10
11,Starved,2026-03-19 06:42:10,2026-03-19 06:42:13
8,Down,2026-03-19 06:37:46,2026-03-19 06:42:36
7,Blocked,2026-03-19 06:37:55,2026-03-19 06:42:36
6,Blocked,2026-03-19 06:41:59,2026-03-19 06:42:36
11,Running,2026-03-19 06:42:13,2026-03-19 06:43:11
10,Running,2026-03-19 06:35:41,2026-03-19 06:43:14
11,Starved,2026-03-19 06:43:11,2026-03-19 06:43:14
9,Running,2026-03-19 06:34:52,2026-03-19 06:43:16
10,Starved,2026-03-19 06:43:14,2026-03-19 06:43:16
9,Starved,2026-03-19 06:43:16,2026-03-19 06:43:32
5,Running,2026-03-19 06:37:36,2026-03-19 06:43:40
5,Starved,2026-03-19 06:43:40,2026-03-19 06:43:47
12,Running,2026-03-19 06:42:10,2026-03-19 06:44:07
11,Running,2026-03-19 06:43:14,2026-03-19 06:44:08
12,Starved,2026-03-19 06:44:07,2026-03-19 06:44:08
10,Running,2026-03-19 06:43:16,2026-03-19 06:44:13
11,Starved,2026-03-19 06:44:08,2026-03-19 06:44:13
10,Starved,2026-03-19 06:44:13,2026-03-19 06:44:41
5,Running,2026-03-19 06:43:47,2026-03-19 06:44:58
5,Starved,2026-03-19 06:44:58,2026-03-19 06:45:08
12,Running,2026-03-19 06:44:08,2026-03-19 06:45:15
11,Running,2026-03-19 06:44:13,2026-03-19 06:45:17
12,Starved,2026-03-19 06:45:15,2026-03-19 06:45:17
6,Running,2026-03-19 06:42:36,2026-03-19 06:45:42
7,Running,2026-03-19 06:42:36,2026-03-19 06:45:45
10,Running,2026-03-19 06:44:41,2026-03-19 06:45:50
11,Starved,2026-03-19 06:45:17,2026-03-19 06:45:50
10,Starved,2026-03-19 06:45:50,2026-03-19 06:46:06
3,Running,2026-03-19 06:37:36,2026-03-19 06:46:09
5,Running,2026-03-19 06:45:08,2026-03-19 06:46:09
12,Running,2026-03-19 06:45:17,2026-03-19 06:46:21
5,Starved,2026-03-19 06:46:09,2026-03-19 06:46:29
3,Blocked,2026-03-19 06:46:09,2026-03-19 06:46:29
11,Running,2026-03-19 06:45:50,2026-03-19 06:46:45
12,Starved,2026-03-19 06:46:21,2026-03-19 06:46:45
10,Running,2026-03-19 06:46:06,2026-03-19 06:47:00
11,Starved,2026-03-19 06:46:45,2026-03-19 06:47:00
10,Starved,2026-03-19 06:47:00,2026-03-19 06:47:05
12,Running,2026-03-19 06:46:45,2026-03-19 06:47:39
7,Down,2026-03-19 06:45:45,2026-03-19 06:47:49
6,Blocked,2026-03-19 06:45:42,2026-03-19 06:47:49
11,Running,2026-03-19 06:47:00,2026-03-19 06:48:01
12,Starved,2026-03-19 06:47:39,2026-03-19 06:48:01
11,Starved,2026-03-19 06:48:01,2026-03-19 06:48:01
6,Running,2026-03-19 06:47:49,2026-03-19 06:48:45
11,Running,2026-03-19 06:48:01,2026-03-19 06:48:53
6,Blocked,2026-03-19 06:48:45,2026-03-19 06:48:56
11,Starved,2026-03-19 06:48:53,2026-03-19 06:49:04
3,Running,2026-03-19 06:46:29,2026-03-19 06:49:24
5,Running,2026-03-19 06:46:29,2026-03-19 06:49:36
5,Starved,2026-03-19 06:49:36,2026-03-19 06:49:50
3,Blocked,2026-03-19 06:49:24,2026-03-19 06:49:50
11,Running,2026-03-19 06:49:04,2026-03-19 06:49:52
6,Running,2026-03-19 06:48:56,2026-03-19 06:49:53
6,Blocked,2026-03-19 06:49:53,2026-03-19 06:49:59
10,Running,2026-03-19 06:47:05,2026-03-19 06:49:59
11,Starved,2026-03-19 06:49:52,2026-03-19 06:49:59
10,Starved,2026-03-19 06:49:59,2026-03-19 06:50:07
5,Running,2026-03-19 06:49:50,2026-03-19 06:50:42
3,Running,2026-03-19 06:49:50,2026-03-19 06:50:49
6,Running,2026-03-19 06:49:59,2026-03-19 06:51:00
12,Running,2026-03-19 06:48:01,2026-03-19 06:51:00
5,Starved,2026-03-19 06:50:42,2026-03-19 06:51:01
3,Blocked,2026-03-19 06:50:49,2026-03-19 06:51:01
6,Blocked,2026-03-19 06:51:00,2026-03-19 06:51:02
11,Running,2026-03-19 06:49:59,2026-03-19 06:51:04
12,Starved,2026-03-19 06:51:00,2026-03-19 06:51:04
10,Running,2026-03-19 06:50:07,2026-03-19 06:51:09
11,Starved,2026-03-19 06:51:04,2026-03-19 06:51:09
10,Starved,2026-03-19 06:51:09,2026-03-19 06:51:16
2,Running,2026-03-19 06:40:13,2026-03-19 06:51:28
5,Running,2026-03-19 06:51:01,2026-03-19 06:51:51
3,Running,2026-03-19 06:51:01,2026-03-19 06:51:57
12,Running,2026-03-19 06:51:04,2026-03-19 06:52:02
5,Starved,2026-03-19 06:51:51,2026-03-19 06:52:02
3,Blocked,2026-03-19 06:51:57,2026-03-19 06:52:02
6,Running,2026-03-19 06:51:02,2026-03-19 06:52:02
11,Running,2026-03-19 06:51:09,2026-03-19 06:52:10
12,Starved,2026-03-19 06:52:02,2026-03-19 06:52:10
11,Starved,2026-03-19 06:52:10,2026-03-19 06:52:20
6,Blocked,2026-03-19 06:52:02,2026-03-19 06:52:27
1,Running,2026-03-19 06:18:54,2026-03-19 06:52:28
3,Running,2026-03-19 06:52:02,2026-03-19 06:52:58
3,Blocked,2026-03-19 06:52:58,2026-03-19 06:53:00
12,Running,2026-03-19 06:52:10,2026-03-19 06:53:10
11,Running,2026-03-19 06:52:20,2026-03-19 06:53:15
12,Starved,2026-03-19 06:53:10,2026-03-19 06:53:15
10,Running,2026-03-19 06:51:16,2026-03-19 06:53:17
11,Starved,2026-03-19 06:53:15,2026-03-19 06:53:17
10,Starved,2026-03-19 06:53:17,2026-03-19 06:53:20
6,Running,2026-03-19 06:52:27,2026-03-19 06:53:28
6,Blocked,2026-03-19 06:53:28,2026-03-19 06:53:33
3,Running,2026-03-19 06:53:00,2026-03-19 06:54:02
5,Running,2026-03-19 06:52:02,2026-03-19 06:54:04
5,Starved,2026-03-19 06:54:04,2026-03-19 06:54:06
3,Blocked,2026-03-19 06:54:02,2026-03-19 06:54:06
12,Running,2026-03-19 06:53:15,2026-03-19 06:54:09
11,Running,2026-03-19 06:53:17,2026-03-19 06:54:13
12,Starved,2026-03-19 06:54:09,2026-03-19 06:54:13
10,Running,2026-03-19 06:53:20,2026-03-19 06:54:20
11,Starved,2026-03-19 06:54:13,2026-03-19 06:54:20
10,Starved,2026-03-19 06:54:20,2026-03-19 06:54:25
6,Running,2026-03-19 06:53:33,2026-03-19 06:54:31
6,Blocked,2026-03-19 06:54:31,2026-03-19 06:54:46
3,Running,2026-03-19 06:54:06,2026-03-19 06:54:59
5,Running,2026-03-19 06:54:06,2026-03-19 06:55:01
12,Running,2026-03-19 06:54:13,2026-03-19 06:55:04
5,Starved,2026-03-19 06:55:01,2026-03-19 06:55:16
3,Blocked,2026-03-19 06:54:59,2026-03-19 06:55:16
11,Running,2026-03-19 06:54:20,2026-03-19 06:55:21
12,Starved,2026-03-19 06:55:04,2026-03-19 06:55:21
11,Starved,2026-03-19 06:55:21,2026-03-19 06:55:27
6,Running,2026-03-19 06:54:46,2026-03-19 06:55:42
6,Blocked,2026-03-19 06:55:42,2026-03-19 06:55:57
5,Running,2026-03-19 06:55:16,2026-03-19 06:56:09
5,Starved,2026-03-19 06:56:09,2026-03-19 06:56:13
12,Running,2026-03-19 06:55:21,2026-03-19 06:56:16
10,Running,2026-03-19 06:54:25,2026-03-19 06:56:26
10,Starved,2026-03-19 06:56:26,2026-03-19 06:56:33
12,Starved,2026-03-19 06:56:16,2026-03-19 06:56:40
6,Running,2026-03-19 06:55:57,2026-03-19 06:56:56
6,Blocked,2026-03-19 06:56:56,2026-03-19 06:56:59
5,Running,2026-03-19 06:56:13,2026-03-19 06:57:15
3,Running,2026-03-19 06:55:16,2026-03-19 06:57:19
12,Running,2026-03-19 06:56:40,2026-03-19 06:57:28
12,Starved,2026-03-19 06:57:28,2026-03-19 06:57:40
5,Starved,2026-03-19 06:57:15,2026-03-19 06:57:41
3,Blocked,2026-03-19 06:57:19,2026-03-19 06:57:41
6,Running,2026-03-19 06:56:59,2026-03-19 06:57:53
6,Blocked,2026-03-19 06:57:53,2026-03-19 06:58:03
10,Running,2026-03-19 06:56:33,2026-03-19 06:58:24
12,Running,2026-03-19 06:57:40,2026-03-19 06:58:30
10,Starved,2026-03-19 06:58:24,2026-03-19 06:58:31
5,Running,2026-03-19 06:57:41,2026-03-19 06:58:42
5,Starved,2026-03-19 06:58:42,2026-03-19 06:58:44
12,Starved,2026-03-19 06:58:30,2026-03-19 06:58:45
6,Running,2026-03-19 06:58:03,2026-03-19 06:59:03
6,Blocked,2026-03-19 06:59:03,2026-03-19 06:59:15
10,Running,2026-03-19 06:58:31,2026-03-19 06:59:33
10,Starved,2026-03-19 06:59:33,2026-03-19 06:59:34
3,Running,2026-03-19 06:57:41,2026-03-19 06:59:56
5,Running,2026-03-19 06:58:44,2026-03-19 06:59:56
5,Starved,2026-03-19 06:59:56,2026-03-19 06:59:58
3,Blocked,2026-03-19 06:59:56,2026-03-19 06:59:58
11,Running,2026-03-19 06:55:27,2026-03-19 07:00:38
11,Down,2026-03-19 07:00:38,2026-03-19 07:00:51
5,Running,2026-03-19 06:59:58,2026-03-19 07:00:52
5,Starved,2026-03-19 07:00:52,2026-03-19 07:01:11
2,Down,2026-03-19 06:51:28,2026-03-19 07:01:31
1,Blocked,2026-03-19 06:52:28,2026-03-19 07:01:31
5,Running,2026-03-19 07:01:11,2026-03-19 07:02:07
5,Starved,2026-03-19 07:02:07,2026-03-19 07:02:11
6,Running,2026-03-19 06:59:15,2026-03-19 07:02:14
6,Blocked,2026-03-19 07:02:14,2026-03-19 07:02:18
1,Running,2026-03-19 07:01:31,2026-03-19 07:02:25
3,Starved,2026-03-19 06:59:58,2026-03-19 07:02:35
1,Blocked,2026-03-19 07:02:25,2026-03-19 07:02:35
12,Running,2026-03-19 06:58:45,2026-03-19 07:03:42
11,Running,2026-03-19 07:00:51,2026-03-19 07:03:51
12,Starved,2026-03-19 07:03:42,2026-03-19 07:03:51
11,Starved,2026-03-19 07:03:51,2026-03-19 07:03:51
5,Running,2026-03-19 07:02:11,2026-03-19 07:04:17
5,Starved,2026-03-19 07:04:17,2026-03-19 07:04:35
11,Running,2026-03-19 07:03:51,2026-03-19 07:05:45
11,Starved,2026-03-19 07:05:45,2026-03-19 07:05:49
1,Running,2026-03-19 07:02:35,2026-03-19 07:06:22
1,Blocked,2026-03-19 07:06:22,2026-03-19 07:06:31
11,Running,2026-03-19 07:05:49,2026-03-19 07:06:47
11,Starved,2026-03-19 07:06:47,2026-03-19 07:06:56
12,Running,2026-03-19 07:03:51,2026-03-19 07:08:55
12,Starved,2026-03-19 07:08:55,2026-03-19 07:09:04
4,Running,2026-03-19 06:30:54,2026-03-19 07:10:27
12,Running,2026-03-19 07:09:04,2026-03-19 07:10:56
12,Starved,2026-03-19 07:10:56,2026-03-19 07:10:58
5,Running,2026-03-19 07:04:35,2026-03-19 07:11:34
12,Running,2026-03-19 07:10:58,2026-03-19 07:11:56
12,Starved,2026-03-19 07:11:56,2026-03-19 07:11:57
12,Running,2026-03-19 07:11:57,2026-03-19 07:13:00
12,Starved,2026-03-19 07:13:00,2026-03-19 07:13:04
3,Running,2026-03-19 07:02:35,2026-03-19 07:13:05
12,Running,2026-03-19 07:13:04,2026-03-19 07:13:57
12,Starved,2026-03-19 07:13:57,2026-03-19 07:14:08
6,Running,2026-03-19 07:02:18,2026-03-19 07:14:47
8,Running,2026-03-19 06:42:36,2026-03-19 07:14:47
8,Starved,2026-03-19 07:14:47,2026-03-19 07:14:50
6,Blocked,2026-03-19 07:14:47,2026-03-19 07:14:50
12,Running,2026-03-19 07:14:08,2026-03-19 07:15:22
8,Running,2026-03-19 07:14:50,2026-03-19 07:15:44
8,Starved,2026-03-19 07:15:44,2026-03-19 07:16:10
9,Running,2026-03-19 06:43:32,2026-03-19 07:16:41
8,Running,2026-03-19 07:16:10,2026-03-19 07:17:05
9,Starved,2026-03-19 07:16:41,2026-03-19 07:17:05
8,Starved,2026-03-19 07:17:05,2026-03-19 07:17:08
11,Running,2026-03-19 07:06:56,2026-03-19 07:17:22
8,Running,2026-03-19 07:17:08,2026-03-19 07:18:12
4,Down,2026-03-19 07:10:27,2026-03-19 07:18:19
3,Blocked,2026-03-19 07:13:05,2026-03-19 07:18:19
8,Starved,2026-03-19 07:18:12,2026-03-19 07:18:37
5,Starved,2026-03-19 07:11:34,2026-03-19 07:19:17
9,Running,2026-03-19 07:17:05,2026-03-19 07:19:30
8,Running,2026-03-19 07:18:37,2026-03-19 07:19:43
9,Starved,2026-03-19 07:19:30,2026-03-19 07:19:43
8,Starved,2026-03-19 07:19:43,2026-03-19 07:19:51
6,Starved,2026-03-19 07:14:50,2026-03-19 07:20:19
12,Down,2026-03-19 07:15:22,2026-03-19 07:20:42
11,Blocked,2026-03-19 07:17:22,2026-03-19 07:20:42
8,Running,2026-03-19 07:19:51,2026-03-19 07:20:52
10,Running,2026-03-19 06:59:34,2026-03-19 07:20:52
8,Starved,2026-03-19 07:20:52,2026-03-19 07:21:06
10,Starved,2026-03-19 07:20:52,2026-03-19 07:21:07
5,Running,2026-03-19 07:19:17,2026-03-19 07:21:10
5,Starved,2026-03-19 07:21:10,2026-03-19 07:21:18
10,Running,2026-03-19 07:21:07,2026-03-19 07:22:07
5,Running,2026-03-19 07:21:18,2026-03-19 07:22:09
10,Starved,2026-03-19 07:22:07,2026-03-19 07:22:20
3,Running,2026-03-19 07:18:19,2026-03-19 07:22:24
5,Starved,2026-03-19 07:22:09,2026-03-19 07:22:24
3,Blocked,2026-03-19 07:22:24,2026-03-19 07:22:24
8,Running,2026-03-19 07:21:06,2026-03-19 07:23:08
6,Running,2026-03-19 07:20:19,2026-03-19 07:23:16
8,Starved,2026-03-19 07:23:08,2026-03-19 07:23:30
5,Running,2026-03-19 07:22:24,2026-03-19 07:23:30
6,Starved,2026-03-19 07:23:16,2026-03-19 07:23:30
3,Running,2026-03-19 07:22:24,2026-03-19 07:23:33
5,Starved,2026-03-19 07:23:30,2026-03-19 07:23:33
3,Blocked,2026-03-19 07:23:33,2026-03-19 07:23:33
12,Running,2026-03-19 07:20:42,2026-03-19 07:23:39
9,Running,2026-03-19 07:19:43,2026-03-19 07:24:24
6,Running,2026-03-19 07:23:30,2026-03-19 07:24:27
3,Running,2026-03-19 07:23:33,2026-03-19 07:24:33
9,Starved,2026-03-19 07:24:24,2026-03-19 07:24:35
5,Running,2026-03-19 07:23:33,2026-03-19 07:24:39
6,Starved,2026-03-19 07:24:27,2026-03-19 07:24:39
5,Starved,2026-03-19 07:24:39,2026-03-19 07:24:53
3,Blocked,2026-03-19 07:24:33,2026-03-19 07:24:53
10,Running,2026-03-19 07:22:20,2026-03-19 07:25:26
11,Down,2026-03-19 07:20:42,2026-03-19 07:25:31
6,Running,2026-03-19 07:24:39,2026-03-19 07:25:32
8,Running,2026-03-19 07:23:30,2026-03-19 07:25:34
8,Starved,2026-03-19 07:25:34,2026-03-19 07:25:48
5,Running,2026-03-19 07:24:53,2026-03-19 07:25:49
6,Starved,2026-03-19 07:25:32,2026-03-19 07:25:49
3,Running,2026-03-19 07:24:53,2026-03-19 07:25:52
10,Starved,2026-03-19 07:25:26,2026-03-19 07:25:55
5,Starved,2026-03-19 07:25:49,2026-03-19 07:26:07
3,Blocked,2026-03-19 07:25:52,2026-03-19 07:26:07
12,Starved,2026-03-19 07:23:39,2026-03-19 07:26:33
6,Running,2026-03-19 07:25:49,2026-03-19 07:26:46
10,Running,2026-03-19 07:25:55,2026-03-19 07:26:52
10,Starved,2026-03-19 07:26:52,2026-03-19 07:26:56
5,Running,2026-03-19 07:26:07,2026-03-19 07:27:04
6,Starved,2026-03-19 07:26:46,2026-03-19 07:27:04
3,Running,2026-03-19 07:26:07,2026-03-19 07:27:13
5,Starved,2026-03-19 07:27:04,2026-03-19 07:27:15
3,Blocked,2026-03-19 07:27:13,2026-03-19 07:27:15
8,Running,2026-03-19 07:25:48,2026-03-19 07:27:55
10,Running,2026-03-19 07:26:56,2026-03-19 07:27:56
8,Starved,2026-03-19 07:27:55,2026-03-19 07:28:04
5,Running,2026-03-19 07:27:15,2026-03-19 07:28:05
10,Starved,2026-03-19 07:27:56,2026-03-19 07:28:07
3,Running,2026-03-19 07:27:15,2026-03-19 07:28:11
3,Blocked,2026-03-19 07:28:11,2026-03-19 07:28:21
8,Running,2026-03-19 07:28:04,2026-03-19 07:29:02
6,Running,2026-03-19 07:27:04,2026-03-19 07:29:12
3,Running,2026-03-19 07:28:21,2026-03-19 07:29:12
8,Starved,2026-03-19 07:29:02,2026-03-19 07:29:17
3,Blocked,2026-03-19 07:29:12,2026-03-19 07:29:22
9,Running,2026-03-19 07:24:35,2026-03-19 07:30:19
9,Starved,2026-03-19 07:30:19,2026-03-19 07:30:29
12,Running,2026-03-19 07:26:33,2026-03-19 07:30:36
1,Running,2026-03-19 07:06:31,2026-03-19 07:31:00
1,Blocked,2026-03-19 07:31:00,2026-03-19 07:31:06
10,Running,2026-03-19 07:28:07,2026-03-19 07:31:26
10,Starved,2026-03-19 07:31:26,2026-03-19 07:31:28
11,Running,2026-03-19 07:25:31,2026-03-19 07:32:32
3,Running,2026-03-19 07:29:22,2026-03-19 07:33:20
5,Down,2026-03-19 07:28:05,2026-03-19 07:33:43
2,Running,2026-03-19 07:01:31,2026-03-19 07:34:04
1,Running,2026-03-19 07:31:06,2026-03-19 07:34:19
6,Starved,2026-03-19 07:29:12,2026-03-19 07:34:45
10,Running,2026-03-19 07:31:28,2026-03-19 07:35:30
3,Down,2026-03-19 07:33:20,2026-03-19 07:35:37
2,Blocked,2026-03-19 07:34:04,2026-03-19 07:35:37
1,Blocked,2026-03-19 07:34:19,2026-03-19 07:35:37
1,Running,2026-03-19 07:35:37,2026-03-19 07:36:25
9,Running,2026-03-19 07:30:29,2026-03-19 07:36:25
2,Running,2026-03-19 07:35:37,2026-03-19 07:36:27
9,Starved,2026-03-19 07:36:25,2026-03-19 07:36:27
2,Blocked,2026-03-19 07:36:27,2026-03-19 07:36:39
1,Blocked,2026-03-19 07:36:25,2026-03-19 07:36:39
9,Running,2026-03-19 07:36:27,2026-03-19 07:37:24
9,Starved,2026-03-19 07:37:24,2026-03-19 07:37:24
2,Running,2026-03-19 07:36:39,2026-03-19 07:37:35
1,Running,2026-03-19 07:36:39,2026-03-19 07:37:37
2,Blocked,2026-03-19 07:37:35,2026-03-19 07:37:39
1,Blocked,2026-03-19 07:37:37,2026-03-19 07:37:39
9,Running,2026-03-19 07:37:24,2026-03-19 07:38:31
2,Running,2026-03-19 07:37:39,2026-03-19 07:38:39
1,Running,2026-03-19 07:37:39,2026-03-19 07:38:41
2,Blocked,2026-03-19 07:38:39,2026-03-19 07:38:42
1,Blocked,2026-03-19 07:38:41,2026-03-19 07:38:42
8,Running,2026-03-19 07:29:17,2026-03-19 07:39:10
8,Starved,2026-03-19 07:39:10,2026-03-19 07:39:33
2,Running,2026-03-19 07:38:42,2026-03-19 07:39:38
2,Blocked,2026-03-19 07:39:38,2026-03-19 07:39:43
10,Down,2026-03-19 07:35:30,2026-03-19 07:40:07
9,Blocked,2026-03-19 07:38:31,2026-03-19 07:40:07
8,Running,2026-03-19 07:39:33,2026-03-19 07:40:36
1,Running,2026-03-19 07:38:42,2026-03-19 07:40:36
8,Starved,2026-03-19 07:40:36,2026-03-19 07:40:41
1,Blocked,2026-03-19 07:40:36,2026-03-19 07:40:48
9,Running,2026-03-19 07:40:07,2026-03-19 07:41:04
9,Blocked,2026-03-19 07:41:04,2026-03-19 07:41:05
2,Running,2026-03-19 07:39:43,2026-03-19 07:41:42
8,Running,2026-03-19 07:40:41,2026-03-19 07:41:46
8,Starved,2026-03-19 07:41:46,2026-03-19 07:41:47
2,Blocked,2026-03-19 07:41:42,2026-03-19 07:41:47
9,Running,2026-03-19 07:41:05,2026-03-19 07:42:00
9,Blocked,2026-03-19 07:42:00,2026-03-19 07:42:15
1,Down,2026-03-19 07:40:48,2026-03-19 07:42:19
9,Running,2026-03-19 07:42:15,2026-03-19 07:43:14
10,Running,2026-03-19 07:40:07,2026-03-19 07:43:18
8,Running,2026-03-19 07:41:47,2026-03-19 07:43:46
8,Starved,2026-03-19 07:43:46,2026-03-19 07:43:59
2,Running,2026-03-19 07:41:47,2026-03-19 07:44:36
2,Blocked,2026-03-19 07:44:36,2026-03-19 07:44:45
8,Running,2026-03-19 07:43:59,2026-03-19 07:44:58
8,Starved,2026-03-19 07:44:58,2026-03-19 07:45:01
8,Running,2026-03-19 07:45:01,2026-03-19 07:46:07
12,Down,2026-03-19 07:30:36,2026-03-19 07:49:16
11,Blocked,2026-03-19 07:32:32,2026-03-19 07:49:16
10,Blocked,2026-03-19 07:43:18,2026-03-19 07:49:16
9,Blocked,2026-03-19 07:43:14,2026-03-19 07:49:16
8,Blocked,2026-03-19 07:46:07,2026-03-19 07:49:16
8,Running,2026-03-19 07:49:16,2026-03-19 07:50:11
11,Running,2026-03-19 07:49:16,2026-03-19 07:50:16
11,Blocked,2026-03-19 07:50:16,2026-03-19 07:50:17
9,Running,2026-03-19 07:49:16,2026-03-19 07:50:22
9,Blocked,2026-03-19 07:50:22,2026-03-19 07:50:22
8,Blocked,2026-03-19 07:50:11,2026-03-19 07:50:22
11,Running,2026-03-19 07:50:17,2026-03-19 07:51:15
8,Running,2026-03-19 07:50:22,2026-03-19 07:51:21
9,Running,2026-03-19 07:50:22,2026-03-19 07:51:23
11,Blocked,2026-03-19 07:51:15,2026-03-19 07:51:24
9,Blocked,2026-03-19 07:51:23,2026-03-19 07:51:32
8,Blocked,2026-03-19 07:51:21,2026-03-19 07:51:32
11,Running,2026-03-19 07:51:24,2026-03-19 07:52:25
11,Blocked,2026-03-19 07:52:25,2026-03-19 07:52:26
9,Running,2026-03-19 07:51:32,2026-03-19 07:52:27
8,Running,2026-03-19 07:51:32,2026-03-19 07:52:32
9,Blocked,2026-03-19 07:52:27,2026-03-19 07:52:33
8,Blocked,2026-03-19 07:52:32,2026-03-19 07:52:33
8,Running,2026-03-19 07:52:33,2026-03-19 07:53:29
8,Blocked,2026-03-19 07:53:29,2026-03-19 07:53:37
8,Running,2026-03-19 07:53:37,2026-03-19 07:54:33
9,Running,2026-03-19 07:52:33,2026-03-19 07:54:44
9,Blocked,2026-03-19 07:54:44,2026-03-19 07:54:45
8,Blocked,2026-03-19 07:54:33,2026-03-19 07:54:45
3,Running,2026-03-19 07:35:37,2026-03-19 07:55:17
2,Running,2026-03-19 07:44:45,2026-03-19 07:55:24
3,Blocked,2026-03-19 07:55:17,2026-03-19 07:55:29
2,Blocked,2026-03-19 07:55:24,2026-03-19 07:55:29
8,Running,2026-03-19 07:54:45,2026-03-19 07:55:41
8,Blocked,2026-03-19 07:55:41,2026-03-19 07:55:52
3,Running,2026-03-19 07:55:29,2026-03-19 07:56:18
11,Running,2026-03-19 07:52:26,2026-03-19 07:56:22
11,Blocked,2026-03-19 07:56:22,2026-03-19 07:56:26
3,Blocked,2026-03-19 07:56:18,2026-03-19 07:56:27
8,Running,2026-03-19 07:55:52,2026-03-19 07:56:48
8,Blocked,2026-03-19 07:56:48,2026-03-19 07:56:56
3,Running,2026-03-19 07:56:27,2026-03-19 07:57:28
3,Blocked,2026-03-19 07:57:28,2026-03-19 07:57:30
3,Running,2026-03-19 07:57:30,2026-03-19 07:58:32
2,Running,2026-03-19 07:55:29,2026-03-19 07:58:34
6,Running,2026-03-19 07:34:45,2026-03-19 07:58:41
6,Starved,2026-03-19 07:58:41,2026-03-19 07:58:44
3,Blocked,2026-03-19 07:58:32,2026-03-19 07:59:00
2,Blocked,2026-03-19 07:58:34,2026-03-19 07:59:00
6,Running,2026-03-19 07:58:44,2026-03-19 07:59:40
6,Starved,2026-03-19 07:59:40,2026-03-19 07:59:48
3,Running,2026-03-19 07:59:00,2026-03-19 07:59:59
2,Running,2026-03-19 07:59:00,2026-03-19 08:00:04
3,Blocked,2026-03-19 07:59:59,2026-03-19 08:00:07
2,Blocked,2026-03-19 08:00:04,2026-03-19 08:00:07
3,Running,2026-03-19 08:00:07,2026-03-19 08:01:02
2,Running,2026-03-19 08:00:07,2026-03-19 08:01:05
3,Blocked,2026-03-19 08:01:02,2026-03-19 08:01:37
2,Blocked,2026-03-19 08:01:05,2026-03-19 08:01:37
8,Running,2026-03-19 07:56:56,2026-03-19 08:02:00
8,Blocked,2026-03-19 08:02:00,2026-03-19 08:02:21
2,Running,2026-03-19 08:01:37,2026-03-19 08:02:36
3,Running,2026-03-19 08:01:37,2026-03-19 08:02:38
3,Blocked,2026-03-19 08:02:38,2026-03-19 08:02:43
2,Blocked,2026-03-19 08:02:36,2026-03-19 08:02:43
8,Running,2026-03-19 08:02:21,2026-03-19 08:03:23
10,Running,2026-03-19 07:49:16,2026-03-19 08:03:30
10,Blocked,2026-03-19 08:03:30,2026-03-19 08:03:38
8,Blocked,2026-03-19 08:03:23,2026-03-19 08:03:38
2,Running,2026-03-19 08:02:43,2026-03-19 08:04:38
3,Running,2026-03-19 08:02:43,2026-03-19 08:04:41
3,Blocked,2026-03-19 08:04:41,2026-03-19 08:04:41
2,Blocked,2026-03-19 08:04:38,2026-03-19 08:04:41
8,Running,2026-03-19 08:03:38,2026-03-19 08:04:47
8,Blocked,2026-03-19 08:04:47,2026-03-19 08:04:47
8,Running,2026-03-19 08:04:47,2026-03-19 08:05:39
3,Running,2026-03-19 08:04:41,2026-03-19 08:05:40
8,Blocked,2026-03-19 08:05:39,2026-03-19 08:05:43
2,Running,2026-03-19 08:04:41,2026-03-19 08:05:44
3,Blocked,2026-03-19 08:05:40,2026-03-19 08:05:47
2,Blocked,2026-03-19 08:05:44,2026-03-19 08:05:47
2,Running,2026-03-19 08:05:47,2026-03-19 08:06:51
3,Running,2026-03-19 08:05:47,2026-03-19 08:06:51
3,Blocked,2026-03-19 08:06:51,2026-03-19 08:07:06
2,Blocked,2026-03-19 08:06:51,2026-03-19 08:07:06
3,Running,2026-03-19 08:07:06,2026-03-19 08:08:03
3,Blocked,2026-03-19 08:08:03,2026-03-19 08:08:08
8,Running,2026-03-19 08:05:43,2026-03-19 08:09:01
3,Running,2026-03-19 08:08:08,2026-03-19 08:09:05
3,Blocked,2026-03-19 08:09:05,2026-03-19 08:09:11
8,Blocked,2026-03-19 08:09:01,2026-03-19 08:09:24
3,Running,2026-03-19 08:09:11,2026-03-19 08:10:19
2,Running,2026-03-19 08:07:06,2026-03-19 08:10:21
8,Running,2026-03-19 08:09:24,2026-03-19 08:10:25
8,Blocked,2026-03-19 08:10:25,2026-03-19 08:10:29
3,Blocked,2026-03-19 08:10:19,2026-03-19 08:10:34
2,Blocked,2026-03-19 08:10:21,2026-03-19 08:10:34
3,Running,2026-03-19 08:10:34,2026-03-19 08:11:27
8,Running,2026-03-19 08:10:29,2026-03-19 08:11:33
2,Running,2026-03-19 08:10:34,2026-03-19 08:11:39
1,Running,2026-03-19 07:42:19,2026-03-19 08:11:44
8,Blocked,2026-03-19 08:11:33,2026-03-19 08:11:49
3,Blocked,2026-03-19 08:11:27,2026-03-19 08:11:52
2,Blocked,2026-03-19 08:11:39,2026-03-19 08:11:52
1,Blocked,2026-03-19 08:11:44,2026-03-19 08:11:52
8,Running,2026-03-19 08:11:49,2026-03-19 08:12:41
8,Blocked,2026-03-19 08:12:41,2026-03-19 08:12:49
2,Running,2026-03-19 08:11:52,2026-03-19 08:12:54
1,Running,2026-03-19 08:11:52,2026-03-19 08:12:54
3,Running,2026-03-19 08:11:52,2026-03-19 08:12:55
10,Running,2026-03-19 08:03:38,2026-03-19 08:13:00
10,Blocked,2026-03-19 08:13:00,2026-03-19 08:13:06
3,Blocked,2026-03-19 08:12:55,2026-03-19 08:13:18
2,Blocked,2026-03-19 08:12:54,2026-03-19 08:13:18
1,Blocked,2026-03-19 08:12:54,2026-03-19 08:13:18
6,Running,2026-03-19 07:59:48,2026-03-19 08:13:22
6,Starved,2026-03-19 08:13:22,2026-03-19 08:13:23
8,Running,2026-03-19 08:12:49,2026-03-19 08:13:47
8,Blocked,2026-03-19 08:13:47,2026-03-19 08:13:55
1,Running,2026-03-19 08:13:18,2026-03-19 08:14:16
6,Running,2026-03-19 08:13:23,2026-03-19 08:14:17
5,Running,2026-03-19 07:33:43,2026-03-19 08:14:18
6,Starved,2026-03-19 08:14:17,2026-03-19 08:14:18
2,Running,2026-03-19 08:13:18,2026-03-19 08:14:20
3,Running,2026-03-19 08:13:18,2026-03-19 08:14:20
5,Starved,2026-03-19 08:14:18,2026-03-19 08:14:20
3,Blocked,2026-03-19 08:14:20,2026-03-19 08:14:20
2,Blocked,2026-03-19 08:14:20,2026-03-19 08:14:20
1,Blocked,2026-03-19 08:14:16,2026-03-19 08:14:20
8,Running,2026-03-19 08:13:55,2026-03-19 08:14:52
8,Blocked,2026-03-19 08:14:52,2026-03-19 08:15:04
1,Running,2026-03-19 08:14:20,2026-03-19 08:15:18
2,Running,2026-03-19 08:14:20,2026-03-19 08:15:21
2,Blocked,2026-03-19 08:15:21,2026-03-19 08:15:22
1,Blocked,2026-03-19 08:15:18,2026-03-19 08:15:22
8,Running,2026-03-19 08:15:04,2026-03-19 08:16:00
11,Running,2026-03-19 07:56:26,2026-03-19 08:16:03
10,Running,2026-03-19 08:13:06,2026-03-19 08:16:07
8,Blocked,2026-03-19 08:16:00,2026-03-19 08:16:08
1,Running,2026-03-19 08:15:22,2026-03-19 08:16:20
1,Blocked,2026-03-19 08:16:20,2026-03-19 08:16:28
8,Running,2026-03-19 08:16:08,2026-03-19 08:17:10
5,Running,2026-03-19 08:14:20,2026-03-19 08:17:17
3,Running,2026-03-19 08:14:20,2026-03-19 08:17:20
5,Starved,2026-03-19 08:17:17,2026-03-19 08:17:22
3,Blocked,2026-03-19 08:17:20,2026-03-19 08:17:22
1,Running,2026-03-19 08:16:28,2026-03-19 08:17:27
1,Blocked,2026-03-19 08:17:27,2026-03-19 08:17:28
8,Blocked,2026-03-19 08:17:10,2026-03-19 08:17:35
11,Down,2026-03-19 08:16:03,2026-03-19 08:17:39
10,Blocked,2026-03-19 08:16:07,2026-03-19 08:17:39
12,Running,2026-03-19 07:49:16,2026-03-19 08:17:53
10,Running,2026-03-19 08:17:39,2026-03-19 08:18:27
12,Starved,2026-03-19 08:17:53,2026-03-19 08:18:35
10,Blocked,2026-03-19 08:18:27,2026-03-19 08:18:35
10,Running,2026-03-19 08:18:35,2026-03-19 08:19:27
12,Running,2026-03-19 08:18:35,2026-03-19 08:19:31
12,Starved,2026-03-19 08:19:31,2026-03-19 08:19:38
10,Blocked,2026-03-19 08:19:27,2026-03-19 08:19:38
3,Running,2026-03-19 08:17:22,2026-03-19 08:20:06
3,Blocked,2026-03-19 08:20:06,2026-03-19 08:20:15
8,Running,2026-03-19 08:17:35,2026-03-19 08:20:33
10,Running,2026-03-19 08:19:38,2026-03-19 08:20:34
12,Running,2026-03-19 08:19:38,2026-03-19 08:20:37
8,Blocked,2026-03-19 08:20:33,2026-03-19 08:20:40
12,Starved,2026-03-19 08:20:37,2026-03-19 08:20:43
10,Blocked,2026-03-19 08:20:34,2026-03-19 08:20:43
3,Running,2026-03-19 08:20:15,2026-03-19 08:21:13
3,Blocked,2026-03-19 08:21:13,2026-03-19 08:21:17
10,Running,2026-03-19 08:20:43,2026-03-19 08:21:36
10,Blocked,2026-03-19 08:21:36,2026-03-19 08:21:43
3,Running,2026-03-19 08:21:17,2026-03-19 08:22:10
3,Blocked,2026-03-19 08:22:10,2026-03-19 08:22:14
2,Running,2026-03-19 08:15:22,2026-03-19 08:24:13
2,Blocked,2026-03-19 08:24:13,2026-03-19 08:24:20
8,Running,2026-03-19 08:20:40,2026-03-19 08:24:46
8,Blocked,2026-03-19 08:24:46,2026-03-19 08:24:47
2,Running,2026-03-19 08:24:20,2026-03-19 08:25:18
5,Running,2026-03-19 08:17:22,2026-03-19 08:25:22
3,Running,2026-03-19 08:22:14,2026-03-19 08:25:23
4,Running,2026-03-19 07:18:19,2026-03-19 08:25:37
5,Starved,2026-03-19 08:25:22,2026-03-19 08:25:37
8,Running,2026-03-19 08:24:47,2026-03-19 08:25:45
8,Blocked,2026-03-19 08:25:45,2026-03-19 08:25:54
1,Running,2026-03-19 08:17:28,2026-03-19 08:26:10
5,Running,2026-03-19 08:25:37,2026-03-19 08:26:29
10,Running,2026-03-19 08:21:43,2026-03-19 08:26:32
10,Blocked,2026-03-19 08:26:32,2026-03-19 08:26:39
8,Running,2026-03-19 08:25:54,2026-03-19 08:26:57
8,Blocked,2026-03-19 08:26:57,2026-03-19 08:26:58
4,Down,2026-03-19 08:25:37,2026-03-19 08:27:15
3,Blocked,2026-03-19 08:25:23,2026-03-19 08:27:15
2,Blocked,2026-03-19 08:25:18,2026-03-19 08:27:15
6,Running,2026-03-19 08:14:18,2026-03-19 08:27:48
8,Running,2026-03-19 08:26:58,2026-03-19 08:27:53
8,Blocked,2026-03-19 08:27:53,2026-03-19 08:27:54
3,Running,2026-03-19 08:27:15,2026-03-19 08:28:10
5,Starved,2026-03-19 08:26:29,2026-03-19 08:28:33
3,Blocked,2026-03-19 08:28:10,2026-03-19 08:28:33
3,Running,2026-03-19 08:28:33,2026-03-19 08:29:27
5,Running,2026-03-19 08:28:33,2026-03-19 08:29:34
6,Starved,2026-03-19 08:27:48,2026-03-19 08:29:34
5,Starved,2026-03-19 08:29:34,2026-03-19 08:29:39
3,Blocked,2026-03-19 08:29:27,2026-03-19 08:29:39
8,Running,2026-03-19 08:27:54,2026-03-19 08:29:56
8,Blocked,2026-03-19 08:29:56,2026-03-19 08:30:02
3,Running,2026-03-19 08:29:39,2026-03-19 08:30:38
5,Running,2026-03-19 08:29:39,2026-03-19 08:30:39
5,Starved,2026-03-19 08:30:39,2026-03-19 08:30:51
3,Blocked,2026-03-19 08:30:38,2026-03-19 08:30:51
8,Running,2026-03-19 08:30:02,2026-03-19 08:30:57
8,Blocked,2026-03-19 08:30:57,2026-03-19 08:31:02
2,Down,2026-03-19 08:27:15,2026-03-19 08:31:38
1,Blocked,2026-03-19 08:26:10,2026-03-19 08:31:38
6,Running,2026-03-19 08:29:34,2026-03-19 08:31:44
5,Running,2026-03-19 08:30:51,2026-03-19 08:31:52
6,Starved,2026-03-19 08:31:44,2026-03-19 08:31:52
8,Running,2026-03-19 08:31:02,2026-03-19 08:31:58
8,Blocked,2026-03-19 08:31:58,2026-03-19 08:32:03
3,Running,2026-03-19 08:30:51,2026-03-19 08:32:04
5,Starved,2026-03-19 08:31:52,2026-03-19 08:32:07
3,Blocked,2026-03-19 08:32:04,2026-03-19 08:32:07
6,Running,2026-03-19 08:31:52,2026-03-19 08:32:55
3,Running,2026-03-19 08:32:07,2026-03-19 08:33:08
3,Blocked,2026-03-19 08:33:08,2026-03-19 08:33:17
6,Starved,2026-03-19 08:32:55,2026-03-19 08:33:18
8,Running,2026-03-19 08:32:03,2026-03-19 08:34:00
8,Blocked,2026-03-19 08:34:00,2026-03-19 08:34:01
5,Running,2026-03-19 08:32:07,2026-03-19 08:34:14
5,Starved,2026-03-19 08:34:14,2026-03-19 08:34:18
1,Down,2026-03-19 08:31:38,2026-03-19 08:34:41
8,Running,2026-03-19 08:34:01,2026-03-19 08:35:05
8,Blocked,2026-03-19 08:35:05,2026-03-19 08:35:07
5,Running,2026-03-19 08:34:18,2026-03-19 08:35:12
3,Running,2026-03-19 08:33:17,2026-03-19 08:35:25
5,Starved,2026-03-19 08:35:12,2026-03-19 08:35:26
3,Blocked,2026-03-19 08:35:25,2026-03-19 08:35:26
8,Running,2026-03-19 08:35:07,2026-03-19 08:36:12
3,Running,2026-03-19 08:35:26,2026-03-19 08:36:27
5,Running,2026-03-19 08:35:26,2026-03-19 08:36:27
8,Blocked,2026-03-19 08:36:12,2026-03-19 08:36:35
5,Starved,2026-03-19 08:36:27,2026-03-19 08:36:56
3,Blocked,2026-03-19 08:36:27,2026-03-19 08:36:56
6,Running,2026-03-19 08:33:18,2026-03-19 08:37:33
5,Running,2026-03-19 08:36:56,2026-03-19 08:37:57
6,Starved,2026-03-19 08:37:33,2026-03-19 08:37:57
5,Starved,2026-03-19 08:37:57,2026-03-19 08:38:00
10,Running,2026-03-19 08:26:39,2026-03-19 08:38:27
10,Blocked,2026-03-19 08:38:27,2026-03-19 08:38:32
6,Running,2026-03-19 08:37:57,2026-03-19 08:38:47
3,Running,2026-03-19 08:36:56,2026-03-19 08:38:52
5,Running,2026-03-19 08:38:00,2026-03-19 08:38:55
6,Starved,2026-03-19 08:38:47,2026-03-19 08:38:55
5,Starved,2026-03-19 08:38:55,2026-03-19 08:39:15
3,Blocked,2026-03-19 08:38:52,2026-03-19 08:39:15
6,Running,2026-03-19 08:38:55,2026-03-19 08:39:46
3,Running,2026-03-19 08:39:15,2026-03-19 08:40:12
3,Blocked,2026-03-19 08:40:12,2026-03-19 08:40:18
6,Starved,2026-03-19 08:39:46,2026-03-19 08:40:19
8,Running,2026-03-19 08:36:35,2026-03-19 08:40:38
8,Blocked,2026-03-19 08:40:38,2026-03-19 08:40:42
3,Running,2026-03-19 08:40:18,2026-03-19 08:41:18
6,Running,2026-03-19 08:40:19,2026-03-19 08:41:20
3,Blocked,2026-03-19 08:41:18,2026-03-19 08:41:21
6,Starved,2026-03-19 08:41:20,2026-03-19 08:41:26
3,Running,2026-03-19 08:41:21,2026-03-19 08:42:15
3,Blocked,2026-03-19 08:42:15,2026-03-19 08:42:19
6,Running,2026-03-19 08:41:26,2026-03-19 08:43:37
6,Starved,2026-03-19 08:43:37,2026-03-19 08:43:38
3,Running,2026-03-19 08:42:19,2026-03-19 08:44:18
3,Blocked,2026-03-19 08:44:18,2026-03-19 08:44:22
8,Running,2026-03-19 08:40:42,2026-03-19 08:45:33
8,Blocked,2026-03-19 08:45:33,2026-03-19 08:45:56
10,Running,2026-03-19 08:38:32,2026-03-19 08:47:12
10,Blocked,2026-03-19 08:47:12,2026-03-19 08:47:14
8,Running,2026-03-19 08:45:56,2026-03-19 08:48:03
10,Running,2026-03-19 08:47:14,2026-03-19 08:48:15
10,Starved,2026-03-19 08:48:15,2026-03-19 08:48:18
8,Blocked,2026-03-19 08:48:03,2026-03-19 08:48:18
5,Running,2026-03-19 08:39:15,2026-03-19 08:48:28
3,Running,2026-03-19 08:44:22,2026-03-19 08:48:42
5,Starved,2026-03-19 08:48:28,2026-03-19 08:48:47
3,Blocked,2026-03-19 08:48:42,2026-03-19 08:48:47
10,Running,2026-03-19 08:48:18,2026-03-19 08:49:04
8,Running,2026-03-19 08:48:18,2026-03-19 08:49:10
10,Blocked,2026-03-19 08:49:04,2026-03-19 08:49:18
10,Starved,2026-03-19 08:49:18,2026-03-19 08:49:20
8,Blocked,2026-03-19 08:49:10,2026-03-19 08:49:20
5,Running,2026-03-19 08:48:47,2026-03-19 08:49:41
5,Starved,2026-03-19 08:49:41,2026-03-19 08:49:44
11,Running,2026-03-19 08:17:39,2026-03-19 08:50:13
10,Running,2026-03-19 08:49:20,2026-03-19 08:50:25
3,Running,2026-03-19 08:48:47,2026-03-19 08:50:49
3,Blocked,2026-03-19 08:50:49,2026-03-19 08:50:50
6,Running,2026-03-19 08:43:38,2026-03-19 08:50:50
6,Starved,2026-03-19 08:50:50,2026-03-19 08:50:51
3,Running,2026-03-19 08:50:50,2026-03-19 08:51:41
3,Blocked,2026-03-19 08:51:41,2026-03-19 08:51:46
12,Running,2026-03-19 08:20:43,2026-03-19 08:51:51
8,Running,2026-03-19 08:49:20,2026-03-19 08:52:14
8,Blocked,2026-03-19 08:52:14,2026-03-19 08:52:43
3,Running,2026-03-19 08:51:46,2026-03-19 08:52:43
5,Running,2026-03-19 08:49:44,2026-03-19 08:52:46
5,Starved,2026-03-19 08:52:46,2026-03-19 08:53:11
3,Blocked,2026-03-19 08:52:43,2026-03-19 08:53:11
8,Running,2026-03-19 08:52:43,2026-03-19 08:53:47
9,Running,2026-03-19 07:54:45,2026-03-19 08:53:59
5,Running,2026-03-19 08:53:11,2026-03-19 08:54:06
6,Running,2026-03-19 08:50:51,2026-03-19 08:54:09
3,Running,2026-03-19 08:53:11,2026-03-19 08:54:10
5,Starved,2026-03-19 08:54:06,2026-03-19 08:54:18
3,Blocked,2026-03-19 08:54:10,2026-03-19 08:54:18
6,Down,2026-03-19 08:54:09,2026-03-19 08:54:48
5,Running,2026-03-19 08:54:18,2026-03-19 08:57:16
5,Starved,2026-03-19 08:57:16,2026-03-19 08:57:19
7,Running,2026-03-19 06:47:49,2026-03-19 08:57:27
2,Running,2026-03-19 08:31:38,2026-03-19 08:57:37
5,Running,2026-03-19 08:57:19,2026-03-19 08:58:16
3,Running,2026-03-19 08:54:18,2026-03-19 08:58:22
5,Starved,2026-03-19 08:58:16,2026-03-19 08:58:28
3,Blocked,2026-03-19 08:58:22,2026-03-19 08:58:28
5,Running,2026-03-19 08:58:28,2026-03-19 08:59:20
3,Running,2026-03-19 08:58:28,2026-03-19 08:59:21
5,Starved,2026-03-19 08:59:20,2026-03-19 08:59:26
3,Blocked,2026-03-19 08:59:21,2026-03-19 08:59:26
11,Down,2026-03-19 08:50:13,2026-03-19 08:59:56
10,Blocked,2026-03-19 08:50:25,2026-03-19 08:59:56
9,Blocked,2026-03-19 08:53:59,2026-03-19 08:59:56
8,Blocked,2026-03-19 08:53:47,2026-03-19 08:59:56
7,Blocked,2026-03-19 08:57:27,2026-03-19 08:59:56
1,Running,2026-03-19 08:34:41,2026-03-19 09:00:24
8,Running,2026-03-19 08:59:56,2026-03-19 09:00:50
7,Running,2026-03-19 08:59:56,2026-03-19 09:00:52
9,Running,2026-03-19 08:59:56,2026-03-19 09:00:56
10,Running,2026-03-19 08:59:56,2026-03-19 09:00:56
12,Starved,2026-03-19 08:51:51,2026-03-19 09:01:02
10,Blocked,2026-03-19 09:00:56,2026-03-19 09:01:02
9,Blocked,2026-03-19 09:00:56,2026-03-19 09:01:02
8,Blocked,2026-03-19 09:00:50,2026-03-19 09:01:02
7,Blocked,2026-03-19 09:00:52,2026-03-19 09:01:02
3,Running,2026-03-19 08:59:26,2026-03-19 09:01:25
5,Running,2026-03-19 08:59:26,2026-03-19 09:01:29
5,Starved,2026-03-19 09:01:29,2026-03-19 09:01:32
3,Blocked,2026-03-19 09:01:25,2026-03-19 09:01:32
9,Running,2026-03-19 09:01:02,2026-03-19 09:01:58
8,Running,2026-03-19 09:01:02,2026-03-19 09:01:58
7,Running,2026-03-19 09:01:02,2026-03-19 09:01:59
9,Blocked,2026-03-19 09:01:58,2026-03-19 09:02:06
8,Blocked,2026-03-19 09:01:58,2026-03-19 09:02:06
7,Blocked,2026-03-19 09:01:59,2026-03-19 09:02:06
5,Running,2026-03-19 09:01:32,2026-03-19 09:02:24
3,Running,2026-03-19 09:01:32,2026-03-19 09:02:28
5,Starved,2026-03-19 09:02:24,2026-03-19 09:02:34
3,Blocked,2026-03-19 09:02:28,2026-03-19 09:02:34
9,Running,2026-03-19 09:02:06,2026-03-19 09:03:00
12,Running,2026-03-19 09:01:02,2026-03-19 09:03:01
12,Starved,2026-03-19 09:03:01,2026-03-19 09:03:04
8,Running,2026-03-19 09:02:06,2026-03-19 09:03:08
9,Blocked,2026-03-19 09:03:00,2026-03-19 09:03:09
8,Blocked,2026-03-19 09:03:08,2026-03-19 09:03:09
3,Running,2026-03-19 09:02:34,2026-03-19 09:03:27
5,Running,2026-03-19 09:02:34,2026-03-19 09:03:32
5,Starved,2026-03-19 09:03:32,2026-03-19 09:03:36
3,Blocked,2026-03-19 09:03:27,2026-03-19 09:03:36
12,Running,2026-03-19 09:03:04,2026-03-19 09:04:00
9,Running,2026-03-19 09:03:09,2026-03-19 09:04:13
9,Blocked,2026-03-19 09:04:13,2026-03-19 09:04:17
5,Running,2026-03-19 09:03:36,2026-03-19 09:04:28
5,Starved,2026-03-19 09:04:28,2026-03-19 09:04:43
3,Running,2026-03-19 09:03:36,2026-03-19 09:04:43
8,Running,2026-03-19 09:03:09,2026-03-19 09:05:12
12,Down,2026-03-19 09:04:00,2026-03-19 09:05:14
9,Running,2026-03-19 09:04:17,2026-03-19 09:05:19
9,Blocked,2026-03-19 09:05:19,2026-03-19 09:05:21
8,Blocked,2026-03-19 09:05:12,2026-03-19 09:05:21
5,Running,2026-03-19 09:04:43,2026-03-19 09:05:44
5,Starved,2026-03-19 09:05:44,2026-03-19 09:05:49
8,Running,2026-03-19 09:05:21,2026-03-19 09:06:12
9,Running,2026-03-19 09:05:21,2026-03-19 09:06:19
9,Blocked,2026-03-19 09:06:19,2026-03-19 09:06:29
8,Blocked,2026-03-19 09:06:12,2026-03-19 09:06:29
5,Running,2026-03-19 09:05:49,2026-03-19 09:06:39
5,Starved,2026-03-19 09:06:39,2026-03-19 09:06:47
9,Running,2026-03-19 09:06:29,2026-03-19 09:07:23
8,Running,2026-03-19 09:06:29,2026-03-19 09:07:25
9,Blocked,2026-03-19 09:07:23,2026-03-19 09:07:31
8,Blocked,2026-03-19 09:07:25,2026-03-19 09:07:31
9,Running,2026-03-19 09:07:31,2026-03-19 09:08:26
8,Running,2026-03-19 09:07:31,2026-03-19 09:08:31
9,Blocked,2026-03-19 09:08:26,2026-03-19 09:08:43
8,Blocked,2026-03-19 09:08:31,2026-03-19 09:08:43
9,Running,2026-03-19 09:08:43,2026-03-19 09:09:41
6,Running,2026-03-19 08:54:48,2026-03-19 09:09:42
4,Running,2026-03-19 08:27:15,2026-03-19 09:09:44
6,Starved,2026-03-19 09:09:42,2026-03-19 09:09:45
9,Blocked,2026-03-19 09:09:41,2026-03-19 09:09:46
6,Running,2026-03-19 09:09:45,2026-03-19 09:10:42
8,Running,2026-03-19 09:08:43,2026-03-19 09:10:45
5,Running,2026-03-19 09:06:47,2026-03-19 09:10:48
6,Starved,2026-03-19 09:10:42,2026-03-19 09:10:48
8,Blocked,2026-03-19 09:10:45,2026-03-19 09:10:53
6,Running,2026-03-19 09:10:48,2026-03-19 09:11:45
9,Running,2026-03-19 09:09:46,2026-03-19 09:12:45
9,Blocked,2026-03-19 09:12:45,2026-03-19 09:12:48
7,Running,2026-03-19 09:02:06,2026-03-19 09:13:17
7,Down,2026-03-19 09:13:17,2026-03-19 09:13:38
9,Running,2026-03-19 09:12:48,2026-03-19 09:13:42
9,Blocked,2026-03-19 09:13:42,2026-03-19 09:13:51
8,Running,2026-03-19 09:10:53,2026-03-19 09:14:53
8,Blocked,2026-03-19 09:14:53,2026-03-19 09:15:08
2,Down,2026-03-19 08:57:37,2026-03-19 09:15:14
1,Blocked,2026-03-19 09:00:24,2026-03-19 09:15:14
8,Running,2026-03-19 09:15:08,2026-03-19 09:16:06
8,Blocked,2026-03-19 09:16:06,2026-03-19 09:16:09
1,Running,2026-03-19 09:15:14,2026-03-19 09:16:11
3,Starved,2026-03-19 09:04:43,2026-03-19 09:16:16
1,Blocked,2026-03-19 09:16:11,2026-03-19 09:16:16
1,Running,2026-03-19 09:16:16,2026-03-19 09:17:10
3,Running,2026-03-19 09:16:16,2026-03-19 09:17:17
4,Starved,2026-03-19 09:09:44,2026-03-19 09:17:17
3,Starved,2026-03-19 09:17:17,2026-03-19 09:17:21
1,Blocked,2026-03-19 09:17:10,2026-03-19 09:17:21
5,Starved,2026-03-19 09:10:48,2026-03-19 09:18:34
8,Running,2026-03-19 09:16:09,2026-03-19 09:19:07
12,Running,2026-03-19 09:05:14,2026-03-19 09:19:27
8,Blocked,2026-03-19 09:19:07,2026-03-19 09:19:29
6,Starved,2026-03-19 09:11:45,2026-03-19 09:19:32
11,Running,2026-03-19 08:59:56,2026-03-19 09:19:52
6,Running,2026-03-19 09:19:32,2026-03-19 09:20:28
5,Running,2026-03-19 09:18:34,2026-03-19 09:20:29
6,Starved,2026-03-19 09:20:28,2026-03-19 09:20:29
8,Running,2026-03-19 09:19:29,2026-03-19 09:20:30
8,Blocked,2026-03-19 09:20:30,2026-03-19 09:20:32
10,Running,2026-03-19 09:01:02,2026-03-19 09:20:51
5,Starved,2026-03-19 09:20:29,2026-03-19 09:20:58
9,Running,2026-03-19 09:13:51,2026-03-19 09:21:29
6,Running,2026-03-19 09:20:29,2026-03-19 09:21:32
8,Running,2026-03-19 09:20:32,2026-03-19 09:21:33
6,Starved,2026-03-19 09:21:32,2026-03-19 09:22:03
7,Running,2026-03-19 09:13:38,2026-03-19 09:22:55
6,Running,2026-03-19 09:22:03,2026-03-19 09:23:00
6,Starved,2026-03-19 09:23:00,2026-03-19 09:23:03
5,Running,2026-03-19 09:20:58,2026-03-19 09:24:58
5,Starved,2026-03-19 09:24:58,2026-03-19 09:25:19
6,Running,2026-03-19 09:23:03,2026-03-19 09:25:55
5,Running,2026-03-19 09:25:19,2026-03-19 09:26:23
6,Starved,2026-03-19 09:25:55,2026-03-19 09:26:23
5,Starved,2026-03-19 09:26:23,2026-03-19 09:26:33
6,Running,2026-03-19 09:26:23,2026-03-19 09:27:20
6,Starved,2026-03-19 09:27:20,2026-03-19 09:27:41
6,Running,2026-03-19 09:27:41,2026-03-19 09:28:40
5,Running,2026-03-19 09:26:33,2026-03-19 09:28:43
6,Starved,2026-03-19 09:28:40,2026-03-19 09:28:43
5,Starved,2026-03-19 09:28:43,2026-03-19 09:28:44
6,Running,2026-03-19 09:28:43,2026-03-19 09:29:39
5,Running,2026-03-19 09:28:44,2026-03-19 09:29:41
6,Starved,2026-03-19 09:29:39,2026-03-19 09:29:41
5,Starved,2026-03-19 09:29:41,2026-03-19 09:29:47
6,Running,2026-03-19 09:29:41,2026-03-19 09:30:43
5,Running,2026-03-19 09:29:47,2026-03-19 09:30:48
6,Starved,2026-03-19 09:30:43,2026-03-19 09:30:48
5,Starved,2026-03-19 09:30:48,2026-03-19 09:31:18
12,Down,2026-03-19 09:19:27,2026-03-19 09:31:19
11,Blocked,2026-03-19 09:19:52,2026-03-19 09:31:19
10,Blocked,2026-03-19 09:20:51,2026-03-19 09:31:19
9,Blocked,2026-03-19 09:21:29,2026-03-19 09:31:19
8,Blocked,2026-03-19 09:21:33,2026-03-19 09:31:19
7,Blocked,2026-03-19 09:22:55,2026-03-19 09:31:19
6,Running,2026-03-19 09:30:48,2026-03-19 09:31:50
8,Running,2026-03-19 09:31:19,2026-03-19 09:32:18
10,Running,2026-03-19 09:31:19,2026-03-19 09:32:21
5,Running,2026-03-19 09:31:18,2026-03-19 09:32:25
6,Starved,2026-03-19 09:31:50,2026-03-19 09:32:25
11,Running,2026-03-19 09:31:19,2026-03-19 09:32:27
7,Running,2026-03-19 09:31:19,2026-03-19 09:32:29
5,Starved,2026-03-19 09:32:25,2026-03-19 09:32:30
11,Blocked,2026-03-19 09:32:27,2026-03-19 09:32:31
10,Blocked,2026-03-19 09:32:21,2026-03-19 09:32:31
8,Blocked,2026-03-19 09:32:18,2026-03-19 09:32:47
7,Blocked,2026-03-19 09:32:29,2026-03-19 09:32:47
6,Running,2026-03-19 09:32:25,2026-03-19 09:33:17
10,Running,2026-03-19 09:32:31,2026-03-19 09:33:26
5,Running,2026-03-19 09:32:30,2026-03-19 09:33:34
6,Starved,2026-03-19 09:33:17,2026-03-19 09:33:34
10,Blocked,2026-03-19 09:33:26,2026-03-19 09:33:36
7,Running,2026-03-19 09:32:47,2026-03-19 09:33:44
5,Starved,2026-03-19 09:33:34,2026-03-19 09:33:44
7,Blocked,2026-03-19 09:33:44,2026-03-19 09:33:45
6,Running,2026-03-19 09:33:34,2026-03-19 09:34:30
9,Running,2026-03-19 09:31:19,2026-03-19 09:34:34
9,Blocked,2026-03-19 09:34:34,2026-03-19 09:34:38
7,Running,2026-03-19 09:33:45,2026-03-19 09:34:39
7,Blocked,2026-03-19 09:34:39,2026-03-19 09:34:44
5,Running,2026-03-19 09:33:44,2026-03-19 09:34:45
6,Starved,2026-03-19 09:34:30,2026-03-19 09:34:45
5,Starved,2026-03-19 09:34:45,2026-03-19 09:34:47
11,Running,2026-03-19 09:32:31,2026-03-19 09:35:16
11,Blocked,2026-03-19 09:35:16,2026-03-19 09:35:24
8,Running,2026-03-19 09:32:47,2026-03-19 09:35:40
6,Running,2026-03-19 09:34:45,2026-03-19 09:35:44
8,Blocked,2026-03-19 09:35:40,2026-03-19 09:35:46
6,Starved,2026-03-19 09:35:44,2026-03-19 09:35:53
11,Running,2026-03-19 09:35:24,2026-03-19 09:36:21
11,Blocked,2026-03-19 09:36:21,2026-03-19 09:36:27
8,Running,2026-03-19 09:35:46,2026-03-19 09:36:42
8,Blocked,2026-03-19 09:36:42,2026-03-19 09:36:50
6,Running,2026-03-19 09:35:53,2026-03-19 09:36:50
5,Running,2026-03-19 09:34:47,2026-03-19 09:36:53
6,Starved,2026-03-19 09:36:50,2026-03-19 09:36:53
5,Starved,2026-03-19 09:36:53,2026-03-19 09:37:09
7,Running,2026-03-19 09:34:44,2026-03-19 09:37:47
9,Running,2026-03-19 09:34:38,2026-03-19 09:37:47
9,Blocked,2026-03-19 09:37:47,2026-03-19 09:37:49
7,Blocked,2026-03-19 09:37:47,2026-03-19 09:37:52
6,Running,2026-03-19 09:36:53,2026-03-19 09:37:57
5,Running,2026-03-19 09:37:09,2026-03-19 09:38:07
6,Starved,2026-03-19 09:37:57,2026-03-19 09:38:07
5,Starved,2026-03-19 09:38:07,2026-03-19 09:38:11
7,Running,2026-03-19 09:37:52,2026-03-19 09:38:48
7,Blocked,2026-03-19 09:38:48,2026-03-19 09:38:53
6,Running,2026-03-19 09:38:07,2026-03-19 09:39:11
6,Starved,2026-03-19 09:39:11,2026-03-19 09:39:14
6,Running,2026-03-19 09:39:14,2026-03-19 09:40:11
6,Starved,2026-03-19 09:40:11,2026-03-19 09:40:20
8,Running,2026-03-19 09:36:50,2026-03-19 09:40:53
8,Blocked,2026-03-19 09:40:53,2026-03-19 09:41:02
5,Running,2026-03-19 09:38:11,2026-03-19 09:41:15
5,Starved,2026-03-19 09:41:15,2026-03-19 09:41:18
8,Running,2026-03-19 09:41:02,2026-03-19 09:42:00
8,Blocked,2026-03-19 09:42:00,2026-03-19 09:42:05
7,Running,2026-03-19 09:38:53,2026-03-19 09:42:57
8,Running,2026-03-19 09:42:05,2026-03-19 09:43:00
5,Running,2026-03-19 09:41:18,2026-03-19 09:43:05
5,Starved,2026-03-19 09:43:05,2026-03-19 09:43:06
8,Blocked,2026-03-19 09:43:00,2026-03-19 09:43:09
7,Blocked,2026-03-19 09:42:57,2026-03-19 09:43:09
8,Running,2026-03-19 09:43:09,2026-03-19 09:43:58
7,Running,2026-03-19 09:43:09,2026-03-19 09:44:02
8,Blocked,2026-03-19 09:43:58,2026-03-19 09:44:08
7,Blocked,2026-03-19 09:44:02,2026-03-19 09:44:08
5,Running,2026-03-19 09:43:06,2026-03-19 09:44:10
5,Starved,2026-03-19 09:44:10,2026-03-19 09:44:10
5,Running,2026-03-19 09:44:10,2026-03-19 09:45:06
7,Running,2026-03-19 09:44:08,2026-03-19 09:45:15
7,Blocked,2026-03-19 09:45:15,2026-03-19 09:45:23
5,Starved,2026-03-19 09:45:06,2026-03-19 09:45:33
6,Running,2026-03-19 09:40:20,2026-03-19 09:46:36
5,Running,2026-03-19 09:45:33,2026-03-19 09:46:45
6,Starved,2026-03-19 09:46:36,2026-03-19 09:46:45
3,Running,2026-03-19 09:17:21,2026-03-19 09:46:55
5,Starved,2026-03-19 09:46:45,2026-03-19 09:47:03
3,Blocked,2026-03-19 09:46:55,2026-03-19 09:47:03
6,Running,2026-03-19 09:46:45,2026-03-19 09:47:48
12,Running,2026-03-19 09:31:19,2026-03-19 09:47:55
8,Running,2026-03-19 09:44:08,2026-03-19 09:48:01
5,Running,2026-03-19 09:47:03,2026-03-19 09:48:02
6,Starved,2026-03-19 09:47:48,2026-03-19 09:48:02
8,Blocked,2026-03-19 09:48:01,2026-03-19 09:48:05
11,Running,2026-03-19 09:36:27,2026-03-19 09:48:05
3,Running,2026-03-19 09:47:03,2026-03-19 09:48:08
5,Starved,2026-03-19 09:48:02,2026-03-19 09:48:13
3,Blocked,2026-03-19 09:48:08,2026-03-19 09:48:13
10,Running,2026-03-19 09:33:36,2026-03-19 09:48:27
6,Running,2026-03-19 09:48:02,2026-03-19 09:48:54
3,Running,2026-03-19 09:48:13,2026-03-19 09:49:08
3,Blocked,2026-03-19 09:49:08,2026-03-19 09:49:08
9,Running,2026-03-19 09:37:49,2026-03-19 09:49:09
6,Starved,2026-03-19 09:48:54,2026-03-19 09:49:16
8,Running,2026-03-19 09:48:05,2026-03-19 09:49:20
7,Running,2026-03-19 09:45:23,2026-03-19 09:49:36
3,Running,2026-03-19 09:49:08,2026-03-19 09:50:05
3,Blocked,2026-03-19 09:50:05,2026-03-19 09:50:09
5,Running,2026-03-19 09:48:13,2026-03-19 09:51:11
3,Running,2026-03-19 09:50:09,2026-03-19 09:51:14
6,Running,2026-03-19 09:49:16,2026-03-19 09:51:22
5,Starved,2026-03-19 09:51:11,2026-03-19 09:51:40
3,Blocked,2026-03-19 09:51:14,2026-03-19 09:51:40
1,Running,2026-03-19 09:17:21,2026-03-19 09:52:18
12,Down,2026-03-19 09:47:55,2026-03-19 09:52:23
11,Blocked,2026-03-19 09:48:05,2026-03-19 09:52:23
10,Blocked,2026-03-19 09:48:27,2026-03-19 09:52:23
9,Blocked,2026-03-19 09:49:09,2026-03-19 09:52:23
8,Blocked,2026-03-19 09:49:20,2026-03-19 09:52:23
7,Blocked,2026-03-19 09:49:36,2026-03-19 09:52:23
6,Blocked,2026-03-19 09:51:22,2026-03-19 09:52:23
9,Running,2026-03-19 09:52:23,2026-03-19 09:53:10
10,Running,2026-03-19 09:52:23,2026-03-19 09:53:26
10,Blocked,2026-03-19 09:53:26,2026-03-19 09:53:27
9,Blocked,2026-03-19 09:53:10,2026-03-19 09:53:27
7,Running,2026-03-19 09:52:23,2026-03-19 09:53:27
6,Running,2026-03-19 09:52:23,2026-03-19 09:53:30
7,Blocked,2026-03-19 09:53:27,2026-03-19 09:53:31
6,Blocked,2026-03-19 09:53:30,2026-03-19 09:53:31
3,Running,2026-03-19 09:51:40,2026-03-19 09:53:33
5,Running,2026-03-19 09:51:40,2026-03-19 09:53:43
5,Starved,2026-03-19 09:53:43,2026-03-19 09:53:44
3,Blocked,2026-03-19 09:53:33,2026-03-19 09:53:44
10,Running,2026-03-19 09:53:27,2026-03-19 09:54:29
8,Running,2026-03-19 09:52:23,2026-03-19 09:54:29
6,Running,2026-03-19 09:53:31,2026-03-19 09:54:32
9,Running,2026-03-19 09:53:27,2026-03-19 09:54:33
7,Running,2026-03-19 09:53:31,2026-03-19 09:54:34
10,Blocked,2026-03-19 09:54:29,2026-03-19 09:54:37
9,Blocked,2026-03-19 09:54:33,2026-03-19 09:54:37
8,Blocked,2026-03-19 09:54:29,2026-03-19 09:54:37
7,Blocked,2026-03-19 09:54:34,2026-03-19 09:54:37
6,Blocked,2026-03-19 09:54:32,2026-03-19 09:54:37
3,Running,2026-03-19 09:53:44,2026-03-19 09:54:41
5,Running,2026-03-19 09:53:44,2026-03-19 09:54:44
5,Starved,2026-03-19 09:54:44,2026-03-19 09:54:48
3,Blocked,2026-03-19 09:54:41,2026-03-19 09:54:48
9,Running,2026-03-19 09:54:37,2026-03-19 09:55:26
10,Running,2026-03-19 09:54:37,2026-03-19 09:55:34
6,Running,2026-03-19 09:54:37,2026-03-19 09:55:39
8,Running,2026-03-19 09:54:37,2026-03-19 09:55:40
7,Running,2026-03-19 09:54:37,2026-03-19 09:55:42
10,Blocked,2026-03-19 09:55:34,2026-03-19 09:55:43
9,Blocked,2026-03-19 09:55:26,2026-03-19 09:55:43
8,Blocked,2026-03-19 09:55:40,2026-03-19 09:55:43
7,Blocked,2026-03-19 09:55:42,2026-03-19 09:55:43
6,Blocked,2026-03-19 09:55:39,2026-03-19 09:55:43
3,Running,2026-03-19 09:54:48,2026-03-19 09:55:45
5,Running,2026-03-19 09:54:48,2026-03-19 09:55:50
5,Starved,2026-03-19 09:55:50,2026-03-19 09:55:56
3,Blocked,2026-03-19 09:55:45,2026-03-19 09:55:56
8,Running,2026-03-19 09:55:43,2026-03-19 09:56:38
9,Running,2026-03-19 09:55:43,2026-03-19 09:56:38
10,Running,2026-03-19 09:55:43,2026-03-19 09:56:45
6,Running,2026-03-19 09:55:43,2026-03-19 09:56:47
10,Blocked,2026-03-19 09:56:45,2026-03-19 09:56:50
9,Blocked,2026-03-19 09:56:38,2026-03-19 09:56:50
8,Blocked,2026-03-19 09:56:38,2026-03-19 09:56:50
6,Blocked,2026-03-19 09:56:47,2026-03-19 09:56:53
9,Running,2026-03-19 09:56:50,2026-03-19 09:57:48
6,Running,2026-03-19 09:56:53,2026-03-19 09:57:49
7,Running,2026-03-19 09:55:43,2026-03-19 09:57:49
8,Running,2026-03-19 09:56:50,2026-03-19 09:57:54
9,Blocked,2026-03-19 09:57:48,2026-03-19 09:57:58
8,Blocked,2026-03-19 09:57:54,2026-03-19 09:57:58
7,Blocked,2026-03-19 09:57:49,2026-03-19 09:57:58
6,Blocked,2026-03-19 09:57:49,2026-03-19 09:57:58
2,Running,2026-03-19 09:15:14,2026-03-19 09:58:08
9,Running,2026-03-19 09:57:58,2026-03-19 09:58:47
8,Running,2026-03-19 09:57:58,2026-03-19 09:58:53
9,Blocked,2026-03-19 09:58:47,2026-03-19 09:58:59
8,Blocked,2026-03-19 09:58:53,2026-03-19 09:58:59
10,Running,2026-03-19 09:56:50,2026-03-19 09:59:54
8,Running,2026-03-19 09:58:59,2026-03-19 09:59:55
10,Blocked,2026-03-19 09:59:54,2026-03-19 09:59:55
6,Running,2026-03-19 09:57:58,2026-03-19 10:00:01
7,Running,2026-03-19 09:57:58,2026-03-19 10:00:03
8,Blocked,2026-03-19 09:59:55,2026-03-19 10:00:07
7,Blocked,2026-03-19 10:00:03,2026-03-19 10:00:07
6,Blocked,2026-03-19 10:00:01,2026-03-19 10:00:07
1,Down,2026-03-19 09:52:18,2026-03-19 10:00:36
10,Running,2026-03-19 09:59:55,2026-03-19 10:00:50
10,Blocked,2026-03-19 10:00:50,2026-03-19 10:00:53
3,Running,2026-03-19 09:55:56,2026-03-19 10:01:03
6,Running,2026-03-19 10:00:07,2026-03-19 10:01:07
6,Blocked,2026-03-19 10:01:07,2026-03-19 10:01:10
2,Starved,2026-03-19 09:58:08,2026-03-19 10:01:35
10,Running,2026-03-19 10:00:53,2026-03-19 10:01:49
10,Blocked,2026-03-19 10:01:49,2026-03-19 10:01:50
8,Running,2026-03-19 10:00:07,2026-03-19 10:02:07
6,Running,2026-03-19 10:01:10,2026-03-19 10:02:09
5,Running,2026-03-19 09:55:56,2026-03-19 10:02:12
5,Starved,2026-03-19 10:02:12,2026-03-19 10:02:13
7,Running,2026-03-19 10:00:07,2026-03-19 10:02:16
8,Blocked,2026-03-19 10:02:07,2026-03-19 10:02:24
7,Blocked,2026-03-19 10:02:16,2026-03-19 10:02:24
6,Blocked,2026-03-19 10:02:09,2026-03-19 10:02:24
2,Running,2026-03-19 10:01:35,2026-03-19 10:02:28
3,Starved,2026-03-19 10:01:03,2026-03-19 10:02:28
2,Starved,2026-03-19 10:02:28,2026-03-19 10:02:29
10,Running,2026-03-19 10:01:50,2026-03-19 10:02:42
10,Blocked,2026-03-19 10:02:42,2026-03-19 10:02:50
5,Running,2026-03-19 10:02:13,2026-03-19 10:03:12
5,Starved,2026-03-19 10:03:12,2026-03-19 10:03:16
3,Running,2026-03-19 10:02:28,2026-03-19 10:03:21
2,Running,2026-03-19 10:02:29,2026-03-19 10:03:23
3,Starved,2026-03-19 10:03:21,2026-03-19 10:03:23
6,Running,2026-03-19 10:02:24,2026-03-19 10:03:23
2,Starved,2026-03-19 10:03:23,2026-03-19 10:03:33
6,Blocked,2026-03-19 10:03:23,2026-03-19 10:03:48
5,Running,2026-03-19 10:03:16,2026-03-19 10:04:16
8,Running,2026-03-19 10:02:24,2026-03-19 10:04:17
8,Blocked,2026-03-19 10:04:17,2026-03-19 10:04:23
5,Starved,2026-03-19 10:04:16,2026-03-19 10:04:23
3,Running,2026-03-19 10:03:23,2026-03-19 10:04:35
3,Starved,2026-03-19 10:04:35,2026-03-19 10:04:37
5,Running,2026-03-19 10:04:23,2026-03-19 10:05:14
5,Starved,2026-03-19 10:05:14,2026-03-19 10:05:18
8,Running,2026-03-19 10:04:23,2026-03-19 10:05:24
8,Blocked,2026-03-19 10:05:24,2026-03-19 10:05:28
6,Running,2026-03-19 10:03:48,2026-03-19 10:05:51
6,Blocked,2026-03-19 10:05:51,2026-03-19 10:06:09
8,Running,2026-03-19 10:05:28,2026-03-19 10:06:29
2,Running,2026-03-19 10:03:33,2026-03-19 10:06:29
8,Blocked,2026-03-19 10:06:29,2026-03-19 10:06:29
2,Starved,2026-03-19 10:06:29,2026-03-19 10:06:30
2,Running,2026-03-19 10:06:30,2026-03-19 10:07:28
10,Running,2026-03-19 10:02:50,2026-03-19 10:07:34
2,Starved,2026-03-19 10:07:28,2026-03-19 10:07:34
10,Blocked,2026-03-19 10:07:34,2026-03-19 10:07:42
5,Running,2026-03-19 10:05:18,2026-03-19 10:08:25
3,Running,2026-03-19 10:04:37,2026-03-19 10:08:27
2,Running,2026-03-19 10:07:34,2026-03-19 10:08:29
3,Starved,2026-03-19 10:08:27,2026-03-19 10:08:29
5,Starved,2026-03-19 10:08:25,2026-03-19 10:08:34
2,Starved,2026-03-19 10:08:29,2026-03-19 10:08:37
10,Running,2026-03-19 10:07:42,2026-03-19 10:08:52
10,Blocked,2026-03-19 10:08:52,2026-03-19 10:08:54
6,Running,2026-03-19 10:06:09,2026-03-19 10:09:03
6,Blocked,2026-03-19 10:09:03,2026-03-19 10:09:14
3,Running,2026-03-19 10:08:29,2026-03-19 10:09:32
5,Running,2026-03-19 10:08:34,2026-03-19 10:09:34
8,Running,2026-03-19 10:06:29,2026-03-19 10:09:34
2,Running,2026-03-19 10:08:37,2026-03-19 10:09:36
3,Starved,2026-03-19 10:09:32,2026-03-19 10:09:36
2,Starved,2026-03-19 10:09:36,2026-03-19 10:09:39
8,Blocked,2026-03-19 10:09:34,2026-03-19 10:09:41
10,Running,2026-03-19 10:08:54,2026-03-19 10:09:52
10,Blocked,2026-03-19 10:09:52,2026-03-19 10:09:55
5,Starved,2026-03-19 10:09:34,2026-03-19 10:10:06
6,Running,2026-03-19 10:09:14,2026-03-19 10:10:11
7,Running,2026-03-19 10:02:24,2026-03-19 10:10:26
3,Running,2026-03-19 10:09:36,2026-03-19 10:10:40
3,Starved,2026-03-19 10:10:40,2026-03-19 10:10:49
10,Running,2026-03-19 10:09:55,2026-03-19 10:10:53
10,Blocked,2026-03-19 10:10:53,2026-03-19 10:10:54
5,Running,2026-03-19 10:10:06,2026-03-19 10:11:00
5,Starved,2026-03-19 10:11:00,2026-03-19 10:11:09
3,Running,2026-03-19 10:10:49,2026-03-19 10:11:46
3,Starved,2026-03-19 10:11:46,2026-03-19 10:11:57
10,Running,2026-03-19 10:10:54,2026-03-19 10:11:58
10,Blocked,2026-03-19 10:11:58,2026-03-19 10:12:04
5,Running,2026-03-19 10:11:09,2026-03-19 10:12:13
10,Running,2026-03-19 10:12:04,2026-03-19 10:12:59
10,Blocked,2026-03-19 10:12:59,2026-03-19 10:13:08
7,Down,2026-03-19 10:10:26,2026-03-19 10:13:26
6,Blocked,2026-03-19 10:10:11,2026-03-19 10:13:26
5,Blocked,2026-03-19 10:12:13,2026-03-19 10:13:26
2,Running,2026-03-19 10:09:39,2026-03-19 10:13:46
2,Starved,2026-03-19 10:13:46,2026-03-19 10:13:48
6,Running,2026-03-19 10:13:26,2026-03-19 10:14:18
5,Running,2026-03-19 10:13:26,2026-03-19 10:14:26
6,Blocked,2026-03-19 10:14:18,2026-03-19 10:14:27
5,Blocked,2026-03-19 10:14:26,2026-03-19 10:14:27
2,Running,2026-03-19 10:13:48,2026-03-19 10:14:41
2,Starved,2026-03-19 10:14:41,2026-03-19 10:14:44
8,Running,2026-03-19 10:09:41,2026-03-19 10:14:45
8,Blocked,2026-03-19 10:14:45,2026-03-19 10:14:50
6,Running,2026-03-19 10:14:27,2026-03-19 10:15:27
6,Blocked,2026-03-19 10:15:27,2026-03-19 10:15:29
8,Running,2026-03-19 10:14:50,2026-03-19 10:15:49
8,Blocked,2026-03-19 10:15:49,2026-03-19 10:16:02
8,Down,2026-03-19 10:16:02,2026-03-19 10:19:09
6,Running,2026-03-19 10:15:29,2026-03-19 10:19:28
6,Blocked,2026-03-19 10:19:28,2026-03-19 10:19:30
3,Running,2026-03-19 10:11:57,2026-03-19 10:19:55
3,Starved,2026-03-19 10:19:55,2026-03-19 10:19:56
6,Running,2026-03-19 10:19:30,2026-03-19 10:20:26
6,Blocked,2026-03-19 10:20:26,2026-03-19 10:20:26
3,Running,2026-03-19 10:19:56,2026-03-19 10:20:48
3,Blocked,2026-03-19 10:20:48,2026-03-19 10:21:20
6,Running,2026-03-19 10:20:26,2026-03-19 10:24:34
3,Running,2026-03-19 10:21:20,2026-03-19 10:24:39
6,Blocked,2026-03-19 10:24:34,2026-03-19 10:24:46
3,Blocked,2026-03-19 10:24:39,2026-03-19 10:24:50
6,Running,2026-03-19 10:24:46,2026-03-19 10:25:39
3,Running,2026-03-19 10:24:50,2026-03-19 10:25:43
5,Running,2026-03-19 10:14:27,2026-03-19 10:25:49
6,Blocked,2026-03-19 10:25:39,2026-03-19 10:25:49
5,Blocked,2026-03-19 10:25:49,2026-03-19 10:25:49
5,Starved,2026-03-19 10:25:49,2026-03-19 10:25:55
3,Blocked,2026-03-19 10:25:43,2026-03-19 10:25:55
5,Running,2026-03-19 10:25:55,2026-03-19 10:26:51
6,Running,2026-03-19 10:25:49,2026-03-19 10:26:56
3,Running,2026-03-19 10:25:55,2026-03-19 10:27:01
6,Blocked,2026-03-19 10:26:56,2026-03-19 10:27:03
5,Blocked,2026-03-19 10:26:51,2026-03-19 10:27:03
5,Starved,2026-03-19 10:27:03,2026-03-19 10:27:04
3,Blocked,2026-03-19 10:27:01,2026-03-19 10:27:04
5,Running,2026-03-19 10:27:04,2026-03-19 10:28:03
6,Running,2026-03-19 10:27:03,2026-03-19 10:28:06
6,Blocked,2026-03-19 10:28:06,2026-03-19 10:28:23
5,Blocked,2026-03-19 10:28:03,2026-03-19 10:28:23
5,Running,2026-03-19 10:28:23,2026-03-19 10:29:19
5,Blocked,2026-03-19 10:29:19,2026-03-19 10:29:26
2,Running,2026-03-19 10:14:44,2026-03-19 10:29:32
2,Starved,2026-03-19 10:29:32,2026-03-19 10:29:44
3,Running,2026-03-19 10:27:04,2026-03-19 10:29:55
3,Blocked,2026-03-19 10:29:55,2026-03-19 10:29:57
5,Running,2026-03-19 10:29:26,2026-03-19 10:30:16
6,Running,2026-03-19 10:28:23,2026-03-19 10:30:29
6,Blocked,2026-03-19 10:30:29,2026-03-19 10:30:35
5,Blocked,2026-03-19 10:30:16,2026-03-19 10:30:35
2,Running,2026-03-19 10:29:44,2026-03-19 10:30:41
2,Starved,2026-03-19 10:30:41,2026-03-19 10:30:45
3,Running,2026-03-19 10:29:57,2026-03-19 10:30:56
3,Blocked,2026-03-19 10:30:56,2026-03-19 10:31:21
2,Running,2026-03-19 10:30:45,2026-03-19 10:31:37
5,Running,2026-03-19 10:30:35,2026-03-19 10:31:39
5,Blocked,2026-03-19 10:31:39,2026-03-19 10:31:40
2,Starved,2026-03-19 10:31:37,2026-03-19 10:31:50
3,Running,2026-03-19 10:31:21,2026-03-19 10:32:13
3,Blocked,2026-03-19 10:32:13,2026-03-19 10:32:28
2,Running,2026-03-19 10:31:50,2026-03-19 10:32:47
2,Starved,2026-03-19 10:32:47,2026-03-19 10:33:02
5,Running,2026-03-19 10:31:40,2026-03-19 10:33:38
5,Blocked,2026-03-19 10:33:38,2026-03-19 10:33:39
6,Running,2026-03-19 10:30:35,2026-03-19 10:35:37
5,Running,2026-03-19 10:33:39,2026-03-19 10:35:40
3,Running,2026-03-19 10:32:28,2026-03-19 10:35:45
6,Blocked,2026-03-19 10:35:37,2026-03-19 10:35:47
5,Blocked,2026-03-19 10:35:40,2026-03-19 10:35:47
5,Starved,2026-03-19 10:35:47,2026-03-19 10:35:53
3,Blocked,2026-03-19 10:35:45,2026-03-19 10:35:53
11,Running,2026-03-19 09:52:23,2026-03-19 10:35:54
11,Blocked,2026-03-19 10:35:54,2026-03-19 10:35:57
6,Running,2026-03-19 10:35:47,2026-03-19 10:36:46
5,Running,2026-03-19 10:35:53,2026-03-19 10:36:49
7,Running,2026-03-19 10:13:26,2026-03-19 10:36:56
3,Running,2026-03-19 10:35:53,2026-03-19 10:37:58
3,Blocked,2026-03-19 10:37:58,2026-03-19 10:38:03
11,Running,2026-03-19 10:35:57,2026-03-19 10:39:45
11,Blocked,2026-03-19 10:39:45,2026-03-19 10:39:48
8,Running,2026-03-19 10:19:09,2026-03-19 10:39:54
3,Running,2026-03-19 10:38:03,2026-03-19 10:40:02
3,Blocked,2026-03-19 10:40:02,2026-03-19 10:40:18
11,Running,2026-03-19 10:39:48,2026-03-19 10:40:48
11,Blocked,2026-03-19 10:40:48,2026-03-19 10:40:52
3,Running,2026-03-19 10:40:18,2026-03-19 10:42:14
3,Blocked,2026-03-19 10:42:14,2026-03-19 10:42:24
7,Down,2026-03-19 10:36:56,2026-03-19 10:42:50
6,Blocked,2026-03-19 10:36:46,2026-03-19 10:42:50
5,Blocked,2026-03-19 10:36:49,2026-03-19 10:42:50
9,Running,2026-03-19 09:58:59,2026-03-19 10:43:22
8,Starved,2026-03-19 10:39:54,2026-03-19 10:43:40
5,Running,2026-03-19 10:42:50,2026-03-19 10:43:47
5,Blocked,2026-03-19 10:43:47,2026-03-19 10:43:49
9,Starved,2026-03-19 10:43:22,2026-03-19 10:44:48
3,Running,2026-03-19 10:42:24,2026-03-19 10:45:24
10,Running,2026-03-19 10:13:08,2026-03-19 10:45:33
3,Blocked,2026-03-19 10:45:24,2026-03-19 10:45:37
6,Running,2026-03-19 10:42:50,2026-03-19 10:45:40
9,Running,2026-03-19 10:44:48,2026-03-19 10:45:50
10,Starved,2026-03-19 10:45:33,2026-03-19 10:45:50
8,Running,2026-03-19 10:43:40,2026-03-19 10:45:56
9,Starved,2026-03-19 10:45:50,2026-03-19 10:45:56
5,Running,2026-03-19 10:43:49,2026-03-19 10:46:01
8,Starved,2026-03-19 10:45:56,2026-03-19 10:46:16
6,Blocked,2026-03-19 10:45:40,2026-03-19 10:46:16
5,Blocked,2026-03-19 10:46:01,2026-03-19 10:46:16
3,Running,2026-03-19 10:45:37,2026-03-19 10:46:36
3,Blocked,2026-03-19 10:46:36,2026-03-19 10:46:42
10,Running,2026-03-19 10:45:50,2026-03-19 10:46:50
9,Running,2026-03-19 10:45:56,2026-03-19 10:46:58
10,Starved,2026-03-19 10:46:50,2026-03-19 10:46:58
6,Running,2026-03-19 10:46:16,2026-03-19 10:47:14
8,Running,2026-03-19 10:46:16,2026-03-19 10:47:15
9,Starved,2026-03-19 10:46:58,2026-03-19 10:47:15
8,Starved,2026-03-19 10:47:15,2026-03-19 10:47:26
6,Blocked,2026-03-19 10:47:14,2026-03-19 10:47:26
10,Running,2026-03-19 10:46:58,2026-03-19 10:47:51
6,Running,2026-03-19 10:47:26,2026-03-19 10:48:22
9,Running,2026-03-19 10:47:15,2026-03-19 10:48:23
10,Starved,2026-03-19 10:47:51,2026-03-19 10:48:23
8,Running,2026-03-19 10:47:26,2026-03-19 10:48:23
9,Starved,2026-03-19 10:48:23,2026-03-19 10:48:23
5,Running,2026-03-19 10:46:16,2026-03-19 10:48:32
8,Starved,2026-03-19 10:48:23,2026-03-19 10:48:35
6,Blocked,2026-03-19 10:48:22,2026-03-19 10:48:35
5,Blocked,2026-03-19 10:48:32,2026-03-19 10:48:35
10,Running,2026-03-19 10:48:23,2026-03-19 10:49:26
6,Running,2026-03-19 10:48:35,2026-03-19 10:49:32
8,Running,2026-03-19 10:48:35,2026-03-19 10:49:36
5,Running,2026-03-19 10:48:35,2026-03-19 10:49:42
8,Starved,2026-03-19 10:49:36,2026-03-19 10:49:43
6,Blocked,2026-03-19 10:49:32,2026-03-19 10:49:43
5,Blocked,2026-03-19 10:49:42,2026-03-19 10:49:43
10,Starved,2026-03-19 10:49:26,2026-03-19 10:49:47
6,Running,2026-03-19 10:49:43,2026-03-19 10:50:34
8,Running,2026-03-19 10:49:43,2026-03-19 10:50:38
8,Starved,2026-03-19 10:50:38,2026-03-19 10:50:41
6,Blocked,2026-03-19 10:50:34,2026-03-19 10:50:41
10,Running,2026-03-19 10:49:47,2026-03-19 10:50:42
10,Starved,2026-03-19 10:50:42,2026-03-19 10:50:44
8,Running,2026-03-19 10:50:41,2026-03-19 10:51:36
6,Running,2026-03-19 10:50:41,2026-03-19 10:51:40
8,Starved,2026-03-19 10:51:36,2026-03-19 10:51:40
6,Blocked,2026-03-19 10:51:40,2026-03-19 10:51:40
3,Running,2026-03-19 10:46:42,2026-03-19 10:51:59
3,Blocked,2026-03-19 10:51:59,2026-03-19 10:52:15
6,Running,2026-03-19 10:51:40,2026-03-19 10:52:42
6,Blocked,2026-03-19 10:52:42,2026-03-19 10:52:42
3,Running,2026-03-19 10:52:15,2026-03-19 10:53:16
3,Blocked,2026-03-19 10:53:16,2026-03-19 10:53:18
9,Running,2026-03-19 10:48:23,2026-03-19 10:53:37
11,Running,2026-03-19 10:40:52,2026-03-19 10:54:09
11,Blocked,2026-03-19 10:54:09,2026-03-19 10:54:15
3,Running,2026-03-19 10:53:18,2026-03-19 10:54:19
3,Blocked,2026-03-19 10:54:19,2026-03-19 10:54:27
8,Running,2026-03-19 10:51:40,2026-03-19 10:54:42
8,Starved,2026-03-19 10:54:42,2026-03-19 10:54:48
10,Running,2026-03-19 10:50:44,2026-03-19 10:54:49
11,Running,2026-03-19 10:54:15,2026-03-19 10:55:19
11,Blocked,2026-03-19 10:55:19,2026-03-19 10:55:20
2,Running,2026-03-19 10:33:02,2026-03-19 10:56:01
2,Starved,2026-03-19 10:56:01,2026-03-19 10:56:07
11,Running,2026-03-19 10:55:20,2026-03-19 10:56:18
11,Blocked,2026-03-19 10:56:18,2026-03-19 10:56:19
3,Running,2026-03-19 10:54:27,2026-03-19 10:56:36
3,Blocked,2026-03-19 10:56:36,2026-03-19 10:56:57
2,Running,2026-03-19 10:56:07,2026-03-19 10:57:06
2,Starved,2026-03-19 10:57:06,2026-03-19 10:57:17
8,Running,2026-03-19 10:54:48,2026-03-19 10:57:50
2,Running,2026-03-19 10:57:17,2026-03-19 10:58:17
2,Starved,2026-03-19 10:58:17,2026-03-19 10:58:21
6,Running,2026-03-19 10:52:42,2026-03-19 10:59:33
6,Blocked,2026-03-19 10:59:33,2026-03-19 10:59:43
6,Running,2026-03-19 10:59:43,2026-03-19 11:00:38
6,Blocked,2026-03-19 11:00:38,2026-03-19 11:00:59
1,Running,2026-03-19 10:00:36,2026-03-19 11:01:17
6,Running,2026-03-19 11:00:59,2026-03-19 11:02:04
5,Running,2026-03-19 10:49:43,2026-03-19 11:02:10
7,Running,2026-03-19 10:42:50,2026-03-19 11:02:10
2,Running,2026-03-19 10:58:21,2026-03-19 11:02:35
12,Running,2026-03-19 09:52:23,2026-03-19 11:03:53
12,Down,2026-03-19 11:03:53,2026-03-19 11:04:20
1,Down,2026-03-19 11:01:17,2026-03-19 11:04:31
9,Down,2026-03-19 10:53:37,2026-03-19 11:04:58
8,Blocked,2026-03-19 10:57:50,2026-03-19 11:04:58
7,Blocked,2026-03-19 11:02:10,2026-03-19 11:04:58
6,Blocked,2026-03-19 11:02:04,2026-03-19 11:04:58
5,Blocked,2026-03-19 11:02:10,2026-03-19 11:04:58
3,Running,2026-03-19 10:56:57,2026-03-19 11:05:23
2,Starved,2026-03-19 11:02:35,2026-03-19 11:05:31
3,Blocked,2026-03-19 11:05:23,2026-03-19 11:05:32
5,Running,2026-03-19 11:04:58,2026-03-19 11:05:50
8,Running,2026-03-19 11:04:58,2026-03-19 11:05:51
10,Starved,2026-03-19 10:54:49,2026-03-19 11:05:52
8,Blocked,2026-03-19 11:05:51,2026-03-19 11:05:52
6,Running,2026-03-19 11:04:58,2026-03-19 11:05:57
6,Blocked,2026-03-19 11:05:57,2026-03-19 11:06:04
5,Blocked,2026-03-19 11:05:50,2026-03-19 11:06:04
6,Running,2026-03-19 11:06:04,2026-03-19 11:07:00
5,Running,2026-03-19 11:06:04,2026-03-19 11:07:01
6,Blocked,2026-03-19 11:07:00,2026-03-19 11:07:07
5,Blocked,2026-03-19 11:07:01,2026-03-19 11:07:07
2,Running,2026-03-19 11:05:31,2026-03-19 11:07:25
2,Starved,2026-03-19 11:07:25,2026-03-19 11:07:27
3,Running,2026-03-19 11:05:32,2026-03-19 11:07:32
3,Blocked,2026-03-19 11:07:32,2026-03-19 11:07:46
5,Running,2026-03-19 11:07:07,2026-03-19 11:08:05
6,Running,2026-03-19 11:07:07,2026-03-19 11:08:05
6,Blocked,2026-03-19 11:08:05,2026-03-19 11:08:16
5,Blocked,2026-03-19 11:08:05,2026-03-19 11:08:16
2,Running,2026-03-19 11:07:27,2026-03-19 11:08:29
2,Starved,2026-03-19 11:08:29,2026-03-19 11:08:35
6,Running,2026-03-19 11:08:16,2026-03-19 11:09:12
6,Blocked,2026-03-19 11:09:12,2026-03-19 11:09:18
2,Running,2026-03-19 11:08:35,2026-03-19 11:09:31
2,Starved,2026-03-19 11:09:31,2026-03-19 11:09:36
6,Running,2026-03-19 11:09:18,2026-03-19 11:10:15
5,Running,2026-03-19 11:08:16,2026-03-19 11:10:18
6,Blocked,2026-03-19 11:10:15,2026-03-19 11:10:29
5,Blocked,2026-03-19 11:10:18,2026-03-19 11:10:29
3,Running,2026-03-19 11:07:46,2026-03-19 11:10:33
2,Running,2026-03-19 11:09:36,2026-03-19 11:10:35
2,Starved,2026-03-19 11:10:35,2026-03-19 11:10:40
3,Blocked,2026-03-19 11:10:33,2026-03-19 11:10:49
6,Running,2026-03-19 11:10:29,2026-03-19 11:11:19
5,Running,2026-03-19 11:10:29,2026-03-19 11:11:27
2,Running,2026-03-19 11:10:40,2026-03-19 11:11:38
2,Starved,2026-03-19 11:11:38,2026-03-19 11:11:39
6,Blocked,2026-03-19 11:11:19,2026-03-19 11:11:54
5,Blocked,2026-03-19 11:11:27,2026-03-19 11:11:54
2,Running,2026-03-19 11:11:39,2026-03-19 11:12:38
2,Starved,2026-03-19 11:12:38,2026-03-19 11:12:39
10,Running,2026-03-19 11:05:52,2026-03-19 11:12:52
3,Running,2026-03-19 11:10:49,2026-03-19 11:12:53
5,Running,2026-03-19 11:11:54,2026-03-19 11:12:56
6,Running,2026-03-19 11:11:54,2026-03-19 11:12:58
10,Starved,2026-03-19 11:12:52,2026-03-19 11:12:59
6,Blocked,2026-03-19 11:12:58,2026-03-19 11:13:00
5,Blocked,2026-03-19 11:12:56,2026-03-19 11:13:00
3,Blocked,2026-03-19 11:12:53,2026-03-19 11:13:16
2,Running,2026-03-19 11:12:39,2026-03-19 11:13:34
2,Starved,2026-03-19 11:13:34,2026-03-19 11:13:49
10,Running,2026-03-19 11:12:59,2026-03-19 11:13:56
10,Starved,2026-03-19 11:13:56,2026-03-19 11:13:58
6,Running,2026-03-19 11:13:00,2026-03-19 11:13:58
6,Blocked,2026-03-19 11:13:58,2026-03-19 11:14:03
2,Running,2026-03-19 11:13:49,2026-03-19 11:14:41
2,Starved,2026-03-19 11:14:41,2026-03-19 11:14:49
10,Running,2026-03-19 11:13:58,2026-03-19 11:14:49
10,Starved,2026-03-19 11:14:49,2026-03-19 11:14:58
3,Running,2026-03-19 11:13:16,2026-03-19 11:15:18
3,Blocked,2026-03-19 11:15:18,2026-03-19 11:15:30
3,Running,2026-03-19 11:15:30,2026-03-19 11:16:31
3,Blocked,2026-03-19 11:16:31,2026-03-19 11:16:54
3,Running,2026-03-19 11:16:54,2026-03-19 11:17:56
3,Blocked,2026-03-19 11:17:56,2026-03-19 11:18:13
10,Running,2026-03-19 11:14:58,2026-03-19 11:18:45
10,Starved,2026-03-19 11:18:45,2026-03-19 11:18:52
3,Running,2026-03-19 11:18:13,2026-03-19 11:19:01
3,Blocked,2026-03-19 11:19:01,2026-03-19 11:19:11
5,Running,2026-03-19 11:13:00,2026-03-19 11:19:21
3,Running,2026-03-19 11:19:11,2026-03-19 11:20:12
3,Blocked,2026-03-19 11:20:12,2026-03-19 11:20:20
10,Running,2026-03-19 11:18:52,2026-03-19 11:21:00
3,Running,2026-03-19 11:20:20,2026-03-19 11:21:14
3,Blocked,2026-03-19 11:21:14,2026-03-19 11:21:16
10,Starved,2026-03-19 11:21:00,2026-03-19 11:21:19
4,Running,2026-03-19 09:17:17,2026-03-19 11:22:12
3,Running,2026-03-19 11:21:16,2026-03-19 11:22:13
2,Running,2026-03-19 11:14:49,2026-03-19 11:22:49
2,Starved,2026-03-19 11:22:49,2026-03-19 11:22:55
6,Running,2026-03-19 11:14:03,2026-03-19 11:23:04
6,Blocked,2026-03-19 11:23:04,2026-03-19 11:23:07
12,Running,2026-03-19 11:04:20,2026-03-19 11:25:09
12,Starved,2026-03-19 11:25:09,2026-03-19 11:25:09
12,Running,2026-03-19 11:25:09,2026-03-19 11:26:00
12,Starved,2026-03-19 11:26:00,2026-03-19 11:26:08
12,Running,2026-03-19 11:26:08,2026-03-19 11:27:04
2,Running,2026-03-19 11:22:55,2026-03-19 11:27:05
12,Starved,2026-03-19 11:27:04,2026-03-19 11:27:10
8,Running,2026-03-19 11:05:52,2026-03-19 11:27:23
8,Blocked,2026-03-19 11:27:23,2026-03-19 11:27:25
12,Running,2026-03-19 11:27:10,2026-03-19 11:33:06
12,Starved,2026-03-19 11:33:06,2026-03-19 11:33:07
1,Running,2026-03-19 11:04:31,2026-03-19 11:33:52
12,Running,2026-03-19 11:33:07,2026-03-19 11:34:03
12,Starved,2026-03-19 11:34:03,2026-03-19 11:34:10
5,Down,2026-03-19 11:19:21,2026-03-19 11:35:28
4,Blocked,2026-03-19 11:22:12,2026-03-19 11:35:28
3,Blocked,2026-03-19 11:22:13,2026-03-19 11:35:28
2,Blocked,2026-03-19 11:27:05,2026-03-19 11:35:28
1,Blocked,2026-03-19 11:33:52,2026-03-19 11:35:28
6,Starved,2026-03-19 11:23:07,2026-03-19 11:36:22
3,Running,2026-03-19 11:35:28,2026-03-19 11:36:25
3,Blocked,2026-03-19 11:36:25,2026-03-19 11:36:34
12,Running,2026-03-19 11:34:10,2026-03-19 11:37:13
12,Starved,2026-03-19 11:37:13,2026-03-19 11:37:13
3,Running,2026-03-19 11:36:34,2026-03-19 11:37:32
2,Running,2026-03-19 11:35:28,2026-03-19 11:37:32
1,Running,2026-03-19 11:35:28,2026-03-19 11:37:34
3,Blocked,2026-03-19 11:37:32,2026-03-19 11:37:35
2,Blocked,2026-03-19 11:37:32,2026-03-19 11:37:35
1,Blocked,2026-03-19 11:37:34,2026-03-19 11:37:35
1,Running,2026-03-19 11:37:35,2026-03-19 11:38:30
1,Blocked,2026-03-19 11:38:30,2026-03-19 11:38:44
12,Running,2026-03-19 11:37:13,2026-03-19 11:39:12
12,Starved,2026-03-19 11:39:12,2026-03-19 11:39:15
6,Running,2026-03-19 11:36:22,2026-03-19 11:39:22
6,Starved,2026-03-19 11:39:22,2026-03-19 11:39:23
1,Running,2026-03-19 11:38:44,2026-03-19 11:39:44
1,Blocked,2026-03-19 11:39:44,2026-03-19 11:39:44
12,Running,2026-03-19 11:39:15,2026-03-19 11:40:11
6,Running,2026-03-19 11:39:23,2026-03-19 11:40:20
12,Starved,2026-03-19 11:40:11,2026-03-19 11:40:21
6,Starved,2026-03-19 11:40:20,2026-03-19 11:40:27
1,Running,2026-03-19 11:39:44,2026-03-19 11:40:36
1,Blocked,2026-03-19 11:40:36,2026-03-19 11:40:42
6,Running,2026-03-19 11:40:27,2026-03-19 11:41:23
6,Starved,2026-03-19 11:41:23,2026-03-19 11:41:31
2,Running,2026-03-19 11:37:35,2026-03-19 11:41:46
2,Blocked,2026-03-19 11:41:46,2026-03-19 11:41:46
3,Running,2026-03-19 11:37:35,2026-03-19 11:42:41
1,Running,2026-03-19 11:40:42,2026-03-19 11:42:46
2,Running,2026-03-19 11:41:46,2026-03-19 11:42:51
3,Blocked,2026-03-19 11:42:41,2026-03-19 11:42:58
2,Blocked,2026-03-19 11:42:51,2026-03-19 11:42:58
1,Blocked,2026-03-19 11:42:46,2026-03-19 11:42:58
6,Running,2026-03-19 11:41:31,2026-03-19 11:43:31
10,Running,2026-03-19 11:21:19,2026-03-19 11:43:39
10,Starved,2026-03-19 11:43:39,2026-03-19 11:43:43
1,Running,2026-03-19 11:42:58,2026-03-19 11:43:58
2,Running,2026-03-19 11:42:58,2026-03-19 11:43:58
3,Running,2026-03-19 11:42:58,2026-03-19 11:43:58
3,Blocked,2026-03-19 11:43:58,2026-03-19 11:44:16
2,Blocked,2026-03-19 11:43:58,2026-03-19 11:44:16
1,Blocked,2026-03-19 11:43:58,2026-03-19 11:44:16
10,Running,2026-03-19 11:43:43,2026-03-19 11:44:45
8,Running,2026-03-19 11:27:25,2026-03-19 11:44:45
10,Starved,2026-03-19 11:44:45,2026-03-19 11:44:45
8,Blocked,2026-03-19 11:44:45,2026-03-19 11:44:45
1,Running,2026-03-19 11:44:16,2026-03-19 11:45:06
2,Running,2026-03-19 11:44:16,2026-03-19 11:45:17
2,Blocked,2026-03-19 11:45:17,2026-03-19 11:45:25
1,Blocked,2026-03-19 11:45:06,2026-03-19 11:45:25
10,Running,2026-03-19 11:44:45,2026-03-19 11:45:42
8,Running,2026-03-19 11:44:45,2026-03-19 11:45:42
10,Starved,2026-03-19 11:45:42,2026-03-19 11:45:43
8,Blocked,2026-03-19 11:45:42,2026-03-19 11:45:43
5,Running,2026-03-19 11:35:28,2026-03-19 11:46:03
3,Running,2026-03-19 11:44:16,2026-03-19 11:46:24
1,Running,2026-03-19 11:45:25,2026-03-19 11:46:25
2,Running,2026-03-19 11:45:25,2026-03-19 11:46:25
3,Blocked,2026-03-19 11:46:24,2026-03-19 11:46:26
2,Blocked,2026-03-19 11:46:25,2026-03-19 11:46:26
1,Blocked,2026-03-19 11:46:25,2026-03-19 11:46:26
6,Down,2026-03-19 11:43:31,2026-03-19 11:47:04
5,Blocked,2026-03-19 11:46:03,2026-03-19 11:47:04
3,Running,2026-03-19 11:46:26,2026-03-19 11:49:16
3,Blocked,2026-03-19 11:49:16,2026-03-19 11:49:24
5,Running,2026-03-19 11:47:04,2026-03-19 11:49:54
5,Blocked,2026-03-19 11:49:54,2026-03-19 11:49:56
3,Running,2026-03-19 11:49:24,2026-03-19 11:50:23
4,Running,2026-03-19 11:35:28,2026-03-19 11:50:28
2,Running,2026-03-19 11:46:26,2026-03-19 11:50:36
1,Running,2026-03-19 11:46:26,2026-03-19 11:50:39
10,Running,2026-03-19 11:45:43,2026-03-19 11:50:45
10,Starved,2026-03-19 11:50:45,2026-03-19 11:50:45
10,Running,2026-03-19 11:50:45,2026-03-19 11:51:43
10,Starved,2026-03-19 11:51:43,2026-03-19 11:51:51
10,Running,2026-03-19 11:51:51,2026-03-19 11:52:47
10,Starved,2026-03-19 11:52:47,2026-03-19 11:52:52
5,Running,2026-03-19 11:49:56,2026-03-19 11:52:56
5,Blocked,2026-03-19 11:52:56,2026-03-19 11:53:00
5,Running,2026-03-19 11:53:00,2026-03-19 11:53:49
5,Blocked,2026-03-19 11:53:49,2026-03-19 11:53:59
5,Running,2026-03-19 11:53:59,2026-03-19 11:54:56
5,Blocked,2026-03-19 11:54:56,2026-03-19 11:55:01
8,Running,2026-03-19 11:45:43,2026-03-19 11:55:55
8,Blocked,2026-03-19 11:55:55,2026-03-19 11:55:59
12,Running,2026-03-19 11:40:21,2026-03-19 11:56:25
12,Starved,2026-03-19 11:56:25,2026-03-19 11:56:26
8,Running,2026-03-19 11:55:59,2026-03-19 11:56:55
10,Running,2026-03-19 11:52:52,2026-03-19 11:56:58
10,Starved,2026-03-19 11:56:58,2026-03-19 11:57:00
8,Blocked,2026-03-19 11:56:55,2026-03-19 11:57:00
12,Running,2026-03-19 11:56:26,2026-03-19 11:57:17
8,Running,2026-03-19 11:57:00,2026-03-19 11:57:55
10,Running,2026-03-19 11:57:00,2026-03-19 11:57:56
10,Starved,2026-03-19 11:57:56,2026-03-19 11:58:09
8,Blocked,2026-03-19 11:57:55,2026-03-19 11:58:09
10,Running,2026-03-19 11:58:09,2026-03-19 11:59:04
8,Running,2026-03-19 11:58:09,2026-03-19 11:59:17
10,Starved,2026-03-19 11:59:04,2026-03-19 11:59:18
8,Blocked,2026-03-19 11:59:17,2026-03-19 11:59:18
11,Running,2026-03-19 10:56:19,2026-03-19 11:59:34
8,Running,2026-03-19 11:59:18,2026-03-19 12:00:14
10,Running,2026-03-19 11:59:18,2026-03-19 12:00:18
10,Starved,2026-03-19 12:00:18,2026-03-19 12:00:24
8,Blocked,2026-03-19 12:00:14,2026-03-19 12:00:24
5,Running,2026-03-19 11:55:01,2026-03-19 12:01:17
8,Running,2026-03-19 12:00:24,2026-03-19 12:01:20
8,Blocked,2026-03-19 12:01:20,2026-03-19 12:01:25
8,Running,2026-03-19 12:01:25,2026-03-19 12:02:20
10,Running,2026-03-19 12:00:24,2026-03-19 12:02:23
10,Starved,2026-03-19 12:02:23,2026-03-19 12:02:29
8,Blocked,2026-03-19 12:02:20,2026-03-19 12:02:29
4,Down,2026-03-19 11:50:28,2026-03-19 12:03:02
3,Blocked,2026-03-19 11:50:23,2026-03-19 12:03:02
2,Blocked,2026-03-19 11:50:36,2026-03-19 12:03:02
1,Blocked,2026-03-19 11:50:39,2026-03-19 12:03:02
3,Running,2026-03-19 12:03:02,2026-03-19 12:03:55
2,Running,2026-03-19 12:03:02,2026-03-19 12:03:57
12,Down,2026-03-19 11:57:17,2026-03-19 12:03:57
11,Blocked,2026-03-19 11:59:34,2026-03-19 12:03:57
1,Running,2026-03-19 12:03:02,2026-03-19 12:04:04
4,Running,2026-03-19 12:03:02,2026-03-19 12:04:05
5,Starved,2026-03-19 12:01:17,2026-03-19 12:04:05
6,Running,2026-03-19 11:47:04,2026-03-19 12:04:42
11,Running,2026-03-19 12:03:57,2026-03-19 12:04:46
5,Running,2026-03-19 12:04:05,2026-03-19 12:04:59
6,Starved,2026-03-19 12:04:42,2026-03-19 12:04:59
11,Blocked,2026-03-19 12:04:46,2026-03-19 12:05:02
10,Running,2026-03-19 12:02:29,2026-03-19 12:05:23
10,Starved,2026-03-19 12:05:23,2026-03-19 12:05:28
6,Running,2026-03-19 12:04:59,2026-03-19 12:05:51
8,Running,2026-03-19 12:02:29,2026-03-19 12:06:29
10,Running,2026-03-19 12:05:28,2026-03-19 12:06:31
10,Starved,2026-03-19 12:06:31,2026-03-19 12:06:33
8,Blocked,2026-03-19 12:06:29,2026-03-19 12:06:33
8,Running,2026-03-19 12:06:33,2026-03-19 12:07:28
10,Running,2026-03-19 12:06:33,2026-03-19 12:07:33
10,Starved,2026-03-19 12:07:33,2026-03-19 12:07:34
8,Blocked,2026-03-19 12:07:28,2026-03-19 12:07:34
11,Running,2026-03-19 12:05:02,2026-03-19 12:09:02
11,Blocked,2026-03-19 12:09:02,2026-03-19 12:09:09
10,Running,2026-03-19 12:07:34,2026-03-19 12:10:29
8,Running,2026-03-19 12:07:34,2026-03-19 12:10:34
10,Starved,2026-03-19 12:10:29,2026-03-19 12:10:48
8,Blocked,2026-03-19 12:10:34,2026-03-19 12:10:48
11,Running,2026-03-19 12:09:09,2026-03-19 12:11:01
11,Blocked,2026-03-19 12:11:01,2026-03-19 12:11:09
10,Running,2026-03-19 12:10:48,2026-03-19 12:11:51
10,Starved,2026-03-19 12:11:51,2026-03-19 12:11:51
4,Down,2026-03-19 12:04:05,2026-03-19 12:12:08
3,Blocked,2026-03-19 12:03:55,2026-03-19 12:12:08
2,Blocked,2026-03-19 12:03:57,2026-03-19 12:12:08
11,Running,2026-03-19 12:11:09,2026-03-19 12:12:10
11,Blocked,2026-03-19 12:12:10,2026-03-19 12:12:14
10,Running,2026-03-19 12:11:51,2026-03-19 12:12:49
8,Running,2026-03-19 12:10:48,2026-03-19 12:12:50
10,Starved,2026-03-19 12:12:49,2026-03-19 12:12:52
8,Blocked,2026-03-19 12:12:50,2026-03-19 12:12:52
5,Starved,2026-03-19 12:04:59,2026-03-19 12:13:06
11,Running,2026-03-19 12:12:14,2026-03-19 12:13:20
11,Blocked,2026-03-19 12:13:20,2026-03-19 12:13:24
5,Running,2026-03-19 12:13:06,2026-03-19 12:14:09
6,Starved,2026-03-19 12:05:51,2026-03-19 12:14:09
3,Running,2026-03-19 12:12:08,2026-03-19 12:14:18
5,Starved,2026-03-19 12:14:09,2026-03-19 12:14:18
3,Blocked,2026-03-19 12:14:18,2026-03-19 12:14:18
2,Down,2026-03-19 12:12:08,2026-03-19 12:14:45
1,Blocked,2026-03-19 12:04:04,2026-03-19 12:14:45
10,Running,2026-03-19 12:12:52,2026-03-19 12:14:47
8,Running,2026-03-19 12:12:52,2026-03-19 12:14:56
10,Starved,2026-03-19 12:14:47,2026-03-19 12:15:02
8,Blocked,2026-03-19 12:14:56,2026-03-19 12:15:02
3,Running,2026-03-19 12:14:18,2026-03-19 12:15:13
5,Running,2026-03-19 12:14:18,2026-03-19 12:15:17
3,Blocked,2026-03-19 12:15:13,2026-03-19 12:15:18
6,Running,2026-03-19 12:14:09,2026-03-19 12:15:19
11,Running,2026-03-19 12:13:24,2026-03-19 12:15:30
12,Running,2026-03-19 12:03:57,2026-03-19 12:15:33
1,Running,2026-03-19 12:14:45,2026-03-19 12:15:51
8,Running,2026-03-19 12:15:02,2026-03-19 12:15:53
1,Blocked,2026-03-19 12:15:51,2026-03-19 12:15:56
8,Blocked,2026-03-19 12:15:53,2026-03-19 12:15:57
3,Running,2026-03-19 12:15:18,2026-03-19 12:16:07
3,Blocked,2026-03-19 12:16:07,2026-03-19 12:16:10
12,Down,2026-03-19 12:15:33,2026-03-19 12:16:44
11,Blocked,2026-03-19 12:15:30,2026-03-19 12:16:44
8,Running,2026-03-19 12:15:57,2026-03-19 12:16:47
10,Running,2026-03-19 12:15:02,2026-03-19 12:16:58
10,Starved,2026-03-19 12:16:58,2026-03-19 12:17:05
8,Blocked,2026-03-19 12:16:47,2026-03-19 12:17:05
3,Running,2026-03-19 12:16:10,2026-03-19 12:17:13
3,Blocked,2026-03-19 12:17:13,2026-03-19 12:17:26
11,Running,2026-03-19 12:16:44,2026-03-19 12:17:38
5,Down,2026-03-19 12:15:17,2026-03-19 12:17:39
11,Blocked,2026-03-19 12:17:38,2026-03-19 12:17:45
8,Running,2026-03-19 12:17:05,2026-03-19 12:17:57
1,Running,2026-03-19 12:15:56,2026-03-19 12:18:00
1,Blocked,2026-03-19 12:18:00,2026-03-19 12:18:02
10,Running,2026-03-19 12:17:05,2026-03-19 12:18:05
10,Starved,2026-03-19 12:18:05,2026-03-19 12:18:09
8,Blocked,2026-03-19 12:17:57,2026-03-19 12:18:09
6,Down,2026-03-19 12:15:19,2026-03-19 12:18:11
3,Running,2026-03-19 12:17:26,2026-03-19 12:18:24
3,Blocked,2026-03-19 12:18:24,2026-03-19 12:18:33
1,Running,2026-03-19 12:18:02,2026-03-19 12:19:00
1,Blocked,2026-03-19 12:19:00,2026-03-19 12:19:02
8,Running,2026-03-19 12:18:09,2026-03-19 12:19:10
10,Running,2026-03-19 12:18:09,2026-03-19 12:19:17
10,Starved,2026-03-19 12:19:17,2026-03-19 12:19:34
8,Blocked,2026-03-19 12:19:10,2026-03-19 12:19:34
3,Running,2026-03-19 12:18:33,2026-03-19 12:19:34
3,Blocked,2026-03-19 12:19:34,2026-03-19 12:19:54
1,Running,2026-03-19 12:19:02,2026-03-19 12:19:57
1,Blocked,2026-03-19 12:19:57,2026-03-19 12:20:03
8,Running,2026-03-19 12:19:34,2026-03-19 12:20:31
10,Running,2026-03-19 12:19:34,2026-03-19 12:20:39
10,Starved,2026-03-19 12:20:39,2026-03-19 12:20:47
8,Blocked,2026-03-19 12:20:31,2026-03-19 12:20:47
3,Running,2026-03-19 12:19:54,2026-03-19 12:20:47
3,Blocked,2026-03-19 12:20:47,2026-03-19 12:21:00
6,Running,2026-03-19 12:18:11,2026-03-19 12:21:00
1,Running,2026-03-19 12:20:03,2026-03-19 12:22:07
1,Blocked,2026-03-19 12:22:07,2026-03-19 12:22:09
5,Running,2026-03-19 12:17:39,2026-03-19 12:23:33
1,Running,2026-03-19 12:22:09,2026-03-19 12:23:58
1,Blocked,2026-03-19 12:23:58,2026-03-19 12:24:13
8,Running,2026-03-19 12:20:47,2026-03-19 12:24:34
10,Running,2026-03-19 12:20:47,2026-03-19 12:24:50
10,Starved,2026-03-19 12:24:50,2026-03-19 12:24:58
8,Blocked,2026-03-19 12:24:34,2026-03-19 12:24:58
6,Down,2026-03-19 12:21:00,2026-03-19 12:25:05
5,Blocked,2026-03-19 12:23:33,2026-03-19 12:25:05
3,Running,2026-03-19 12:21:00,2026-03-19 12:25:14
3,Blocked,2026-03-19 12:25:14,2026-03-19 12:25:17
5,Running,2026-03-19 12:25:05,2026-03-19 12:25:53
5,Blocked,2026-03-19 12:25:53,2026-03-19 12:26:04
3,Running,2026-03-19 12:25:17,2026-03-19 12:26:16
3,Blocked,2026-03-19 12:26:16,2026-03-19 12:26:18
8,Running,2026-03-19 12:24:58,2026-03-19 12:26:57
8,Blocked,2026-03-19 12:26:57,2026-03-19 12:26:59
1,Running,2026-03-19 12:24:13,2026-03-19 12:27:11
1,Blocked,2026-03-19 12:27:11,2026-03-19 12:27:15
3,Running,2026-03-19 12:26:18,2026-03-19 12:27:28
3,Blocked,2026-03-19 12:27:28,2026-03-19 12:27:34
8,Down,2026-03-19 12:26:59,2026-03-19 12:28:23
3,Running,2026-03-19 12:27:34,2026-03-19 12:28:33
3,Blocked,2026-03-19 12:28:33,2026-03-19 12:28:39
3,Running,2026-03-19 12:28:39,2026-03-19 12:29:32
3,Blocked,2026-03-19 12:29:32,2026-03-19 12:29:50
10,Running,2026-03-19 12:24:58,2026-03-19 12:30:59
10,Starved,2026-03-19 12:30:59,2026-03-19 12:31:03
3,Running,2026-03-19 12:29:50,2026-03-19 12:31:52
3,Blocked,2026-03-19 12:31:52,2026-03-19 12:32:12
3,Running,2026-03-19 12:32:12,2026-03-19 12:33:14
3,Blocked,2026-03-19 12:33:14,2026-03-19 12:33:25
10,Running,2026-03-19 12:31:03,2026-03-19 12:35:17
10,Starved,2026-03-19 12:35:17,2026-03-19 12:35:27
10,Running,2026-03-19 12:35:27,2026-03-19 12:36:20
10,Starved,2026-03-19 12:36:20,2026-03-19 12:36:28
3,Running,2026-03-19 12:33:25,2026-03-19 12:36:36
3,Blocked,2026-03-19 12:36:36,2026-03-19 12:36:39
10,Running,2026-03-19 12:36:28,2026-03-19 12:37:28
10,Starved,2026-03-19 12:37:28,2026-03-19 12:37:30
5,Running,2026-03-19 12:26:04,2026-03-19 12:37:50
5,Blocked,2026-03-19 12:37:50,2026-03-19 12:37:53
10,Running,2026-03-19 12:37:30,2026-03-19 12:38:25
10,Starved,2026-03-19 12:38:25,2026-03-19 12:38:36
10,Running,2026-03-19 12:38:36,2026-03-19 12:39:35
10,Starved,2026-03-19 12:39:35,2026-03-19 12:39:37
5,Running,2026-03-19 12:37:53,2026-03-19 12:39:43
11,Running,2026-03-19 12:17:45,2026-03-19 12:39:49
5,Blocked,2026-03-19 12:39:43,2026-03-19 12:39:49
11,Blocked,2026-03-19 12:39:49,2026-03-19 12:39:51
11,Running,2026-03-19 12:39:51,2026-03-19 12:41:52
2,Running,2026-03-19 12:14:45,2026-03-19 12:41:54
11,Blocked,2026-03-19 12:41:52,2026-03-19 12:41:56
2,Blocked,2026-03-19 12:41:54,2026-03-19 12:42:06
10,Running,2026-03-19 12:39:37,2026-03-19 12:42:27
5,Running,2026-03-19 12:39:49,2026-03-19 12:42:50
5,Blocked,2026-03-19 12:42:50,2026-03-19 12:42:53
11,Running,2026-03-19 12:41:56,2026-03-19 12:42:56
10,Starved,2026-03-19 12:42:27,2026-03-19 12:42:58
11,Blocked,2026-03-19 12:42:56,2026-03-19 12:42:58
5,Running,2026-03-19 12:42:53,2026-03-19 12:43:42
5,Blocked,2026-03-19 12:43:42,2026-03-19 12:43:51
11,Running,2026-03-19 12:42:58,2026-03-19 12:43:58
11,Blocked,2026-03-19 12:43:58,2026-03-19 12:44:00
3,Running,2026-03-19 12:36:39,2026-03-19 12:44:05
3,Blocked,2026-03-19 12:44:05,2026-03-19 12:44:11
5,Running,2026-03-19 12:43:51,2026-03-19 12:44:52
10,Running,2026-03-19 12:42:58,2026-03-19 12:44:53
11,Running,2026-03-19 12:44:00,2026-03-19 12:45:00
5,Blocked,2026-03-19 12:44:52,2026-03-19 12:45:02
11,Blocked,2026-03-19 12:45:00,2026-03-19 12:45:04
2,Running,2026-03-19 12:42:06,2026-03-19 12:45:06
3,Running,2026-03-19 12:44:11,2026-03-19 12:45:07
10,Starved,2026-03-19 12:44:53,2026-03-19 12:45:08
1,Running,2026-03-19 12:27:15,2026-03-19 12:45:16
3,Blocked,2026-03-19 12:45:07,2026-03-19 12:45:18
5,Running,2026-03-19 12:45:02,2026-03-19 12:45:51
11,Running,2026-03-19 12:45:04,2026-03-19 12:46:00
11,Blocked,2026-03-19 12:46:00,2026-03-19 12:46:03
5,Blocked,2026-03-19 12:45:51,2026-03-19 12:46:04
11,Running,2026-03-19 12:46:03,2026-03-19 12:47:02
10,Running,2026-03-19 12:45:08,2026-03-19 12:47:05
11,Blocked,2026-03-19 12:47:02,2026-03-19 12:47:11
8,Running,2026-03-19 12:28:23,2026-03-19 12:47:23
10,Starved,2026-03-19 12:47:05,2026-03-19 12:47:25
8,Blocked,2026-03-19 12:47:23,2026-03-19 12:47:25
3,Down,2026-03-19 12:45:18,2026-03-19 12:48:06
2,Blocked,2026-03-19 12:45:06,2026-03-19 12:48:06
1,Blocked,2026-03-19 12:45:16,2026-03-19 12:48:06
10,Running,2026-03-19 12:47:25,2026-03-19 12:48:21
8,Running,2026-03-19 12:47:25,2026-03-19 12:48:26
10,Starved,2026-03-19 12:48:21,2026-03-19 12:48:34
8,Blocked,2026-03-19 12:48:26,2026-03-19 12:48:34
1,Running,2026-03-19 12:48:06,2026-03-19 12:49:13
1,Blocked,2026-03-19 12:49:13,2026-03-19 12:49:15
10,Running,2026-03-19 12:48:34,2026-03-19 12:49:38
8,Running,2026-03-19 12:48:34,2026-03-19 12:49:48
10,Starved,2026-03-19 12:49:38,2026-03-19 12:49:57
8,Blocked,2026-03-19 12:49:48,2026-03-19 12:49:57
1,Running,2026-03-19 12:49:15,2026-03-19 12:50:08
2,Running,2026-03-19 12:48:06,2026-03-19 12:50:18
2,Blocked,2026-03-19 12:50:18,2026-03-19 12:50:22
1,Blocked,2026-03-19 12:50:08,2026-03-19 12:50:22
10,Running,2026-03-19 12:49:57,2026-03-19 12:50:56
10,Starved,2026-03-19 12:50:56,2026-03-19 12:50:57
11,Running,2026-03-19 12:47:11,2026-03-19 12:51:09
11,Blocked,2026-03-19 12:51:09,2026-03-19 12:51:09
1,Running,2026-03-19 12:50:22,2026-03-19 12:51:17
1,Blocked,2026-03-19 12:51:17,2026-03-19 12:51:26
10,Running,2026-03-19 12:50:57,2026-03-19 12:51:50
11,Running,2026-03-19 12:51:09,2026-03-19 12:52:04
8,Running,2026-03-19 12:49:57,2026-03-19 12:52:13
11,Blocked,2026-03-19 12:52:04,2026-03-19 12:52:15
5,Running,2026-03-19 12:46:04,2026-03-19 12:52:20
5,Starved,2026-03-19 12:52:20,2026-03-19 12:52:21
10,Starved,2026-03-19 12:51:50,2026-03-19 12:52:22
8,Blocked,2026-03-19 12:52:13,2026-03-19 12:52:22
11,Running,2026-03-19 12:52:15,2026-03-19 12:53:15
11,Blocked,2026-03-19 12:53:15,2026-03-19 12:53:20
5,Running,2026-03-19 12:52:21,2026-03-19 12:53:22
10,Running,2026-03-19 12:52:22,2026-03-19 12:53:23
10,Starved,2026-03-19 12:53:23,2026-03-19 12:53:26
5,Starved,2026-03-19 12:53:22,2026-03-19 12:53:36
10,Running,2026-03-19 12:53:26,2026-03-19 12:54:17
5,Running,2026-03-19 12:53:36,2026-03-19 12:54:33
5,Starved,2026-03-19 12:54:33,2026-03-19 12:54:33
8,Running,2026-03-19 12:52:22,2026-03-19 12:54:34
10,Starved,2026-03-19 12:54:17,2026-03-19 12:54:46
8,Blocked,2026-03-19 12:54:34,2026-03-19 12:54:46
1,Running,2026-03-19 12:51:26,2026-03-19 12:55:25
1,Blocked,2026-03-19 12:55:25,2026-03-19 12:55:28
5,Running,2026-03-19 12:54:33,2026-03-19 12:55:30
10,Running,2026-03-19 12:54:46,2026-03-19 12:55:42
5,Starved,2026-03-19 12:55:30,2026-03-19 12:55:42
10,Starved,2026-03-19 12:55:42,2026-03-19 12:55:47
11,Running,2026-03-19 12:53:20,2026-03-19 12:56:09
11,Blocked,2026-03-19 12:56:09,2026-03-19 12:56:10
1,Running,2026-03-19 12:55:28,2026-03-19 12:56:23
1,Blocked,2026-03-19 12:56:23,2026-03-19 12:56:30
5,Running,2026-03-19 12:55:42,2026-03-19 12:56:40
5,Starved,2026-03-19 12:56:40,2026-03-19 12:56:50
11,Running,2026-03-19 12:56:10,2026-03-19 12:57:12
11,Blocked,2026-03-19 12:57:12,2026-03-19 12:57:15
1,Running,2026-03-19 12:56:30,2026-03-19 12:57:25
1,Blocked,2026-03-19 12:57:25,2026-03-19 12:57:32
10,Running,2026-03-19 12:55:47,2026-03-19 12:57:40
10,Starved,2026-03-19 12:57:40,2026-03-19 12:57:41
5,Running,2026-03-19 12:56:50,2026-03-19 12:57:50
5,Starved,2026-03-19 12:57:50,2026-03-19 12:57:53
11,Running,2026-03-19 12:57:15,2026-03-19 12:58:10
11,Blocked,2026-03-19 12:58:10,2026-03-19 12:58:14
1,Running,2026-03-19 12:57:32,2026-03-19 12:58:21
1,Blocked,2026-03-19 12:58:21,2026-03-19 12:58:36
5,Running,2026-03-19 12:57:53,2026-03-19 12:58:56
5,Starved,2026-03-19 12:58:56,2026-03-19 12:59:01
2,Running,2026-03-19 12:50:22,2026-03-19 12:59:28
2,Blocked,2026-03-19 12:59:28,2026-03-19 12:59:30
5,Running,2026-03-19 12:59:01,2026-03-19 13:00:06
5,Starved,2026-03-19 13:00:06,2026-03-19 13:00:09
2,Running,2026-03-19 12:59:30,2026-03-19 13:00:22
2,Blocked,2026-03-19 13:00:22,2026-03-19 13:00:29
5,Running,2026-03-19 13:00:09,2026-03-19 13:01:03
5,Starved,2026-03-19 13:01:03,2026-03-19 13:01:23
2,Running,2026-03-19 13:00:29,2026-03-19 13:01:28
2,Blocked,2026-03-19 13:01:28,2026-03-19 13:01:36
5,Running,2026-03-19 13:01:23,2026-03-19 13:02:27
2,Running,2026-03-19 13:01:36,2026-03-19 13:02:28
5,Starved,2026-03-19 13:02:27,2026-03-19 13:02:33
2,Blocked,2026-03-19 13:02:28,2026-03-19 13:02:36
10,Running,2026-03-19 12:57:41,2026-03-19 13:03:46
10,Starved,2026-03-19 13:03:46,2026-03-19 13:04:09
5,Running,2026-03-19 13:02:33,2026-03-19 13:04:30
5,Starved,2026-03-19 13:04:30,2026-03-19 13:04:38
10,Running,2026-03-19 13:04:09,2026-03-19 13:05:05
10,Starved,2026-03-19 13:05:05,2026-03-19 13:05:15
5,Running,2026-03-19 13:04:38,2026-03-19 13:05:28
5,Starved,2026-03-19 13:05:28,2026-03-19 13:05:47
10,Running,2026-03-19 13:05:15,2026-03-19 13:06:11
10,Starved,2026-03-19 13:06:11,2026-03-19 13:06:16
5,Running,2026-03-19 13:05:47,2026-03-19 13:06:46
5,Starved,2026-03-19 13:06:46,2026-03-19 13:06:50
10,Running,2026-03-19 13:06:16,2026-03-19 13:07:15
10,Starved,2026-03-19 13:07:15,2026-03-19 13:07:18
2,Running,2026-03-19 13:02:36,2026-03-19 13:07:35
2,Blocked,2026-03-19 13:07:35,2026-03-19 13:07:38
2,Running,2026-03-19 13:07:38,2026-03-19 13:08:29
3,Running,2026-03-19 12:48:06,2026-03-19 13:08:47
3,Down,2026-03-19 13:08:47,2026-03-19 13:08:51
2,Blocked,2026-03-19 13:08:29,2026-03-19 13:08:51
1,Running,2026-03-19 12:58:36,2026-03-19 13:09:44
2,Running,2026-03-19 13:08:51,2026-03-19 13:09:54
2,Blocked,2026-03-19 13:09:54,2026-03-19 13:09:56
1,Blocked,2026-03-19 13:09:44,2026-03-19 13:09:56
8,Running,2026-03-19 12:54:46,2026-03-19 13:10:14
8,Blocked,2026-03-19 13:10:14,2026-03-19 13:10:21
1,Running,2026-03-19 13:09:56,2026-03-19 13:10:53
2,Running,2026-03-19 13:09:56,2026-03-19 13:11:02
2,Blocked,2026-03-19 13:11:02,2026-03-19 13:11:11
1,Blocked,2026-03-19 13:10:53,2026-03-19 13:11:11
1,Running,2026-03-19 13:11:11,2026-03-19 13:12:07
1,Blocked,2026-03-19 13:12:07,2026-03-19 13:12:09
1,Running,2026-03-19 13:12:09,2026-03-19 13:13:04
1,Blocked,2026-03-19 13:13:04,2026-03-19 13:13:11
7,Running,2026-03-19 11:04:58,2026-03-19 13:13:47
5,Running,2026-03-19 13:06:50,2026-03-19 13:13:57
1,Running,2026-03-19 13:13:11,2026-03-19 13:14:15
5,Starved,2026-03-19 13:13:57,2026-03-19 13:14:19
1,Blocked,2026-03-19 13:14:15,2026-03-19 13:14:19
5,Running,2026-03-19 13:14:19,2026-03-19 13:15:28
8,Running,2026-03-19 13:10:21,2026-03-19 13:15:30
5,Starved,2026-03-19 13:15:28,2026-03-19 13:15:52
2,Running,2026-03-19 13:11:11,2026-03-19 13:17:08
2,Blocked,2026-03-19 13:17:08,2026-03-19 13:17:18
1,Running,2026-03-19 13:14:19,2026-03-19 13:18:20
2,Running,2026-03-19 13:17:18,2026-03-19 13:18:22
2,Blocked,2026-03-19 13:18:22,2026-03-19 13:18:23
1,Blocked,2026-03-19 13:18:20,2026-03-19 13:18:23
2,Running,2026-03-19 13:18:23,2026-03-19 13:19:22
1,Running,2026-03-19 13:18:23,2026-03-19 13:19:25
2,Blocked,2026-03-19 13:19:22,2026-03-19 13:19:29
1,Blocked,2026-03-19 13:19:25,2026-03-19 13:19:29
5,Running,2026-03-19 13:15:52,2026-03-19 13:20:01
5,Starved,2026-03-19 13:20:01,2026-03-19 13:20:08
9,Running,2026-03-19 11:04:58,2026-03-19 13:20:21
1,Running,2026-03-19 13:19:29,2026-03-19 13:20:34
1,Blocked,2026-03-19 13:20:34,2026-03-19 13:20:39
7,Down,2026-03-19 13:13:47,2026-03-19 13:20:47
5,Running,2026-03-19 13:20:08,2026-03-19 13:21:05
5,Starved,2026-03-19 13:21:05,2026-03-19 13:21:07
1,Running,2026-03-19 13:20:39,2026-03-19 13:21:37
8,Starved,2026-03-19 13:15:30,2026-03-19 13:21:43
1,Blocked,2026-03-19 13:21:37,2026-03-19 13:21:46
5,Running,2026-03-19 13:21:07,2026-03-19 13:22:14
10,Running,2026-03-19 13:07:18,2026-03-19 13:22:14
1,Running,2026-03-19 13:21:46,2026-03-19 13:22:39
1,Blocked,2026-03-19 13:22:39,2026-03-19 13:22:44
8,Running,2026-03-19 13:21:43,2026-03-19 13:22:49
9,Starved,2026-03-19 13:20:21,2026-03-19 13:22:49
8,Starved,2026-03-19 13:22:49,2026-03-19 13:22:53
6,Running,2026-03-19 12:25:05,2026-03-19 13:23:23
8,Running,2026-03-19 13:22:53,2026-03-19 13:23:39
10,Starved,2026-03-19 13:22:14,2026-03-19 13:23:53
8,Starved,2026-03-19 13:23:39,2026-03-19 13:24:06
3,Running,2026-03-19 13:08:51,2026-03-19 13:24:22
3,Blocked,2026-03-19 13:24:22,2026-03-19 13:24:35
9,Running,2026-03-19 13:22:49,2026-03-19 13:24:46
12,Running,2026-03-19 12:16:44,2026-03-19 13:24:49
9,Starved,2026-03-19 13:24:46,2026-03-19 13:25:12
2,Running,2026-03-19 13:19:29,2026-03-19 13:25:30
1,Running,2026-03-19 13:22:44,2026-03-19 13:25:35
10,Running,2026-03-19 13:23:53,2026-03-19 13:25:41
3,Running,2026-03-19 13:24:35,2026-03-19 13:25:42
5,Down,2026-03-19 13:22:14,2026-03-19 13:25:46
4,Running,2026-03-19 12:12:08,2026-03-19 13:25:52
11,Running,2026-03-19 12:58:14,2026-03-19 13:25:54
8,Running,2026-03-19 13:24:06,2026-03-19 13:26:02
10,Starved,2026-03-19 13:25:41,2026-03-19 13:26:23
12,Down,2026-03-19 13:24:49,2026-03-19 13:26:25
11,Blocked,2026-03-19 13:25:54,2026-03-19 13:26:25
8,Starved,2026-03-19 13:26:02,2026-03-19 13:26:26
6,Starved,2026-03-19 13:23:23,2026-03-19 13:26:44
9,Running,2026-03-19 13:25:12,2026-03-19 13:27:14
11,Running,2026-03-19 13:26:25,2026-03-19 13:27:23
11,Starved,2026-03-19 13:27:23,2026-03-19 13:27:26
8,Running,2026-03-19 13:26:26,2026-03-19 13:27:27
9,Starved,2026-03-19 13:27:14,2026-03-19 13:27:27
8,Starved,2026-03-19 13:27:27,2026-03-19 13:27:31
6,Running,2026-03-19 13:26:44,2026-03-19 13:27:39
6,Starved,2026-03-19 13:27:39,2026-03-19 13:27:44
11,Running,2026-03-19 13:27:26,2026-03-19 13:28:23
9,Running,2026-03-19 13:27:27,2026-03-19 13:28:31
8,Running,2026-03-19 13:27:31,2026-03-19 13:28:35
9,Starved,2026-03-19 13:28:31,2026-03-19 13:28:35
11,Starved,2026-03-19 13:28:23,2026-03-19 13:28:36
8,Starved,2026-03-19 13:28:35,2026-03-19 13:28:59
11,Running,2026-03-19 13:28:36,2026-03-19 13:29:33
10,Running,2026-03-19 13:26:23,2026-03-19 13:29:35
11,Starved,2026-03-19 13:29:33,2026-03-19 13:29:35
5,Running,2026-03-19 13:25:46,2026-03-19 13:29:39
9,Running,2026-03-19 13:28:35,2026-03-19 13:29:39
10,Starved,2026-03-19 13:29:35,2026-03-19 13:29:39
8,Running,2026-03-19 13:28:59,2026-03-19 13:29:57
9,Starved,2026-03-19 13:29:39,2026-03-19 13:29:57
8,Starved,2026-03-19 13:29:57,2026-03-19 13:30:00
11,Running,2026-03-19 13:29:35,2026-03-19 13:30:26
10,Running,2026-03-19 13:29:39,2026-03-19 13:30:42
11,Starved,2026-03-19 13:30:26,2026-03-19 13:30:42
6,Running,2026-03-19 13:27:44,2026-03-19 13:30:44
8,Running,2026-03-19 13:30:00,2026-03-19 13:30:46
8,Starved,2026-03-19 13:30:46,2026-03-19 13:31:01
10,Starved,2026-03-19 13:30:42,2026-03-19 13:31:25
11,Running,2026-03-19 13:30:42,2026-03-19 13:31:33
8,Running,2026-03-19 13:31:01,2026-03-19 13:31:50
8,Starved,2026-03-19 13:31:50,2026-03-19 13:31:59
10,Running,2026-03-19 13:31:25,2026-03-19 13:32:20
11,Starved,2026-03-19 13:31:33,2026-03-19 13:32:20
10,Starved,2026-03-19 13:32:20,2026-03-19 13:32:30
11,Running,2026-03-19 13:32:20,2026-03-19 13:33:21
11,Starved,2026-03-19 13:33:21,2026-03-19 13:33:25
8,Running,2026-03-19 13:31:59,2026-03-19 13:33:52
8,Starved,2026-03-19 13:33:52,2026-03-19 13:33:52
8,Running,2026-03-19 13:33:52,2026-03-19 13:34:52
8,Starved,2026-03-19 13:34:52,2026-03-19 13:35:01
10,Running,2026-03-19 13:32:30,2026-03-19 13:35:16
8,Running,2026-03-19 13:35:01,2026-03-19 13:36:01
8,Starved,2026-03-19 13:36:01,2026-03-19 13:36:01
10,Down,2026-03-19 13:35:16,2026-03-19 13:36:30
11,Running,2026-03-19 13:33:25,2026-03-19 13:36:35
8,Running,2026-03-19 13:36:01,2026-03-19 13:36:53
11,Starved,2026-03-19 13:36:35,2026-03-19 13:37:20
8,Starved,2026-03-19 13:36:53,2026-03-19 13:37:29
9,Running,2026-03-19 13:29:57,2026-03-19 13:38:17
8,Running,2026-03-19 13:37:29,2026-03-19 13:38:23
9,Starved,2026-03-19 13:38:17,2026-03-19 13:38:23
8,Starved,2026-03-19 13:38:23,2026-03-19 13:38:36
4,Down,2026-03-19 13:25:52,2026-03-19 13:38:40
3,Blocked,2026-03-19 13:25:42,2026-03-19 13:38:40
2,Blocked,2026-03-19 13:25:30,2026-03-19 13:38:40
1,Blocked,2026-03-19 13:25:35,2026-03-19 13:38:40
11,Running,2026-03-19 13:37:20,2026-03-19 13:39:19
11,Starved,2026-03-19 13:39:19,2026-03-19 13:39:26
8,Running,2026-03-19 13:38:36,2026-03-19 13:39:32
3,Running,2026-03-19 13:38:40,2026-03-19 13:39:34
1,Running,2026-03-19 13:38:40,2026-03-19 13:39:35
2,Running,2026-03-19 13:38:40,2026-03-19 13:39:40
8,Starved,2026-03-19 13:39:32,2026-03-19 13:39:41
5,Starved,2026-03-19 13:29:39,2026-03-19 13:39:48
3,Blocked,2026-03-19 13:39:34,2026-03-19 13:39:48
2,Blocked,2026-03-19 13:39:40,2026-03-19 13:39:48
1,Blocked,2026-03-19 13:39:35,2026-03-19 13:39:48
9,Running,2026-03-19 13:38:23,2026-03-19 13:40:38
3,Running,2026-03-19 13:39:48,2026-03-19 13:40:42
5,Running,2026-03-19 13:39:48,2026-03-19 13:40:46
6,Starved,2026-03-19 13:30:44,2026-03-19 13:40:46
1,Running,2026-03-19 13:39:48,2026-03-19 13:40:46
2,Running,2026-03-19 13:39:48,2026-03-19 13:40:48
9,Starved,2026-03-19 13:40:38,2026-03-19 13:40:48
5,Starved,2026-03-19 13:40:46,2026-03-19 13:40:51
3,Blocked,2026-03-19 13:40:42,2026-03-19 13:40:51
2,Blocked,2026-03-19 13:40:48,2026-03-19 13:40:51
1,Blocked,2026-03-19 13:40:46,2026-03-19 13:40:51
8,Running,2026-03-19 13:39:41,2026-03-19 13:41:39
3,Running,2026-03-19 13:40:51,2026-03-19 13:41:46
8,Starved,2026-03-19 13:41:39,2026-03-19 13:41:47
6,Running,2026-03-19 13:40:46,2026-03-19 13:41:47
2,Running,2026-03-19 13:40:51,2026-03-19 13:41:47
5,Running,2026-03-19 13:40:51,2026-03-19 13:41:48
6,Starved,2026-03-19 13:41:47,2026-03-19 13:41:48
5,Starved,2026-03-19 13:41:48,2026-03-19 13:41:57
3,Blocked,2026-03-19 13:41:46,2026-03-19 13:41:57
2,Blocked,2026-03-19 13:41:47,2026-03-19 13:41:57
6,Running,2026-03-19 13:41:48,2026-03-19 13:42:41
8,Running,2026-03-19 13:41:47,2026-03-19 13:42:46
1,Running,2026-03-19 13:40:51,2026-03-19 13:42:52
5,Running,2026-03-19 13:41:57,2026-03-19 13:42:54
6,Starved,2026-03-19 13:42:41,2026-03-19 13:42:54
3,Running,2026-03-19 13:41:57,2026-03-19 13:42:57
8,Starved,2026-03-19 13:42:46,2026-03-19 13:42:57
2,Running,2026-03-19 13:41:57,2026-03-19 13:42:58
5,Starved,2026-03-19 13:42:54,2026-03-19 13:43:13
3,Blocked,2026-03-19 13:42:57,2026-03-19 13:43:13
2,Blocked,2026-03-19 13:42:58,2026-03-19 13:43:13
1,Blocked,2026-03-19 13:42:52,2026-03-19 13:43:13
9,Running,2026-03-19 13:40:48,2026-03-19 13:43:49
8,Running,2026-03-19 13:42:57,2026-03-19 13:43:53
9,Starved,2026-03-19 13:43:49,2026-03-19 13:43:53
8,Starved,2026-03-19 13:43:53,2026-03-19 13:43:53
6,Running,2026-03-19 13:42:54,2026-03-19 13:43:54
2,Running,2026-03-19 13:43:13,2026-03-19 13:44:10
5,Running,2026-03-19 13:43:13,2026-03-19 13:44:13
6,Starved,2026-03-19 13:43:54,2026-03-19 13:44:13
3,Running,2026-03-19 13:43:13,2026-03-19 13:44:14
1,Running,2026-03-19 13:43:13,2026-03-19 13:44:18
8,Running,2026-03-19 13:43:53,2026-03-19 13:44:45
5,Starved,2026-03-19 13:44:13,2026-03-19 13:44:48
3,Blocked,2026-03-19 13:44:14,2026-03-19 13:44:48
2,Blocked,2026-03-19 13:44:10,2026-03-19 13:44:48
1,Blocked,2026-03-19 13:44:18,2026-03-19 13:44:48
8,Starved,2026-03-19 13:44:45,2026-03-19 13:45:02
6,Running,2026-03-19 13:44:13,2026-03-19 13:45:17
1,Running,2026-03-19 13:44:48,2026-03-19 13:45:44
3,Running,2026-03-19 13:44:48,2026-03-19 13:45:46
2,Running,2026-03-19 13:44:48,2026-03-19 13:45:49
5,Running,2026-03-19 13:44:48,2026-03-19 13:45:49
6,Starved,2026-03-19 13:45:17,2026-03-19 13:45:49
9,Running,2026-03-19 13:43:53,2026-03-19 13:45:52
8,Running,2026-03-19 13:45:02,2026-03-19 13:45:57
9,Starved,2026-03-19 13:45:52,2026-03-19 13:45:57
8,Starved,2026-03-19 13:45:57,2026-03-19 13:45:57
5,Starved,2026-03-19 13:45:49,2026-03-19 13:46:09
3,Blocked,2026-03-19 13:45:46,2026-03-19 13:46:09
2,Blocked,2026-03-19 13:45:49,2026-03-19 13:46:09
1,Blocked,2026-03-19 13:45:44,2026-03-19 13:46:09
11,Running,2026-03-19 13:39:26,2026-03-19 13:46:35
11,Starved,2026-03-19 13:46:35,2026-03-19 13:46:35
6,Running,2026-03-19 13:45:49,2026-03-19 13:46:46
8,Running,2026-03-19 13:45:57,2026-03-19 13:46:53
1,Running,2026-03-19 13:46:09,2026-03-19 13:47:05
3,Running,2026-03-19 13:46:09,2026-03-19 13:47:06
2,Running,2026-03-19 13:46:09,2026-03-19 13:47:08
3,Blocked,2026-03-19 13:47:06,2026-03-19 13:47:10
2,Blocked,2026-03-19 13:47:08,2026-03-19 13:47:10
1,Blocked,2026-03-19 13:47:05,2026-03-19 13:47:10
8,Starved,2026-03-19 13:46:53,2026-03-19 13:47:16
6,Starved,2026-03-19 13:46:46,2026-03-19 13:47:19
2,Running,2026-03-19 13:47:10,2026-03-19 13:48:03
1,Running,2026-03-19 13:47:10,2026-03-19 13:48:08
3,Running,2026-03-19 13:47:10,2026-03-19 13:48:11
8,Running,2026-03-19 13:47:16,2026-03-19 13:48:12
3,Blocked,2026-03-19 13:48:11,2026-03-19 13:48:13
2,Blocked,2026-03-19 13:48:03,2026-03-19 13:48:13
1,Blocked,2026-03-19 13:48:08,2026-03-19 13:48:13
6,Running,2026-03-19 13:47:19,2026-03-19 13:48:23
6,Starved,2026-03-19 13:48:23,2026-03-19 13:48:23
11,Running,2026-03-19 13:46:35,2026-03-19 13:48:29
11,Starved,2026-03-19 13:48:29,2026-03-19 13:48:42
8,Starved,2026-03-19 13:48:12,2026-03-19 13:48:49
2,Running,2026-03-19 13:48:13,2026-03-19 13:49:13
2,Blocked,2026-03-19 13:49:13,2026-03-19 13:49:16
6,Running,2026-03-19 13:48:23,2026-03-19 13:49:20
5,Running,2026-03-19 13:46:09,2026-03-19 13:49:28
6,Starved,2026-03-19 13:49:20,2026-03-19 13:49:28
10,Running,2026-03-19 13:36:30,2026-03-19 13:49:36
12,Running,2026-03-19 13:26:25,2026-03-19 13:49:47
12,Starved,2026-03-19 13:49:47,2026-03-19 13:49:47
9,Running,2026-03-19 13:45:57,2026-03-19 13:49:49
10,Starved,2026-03-19 13:49:36,2026-03-19 13:49:49
8,Running,2026-03-19 13:48:49,2026-03-19 13:49:52
9,Starved,2026-03-19 13:49:49,2026-03-19 13:49:52
3,Running,2026-03-19 13:48:13,2026-03-19 13:50:13
8,Starved,2026-03-19 13:49:52,2026-03-19 13:50:13
3,Blocked,2026-03-19 13:50:13,2026-03-19 13:50:22
1,Running,2026-03-19 13:48:13,2026-03-19 13:50:27
1,Blocked,2026-03-19 13:50:27,2026-03-19 13:50:30
12,Running,2026-03-19 13:49:47,2026-03-19 13:50:37
6,Running,2026-03-19 13:49:28,2026-03-19 13:50:39
5,Down,2026-03-19 13:49:28,2026-03-19 13:50:39
11,Running,2026-03-19 13:48:42,2026-03-19 13:50:48
12,Starved,2026-03-19 13:50:37,2026-03-19 13:50:48
10,Running,2026-03-19 13:49:49,2026-03-19 13:50:53
11,Starved,2026-03-19 13:50:48,2026-03-19 13:50:53
9,Running,2026-03-19 13:49:52,2026-03-19 13:51:09
10,Starved,2026-03-19 13:50:53,2026-03-19 13:51:09
2,Running,2026-03-19 13:49:16,2026-03-19 13:51:19
9,Starved,2026-03-19 13:51:09,2026-03-19 13:51:22
2,Blocked,2026-03-19 13:51:19,2026-03-19 13:51:29
6,Starved,2026-03-19 13:50:39,2026-03-19 13:51:42
11,Running,2026-03-19 13:50:53,2026-03-19 13:51:50
10,Running,2026-03-19 13:51:09,2026-03-19 13:52:06
11,Starved,2026-03-19 13:51:50,2026-03-19 13:52:06
8,Running,2026-03-19 13:50:13,2026-03-19 13:52:23
3,Running,2026-03-19 13:50:22,2026-03-19 13:52:24
2,Running,2026-03-19 13:51:29,2026-03-19 13:52:27
8,Starved,2026-03-19 13:52:23,2026-03-19 13:52:28
1,Running,2026-03-19 13:50:30,2026-03-19 13:52:37
10,Starved,2026-03-19 13:52:06,2026-03-19 13:52:40
3,Blocked,2026-03-19 13:52:24,2026-03-19 13:52:40
2,Blocked,2026-03-19 13:52:27,2026-03-19 13:52:40
1,Blocked,2026-03-19 13:52:37,2026-03-19 13:52:40
6,Running,2026-03-19 13:51:42,2026-03-19 13:52:40
12,Running,2026-03-19 13:50:48,2026-03-19 13:52:57
11,Running,2026-03-19 13:52:06,2026-03-19 13:53:01
12,Starved,2026-03-19 13:52:57,2026-03-19 13:53:01
3,Running,2026-03-19 13:52:40,2026-03-19 13:53:31
10,Running,2026-03-19 13:52:40,2026-03-19 13:53:33
11,Starved,2026-03-19 13:53:01,2026-03-19 13:53:33
1,Running,2026-03-19 13:52:40,2026-03-19 13:53:34
10,Starved,2026-03-19 13:53:33,2026-03-19 13:53:42
2,Running,2026-03-19 13:52:40,2026-03-19 13:53:49
12,Running,2026-03-19 13:53:01,2026-03-19 13:53:58
3,Blocked,2026-03-19 13:53:31,2026-03-19 13:54:18
2,Blocked,2026-03-19 13:53:49,2026-03-19 13:54:18
1,Blocked,2026-03-19 13:53:34,2026-03-19 13:54:18
11,Running,2026-03-19 13:53:33,2026-03-19 13:54:28
12,Starved,2026-03-19 13:53:58,2026-03-19 13:54:28
10,Running,2026-03-19 13:53:42,2026-03-19 13:54:34
11,Starved,2026-03-19 13:54:28,2026-03-19 13:54:34
10,Starved,2026-03-19 13:54:34,2026-03-19 13:54:58
3,Running,2026-03-19 13:54:18,2026-03-19 13:55:12
1,Running,2026-03-19 13:54:18,2026-03-19 13:55:23
2,Running,2026-03-19 13:54:18,2026-03-19 13:55:23
12,Running,2026-03-19 13:54:28,2026-03-19 13:55:24
3,Blocked,2026-03-19 13:55:12,2026-03-19 13:55:24
2,Blocked,2026-03-19 13:55:23,2026-03-19 13:55:24
11,Running,2026-03-19 13:54:34,2026-03-19 13:55:29
12,Starved,2026-03-19 13:55:24,2026-03-19 13:55:29
5,Running,2026-03-19 13:50:39,2026-03-19 13:55:43
11,Starved,2026-03-19 13:55:29,2026-03-19 13:55:55
8,Running,2026-03-19 13:52:28,2026-03-19 13:56:28
12,Running,2026-03-19 13:55:29,2026-03-19 13:56:38
7,Running,2026-03-19 13:20:47,2026-03-19 13:56:43
8,Starved,2026-03-19 13:56:28,2026-03-19 13:56:43
11,Running,2026-03-19 13:55:55,2026-03-19 13:56:44
12,Starved,2026-03-19 13:56:38,2026-03-19 13:56:44
11,Starved,2026-03-19 13:56:44,2026-03-19 13:56:56
3,Running,2026-03-19 13:55:24,2026-03-19 13:57:24
12,Running,2026-03-19 13:56:44,2026-03-19 13:57:38
8,Running,2026-03-19 13:56:43,2026-03-19 13:57:42
3,Blocked,2026-03-19 13:57:24,2026-03-19 13:57:46
11,Running,2026-03-19 13:56:56,2026-03-19 13:57:58
12,Starved,2026-03-19 13:57:38,2026-03-19 13:57:58
11,Starved,2026-03-19 13:57:58,2026-03-19 13:58:01
9,Running,2026-03-19 13:51:22,2026-03-19 13:58:44
2,Down,2026-03-19 13:55:24,2026-03-19 13:58:48
1,Blocked,2026-03-19 13:55:23,2026-03-19 13:58:48
12,Running,2026-03-19 13:57:58,2026-03-19 13:58:56
12,Starved,2026-03-19 13:58:56,2026-03-19 13:58:59
11,Running,2026-03-19 13:58:01,2026-03-19 13:59:54
10,Running,2026-03-19 13:54:58,2026-03-19 14:00:04
11,Starved,2026-03-19 13:59:54,2026-03-19 14:00:04
6,Down,2026-03-19 13:52:40,2026-03-19 14:00:05
5,Blocked,2026-03-19 13:55:43,2026-03-19 14:00:05
12,Running,2026-03-19 13:58:59,2026-03-19 14:01:00
5,Running,2026-03-19 14:00:05,2026-03-19 14:01:01
5,Blocked,2026-03-19 14:01:01,2026-03-19 14:01:04
11,Running,2026-03-19 14:00:04,2026-03-19 14:01:11
12,Starved,2026-03-19 14:01:00,2026-03-19 14:01:11
5,Running,2026-03-19 14:01:04,2026-03-19 14:02:03
5,Blocked,2026-03-19 14:02:03,2026-03-19 14:02:05
12,Running,2026-03-19 14:01:11,2026-03-19 14:02:14
5,Running,2026-03-19 14:02:05,2026-03-19 14:03:06
5,Blocked,2026-03-19 14:03:06,2026-03-19 14:03:08
1,Running,2026-03-19 13:58:48,2026-03-19 14:03:52
5,Running,2026-03-19 14:03:08,2026-03-19 14:03:58
1,Blocked,2026-03-19 14:03:52,2026-03-19 14:04:00
5,Blocked,2026-03-19 14:03:58,2026-03-19 14:04:03
7,Down,2026-03-19 13:56:43,2026-03-19 14:04:36
3,Running,2026-03-19 13:57:46,2026-03-19 14:04:47
3,Blocked,2026-03-19 14:04:47,2026-03-19 14:04:47
8,Starved,2026-03-19 13:57:42,2026-03-19 14:05:34
3,Running,2026-03-19 14:04:47,2026-03-19 14:05:51
5,Running,2026-03-19 14:04:03,2026-03-19 14:06:06
5,Blocked,2026-03-19 14:06:06,2026-03-19 14:06:10
3,Blocked,2026-03-19 14:05:51,2026-03-19 14:06:12
8,Running,2026-03-19 14:05:34,2026-03-19 14:06:33
9,Starved,2026-03-19 13:58:44,2026-03-19 14:06:33
8,Starved,2026-03-19 14:06:33,2026-03-19 14:06:49
3,Running,2026-03-19 14:06:12,2026-03-19 14:07:07
9,Running,2026-03-19 14:06:33,2026-03-19 14:07:34
10,Starved,2026-03-19 14:00:04,2026-03-19 14:07:34
3,Blocked,2026-03-19 14:07:07,2026-03-19 14:07:35
8,Running,2026-03-19 14:06:49,2026-03-19 14:07:43
9,Starved,2026-03-19 14:07:34,2026-03-19 14:07:43
8,Starved,2026-03-19 14:07:43,2026-03-19 14:07:57
5,Running,2026-03-19 14:06:10,2026-03-19 14:08:03
5,Blocked,2026-03-19 14:08:03,2026-03-19 14:08:09
1,Running,2026-03-19 14:04:00,2026-03-19 14:08:14
10,Running,2026-03-19 14:07:34,2026-03-19 14:08:34
11,Starved,2026-03-19 14:01:11,2026-03-19 14:08:34
9,Running,2026-03-19 14:07:43,2026-03-19 14:08:41
10,Starved,2026-03-19 14:08:34,2026-03-19 14:08:41
8,Running,2026-03-19 14:07:57,2026-03-19 14:08:54
9,Starved,2026-03-19 14:08:41,2026-03-19 14:08:54
8,Starved,2026-03-19 14:08:54,2026-03-19 14:09:03
5,Running,2026-03-19 14:08:09,2026-03-19 14:09:09
5,Blocked,2026-03-19 14:09:09,2026-03-19 14:09:11
11,Running,2026-03-19 14:08:34,2026-03-19 14:09:35
12,Starved,2026-03-19 14:02:14,2026-03-19 14:09:35
10,Running,2026-03-19 14:08:41,2026-03-19 14:09:50
11,Starved,2026-03-19 14:09:35,2026-03-19 14:09:50
9,Running,2026-03-19 14:08:54,2026-03-19 14:09:53
10,Starved,2026-03-19 14:09:50,2026-03-19 14:09:53
8,Running,2026-03-19 14:09:03,2026-03-19 14:10:04
9,Starved,2026-03-19 14:09:53,2026-03-19 14:10:04
5,Running,2026-03-19 14:09:11,2026-03-19 14:10:12
5,Blocked,2026-03-19 14:10:12,2026-03-19 14:10:19
8,Starved,2026-03-19 14:10:04,2026-03-19 14:10:31
12,Running,2026-03-19 14:09:35,2026-03-19 14:10:42
11,Running,2026-03-19 14:09:50,2026-03-19 14:10:49
12,Starved,2026-03-19 14:10:42,2026-03-19 14:10:49
10,Running,2026-03-19 14:09:53,2026-03-19 14:11:00
11,Starved,2026-03-19 14:10:49,2026-03-19 14:11:00
9,Running,2026-03-19 14:10:04,2026-03-19 14:11:03
10,Starved,2026-03-19 14:11:00,2026-03-19 14:11:03
8,Running,2026-03-19 14:10:31,2026-03-19 14:11:32
9,Starved,2026-03-19 14:11:03,2026-03-19 14:11:32
8,Starved,2026-03-19 14:11:32,2026-03-19 14:11:45
12,Running,2026-03-19 14:10:49,2026-03-19 14:11:46
11,Running,2026-03-19 14:11:00,2026-03-19 14:12:03
12,Starved,2026-03-19 14:11:46,2026-03-19 14:12:03
4,Running,2026-03-19 13:38:40,2026-03-19 14:12:07
10,Running,2026-03-19 14:11:03,2026-03-19 14:12:14
11,Starved,2026-03-19 14:12:03,2026-03-19 14:12:14
5,Running,2026-03-19 14:10:19,2026-03-19 14:12:19
5,Blocked,2026-03-19 14:12:19,2026-03-19 14:12:25
3,Running,2026-03-19 14:07:35,2026-03-19 14:12:28
10,Starved,2026-03-19 14:12:14,2026-03-19 14:12:50
12,Running,2026-03-19 14:12:03,2026-03-19 14:13:10
11,Running,2026-03-19 14:12:14,2026-03-19 14:13:15
5,Running,2026-03-19 14:12:25,2026-03-19 14:13:20
5,Blocked,2026-03-19 14:13:20,2026-03-19 14:13:28
8,Running,2026-03-19 14:11:45,2026-03-19 14:13:36
1,Down,2026-03-19 14:08:14,2026-03-19 14:13:39
8,Starved,2026-03-19 14:13:36,2026-03-19 14:13:46
11,Starved,2026-03-19 14:13:15,2026-03-19 14:13:51
4,Down,2026-03-19 14:12:07,2026-03-19 14:14:11
3,Blocked,2026-03-19 14:12:28,2026-03-19 14:14:11
5,Running,2026-03-19 14:13:28,2026-03-19 14:14:19
5,Blocked,2026-03-19 14:14:19,2026-03-19 14:14:34
9,Running,2026-03-19 14:11:32,2026-03-19 14:14:41
8,Running,2026-03-19 14:13:46,2026-03-19 14:14:43
9,Starved,2026-03-19 14:14:41,2026-03-19 14:14:43
11,Running,2026-03-19 14:13:51,2026-03-19 14:14:50
8,Starved,2026-03-19 14:14:43,2026-03-19 14:14:51
11,Starved,2026-03-19 14:14:50,2026-03-19 14:14:57
3,Running,2026-03-19 14:14:11,2026-03-19 14:15:01
3,Blocked,2026-03-19 14:15:01,2026-03-19 14:15:15
12,Down,2026-03-19 14:13:10,2026-03-19 14:15:31
5,Running,2026-03-19 14:14:34,2026-03-19 14:15:36
5,Blocked,2026-03-19 14:15:36,2026-03-19 14:15:37
9,Running,2026-03-19 14:14:43,2026-03-19 14:15:37
8,Running,2026-03-19 14:14:51,2026-03-19 14:15:39
9,Starved,2026-03-19 14:15:37,2026-03-19 14:15:39
8,Starved,2026-03-19 14:15:39,2026-03-19 14:16:04
3,Running,2026-03-19 14:15:15,2026-03-19 14:16:26
5,Running,2026-03-19 14:15:37,2026-03-19 14:16:34
3,Blocked,2026-03-19 14:16:26,2026-03-19 14:16:37
9,Running,2026-03-19 14:15:39,2026-03-19 14:16:41
5,Blocked,2026-03-19 14:16:34,2026-03-19 14:16:51
8,Running,2026-03-19 14:16:04,2026-03-19 14:16:59
9,Starved,2026-03-19 14:16:41,2026-03-19 14:16:59
8,Starved,2026-03-19 14:16:59,2026-03-19 14:17:03
10,Running,2026-03-19 14:12:50,2026-03-19 14:17:36
5,Running,2026-03-19 14:16:51,2026-03-19 14:17:41
9,Running,2026-03-19 14:16:59,2026-03-19 14:17:45
10,Starved,2026-03-19 14:17:36,2026-03-19 14:17:45
5,Blocked,2026-03-19 14:17:41,2026-03-19 14:17:50
8,Running,2026-03-19 14:17:03,2026-03-19 14:18:01
9,Starved,2026-03-19 14:17:45,2026-03-19 14:18:01
8,Starved,2026-03-19 14:18:01,2026-03-19 14:18:05
2,Running,2026-03-19 13:58:48,2026-03-19 14:18:49
2,Blocked,2026-03-19 14:18:49,2026-03-19 14:18:50
5,Running,2026-03-19 14:17:50,2026-03-19 14:18:50
5,Blocked,2026-03-19 14:18:50,2026-03-19 14:18:53
10,Running,2026-03-19 14:17:45,2026-03-19 14:18:54
9,Running,2026-03-19 14:18:01,2026-03-19 14:19:07
10,Starved,2026-03-19 14:18:54,2026-03-19 14:19:07
9,Starved,2026-03-19 14:19:07,2026-03-19 14:19:08
5,Running,2026-03-19 14:18:53,2026-03-19 14:19:48
5,Blocked,2026-03-19 14:19:48,2026-03-19 14:19:53
9,Running,2026-03-19 14:19:08,2026-03-19 14:19:59
11,Running,2026-03-19 14:14:57,2026-03-19 14:20:04
11,Starved,2026-03-19 14:20:04,2026-03-19 14:20:05
9,Starved,2026-03-19 14:19:59,2026-03-19 14:20:14
2,Running,2026-03-19 14:18:50,2026-03-19 14:20:44
2,Blocked,2026-03-19 14:20:44,2026-03-19 14:21:02
10,Running,2026-03-19 14:19:07,2026-03-19 14:21:03
9,Running,2026-03-19 14:20:14,2026-03-19 14:21:11
10,Starved,2026-03-19 14:21:03,2026-03-19 14:21:11
8,Running,2026-03-19 14:18:05,2026-03-19 14:21:15
9,Starved,2026-03-19 14:21:11,2026-03-19 14:21:15
8,Starved,2026-03-19 14:21:15,2026-03-19 14:21:17
8,Running,2026-03-19 14:21:17,2026-03-19 14:22:12
10,Running,2026-03-19 14:21:11,2026-03-19 14:22:13
8,Starved,2026-03-19 14:22:12,2026-03-19 14:22:16
10,Starved,2026-03-19 14:22:13,2026-03-19 14:22:18
8,Running,2026-03-19 14:22:16,2026-03-19 14:23:03
10,Running,2026-03-19 14:22:18,2026-03-19 14:23:06
8,Starved,2026-03-19 14:23:03,2026-03-19 14:23:10
10,Starved,2026-03-19 14:23:06,2026-03-19 14:23:17
1,Running,2026-03-19 14:13:39,2026-03-19 14:23:56
3,Running,2026-03-19 14:16:37,2026-03-19 14:23:57
3,Blocked,2026-03-19 14:23:57,2026-03-19 14:23:59
8,Running,2026-03-19 14:23:10,2026-03-19 14:24:05
11,Running,2026-03-19 14:20:05,2026-03-19 14:24:17
11,Starved,2026-03-19 14:24:17,2026-03-19 14:24:18
12,Running,2026-03-19 14:15:31,2026-03-19 14:24:23
8,Starved,2026-03-19 14:24:05,2026-03-19 14:24:28
12,Down,2026-03-19 14:24:23,2026-03-19 14:24:47
3,Running,2026-03-19 14:23:59,2026-03-19 14:24:57
1,Down,2026-03-19 14:23:56,2026-03-19 14:25:01
2,Running,2026-03-19 14:21:02,2026-03-19 14:25:08
3,Blocked,2026-03-19 14:24:57,2026-03-19 14:25:11
2,Blocked,2026-03-19 14:25:08,2026-03-19 14:25:11
10,Running,2026-03-19 14:23:17,2026-03-19 14:25:14
9,Running,2026-03-19 14:21:15,2026-03-19 14:25:18
10,Starved,2026-03-19 14:25:14,2026-03-19 14:25:18
8,Running,2026-03-19 14:24:28,2026-03-19 14:25:36
9,Starved,2026-03-19 14:25:18,2026-03-19 14:25:36
8,Starved,2026-03-19 14:25:36,2026-03-19 14:25:40
3,Running,2026-03-19 14:25:11,2026-03-19 14:26:14
2,Running,2026-03-19 14:25:11,2026-03-19 14:26:18
11,Running,2026-03-19 14:24:18,2026-03-19 14:26:19
3,Blocked,2026-03-19 14:26:14,2026-03-19 14:26:20
2,Blocked,2026-03-19 14:26:18,2026-03-19 14:26:20
10,Running,2026-03-19 14:25:18,2026-03-19 14:26:20
11,Starved,2026-03-19 14:26:19,2026-03-19 14:26:20
9,Running,2026-03-19 14:25:36,2026-03-19 14:26:30
10,Starved,2026-03-19 14:26:20,2026-03-19 14:26:30
8,Running,2026-03-19 14:25:40,2026-03-19 14:26:38
9,Starved,2026-03-19 14:26:30,2026-03-19 14:26:38
8,Starved,2026-03-19 14:26:38,2026-03-19 14:26:56
11,Running,2026-03-19 14:26:20,2026-03-19 14:27:11
2,Running,2026-03-19 14:26:20,2026-03-19 14:27:20
2,Blocked,2026-03-19 14:27:20,2026-03-19 14:27:22
10,Running,2026-03-19 14:26:30,2026-03-19 14:27:27
11,Starved,2026-03-19 14:27:11,2026-03-19 14:27:27
9,Running,2026-03-19 14:26:38,2026-03-19 14:27:35
10,Starved,2026-03-19 14:27:27,2026-03-19 14:27:35
8,Running,2026-03-19 14:26:56,2026-03-19 14:27:53
9,Starved,2026-03-19 14:27:35,2026-03-19 14:27:53
8,Starved,2026-03-19 14:27:53,2026-03-19 14:27:59
2,Running,2026-03-19 14:27:22,2026-03-19 14:28:17
2,Blocked,2026-03-19 14:28:17,2026-03-19 14:28:24
11,Running,2026-03-19 14:27:27,2026-03-19 14:28:25
10,Running,2026-03-19 14:27:35,2026-03-19 14:28:33
11,Starved,2026-03-19 14:28:25,2026-03-19 14:28:33
10,Starved,2026-03-19 14:28:33,2026-03-19 14:29:16
2,Running,2026-03-19 14:28:24,2026-03-19 14:29:22
2,Blocked,2026-03-19 14:29:22,2026-03-19 14:29:23
11,Running,2026-03-19 14:28:33,2026-03-19 14:29:24
10,Running,2026-03-19 14:29:16,2026-03-19 14:30:11
11,Starved,2026-03-19 14:29:24,2026-03-19 14:30:11
3,Running,2026-03-19 14:26:20,2026-03-19 14:30:14
9,Running,2026-03-19 14:27:53,2026-03-19 14:30:17
10,Starved,2026-03-19 14:30:11,2026-03-19 14:30:17
9,Starved,2026-03-19 14:30:17,2026-03-19 14:30:20
2,Running,2026-03-19 14:29:23,2026-03-19 14:30:27
3,Blocked,2026-03-19 14:30:14,2026-03-19 14:30:35
2,Blocked,2026-03-19 14:30:27,2026-03-19 14:30:35
11,Running,2026-03-19 14:30:11,2026-03-19 14:31:11
10,Running,2026-03-19 14:30:17,2026-03-19 14:31:20
11,Starved,2026-03-19 14:31:11,2026-03-19 14:31:20
10,Starved,2026-03-19 14:31:20,2026-03-19 14:31:21
3,Running,2026-03-19 14:30:35,2026-03-19 14:31:31
2,Running,2026-03-19 14:30:35,2026-03-19 14:31:41
3,Blocked,2026-03-19 14:31:31,2026-03-19 14:31:56
2,Blocked,2026-03-19 14:31:41,2026-03-19 14:31:56
11,Running,2026-03-19 14:31:20,2026-03-19 14:32:20
9,Running,2026-03-19 14:30:20,2026-03-19 14:32:25
9,Starved,2026-03-19 14:32:25,2026-03-19 14:32:29
11,Starved,2026-03-19 14:32:20,2026-03-19 14:32:35
2,Running,2026-03-19 14:31:56,2026-03-19 14:32:48
3,Running,2026-03-19 14:31:56,2026-03-19 14:32:51
3,Blocked,2026-03-19 14:32:51,2026-03-19 14:33:08
2,Blocked,2026-03-19 14:32:48,2026-03-19 14:33:08
10,Running,2026-03-19 14:31:21,2026-03-19 14:33:31
10,Starved,2026-03-19 14:33:31,2026-03-19 14:33:41
2,Running,2026-03-19 14:33:08,2026-03-19 14:34:05
2,Blocked,2026-03-19 14:34:05,2026-03-19 14:34:15
11,Running,2026-03-19 14:32:35,2026-03-19 14:34:35
10,Running,2026-03-19 14:33:41,2026-03-19 14:34:42
11,Starved,2026-03-19 14:34:35,2026-03-19 14:34:42
10,Starved,2026-03-19 14:34:42,2026-03-19 14:34:43
2,Running,2026-03-19 14:34:15,2026-03-19 14:35:18
3,Running,2026-03-19 14:33:08,2026-03-19 14:35:21
8,Running,2026-03-19 14:27:59,2026-03-19 14:35:25
3,Blocked,2026-03-19 14:35:21,2026-03-19 14:35:32
2,Blocked,2026-03-19 14:35:18,2026-03-19 14:35:32
8,Starved,2026-03-19 14:35:25,2026-03-19 14:35:33
10,Running,2026-03-19 14:34:43,2026-03-19 14:35:37
10,Starved,2026-03-19 14:35:37,2026-03-19 14:35:44
12,Running,2026-03-19 14:24:47,2026-03-19 14:35:45
1,Running,2026-03-19 14:25:01,2026-03-19 14:36:13
8,Running,2026-03-19 14:35:33,2026-03-19 14:36:25
2,Running,2026-03-19 14:35:32,2026-03-19 14:36:29
2,Blocked,2026-03-19 14:36:29,2026-03-19 14:36:33
8,Starved,2026-03-19 14:36:25,2026-03-19 14:36:33
11,Running,2026-03-19 14:34:42,2026-03-19 14:36:45
11,Starved,2026-03-19 14:36:45,2026-03-19 14:36:54
8,Running,2026-03-19 14:36:33,2026-03-19 14:37:25
2,Running,2026-03-19 14:36:33,2026-03-19 14:37:32
8,Starved,2026-03-19 14:37:25,2026-03-19 14:37:33
2,Blocked,2026-03-19 14:37:32,2026-03-19 14:37:36
11,Running,2026-03-19 14:36:54,2026-03-19 14:37:46
10,Running,2026-03-19 14:35:44,2026-03-19 14:37:49
10,Starved,2026-03-19 14:37:49,2026-03-19 14:37:51
8,Running,2026-03-19 14:37:33,2026-03-19 14:38:26
8,Starved,2026-03-19 14:38:26,2026-03-19 14:38:33
2,Running,2026-03-19 14:37:36,2026-03-19 14:38:39
10,Running,2026-03-19 14:37:51,2026-03-19 14:38:40
10,Starved,2026-03-19 14:38:40,2026-03-19 14:38:43
1,Down,2026-03-19 14:36:13,2026-03-19 14:39:13
9,Running,2026-03-19 14:32:29,2026-03-19 14:39:39
8,Running,2026-03-19 14:38:33,2026-03-19 14:39:43
9,Starved,2026-03-19 14:39:39,2026-03-19 14:39:43
8,Starved,2026-03-19 14:39:43,2026-03-19 14:39:44
2,Starved,2026-03-19 14:38:39,2026-03-19 14:40:02
9,Running,2026-03-19 14:39:43,2026-03-19 14:40:39
9,Starved,2026-03-19 14:40:39,2026-03-19 14:40:44
2,Running,2026-03-19 14:40:02,2026-03-19 14:41:02
2,Starved,2026-03-19 14:41:02,2026-03-19 14:41:09
12,Down,2026-03-19 14:35:45,2026-03-19 14:41:34
11,Blocked,2026-03-19 14:37:46,2026-03-19 14:41:34
10,Running,2026-03-19 14:38:43,2026-03-19 14:41:49
10,Starved,2026-03-19 14:41:49,2026-03-19 14:42:07
11,Running,2026-03-19 14:41:34,2026-03-19 14:42:35
11,Blocked,2026-03-19 14:42:35,2026-03-19 14:42:41
5,Running,2026-03-19 14:19:53,2026-03-19 14:42:50
3,Running,2026-03-19 14:35:32,2026-03-19 14:42:54
5,Starved,2026-03-19 14:42:50,2026-03-19 14:43:01
3,Blocked,2026-03-19 14:42:54,2026-03-19 14:43:01
10,Running,2026-03-19 14:42:07,2026-03-19 14:43:15
10,Starved,2026-03-19 14:43:15,2026-03-19 14:43:19
11,Running,2026-03-19 14:42:41,2026-03-19 14:43:30
11,Blocked,2026-03-19 14:43:30,2026-03-19 14:43:33
5,Running,2026-03-19 14:43:01,2026-03-19 14:43:56
5,Starved,2026-03-19 14:43:56,2026-03-19 14:44:00
10,Running,2026-03-19 14:43:19,2026-03-19 14:44:19
10,Starved,2026-03-19 14:44:19,2026-03-19 14:44:22
4,Running,2026-03-19 14:14:11,2026-03-19 14:44:57
3,Running,2026-03-19 14:43:01,2026-03-19 14:44:58
5,Running,2026-03-19 14:44:00,2026-03-19 14:45:54
2,Running,2026-03-19 14:41:09,2026-03-19 14:46:10
8,Running,2026-03-19 14:39:44,2026-03-19 14:47:44
8,Starved,2026-03-19 14:47:44,2026-03-19 14:47:51
8,Running,2026-03-19 14:47:51,2026-03-19 14:48:46
8,Starved,2026-03-19 14:48:46,2026-03-19 14:48:48
6,Running,2026-03-19 14:00:05,2026-03-19 14:49:08
11,Running,2026-03-19 14:43:33,2026-03-19 14:49:42
11,Blocked,2026-03-19 14:49:42,2026-03-19 14:49:43
8,Running,2026-03-19 14:48:48,2026-03-19 14:49:51
8,Starved,2026-03-19 14:49:51,2026-03-19 14:50:10
8,Running,2026-03-19 14:50:10,2026-03-19 14:50:59
8,Starved,2026-03-19 14:50:59,2026-03-19 14:51:15
9,Running,2026-03-19 14:40:44,2026-03-19 14:52:15
9,Starved,2026-03-19 14:52:15,2026-03-19 14:52:23
4,Down,2026-03-19 14:44:57,2026-03-19 14:52:34
3,Blocked,2026-03-19 14:44:58,2026-03-19 14:52:34
2,Blocked,2026-03-19 14:46:10,2026-03-19 14:52:34
8,Running,2026-03-19 14:51:15,2026-03-19 14:53:19
8,Starved,2026-03-19 14:53:19,2026-03-19 14:53:25
10,Running,2026-03-19 14:44:22,2026-03-19 14:53:28
10,Starved,2026-03-19 14:53:28,2026-03-19 14:53:29
2,Running,2026-03-19 14:52:34,2026-03-19 14:53:30
3,Running,2026-03-19 14:52:34,2026-03-19 14:53:41
5,Starved,2026-03-19 14:45:54,2026-03-19 14:53:58
3,Blocked,2026-03-19 14:53:41,2026-03-19 14:53:58
2,Blocked,2026-03-19 14:53:30,2026-03-19 14:53:58
8,Running,2026-03-19 14:53:25,2026-03-19 14:54:18
10,Running,2026-03-19 14:53:29,2026-03-19 14:54:21
8,Starved,2026-03-19 14:54:18,2026-03-19 14:54:21
10,Starved,2026-03-19 14:54:21,2026-03-19 14:54:28
2,Running,2026-03-19 14:53:58,2026-03-19 14:54:51
5,Running,2026-03-19 14:53:58,2026-03-19 14:54:56
6,Starved,2026-03-19 14:49:08,2026-03-19 14:54:56
3,Running,2026-03-19 14:53:58,2026-03-19 14:55:01
1,Running,2026-03-19 14:39:13,2026-03-19 14:55:03
10,Running,2026-03-19 14:54:28,2026-03-19 14:55:22
5,Starved,2026-03-19 14:54:56,2026-03-19 14:55:36
3,Blocked,2026-03-19 14:55:01,2026-03-19 14:55:36
2,Blocked,2026-03-19 14:54:51,2026-03-19 14:55:36
1,Blocked,2026-03-19 14:55:03,2026-03-19 14:55:36
10,Starved,2026-03-19 14:55:22,2026-03-19 14:55:53
6,Running,2026-03-19 14:54:56,2026-03-19 14:55:53
8,Running,2026-03-19 14:54:21,2026-03-19 14:56:22
8,Starved,2026-03-19 14:56:22,2026-03-19 14:56:24
1,Running,2026-03-19 14:55:36,2026-03-19 14:56:32
5,Running,2026-03-19 14:55:36,2026-03-19 14:56:34
6,Starved,2026-03-19 14:55:53,2026-03-19 14:56:34
2,Running,2026-03-19 14:55:36,2026-03-19 14:56:34
5,Starved,2026-03-19 14:56:34,2026-03-19 14:56:37
2,Blocked,2026-03-19 14:56:34,2026-03-19 14:56:37
1,Blocked,2026-03-19 14:56:32,2026-03-19 14:56:37
2,Running,2026-03-19 14:56:37,2026-03-19 14:57:30
5,Running,2026-03-19 14:56:37,2026-03-19 14:57:30
1,Running,2026-03-19 14:56:37,2026-03-19 14:57:35
11,Running,2026-03-19 14:49:43,2026-03-19 14:57:43
5,Starved,2026-03-19 14:57:30,2026-03-19 14:57:44
2,Blocked,2026-03-19 14:57:30,2026-03-19 14:57:46
1,Blocked,2026-03-19 14:57:35,2026-03-19 14:57:46
11,Blocked,2026-03-19 14:57:43,2026-03-19 14:57:48
10,Running,2026-03-19 14:55:53,2026-03-19 14:57:51
10,Starved,2026-03-19 14:57:51,2026-03-19 14:57:52
6,Running,2026-03-19 14:56:34,2026-03-19 14:58:29
3,Running,2026-03-19 14:55:36,2026-03-19 14:58:40
5,Running,2026-03-19 14:57:44,2026-03-19 14:58:42
6,Starved,2026-03-19 14:58:29,2026-03-19 14:58:42
10,Running,2026-03-19 14:57:52,2026-03-19 14:58:44
2,Running,2026-03-19 14:57:46,2026-03-19 14:58:46
11,Running,2026-03-19 14:57:48,2026-03-19 14:58:46
1,Running,2026-03-19 14:57:46,2026-03-19 14:58:47
5,Starved,2026-03-19 14:58:42,2026-03-19 14:58:47
3,Blocked,2026-03-19 14:58:40,2026-03-19 14:58:47
2,Blocked,2026-03-19 14:58:46,2026-03-19 14:58:47
1,Blocked,2026-03-19 14:58:47,2026-03-19 14:58:47
8,Running,2026-03-19 14:56:24,2026-03-19 14:58:52
11,Blocked,2026-03-19 14:58:46,2026-03-19 14:58:53
10,Starved,2026-03-19 14:58:44,2026-03-19 14:58:56
8,Starved,2026-03-19 14:58:52,2026-03-19 14:59:06
2,Running,2026-03-19 14:58:47,2026-03-19 14:59:39
1,Running,2026-03-19 14:58:47,2026-03-19 14:59:50
2,Blocked,2026-03-19 14:59:39,2026-03-19 14:59:54
1,Blocked,2026-03-19 14:59:50,2026-03-19 14:59:54
10,Running,2026-03-19 14:58:56,2026-03-19 14:59:56
9,Running,2026-03-19 14:52:23,2026-03-19 15:00:10
10,Starved,2026-03-19 14:59:56,2026-03-19 15:00:10
9,Starved,2026-03-19 15:00:10,2026-03-19 15:00:15
6,Running,2026-03-19 14:58:42,2026-03-19 15:00:46
6,Starved,2026-03-19 15:00:46,2026-03-19 15:00:54
10,Running,2026-03-19 15:00:10,2026-03-19 15:01:10
10,Starved,2026-03-19 15:01:10,2026-03-19 15:01:37
6,Running,2026-03-19 15:00:54,2026-03-19 15:01:46
3,Running,2026-03-19 14:58:47,2026-03-19 15:01:53
3,Blocked,2026-03-19 15:01:53,2026-03-19 15:01:58
6,Starved,2026-03-19 15:01:46,2026-03-19 15:02:01
2,Running,2026-03-19 14:59:54,2026-03-19 15:02:53
6,Running,2026-03-19 15:02:01,2026-03-19 15:02:57
2,Blocked,2026-03-19 15:02:53,2026-03-19 15:03:05
6,Starved,2026-03-19 15:02:57,2026-03-19 15:03:06
11,Running,2026-03-19 14:58:53,2026-03-19 15:03:46
11,Blocked,2026-03-19 15:03:46,2026-03-19 15:03:57
3,Running,2026-03-19 15:01:58,2026-03-19 15:03:58
2,Running,2026-03-19 15:03:05,2026-03-19 15:03:58
5,Running,2026-03-19 14:58:47,2026-03-19 15:04:00
5,Starved,2026-03-19 15:04:00,2026-03-19 15:04:03
3,Blocked,2026-03-19 15:03:58,2026-03-19 15:04:03
2,Blocked,2026-03-19 15:03:58,2026-03-19 15:04:03
9,Running,2026-03-19 15:00:15,2026-03-19 15:04:30
9,Starved,2026-03-19 15:04:30,2026-03-19 15:04:35
6,Running,2026-03-19 15:03:06,2026-03-19 15:05:09
6,Starved,2026-03-19 15:05:09,2026-03-19 15:05:11
3,Running,2026-03-19 15:04:03,2026-03-19 15:05:51
2,Running,2026-03-19 15:04:03,2026-03-19 15:06:02
3,Blocked,2026-03-19 15:05:51,2026-03-19 15:06:07
2,Blocked,2026-03-19 15:06:02,2026-03-19 15:06:07
9,Running,2026-03-19 15:04:35,2026-03-19 15:06:32
9,Starved,2026-03-19 15:06:32,2026-03-19 15:06:36
6,Running,2026-03-19 15:05:11,2026-03-19 15:07:04
3,Running,2026-03-19 15:06:07,2026-03-19 15:07:10
2,Running,2026-03-19 15:06:07,2026-03-19 15:07:14
5,Running,2026-03-19 15:04:03,2026-03-19 15:07:17
6,Starved,2026-03-19 15:07:04,2026-03-19 15:07:17
5,Starved,2026-03-19 15:07:17,2026-03-19 15:07:17
3,Blocked,2026-03-19 15:07:10,2026-03-19 15:07:17
2,Blocked,2026-03-19 15:07:14,2026-03-19 15:07:17
9,Running,2026-03-19 15:06:36,2026-03-19 15:07:28
9,Starved,2026-03-19 15:07:28,2026-03-19 15:07:38
11,Running,2026-03-19 15:03:57,2026-03-19 15:07:54
11,Blocked,2026-03-19 15:07:54,2026-03-19 15:08:00
3,Running,2026-03-19 15:07:17,2026-03-19 15:08:13
2,Running,2026-03-19 15:07:17,2026-03-19 15:08:16
6,Running,2026-03-19 15:07:17,2026-03-19 15:08:19
5,Running,2026-03-19 15:07:17,2026-03-19 15:08:20
6,Starved,2026-03-19 15:08:19,2026-03-19 15:08:20
1,Running,2026-03-19 14:59:54,2026-03-19 15:08:31
10,Running,2026-03-19 15:01:37,2026-03-19 15:08:33
9,Running,2026-03-19 15:07:38,2026-03-19 15:08:40
10,Starved,2026-03-19 15:08:33,2026-03-19 15:08:40
5,Starved,2026-03-19 15:08:20,2026-03-19 15:08:45
3,Blocked,2026-03-19 15:08:13,2026-03-19 15:08:45
2,Blocked,2026-03-19 15:08:16,2026-03-19 15:08:45
1,Blocked,2026-03-19 15:08:31,2026-03-19 15:08:45
9,Starved,2026-03-19 15:08:40,2026-03-19 15:08:45
6,Running,2026-03-19 15:08:20,2026-03-19 15:09:25
1,Running,2026-03-19 15:08:45,2026-03-19 15:09:41
10,Running,2026-03-19 15:08:40,2026-03-19 15:09:41
3,Running,2026-03-19 15:08:45,2026-03-19 15:09:43
2,Running,2026-03-19 15:08:45,2026-03-19 15:09:46
5,Running,2026-03-19 15:08:45,2026-03-19 15:09:52
6,Starved,2026-03-19 15:09:25,2026-03-19 15:09:52
10,Starved,2026-03-19 15:09:41,2026-03-19 15:09:53
11,Running,2026-03-19 15:08:00,2026-03-19 15:09:55
11,Blocked,2026-03-19 15:09:55,2026-03-19 15:10:06
5,Starved,2026-03-19 15:09:52,2026-03-19 15:10:12
3,Blocked,2026-03-19 15:09:43,2026-03-19 15:10:12
2,Blocked,2026-03-19 15:09:46,2026-03-19 15:10:12
1,Blocked,2026-03-19 15:09:41,2026-03-19 15:10:12
9,Running,2026-03-19 15:08:45,2026-03-19 15:10:47
9,Starved,2026-03-19 15:10:47,2026-03-19 15:10:52
6,Running,2026-03-19 15:09:52,2026-03-19 15:10:58
2,Running,2026-03-19 15:10:12,2026-03-19 15:11:04
11,Running,2026-03-19 15:10:06,2026-03-19 15:11:10
3,Running,2026-03-19 15:10:12,2026-03-19 15:11:15
11,Blocked,2026-03-19 15:11:10,2026-03-19 15:11:16
5,Running,2026-03-19 15:10:12,2026-03-19 15:11:16
6,Starved,2026-03-19 15:10:58,2026-03-19 15:11:16
1,Running,2026-03-19 15:10:12,2026-03-19 15:11:19
5,Starved,2026-03-19 15:11:16,2026-03-19 15:11:30
3,Blocked,2026-03-19 15:11:15,2026-03-19 15:11:30
2,Blocked,2026-03-19 15:11:04,2026-03-19 15:11:30
1,Blocked,2026-03-19 15:11:19,2026-03-19 15:11:30
10,Running,2026-03-19 15:09:53,2026-03-19 15:11:45
9,Running,2026-03-19 15:10:52,2026-03-19 15:11:48
10,Starved,2026-03-19 15:11:45,2026-03-19 15:11:48
9,Starved,2026-03-19 15:11:48,2026-03-19 15:11:53
11,Running,2026-03-19 15:11:16,2026-03-19 15:12:14
11,Blocked,2026-03-19 15:12:14,2026-03-19 15:12:15
6,Running,2026-03-19 15:11:16,2026-03-19 15:12:17
2,Running,2026-03-19 15:11:30,2026-03-19 15:12:27
6,Starved,2026-03-19 15:12:17,2026-03-19 15:12:31
2,Blocked,2026-03-19 15:12:27,2026-03-19 15:12:31
10,Running,2026-03-19 15:11:48,2026-03-19 15:12:42
10,Starved,2026-03-19 15:12:42,2026-03-19 15:12:52
11,Running,2026-03-19 15:12:15,2026-03-19 15:13:15
11,Blocked,2026-03-19 15:13:15,2026-03-19 15:13:20
2,Running,2026-03-19 15:12:31,2026-03-19 15:13:22
6,Running,2026-03-19 15:12:31,2026-03-19 15:13:26
1,Running,2026-03-19 15:11:30,2026-03-19 15:13:32
3,Running,2026-03-19 15:11:30,2026-03-19 15:13:38
5,Running,2026-03-19 15:11:30,2026-03-19 15:13:44
6,Starved,2026-03-19 15:13:26,2026-03-19 15:13:44
10,Running,2026-03-19 15:12:52,2026-03-19 15:13:49
9,Running,2026-03-19 15:11:53,2026-03-19 15:13:53
10,Starved,2026-03-19 15:13:49,2026-03-19 15:13:53
9,Starved,2026-03-19 15:13:53,2026-03-19 15:13:54
11,Running,2026-03-19 15:13:20,2026-03-19 15:14:10
5,Starved,2026-03-19 15:13:44,2026-03-19 15:14:13
3,Blocked,2026-03-19 15:13:38,2026-03-19 15:14:13
2,Blocked,2026-03-19 15:13:22,2026-03-19 15:14:13
1,Blocked,2026-03-19 15:13:32,2026-03-19 15:14:13
11,Blocked,2026-03-19 15:14:10,2026-03-19 15:14:25
6,Running,2026-03-19 15:13:44,2026-03-19 15:14:43
1,Running,2026-03-19 15:14:13,2026-03-19 15:15:07
3,Running,2026-03-19 15:14:13,2026-03-19 15:15:08
3,Blocked,2026-03-19 15:15:08,2026-03-19 15:15:11
6,Starved,2026-03-19 15:14:43,2026-03-19 15:15:12
1,Blocked,2026-03-19 15:15:07,2026-03-19 15:15:16
8,Running,2026-03-19 14:59:06,2026-03-19 15:15:52
8,Starved,2026-03-19 15:15:52,2026-03-19 15:15:58
6,Running,2026-03-19 15:15:12,2026-03-19 15:16:07
6,Starved,2026-03-19 15:16:07,2026-03-19 15:16:11
1,Running,2026-03-19 15:15:16,2026-03-19 15:16:13
1,Blocked,2026-03-19 15:16:13,2026-03-19 15:16:19
10,Running,2026-03-19 15:13:53,2026-03-19 15:16:57
9,Running,2026-03-19 15:13:54,2026-03-19 15:17:02
10,Starved,2026-03-19 15:16:57,2026-03-19 15:17:02
9,Starved,2026-03-19 15:17:02,2026-03-19 15:17:03
10,Running,2026-03-19 15:17:02,2026-03-19 15:18:00
3,Running,2026-03-19 15:15:11,2026-03-19 15:18:01
5,Running,2026-03-19 15:14:13,2026-03-19 15:18:01
10,Starved,2026-03-19 15:18:00,2026-03-19 15:18:07
5,Starved,2026-03-19 15:18:01,2026-03-19 15:18:18
3,Blocked,2026-03-19 15:18:01,2026-03-19 15:18:18
8,Running,2026-03-19 15:15:58,2026-03-19 15:19:03
10,Running,2026-03-19 15:18:07,2026-03-19 15:19:03
6,Running,2026-03-19 15:16:11,2026-03-19 15:19:09
10,Starved,2026-03-19 15:19:03,2026-03-19 15:19:11
6,Starved,2026-03-19 15:19:09,2026-03-19 15:19:15
8,Starved,2026-03-19 15:19:03,2026-03-19 15:19:17
1,Running,2026-03-19 15:16:19,2026-03-19 15:19:25
1,Blocked,2026-03-19 15:19:25,2026-03-19 15:19:33
9,Running,2026-03-19 15:17:03,2026-03-19 15:20:05
8,Running,2026-03-19 15:19:17,2026-03-19 15:20:22
9,Starved,2026-03-19 15:20:05,2026-03-19 15:20:22
8,Starved,2026-03-19 15:20:22,2026-03-19 15:20:43
2,Running,2026-03-19 15:14:13,2026-03-19 15:21:15
2,Blocked,2026-03-19 15:21:15,2026-03-19 15:21:18
6,Running,2026-03-19 15:19:15,2026-03-19 15:21:18
10,Running,2026-03-19 15:19:11,2026-03-19 15:21:21
6,Starved,2026-03-19 15:21:18,2026-03-19 15:21:23
10,Starved,2026-03-19 15:21:21,2026-03-19 15:21:50
2,Running,2026-03-19 15:21:18,2026-03-19 15:22:10
2,Blocked,2026-03-19 15:22:10,2026-03-19 15:22:21
6,Running,2026-03-19 15:21:23,2026-03-19 15:22:33
6,Starved,2026-03-19 15:22:33,2026-03-19 15:22:35
10,Running,2026-03-19 15:21:50,2026-03-19 15:22:55
10,Starved,2026-03-19 15:22:55,2026-03-19 15:23:08
10,Running,2026-03-19 15:23:08,2026-03-19 15:24:09
10,Starved,2026-03-19 15:24:09,2026-03-19 15:24:12
6,Running,2026-03-19 15:22:35,2026-03-19 15:24:35
6,Starved,2026-03-19 15:24:35,2026-03-19 15:24:37
10,Running,2026-03-19 15:24:12,2026-03-19 15:25:08
3,Running,2026-03-19 15:18:18,2026-03-19 15:25:11
10,Starved,2026-03-19 15:25:08,2026-03-19 15:25:17
2,Running,2026-03-19 15:22:21,2026-03-19 15:25:20
5,Running,2026-03-19 15:18:18,2026-03-19 15:25:39
1,Running,2026-03-19 15:19:33,2026-03-19 15:25:46
5,Starved,2026-03-19 15:25:39,2026-03-19 15:26:03
3,Blocked,2026-03-19 15:25:11,2026-03-19 15:26:03
2,Blocked,2026-03-19 15:25:20,2026-03-19 15:26:03
1,Blocked,2026-03-19 15:25:46,2026-03-19 15:26:03
10,Running,2026-03-19 15:25:17,2026-03-19 15:26:17
10,Starved,2026-03-19 15:26:17,2026-03-19 15:26:22
6,Running,2026-03-19 15:24:37,2026-03-19 15:26:39
5,Running,2026-03-19 15:26:03,2026-03-19 15:26:57
6,Starved,2026-03-19 15:26:39,2026-03-19 15:26:57
1,Running,2026-03-19 15:26:03,2026-03-19 15:27:04
2,Running,2026-03-19 15:26:03,2026-03-19 15:27:09
3,Running,2026-03-19 15:26:03,2026-03-19 15:27:09
5,Starved,2026-03-19 15:26:57,2026-03-19 15:27:20
3,Blocked,2026-03-19 15:27:09,2026-03-19 15:27:20
2,Blocked,2026-03-19 15:27:09,2026-03-19 15:27:20
1,Blocked,2026-03-19 15:27:04,2026-03-19 15:27:20
8,Running,2026-03-19 15:20:43,2026-03-19 15:27:21
8,Starved,2026-03-19 15:27:21,2026-03-19 15:27:24
6,Running,2026-03-19 15:26:57,2026-03-19 15:28:11
2,Running,2026-03-19 15:27:20,2026-03-19 15:28:16
3,Running,2026-03-19 15:27:20,2026-03-19 15:28:17
1,Running,2026-03-19 15:27:20,2026-03-19 15:28:18
5,Running,2026-03-19 15:27:20,2026-03-19 15:28:18
6,Starved,2026-03-19 15:28:11,2026-03-19 15:28:18
8,Running,2026-03-19 15:27:24,2026-03-19 15:28:23
5,Starved,2026-03-19 15:28:18,2026-03-19 15:28:31
3,Blocked,2026-03-19 15:28:17,2026-03-19 15:28:31
2,Blocked,2026-03-19 15:28:16,2026-03-19 15:28:31
1,Blocked,2026-03-19 15:28:18,2026-03-19 15:28:31
8,Starved,2026-03-19 15:28:23,2026-03-19 15:28:44
6,Running,2026-03-19 15:28:18,2026-03-19 15:29:16
6,Starved,2026-03-19 15:29:16,2026-03-19 15:29:30
8,Running,2026-03-19 15:28:44,2026-03-19 15:29:40
8,Starved,2026-03-19 15:29:40,2026-03-19 15:30:07
2,Running,2026-03-19 15:28:31,2026-03-19 15:30:30
1,Running,2026-03-19 15:28:31,2026-03-19 15:30:32
2,Blocked,2026-03-19 15:30:30,2026-03-19 15:30:33
1,Blocked,2026-03-19 15:30:32,2026-03-19 15:30:33
8,Running,2026-03-19 15:30:07,2026-03-19 15:31:11
8,Starved,2026-03-19 15:31:11,2026-03-19 15:31:13
1,Running,2026-03-19 15:30:33,2026-03-19 15:31:36
2,Running,2026-03-19 15:30:33,2026-03-19 15:31:38
2,Blocked,2026-03-19 15:31:38,2026-03-19 15:31:39
1,Blocked,2026-03-19 15:31:36,2026-03-19 15:31:39
8,Running,2026-03-19 15:31:13,2026-03-19 15:32:11
8,Starved,2026-03-19 15:32:11,2026-03-19 15:32:22
2,Running,2026-03-19 15:31:39,2026-03-19 15:32:35
2,Blocked,2026-03-19 15:32:35,2026-03-19 15:32:38
10,Running,2026-03-19 15:26:22,2026-03-19 15:32:41
10,Starved,2026-03-19 15:32:41,2026-03-19 15:32:50
4,Running,2026-03-19 14:52:34,2026-03-19 15:33:26
2,Running,2026-03-19 15:32:38,2026-03-19 15:33:39
10,Running,2026-03-19 15:32:50,2026-03-19 15:33:42
3,Running,2026-03-19 15:28:31,2026-03-19 15:33:47
1,Running,2026-03-19 15:31:39,2026-03-19 15:33:47
10,Starved,2026-03-19 15:33:42,2026-03-19 15:34:03
5,Running,2026-03-19 15:28:31,2026-03-19 15:34:24
8,Running,2026-03-19 15:32:22,2026-03-19 15:35:22
8,Starved,2026-03-19 15:35:22,2026-03-19 15:35:32
6,Running,2026-03-19 15:29:30,2026-03-19 15:36:02
10,Running,2026-03-19 15:34:03,2026-03-19 15:36:09
4,Down,2026-03-19 15:33:26,2026-03-19 15:36:10
3,Blocked,2026-03-19 15:33:47,2026-03-19 15:36:10
2,Blocked,2026-03-19 15:33:39,2026-03-19 15:36:10
1,Blocked,2026-03-19 15:33:47,2026-03-19 15:36:10
10,Starved,2026-03-19 15:36:09,2026-03-19 15:36:15
8,Running,2026-03-19 15:35:32,2026-03-19 15:36:40
8,Starved,2026-03-19 15:36:40,2026-03-19 15:36:55
5,Starved,2026-03-19 15:34:24,2026-03-19 15:37:09
10,Running,2026-03-19 15:36:15,2026-03-19 15:37:11
2,Running,2026-03-19 15:36:10,2026-03-19 15:37:12
2,Blocked,2026-03-19 15:37:12,2026-03-19 15:37:15
10,Starved,2026-03-19 15:37:11,2026-03-19 15:37:22
5,Running,2026-03-19 15:37:09,2026-03-19 15:37:57
6,Starved,2026-03-19 15:36:02,2026-03-19 15:37:57
2,Running,2026-03-19 15:37:15,2026-03-19 15:38:12
3,Running,2026-03-19 15:36:10,2026-03-19 15:38:16
1,Running,2026-03-19 15:36:10,2026-03-19 15:38:22
5,Starved,2026-03-19 15:37:57,2026-03-19 15:38:28
3,Blocked,2026-03-19 15:38:16,2026-03-19 15:38:28
2,Blocked,2026-03-19 15:38:12,2026-03-19 15:38:28
1,Blocked,2026-03-19 15:38:22,2026-03-19 15:38:28
10,Running,2026-03-19 15:37:22,2026-03-19 15:38:33
10,Starved,2026-03-19 15:38:33,2026-03-19 15:38:41
8,Running,2026-03-19 15:36:55,2026-03-19 15:38:52
8,Starved,2026-03-19 15:38:52,2026-03-19 15:38:53
6,Running,2026-03-19 15:37:57,2026-03-19 15:38:57
1,Running,2026-03-19 15:38:28,2026-03-19 15:39:18
3,Running,2026-03-19 15:38:28,2026-03-19 15:39:23
2,Running,2026-03-19 15:38:28,2026-03-19 15:39:31
5,Running,2026-03-19 15:38:28,2026-03-19 15:39:33
6,Starved,2026-03-19 15:38:57,2026-03-19 15:39:33
10,Running,2026-03-19 15:38:41,2026-03-19 15:39:34
8,Running,2026-03-19 15:38:53,2026-03-19 15:39:41
8,Starved,2026-03-19 15:39:41,2026-03-19 15:39:56
5,Starved,2026-03-19 15:39:33,2026-03-19 15:39:58
3,Blocked,2026-03-19 15:39:23,2026-03-19 15:39:58
2,Blocked,2026-03-19 15:39:31,2026-03-19 15:39:58
1,Blocked,2026-03-19 15:39:18,2026-03-19 15:39:58
10,Starved,2026-03-19 15:39:34,2026-03-19 15:40:05
6,Running,2026-03-19 15:39:33,2026-03-19 15:40:37
11,Running,2026-03-19 15:14:25,2026-03-19 15:40:49
5,Running,2026-03-19 15:39:58,2026-03-19 15:40:54
6,Starved,2026-03-19 15:40:37,2026-03-19 15:40:54
8,Running,2026-03-19 15:39:56,2026-03-19 15:40:59
1,Running,2026-03-19 15:39:58,2026-03-19 15:41:02
3,Running,2026-03-19 15:39:58,2026-03-19 15:41:03
2,Running,2026-03-19 15:39:58,2026-03-19 15:41:08
11,Starved,2026-03-19 15:40:49,2026-03-19 15:41:11
5,Starved,2026-03-19 15:40:54,2026-03-19 15:41:23
3,Blocked,2026-03-19 15:41:03,2026-03-19 15:41:23
2,Blocked,2026-03-19 15:41:08,2026-03-19 15:41:23
1,Blocked,2026-03-19 15:41:02,2026-03-19 15:41:23
8,Down,2026-03-19 15:40:59,2026-03-19 15:41:35
6,Running,2026-03-19 15:40:54,2026-03-19 15:42:02
10,Running,2026-03-19 15:40:05,2026-03-19 15:42:06
10,Starved,2026-03-19 15:42:06,2026-03-19 15:42:11
2,Running,2026-03-19 15:41:23,2026-03-19 15:42:17
3,Running,2026-03-19 15:41:23,2026-03-19 15:42:23
5,Running,2026-03-19 15:41:23,2026-03-19 15:42:24
6,Starved,2026-03-19 15:42:02,2026-03-19 15:42:24
1,Running,2026-03-19 15:41:23,2026-03-19 15:42:24
5,Starved,2026-03-19 15:42:24,2026-03-19 15:42:36
3,Blocked,2026-03-19 15:42:23,2026-03-19 15:42:36
2,Blocked,2026-03-19 15:42:17,2026-03-19 15:42:36
1,Blocked,2026-03-19 15:42:24,2026-03-19 15:42:36
10,Running,2026-03-19 15:42:11,2026-03-19 15:43:08
10,Starved,2026-03-19 15:43:08,2026-03-19 15:43:15
6,Running,2026-03-19 15:42:24,2026-03-19 15:43:24
3,Running,2026-03-19 15:42:36,2026-03-19 15:43:24
2,Running,2026-03-19 15:42:36,2026-03-19 15:43:29
1,Running,2026-03-19 15:42:36,2026-03-19 15:43:33
3,Blocked,2026-03-19 15:43:24,2026-03-19 15:43:37
2,Blocked,2026-03-19 15:43:29,2026-03-19 15:43:37
1,Blocked,2026-03-19 15:43:33,2026-03-19 15:43:37
6,Starved,2026-03-19 15:43:24,2026-03-19 15:43:37
2,Running,2026-03-19 15:43:37,2026-03-19 15:44:34
3,Running,2026-03-19 15:43:37,2026-03-19 15:44:38
6,Running,2026-03-19 15:43:37,2026-03-19 15:44:38
3,Blocked,2026-03-19 15:44:38,2026-03-19 15:44:40
2,Blocked,2026-03-19 15:44:34,2026-03-19 15:44:40
6,Starved,2026-03-19 15:44:38,2026-03-19 15:44:46
10,Running,2026-03-19 15:43:15,2026-03-19 15:45:05
10,Starved,2026-03-19 15:45:05,2026-03-19 15:45:11
8,Running,2026-03-19 15:41:35,2026-03-19 15:45:44
6,Running,2026-03-19 15:44:46,2026-03-19 15:45:44
8,Starved,2026-03-19 15:45:44,2026-03-19 15:45:44
1,Running,2026-03-19 15:43:37,2026-03-19 15:45:45
6,Starved,2026-03-19 15:45:44,2026-03-19 15:45:46
1,Blocked,2026-03-19 15:45:45,2026-03-19 15:45:51
11,Running,2026-03-19 15:41:11,2026-03-19 15:46:15
10,Running,2026-03-19 15:45:11,2026-03-19 15:46:20
11,Starved,2026-03-19 15:46:15,2026-03-19 15:46:20
10,Starved,2026-03-19 15:46:20,2026-03-19 15:46:34
8,Running,2026-03-19 15:45:44,2026-03-19 15:46:39
8,Starved,2026-03-19 15:46:39,2026-03-19 15:46:47
11,Running,2026-03-19 15:46:20,2026-03-19 15:47:20
10,Running,2026-03-19 15:46:34,2026-03-19 15:47:30
11,Starved,2026-03-19 15:47:20,2026-03-19 15:47:30
8,Running,2026-03-19 15:46:47,2026-03-19 15:47:41
6,Running,2026-03-19 15:45:46,2026-03-19 15:47:43
5,Running,2026-03-19 15:42:36,2026-03-19 15:47:44
6,Starved,2026-03-19 15:47:43,2026-03-19 15:47:44
2,Running,2026-03-19 15:44:40,2026-03-19 15:47:50
3,Running,2026-03-19 15:44:40,2026-03-19 15:47:51
10,Starved,2026-03-19 15:47:30,2026-03-19 15:47:54
1,Running,2026-03-19 15:45:51,2026-03-19 15:48:00
5,Starved,2026-03-19 15:47:44,2026-03-19 15:48:03
3,Blocked,2026-03-19 15:47:51,2026-03-19 15:48:03
2,Blocked,2026-03-19 15:47:50,2026-03-19 15:48:03
1,Blocked,2026-03-19 15:48:00,2026-03-19 15:48:03
8,Starved,2026-03-19 15:47:41,2026-03-19 15:48:12
11,Running,2026-03-19 15:47:30,2026-03-19 15:48:29
6,Running,2026-03-19 15:47:44,2026-03-19 15:48:41
10,Running,2026-03-19 15:47:54,2026-03-19 15:48:47
11,Starved,2026-03-19 15:48:29,2026-03-19 15:48:47
5,Running,2026-03-19 15:48:03,2026-03-19 15:48:56
6,Starved,2026-03-19 15:48:41,2026-03-19 15:48:56
1,Running,2026-03-19 15:48:03,2026-03-19 15:49:00
5,Starved,2026-03-19 15:48:56,2026-03-19 15:49:03
10,Starved,2026-03-19 15:48:47,2026-03-19 15:49:03
2,Running,2026-03-19 15:48:03,2026-03-19 15:49:07
2,Blocked,2026-03-19 15:49:07,2026-03-19 15:49:08
1,Blocked,2026-03-19 15:49:00,2026-03-19 15:49:08
11,Running,2026-03-19 15:48:47,2026-03-19 15:49:46
5,Running,2026-03-19 15:49:03,2026-03-19 15:49:55
5,Starved,2026-03-19 15:49:55,2026-03-19 15:49:57
1,Running,2026-03-19 15:49:08,2026-03-19 15:50:06
10,Running,2026-03-19 15:49:03,2026-03-19 15:50:07
11,Starved,2026-03-19 15:49:46,2026-03-19 15:50:07
10,Starved,2026-03-19 15:50:07,2026-03-19 15:50:09
1,Blocked,2026-03-19 15:50:06,2026-03-19 15:50:12
11,Running,2026-03-19 15:50:07,2026-03-19 15:51:02
10,Running,2026-03-19 15:50:09,2026-03-19 15:51:02
11,Starved,2026-03-19 15:51:02,2026-03-19 15:51:02
3,Running,2026-03-19 15:48:03,2026-03-19 15:51:03
6,Running,2026-03-19 15:48:56,2026-03-19 15:51:05
5,Running,2026-03-19 15:49:57,2026-03-19 15:51:06
6,Starved,2026-03-19 15:51:05,2026-03-19 15:51:06
1,Running,2026-03-19 15:50:12,2026-03-19 15:51:11
2,Running,2026-03-19 15:49:08,2026-03-19 15:51:15
4,Running,2026-03-19 15:36:10,2026-03-19 15:51:19
5,Starved,2026-03-19 15:51:06,2026-03-19 15:51:19
10,Starved,2026-03-19 15:51:02,2026-03-19 15:51:23
11,Running,2026-03-19 15:51:02,2026-03-19 15:51:55
6,Running,2026-03-19 15:51:06,2026-03-19 15:52:12
5,Running,2026-03-19 15:51:19,2026-03-19 15:52:24
6,Starved,2026-03-19 15:52:12,2026-03-19 15:52:24
11,Starved,2026-03-19 15:51:55,2026-03-19 15:52:25
12,Running,2026-03-19 14:41:34,2026-03-19 15:53:01
8,Running,2026-03-19 15:48:12,2026-03-19 15:53:16
11,Running,2026-03-19 15:52:25,2026-03-19 15:53:20
12,Starved,2026-03-19 15:53:01,2026-03-19 15:53:20
8,Starved,2026-03-19 15:53:16,2026-03-19 15:53:21
11,Starved,2026-03-19 15:53:20,2026-03-19 15:53:23
6,Running,2026-03-19 15:52:24,2026-03-19 15:53:24
11,Running,2026-03-19 15:53:23,2026-03-19 15:54:11
11,Starved,2026-03-19 15:54:11,2026-03-19 15:54:21
12,Running,2026-03-19 15:53:20,2026-03-19 15:55:16
11,Running,2026-03-19 15:54:21,2026-03-19 15:55:20
12,Starved,2026-03-19 15:55:16,2026-03-19 15:55:20
11,Starved,2026-03-19 15:55:20,2026-03-19 15:55:20
11,Running,2026-03-19 15:55:20,2026-03-19 15:56:14
11,Starved,2026-03-19 15:56:14,2026-03-19 15:56:22
8,Running,2026-03-19 15:53:21,2026-03-19 15:56:35
8,Starved,2026-03-19 15:56:35,2026-03-19 15:56:36
8,Running,2026-03-19 15:56:36,2026-03-19 15:57:39
8,Starved,2026-03-19 15:57:39,2026-03-19 15:57:53
12,Running,2026-03-19 15:55:20,2026-03-19 15:59:23
12,Starved,2026-03-19 15:59:23,2026-03-19 15:59:30
11,Running,2026-03-19 15:56:22,2026-03-19 16:00:25
10,Running,2026-03-19 15:51:23,2026-03-19 16:00:25
11,Starved,2026-03-19 16:00:25,2026-03-19 16:00:25
10,Starved,2026-03-19 16:00:25,2026-03-19 16:00:38
11,Running,2026-03-19 16:00:25,2026-03-19 16:01:14
11,Starved,2026-03-19 16:01:14,2026-03-19 16:01:35
11,Running,2026-03-19 16:01:35,2026-03-19 16:02:25
11,Starved,2026-03-19 16:02:25,2026-03-19 16:02:41
12,Running,2026-03-19 15:59:30,2026-03-19 16:03:34
12,Starved,2026-03-19 16:03:34,2026-03-19 16:03:50
4,Down,2026-03-19 15:51:19,2026-03-19 16:04:24
3,Blocked,2026-03-19 15:51:03,2026-03-19 16:04:24
2,Blocked,2026-03-19 15:51:15,2026-03-19 16:04:24
12,Running,2026-03-19 16:03:50,2026-03-19 16:04:46
12,Starved,2026-03-19 16:04:46,2026-03-19 16:04:48
3,Running,2026-03-19 16:04:24,2026-03-19 16:05:23
5,Starved,2026-03-19 15:52:24,2026-03-19 16:05:27
3,Blocked,2026-03-19 16:05:23,2026-03-19 16:05:27
12,Running,2026-03-19 16:04:48,2026-03-19 16:05:47
12,Starved,2026-03-19 16:05:47,2026-03-19 16:05:49
3,Running,2026-03-19 16:05:27,2026-03-19 16:06:26
3,Blocked,2026-03-19 16:06:26,2026-03-19 16:06:32
6,Starved,2026-03-19 15:53:24,2026-03-19 16:06:33
10,Running,2026-03-19 16:00:38,2026-03-19 16:07:16
10,Starved,2026-03-19 16:07:16,2026-03-19 16:07:23
5,Running,2026-03-19 16:05:27,2026-03-19 16:07:30
3,Running,2026-03-19 16:06:32,2026-03-19 16:07:33
5,Starved,2026-03-19 16:07:30,2026-03-19 16:07:35
3,Blocked,2026-03-19 16:07:33,2026-03-19 16:07:35
12,Running,2026-03-19 16:05:49,2026-03-19 16:08:46
12,Starved,2026-03-19 16:08:46,2026-03-19 16:08:51
8,Running,2026-03-19 15:57:53,2026-03-19 16:08:54
8,Starved,2026-03-19 16:08:54,2026-03-19 16:09:01
10,Running,2026-03-19 16:07:23,2026-03-19 16:09:08
10,Starved,2026-03-19 16:09:08,2026-03-19 16:09:18
3,Running,2026-03-19 16:07:35,2026-03-19 16:09:29
3,Blocked,2026-03-19 16:09:29,2026-03-19 16:09:29
6,Running,2026-03-19 16:06:33,2026-03-19 16:09:34
6,Starved,2026-03-19 16:09:34,2026-03-19 16:09:35
9,Running,2026-03-19 15:20:22,2026-03-19 16:10:16
5,Running,2026-03-19 16:07:35,2026-03-19 16:10:25
3,Running,2026-03-19 16:09:29,2026-03-19 16:10:27
5,Starved,2026-03-19 16:10:25,2026-03-19 16:10:36
3,Blocked,2026-03-19 16:10:27,2026-03-19 16:10:36
8,Running,2026-03-19 16:09:01,2026-03-19 16:11:03
8,Starved,2026-03-19 16:11:03,2026-03-19 16:11:15
10,Running,2026-03-19 16:09:18,2026-03-19 16:11:26
6,Running,2026-03-19 16:09:35,2026-03-19 16:11:27
5,Running,2026-03-19 16:10:36,2026-03-19 16:11:35
6,Starved,2026-03-19 16:11:27,2026-03-19 16:11:35
3,Running,2026-03-19 16:10:36,2026-03-19 16:11:41
12,Running,2026-03-19 16:08:51,2026-03-19 16:11:56
12,Starved,2026-03-19 16:11:56,2026-03-19 16:11:57
5,Starved,2026-03-19 16:11:35,2026-03-19 16:12:02
3,Blocked,2026-03-19 16:11:41,2026-03-19 16:12:02
2,Down,2026-03-19 16:04:24,2026-03-19 16:12:07
1,Blocked,2026-03-19 15:51:11,2026-03-19 16:12:07
6,Running,2026-03-19 16:11:35,2026-03-19 16:12:38
12,Running,2026-03-19 16:11:57,2026-03-19 16:12:54
11,Running,2026-03-19 16:02:41,2026-03-19 16:12:56
12,Starved,2026-03-19 16:12:54,2026-03-19 16:12:56
1,Running,2026-03-19 16:12:07,2026-03-19 16:12:59
5,Running,2026-03-19 16:12:02,2026-03-19 16:13:02
6,Starved,2026-03-19 16:12:38,2026-03-19 16:13:02
3,Running,2026-03-19 16:12:02,2026-03-19 16:13:05
1,Blocked,2026-03-19 16:12:59,2026-03-19 16:13:06
8,Running,2026-03-19 16:11:15,2026-03-19 16:13:16
8,Starved,2026-03-19 16:13:16,2026-03-19 16:13:24
5,Starved,2026-03-19 16:13:02,2026-03-19 16:13:25
3,Blocked,2026-03-19 16:13:05,2026-03-19 16:13:25
6,Running,2026-03-19 16:13:02,2026-03-19 16:13:53
12,Running,2026-03-19 16:12:56,2026-03-19 16:13:53
9,Down,2026-03-19 16:10:16,2026-03-19 16:14:09
6,Starved,2026-03-19 16:13:53,2026-03-19 16:14:25
5,Running,2026-03-19 16:13:25,2026-03-19 16:15:16
10,Starved,2026-03-19 16:11:26,2026-03-19 16:15:27
3,Running,2026-03-19 16:13:25,2026-03-19 16:15:38
5,Starved,2026-03-19 16:15:16,2026-03-19 16:15:38
3,Blocked,2026-03-19 16:15:38,2026-03-19 16:15:38
10,Running,2026-03-19 16:15:27,2026-03-19 16:16:23
11,Starved,2026-03-19 16:12:56,2026-03-19 16:16:23
6,Running,2026-03-19 16:14:25,2026-03-19 16:16:27
10,Starved,2026-03-19 16:16:23,2026-03-19 16:16:28
5,Running,2026-03-19 16:15:38,2026-03-19 16:16:29
6,Starved,2026-03-19 16:16:27,2026-03-19 16:16:29
3,Running,2026-03-19 16:15:38,2026-03-19 16:16:36
5,Starved,2026-03-19 16:16:29,2026-03-19 16:16:42
3,Blocked,2026-03-19 16:16:36,2026-03-19 16:16:42
1,Running,2026-03-19 16:13:06,2026-03-19 16:17:09
1,Blocked,2026-03-19 16:17:09,2026-03-19 16:17:09
11,Running,2026-03-19 16:16:23,2026-03-19 16:17:22
12,Starved,2026-03-19 16:13:53,2026-03-19 16:17:22
6,Running,2026-03-19 16:16:29,2026-03-19 16:17:24
10,Running,2026-03-19 16:16:28,2026-03-19 16:17:27
11,Starved,2026-03-19 16:17:22,2026-03-19 16:17:27
10,Starved,2026-03-19 16:17:27,2026-03-19 16:17:29
6,Starved,2026-03-19 16:17:24,2026-03-19 16:17:46
1,Running,2026-03-19 16:17:09,2026-03-19 16:18:00
1,Blocked,2026-03-19 16:18:00,2026-03-19 16:18:11
12,Running,2026-03-19 16:17:22,2026-03-19 16:18:18
10,Running,2026-03-19 16:17:29,2026-03-19 16:18:24
12,Starved,2026-03-19 16:18:18,2026-03-19 16:18:29
10,Starved,2026-03-19 16:18:24,2026-03-19 16:18:31
3,Running,2026-03-19 16:16:42,2026-03-19 16:18:36
6,Running,2026-03-19 16:17:46,2026-03-19 16:18:39
5,Running,2026-03-19 16:16:42,2026-03-19 16:18:44
6,Starved,2026-03-19 16:18:39,2026-03-19 16:18:44
5,Starved,2026-03-19 16:18:44,2026-03-19 16:18:56
3,Blocked,2026-03-19 16:18:36,2026-03-19 16:18:56
1,Running,2026-03-19 16:18:11,2026-03-19 16:19:10
1,Blocked,2026-03-19 16:19:10,2026-03-19 16:19:13
12,Running,2026-03-19 16:18:29,2026-03-19 16:19:27
11,Running,2026-03-19 16:17:27,2026-03-19 16:19:32
12,Starved,2026-03-19 16:19:27,2026-03-19 16:19:32
8,Running,2026-03-19 16:13:24,2026-03-19 16:19:33
11,Starved,2026-03-19 16:19:32,2026-03-19 16:19:34
8,Starved,2026-03-19 16:19:33,2026-03-19 16:19:39
6,Running,2026-03-19 16:18:44,2026-03-19 16:19:47
3,Running,2026-03-19 16:18:56,2026-03-19 16:19:53
3,Blocked,2026-03-19 16:19:53,2026-03-19 16:19:53
6,Starved,2026-03-19 16:19:47,2026-03-19 16:20:04
10,Running,2026-03-19 16:18:31,2026-03-19 16:20:29
10,Starved,2026-03-19 16:20:29,2026-03-19 16:20:30
12,Running,2026-03-19 16:19:32,2026-03-19 16:20:38
12,Starved,2026-03-19 16:20:38,2026-03-19 16:20:41
6,Running,2026-03-19 16:20:04,2026-03-19 16:20:59
6,Starved,2026-03-19 16:20:59,2026-03-19 16:21:10
10,Running,2026-03-19 16:20:30,2026-03-19 16:21:29
10,Starved,2026-03-19 16:21:29,2026-03-19 16:21:29
12,Running,2026-03-19 16:20:41,2026-03-19 16:21:41
12,Starved,2026-03-19 16:21:41,2026-03-19 16:21:50
1,Running,2026-03-19 16:19:13,2026-03-19 16:21:56
1,Blocked,2026-03-19 16:21:56,2026-03-19 16:21:57
3,Running,2026-03-19 16:19:53,2026-03-19 16:21:58
3,Blocked,2026-03-19 16:21:58,2026-03-19 16:22:00
6,Running,2026-03-19 16:21:10,2026-03-19 16:22:15
6,Starved,2026-03-19 16:22:15,2026-03-19 16:22:17
8,Running,2026-03-19 16:19:39,2026-03-19 16:22:41
8,Starved,2026-03-19 16:22:41,2026-03-19 16:22:43
1,Running,2026-03-19 16:21:57,2026-03-19 16:22:59
1,Blocked,2026-03-19 16:22:59,2026-03-19 16:23:00
3,Running,2026-03-19 16:22:00,2026-03-19 16:23:02
5,Running,2026-03-19 16:18:56,2026-03-19 16:23:17
5,Starved,2026-03-19 16:23:17,2026-03-19 16:23:19
3,Blocked,2026-03-19 16:23:02,2026-03-19 16:23:19
8,Running,2026-03-19 16:22:43,2026-03-19 16:23:39
8,Starved,2026-03-19 16:23:39,2026-03-19 16:23:43
3,Running,2026-03-19 16:23:19,2026-03-19 16:24:11
5,Running,2026-03-19 16:23:19,2026-03-19 16:24:11
5,Starved,2026-03-19 16:24:11,2026-03-19 16:24:37
3,Blocked,2026-03-19 16:24:11,2026-03-19 16:24:37
8,Running,2026-03-19 16:23:43,2026-03-19 16:24:38
1,Running,2026-03-19 16:23:00,2026-03-19 16:24:50
8,Starved,2026-03-19 16:24:38,2026-03-19 16:24:56
1,Blocked,2026-03-19 16:24:50,2026-03-19 16:24:58
6,Running,2026-03-19 16:22:17,2026-03-19 16:25:06
3,Running,2026-03-19 16:24:37,2026-03-19 16:25:33
5,Running,2026-03-19 16:24:37,2026-03-19 16:25:34
6,Starved,2026-03-19 16:25:06,2026-03-19 16:25:34
12,Running,2026-03-19 16:21:50,2026-03-19 16:25:42
12,Starved,2026-03-19 16:25:42,2026-03-19 16:25:46
1,Running,2026-03-19 16:24:58,2026-03-19 16:25:49
8,Running,2026-03-19 16:24:56,2026-03-19 16:25:53
8,Starved,2026-03-19 16:25:53,2026-03-19 16:26:01
1,Blocked,2026-03-19 16:25:49,2026-03-19 16:26:02
5,Starved,2026-03-19 16:25:34,2026-03-19 16:26:02
3,Blocked,2026-03-19 16:25:33,2026-03-19 16:26:02
6,Running,2026-03-19 16:25:34,2026-03-19 16:26:30
12,Running,2026-03-19 16:25:46,2026-03-19 16:26:43
12,Starved,2026-03-19 16:26:43,2026-03-19 16:26:48
3,Running,2026-03-19 16:26:02,2026-03-19 16:26:55
3,Blocked,2026-03-19 16:26:55,2026-03-19 16:27:03
5,Running,2026-03-19 16:26:02,2026-03-19 16:27:06
6,Starved,2026-03-19 16:26:30,2026-03-19 16:27:06
6,Running,2026-03-19 16:27:06,2026-03-19 16:27:56
8,Running,2026-03-19 16:26:01,2026-03-19 16:27:58
8,Starved,2026-03-19 16:27:58,2026-03-19 16:28:02
10,Running,2026-03-19 16:21:29,2026-03-19 16:28:29
10,Starved,2026-03-19 16:28:29,2026-03-19 16:28:39
12,Running,2026-03-19 16:26:48,2026-03-19 16:28:46
12,Starved,2026-03-19 16:28:46,2026-03-19 16:28:47
8,Running,2026-03-19 16:28:02,2026-03-19 16:28:54
8,Starved,2026-03-19 16:28:54,2026-03-19 16:29:09
12,Running,2026-03-19 16:28:47,2026-03-19 16:29:37
10,Running,2026-03-19 16:28:39,2026-03-19 16:29:41
10,Starved,2026-03-19 16:29:41,2026-03-19 16:29:49
12,Starved,2026-03-19 16:29:37,2026-03-19 16:29:59
8,Running,2026-03-19 16:29:09,2026-03-19 16:29:59
8,Starved,2026-03-19 16:29:59,2026-03-19 16:30:30
10,Running,2026-03-19 16:29:49,2026-03-19 16:30:44
10,Starved,2026-03-19 16:30:44,2026-03-19 16:31:00
8,Running,2026-03-19 16:30:30,2026-03-19 16:31:28
8,Starved,2026-03-19 16:31:28,2026-03-19 16:31:36
11,Running,2026-03-19 16:19:34,2026-03-19 16:31:54
10,Running,2026-03-19 16:31:00,2026-03-19 16:32:00
11,Starved,2026-03-19 16:31:54,2026-03-19 16:32:00
10,Starved,2026-03-19 16:32:00,2026-03-19 16:32:10
8,Running,2026-03-19 16:31:36,2026-03-19 16:32:38
12,Running,2026-03-19 16:29:59,2026-03-19 16:32:54
8,Down,2026-03-19 16:32:38,2026-03-19 16:33:00
10,Running,2026-03-19 16:32:10,2026-03-19 16:33:02
12,Starved,2026-03-19 16:32:54,2026-03-19 16:33:16
10,Starved,2026-03-19 16:33:02,2026-03-19 16:33:16
12,Running,2026-03-19 16:33:16,2026-03-19 16:34:08
10,Running,2026-03-19 16:33:16,2026-03-19 16:34:15
3,Running,2026-03-19 16:27:03,2026-03-19 16:34:16
10,Starved,2026-03-19 16:34:15,2026-03-19 16:34:18
12,Starved,2026-03-19 16:34:08,2026-03-19 16:34:23
3,Blocked,2026-03-19 16:34:16,2026-03-19 16:34:39
8,Running,2026-03-19 16:33:00,2026-03-19 16:35:01
8,Starved,2026-03-19 16:35:01,2026-03-19 16:35:06
10,Running,2026-03-19 16:34:18,2026-03-19 16:35:13
10,Starved,2026-03-19 16:35:13,2026-03-19 16:35:16
12,Running,2026-03-19 16:34:23,2026-03-19 16:35:24
12,Starved,2026-03-19 16:35:24,2026-03-19 16:35:27
2,Running,2026-03-19 16:12:07,2026-03-19 16:36:23
10,Running,2026-03-19 16:35:16,2026-03-19 16:36:27
12,Running,2026-03-19 16:35:27,2026-03-19 16:36:31
12,Starved,2026-03-19 16:36:31,2026-03-19 16:36:35
10,Starved,2026-03-19 16:36:27,2026-03-19 16:36:42
3,Running,2026-03-19 16:34:39,2026-03-19 16:36:43
3,Blocked,2026-03-19 16:36:43,2026-03-19 16:36:43
1,Running,2026-03-19 16:26:02,2026-03-19 16:37:03
5,Down,2026-03-19 16:27:06,2026-03-19 16:37:20
12,Running,2026-03-19 16:36:35,2026-03-19 16:37:30
3,Running,2026-03-19 16:36:43,2026-03-19 16:37:34
11,Running,2026-03-19 16:32:00,2026-03-19 16:37:36
12,Starved,2026-03-19 16:37:30,2026-03-19 16:37:36
3,Blocked,2026-03-19 16:37:34,2026-03-19 16:37:49
11,Starved,2026-03-19 16:37:36,2026-03-19 16:37:56
6,Starved,2026-03-19 16:27:56,2026-03-19 16:38:23
8,Running,2026-03-19 16:35:06,2026-03-19 16:38:23
8,Starved,2026-03-19 16:38:23,2026-03-19 16:38:25
12,Running,2026-03-19 16:37:36,2026-03-19 16:38:34
3,Running,2026-03-19 16:37:49,2026-03-19 16:39:00
11,Running,2026-03-19 16:37:56,2026-03-19 16:39:01
12,Starved,2026-03-19 16:38:34,2026-03-19 16:39:01
11,Starved,2026-03-19 16:39:01,2026-03-19 16:39:01
3,Blocked,2026-03-19 16:39:00,2026-03-19 16:39:12
8,Running,2026-03-19 16:38:25,2026-03-19 16:39:25
8,Starved,2026-03-19 16:39:25,2026-03-19 16:39:25
10,Running,2026-03-19 16:36:42,2026-03-19 16:39:57
12,Running,2026-03-19 16:39:01,2026-03-19 16:40:00
12,Starved,2026-03-19 16:40:00,2026-03-19 16:40:03
10,Starved,2026-03-19 16:39:57,2026-03-19 16:40:18
2,Down,2026-03-19 16:36:23,2026-03-19 16:40:48
1,Blocked,2026-03-19 16:37:03,2026-03-19 16:40:48
11,Running,2026-03-19 16:39:01,2026-03-19 16:41:02
10,Running,2026-03-19 16:40:18,2026-03-19 16:41:17
11,Starved,2026-03-19 16:41:02,2026-03-19 16:41:17
3,Running,2026-03-19 16:39:12,2026-03-19 16:41:25
8,Running,2026-03-19 16:39:25,2026-03-19 16:41:28
6,Running,2026-03-19 16:38:23,2026-03-19 16:41:30
3,Starved,2026-03-19 16:41:25,2026-03-19 16:41:42
10,Starved,2026-03-19 16:41:17,2026-03-19 16:41:43
8,Blocked,2026-03-19 16:41:28,2026-03-19 16:41:43
6,Starved,2026-03-19 16:41:30,2026-03-19 16:41:44
12,Running,2026-03-19 16:40:03,2026-03-19 16:42:06
11,Running,2026-03-19 16:41:17,2026-03-19 16:42:14
12,Starved,2026-03-19 16:42:06,2026-03-19 16:42:14
8,Running,2026-03-19 16:41:43,2026-03-19 16:42:37
3,Running,2026-03-19 16:41:42,2026-03-19 16:42:43
10,Running,2026-03-19 16:41:43,2026-03-19 16:42:44
11,Starved,2026-03-19 16:42:14,2026-03-19 16:42:44
10,Starved,2026-03-19 16:42:44,2026-03-19 16:42:47
8,Blocked,2026-03-19 16:42:37,2026-03-19 16:42:47
3,Starved,2026-03-19 16:42:43,2026-03-19 16:42:48
12,Running,2026-03-19 16:42:14,2026-03-19 16:43:10
11,Running,2026-03-19 16:42:44,2026-03-19 16:43:41
12,Starved,2026-03-19 16:43:10,2026-03-19 16:43:41
10,Running,2026-03-19 16:42:47,2026-03-19 16:43:42
11,Starved,2026-03-19 16:43:41,2026-03-19 16:43:42
10,Starved,2026-03-19 16:43:42,2026-03-19 16:43:43
1,Running,2026-03-19 16:40:48,2026-03-19 16:43:50
1,Blocked,2026-03-19 16:43:50,2026-03-19 16:43:50
12,Running,2026-03-19 16:43:41,2026-03-19 16:44:39
6,Running,2026-03-19 16:41:44,2026-03-19 16:44:42
6,Starved,2026-03-19 16:44:42,2026-03-19 16:44:44
3,Running,2026-03-19 16:42:48,2026-03-19 16:44:46
12,Starved,2026-03-19 16:44:39,2026-03-19 16:44:46
3,Blocked,2026-03-19 16:44:46,2026-03-19 16:44:48
10,Running,2026-03-19 16:43:43,2026-03-19 16:45:42
3,Running,2026-03-19 16:44:48,2026-03-19 16:45:43
8,Running,2026-03-19 16:42:47,2026-03-19 16:45:43
10,Starved,2026-03-19 16:45:42,2026-03-19 16:45:46
8,Blocked,2026-03-19 16:45:43,2026-03-19 16:45:46
8,Starved,2026-03-19 16:45:46,2026-03-19 16:45:56
3,Blocked,2026-03-19 16:45:43,2026-03-19 16:46:03
8,Running,2026-03-19 16:45:56,2026-03-19 16:46:53
3,Running,2026-03-19 16:46:03,2026-03-19 16:47:03
8,Starved,2026-03-19 16:46:53,2026-03-19 16:47:09
3,Blocked,2026-03-19 16:47:03,2026-03-19 16:47:10
11,Running,2026-03-19 16:43:42,2026-03-19 16:47:42
10,Running,2026-03-19 16:45:46,2026-03-19 16:47:49
11,Starved,2026-03-19 16:47:42,2026-03-19 16:47:49
10,Starved,2026-03-19 16:47:49,2026-03-19 16:48:04
3,Running,2026-03-19 16:47:10,2026-03-19 16:48:09
3,Blocked,2026-03-19 16:48:09,2026-03-19 16:48:09
11,Running,2026-03-19 16:47:49,2026-03-19 16:48:42
11,Starved,2026-03-19 16:48:42,2026-03-19 16:49:05
8,Running,2026-03-19 16:47:09,2026-03-19 16:49:23
8,Starved,2026-03-19 16:49:23,2026-03-19 16:49:42
12,Running,2026-03-19 16:44:46,2026-03-19 16:50:00
11,Running,2026-03-19 16:49:05,2026-03-19 16:50:05
12,Starved,2026-03-19 16:50:00,2026-03-19 16:50:05
11,Starved,2026-03-19 16:50:05,2026-03-19 16:50:11
3,Running,2026-03-19 16:48:09,2026-03-19 16:50:14
3,Blocked,2026-03-19 16:50:14,2026-03-19 16:50:35
8,Running,2026-03-19 16:49:42,2026-03-19 16:50:37
8,Starved,2026-03-19 16:50:37,2026-03-19 16:50:50
11,Running,2026-03-19 16:50:11,2026-03-19 16:51:06
11,Starved,2026-03-19 16:51:06,2026-03-19 16:51:15
3,Running,2026-03-19 16:50:35,2026-03-19 16:51:33
6,Running,2026-03-19 16:44:44,2026-03-19 16:51:41
6,Starved,2026-03-19 16:51:41,2026-03-19 16:51:44
8,Running,2026-03-19 16:50:50,2026-03-19 16:51:50
8,Starved,2026-03-19 16:51:50,2026-03-19 16:52:02
12,Running,2026-03-19 16:50:05,2026-03-19 16:52:07
3,Blocked,2026-03-19 16:51:33,2026-03-19 16:52:07
11,Running,2026-03-19 16:51:15,2026-03-19 16:52:21
12,Starved,2026-03-19 16:52:07,2026-03-19 16:52:21
11,Starved,2026-03-19 16:52:21,2026-03-19 16:52:23
6,Running,2026-03-19 16:51:44,2026-03-19 16:52:36
5,Running,2026-03-19 16:37:20,2026-03-19 16:52:49
6,Starved,2026-03-19 16:52:36,2026-03-19 16:52:49
8,Running,2026-03-19 16:52:02,2026-03-19 16:52:58
3,Running,2026-03-19 16:52:07,2026-03-19 16:53:02
12,Running,2026-03-19 16:52:21,2026-03-19 16:53:13
3,Blocked,2026-03-19 16:53:02,2026-03-19 16:53:13
12,Starved,2026-03-19 16:53:13,2026-03-19 16:53:24
8,Starved,2026-03-19 16:52:58,2026-03-19 16:53:27
6,Running,2026-03-19 16:52:49,2026-03-19 16:53:44
3,Running,2026-03-19 16:53:13,2026-03-19 16:54:10
3,Blocked,2026-03-19 16:54:10,2026-03-19 16:54:23
8,Running,2026-03-19 16:53:27,2026-03-19 16:54:25
8,Starved,2026-03-19 16:54:25,2026-03-19 16:54:30
10,Running,2026-03-19 16:48:04,2026-03-19 16:55:10
12,Running,2026-03-19 16:53:24,2026-03-19 16:55:19
12,Starved,2026-03-19 16:55:19,2026-03-19 16:55:23
3,Running,2026-03-19 16:54:23,2026-03-19 16:55:23
4,Running,2026-03-19 16:04:24,2026-03-19 16:55:23
8,Running,2026-03-19 16:54:30,2026-03-19 16:55:24
10,Starved,2026-03-19 16:55:10,2026-03-19 16:55:24
8,Starved,2026-03-19 16:55:24,2026-03-19 16:55:26
1,Running,2026-03-19 16:43:50,2026-03-19 16:55:57
1,Blocked,2026-03-19 16:55:57,2026-03-19 16:56:01
12,Running,2026-03-19 16:55:23,2026-03-19 16:56:15
11,Running,2026-03-19 16:52:23,2026-03-19 16:56:23
12,Starved,2026-03-19 16:56:15,2026-03-19 16:56:23
11,Starved,2026-03-19 16:56:23,2026-03-19 16:56:26
8,Running,2026-03-19 16:55:26,2026-03-19 16:56:29
8,Starved,2026-03-19 16:56:29,2026-03-19 16:56:31
1,Running,2026-03-19 16:56:01,2026-03-19 16:57:02
1,Blocked,2026-03-19 16:57:02,2026-03-19 16:57:11
12,Running,2026-03-19 16:56:23,2026-03-19 16:57:19
12,Starved,2026-03-19 16:57:19,2026-03-19 16:57:23
8,Running,2026-03-19 16:56:31,2026-03-19 16:57:34
2,Running,2026-03-19 16:40:48,2026-03-19 16:58:06
1,Running,2026-03-19 16:57:11,2026-03-19 16:58:10
10,Running,2026-03-19 16:55:24,2026-03-19 16:58:13
8,Down,2026-03-19 16:57:34,2026-03-19 16:58:13
12,Running,2026-03-19 16:57:23,2026-03-19 16:58:23
12,Starved,2026-03-19 16:58:23,2026-03-19 16:58:25
10,Starved,2026-03-19 16:58:13,2026-03-19 16:58:26
5,Down,2026-03-19 16:52:49,2026-03-19 16:58:29
4,Blocked,2026-03-19 16:55:23,2026-03-19 16:58:29
3,Blocked,2026-03-19 16:55:23,2026-03-19 16:58:29
12,Running,2026-03-19 16:58:25,2026-03-19 16:59:19
11,Running,2026-03-19 16:56:26,2026-03-19 16:59:20
12,Starved,2026-03-19 16:59:19,2026-03-19 16:59:20
6,Starved,2026-03-19 16:53:44,2026-03-19 16:59:21
3,Running,2026-03-19 16:58:29,2026-03-19 16:59:32
11,Starved,2026-03-19 16:59:20,2026-03-19 16:59:33
3,Blocked,2026-03-19 16:59:32,2026-03-19 16:59:53
8,Running,2026-03-19 16:58:13,2026-03-19 17:00:02
8,Starved,2026-03-19 17:00:02,2026-03-19 17:00:05
6,Running,2026-03-19 16:59:21,2026-03-19 17:00:25
2,Down,2026-03-19 16:58:06,2026-03-19 17:00:28
1,Blocked,2026-03-19 16:58:10,2026-03-19 17:00:28
12,Running,2026-03-19 16:59:20,2026-03-19 17:00:29
11,Running,2026-03-19 16:59:33,2026-03-19 17:00:30
12,Starved,2026-03-19 17:00:29,2026-03-19 17:00:30
11,Starved,2026-03-19 17:00:30,2026-03-19 17:00:31
3,Running,2026-03-19 16:59:53,2026-03-19 17:00:53
3,Blocked,2026-03-19 17:00:53,2026-03-19 17:00:54
6,Down,2026-03-19 17:00:25,2026-03-19 17:00:55
12,Running,2026-03-19 17:00:30,2026-03-19 17:01:29
11,Running,2026-03-19 17:00:31,2026-03-19 17:01:32
12,Starved,2026-03-19 17:01:29,2026-03-19 17:01:32
10,Running,2026-03-19 16:58:26,2026-03-19 17:01:35
11,Starved,2026-03-19 17:01:32,2026-03-19 17:01:35
10,Starved,2026-03-19 17:01:35,2026-03-19 17:01:38
1,Running,2026-03-19 17:00:28,2026-03-19 17:02:19
1,Blocked,2026-03-19 17:02:19,2026-03-19 17:02:26
11,Running,2026-03-19 17:01:35,2026-03-19 17:02:35
3,Running,2026-03-19 17:00:54,2026-03-19 17:02:48
10,Running,2026-03-19 17:01:38,2026-03-19 17:02:49
11,Starved,2026-03-19 17:02:35,2026-03-19 17:02:49
10,Starved,2026-03-19 17:02:49,2026-03-19 17:02:50
3,Blocked,2026-03-19 17:02:48,2026-03-19 17:02:56
12,Running,2026-03-19 17:01:32,2026-03-19 17:03:39
11,Running,2026-03-19 17:02:49,2026-03-19 17:03:40
12,Starved,2026-03-19 17:03:39,2026-03-19 17:03:40
10,Running,2026-03-19 17:02:50,2026-03-19 17:03:44
11,Starved,2026-03-19 17:03:40,2026-03-19 17:03:44
10,Starved,2026-03-19 17:03:44,2026-03-19 17:03:50
7,Running,2026-03-19 14:04:36,2026-03-19 17:03:59
3,Running,2026-03-19 17:02:56,2026-03-19 17:04:01
3,Blocked,2026-03-19 17:04:01,2026-03-19 17:04:11
12,Running,2026-03-19 17:03:40,2026-03-19 17:04:43
11,Running,2026-03-19 17:03:44,2026-03-19 17:04:43
12,Starved,2026-03-19 17:04:43,2026-03-19 17:04:43
10,Running,2026-03-19 17:03:50,2026-03-19 17:04:51
11,Starved,2026-03-19 17:04:43,2026-03-19 17:04:51
10,Starved,2026-03-19 17:04:51,2026-03-19 17:04:52
3,Running,2026-03-19 17:04:11,2026-03-19 17:05:01
8,Running,2026-03-19 17:00:05,2026-03-19 17:05:10
1,Running,2026-03-19 17:02:26,2026-03-19 17:05:20
3,Blocked,2026-03-19 17:05:01,2026-03-19 17:05:20
1,Blocked,2026-03-19 17:05:20,2026-03-19 17:05:22
12,Running,2026-03-19 17:04:43,2026-03-19 17:05:30
10,Running,2026-03-19 17:04:52,2026-03-19 17:05:43
12,Starved,2026-03-19 17:05:30,2026-03-19 17:05:53
10,Starved,2026-03-19 17:05:43,2026-03-19 17:05:57
7,Down,2026-03-19 17:03:59,2026-03-19 17:06:37
11,Running,2026-03-19 17:04:51,2026-03-19 17:06:57
11,Starved,2026-03-19 17:06:57,2026-03-19 17:07:01
3,Running,2026-03-19 17:05:20,2026-03-19 17:07:14
3,Blocked,2026-03-19 17:07:14,2026-03-19 17:07:16
8,Starved,2026-03-19 17:05:10,2026-03-19 17:07:52
11,Running,2026-03-19 17:07:01,2026-03-19 17:07:58
11,Starved,2026-03-19 17:07:58,2026-03-19 17:08:13
1,Running,2026-03-19 17:05:22,2026-03-19 17:08:26
1,Blocked,2026-03-19 17:08:26,2026-03-19 17:08:27
9,Running,2026-03-19 16:14:09,2026-03-19 17:08:45
8,Running,2026-03-19 17:07:52,2026-03-19 17:08:47
9,Starved,2026-03-19 17:08:45,2026-03-19 17:08:47
12,Running,2026-03-19 17:05:53,2026-03-19 17:09:08
8,Starved,2026-03-19 17:08:47,2026-03-19 17:09:10
11,Running,2026-03-19 17:08:13,2026-03-19 17:09:11
12,Starved,2026-03-19 17:09:08,2026-03-19 17:09:11
11,Starved,2026-03-19 17:09:11,2026-03-19 17:09:13
3,Running,2026-03-19 17:07:16,2026-03-19 17:09:16
3,Blocked,2026-03-19 17:09:16,2026-03-19 17:09:30
9,Running,2026-03-19 17:08:47,2026-03-19 17:09:57
12,Running,2026-03-19 17:09:11,2026-03-19 17:10:09
8,Running,2026-03-19 17:09:10,2026-03-19 17:10:16
9,Starved,2026-03-19 17:09:57,2026-03-19 17:10:16
12,Starved,2026-03-19 17:10:09,2026-03-19 17:10:17
8,Starved,2026-03-19 17:10:16,2026-03-19 17:10:22
10,Running,2026-03-19 17:05:57,2026-03-19 17:11:12
8,Running,2026-03-19 17:10:22,2026-03-19 17:11:14
12,Running,2026-03-19 17:10:17,2026-03-19 17:11:14
12,Starved,2026-03-19 17:11:14,2026-03-19 17:11:17
8,Starved,2026-03-19 17:11:14,2026-03-19 17:11:20
10,Starved,2026-03-19 17:11:12,2026-03-19 17:11:26
11,Running,2026-03-19 17:09:13,2026-03-19 17:12:17
9,Running,2026-03-19 17:10:16,2026-03-19 17:12:25
11,Starved,2026-03-19 17:12:17,2026-03-19 17:12:26
9,Starved,2026-03-19 17:12:25,2026-03-19 17:12:29
12,Running,2026-03-19 17:11:17,2026-03-19 17:13:18
11,Running,2026-03-19 17:12:26,2026-03-19 17:13:29
12,Starved,2026-03-19 17:13:18,2026-03-19 17:13:29
10,Running,2026-03-19 17:11:26,2026-03-19 17:13:33
11,Starved,2026-03-19 17:13:29,2026-03-19 17:13:33
10,Starved,2026-03-19 17:13:33,2026-03-19 17:13:39
3,Running,2026-03-19 17:09:30,2026-03-19 17:14:26
12,Running,2026-03-19 17:13:29,2026-03-19 17:14:26
3,Blocked,2026-03-19 17:14:26,2026-03-19 17:14:28
10,Running,2026-03-19 17:13:39,2026-03-19 17:14:38
12,Starved,2026-03-19 17:14:26,2026-03-19 17:14:39
10,Starved,2026-03-19 17:14:38,2026-03-19 17:14:41
3,Running,2026-03-19 17:14:28,2026-03-19 17:15:35
11,Running,2026-03-19 17:13:33,2026-03-19 17:15:40
11,Starved,2026-03-19 17:15:40,2026-03-19 17:15:50
3,Blocked,2026-03-19 17:15:35,2026-03-19 17:15:54
12,Running,2026-03-19 17:14:39,2026-03-19 17:16:44
3,Running,2026-03-19 17:15:54,2026-03-19 17:16:49
11,Running,2026-03-19 17:15:50,2026-03-19 17:16:50
12,Starved,2026-03-19 17:16:44,2026-03-19 17:16:50
11,Starved,2026-03-19 17:16:50,2026-03-19 17:16:53
3,Blocked,2026-03-19 17:16:49,2026-03-19 17:17:24
8,Running,2026-03-19 17:11:20,2026-03-19 17:17:43
12,Running,2026-03-19 17:16:50,2026-03-19 17:17:51
12,Starved,2026-03-19 17:17:51,2026-03-19 17:18:01
8,Starved,2026-03-19 17:17:43,2026-03-19 17:18:03
3,Running,2026-03-19 17:17:24,2026-03-19 17:18:16
10,Running,2026-03-19 17:14:41,2026-03-19 17:18:47
12,Running,2026-03-19 17:18:01,2026-03-19 17:18:57
3,Blocked,2026-03-19 17:18:16,2026-03-19 17:18:58
12,Starved,2026-03-19 17:18:57,2026-03-19 17:18:58
9,Running,2026-03-19 17:12:29,2026-03-19 17:19:01
10,Starved,2026-03-19 17:18:47,2026-03-19 17:19:01
8,Running,2026-03-19 17:18:03,2026-03-19 17:19:02
9,Starved,2026-03-19 17:19:01,2026-03-19 17:19:02
8,Starved,2026-03-19 17:19:02,2026-03-19 17:19:32
11,Running,2026-03-19 17:16:53,2026-03-19 17:19:53
3,Running,2026-03-19 17:18:58,2026-03-19 17:19:58
10,Running,2026-03-19 17:19:01,2026-03-19 17:19:58
11,Starved,2026-03-19 17:19:53,2026-03-19 17:19:58
3,Blocked,2026-03-19 17:19:58,2026-03-19 17:19:59
9,Running,2026-03-19 17:19:02,2026-03-19 17:20:21
10,Starved,2026-03-19 17:19:58,2026-03-19 17:20:21
8,Running,2026-03-19 17:19:32,2026-03-19 17:20:33
9,Starved,2026-03-19 17:20:21,2026-03-19 17:20:33
12,Running,2026-03-19 17:18:58,2026-03-19 17:20:48
8,Starved,2026-03-19 17:20:33,2026-03-19 17:20:59
3,Running,2026-03-19 17:19:59,2026-03-19 17:20:59
11,Running,2026-03-19 17:19:58,2026-03-19 17:21:02
12,Starved,2026-03-19 17:20:48,2026-03-19 17:21:02
3,Blocked,2026-03-19 17:20:59,2026-03-19 17:21:06
10,Running,2026-03-19 17:20:21,2026-03-19 17:21:20
11,Starved,2026-03-19 17:21:02,2026-03-19 17:21:20
6,Running,2026-03-19 17:00:55,2026-03-19 17:21:48
9,Running,2026-03-19 17:20:33,2026-03-19 17:21:48
10,Starved,2026-03-19 17:21:20,2026-03-19 17:21:48
6,Starved,2026-03-19 17:21:48,2026-03-19 17:21:52
12,Running,2026-03-19 17:21:02,2026-03-19 17:21:56
3,Running,2026-03-19 17:21:06,2026-03-19 17:22:01
9,Starved,2026-03-19 17:21:48,2026-03-19 17:22:04
3,Blocked,2026-03-19 17:22:01,2026-03-19 17:22:13
11,Running,2026-03-19 17:21:20,2026-03-19 17:22:15
12,Starved,2026-03-19 17:21:56,2026-03-19 17:22:15
10,Running,2026-03-19 17:21:48,2026-03-19 17:22:50
11,Starved,2026-03-19 17:22:15,2026-03-19 17:22:50
8,Running,2026-03-19 17:20:59,2026-03-19 17:23:04
8,Starved,2026-03-19 17:23:04,2026-03-19 17:23:07
10,Starved,2026-03-19 17:22:50,2026-03-19 17:23:14
3,Running,2026-03-19 17:22:13,2026-03-19 17:23:16
12,Running,2026-03-19 17:22:15,2026-03-19 17:23:26
11,Running,2026-03-19 17:22:50,2026-03-19 17:23:47
12,Starved,2026-03-19 17:23:26,2026-03-19 17:23:47
3,Blocked,2026-03-19 17:23:16,2026-03-19 17:23:51
8,Running,2026-03-19 17:23:07,2026-03-19 17:24:07
11,Starved,2026-03-19 17:23:47,2026-03-19 17:24:12
8,Starved,2026-03-19 17:24:07,2026-03-19 17:24:13
12,Running,2026-03-19 17:23:47,2026-03-19 17:24:49
3,Running,2026-03-19 17:23:51,2026-03-19 17:24:51
3,Blocked,2026-03-19 17:24:51,2026-03-19 17:24:51
8,Running,2026-03-19 17:24:13,2026-03-19 17:25:03
8,Starved,2026-03-19 17:25:03,2026-03-19 17:25:16
12,Starved,2026-03-19 17:24:49,2026-03-19 17:25:17
9,Running,2026-03-19 17:22:04,2026-03-19 17:26:06
8,Running,2026-03-19 17:25:16,2026-03-19 17:26:07
9,Starved,2026-03-19 17:26:06,2026-03-19 17:26:07
12,Running,2026-03-19 17:25:17,2026-03-19 17:26:10
11,Running,2026-03-19 17:24:12,2026-03-19 17:26:17
12,Starved,2026-03-19 17:26:10,2026-03-19 17:26:17
8,Starved,2026-03-19 17:26:07,2026-03-19 17:26:19
11,Starved,2026-03-19 17:26:17,2026-03-19 17:26:24
9,Running,2026-03-19 17:26:07,2026-03-19 17:27:02
8,Running,2026-03-19 17:26:19,2026-03-19 17:27:16
9,Starved,2026-03-19 17:27:02,2026-03-19 17:27:16
12,Running,2026-03-19 17:26:17,2026-03-19 17:27:17
11,Running,2026-03-19 17:26:24,2026-03-19 17:27:23
12,Starved,2026-03-19 17:27:17,2026-03-19 17:27:23
11,Starved,2026-03-19 17:27:23,2026-03-19 17:27:28
8,Starved,2026-03-19 17:27:16,2026-03-19 17:27:44
3,Running,2026-03-19 17:24:51,2026-03-19 17:27:54
3,Blocked,2026-03-19 17:27:54,2026-03-19 17:28:03
12,Running,2026-03-19 17:27:23,2026-03-19 17:28:19
9,Running,2026-03-19 17:27:16,2026-03-19 17:28:23
12,Starved,2026-03-19 17:28:19,2026-03-19 17:28:34
8,Running,2026-03-19 17:27:44,2026-03-19 17:28:39
9,Starved,2026-03-19 17:28:23,2026-03-19 17:28:39
8,Starved,2026-03-19 17:28:39,2026-03-19 17:28:44
11,Running,2026-03-19 17:27:28,2026-03-19 17:29:24
10,Running,2026-03-19 17:23:14,2026-03-19 17:29:35
11,Starved,2026-03-19 17:29:24,2026-03-19 17:29:35
8,Running,2026-03-19 17:28:44,2026-03-19 17:29:43
8,Starved,2026-03-19 17:29:43,2026-03-19 17:29:51
10,Starved,2026-03-19 17:29:35,2026-03-19 17:30:03
3,Running,2026-03-19 17:28:03,2026-03-19 17:30:16
3,Blocked,2026-03-19 17:30:16,2026-03-19 17:30:20
11,Running,2026-03-19 17:29:35,2026-03-19 17:30:27
6,Running,2026-03-19 17:21:52,2026-03-19 17:30:50
5,Running,2026-03-19 16:58:29,2026-03-19 17:30:51
6,Starved,2026-03-19 17:30:50,2026-03-19 17:30:51
8,Running,2026-03-19 17:29:51,2026-03-19 17:30:52
10,Running,2026-03-19 17:30:03,2026-03-19 17:30:54
11,Starved,2026-03-19 17:30:27,2026-03-19 17:30:54
10,Starved,2026-03-19 17:30:54,2026-03-19 17:31:07
8,Starved,2026-03-19 17:30:52,2026-03-19 17:31:10
3,Running,2026-03-19 17:30:20,2026-03-19 17:31:10
3,Blocked,2026-03-19 17:31:10,2026-03-19 17:31:33
6,Running,2026-03-19 17:30:51,2026-03-19 17:31:40
12,Running,2026-03-19 17:28:34,2026-03-19 17:31:40
11,Running,2026-03-19 17:30:54,2026-03-19 17:31:51
12,Starved,2026-03-19 17:31:40,2026-03-19 17:31:51
5,Down,2026-03-19 17:30:51,2026-03-19 17:31:59
9,Running,2026-03-19 17:28:39,2026-03-19 17:32:03
11,Starved,2026-03-19 17:31:51,2026-03-19 17:32:09
9,Starved,2026-03-19 17:32:03,2026-03-19 17:32:20
3,Running,2026-03-19 17:31:33,2026-03-19 17:32:28
3,Blocked,2026-03-19 17:32:28,2026-03-19 17:32:37
6,Starved,2026-03-19 17:31:40,2026-03-19 17:32:49
12,Running,2026-03-19 17:31:51,2026-03-19 17:32:49
10,Running,2026-03-19 17:31:07,2026-03-19 17:33:08
12,Starved,2026-03-19 17:32:49,2026-03-19 17:33:25
3,Running,2026-03-19 17:32:37,2026-03-19 17:33:35
3,Blocked,2026-03-19 17:33:35,2026-03-19 17:33:35
10,Starved,2026-03-19 17:33:08,2026-03-19 17:33:44
11,Running,2026-03-19 17:32:09,2026-03-19 17:34:29
2,Running,2026-03-19 17:00:28,2026-03-19 17:34:34
3,Running,2026-03-19 17:33:35,2026-03-19 17:34:36
3,Blocked,2026-03-19 17:34:36,2026-03-19 17:34:43
2,Blocked,2026-03-19 17:34:34,2026-03-19 17:34:43
10,Running,2026-03-19 17:33:44,2026-03-19 17:34:44
11,Starved,2026-03-19 17:34:29,2026-03-19 17:34:44
10,Starved,2026-03-19 17:34:44,2026-03-19 17:34:48
2,Running,2026-03-19 17:34:43,2026-03-19 17:35:35
3,Running,2026-03-19 17:34:43,2026-03-19 17:35:37
12,Running,2026-03-19 17:33:25,2026-03-19 17:35:42
10,Running,2026-03-19 17:34:48,2026-03-19 17:35:48
12,Starved,2026-03-19 17:35:42,2026-03-19 17:35:51
10,Starved,2026-03-19 17:35:48,2026-03-19 17:35:51
3,Blocked,2026-03-19 17:35:37,2026-03-19 17:36:11
2,Blocked,2026-03-19 17:35:35,2026-03-19 17:36:11
12,Running,2026-03-19 17:35:51,2026-03-19 17:36:47
10,Running,2026-03-19 17:35:51,2026-03-19 17:36:50
10,Starved,2026-03-19 17:36:50,2026-03-19 17:36:59
12,Starved,2026-03-19 17:36:47,2026-03-19 17:37:01
3,Running,2026-03-19 17:36:11,2026-03-19 17:37:02
2,Running,2026-03-19 17:36:11,2026-03-19 17:37:03
3,Blocked,2026-03-19 17:37:02,2026-03-19 17:37:06
2,Blocked,2026-03-19 17:37:03,2026-03-19 17:37:06
8,Running,2026-03-19 17:31:10,2026-03-19 17:37:28
8,Starved,2026-03-19 17:37:28,2026-03-19 17:37:51
12,Running,2026-03-19 17:37:01,2026-03-19 17:38:07
2,Running,2026-03-19 17:37:06,2026-03-19 17:38:09
12,Starved,2026-03-19 17:38:07,2026-03-19 17:38:09
3,Running,2026-03-19 17:37:06,2026-03-19 17:38:09
3,Blocked,2026-03-19 17:38:09,2026-03-19 17:38:28
2,Blocked,2026-03-19 17:38:09,2026-03-19 17:38:28
8,Running,2026-03-19 17:37:51,2026-03-19 17:38:50
8,Starved,2026-03-19 17:38:50,2026-03-19 17:39:11
3,Running,2026-03-19 17:38:28,2026-03-19 17:39:28
3,Blocked,2026-03-19 17:39:28,2026-03-19 17:39:28
6,Running,2026-03-19 17:32:49,2026-03-19 17:39:44
6,Starved,2026-03-19 17:39:44,2026-03-19 17:39:57
10,Running,2026-03-19 17:36:59,2026-03-19 17:40:02
9,Running,2026-03-19 17:32:20,2026-03-19 17:40:05
10,Starved,2026-03-19 17:40:02,2026-03-19 17:40:05
8,Running,2026-03-19 17:39:11,2026-03-19 17:40:12
9,Starved,2026-03-19 17:40:05,2026-03-19 17:40:12
8,Starved,2026-03-19 17:40:12,2026-03-19 17:40:23
12,Running,2026-03-19 17:38:09,2026-03-19 17:40:23
2,Running,2026-03-19 17:38:28,2026-03-19 17:40:25
3,Running,2026-03-19 17:39:28,2026-03-19 17:40:32
1,Running,2026-03-19 17:08:27,2026-03-19 17:40:43
6,Running,2026-03-19 17:39:57,2026-03-19 17:40:54
6,Starved,2026-03-19 17:40:54,2026-03-19 17:40:54
10,Running,2026-03-19 17:40:05,2026-03-19 17:41:00
3,Blocked,2026-03-19 17:40:32,2026-03-19 17:41:02
2,Blocked,2026-03-19 17:40:25,2026-03-19 17:41:02
1,Blocked,2026-03-19 17:40:43,2026-03-19 17:41:02
9,Running,2026-03-19 17:40:12,2026-03-19 17:41:18
10,Starved,2026-03-19 17:41:00,2026-03-19 17:41:18
12,Down,2026-03-19 17:40:23,2026-03-19 17:41:21
8,Running,2026-03-19 17:40:23,2026-03-19 17:41:21
9,Starved,2026-03-19 17:41:18,2026-03-19 17:41:21
8,Starved,2026-03-19 17:41:21,2026-03-19 17:41:22
6,Running,2026-03-19 17:40:54,2026-03-19 17:41:52
2,Running,2026-03-19 17:41:02,2026-03-19 17:41:55
6,Starved,2026-03-19 17:41:52,2026-03-19 17:41:58
1,Running,2026-03-19 17:41:02,2026-03-19 17:42:03
3,Running,2026-03-19 17:41:02,2026-03-19 17:42:06
3,Blocked,2026-03-19 17:42:06,2026-03-19 17:42:11
2,Blocked,2026-03-19 17:41:55,2026-03-19 17:42:11
1,Blocked,2026-03-19 17:42:03,2026-03-19 17:42:11
10,Running,2026-03-19 17:41:18,2026-03-19 17:42:18
9,Running,2026-03-19 17:41:21,2026-03-19 17:42:24
10,Starved,2026-03-19 17:42:18,2026-03-19 17:42:24
8,Running,2026-03-19 17:41:22,2026-03-19 17:42:33
9,Starved,2026-03-19 17:42:24,2026-03-19 17:42:33
8,Starved,2026-03-19 17:42:33,2026-03-19 17:42:34
2,Running,2026-03-19 17:42:11,2026-03-19 17:43:02
2,Blocked,2026-03-19 17:43:02,2026-03-19 17:43:10
11,Running,2026-03-19 17:34:44,2026-03-19 17:43:19
10,Running,2026-03-19 17:42:24,2026-03-19 17:43:32
11,Starved,2026-03-19 17:43:19,2026-03-19 17:43:32
9,Running,2026-03-19 17:42:33,2026-03-19 17:43:32
10,Starved,2026-03-19 17:43:32,2026-03-19 17:43:32
9,Starved,2026-03-19 17:43:32,2026-03-19 17:43:35
6,Running,2026-03-19 17:41:58,2026-03-19 17:43:46
6,Starved,2026-03-19 17:43:46,2026-03-19 17:43:50
2,Running,2026-03-19 17:43:10,2026-03-19 17:44:14
1,Running,2026-03-19 17:42:11,2026-03-19 17:44:15
2,Blocked,2026-03-19 17:44:14,2026-03-19 17:44:18
1,Blocked,2026-03-19 17:44:15,2026-03-19 17:44:18
10,Running,2026-03-19 17:43:32,2026-03-19 17:44:24
8,Running,2026-03-19 17:42:34,2026-03-19 17:44:30
8,Starved,2026-03-19 17:44:30,2026-03-19 17:44:40
10,Starved,2026-03-19 17:44:24,2026-03-19 17:44:40
3,Running,2026-03-19 17:42:11,2026-03-19 17:45:08
3,Blocked,2026-03-19 17:45:08,2026-03-19 17:45:11
1,Running,2026-03-19 17:44:18,2026-03-19 17:45:16
1,Blocked,2026-03-19 17:45:16,2026-03-19 17:45:22
10,Running,2026-03-19 17:44:40,2026-03-19 17:45:31
8,Running,2026-03-19 17:44:40,2026-03-19 17:45:37
10,Starved,2026-03-19 17:45:31,2026-03-19 17:45:41
8,Starved,2026-03-19 17:45:37,2026-03-19 17:45:47
1,Running,2026-03-19 17:45:22,2026-03-19 17:46:18
1,Blocked,2026-03-19 17:46:18,2026-03-19 17:46:23
9,Running,2026-03-19 17:43:35,2026-03-19 17:46:37
11,Running,2026-03-19 17:43:32,2026-03-19 17:46:42
11,Starved,2026-03-19 17:46:42,2026-03-19 17:46:48
9,Starved,2026-03-19 17:46:37,2026-03-19 17:46:51
6,Running,2026-03-19 17:43:50,2026-03-19 17:46:53
6,Starved,2026-03-19 17:46:53,2026-03-19 17:46:57
10,Running,2026-03-19 17:45:41,2026-03-19 17:47:39
6,Running,2026-03-19 17:46:57,2026-03-19 17:47:44
9,Running,2026-03-19 17:46:51,2026-03-19 17:47:47
10,Starved,2026-03-19 17:47:39,2026-03-19 17:47:47
6,Starved,2026-03-19 17:47:44,2026-03-19 17:47:52
9,Starved,2026-03-19 17:47:47,2026-03-19 17:47:55
3,Running,2026-03-19 17:45:11,2026-03-19 17:48:13
2,Running,2026-03-19 17:44:18,2026-03-19 17:48:21
1,Running,2026-03-19 17:46:23,2026-03-19 17:48:29
10,Running,2026-03-19 17:47:47,2026-03-19 17:48:51
3,Blocked,2026-03-19 17:48:13,2026-03-19 17:48:57
2,Blocked,2026-03-19 17:48:21,2026-03-19 17:48:57
1,Blocked,2026-03-19 17:48:29,2026-03-19 17:48:57
10,Starved,2026-03-19 17:48:51,2026-03-19 17:49:04
11,Running,2026-03-19 17:46:48,2026-03-19 17:49:51
8,Running,2026-03-19 17:45:47,2026-03-19 17:49:53
1,Running,2026-03-19 17:48:57,2026-03-19 17:49:54
3,Running,2026-03-19 17:48:57,2026-03-19 17:49:56
3,Blocked,2026-03-19 17:49:56,2026-03-19 17:49:56
1,Blocked,2026-03-19 17:49:54,2026-03-19 17:49:58
10,Running,2026-03-19 17:49:04,2026-03-19 17:50:00
11,Starved,2026-03-19 17:49:51,2026-03-19 17:50:00
10,Starved,2026-03-19 17:50:00,2026-03-19 17:50:03
8,Starved,2026-03-19 17:49:53,2026-03-19 17:50:08
6,Running,2026-03-19 17:47:52,2026-03-19 17:50:45
6,Starved,2026-03-19 17:50:45,2026-03-19 17:50:45
1,Running,2026-03-19 17:49:58,2026-03-19 17:50:50
3,Running,2026-03-19 17:49:56,2026-03-19 17:50:51
2,Running,2026-03-19 17:48:57,2026-03-19 17:50:56
10,Running,2026-03-19 17:50:03,2026-03-19 17:50:58
9,Running,2026-03-19 17:47:55,2026-03-19 17:51:07
10,Starved,2026-03-19 17:50:58,2026-03-19 17:51:07
3,Blocked,2026-03-19 17:50:51,2026-03-19 17:51:16
2,Blocked,2026-03-19 17:50:56,2026-03-19 17:51:16
1,Blocked,2026-03-19 17:50:50,2026-03-19 17:51:16
6,Running,2026-03-19 17:50:45,2026-03-19 17:51:42
6,Starved,2026-03-19 17:51:42,2026-03-19 17:51:52
11,Running,2026-03-19 17:50:00,2026-03-19 17:52:00
10,Running,2026-03-19 17:51:07,2026-03-19 17:52:09
11,Starved,2026-03-19 17:52:00,2026-03-19 17:52:09
2,Running,2026-03-19 17:51:16,2026-03-19 17:52:13
1,Running,2026-03-19 17:51:16,2026-03-19 17:52:14
8,Running,2026-03-19 17:50:08,2026-03-19 17:52:16
2,Blocked,2026-03-19 17:52:13,2026-03-19 17:52:19
1,Blocked,2026-03-19 17:52:14,2026-03-19 17:52:19
8,Starved,2026-03-19 17:52:16,2026-03-19 17:52:31
9,Down,2026-03-19 17:51:07,2026-03-19 17:52:32
6,Running,2026-03-19 17:51:52,2026-03-19 17:52:41
6,Starved,2026-03-19 17:52:41,2026-03-19 17:52:55
12,Running,2026-03-19 17:41:21,2026-03-19 17:53:07
11,Running,2026-03-19 17:52:09,2026-03-19 17:53:12
12,Starved,2026-03-19 17:53:07,2026-03-19 17:53:12
3,Running,2026-03-19 17:51:16,2026-03-19 17:53:14
1,Running,2026-03-19 17:52:19,2026-03-19 17:53:24
2,Running,2026-03-19 17:52:19,2026-03-19 17:53:27
3,Blocked,2026-03-19 17:53:14,2026-03-19 17:53:27
2,Blocked,2026-03-19 17:53:27,2026-03-19 17:53:27
1,Blocked,2026-03-19 17:53:24,2026-03-19 17:53:27
10,Starved,2026-03-19 17:52:09,2026-03-19 17:53:59
12,Running,2026-03-19 17:53:12,2026-03-19 17:54:12
2,Running,2026-03-19 17:53:27,2026-03-19 17:54:19
3,Running,2026-03-19 17:53:27,2026-03-19 17:54:31
1,Running,2026-03-19 17:53:27,2026-03-19 17:54:35
3,Blocked,2026-03-19 17:54:31,2026-03-19 17:54:35
2,Blocked,2026-03-19 17:54:19,2026-03-19 17:54:35
1,Blocked,2026-03-19 17:54:35,2026-03-19 17:54:35
11,Starved,2026-03-19 17:53:12,2026-03-19 17:55:01
1,Running,2026-03-19 17:54:35,2026-03-19 17:55:25
2,Running,2026-03-19 17:54:35,2026-03-19 17:55:33
2,Blocked,2026-03-19 17:55:33,2026-03-19 17:55:36
1,Blocked,2026-03-19 17:55:25,2026-03-19 17:55:36
11,Running,2026-03-19 17:55:01,2026-03-19 17:56:01
12,Starved,2026-03-19 17:54:12,2026-03-19 17:56:01
10,Running,2026-03-19 17:53:59,2026-03-19 17:56:03
11,Starved,2026-03-19 17:56:01,2026-03-19 17:56:03
10,Starved,2026-03-19 17:56:03,2026-03-19 17:56:15
3,Running,2026-03-19 17:54:35,2026-03-19 17:56:32
2,Running,2026-03-19 17:55:36,2026-03-19 17:56:35
3,Blocked,2026-03-19 17:56:32,2026-03-19 17:56:43
2,Blocked,2026-03-19 17:56:35,2026-03-19 17:56:43
12,Running,2026-03-19 17:56:01,2026-03-19 17:57:00
5,Running,2026-03-19 17:31:59,2026-03-19 17:57:01
11,Running,2026-03-19 17:56:03,2026-03-19 17:57:06
12,Starved,2026-03-19 17:57:00,2026-03-19 17:57:06
11,Starved,2026-03-19 17:57:06,2026-03-19 17:57:14
1,Running,2026-03-19 17:55:36,2026-03-19 17:57:34
5,Down,2026-03-19 17:57:01,2026-03-19 17:57:36
3,Running,2026-03-19 17:56:43,2026-03-19 17:57:43
2,Running,2026-03-19 17:56:43,2026-03-19 17:57:44
3,Blocked,2026-03-19 17:57:43,2026-03-19 17:57:55
2,Blocked,2026-03-19 17:57:44,2026-03-19 17:57:55
1,Blocked,2026-03-19 17:57:34,2026-03-19 17:57:55
6,Running,2026-03-19 17:52:55,2026-03-19 17:58:05
12,Running,2026-03-19 17:57:06,2026-03-19 17:58:11
11,Running,2026-03-19 17:57:14,2026-03-19 17:58:14
12,Starved,2026-03-19 17:58:11,2026-03-19 17:58:14
11,Starved,2026-03-19 17:58:14,2026-03-19 17:58:19
6,Starved,2026-03-19 17:58:05,2026-03-19 17:58:31
2,Running,2026-03-19 17:57:55,2026-03-19 17:58:52
3,Running,2026-03-19 17:57:55,2026-03-19 17:58:56
1,Running,2026-03-19 17:57:55,2026-03-19 17:59:03
12,Running,2026-03-19 17:58:14,2026-03-19 17:59:11
3,Blocked,2026-03-19 17:58:56,2026-03-19 17:59:12
2,Blocked,2026-03-19 17:58:52,2026-03-19 17:59:12
1,Blocked,2026-03-19 17:59:03,2026-03-19 17:59:12
6,Running,2026-03-19 17:58:31,2026-03-19 17:59:24
12,Starved,2026-03-19 17:59:11,2026-03-19 17:59:24
6,Starved,2026-03-19 17:59:24,2026-03-19 17:59:39
2,Running,2026-03-19 17:59:12,2026-03-19 18:00:06
1,Running,2026-03-19 17:59:12,2026-03-19 18:00:10
2,Blocked,2026-03-19 18:00:06,2026-03-19 18:00:15
1,Blocked,2026-03-19 18:00:10,2026-03-19 18:00:15
10,Running,2026-03-19 17:56:15,2026-03-19 18:00:16
8,Running,2026-03-19 17:52:31,2026-03-19 18:00:22
12,Running,2026-03-19 17:59:24,2026-03-19 18:00:23
10,Starved,2026-03-19 18:00:16,2026-03-19 18:00:24
12,Starved,2026-03-19 18:00:23,2026-03-19 18:00:26
8,Starved,2026-03-19 18:00:22,2026-03-19 18:00:30
2,Running,2026-03-19 18:00:15,2026-03-19 18:01:16
2,Blocked,2026-03-19 18:01:16,2026-03-19 18:01:17
11,Running,2026-03-19 17:58:19,2026-03-19 18:01:21
11,Starved,2026-03-19 18:01:21,2026-03-19 18:01:24
11,Running,2026-03-19 18:01:24,2026-03-19 18:02:15
1,Running,2026-03-19 18:00:15,2026-03-19 18:02:15
11,Starved,2026-03-19 18:02:15,2026-03-19 18:02:16
2,Running,2026-03-19 18:01:17,2026-03-19 18:02:24
2,Blocked,2026-03-19 18:02:24,2026-03-19 18:02:28
1,Blocked,2026-03-19 18:02:15,2026-03-19 18:02:28
10,Running,2026-03-19 18:00:24,2026-03-19 18:03:05
10,Starved,2026-03-19 18:03:05,2026-03-19 18:03:11
8,Running,2026-03-19 18:00:30,2026-03-19 18:03:30
8,Starved,2026-03-19 18:03:30,2026-03-19 18:03:35
11,Running,2026-03-19 18:02:16,2026-03-19 18:04:20
10,Running,2026-03-19 18:03:11,2026-03-19 18:04:20
11,Starved,2026-03-19 18:04:20,2026-03-19 18:04:20
3,Running,2026-03-19 17:59:12,2026-03-19 18:04:21
8,Running,2026-03-19 18:03:35,2026-03-19 18:04:30
1,Running,2026-03-19 18:02:28,2026-03-19 18:04:33
3,Blocked,2026-03-19 18:04:21,2026-03-19 18:04:37
1,Blocked,2026-03-19 18:04:33,2026-03-19 18:04:37
10,Starved,2026-03-19 18:04:20,2026-03-19 18:04:40
7,Running,2026-03-19 17:06:37,2026-03-19 18:04:53
8,Starved,2026-03-19 18:04:30,2026-03-19 18:04:53
11,Running,2026-03-19 18:04:20,2026-03-19 18:05:11
10,Running,2026-03-19 18:04:40,2026-03-19 18:05:29
11,Starved,2026-03-19 18:05:11,2026-03-19 18:05:29
2,Running,2026-03-19 18:02:28,2026-03-19 18:05:30
10,Starved,2026-03-19 18:05:29,2026-03-19 18:05:31
1,Running,2026-03-19 18:04:37,2026-03-19 18:05:38
3,Running,2026-03-19 18:04:37,2026-03-19 18:05:43
3,Blocked,2026-03-19 18:05:43,2026-03-19 18:05:45
2,Blocked,2026-03-19 18:05:30,2026-03-19 18:05:45
1,Blocked,2026-03-19 18:05:38,2026-03-19 18:05:45
8,Running,2026-03-19 18:04:53,2026-03-19 18:05:53
10,Running,2026-03-19 18:05:31,2026-03-19 18:06:31
3,Running,2026-03-19 18:05:45,2026-03-19 18:06:37
10,Starved,2026-03-19 18:06:31,2026-03-19 18:06:38
1,Running,2026-03-19 18:05:45,2026-03-19 18:06:40
2,Running,2026-03-19 18:05:45,2026-03-19 18:06:48
3,Blocked,2026-03-19 18:06:37,2026-03-19 18:07:18
2,Blocked,2026-03-19 18:06:48,2026-03-19 18:07:18
1,Blocked,2026-03-19 18:06:40,2026-03-19 18:07:18
12,Running,2026-03-19 18:00:26,2026-03-19 18:07:34
12,Starved,2026-03-19 18:07:34,2026-03-19 18:07:46
2,Running,2026-03-19 18:07:18,2026-03-19 18:08:14
3,Running,2026-03-19 18:07:18,2026-03-19 18:08:15
1,Running,2026-03-19 18:07:18,2026-03-19 18:08:21
10,Running,2026-03-19 18:06:38,2026-03-19 18:08:34
3,Blocked,2026-03-19 18:08:15,2026-03-19 18:08:36
2,Blocked,2026-03-19 18:08:14,2026-03-19 18:08:36
1,Blocked,2026-03-19 18:08:21,2026-03-19 18:08:36
12,Running,2026-03-19 18:07:46,2026-03-19 18:08:43
7,Down,2026-03-19 18:04:53,2026-03-19 18:08:45
12,Starved,2026-03-19 18:08:43,2026-03-19 18:08:47
9,Running,2026-03-19 17:52:32,2026-03-19 18:08:57
10,Starved,2026-03-19 18:08:34,2026-03-19 18:08:57
2,Running,2026-03-19 18:08:36,2026-03-19 18:09:36
3,Running,2026-03-19 18:08:36,2026-03-19 18:09:37
3,Blocked,2026-03-19 18:09:37,2026-03-19 18:09:42
2,Blocked,2026-03-19 18:09:36,2026-03-19 18:09:42
12,Running,2026-03-19 18:08:47,2026-03-19 18:09:49
8,Starved,2026-03-19 18:05:53,2026-03-19 18:09:51
11,Running,2026-03-19 18:05:29,2026-03-19 18:09:54
12,Starved,2026-03-19 18:09:49,2026-03-19 18:09:54
10,Running,2026-03-19 18:08:57,2026-03-19 18:10:01
11,Starved,2026-03-19 18:09:54,2026-03-19 18:10:01
2,Running,2026-03-19 18:09:42,2026-03-19 18:10:39
12,Running,2026-03-19 18:09:54,2026-03-19 18:10:39
2,Blocked,2026-03-19 18:10:39,2026-03-19 18:10:50
11,Running,2026-03-19 18:10:01,2026-03-19 18:10:57
12,Starved,2026-03-19 18:10:39,2026-03-19 18:10:57
9,Starved,2026-03-19 18:08:57,2026-03-19 18:10:58
2,Running,2026-03-19 18:10:50,2026-03-19 18:11:44
1,Running,2026-03-19 18:08:36,2026-03-19 18:11:46
3,Running,2026-03-19 18:09:42,2026-03-19 18:11:48
8,Running,2026-03-19 18:09:51,2026-03-19 18:11:54
10,Starved,2026-03-19 18:10:01,2026-03-19 18:11:57
8,Starved,2026-03-19 18:11:54,2026-03-19 18:12:00
3,Blocked,2026-03-19 18:11:48,2026-03-19 18:12:03
2,Blocked,2026-03-19 18:11:44,2026-03-19 18:12:03
1,Blocked,2026-03-19 18:11:46,2026-03-19 18:12:03
12,Running,2026-03-19 18:10:57,2026-03-19 18:12:07
3,Running,2026-03-19 18:12:03,2026-03-19 18:12:57
9,Running,2026-03-19 18:10:58,2026-03-19 18:12:58
1,Running,2026-03-19 18:12:03,2026-03-19 18:12:59
2,Running,2026-03-19 18:12:03,2026-03-19 18:13:01
8,Running,2026-03-19 18:12:00,2026-03-19 18:13:04
9,Starved,2026-03-19 18:12:58,2026-03-19 18:13:04
11,Starved,2026-03-19 18:10:57,2026-03-19 18:13:06
3,Blocked,2026-03-19 18:12:57,2026-03-19 18:13:09
2,Blocked,2026-03-19 18:13:01,2026-03-19 18:13:09
1,Blocked,2026-03-19 18:12:59,2026-03-19 18:13:09
8,Starved,2026-03-19 18:13:04,2026-03-19 18:13:09
9,Running,2026-03-19 18:13:04,2026-03-19 18:14:04
1,Running,2026-03-19 18:13:09,2026-03-19 18:14:05
3,Running,2026-03-19 18:13:09,2026-03-19 18:14:09
12,Starved,2026-03-19 18:12:07,2026-03-19 18:14:12
2,Running,2026-03-19 18:13:09,2026-03-19 18:14:12
9,Starved,2026-03-19 18:14:04,2026-03-19 18:14:15
3,Blocked,2026-03-19 18:14:09,2026-03-19 18:14:26
2,Blocked,2026-03-19 18:14:12,2026-03-19 18:14:26
1,Blocked,2026-03-19 18:14:05,2026-03-19 18:14:26
10,Running,2026-03-19 18:11:57,2026-03-19 18:15:01
3,Running,2026-03-19 18:14:26,2026-03-19 18:15:18
2,Running,2026-03-19 18:14:26,2026-03-19 18:15:19
3,Blocked,2026-03-19 18:15:18,2026-03-19 18:15:21
2,Blocked,2026-03-19 18:15:19,2026-03-19 18:15:21
10,Starved,2026-03-19 18:15:01,2026-03-19 18:15:26
6,Running,2026-03-19 17:59:39,2026-03-19 18:15:40
11,Running,2026-03-19 18:13:06,2026-03-19 18:16:00
3,Running,2026-03-19 18:15:21,2026-03-19 18:16:12
9,Running,2026-03-19 18:14:15,2026-03-19 18:16:20
1,Running,2026-03-19 18:14:26,2026-03-19 18:16:21
2,Running,2026-03-19 18:15:21,2026-03-19 18:16:21
9,Starved,2026-03-19 18:16:20,2026-03-19 18:16:23
3,Blocked,2026-03-19 18:16:12,2026-03-19 18:16:26
2,Blocked,2026-03-19 18:16:21,2026-03-19 18:16:26
1,Blocked,2026-03-19 18:16:21,2026-03-19 18:16:26
11,Starved,2026-03-19 18:16:00,2026-03-19 18:16:31
12,Running,2026-03-19 18:14:12,2026-03-19 18:17:14
9,Running,2026-03-19 18:16:23,2026-03-19 18:17:14
2,Running,2026-03-19 18:16:26,2026-03-19 18:17:19
8,Running,2026-03-19 18:13:09,2026-03-19 18:17:20
9,Starved,2026-03-19 18:17:14,2026-03-19 18:17:20
1,Running,2026-03-19 18:16:26,2026-03-19 18:17:24
2,Blocked,2026-03-19 18:17:19,2026-03-19 18:17:26
1,Blocked,2026-03-19 18:17:24,2026-03-19 18:17:26
12,Starved,2026-03-19 18:17:14,2026-03-19 18:17:37
8,Starved,2026-03-19 18:17:20,2026-03-19 18:17:37
2,Running,2026-03-19 18:17:26,2026-03-19 18:18:19
1,Running,2026-03-19 18:17:26,2026-03-19 18:18:19
10,Running,2026-03-19 18:15:26,2026-03-19 18:18:22
5,Running,2026-03-19 17:57:36,2026-03-19 18:18:24
9,Running,2026-03-19 18:17:20,2026-03-19 18:18:27
10,Starved,2026-03-19 18:18:22,2026-03-19 18:18:27
3,Running,2026-03-19 18:16:26,2026-03-19 18:18:31
9,Starved,2026-03-19 18:18:27,2026-03-19 18:18:37
3,Blocked,2026-03-19 18:18:31,2026-03-19 18:18:42
2,Blocked,2026-03-19 18:18:19,2026-03-19 18:18:42
1,Blocked,2026-03-19 18:18:19,2026-03-19 18:18:42
10,Running,2026-03-19 18:18:27,2026-03-19 18:19:22
9,Running,2026-03-19 18:18:37,2026-03-19 18:19:35
10,Starved,2026-03-19 18:19:22,2026-03-19 18:19:35
8,Running,2026-03-19 18:17:37,2026-03-19 18:19:38
9,Starved,2026-03-19 18:19:35,2026-03-19 18:19:38
3,Running,2026-03-19 18:18:42,2026-03-19 18:19:41
1,Running,2026-03-19 18:18:42,2026-03-19 18:19:43
12,Running,2026-03-19 18:17:37,2026-03-19 18:19:43
2,Running,2026-03-19 18:18:42,2026-03-19 18:19:43
3,Blocked,2026-03-19 18:19:41,2026-03-19 18:19:49
2,Blocked,2026-03-19 18:19:43,2026-03-19 18:19:49
1,Blocked,2026-03-19 18:19:43,2026-03-19 18:19:49
8,Starved,2026-03-19 18:19:38,2026-03-19 18:20:02
11,Running,2026-03-19 18:16:31,2026-03-19 18:20:24
10,Running,2026-03-19 18:19:35,2026-03-19 18:20:37
11,Starved,2026-03-19 18:20:24,2026-03-19 18:20:37
9,Running,2026-03-19 18:19:38,2026-03-19 18:20:45
10,Starved,2026-03-19 18:20:37,2026-03-19 18:20:45
1,Running,2026-03-19 18:19:49,2026-03-19 18:20:48
2,Running,2026-03-19 18:19:49,2026-03-19 18:20:49
3,Running,2026-03-19 18:19:49,2026-03-19 18:20:49
3,Blocked,2026-03-19 18:20:49,2026-03-19 18:20:52
2,Blocked,2026-03-19 18:20:49,2026-03-19 18:20:52
1,Blocked,2026-03-19 18:20:48,2026-03-19 18:20:52
8,Running,2026-03-19 18:20:02,2026-03-19 18:21:05
9,Starved,2026-03-19 18:20:45,2026-03-19 18:21:05
8,Starved,2026-03-19 18:21:05,2026-03-19 18:21:13
11,Running,2026-03-19 18:20:37,2026-03-19 18:21:29
10,Running,2026-03-19 18:20:45,2026-03-19 18:21:44
2,Running,2026-03-19 18:20:52,2026-03-19 18:21:49
3,Running,2026-03-19 18:20:52,2026-03-19 18:21:49
3,Blocked,2026-03-19 18:21:49,2026-03-19 18:21:50
2,Blocked,2026-03-19 18:21:49,2026-03-19 18:21:50
9,Running,2026-03-19 18:21:05,2026-03-19 18:22:08
10,Starved,2026-03-19 18:21:44,2026-03-19 18:22:08
9,Starved,2026-03-19 18:22:08,2026-03-19 18:22:20
10,Running,2026-03-19 18:22:08,2026-03-19 18:23:07
3,Running,2026-03-19 18:21:50,2026-03-19 18:23:44
2,Running,2026-03-19 18:21:50,2026-03-19 18:23:47
1,Running,2026-03-19 18:20:52,2026-03-19 18:23:48
10,Starved,2026-03-19 18:23:07,2026-03-19 18:23:50
3,Blocked,2026-03-19 18:23:44,2026-03-19 18:24:06
2,Blocked,2026-03-19 18:23:47,2026-03-19 18:24:06
1,Blocked,2026-03-19 18:23:48,2026-03-19 18:24:06
8,Running,2026-03-19 18:21:13,2026-03-19 18:24:22
8,Starved,2026-03-19 18:24:22,2026-03-19 18:24:33
10,Running,2026-03-19 18:23:50,2026-03-19 18:24:43
10,Starved,2026-03-19 18:24:43,2026-03-19 18:24:47
1,Running,2026-03-19 18:24:06,2026-03-19 18:25:06
1,Blocked,2026-03-19 18:25:06,2026-03-19 18:25:18
8,Running,2026-03-19 18:24:33,2026-03-19 18:25:31
6,Down,2026-03-19 18:15:40,2026-03-19 18:25:42
5,Blocked,2026-03-19 18:18:24,2026-03-19 18:25:42
8,Starved,2026-03-19 18:25:31,2026-03-19 18:25:51
10,Running,2026-03-19 18:24:47,2026-03-19 18:25:53
10,Starved,2026-03-19 18:25:53,2026-03-19 18:26:06
3,Running,2026-03-19 18:24:06,2026-03-19 18:26:09
1,Running,2026-03-19 18:25:18,2026-03-19 18:26:12
2,Running,2026-03-19 18:24:06,2026-03-19 18:26:16
3,Blocked,2026-03-19 18:26:09,2026-03-19 18:26:22
2,Blocked,2026-03-19 18:26:16,2026-03-19 18:26:22
1,Blocked,2026-03-19 18:26:12,2026-03-19 18:26:22
8,Running,2026-03-19 18:25:51,2026-03-19 18:26:52
8,Starved,2026-03-19 18:26:52,2026-03-19 18:26:58
10,Running,2026-03-19 18:26:06,2026-03-19 18:27:00
10,Starved,2026-03-19 18:27:00,2026-03-19 18:27:04
1,Running,2026-03-19 18:26:22,2026-03-19 18:27:13
2,Running,2026-03-19 18:26:22,2026-03-19 18:27:16
2,Blocked,2026-03-19 18:27:16,2026-03-19 18:27:28
1,Blocked,2026-03-19 18:27:13,2026-03-19 18:27:28
5,Running,2026-03-19 18:25:42,2026-03-19 18:27:50
6,Running,2026-03-19 18:25:42,2026-03-19 18:27:51
10,Running,2026-03-19 18:27:04,2026-03-19 18:27:58
8,Running,2026-03-19 18:26:58,2026-03-19 18:28:07
10,Starved,2026-03-19 18:27:58,2026-03-19 18:28:10
8,Starved,2026-03-19 18:28:07,2026-03-19 18:28:10
1,Running,2026-03-19 18:27:28,2026-03-19 18:28:28
1,Blocked,2026-03-19 18:28:28,2026-03-19 18:28:28
9,Running,2026-03-19 18:22:20,2026-03-19 18:29:06
8,Running,2026-03-19 18:28:10,2026-03-19 18:29:09
9,Starved,2026-03-19 18:29:06,2026-03-19 18:29:09
8,Starved,2026-03-19 18:29:09,2026-03-19 18:29:11
4,Running,2026-03-19 16:58:29,2026-03-19 18:29:19
3,Running,2026-03-19 18:26:22,2026-03-19 18:29:24
1,Running,2026-03-19 18:28:28,2026-03-19 18:29:30
2,Running,2026-03-19 18:27:28,2026-03-19 18:29:39
8,Running,2026-03-19 18:29:11,2026-03-19 18:30:17
8,Starved,2026-03-19 18:30:17,2026-03-19 18:30:18
10,Running,2026-03-19 18:28:10,2026-03-19 18:31:10
6,Down,2026-03-19 18:27:51,2026-03-19 18:31:27
5,Blocked,2026-03-19 18:27:50,2026-03-19 18:31:27
4,Blocked,2026-03-19 18:29:19,2026-03-19 18:31:27
3,Blocked,2026-03-19 18:29:24,2026-03-19 18:31:27
2,Blocked,2026-03-19 18:29:39,2026-03-19 18:31:27
1,Blocked,2026-03-19 18:29:30,2026-03-19 18:31:27
10,Starved,2026-03-19 18:31:10,2026-03-19 18:31:28
1,Running,2026-03-19 18:31:27,2026-03-19 18:32:15
10,Running,2026-03-19 18:31:28,2026-03-19 18:32:22
2,Running,2026-03-19 18:31:27,2026-03-19 18:32:25
9,Running,2026-03-19 18:29:09,2026-03-19 18:32:25
10,Starved,2026-03-19 18:32:22,2026-03-19 18:32:25
8,Running,2026-03-19 18:30:18,2026-03-19 18:32:26
9,Starved,2026-03-19 18:32:25,2026-03-19 18:32:26
3,Running,2026-03-19 18:31:27,2026-03-19 18:32:28
8,Starved,2026-03-19 18:32:26,2026-03-19 18:32:29
3,Blocked,2026-03-19 18:32:28,2026-03-19 18:32:59
2,Blocked,2026-03-19 18:32:25,2026-03-19 18:32:59
1,Blocked,2026-03-19 18:32:15,2026-03-19 18:32:59
9,Running,2026-03-19 18:32:26,2026-03-19 18:33:20
9,Starved,2026-03-19 18:33:20,2026-03-19 18:33:37
1,Running,2026-03-19 18:32:59,2026-03-19 18:33:51
1,Blocked,2026-03-19 18:33:51,2026-03-19 18:34:05
10,Running,2026-03-19 18:32:25,2026-03-19 18:34:22
9,Running,2026-03-19 18:33:37,2026-03-19 18:34:35
10,Starved,2026-03-19 18:34:22,2026-03-19 18:34:35
9,Starved,2026-03-19 18:34:35,2026-03-19 18:34:36
5,Running,2026-03-19 18:31:27,2026-03-19 18:35:19
5,Blocked,2026-03-19 18:35:19,2026-03-19 18:35:20
9,Running,2026-03-19 18:34:36,2026-03-19 18:35:29
8,Running,2026-03-19 18:32:29,2026-03-19 18:35:30
9,Starved,2026-03-19 18:35:29,2026-03-19 18:35:30
8,Starved,2026-03-19 18:35:30,2026-03-19 18:35:44
5,Running,2026-03-19 18:35:20,2026-03-19 18:36:23
5,Blocked,2026-03-19 18:36:23,2026-03-19 18:36:24
9,Running,2026-03-19 18:35:30,2026-03-19 18:36:35
8,Running,2026-03-19 18:35:44,2026-03-19 18:36:38
9,Starved,2026-03-19 18:36:35,2026-03-19 18:36:38
8,Starved,2026-03-19 18:36:38,2026-03-19 18:36:40
10,Running,2026-03-19 18:34:35,2026-03-19 18:36:43
9,Running,2026-03-19 18:36:38,2026-03-19 18:37:38
9,Starved,2026-03-19 18:37:38,2026-03-19 18:37:43
5,Running,2026-03-19 18:36:24,2026-03-19 18:38:33
5,Blocked,2026-03-19 18:38:33,2026-03-19 18:38:36
9,Running,2026-03-19 18:37:43,2026-03-19 18:38:41
3,Running,2026-03-19 18:32:59,2026-03-19 18:38:51
9,Starved,2026-03-19 18:38:41,2026-03-19 18:38:52
3,Blocked,2026-03-19 18:38:51,2026-03-19 18:39:06
5,Running,2026-03-19 18:38:36,2026-03-19 18:39:36
5,Blocked,2026-03-19 18:39:36,2026-03-19 18:39:40
9,Running,2026-03-19 18:38:52,2026-03-19 18:39:48
8,Running,2026-03-19 18:36:40,2026-03-19 18:39:51
8,Starved,2026-03-19 18:39:51,2026-03-19 18:39:55
2,Running,2026-03-19 18:32:59,2026-03-19 18:40:05
2,Blocked,2026-03-19 18:40:05,2026-03-19 18:40:15
8,Running,2026-03-19 18:39:55,2026-03-19 18:40:52
8,Starved,2026-03-19 18:40:52,2026-03-19 18:40:59
3,Running,2026-03-19 18:39:06,2026-03-19 18:41:13
1,Running,2026-03-19 18:34:05,2026-03-19 18:41:17
2,Running,2026-03-19 18:40:15,2026-03-19 18:41:21
3,Blocked,2026-03-19 18:41:13,2026-03-19 18:41:21
2,Blocked,2026-03-19 18:41:21,2026-03-19 18:41:21
1,Blocked,2026-03-19 18:41:17,2026-03-19 18:41:21
8,Running,2026-03-19 18:40:59,2026-03-19 18:42:00
1,Running,2026-03-19 18:41:21,2026-03-19 18:42:15
3,Running,2026-03-19 18:41:21,2026-03-19 18:42:16
2,Running,2026-03-19 18:41:21,2026-03-19 18:42:19
8,Starved,2026-03-19 18:42:00,2026-03-19 18:42:20
3,Blocked,2026-03-19 18:42:16,2026-03-19 18:42:48
2,Blocked,2026-03-19 18:42:19,2026-03-19 18:42:48
1,Blocked,2026-03-19 18:42:15,2026-03-19 18:42:48
8,Running,2026-03-19 18:42:20,2026-03-19 18:43:22
8,Starved,2026-03-19 18:43:22,2026-03-19 18:43:35
3,Running,2026-03-19 18:42:48,2026-03-19 18:43:50
2,Running,2026-03-19 18:42:48,2026-03-19 18:43:51
1,Running,2026-03-19 18:42:48,2026-03-19 18:43:58
3,Blocked,2026-03-19 18:43:50,2026-03-19 18:44:04
2,Blocked,2026-03-19 18:43:51,2026-03-19 18:44:04
1,Blocked,2026-03-19 18:43:58,2026-03-19 18:44:04
8,Running,2026-03-19 18:43:35,2026-03-19 18:44:27
2,Running,2026-03-19 18:44:04,2026-03-19 18:44:58
3,Running,2026-03-19 18:44:04,2026-03-19 18:45:01
1,Running,2026-03-19 18:44:04,2026-03-19 18:45:07
3,Blocked,2026-03-19 18:45:01,2026-03-19 18:45:17
2,Blocked,2026-03-19 18:44:58,2026-03-19 18:45:17
1,Blocked,2026-03-19 18:45:07,2026-03-19 18:45:17
3,Running,2026-03-19 18:45:17,2026-03-19 18:46:15
1,Running,2026-03-19 18:45:17,2026-03-19 18:46:15
2,Running,2026-03-19 18:45:17,2026-03-19 18:46:19
12,Down,2026-03-19 18:19:43,2026-03-19 18:46:35
11,Blocked,2026-03-19 18:21:29,2026-03-19 18:46:35
10,Blocked,2026-03-19 18:36:43,2026-03-19 18:46:35
9,Blocked,2026-03-19 18:39:48,2026-03-19 18:46:35
8,Blocked,2026-03-19 18:44:27,2026-03-19 18:46:35
3,Blocked,2026-03-19 18:46:15,2026-03-19 18:46:55
2,Blocked,2026-03-19 18:46:19,2026-03-19 18:46:55
1,Blocked,2026-03-19 18:46:15,2026-03-19 18:46:55
10,Running,2026-03-19 18:46:35,2026-03-19 18:47:23
9,Running,2026-03-19 18:46:35,2026-03-19 18:47:35
10,Blocked,2026-03-19 18:47:23,2026-03-19 18:47:39
9,Blocked,2026-03-19 18:47:35,2026-03-19 18:47:39
1,Running,2026-03-19 18:46:55,2026-03-19 18:47:48
8,Down,2026-03-19 18:46:35,2026-03-19 18:47:50
1,Blocked,2026-03-19 18:47:48,2026-03-19 18:48:05
9,Running,2026-03-19 18:47:39,2026-03-19 18:48:30
10,Running,2026-03-19 18:47:39,2026-03-19 18:48:41
10,Blocked,2026-03-19 18:48:41,2026-03-19 18:48:48
9,Blocked,2026-03-19 18:48:30,2026-03-19 18:48:48
3,Running,2026-03-19 18:46:55,2026-03-19 18:48:55
2,Running,2026-03-19 18:46:55,2026-03-19 18:49:09
1,Running,2026-03-19 18:48:05,2026-03-19 18:49:09
3,Blocked,2026-03-19 18:48:55,2026-03-19 18:49:23
2,Blocked,2026-03-19 18:49:09,2026-03-19 18:49:23
1,Blocked,2026-03-19 18:49:09,2026-03-19 18:49:23
10,Running,2026-03-19 18:48:48,2026-03-19 18:49:38
10,Blocked,2026-03-19 18:49:38,2026-03-19 18:49:49
1,Running,2026-03-19 18:49:23,2026-03-19 18:50:20
3,Running,2026-03-19 18:49:23,2026-03-19 18:50:25
2,Running,2026-03-19 18:49:23,2026-03-19 18:50:25
3,Blocked,2026-03-19 18:50:25,2026-03-19 18:50:33
2,Blocked,2026-03-19 18:50:25,2026-03-19 18:50:33
1,Blocked,2026-03-19 18:50:20,2026-03-19 18:50:33
10,Running,2026-03-19 18:49:49,2026-03-19 18:50:48
10,Blocked,2026-03-19 18:50:48,2026-03-19 18:50:54
1,Running,2026-03-19 18:50:33,2026-03-19 18:51:29
2,Running,2026-03-19 18:50:33,2026-03-19 18:51:36
2,Blocked,2026-03-19 18:51:36,2026-03-19 18:51:38
1,Blocked,2026-03-19 18:51:29,2026-03-19 18:51:38
10,Running,2026-03-19 18:50:54,2026-03-19 18:51:55
10,Blocked,2026-03-19 18:51:55,2026-03-19 18:51:59
3,Running,2026-03-19 18:50:33,2026-03-19 18:52:29
1,Running,2026-03-19 18:51:38,2026-03-19 18:52:29
2,Running,2026-03-19 18:51:38,2026-03-19 18:52:37
3,Blocked,2026-03-19 18:52:29,2026-03-19 18:52:43
2,Blocked,2026-03-19 18:52:37,2026-03-19 18:52:43
1,Blocked,2026-03-19 18:52:29,2026-03-19 18:52:43
10,Running,2026-03-19 18:51:59,2026-03-19 18:52:51
10,Blocked,2026-03-19 18:52:51,2026-03-19 18:52:56
2,Running,2026-03-19 18:52:43,2026-03-19 18:53:44
3,Running,2026-03-19 18:52:43,2026-03-19 18:53:47
1,Running,2026-03-19 18:52:43,2026-03-19 18:53:53
3,Blocked,2026-03-19 18:53:47,2026-03-19 18:53:56
2,Blocked,2026-03-19 18:53:44,2026-03-19 18:53:56
2,Down,2026-03-19 18:53:56,2026-03-19 18:54:03
1,Blocked,2026-03-19 18:53:53,2026-03-19 18:54:03
1,Running,2026-03-19 18:54:03,2026-03-19 18:54:56
10,Running,2026-03-19 18:52:56,2026-03-19 18:54:58
1,Blocked,2026-03-19 18:54:56,2026-03-19 18:54:59
10,Blocked,2026-03-19 18:54:58,2026-03-19 18:55:02
3,Running,2026-03-19 18:53:56,2026-03-19 18:55:57
10,Running,2026-03-19 18:55:02,2026-03-19 18:55:59
2,Running,2026-03-19 18:54:03,2026-03-19 18:56:00
10,Blocked,2026-03-19 18:55:59,2026-03-19 18:56:00
3,Blocked,2026-03-19 18:55:57,2026-03-19 18:56:03
2,Blocked,2026-03-19 18:56:00,2026-03-19 18:56:03
2,Running,2026-03-19 18:56:03,2026-03-19 18:56:58
3,Running,2026-03-19 18:56:03,2026-03-19 18:57:03
1,Running,2026-03-19 18:54:59,2026-03-19 18:57:08
3,Blocked,2026-03-19 18:57:03,2026-03-19 18:57:23
2,Blocked,2026-03-19 18:56:58,2026-03-19 18:57:23
1,Blocked,2026-03-19 18:57:08,2026-03-19 18:57:23
8,Running,2026-03-19 18:47:50,2026-03-19 18:58:01
1,Running,2026-03-19 18:57:23,2026-03-19 18:58:17
8,Blocked,2026-03-19 18:58:01,2026-03-19 18:58:18
3,Running,2026-03-19 18:57:23,2026-03-19 18:58:18
3,Blocked,2026-03-19 18:58:18,2026-03-19 18:58:30
1,Blocked,2026-03-19 18:58:17,2026-03-19 18:58:32
8,Running,2026-03-19 18:58:18,2026-03-19 18:59:11
8,Blocked,2026-03-19 18:59:11,2026-03-19 18:59:14
3,Running,2026-03-19 18:58:30,2026-03-19 18:59:29
2,Running,2026-03-19 18:57:23,2026-03-19 18:59:31
1,Running,2026-03-19 18:58:32,2026-03-19 18:59:36
3,Blocked,2026-03-19 18:59:29,2026-03-19 18:59:37
2,Blocked,2026-03-19 18:59:31,2026-03-19 18:59:37
1,Blocked,2026-03-19 18:59:36,2026-03-19 18:59:37
11,Running,2026-03-19 18:46:35,2026-03-19 18:59:52
11,Blocked,2026-03-19 18:59:52,2026-03-19 19:00:00
8,Running,2026-03-19 18:59:14,2026-03-19 19:00:11
8,Blocked,2026-03-19 19:00:11,2026-03-19 19:00:16
2,Running,2026-03-19 18:59:37,2026-03-19 19:00:32
1,Running,2026-03-19 18:59:37,2026-03-19 19:00:34
3,Running,2026-03-19 18:59:37,2026-03-19 19:00:38
3,Blocked,2026-03-19 19:00:38,2026-03-19 19:00:47
2,Blocked,2026-03-19 19:00:32,2026-03-19 19:00:47
1,Blocked,2026-03-19 19:00:34,2026-03-19 19:00:47
11,Running,2026-03-19 19:00:00,2026-03-19 19:00:57
11,Blocked,2026-03-19 19:00:57,2026-03-19 19:00:59
6,Running,2026-03-19 18:31:27,2026-03-19 19:01:10
2,Running,2026-03-19 19:00:47,2026-03-19 19:01:38
1,Running,2026-03-19 19:00:47,2026-03-19 19:01:45
2,Blocked,2026-03-19 19:01:38,2026-03-19 19:01:53
1,Blocked,2026-03-19 19:01:45,2026-03-19 19:01:53
11,Running,2026-03-19 19:00:59,2026-03-19 19:02:06
5,Running,2026-03-19 18:39:40,2026-03-19 19:02:06
11,Blocked,2026-03-19 19:02:06,2026-03-19 19:02:09
1,Running,2026-03-19 19:01:53,2026-03-19 19:02:47
1,Blocked,2026-03-19 19:02:47,2026-03-19 19:02:57
11,Running,2026-03-19 19:02:09,2026-03-19 19:03:01
11,Blocked,2026-03-19 19:03:01,2026-03-19 19:03:07
8,Running,2026-03-19 19:00:16,2026-03-19 19:03:13
2,Running,2026-03-19 19:01:53,2026-03-19 19:04:49
2,Blocked,2026-03-19 19:04:49,2026-03-19 19:04:54
10,Running,2026-03-19 18:56:00,2026-03-19 19:05:23
10,Blocked,2026-03-19 19:05:23,2026-03-19 19:05:24
4,Running,2026-03-19 18:31:27,2026-03-19 19:05:40
2,Running,2026-03-19 19:04:54,2026-03-19 19:05:51
3,Running,2026-03-19 19:00:47,2026-03-19 19:06:02
1,Running,2026-03-19 19:02:57,2026-03-19 19:06:19
8,Down,2026-03-19 19:03:13,2026-03-19 19:06:22
6,Down,2026-03-19 19:01:10,2026-03-19 19:06:34
5,Blocked,2026-03-19 19:02:06,2026-03-19 19:06:34
4,Blocked,2026-03-19 19:05:40,2026-03-19 19:06:34
3,Blocked,2026-03-19 19:06:02,2026-03-19 19:06:34
2,Blocked,2026-03-19 19:05:51,2026-03-19 19:06:34
1,Blocked,2026-03-19 19:06:19,2026-03-19 19:06:34
10,Running,2026-03-19 19:05:24,2026-03-19 19:07:26
10,Blocked,2026-03-19 19:07:26,2026-03-19 19:07:28
3,Running,2026-03-19 19:06:34,2026-03-19 19:07:37
1,Running,2026-03-19 19:06:34,2026-03-19 19:07:40
2,Running,2026-03-19 19:06:34,2026-03-19 19:07:44
3,Blocked,2026-03-19 19:07:37,2026-03-19 19:07:55
2,Blocked,2026-03-19 19:07:44,2026-03-19 19:07:55
1,Blocked,2026-03-19 19:07:40,2026-03-19 19:07:55
2,Running,2026-03-19 19:07:55,2026-03-19 19:08:51
1,Running,2026-03-19 19:07:55,2026-03-19 19:08:57
2,Blocked,2026-03-19 19:08:51,2026-03-19 19:09:00
1,Blocked,2026-03-19 19:08:57,2026-03-19 19:09:00
3,Running,2026-03-19 19:07:55,2026-03-19 19:09:54
2,Running,2026-03-19 19:09:00,2026-03-19 19:09:58
1,Running,2026-03-19 19:09:00,2026-03-19 19:10:00
3,Blocked,2026-03-19 19:09:54,2026-03-19 19:10:06
2,Blocked,2026-03-19 19:09:58,2026-03-19 19:10:06
1,Blocked,2026-03-19 19:10:00,2026-03-19 19:10:06
10,Running,2026-03-19 19:07:28,2026-03-19 19:10:26
10,Blocked,2026-03-19 19:10:26,2026-03-19 19:10:27
3,Running,2026-03-19 19:10:06,2026-03-19 19:11:01
3,Blocked,2026-03-19 19:11:01,2026-03-19 19:11:07
1,Running,2026-03-19 19:10:06,2026-03-19 19:12:01
2,Running,2026-03-19 19:10:06,2026-03-19 19:12:03
2,Blocked,2026-03-19 19:12:03,2026-03-19 19:12:06
1,Blocked,2026-03-19 19:12:01,2026-03-19 19:12:06
1,Running,2026-03-19 19:12:06,2026-03-19 19:13:00
3,Running,2026-03-19 19:11:07,2026-03-19 19:13:03
2,Running,2026-03-19 19:12:06,2026-03-19 19:13:12
3,Blocked,2026-03-19 19:13:03,2026-03-19 19:13:13
2,Blocked,2026-03-19 19:13:12,2026-03-19 19:13:13
1,Blocked,2026-03-19 19:13:00,2026-03-19 19:13:13
3,Running,2026-03-19 19:13:13,2026-03-19 19:14:04
1,Running,2026-03-19 19:13:13,2026-03-19 19:14:07
2,Running,2026-03-19 19:13:13,2026-03-19 19:14:16
3,Blocked,2026-03-19 19:14:04,2026-03-19 19:14:37
2,Blocked,2026-03-19 19:14:16,2026-03-19 19:14:37
1,Blocked,2026-03-19 19:14:07,2026-03-19 19:14:37
3,Running,2026-03-19 19:14:37,2026-03-19 19:15:31
1,Running,2026-03-19 19:14:37,2026-03-19 19:15:35
2,Running,2026-03-19 19:14:37,2026-03-19 19:15:39
3,Blocked,2026-03-19 19:15:31,2026-03-19 19:15:40
2,Blocked,2026-03-19 19:15:39,2026-03-19 19:15:40
1,Blocked,2026-03-19 19:15:35,2026-03-19 19:15:40
2,Running,2026-03-19 19:15:40,2026-03-19 19:16:32
3,Running,2026-03-19 19:15:40,2026-03-19 19:16:36
3,Blocked,2026-03-19 19:16:36,2026-03-19 19:16:47
2,Blocked,2026-03-19 19:16:32,2026-03-19 19:16:47
3,Running,2026-03-19 19:16:47,2026-03-19 19:17:41
1,Running,2026-03-19 19:15:40,2026-03-19 19:17:44
2,Running,2026-03-19 19:16:47,2026-03-19 19:17:51
3,Blocked,2026-03-19 19:17:41,2026-03-19 19:17:54
2,Blocked,2026-03-19 19:17:51,2026-03-19 19:17:54
1,Blocked,2026-03-19 19:17:44,2026-03-19 19:17:54
3,Running,2026-03-19 19:17:54,2026-03-19 19:18:48
3,Blocked,2026-03-19 19:18:48,2026-03-19 19:18:56
1,Running,2026-03-19 19:17:54,2026-03-19 19:19:53
3,Running,2026-03-19 19:18:56,2026-03-19 19:19:54
2,Running,2026-03-19 19:17:54,2026-03-19 19:19:56
3,Blocked,2026-03-19 19:19:54,2026-03-19 19:20:08
2,Blocked,2026-03-19 19:19:56,2026-03-19 19:20:08
1,Blocked,2026-03-19 19:19:53,2026-03-19 19:20:08
2,Running,2026-03-19 19:20:08,2026-03-19 19:21:04
2,Blocked,2026-03-19 19:21:04,2026-03-19 19:21:14
2,Running,2026-03-19 19:21:14,2026-03-19 19:22:18
1,Running,2026-03-19 19:20:08,2026-03-19 19:22:18
2,Blocked,2026-03-19 19:22:18,2026-03-19 19:22:18
1,Blocked,2026-03-19 19:22:18,2026-03-19 19:22:18
5,Running,2026-03-19 19:06:34,2026-03-19 19:22:56
1,Running,2026-03-19 19:22:18,2026-03-19 19:23:15
1,Blocked,2026-03-19 19:23:15,2026-03-19 19:23:21
4,Running,2026-03-19 19:06:34,2026-03-19 19:23:52
5,Down,2026-03-19 19:22:56,2026-03-19 19:24:02
4,Blocked,2026-03-19 19:23:52,2026-03-19 19:24:02
1,Running,2026-03-19 19:23:21,2026-03-19 19:24:17
1,Blocked,2026-03-19 19:24:17,2026-03-19 19:24:22
10,Running,2026-03-19 19:10:27,2026-03-19 19:24:36
10,Blocked,2026-03-19 19:24:36,2026-03-19 19:24:37
2,Running,2026-03-19 19:22:18,2026-03-19 19:26:06
2,Blocked,2026-03-19 19:26:06,2026-03-19 19:26:09
2,Running,2026-03-19 19:26:09,2026-03-19 19:27:00
2,Blocked,2026-03-19 19:27:00,2026-03-19 19:27:12
2,Running,2026-03-19 19:27:12,2026-03-19 19:28:06
3,Running,2026-03-19 19:20:08,2026-03-19 19:28:09
3,Blocked,2026-03-19 19:28:09,2026-03-19 19:28:15
2,Blocked,2026-03-19 19:28:06,2026-03-19 19:28:15
2,Running,2026-03-19 19:28:15,2026-03-19 19:29:13
3,Running,2026-03-19 19:28:15,2026-03-19 19:29:20
3,Blocked,2026-03-19 19:29:20,2026-03-19 19:29:23
2,Blocked,2026-03-19 19:29:13,2026-03-19 19:29:23
2,Running,2026-03-19 19:29:23,2026-03-19 19:30:24
3,Running,2026-03-19 19:29:23,2026-03-19 19:30:25
1,Running,2026-03-19 19:24:22,2026-03-19 19:30:33
3,Blocked,2026-03-19 19:30:25,2026-03-19 19:30:49
2,Blocked,2026-03-19 19:30:24,2026-03-19 19:30:49
1,Blocked,2026-03-19 19:30:33,2026-03-19 19:30:49
2,Running,2026-03-19 19:30:49,2026-03-19 19:31:42
1,Running,2026-03-19 19:30:49,2026-03-19 19:31:49
3,Running,2026-03-19 19:30:49,2026-03-19 19:31:54
3,Blocked,2026-03-19 19:31:54,2026-03-19 19:32:23
2,Blocked,2026-03-19 19:31:42,2026-03-19 19:32:23
1,Blocked,2026-03-19 19:31:49,2026-03-19 19:32:23
6,Running,2026-03-19 19:06:34,2026-03-19 19:33:19
1,Running,2026-03-19 19:32:23,2026-03-19 19:33:20
3,Running,2026-03-19 19:32:23,2026-03-19 19:33:23
3,Blocked,2026-03-19 19:33:23,2026-03-19 19:33:25
1,Blocked,2026-03-19 19:33:20,2026-03-19 19:33:29
6,Down,2026-03-19 19:33:19,2026-03-19 19:35:00
2,Running,2026-03-19 19:32:23,2026-03-19 19:35:12
1,Running,2026-03-19 19:33:29,2026-03-19 19:35:24
3,Running,2026-03-19 19:33:25,2026-03-19 19:35:24
3,Blocked,2026-03-19 19:35:24,2026-03-19 19:35:42
2,Blocked,2026-03-19 19:35:12,2026-03-19 19:35:42
1,Blocked,2026-03-19 19:35:24,2026-03-19 19:35:42
1,Running,2026-03-19 19:35:42,2026-03-19 19:36:38
2,Running,2026-03-19 19:35:42,2026-03-19 19:36:45
3,Running,2026-03-19 19:35:42,2026-03-19 19:36:51
3,Blocked,2026-03-19 19:36:51,2026-03-19 19:37:08
2,Blocked,2026-03-19 19:36:45,2026-03-19 19:37:08
1,Blocked,2026-03-19 19:36:38,2026-03-19 19:37:08
1,Running,2026-03-19 19:37:08,2026-03-19 19:39:24
1,Blocked,2026-03-19 19:39:24,2026-03-19 19:39:26
1,Running,2026-03-19 19:39:26,2026-03-19 19:40:26
1,Blocked,2026-03-19 19:40:26,2026-03-19 19:40:36
3,Running,2026-03-19 19:37:08,2026-03-19 19:41:05
3,Blocked,2026-03-19 19:41:05,2026-03-19 19:41:09
1,Running,2026-03-19 19:40:36,2026-03-19 19:41:31
1,Blocked,2026-03-19 19:41:31,2026-03-19 19:41:35
3,Running,2026-03-19 19:41:09,2026-03-19 19:42:10
3,Blocked,2026-03-19 19:42:10,2026-03-19 19:42:11
1,Running,2026-03-19 19:41:35,2026-03-19 19:42:39
1,Blocked,2026-03-19 19:42:39,2026-03-19 19:42:44
11,Running,2026-03-19 19:03:07,2026-03-19 19:43:42
10,Running,2026-03-19 19:24:37,2026-03-19 19:44:06
1,Running,2026-03-19 19:42:44,2026-03-19 19:45:45
1,Blocked,2026-03-19 19:45:45,2026-03-19 19:45:47
12,Running,2026-03-19 18:46:35,2026-03-19 19:46:02
3,Running,2026-03-19 19:42:11,2026-03-19 19:46:15
2,Running,2026-03-19 19:37:08,2026-03-19 19:46:40
9,Running,2026-03-19 18:48:48,2026-03-19 19:46:53
1,Running,2026-03-19 19:45:47,2026-03-19 19:46:59
8,Running,2026-03-19 19:06:22,2026-03-19 19:47:53
3,Down,2026-03-19 19:46:15,2026-03-19 19:50:14
2,Blocked,2026-03-19 19:46:40,2026-03-19 19:50:14
1,Blocked,2026-03-19 19:46:59,2026-03-19 19:50:14
1,Running,2026-03-19 19:50:14,2026-03-19 19:51:13
1,Blocked,2026-03-19 19:51:13,2026-03-19 19:51:15
1,Running,2026-03-19 19:51:15,2026-03-19 19:52:07
7,Running,2026-03-19 18:08:45,2026-03-19 19:52:11
1,Blocked,2026-03-19 19:52:07,2026-03-19 19:52:18
11,Down,2026-03-19 19:43:42,2026-03-19 19:52:23
10,Blocked,2026-03-19 19:44:06,2026-03-19 19:52:23
9,Blocked,2026-03-19 19:46:53,2026-03-19 19:52:23
8,Blocked,2026-03-19 19:47:53,2026-03-19 19:52:23
7,Blocked,2026-03-19 19:52:11,2026-03-19 19:52:23
1,Running,2026-03-19 19:52:18,2026-03-19 19:53:13
9,Running,2026-03-19 19:52:23,2026-03-19 19:53:16
10,Running,2026-03-19 19:52:23,2026-03-19 19:53:22
8,Running,2026-03-19 19:52:23,2026-03-19 19:53:25
12,Starved,2026-03-19 19:46:02,2026-03-19 19:53:26
10,Blocked,2026-03-19 19:53:22,2026-03-19 19:53:26
9,Blocked,2026-03-19 19:53:16,2026-03-19 19:53:26
8,Blocked,2026-03-19 19:53:25,2026-03-19 19:53:26
1,Blocked,2026-03-19 19:53:13,2026-03-19 19:53:26
12,Running,2026-03-19 19:53:26,2026-03-19 19:54:15
8,Running,2026-03-19 19:53:26,2026-03-19 19:54:18
10,Running,2026-03-19 19:53:26,2026-03-19 19:54:19
12,Starved,2026-03-19 19:54:15,2026-03-19 19:54:29
10,Blocked,2026-03-19 19:54:19,2026-03-19 19:54:29
7,Running,2026-03-19 19:52:23,2026-03-19 19:54:35
8,Blocked,2026-03-19 19:54:18,2026-03-19 19:55:00
7,Blocked,2026-03-19 19:54:35,2026-03-19 19:55:00
10,Running,2026-03-19 19:54:29,2026-03-19 19:55:31
10,Blocked,2026-03-19 19:55:31,2026-03-19 19:55:33
12,Running,2026-03-19 19:54:29,2026-03-19 19:57:33
12,Starved,2026-03-19 19:57:33,2026-03-19 19:57:33
5,Running,2026-03-19 19:24:02,2026-03-19 19:57:52
5,Blocked,2026-03-19 19:57:52,2026-03-19 19:57:54
12,Running,2026-03-19 19:57:33,2026-03-19 19:58:34
12,Starved,2026-03-19 19:58:34,2026-03-19 19:58:38
9,Running,2026-03-19 19:53:26,2026-03-19 19:58:44
9,Blocked,2026-03-19 19:58:44,2026-03-19 19:58:46
7,Running,2026-03-19 19:55:00,2026-03-19 19:59:19
7,Blocked,2026-03-19 19:59:19,2026-03-19 19:59:27
12,Running,2026-03-19 19:58:38,2026-03-19 19:59:33
12,Starved,2026-03-19 19:59:33,2026-03-19 19:59:37
12,Running,2026-03-19 19:59:37,2026-03-19 20:00:40
10,Running,2026-03-19 19:55:33,2026-03-19 20:00:43
12,Starved,2026-03-19 20:00:40,2026-03-19 20:00:49
10,Blocked,2026-03-19 20:00:43,2026-03-19 20:00:49
10,Running,2026-03-19 20:00:49,2026-03-19 20:01:48
10,Blocked,2026-03-19 20:01:48,2026-03-19 20:01:50
10,Running,2026-03-19 20:01:50,2026-03-19 20:02:41
9,Running,2026-03-19 19:58:46,2026-03-19 20:02:44
5,Running,2026-03-19 19:57:54,2026-03-19 20:02:45
10,Blocked,2026-03-19 20:02:41,2026-03-19 20:02:46
9,Blocked,2026-03-19 20:02:44,2026-03-19 20:02:46
5,Blocked,2026-03-19 20:02:45,2026-03-19 20:02:50
4,Running,2026-03-19 19:24:02,2026-03-19 20:03:38
9,Running,2026-03-19 20:02:46,2026-03-19 20:03:48
5,Running,2026-03-19 20:02:50,2026-03-19 20:03:51
10,Running,2026-03-19 20:02:46,2026-03-19 20:03:57
5,Blocked,2026-03-19 20:03:51,2026-03-19 20:03:59
8,Running,2026-03-19 19:55:00,2026-03-19 20:04:54
2,Running,2026-03-19 19:50:14,2026-03-19 20:05:21
7,Running,2026-03-19 19:59:27,2026-03-19 20:05:21
2,Blocked,2026-03-19 20:05:21,2026-03-19 20:05:27
3,Running,2026-03-19 19:50:14,2026-03-19 20:06:36
1,Running,2026-03-19 19:53:26,2026-03-19 20:06:41
2,Running,2026-03-19 20:05:27,2026-03-19 20:06:45
10,Down,2026-03-19 20:03:57,2026-03-19 20:08:17
9,Blocked,2026-03-19 20:03:48,2026-03-19 20:08:17
8,Blocked,2026-03-19 20:04:54,2026-03-19 20:08:17
7,Blocked,2026-03-19 20:05:21,2026-03-19 20:08:17
4,Down,2026-03-19 20:03:38,2026-03-19 20:09:09
3,Blocked,2026-03-19 20:06:36,2026-03-19 20:09:09
2,Blocked,2026-03-19 20:06:45,2026-03-19 20:09:09
1,Blocked,2026-03-19 20:06:41,2026-03-19 20:09:09
9,Running,2026-03-19 20:08:17,2026-03-19 20:09:15
8,Running,2026-03-19 20:08:17,2026-03-19 20:09:22
9,Blocked,2026-03-19 20:09:15,2026-03-19 20:09:25
8,Blocked,2026-03-19 20:09:22,2026-03-19 20:09:25
1,Running,2026-03-19 20:09:09,2026-03-19 20:10:03
2,Running,2026-03-19 20:09:09,2026-03-19 20:10:08
3,Running,2026-03-19 20:09:09,2026-03-19 20:10:11
3,Blocked,2026-03-19 20:10:11,2026-03-19 20:10:16
2,Blocked,2026-03-19 20:10:08,2026-03-19 20:10:16
1,Blocked,2026-03-19 20:10:03,2026-03-19 20:10:16
8,Running,2026-03-19 20:09:25,2026-03-19 20:10:20
8,Blocked,2026-03-19 20:10:20,2026-03-19 20:10:43
7,Running,2026-03-19 20:08:17,2026-03-19 20:11:07
3,Running,2026-03-19 20:10:16,2026-03-19 20:11:13
2,Running,2026-03-19 20:10:16,2026-03-19 20:11:14
1,Running,2026-03-19 20:10:16,2026-03-19 20:11:26
3,Blocked,2026-03-19 20:11:13,2026-03-19 20:11:44
2,Blocked,2026-03-19 20:11:14,2026-03-19 20:11:44
1,Blocked,2026-03-19 20:11:26,2026-03-19 20:11:44
9,Running,2026-03-19 20:09:25,2026-03-19 20:12:30
9,Blocked,2026-03-19 20:12:30,2026-03-19 20:12:32
3,Running,2026-03-19 20:11:44,2026-03-19 20:12:39
2,Running,2026-03-19 20:11:44,2026-03-19 20:12:45
1,Running,2026-03-19 20:11:44,2026-03-19 20:12:47
3,Blocked,2026-03-19 20:12:39,2026-03-19 20:12:53
2,Blocked,2026-03-19 20:12:45,2026-03-19 20:12:53
1,Blocked,2026-03-19 20:12:47,2026-03-19 20:12:53
5,Running,2026-03-19 20:03:59,2026-03-19 20:12:58
5,Blocked,2026-03-19 20:12:58,2026-03-19 20:13:04
9,Running,2026-03-19 20:12:32,2026-03-19 20:13:39
9,Blocked,2026-03-19 20:13:39,2026-03-19 20:13:41
2,Running,2026-03-19 20:12:53,2026-03-19 20:13:54
1,Running,2026-03-19 20:12:53,2026-03-19 20:13:55
3,Running,2026-03-19 20:12:53,2026-03-19 20:13:56
5,Running,2026-03-19 20:13:04,2026-03-19 20:14:12
5,Starved,2026-03-19 20:14:12,2026-03-19 20:14:24
3,Blocked,2026-03-19 20:13:56,2026-03-19 20:14:24
2,Blocked,2026-03-19 20:13:54,2026-03-19 20:14:24
1,Blocked,2026-03-19 20:13:55,2026-03-19 20:14:24
3,Running,2026-03-19 20:14:24,2026-03-19 20:15:15
5,Running,2026-03-19 20:14:24,2026-03-19 20:15:23
2,Running,2026-03-19 20:14:24,2026-03-19 20:15:26
7,Down,2026-03-19 20:11:07,2026-03-19 20:15:31
5,Starved,2026-03-19 20:15:23,2026-03-19 20:15:32
3,Blocked,2026-03-19 20:15:15,2026-03-19 20:15:32
2,Blocked,2026-03-19 20:15:26,2026-03-19 20:15:32
9,Running,2026-03-19 20:13:41,2026-03-19 20:15:34
9,Blocked,2026-03-19 20:15:34,2026-03-19 20:15:36
8,Running,2026-03-19 20:10:43,2026-03-19 20:15:54
5,Running,2026-03-19 20:15:32,2026-03-19 20:16:31
2,Running,2026-03-19 20:15:32,2026-03-19 20:16:36
3,Running,2026-03-19 20:15:32,2026-03-19 20:16:38
1,Running,2026-03-19 20:14:24,2026-03-19 20:16:41
8,Starved,2026-03-19 20:15:54,2026-03-19 20:16:48
5,Starved,2026-03-19 20:16:31,2026-03-19 20:16:53
3,Blocked,2026-03-19 20:16:38,2026-03-19 20:16:53
2,Blocked,2026-03-19 20:16:36,2026-03-19 20:16:53
1,Blocked,2026-03-19 20:16:41,2026-03-19 20:16:53
1,Running,2026-03-19 20:16:53,2026-03-19 20:17:47
5,Running,2026-03-19 20:16:53,2026-03-19 20:17:48
3,Running,2026-03-19 20:16:53,2026-03-19 20:17:50
8,Running,2026-03-19 20:16:48,2026-03-19 20:17:52
2,Running,2026-03-19 20:16:53,2026-03-19 20:17:56
8,Starved,2026-03-19 20:17:52,2026-03-19 20:18:07
5,Starved,2026-03-19 20:17:48,2026-03-19 20:18:31
3,Blocked,2026-03-19 20:17:50,2026-03-19 20:18:31
2,Blocked,2026-03-19 20:17:56,2026-03-19 20:18:31
1,Blocked,2026-03-19 20:17:47,2026-03-19 20:18:31
8,Running,2026-03-19 20:18:07,2026-03-19 20:19:05
7,Running,2026-03-19 20:15:31,2026-03-19 20:19:21
8,Starved,2026-03-19 20:19:05,2026-03-19 20:19:21
1,Running,2026-03-19 20:18:31,2026-03-19 20:19:25
2,Running,2026-03-19 20:18:31,2026-03-19 20:19:33
11,Running,2026-03-19 19:52:23,2026-03-19 20:19:34
2,Blocked,2026-03-19 20:19:33,2026-03-19 20:19:36
1,Blocked,2026-03-19 20:19:25,2026-03-19 20:19:36
8,Running,2026-03-19 20:19:21,2026-03-19 20:20:20
5,Running,2026-03-19 20:18:31,2026-03-19 20:20:26
3,Running,2026-03-19 20:18:31,2026-03-19 20:20:33
2,Running,2026-03-19 20:19:36,2026-03-19 20:20:35
1,Running,2026-03-19 20:19:36,2026-03-19 20:20:46
5,Starved,2026-03-19 20:20:26,2026-03-19 20:20:49
3,Blocked,2026-03-19 20:20:33,2026-03-19 20:20:49
2,Blocked,2026-03-19 20:20:35,2026-03-19 20:20:49
1,Blocked,2026-03-19 20:20:46,2026-03-19 20:20:49
12,Running,2026-03-19 20:00:49,2026-03-19 20:21:10
11,Down,2026-03-19 20:19:34,2026-03-19 20:21:12
3,Running,2026-03-19 20:20:49,2026-03-19 20:21:46
3,Blocked,2026-03-19 20:21:46,2026-03-19 20:21:47
12,Starved,2026-03-19 20:21:10,2026-03-19 20:22:09
1,Running,2026-03-19 20:20:49,2026-03-19 20:22:44
1,Blocked,2026-03-19 20:22:44,2026-03-19 20:22:52
7,Down,2026-03-19 20:19:21,2026-03-19 20:23:32
3,Running,2026-03-19 20:21:47,2026-03-19 20:23:39
5,Running,2026-03-19 20:20:49,2026-03-19 20:23:41
5,Starved,2026-03-19 20:23:41,2026-03-19 20:23:48
3,Blocked,2026-03-19 20:23:39,2026-03-19 20:23:48
3,Running,2026-03-19 20:23:48,2026-03-19 20:24:45
2,Running,2026-03-19 20:20:49,2026-03-19 20:24:47
3,Blocked,2026-03-19 20:24:45,2026-03-19 20:24:52
2,Blocked,2026-03-19 20:24:47,2026-03-19 20:24:52
9,Running,2026-03-19 20:15:36,2026-03-19 20:24:52
8,Starved,2026-03-19 20:20:20,2026-03-19 20:24:58
2,Running,2026-03-19 20:24:52,2026-03-19 20:25:52
2,Blocked,2026-03-19 20:25:52,2026-03-19 20:25:53
9,Starved,2026-03-19 20:24:52,2026-03-19 20:26:00
1,Running,2026-03-19 20:22:52,2026-03-19 20:26:51
3,Running,2026-03-19 20:24:52,2026-03-19 20:26:53
8,Running,2026-03-19 20:24:58,2026-03-19 20:26:54
2,Running,2026-03-19 20:25:53,2026-03-19 20:26:54
5,Running,2026-03-19 20:23:48,2026-03-19 20:26:55
5,Starved,2026-03-19 20:26:55,2026-03-19 20:26:59
3,Blocked,2026-03-19 20:26:53,2026-03-19 20:26:59
2,Blocked,2026-03-19 20:26:54,2026-03-19 20:26:59
1,Blocked,2026-03-19 20:26:51,2026-03-19 20:26:59
1,Running,2026-03-19 20:26:59,2026-03-19 20:27:46
2,Running,2026-03-19 20:26:59,2026-03-19 20:27:56
2,Blocked,2026-03-19 20:27:56,2026-03-19 20:28:03
1,Blocked,2026-03-19 20:27:46,2026-03-19 20:28:03
9,Running,2026-03-19 20:26:00,2026-03-19 20:28:25
3,Running,2026-03-19 20:26:59,2026-03-19 20:28:57
3,Blocked,2026-03-19 20:28:57,2026-03-19 20:29:02
8,Down,2026-03-19 20:26:54,2026-03-19 20:29:49
10,Running,2026-03-19 20:08:17,2026-03-19 20:30:00
3,Running,2026-03-19 20:29:02,2026-03-19 20:30:01
5,Running,2026-03-19 20:26:59,2026-03-19 20:30:03
1,Running,2026-03-19 20:28:03,2026-03-19 20:30:08
2,Running,2026-03-19 20:28:03,2026-03-19 20:30:10
5,Starved,2026-03-19 20:30:03,2026-03-19 20:30:24
3,Blocked,2026-03-19 20:30:01,2026-03-19 20:30:24
2,Blocked,2026-03-19 20:30:10,2026-03-19 20:30:24
1,Blocked,2026-03-19 20:30:08,2026-03-19 20:30:24
9,Starved,2026-03-19 20:28:25,2026-03-19 20:30:41
3,Running,2026-03-19 20:30:24,2026-03-19 20:31:16
1,Running,2026-03-19 20:30:24,2026-03-19 20:31:23
2,Running,2026-03-19 20:30:24,2026-03-19 20:31:24
5,Running,2026-03-19 20:30:24,2026-03-19 20:31:32
9,Running,2026-03-19 20:30:41,2026-03-19 20:31:36
10,Starved,2026-03-19 20:30:00,2026-03-19 20:31:36
9,Starved,2026-03-19 20:31:36,2026-03-19 20:31:45
5,Starved,2026-03-19 20:31:32,2026-03-19 20:32:00
3,Blocked,2026-03-19 20:31:16,2026-03-19 20:32:00
2,Blocked,2026-03-19 20:31:24,2026-03-19 20:32:00
1,Blocked,2026-03-19 20:31:23,2026-03-19 20:32:00
10,Running,2026-03-19 20:31:36,2026-03-19 20:32:34
6,Running,2026-03-19 19:35:00,2026-03-19 20:32:50
5,Running,2026-03-19 20:32:00,2026-03-19 20:32:54
6,Starved,2026-03-19 20:32:50,2026-03-19 20:32:54
2,Running,2026-03-19 20:32:00,2026-03-19 20:32:57
10,Starved,2026-03-19 20:32:34,2026-03-19 20:33:02
3,Running,2026-03-19 20:32:00,2026-03-19 20:33:04
1,Running,2026-03-19 20:32:00,2026-03-19 20:33:08
5,Starved,2026-03-19 20:32:54,2026-03-19 20:33:14
3,Blocked,2026-03-19 20:33:04,2026-03-19 20:33:14
2,Blocked,2026-03-19 20:32:57,2026-03-19 20:33:14
1,Blocked,2026-03-19 20:33:08,2026-03-19 20:33:14
6,Running,2026-03-19 20:32:54,2026-03-19 20:34:05
3,Running,2026-03-19 20:33:14,2026-03-19 20:34:06
10,Running,2026-03-19 20:33:02,2026-03-19 20:34:07
5,Running,2026-03-19 20:33:14,2026-03-19 20:34:08
6,Starved,2026-03-19 20:34:05,2026-03-19 20:34:08
1,Running,2026-03-19 20:33:14,2026-03-19 20:34:13
10,Starved,2026-03-19 20:34:07,2026-03-19 20:34:13
2,Running,2026-03-19 20:33:14,2026-03-19 20:34:13
5,Starved,2026-03-19 20:34:08,2026-03-19 20:34:17
3,Blocked,2026-03-19 20:34:06,2026-03-19 20:34:17
2,Blocked,2026-03-19 20:34:13,2026-03-19 20:34:17
1,Blocked,2026-03-19 20:34:13,2026-03-19 20:34:17
2,Running,2026-03-19 20:34:17,2026-03-19 20:35:10
6,Running,2026-03-19 20:34:08,2026-03-19 20:35:11
6,Starved,2026-03-19 20:35:11,2026-03-19 20:35:11
2,Blocked,2026-03-19 20:35:10,2026-03-19 20:35:12
5,Running,2026-03-19 20:34:17,2026-03-19 20:35:59
1,Running,2026-03-19 20:34:17,2026-03-19 20:36:03
3,Running,2026-03-19 20:34:17,2026-03-19 20:36:06
2,Running,2026-03-19 20:35:12,2026-03-19 20:36:06
5,Starved,2026-03-19 20:35:59,2026-03-19 20:36:12
3,Blocked,2026-03-19 20:36:06,2026-03-19 20:36:12
2,Blocked,2026-03-19 20:36:06,2026-03-19 20:36:12
1,Blocked,2026-03-19 20:36:03,2026-03-19 20:36:12
3,Running,2026-03-19 20:36:12,2026-03-19 20:37:05
2,Running,2026-03-19 20:36:12,2026-03-19 20:37:07
5,Running,2026-03-19 20:36:12,2026-03-19 20:37:12
5,Starved,2026-03-19 20:37:12,2026-03-19 20:37:19
3,Blocked,2026-03-19 20:37:05,2026-03-19 20:37:19
2,Blocked,2026-03-19 20:37:07,2026-03-19 20:37:19
6,Running,2026-03-19 20:35:11,2026-03-19 20:38:14
6,Starved,2026-03-19 20:38:14,2026-03-19 20:38:16
3,Running,2026-03-19 20:37:19,2026-03-19 20:39:07
3,Blocked,2026-03-19 20:39:07,2026-03-19 20:39:10
7,Running,2026-03-19 20:23:32,2026-03-19 20:39:17
5,Running,2026-03-19 20:37:19,2026-03-19 20:40:13
2,Running,2026-03-19 20:37:19,2026-03-19 20:40:14
3,Running,2026-03-19 20:39:10,2026-03-19 20:40:14
5,Starved,2026-03-19 20:40:13,2026-03-19 20:40:26
3,Blocked,2026-03-19 20:40:14,2026-03-19 20:40:26
2,Blocked,2026-03-19 20:40:14,2026-03-19 20:40:26
9,Running,2026-03-19 20:31:45,2026-03-19 20:40:34
9,Starved,2026-03-19 20:40:34,2026-03-19 20:40:38
3,Running,2026-03-19 20:40:26,2026-03-19 20:41:14
2,Running,2026-03-19 20:40:26,2026-03-19 20:41:23
5,Running,2026-03-19 20:40:26,2026-03-19 20:41:23
1,Running,2026-03-19 20:36:12,2026-03-19 20:41:24
9,Running,2026-03-19 20:40:38,2026-03-19 20:41:27
5,Starved,2026-03-19 20:41:23,2026-03-19 20:41:29
3,Blocked,2026-03-19 20:41:14,2026-03-19 20:41:29
2,Blocked,2026-03-19 20:41:23,2026-03-19 20:41:29
1,Blocked,2026-03-19 20:41:24,2026-03-19 20:41:29
8,Running,2026-03-19 20:29:49,2026-03-19 20:41:32
9,Starved,2026-03-19 20:41:27,2026-03-19 20:41:32
6,Running,2026-03-19 20:38:16,2026-03-19 20:42:20
2,Running,2026-03-19 20:41:29,2026-03-19 20:42:21
9,Running,2026-03-19 20:41:32,2026-03-19 20:42:25
6,Starved,2026-03-19 20:42:20,2026-03-19 20:42:30
2,Blocked,2026-03-19 20:42:21,2026-03-19 20:42:33
7,Down,2026-03-19 20:39:17,2026-03-19 20:43:09
1,Running,2026-03-19 20:41:29,2026-03-19 20:43:35
1,Blocked,2026-03-19 20:43:35,2026-03-19 20:43:38
10,Running,2026-03-19 20:34:13,2026-03-19 20:44:05
8,Starved,2026-03-19 20:41:32,2026-03-19 20:44:06
5,Running,2026-03-19 20:41:29,2026-03-19 20:44:15
4,Running,2026-03-19 20:09:09,2026-03-19 20:44:25
5,Starved,2026-03-19 20:44:15,2026-03-19 20:44:25
3,Running,2026-03-19 20:41:29,2026-03-19 20:44:35
2,Running,2026-03-19 20:42:33,2026-03-19 20:44:36
1,Running,2026-03-19 20:43:38,2026-03-19 20:44:37
8,Running,2026-03-19 20:44:06,2026-03-19 20:45:01
9,Starved,2026-03-19 20:42:25,2026-03-19 20:45:01
8,Starved,2026-03-19 20:45:01,2026-03-19 20:45:08
5,Running,2026-03-19 20:44:25,2026-03-19 20:45:22
9,Running,2026-03-19 20:45:01,2026-03-19 20:46:02
10,Starved,2026-03-19 20:44:05,2026-03-19 20:46:02
8,Running,2026-03-19 20:45:08,2026-03-19 20:46:10
9,Starved,2026-03-19 20:46:02,2026-03-19 20:46:10
8,Starved,2026-03-19 20:46:10,2026-03-19 20:46:24
10,Running,2026-03-19 20:46:02,2026-03-19 20:46:57
6,Running,2026-03-19 20:42:30,2026-03-19 20:47:06
9,Running,2026-03-19 20:46:10,2026-03-19 20:47:18
10,Starved,2026-03-19 20:46:57,2026-03-19 20:47:18
9,Starved,2026-03-19 20:47:18,2026-03-19 20:47:36
10,Running,2026-03-19 20:47:18,2026-03-19 20:48:13
10,Starved,2026-03-19 20:48:13,2026-03-19 20:48:50
4,Down,2026-03-19 20:44:25,2026-03-19 20:49:03
3,Blocked,2026-03-19 20:44:35,2026-03-19 20:49:03
2,Blocked,2026-03-19 20:44:36,2026-03-19 20:49:03
1,Blocked,2026-03-19 20:44:37,2026-03-19 20:49:03
8,Running,2026-03-19 20:46:24,2026-03-19 20:49:23
8,Starved,2026-03-19 20:49:23,2026-03-19 20:49:26
2,Running,2026-03-19 20:49:03,2026-03-19 20:50:00
3,Running,2026-03-19 20:49:03,2026-03-19 20:50:03
1,Running,2026-03-19 20:49:03,2026-03-19 20:50:15
5,Starved,2026-03-19 20:45:22,2026-03-19 20:50:18
3,Blocked,2026-03-19 20:50:03,2026-03-19 20:50:18
2,Blocked,2026-03-19 20:50:00,2026-03-19 20:50:18
1,Blocked,2026-03-19 20:50:15,2026-03-19 20:50:18
1,Running,2026-03-19 20:50:18,2026-03-19 20:51:13
8,Running,2026-03-19 20:49:26,2026-03-19 20:51:18
3,Running,2026-03-19 20:50:18,2026-03-19 20:51:19
3,Blocked,2026-03-19 20:51:19,2026-03-19 20:51:25
1,Blocked,2026-03-19 20:51:13,2026-03-19 20:51:28
6,Starved,2026-03-19 20:47:06,2026-03-19 20:51:28
8,Starved,2026-03-19 20:51:18,2026-03-19 20:51:36
12,Running,2026-03-19 20:22:09,2026-03-19 20:51:45
12,Starved,2026-03-19 20:51:45,2026-03-19 20:51:48
3,Running,2026-03-19 20:51:25,2026-03-19 20:52:24
1,Running,2026-03-19 20:51:28,2026-03-19 20:52:25
5,Running,2026-03-19 20:50:18,2026-03-19 20:52:29
2,Running,2026-03-19 20:50:18,2026-03-19 20:52:31
5,Starved,2026-03-19 20:52:29,2026-03-19 20:52:34
3,Blocked,2026-03-19 20:52:24,2026-03-19 20:52:34
2,Blocked,2026-03-19 20:52:31,2026-03-19 20:52:34
1,Blocked,2026-03-19 20:52:25,2026-03-19 20:52:34
9,Running,2026-03-19 20:47:36,2026-03-19 20:52:35
8,Running,2026-03-19 20:51:36,2026-03-19 20:52:40
9,Starved,2026-03-19 20:52:35,2026-03-19 20:52:40
12,Running,2026-03-19 20:51:48,2026-03-19 20:52:41
12,Starved,2026-03-19 20:52:41,2026-03-19 20:52:43
8,Starved,2026-03-19 20:52:40,2026-03-19 20:52:56
6,Running,2026-03-19 20:51:28,2026-03-19 20:53:26
2,Running,2026-03-19 20:52:34,2026-03-19 20:53:27
5,Running,2026-03-19 20:52:34,2026-03-19 20:53:29
6,Starved,2026-03-19 20:53:26,2026-03-19 20:53:29
1,Running,2026-03-19 20:52:34,2026-03-19 20:53:31
9,Running,2026-03-19 20:52:40,2026-03-19 20:53:34
3,Running,2026-03-19 20:52:34,2026-03-19 20:53:37
5,Starved,2026-03-19 20:53:29,2026-03-19 20:53:43
3,Blocked,2026-03-19 20:53:37,2026-03-19 20:53:43
2,Blocked,2026-03-19 20:53:27,2026-03-19 20:53:43
1,Blocked,2026-03-19 20:53:31,2026-03-19 20:53:43
8,Running,2026-03-19 20:52:56,2026-03-19 20:53:55
9,Starved,2026-03-19 20:53:34,2026-03-19 20:53:55
8,Starved,2026-03-19 20:53:55,2026-03-19 20:54:03
6,Running,2026-03-19 20:53:29,2026-03-19 20:54:29
2,Running,2026-03-19 20:53:43,2026-03-19 20:54:40
2,Blocked,2026-03-19 20:54:40,2026-03-19 20:54:47
10,Running,2026-03-19 20:48:50,2026-03-19 20:54:47
6,Starved,2026-03-19 20:54:29,2026-03-19 20:54:49
8,Running,2026-03-19 20:54:03,2026-03-19 20:54:57
8,Starved,2026-03-19 20:54:57,2026-03-19 20:55:03
10,Starved,2026-03-19 20:54:47,2026-03-19 20:55:12
5,Running,2026-03-19 20:53:43,2026-03-19 20:55:40
5,Starved,2026-03-19 20:55:40,2026-03-19 20:55:41
2,Running,2026-03-19 20:54:47,2026-03-19 20:55:43
2,Blocked,2026-03-19 20:55:43,2026-03-19 20:55:51
10,Running,2026-03-19 20:55:12,2026-03-19 20:56:15
10,Starved,2026-03-19 20:56:15,2026-03-19 20:56:20
5,Running,2026-03-19 20:55:41,2026-03-19 20:56:40
12,Running,2026-03-19 20:52:43,2026-03-19 20:56:44
5,Starved,2026-03-19 20:56:40,2026-03-19 20:56:44
1,Running,2026-03-19 20:53:43,2026-03-19 20:56:44
12,Starved,2026-03-19 20:56:44,2026-03-19 20:56:45
1,Blocked,2026-03-19 20:56:44,2026-03-19 20:56:53
10,Running,2026-03-19 20:56:20,2026-03-19 20:57:25
10,Starved,2026-03-19 20:57:25,2026-03-19 20:57:26
5,Running,2026-03-19 20:56:44,2026-03-19 20:57:42
3,Running,2026-03-19 20:53:43,2026-03-19 20:57:45
1,Running,2026-03-19 20:56:53,2026-03-19 20:57:51
2,Running,2026-03-19 20:55:51,2026-03-19 20:57:55
5,Starved,2026-03-19 20:57:42,2026-03-19 20:57:57
3,Blocked,2026-03-19 20:57:45,2026-03-19 20:57:57
2,Blocked,2026-03-19 20:57:55,2026-03-19 20:57:57
1,Blocked,2026-03-19 20:57:51,2026-03-19 20:57:57
8,Running,2026-03-19 20:55:03,2026-03-19 20:58:14
8,Starved,2026-03-19 20:58:14,2026-03-19 20:58:23
10,Running,2026-03-19 20:57:26,2026-03-19 20:58:25
10,Starved,2026-03-19 20:58:25,2026-03-19 20:58:29
1,Running,2026-03-19 20:57:57,2026-03-19 20:58:54
5,Running,2026-03-19 20:57:57,2026-03-19 20:59:00
2,Running,2026-03-19 20:57:57,2026-03-19 20:59:04
3,Running,2026-03-19 20:57:57,2026-03-19 20:59:04
5,Starved,2026-03-19 20:59:00,2026-03-19 20:59:14
3,Blocked,2026-03-19 20:59:04,2026-03-19 20:59:14
2,Blocked,2026-03-19 20:59:04,2026-03-19 20:59:14
1,Blocked,2026-03-19 20:58:54,2026-03-19 20:59:14
9,Running,2026-03-19 20:53:55,2026-03-19 20:59:20
9,Starved,2026-03-19 20:59:20,2026-03-19 20:59:28
6,Running,2026-03-19 20:54:49,2026-03-19 21:00:02
2,Running,2026-03-19 20:59:14,2026-03-19 21:00:05
6,Starved,2026-03-19 21:00:02,2026-03-19 21:00:07
1,Running,2026-03-19 20:59:14,2026-03-19 21:00:16
2,Blocked,2026-03-19 21:00:05,2026-03-19 21:00:17
1,Blocked,2026-03-19 21:00:16,2026-03-19 21:00:17
6,Running,2026-03-19 21:00:07,2026-03-19 21:01:05
1,Running,2026-03-19 21:00:17,2026-03-19 21:01:15
5,Running,2026-03-19 20:59:14,2026-03-19 21:01:15
6,Starved,2026-03-19 21:01:05,2026-03-19 21:01:15
1,Blocked,2026-03-19 21:01:15,2026-03-19 21:01:20
8,Running,2026-03-19 20:58:23,2026-03-19 21:02:18
6,Running,2026-03-19 21:01:15,2026-03-19 21:02:19
8,Starved,2026-03-19 21:02:18,2026-03-19 21:02:19
1,Running,2026-03-19 21:01:20,2026-03-19 21:02:20
1,Blocked,2026-03-19 21:02:20,2026-03-19 21:02:27
8,Running,2026-03-19 21:02:19,2026-03-19 21:03:17
8,Starved,2026-03-19 21:03:17,2026-03-19 21:03:19
9,Running,2026-03-19 20:59:28,2026-03-19 21:05:26
9,Starved,2026-03-19 21:05:26,2026-03-19 21:05:32
3,Running,2026-03-19 20:59:14,2026-03-19 21:06:10
3,Blocked,2026-03-19 21:06:10,2026-03-19 21:06:11
9,Running,2026-03-19 21:05:32,2026-03-19 21:06:28
1,Running,2026-03-19 21:02:27,2026-03-19 21:06:31
9,Starved,2026-03-19 21:06:28,2026-03-19 21:06:32
1,Blocked,2026-03-19 21:06:31,2026-03-19 21:06:36
3,Running,2026-03-19 21:06:11,2026-03-19 21:07:05
8,Running,2026-03-19 21:03:19,2026-03-19 21:07:24
8,Starved,2026-03-19 21:07:24,2026-03-19 21:07:25
1,Running,2026-03-19 21:06:36,2026-03-19 21:07:33
2,Running,2026-03-19 21:00:17,2026-03-19 21:07:40
3,Blocked,2026-03-19 21:07:05,2026-03-19 21:07:40
2,Blocked,2026-03-19 21:07:40,2026-03-19 21:07:40
1,Blocked,2026-03-19 21:07:33,2026-03-19 21:07:40
8,Running,2026-03-19 21:07:25,2026-03-19 21:08:25
2,Running,2026-03-19 21:07:40,2026-03-19 21:08:38
1,Running,2026-03-19 21:07:40,2026-03-19 21:08:42
8,Starved,2026-03-19 21:08:25,2026-03-19 21:08:46
2,Blocked,2026-03-19 21:08:38,2026-03-19 21:08:50
1,Blocked,2026-03-19 21:08:42,2026-03-19 21:08:50
9,Running,2026-03-19 21:06:32,2026-03-19 21:09:27
1,Running,2026-03-19 21:08:50,2026-03-19 21:09:43
8,Running,2026-03-19 21:08:46,2026-03-19 21:09:43
9,Starved,2026-03-19 21:09:27,2026-03-19 21:09:43
2,Running,2026-03-19 21:08:50,2026-03-19 21:09:45
3,Running,2026-03-19 21:07:40,2026-03-19 21:09:47
3,Blocked,2026-03-19 21:09:47,2026-03-19 21:09:47
2,Blocked,2026-03-19 21:09:45,2026-03-19 21:09:47
1,Blocked,2026-03-19 21:09:43,2026-03-19 21:09:47
8,Starved,2026-03-19 21:09:43,2026-03-19 21:09:55
10,Running,2026-03-19 20:58:29,2026-03-19 21:10:47
2,Running,2026-03-19 21:09:47,2026-03-19 21:10:49
8,Running,2026-03-19 21:09:55,2026-03-19 21:10:51
2,Blocked,2026-03-19 21:10:49,2026-03-19 21:10:51
8,Starved,2026-03-19 21:10:51,2026-03-19 21:10:56
10,Starved,2026-03-19 21:10:47,2026-03-19 21:11:15
3,Running,2026-03-19 21:09:47,2026-03-19 21:11:45
4,Running,2026-03-19 20:49:03,2026-03-19 21:11:48
2,Running,2026-03-19 21:10:51,2026-03-19 21:11:50
8,Running,2026-03-19 21:10:56,2026-03-19 21:11:57
1,Running,2026-03-19 21:09:47,2026-03-19 21:12:04
5,Down,2026-03-19 21:01:15,2026-03-19 21:12:07
4,Blocked,2026-03-19 21:11:48,2026-03-19 21:12:07
3,Blocked,2026-03-19 21:11:45,2026-03-19 21:12:07
2,Blocked,2026-03-19 21:11:50,2026-03-19 21:12:07
1,Blocked,2026-03-19 21:12:04,2026-03-19 21:12:07
10,Running,2026-03-19 21:11:15,2026-03-19 21:12:15
10,Starved,2026-03-19 21:12:15,2026-03-19 21:12:35
8,Down,2026-03-19 21:11:57,2026-03-19 21:12:50
4,Running,2026-03-19 21:12:07,2026-03-19 21:13:02
2,Running,2026-03-19 21:12:07,2026-03-19 21:13:03
3,Running,2026-03-19 21:12:07,2026-03-19 21:13:04
6,Starved,2026-03-19 21:02:19,2026-03-19 21:13:07
4,Blocked,2026-03-19 21:13:02,2026-03-19 21:13:07
3,Blocked,2026-03-19 21:13:04,2026-03-19 21:13:07
2,Blocked,2026-03-19 21:13:03,2026-03-19 21:13:07
9,Running,2026-03-19 21:09:43,2026-03-19 21:13:36
2,Running,2026-03-19 21:13:07,2026-03-19 21:13:53
3,Running,2026-03-19 21:13:07,2026-03-19 21:14:02
9,Starved,2026-03-19 21:13:36,2026-03-19 21:14:04
1,Running,2026-03-19 21:12:07,2026-03-19 21:14:06
3,Blocked,2026-03-19 21:14:02,2026-03-19 21:14:23
2,Blocked,2026-03-19 21:13:53,2026-03-19 21:14:23
1,Blocked,2026-03-19 21:14:06,2026-03-19 21:14:23
10,Running,2026-03-19 21:12:35,2026-03-19 21:14:34
12,Running,2026-03-19 20:56:45,2026-03-19 21:14:36
12,Starved,2026-03-19 21:14:36,2026-03-19 21:14:43
9,Running,2026-03-19 21:14:04,2026-03-19 21:15:03
10,Starved,2026-03-19 21:14:34,2026-03-19 21:15:03
9,Starved,2026-03-19 21:15:03,2026-03-19 21:15:06
2,Running,2026-03-19 21:14:23,2026-03-19 21:15:25
1,Running,2026-03-19 21:14:23,2026-03-19 21:15:26
3,Running,2026-03-19 21:14:23,2026-03-19 21:15:27
3,Blocked,2026-03-19 21:15:27,2026-03-19 21:15:33
2,Blocked,2026-03-19 21:15:25,2026-03-19 21:15:33
1,Blocked,2026-03-19 21:15:26,2026-03-19 21:15:33
12,Running,2026-03-19 21:14:43,2026-03-19 21:15:38
12,Starved,2026-03-19 21:15:38,2026-03-19 21:15:43
6,Running,2026-03-19 21:13:07,2026-03-19 21:16:01
6,Starved,2026-03-19 21:16:01,2026-03-19 21:16:02
10,Running,2026-03-19 21:15:03,2026-03-19 21:16:09
10,Starved,2026-03-19 21:16:09,2026-03-19 21:16:18
2,Running,2026-03-19 21:15:33,2026-03-19 21:16:24
3,Running,2026-03-19 21:15:33,2026-03-19 21:16:33
1,Running,2026-03-19 21:15:33,2026-03-19 21:16:35
12,Running,2026-03-19 21:15:43,2026-03-19 21:16:38
12,Starved,2026-03-19 21:16:38,2026-03-19 21:16:45
3,Blocked,2026-03-19 21:16:33,2026-03-19 21:16:49
2,Blocked,2026-03-19 21:16:24,2026-03-19 21:16:49
1,Blocked,2026-03-19 21:16:35,2026-03-19 21:16:49
6,Running,2026-03-19 21:16:02,2026-03-19 21:17:08
6,Starved,2026-03-19 21:17:08,2026-03-19 21:17:13
10,Running,2026-03-19 21:16:18,2026-03-19 21:17:14
10,Starved,2026-03-19 21:17:14,2026-03-19 21:17:38
3,Running,2026-03-19 21:16:49,2026-03-19 21:17:48
1,Running,2026-03-19 21:16:49,2026-03-19 21:17:49
2,Running,2026-03-19 21:16:49,2026-03-19 21:17:52
3,Blocked,2026-03-19 21:17:48,2026-03-19 21:17:55
2,Blocked,2026-03-19 21:17:52,2026-03-19 21:17:55
1,Blocked,2026-03-19 21:17:49,2026-03-19 21:17:55
6,Running,2026-03-19 21:17:13,2026-03-19 21:18:16
6,Starved,2026-03-19 21:18:16,2026-03-19 21:18:17
3,Running,2026-03-19 21:17:55,2026-03-19 21:18:55
1,Running,2026-03-19 21:17:55,2026-03-19 21:18:55
3,Blocked,2026-03-19 21:18:55,2026-03-19 21:18:58
1,Blocked,2026-03-19 21:18:55,2026-03-19 21:19:00
6,Running,2026-03-19 21:18:17,2026-03-19 21:19:19
6,Starved,2026-03-19 21:19:19,2026-03-19 21:19:19
12,Running,2026-03-19 21:16:45,2026-03-19 21:19:37
10,Running,2026-03-19 21:17:38,2026-03-19 21:19:39
12,Starved,2026-03-19 21:19:37,2026-03-19 21:19:39
10,Starved,2026-03-19 21:19:39,2026-03-19 21:19:46
1,Running,2026-03-19 21:19:00,2026-03-19 21:19:58
3,Running,2026-03-19 21:18:58,2026-03-19 21:20:00
2,Running,2026-03-19 21:17:55,2026-03-19 21:20:05
3,Blocked,2026-03-19 21:20:00,2026-03-19 21:20:09
2,Blocked,2026-03-19 21:20:05,2026-03-19 21:20:09
1,Blocked,2026-03-19 21:19:58,2026-03-19 21:20:09
12,Running,2026-03-19 21:19:39,2026-03-19 21:20:39
12,Starved,2026-03-19 21:20:39,2026-03-19 21:20:49
3,Running,2026-03-19 21:20:09,2026-03-19 21:20:58
1,Running,2026-03-19 21:20:09,2026-03-19 21:21:06
2,Running,2026-03-19 21:20:09,2026-03-19 21:21:12
3,Blocked,2026-03-19 21:20:58,2026-03-19 21:21:22
2,Blocked,2026-03-19 21:21:12,2026-03-19 21:21:22
1,Blocked,2026-03-19 21:21:06,2026-03-19 21:21:22
10,Running,2026-03-19 21:19:46,2026-03-19 21:21:44
12,Running,2026-03-19 21:20:49,2026-03-19 21:21:46
12,Starved,2026-03-19 21:21:46,2026-03-19 21:21:52
10,Starved,2026-03-19 21:21:44,2026-03-19 21:21:54
1,Running,2026-03-19 21:21:22,2026-03-19 21:22:15
2,Running,2026-03-19 21:21:22,2026-03-19 21:22:22
2,Blocked,2026-03-19 21:22:22,2026-03-19 21:22:34
1,Blocked,2026-03-19 21:22:15,2026-03-19 21:22:34
3,Running,2026-03-19 21:21:22,2026-03-19 21:23:31
3,Blocked,2026-03-19 21:23:31,2026-03-19 21:23:32
1,Running,2026-03-19 21:22:34,2026-03-19 21:23:37
1,Blocked,2026-03-19 21:23:37,2026-03-19 21:23:38
12,Running,2026-03-19 21:21:52,2026-03-19 21:23:49
12,Starved,2026-03-19 21:23:49,2026-03-19 21:23:50
1,Running,2026-03-19 21:23:38,2026-03-19 21:24:29
2,Running,2026-03-19 21:22:34,2026-03-19 21:24:30
2,Blocked,2026-03-19 21:24:30,2026-03-19 21:24:41
1,Blocked,2026-03-19 21:24:29,2026-03-19 21:24:41
2,Running,2026-03-19 21:24:41,2026-03-19 21:25:35
2,Blocked,2026-03-19 21:25:35,2026-03-19 21:25:48
10,Running,2026-03-19 21:21:54,2026-03-19 21:25:52
10,Starved,2026-03-19 21:25:52,2026-03-19 21:26:01
1,Running,2026-03-19 21:24:41,2026-03-19 21:26:43
2,Running,2026-03-19 21:25:48,2026-03-19 21:26:48
2,Blocked,2026-03-19 21:26:48,2026-03-19 21:26:57
1,Blocked,2026-03-19 21:26:43,2026-03-19 21:26:57
10,Running,2026-03-19 21:26:01,2026-03-19 21:27:03
10,Starved,2026-03-19 21:27:03,2026-03-19 21:27:05
1,Running,2026-03-19 21:26:57,2026-03-19 21:28:03
1,Blocked,2026-03-19 21:28:03,2026-03-19 21:28:03
12,Running,2026-03-19 21:23:50,2026-03-19 21:30:42
12,Starved,2026-03-19 21:30:42,2026-03-19 21:30:46
2,Running,2026-03-19 21:26:57,2026-03-19 21:30:50
2,Blocked,2026-03-19 21:30:50,2026-03-19 21:30:58
10,Running,2026-03-19 21:27:05,2026-03-19 21:31:11
10,Starved,2026-03-19 21:31:11,2026-03-19 21:31:15
2,Running,2026-03-19 21:30:58,2026-03-19 21:31:59
2,Blocked,2026-03-19 21:31:59,2026-03-19 21:32:06
12,Running,2026-03-19 21:30:46,2026-03-19 21:32:51
12,Starved,2026-03-19 21:32:51,2026-03-19 21:32:55
2,Running,2026-03-19 21:32:06,2026-03-19 21:33:02
3,Running,2026-03-19 21:23:32,2026-03-19 21:33:11
10,Running,2026-03-19 21:31:15,2026-03-19 21:33:14
1,Running,2026-03-19 21:28:03,2026-03-19 21:33:16
10,Starved,2026-03-19 21:33:14,2026-03-19 21:33:23
3,Blocked,2026-03-19 21:33:11,2026-03-19 21:33:28
2,Blocked,2026-03-19 21:33:02,2026-03-19 21:33:28
1,Blocked,2026-03-19 21:33:16,2026-03-19 21:33:28
12,Running,2026-03-19 21:32:55,2026-03-19 21:33:48
12,Starved,2026-03-19 21:33:48,2026-03-19 21:33:59
10,Running,2026-03-19 21:33:23,2026-03-19 21:34:21
3,Running,2026-03-19 21:33:28,2026-03-19 21:34:23
3,Blocked,2026-03-19 21:34:23,2026-03-19 21:34:28
1,Running,2026-03-19 21:33:28,2026-03-19 21:34:28
10,Starved,2026-03-19 21:34:21,2026-03-19 21:34:30
1,Blocked,2026-03-19 21:34:28,2026-03-19 21:34:35
12,Running,2026-03-19 21:33:59,2026-03-19 21:34:50
12,Starved,2026-03-19 21:34:50,2026-03-19 21:34:59
1,Running,2026-03-19 21:34:35,2026-03-19 21:35:26
3,Running,2026-03-19 21:34:28,2026-03-19 21:35:32
2,Running,2026-03-19 21:33:28,2026-03-19 21:35:32
3,Blocked,2026-03-19 21:35:32,2026-03-19 21:35:46
2,Blocked,2026-03-19 21:35:32,2026-03-19 21:35:46
1,Blocked,2026-03-19 21:35:26,2026-03-19 21:35:46
5,Running,2026-03-19 21:12:07,2026-03-19 21:36:20
10,Running,2026-03-19 21:34:30,2026-03-19 21:36:23
10,Starved,2026-03-19 21:36:23,2026-03-19 21:36:27
12,Running,2026-03-19 21:34:59,2026-03-19 21:36:48
2,Running,2026-03-19 21:35:46,2026-03-19 21:36:52
12,Starved,2026-03-19 21:36:48,2026-03-19 21:36:52
2,Blocked,2026-03-19 21:36:52,2026-03-19 21:36:52
8,Running,2026-03-19 21:12:50,2026-03-19 21:37:08
8,Starved,2026-03-19 21:37:08,2026-03-19 21:37:17
6,Running,2026-03-19 21:19:19,2026-03-19 21:37:44
3,Running,2026-03-19 21:35:46,2026-03-19 21:37:46
2,Running,2026-03-19 21:36:52,2026-03-19 21:37:46
1,Running,2026-03-19 21:35:46,2026-03-19 21:37:50
3,Blocked,2026-03-19 21:37:46,2026-03-19 21:37:52
2,Blocked,2026-03-19 21:37:46,2026-03-19 21:37:52
1,Blocked,2026-03-19 21:37:50,2026-03-19 21:37:52
10,Running,2026-03-19 21:36:27,2026-03-19 21:38:35
10,Starved,2026-03-19 21:38:35,2026-03-19 21:38:47
2,Running,2026-03-19 21:37:52,2026-03-19 21:38:52
1,Running,2026-03-19 21:37:52,2026-03-19 21:38:54
3,Running,2026-03-19 21:37:52,2026-03-19 21:38:58
4,Running,2026-03-19 21:13:07,2026-03-19 21:39:03
5,Down,2026-03-19 21:36:20,2026-03-19 21:40:13
4,Blocked,2026-03-19 21:39:03,2026-03-19 21:40:13
3,Blocked,2026-03-19 21:38:58,2026-03-19 21:40:13
2,Blocked,2026-03-19 21:38:52,2026-03-19 21:40:13
1,Blocked,2026-03-19 21:38:54,2026-03-19 21:40:13
10,Running,2026-03-19 21:38:47,2026-03-19 21:40:51
10,Starved,2026-03-19 21:40:51,2026-03-19 21:40:55
1,Running,2026-03-19 21:40:13,2026-03-19 21:41:03
4,Running,2026-03-19 21:40:13,2026-03-19 21:41:09
2,Running,2026-03-19 21:40:13,2026-03-19 21:41:12
6,Starved,2026-03-19 21:37:44,2026-03-19 21:41:15
4,Blocked,2026-03-19 21:41:09,2026-03-19 21:41:15
2,Blocked,2026-03-19 21:41:12,2026-03-19 21:41:17
1,Blocked,2026-03-19 21:41:03,2026-03-19 21:41:17
10,Running,2026-03-19 21:40:55,2026-03-19 21:41:47
10,Starved,2026-03-19 21:41:47,2026-03-19 21:41:52
8,Running,2026-03-19 21:37:17,2026-03-19 21:42:08
3,Running,2026-03-19 21:40:13,2026-03-19 21:42:16
2,Running,2026-03-19 21:41:17,2026-03-19 21:42:18
3,Blocked,2026-03-19 21:42:16,2026-03-19 21:42:20
2,Blocked,2026-03-19 21:42:18,2026-03-19 21:42:20
8,Starved,2026-03-19 21:42:08,2026-03-19 21:42:32
10,Running,2026-03-19 21:41:52,2026-03-19 21:42:48
10,Starved,2026-03-19 21:42:48,2026-03-19 21:42:56
2,Running,2026-03-19 21:42:20,2026-03-19 21:43:20
3,Running,2026-03-19 21:42:20,2026-03-19 21:43:22
1,Running,2026-03-19 21:41:17,2026-03-19 21:43:41
3,Blocked,2026-03-19 21:43:22,2026-03-19 21:43:41
2,Blocked,2026-03-19 21:43:20,2026-03-19 21:43:41
1,Blocked,2026-03-19 21:43:41,2026-03-19 21:43:41
10,Running,2026-03-19 21:42:56,2026-03-19 21:43:58
10,Starved,2026-03-19 21:43:58,2026-03-19 21:44:02
8,Running,2026-03-19 21:42:32,2026-03-19 21:44:34
1,Running,2026-03-19 21:43:41,2026-03-19 21:44:44
2,Running,2026-03-19 21:43:41,2026-03-19 21:44:44
3,Running,2026-03-19 21:43:41,2026-03-19 21:44:45
8,Starved,2026-03-19 21:44:34,2026-03-19 21:44:55
10,Running,2026-03-19 21:44:02,2026-03-19 21:44:56
10,Starved,2026-03-19 21:44:56,2026-03-19 21:45:00
3,Blocked,2026-03-19 21:44:45,2026-03-19 21:45:15
2,Blocked,2026-03-19 21:44:44,2026-03-19 21:45:15
1,Blocked,2026-03-19 21:44:44,2026-03-19 21:45:15
10,Running,2026-03-19 21:45:00,2026-03-19 21:45:55
2,Running,2026-03-19 21:45:15,2026-03-19 21:46:10
1,Running,2026-03-19 21:45:15,2026-03-19 21:46:19
3,Running,2026-03-19 21:45:15,2026-03-19 21:46:20
10,Starved,2026-03-19 21:45:55,2026-03-19 21:46:21
3,Blocked,2026-03-19 21:46:20,2026-03-19 21:46:44
2,Blocked,2026-03-19 21:46:10,2026-03-19 21:46:44
1,Blocked,2026-03-19 21:46:19,2026-03-19 21:46:44
8,Running,2026-03-19 21:44:55,2026-03-19 21:47:03
8,Starved,2026-03-19 21:47:03,2026-03-19 21:47:14
8,Running,2026-03-19 21:47:14,2026-03-19 21:48:08
10,Running,2026-03-19 21:46:21,2026-03-19 21:48:32
8,Starved,2026-03-19 21:48:08,2026-03-19 21:48:32
10,Starved,2026-03-19 21:48:32,2026-03-19 21:48:35
10,Running,2026-03-19 21:48:35,2026-03-19 21:49:24
10,Starved,2026-03-19 21:49:24,2026-03-19 21:49:32
3,Running,2026-03-19 21:46:44,2026-03-19 21:49:44
2,Running,2026-03-19 21:46:44,2026-03-19 21:49:51
1,Running,2026-03-19 21:46:44,2026-03-19 21:49:54
3,Blocked,2026-03-19 21:49:44,2026-03-19 21:50:02
2,Blocked,2026-03-19 21:49:51,2026-03-19 21:50:02
1,Blocked,2026-03-19 21:49:54,2026-03-19 21:50:02
10,Running,2026-03-19 21:49:32,2026-03-19 21:50:31
8,Running,2026-03-19 21:48:32,2026-03-19 21:50:35
1,Running,2026-03-19 21:50:02,2026-03-19 21:50:51
8,Starved,2026-03-19 21:50:35,2026-03-19 21:50:53
10,Starved,2026-03-19 21:50:31,2026-03-19 21:50:56
1,Blocked,2026-03-19 21:50:51,2026-03-19 21:51:06
11,Running,2026-03-19 20:21:12,2026-03-19 21:51:33
8,Running,2026-03-19 21:50:53,2026-03-19 21:51:56
10,Running,2026-03-19 21:50:56,2026-03-19 21:51:56
11,Starved,2026-03-19 21:51:33,2026-03-19 21:51:56
8,Starved,2026-03-19 21:51:56,2026-03-19 21:51:59
1,Running,2026-03-19 21:51:06,2026-03-19 21:52:03
3,Running,2026-03-19 21:50:02,2026-03-19 21:52:03
2,Running,2026-03-19 21:50:02,2026-03-19 21:52:13
10,Starved,2026-03-19 21:51:56,2026-03-19 21:52:13
3,Blocked,2026-03-19 21:52:03,2026-03-19 21:52:19
2,Blocked,2026-03-19 21:52:13,2026-03-19 21:52:19
1,Blocked,2026-03-19 21:52:03,2026-03-19 21:52:19
11,Running,2026-03-19 21:51:56,2026-03-19 21:52:52
3,Running,2026-03-19 21:52:19,2026-03-19 21:53:15
1,Running,2026-03-19 21:52:19,2026-03-19 21:53:15
10,Running,2026-03-19 21:52:13,2026-03-19 21:53:17
11,Starved,2026-03-19 21:52:52,2026-03-19 21:53:17
10,Starved,2026-03-19 21:53:17,2026-03-19 21:53:17
3,Blocked,2026-03-19 21:53:15,2026-03-19 21:53:20
1,Blocked,2026-03-19 21:53:15,2026-03-19 21:53:22
3,Running,2026-03-19 21:53:20,2026-03-19 21:54:14
2,Running,2026-03-19 21:52:19,2026-03-19 21:54:14
10,Running,2026-03-19 21:53:17,2026-03-19 21:54:20
3,Blocked,2026-03-19 21:54:14,2026-03-19 21:54:27
2,Blocked,2026-03-19 21:54:14,2026-03-19 21:54:27
9,Running,2026-03-19 21:15:06,2026-03-19 21:54:33
10,Starved,2026-03-19 21:54:20,2026-03-19 21:54:33
1,Running,2026-03-19 21:53:22,2026-03-19 21:55:23
10,Running,2026-03-19 21:54:33,2026-03-19 21:55:26
2,Running,2026-03-19 21:54:27,2026-03-19 21:55:27
3,Running,2026-03-19 21:54:27,2026-03-19 21:55:28
3,Blocked,2026-03-19 21:55:28,2026-03-19 21:55:28
2,Blocked,2026-03-19 21:55:27,2026-03-19 21:55:28
1,Blocked,2026-03-19 21:55:23,2026-03-19 21:55:28
11,Running,2026-03-19 21:53:17,2026-03-19 21:56:21
2,Running,2026-03-19 21:55:28,2026-03-19 21:56:23
3,Running,2026-03-19 21:55:28,2026-03-19 21:56:27
1,Running,2026-03-19 21:55:28,2026-03-19 21:56:27
3,Blocked,2026-03-19 21:56:27,2026-03-19 21:56:58
2,Blocked,2026-03-19 21:56:23,2026-03-19 21:56:58
1,Blocked,2026-03-19 21:56:27,2026-03-19 21:56:58
8,Running,2026-03-19 21:51:59,2026-03-19 21:57:05
12,Running,2026-03-19 21:36:52,2026-03-19 21:57:25
2,Running,2026-03-19 21:56:58,2026-03-19 21:57:52
3,Running,2026-03-19 21:56:58,2026-03-19 21:57:53
1,Running,2026-03-19 21:56:58,2026-03-19 21:57:56
3,Blocked,2026-03-19 21:57:53,2026-03-19 21:58:14
2,Blocked,2026-03-19 21:57:52,2026-03-19 21:58:14
1,Blocked,2026-03-19 21:57:56,2026-03-19 21:58:14
9,Down,2026-03-19 21:54:33,2026-03-19 21:58:19
8,Blocked,2026-03-19 21:57:05,2026-03-19 21:58:19
2,Running,2026-03-19 21:58:14,2026-03-19 21:59:00
3,Running,2026-03-19 21:58:14,2026-03-19 21:59:07
1,Running,2026-03-19 21:58:14,2026-03-19 21:59:08
3,Blocked,2026-03-19 21:59:07,2026-03-19 21:59:16
2,Blocked,2026-03-19 21:59:00,2026-03-19 21:59:16
1,Blocked,2026-03-19 21:59:08,2026-03-19 21:59:16
8,Running,2026-03-19 21:58:19,2026-03-19 21:59:20
10,Starved,2026-03-19 21:55:26,2026-03-19 21:59:22
8,Blocked,2026-03-19 21:59:20,2026-03-19 21:59:22
1,Running,2026-03-19 21:59:16,2026-03-19 22:00:12
2,Running,2026-03-19 21:59:16,2026-03-19 22:00:14
2,Blocked,2026-03-19 22:00:14,2026-03-19 22:00:23
1,Blocked,2026-03-19 22:00:12,2026-03-19 22:00:23
11,Starved,2026-03-19 21:56:21,2026-03-19 22:00:29
1,Running,2026-03-19 22:00:23,2026-03-19 22:01:17
2,Running,2026-03-19 22:00:23,2026-03-19 22:01:22
2,Blocked,2026-03-19 22:01:22,2026-03-19 22:01:26
1,Blocked,2026-03-19 22:01:17,2026-03-19 22:01:26
12,Starved,2026-03-19 21:57:25,2026-03-19 22:01:30
8,Running,2026-03-19 21:59:22,2026-03-19 22:02:15
8,Blocked,2026-03-19 22:02:15,2026-03-19 22:02:19
12,Running,2026-03-19 22:01:30,2026-03-19 22:02:20
11,Running,2026-03-19 22:00:29,2026-03-19 22:02:23
12,Starved,2026-03-19 22:02:20,2026-03-19 22:02:23
1,Running,2026-03-19 22:01:26,2026-03-19 22:02:27
2,Running,2026-03-19 22:01:26,2026-03-19 22:02:29
11,Starved,2026-03-19 22:02:23,2026-03-19 22:02:34
3,Running,2026-03-19 21:59:16,2026-03-19 22:02:38
3,Blocked,2026-03-19 22:02:38,2026-03-19 22:02:44
2,Blocked,2026-03-19 22:02:29,2026-03-19 22:02:44
1,Blocked,2026-03-19 22:02:27,2026-03-19 22:02:44
8,Running,2026-03-19 22:02:19,2026-03-19 22:03:13
8,Blocked,2026-03-19 22:03:13,2026-03-19 22:03:17
12,Running,2026-03-19 22:02:23,2026-03-19 22:03:19
12,Starved,2026-03-19 22:03:19,2026-03-19 22:03:41
8,Running,2026-03-19 22:03:17,2026-03-19 22:04:11
10,Running,2026-03-19 21:59:22,2026-03-19 22:04:25
10,Starved,2026-03-19 22:04:25,2026-03-19 22:04:29
8,Blocked,2026-03-19 22:04:11,2026-03-19 22:04:29
12,Running,2026-03-19 22:03:41,2026-03-19 22:04:38
12,Starved,2026-03-19 22:04:38,2026-03-19 22:04:41
12,Running,2026-03-19 22:04:41,2026-03-19 22:05:35
12,Starved,2026-03-19 22:05:35,2026-03-19 22:05:44
1,Running,2026-03-19 22:02:44,2026-03-19 22:05:48
3,Running,2026-03-19 22:02:44,2026-03-19 22:05:51
2,Running,2026-03-19 22:02:44,2026-03-19 22:05:55
3,Blocked,2026-03-19 22:05:51,2026-03-19 22:06:03
2,Blocked,2026-03-19 22:05:55,2026-03-19 22:06:03
1,Blocked,2026-03-19 22:05:48,2026-03-19 22:06:03
12,Running,2026-03-19 22:05:44,2026-03-19 22:06:41
12,Starved,2026-03-19 22:06:41,2026-03-19 22:06:48
2,Running,2026-03-19 22:06:03,2026-03-19 22:07:02
1,Running,2026-03-19 22:06:03,2026-03-19 22:07:03
3,Running,2026-03-19 22:06:03,2026-03-19 22:07:03
3,Blocked,2026-03-19 22:07:03,2026-03-19 22:07:04
2,Blocked,2026-03-19 22:07:02,2026-03-19 22:07:04
1,Blocked,2026-03-19 22:07:03,2026-03-19 22:07:04
8,Running,2026-03-19 22:04:29,2026-03-19 22:07:25
10,Running,2026-03-19 22:04:29,2026-03-19 22:07:33
10,Starved,2026-03-19 22:07:33,2026-03-19 22:07:39
8,Blocked,2026-03-19 22:07:25,2026-03-19 22:07:39
12,Running,2026-03-19 22:06:48,2026-03-19 22:07:44
12,Starved,2026-03-19 22:07:44,2026-03-19 22:07:50
3,Running,2026-03-19 22:07:04,2026-03-19 22:08:01
2,Running,2026-03-19 22:07:04,2026-03-19 22:08:02
1,Running,2026-03-19 22:07:04,2026-03-19 22:08:04
3,Blocked,2026-03-19 22:08:01,2026-03-19 22:08:13
2,Blocked,2026-03-19 22:08:02,2026-03-19 22:08:13
1,Blocked,2026-03-19 22:08:04,2026-03-19 22:08:13
8,Running,2026-03-19 22:07:39,2026-03-19 22:08:38
10,Running,2026-03-19 22:07:39,2026-03-19 22:08:39
10,Starved,2026-03-19 22:08:39,2026-03-19 22:08:53
8,Blocked,2026-03-19 22:08:38,2026-03-19 22:08:53
7,Running,2026-03-19 20:43:09,2026-03-19 22:09:01
2,Running,2026-03-19 22:08:13,2026-03-19 22:09:02
3,Running,2026-03-19 22:08:13,2026-03-19 22:09:05
3,Blocked,2026-03-19 22:09:05,2026-03-19 22:09:15
2,Blocked,2026-03-19 22:09:02,2026-03-19 22:09:15
11,Running,2026-03-19 22:02:34,2026-03-19 22:09:39
8,Running,2026-03-19 22:08:53,2026-03-19 22:09:49
10,Running,2026-03-19 22:08:53,2026-03-19 22:09:52
11,Starved,2026-03-19 22:09:39,2026-03-19 22:09:52
10,Starved,2026-03-19 22:09:52,2026-03-19 22:09:55
8,Blocked,2026-03-19 22:09:49,2026-03-19 22:09:55
7,Down,2026-03-19 22:09:01,2026-03-19 22:09:59
3,Running,2026-03-19 22:09:15,2026-03-19 22:10:12
2,Running,2026-03-19 22:09:15,2026-03-19 22:10:14
1,Running,2026-03-19 22:08:13,2026-03-19 22:10:25
3,Blocked,2026-03-19 22:10:12,2026-03-19 22:10:34
2,Blocked,2026-03-19 22:10:14,2026-03-19 22:10:34
1,Blocked,2026-03-19 22:10:25,2026-03-19 22:10:34
11,Running,2026-03-19 22:09:52,2026-03-19 22:10:48
8,Running,2026-03-19 22:09:55,2026-03-19 22:10:55
8,Blocked,2026-03-19 22:10:55,2026-03-19 22:10:58
11,Starved,2026-03-19 22:10:48,2026-03-19 22:11:03
8,Starved,2026-03-19 22:10:58,2026-03-19 22:11:26
1,Running,2026-03-19 22:10:34,2026-03-19 22:11:29
3,Running,2026-03-19 22:10:34,2026-03-19 22:11:30
2,Running,2026-03-19 22:10:34,2026-03-19 22:11:37
3,Blocked,2026-03-19 22:11:30,2026-03-19 22:11:40
2,Blocked,2026-03-19 22:11:37,2026-03-19 22:11:40
1,Blocked,2026-03-19 22:11:29,2026-03-19 22:11:40
12,Running,2026-03-19 22:07:50,2026-03-19 22:11:53
11,Running,2026-03-19 22:11:03,2026-03-19 22:11:58
12,Starved,2026-03-19 22:11:53,2026-03-19 22:11:58
11,Starved,2026-03-19 22:11:58,2026-03-19 22:12:04
8,Running,2026-03-19 22:11:26,2026-03-19 22:12:25
2,Running,2026-03-19 22:11:40,2026-03-19 22:12:30
2,Blocked,2026-03-19 22:12:30,2026-03-19 22:12:34
10,Running,2026-03-19 22:09:55,2026-03-19 22:12:55
12,Running,2026-03-19 22:11:58,2026-03-19 22:12:55
10,Starved,2026-03-19 22:12:55,2026-03-19 22:12:57
8,Down,2026-03-19 22:12:25,2026-03-19 22:13:01
12,Starved,2026-03-19 22:12:55,2026-03-19 22:13:01
3,Running,2026-03-19 22:11:40,2026-03-19 22:13:35
2,Running,2026-03-19 22:12:34,2026-03-19 22:13:36
1,Running,2026-03-19 22:11:40,2026-03-19 22:13:43
3,Blocked,2026-03-19 22:13:35,2026-03-19 22:13:52
2,Blocked,2026-03-19 22:13:36,2026-03-19 22:13:52
1,Blocked,2026-03-19 22:13:43,2026-03-19 22:13:52
10,Running,2026-03-19 22:12:57,2026-03-19 22:13:54
10,Starved,2026-03-19 22:13:54,2026-03-19 22:13:58
1,Running,2026-03-19 22:13:52,2026-03-19 22:14:50
3,Running,2026-03-19 22:13:52,2026-03-19 22:14:54
2,Running,2026-03-19 22:13:52,2026-03-19 22:14:54
11,Running,2026-03-19 22:12:04,2026-03-19 22:14:58
10,Running,2026-03-19 22:13:58,2026-03-19 22:14:59
11,Starved,2026-03-19 22:14:58,2026-03-19 22:14:59
3,Blocked,2026-03-19 22:14:54,2026-03-19 22:15:06
2,Blocked,2026-03-19 22:14:54,2026-03-19 22:15:06
1,Blocked,2026-03-19 22:14:50,2026-03-19 22:15:06
10,Starved,2026-03-19 22:14:59,2026-03-19 22:15:07
11,Running,2026-03-19 22:14:59,2026-03-19 22:15:51
2,Running,2026-03-19 22:15:06,2026-03-19 22:16:01
11,Starved,2026-03-19 22:15:51,2026-03-19 22:16:06
8,Running,2026-03-19 22:13:01,2026-03-19 22:16:07
1,Running,2026-03-19 22:15:06,2026-03-19 22:16:08
2,Blocked,2026-03-19 22:16:01,2026-03-19 22:16:09
1,Blocked,2026-03-19 22:16:08,2026-03-19 22:16:09
8,Starved,2026-03-19 22:16:07,2026-03-19 22:16:13
2,Running,2026-03-19 22:16:09,2026-03-19 22:17:05
2,Blocked,2026-03-19 22:17:05,2026-03-19 22:17:08
11,Running,2026-03-19 22:16:06,2026-03-19 22:17:08
10,Running,2026-03-19 22:15:07,2026-03-19 22:17:09
11,Starved,2026-03-19 22:17:08,2026-03-19 22:17:09
10,Starved,2026-03-19 22:17:09,2026-03-19 22:17:24
3,Running,2026-03-19 22:15:06,2026-03-19 22:18:04
12,Running,2026-03-19 22:13:01,2026-03-19 22:18:04
1,Running,2026-03-19 22:16:09,2026-03-19 22:18:05
2,Running,2026-03-19 22:17:08,2026-03-19 22:18:08
11,Running,2026-03-19 22:17:09,2026-03-19 22:18:08
12,Starved,2026-03-19 22:18:04,2026-03-19 22:18:08
3,Blocked,2026-03-19 22:18:04,2026-03-19 22:18:11
2,Blocked,2026-03-19 22:18:08,2026-03-19 22:18:11
1,Blocked,2026-03-19 22:18:05,2026-03-19 22:18:11
10,Running,2026-03-19 22:17:24,2026-03-19 22:18:16
11,Starved,2026-03-19 22:18:08,2026-03-19 22:18:16
10,Starved,2026-03-19 22:18:16,2026-03-19 22:18:21
2,Running,2026-03-19 22:18:11,2026-03-19 22:19:10
3,Running,2026-03-19 22:18:11,2026-03-19 22:19:11
3,Blocked,2026-03-19 22:19:11,2026-03-19 22:19:11
2,Blocked,2026-03-19 22:19:10,2026-03-19 22:19:11
11,Running,2026-03-19 22:18:16,2026-03-19 22:19:13
8,Running,2026-03-19 22:16:13,2026-03-19 22:19:18
1,Running,2026-03-19 22:18:11,2026-03-19 22:19:18
11,Starved,2026-03-19 22:19:13,2026-03-19 22:19:23
8,Starved,2026-03-19 22:19:18,2026-03-19 22:19:27
2,Running,2026-03-19 22:19:11,2026-03-19 22:20:13
12,Running,2026-03-19 22:18:08,2026-03-19 22:20:13
2,Blocked,2026-03-19 22:20:13,2026-03-19 22:20:22
11,Running,2026-03-19 22:19:23,2026-03-19 22:20:27
12,Starved,2026-03-19 22:20:13,2026-03-19 22:20:27
11,Starved,2026-03-19 22:20:27,2026-03-19 22:20:29
8,Running,2026-03-19 22:19:27,2026-03-19 22:20:31
1,Down,2026-03-19 22:19:18,2026-03-19 22:20:35
8,Starved,2026-03-19 22:20:31,2026-03-19 22:20:38
3,Running,2026-03-19 22:19:11,2026-03-19 22:21:14
3,Blocked,2026-03-19 22:21:14,2026-03-19 22:21:18
12,Running,2026-03-19 22:20:27,2026-03-19 22:21:28
11,Running,2026-03-19 22:20:29,2026-03-19 22:21:30
12,Starved,2026-03-19 22:21:28,2026-03-19 22:21:30
10,Running,2026-03-19 22:18:21,2026-03-19 22:21:32
11,Starved,2026-03-19 22:21:30,2026-03-19 22:21:32
10,Starved,2026-03-19 22:21:32,2026-03-19 22:21:33
8,Running,2026-03-19 22:20:38,2026-03-19 22:21:35
8,Starved,2026-03-19 22:21:35,2026-03-19 22:21:36
11,Running,2026-03-19 22:21:32,2026-03-19 22:22:32
8,Running,2026-03-19 22:21:36,2026-03-19 22:22:39
11,Starved,2026-03-19 22:22:32,2026-03-19 22:22:39
8,Starved,2026-03-19 22:22:39,2026-03-19 22:22:42
11,Running,2026-03-19 22:22:39,2026-03-19 22:23:32
11,Starved,2026-03-19 22:23:32,2026-03-19 22:23:49
3,Running,2026-03-19 22:21:18,2026-03-19 22:24:18
2,Running,2026-03-19 22:20:22,2026-03-19 22:24:27
12,Running,2026-03-19 22:21:30,2026-03-19 22:24:32
3,Blocked,2026-03-19 22:24:18,2026-03-19 22:24:42
2,Blocked,2026-03-19 22:24:27,2026-03-19 22:24:42
11,Running,2026-03-19 22:23:49,2026-03-19 22:24:47
12,Starved,2026-03-19 22:24:32,2026-03-19 22:24:47
11,Starved,2026-03-19 22:24:47,2026-03-19 22:24:48
2,Running,2026-03-19 22:24:42,2026-03-19 22:25:38
3,Running,2026-03-19 22:24:42,2026-03-19 22:25:40
12,Running,2026-03-19 22:24:47,2026-03-19 22:25:46
3,Blocked,2026-03-19 22:25:40,2026-03-19 22:25:48
2,Blocked,2026-03-19 22:25:38,2026-03-19 22:25:48
10,Running,2026-03-19 22:21:33,2026-03-19 22:25:51
12,Starved,2026-03-19 22:25:46,2026-03-19 22:25:54
10,Starved,2026-03-19 22:25:51,2026-03-19 22:25:55
8,Running,2026-03-19 22:22:42,2026-03-19 22:25:59
8,Starved,2026-03-19 22:25:59,2026-03-19 22:26:00
3,Running,2026-03-19 22:25:48,2026-03-19 22:26:48
12,Running,2026-03-19 22:25:54,2026-03-19 22:26:48
10,Running,2026-03-19 22:25:55,2026-03-19 22:26:51
12,Starved,2026-03-19 22:26:48,2026-03-19 22:26:51
9,Running,2026-03-19 21:58:19,2026-03-19 22:26:52
10,Starved,2026-03-19 22:26:51,2026-03-19 22:26:52
2,Running,2026-03-19 22:25:48,2026-03-19 22:26:58
3,Blocked,2026-03-19 22:26:48,2026-03-19 22:27:03
2,Blocked,2026-03-19 22:26:58,2026-03-19 22:27:03
11,Running,2026-03-19 22:24:48,2026-03-19 22:27:45
10,Running,2026-03-19 22:26:52,2026-03-19 22:27:49
11,Starved,2026-03-19 22:27:45,2026-03-19 22:27:49
2,Running,2026-03-19 22:27:03,2026-03-19 22:27:58
8,Running,2026-03-19 22:26:00,2026-03-19 22:28:04
3,Running,2026-03-19 22:27:03,2026-03-19 22:28:08
1,Running,2026-03-19 22:20:35,2026-03-19 22:28:11
3,Blocked,2026-03-19 22:28:08,2026-03-19 22:28:18
2,Blocked,2026-03-19 22:27:58,2026-03-19 22:28:18
1,Blocked,2026-03-19 22:28:11,2026-03-19 22:28:18
11,Running,2026-03-19 22:27:49,2026-03-19 22:28:40
2,Running,2026-03-19 22:28:18,2026-03-19 22:29:16
2,Blocked,2026-03-19 22:29:16,2026-03-19 22:29:22
12,Running,2026-03-19 22:26:51,2026-03-19 22:29:41
7,Running,2026-03-19 22:09:59,2026-03-19 22:29:55
3,Running,2026-03-19 22:28:18,2026-03-19 22:30:18
3,Blocked,2026-03-19 22:30:18,2026-03-19 22:30:19
3,Running,2026-03-19 22:30:19,2026-03-19 22:31:12
1,Running,2026-03-19 22:28:18,2026-03-19 22:31:18
3,Blocked,2026-03-19 22:31:12,2026-03-19 22:31:24
1,Blocked,2026-03-19 22:31:18,2026-03-19 22:31:28
1,Running,2026-03-19 22:31:28,2026-03-19 22:32:24
3,Running,2026-03-19 22:31:24,2026-03-19 22:32:25
2,Running,2026-03-19 22:29:22,2026-03-19 22:32:34
3,Blocked,2026-03-19 22:32:25,2026-03-19 22:32:47
2,Blocked,2026-03-19 22:32:34,2026-03-19 22:32:47
1,Blocked,2026-03-19 22:32:24,2026-03-19 22:32:47
3,Running,2026-03-19 22:32:47,2026-03-19 22:33:39
1,Running,2026-03-19 22:32:47,2026-03-19 22:33:44
3,Blocked,2026-03-19 22:33:39,2026-03-19 22:33:54
9,Down,2026-03-19 22:26:52,2026-03-19 22:33:57
8,Blocked,2026-03-19 22:28:04,2026-03-19 22:33:57
1,Blocked,2026-03-19 22:33:44,2026-03-19 22:33:59
10,Starved,2026-03-19 22:27:49,2026-03-19 22:34:51
1,Running,2026-03-19 22:33:59,2026-03-19 22:35:05
1,Blocked,2026-03-19 22:35:05,2026-03-19 22:35:05
3,Running,2026-03-19 22:33:54,2026-03-19 22:35:52
10,Running,2026-03-19 22:34:51,2026-03-19 22:35:53
11,Starved,2026-03-19 22:28:40,2026-03-19 22:35:53
10,Starved,2026-03-19 22:35:53,2026-03-19 22:36:01
7,Down,2026-03-19 22:29:55,2026-03-19 22:36:06
2,Running,2026-03-19 22:32:47,2026-03-19 22:36:12
1,Running,2026-03-19 22:35:05,2026-03-19 22:36:12
3,Blocked,2026-03-19 22:35:52,2026-03-19 22:36:21
2,Blocked,2026-03-19 22:36:12,2026-03-19 22:36:21
1,Blocked,2026-03-19 22:36:12,2026-03-19 22:36:21
11,Running,2026-03-19 22:35:53,2026-03-19 22:36:57
12,Starved,2026-03-19 22:29:41,2026-03-19 22:36:57
10,Running,2026-03-19 22:36:01,2026-03-19 22:37:01
11,Starved,2026-03-19 22:36:57,2026-03-19 22:37:01
10,Starved,2026-03-19 22:37:01,2026-03-19 22:37:04
1,Running,2026-03-19 22:36:21,2026-03-19 22:37:14
3,Running,2026-03-19 22:36:21,2026-03-19 22:37:19
2,Running,2026-03-19 22:36:21,2026-03-19 22:37:19
11,Running,2026-03-19 22:37:01,2026-03-19 22:37:54
3,Blocked,2026-03-19 22:37:19,2026-03-19 22:37:57
2,Blocked,2026-03-19 22:37:19,2026-03-19 22:37:57
1,Blocked,2026-03-19 22:37:14,2026-03-19 22:37:57
10,Running,2026-03-19 22:37:04,2026-03-19 22:38:04
11,Starved,2026-03-19 22:37:54,2026-03-19 22:38:04
7,Running,2026-03-19 22:36:06,2026-03-19 22:38:13
10,Starved,2026-03-19 22:38:04,2026-03-19 22:38:27
11,Running,2026-03-19 22:38:04,2026-03-19 22:38:54
1,Running,2026-03-19 22:37:57,2026-03-19 22:38:59
1,Blocked,2026-03-19 22:38:59,2026-03-19 22:38:59
10,Running,2026-03-19 22:38:27,2026-03-19 22:39:22
11,Starved,2026-03-19 22:38:54,2026-03-19 22:39:22
9,Running,2026-03-19 22:33:57,2026-03-19 22:39:24
10,Starved,2026-03-19 22:39:22,2026-03-19 22:39:24
2,Running,2026-03-19 22:37:57,2026-03-19 22:39:51
3,Running,2026-03-19 22:37:57,2026-03-19 22:39:52
3,Blocked,2026-03-19 22:39:52,2026-03-19 22:39:57
2,Blocked,2026-03-19 22:39:51,2026-03-19 22:39:57
12,Running,2026-03-19 22:36:57,2026-03-19 22:39:59
10,Running,2026-03-19 22:39:24,2026-03-19 22:40:27
12,Starved,2026-03-19 22:39:59,2026-03-19 22:40:28
2,Running,2026-03-19 22:39:57,2026-03-19 22:40:53
3,Running,2026-03-19 22:39:57,2026-03-19 22:40:55
3,Blocked,2026-03-19 22:40:55,2026-03-19 22:41:00
2,Blocked,2026-03-19 22:40:53,2026-03-19 22:41:00
12,Running,2026-03-19 22:40:28,2026-03-19 22:41:26
11,Running,2026-03-19 22:39:22,2026-03-19 22:41:27
12,Starved,2026-03-19 22:41:26,2026-03-19 22:41:27
1,Running,2026-03-19 22:38:59,2026-03-19 22:42:02
1,Blocked,2026-03-19 22:42:02,2026-03-19 22:42:03
12,Running,2026-03-19 22:41:27,2026-03-19 22:42:22
3,Running,2026-03-19 22:41:00,2026-03-19 22:42:56
2,Running,2026-03-19 22:41:00,2026-03-19 22:43:00
1,Running,2026-03-19 22:42:03,2026-03-19 22:43:01
3,Blocked,2026-03-19 22:42:56,2026-03-19 22:43:08
2,Blocked,2026-03-19 22:43:00,2026-03-19 22:43:08
1,Blocked,2026-03-19 22:43:01,2026-03-19 22:43:08
1,Running,2026-03-19 22:43:08,2026-03-19 22:44:04
2,Running,2026-03-19 22:43:08,2026-03-19 22:44:15
3,Running,2026-03-19 22:43:08,2026-03-19 22:44:15
3,Blocked,2026-03-19 22:44:15,2026-03-19 22:44:19
2,Blocked,2026-03-19 22:44:15,2026-03-19 22:44:19
1,Blocked,2026-03-19 22:44:04,2026-03-19 22:44:19
3,Running,2026-03-19 22:44:19,2026-03-19 22:45:14
1,Running,2026-03-19 22:44:19,2026-03-19 22:45:26
2,Running,2026-03-19 22:44:19,2026-03-19 22:45:27
3,Blocked,2026-03-19 22:45:14,2026-03-19 22:45:31
2,Blocked,2026-03-19 22:45:27,2026-03-19 22:45:31
1,Blocked,2026-03-19 22:45:26,2026-03-19 22:45:31
1,Running,2026-03-19 22:45:31,2026-03-19 22:46:28
3,Running,2026-03-19 22:45:31,2026-03-19 22:46:32
2,Running,2026-03-19 22:45:31,2026-03-19 22:46:32
3,Blocked,2026-03-19 22:46:32,2026-03-19 22:46:44
2,Blocked,2026-03-19 22:46:32,2026-03-19 22:46:44
1,Blocked,2026-03-19 22:46:28,2026-03-19 22:46:44
1,Running,2026-03-19 22:46:44,2026-03-19 22:47:40
2,Running,2026-03-19 22:46:44,2026-03-19 22:47:43
3,Running,2026-03-19 22:46:44,2026-03-19 22:47:48
3,Blocked,2026-03-19 22:47:48,2026-03-19 22:48:03
2,Blocked,2026-03-19 22:47:43,2026-03-19 22:48:03
1,Blocked,2026-03-19 22:47:40,2026-03-19 22:48:03
2,Running,2026-03-19 22:48:03,2026-03-19 22:49:06
3,Running,2026-03-19 22:48:03,2026-03-19 22:49:07
3,Blocked,2026-03-19 22:49:07,2026-03-19 22:49:10
2,Blocked,2026-03-19 22:49:06,2026-03-19 22:49:10
2,Running,2026-03-19 22:49:10,2026-03-19 22:50:11
3,Running,2026-03-19 22:49:10,2026-03-19 22:50:16
3,Blocked,2026-03-19 22:50:16,2026-03-19 22:50:24
2,Blocked,2026-03-19 22:50:11,2026-03-19 22:50:24
8,Down,2026-03-19 22:33:57,2026-03-19 22:50:32
7,Blocked,2026-03-19 22:38:13,2026-03-19 22:50:32
2,Running,2026-03-19 22:50:24,2026-03-19 22:51:18
2,Blocked,2026-03-19 22:51:18,2026-03-19 22:51:22
7,Running,2026-03-19 22:50:32,2026-03-19 22:51:38
9,Starved,2026-03-19 22:39:24,2026-03-19 22:51:39
7,Blocked,2026-03-19 22:51:38,2026-03-19 22:51:39
5,Running,2026-03-19 21:40:13,2026-03-19 22:51:40
2,Running,2026-03-19 22:51:22,2026-03-19 22:52:19
2,Blocked,2026-03-19 22:52:19,2026-03-19 22:52:29
1,Down,2026-03-19 22:48:03,2026-03-19 22:52:31
10,Starved,2026-03-19 22:40:27,2026-03-19 22:52:35
10,Running,2026-03-19 22:52:35,2026-03-19 22:53:35
11,Starved,2026-03-19 22:41:27,2026-03-19 22:53:35
10,Starved,2026-03-19 22:53:35,2026-03-19 22:53:37
6,Running,2026-03-19 21:41:15,2026-03-19 22:54:23
11,Running,2026-03-19 22:53:35,2026-03-19 22:54:39
12,Starved,2026-03-19 22:42:22,2026-03-19 22:54:39
11,Starved,2026-03-19 22:54:39,2026-03-19 22:54:44
3,Running,2026-03-19 22:50:24,2026-03-19 22:55:22
3,Blocked,2026-03-19 22:55:22,2026-03-19 22:55:27
12,Running,2026-03-19 22:54:39,2026-03-19 22:55:30
11,Running,2026-03-19 22:54:44,2026-03-19 22:55:35
12,Starved,2026-03-19 22:55:30,2026-03-19 22:55:35
11,Starved,2026-03-19 22:55:35,2026-03-19 22:55:39
3,Running,2026-03-19 22:55:27,2026-03-19 22:56:33
12,Running,2026-03-19 22:55:35,2026-03-19 22:56:37
2,Running,2026-03-19 22:52:29,2026-03-19 22:56:40
11,Running,2026-03-19 22:55:39,2026-03-19 22:56:42
12,Starved,2026-03-19 22:56:37,2026-03-19 22:56:42
11,Starved,2026-03-19 22:56:42,2026-03-19 22:56:42
3,Blocked,2026-03-19 22:56:33,2026-03-19 22:57:02
2,Blocked,2026-03-19 22:56:40,2026-03-19 22:57:02
2,Running,2026-03-19 22:57:02,2026-03-19 22:58:01
3,Running,2026-03-19 22:57:02,2026-03-19 22:58:02
3,Blocked,2026-03-19 22:58:02,2026-03-19 22:58:04
2,Blocked,2026-03-19 22:58:01,2026-03-19 22:58:04
11,Running,2026-03-19 22:56:42,2026-03-19 22:58:36
10,Running,2026-03-19 22:53:37,2026-03-19 22:58:39
11,Starved,2026-03-19 22:58:36,2026-03-19 22:58:39
10,Starved,2026-03-19 22:58:39,2026-03-19 22:58:46
3,Running,2026-03-19 22:58:04,2026-03-19 22:59:03
3,Blocked,2026-03-19 22:59:03,2026-03-19 22:59:05
11,Running,2026-03-19 22:58:39,2026-03-19 22:59:46
10,Running,2026-03-19 22:58:46,2026-03-19 22:59:47
11,Starved,2026-03-19 22:59:46,2026-03-19 22:59:47
10,Starved,2026-03-19 22:59:47,2026-03-19 22:59:52
3,Running,2026-03-19 22:59:05,2026-03-19 22:59:59
3,Blocked,2026-03-19 22:59:59,2026-03-19 23:00:02
11,Running,2026-03-19 22:59:47,2026-03-19 23:00:48
11,Starved,2026-03-19 23:00:48,2026-03-19 23:00:52
3,Running,2026-03-19 23:00:02,2026-03-19 23:00:58
3,Blocked,2026-03-19 23:00:58,2026-03-19 23:01:12
10,Running,2026-03-19 22:59:52,2026-03-19 23:01:48
10,Starved,2026-03-19 23:01:48,2026-03-19 23:01:54
3,Running,2026-03-19 23:01:12,2026-03-19 23:02:11
4,Running,2026-03-19 21:41:15,2026-03-19 23:02:16
2,Running,2026-03-19 22:58:04,2026-03-19 23:02:23
10,Running,2026-03-19 23:01:54,2026-03-19 23:02:52
10,Starved,2026-03-19 23:02:52,2026-03-19 23:03:05
12,Running,2026-03-19 22:56:42,2026-03-19 23:03:12
11,Running,2026-03-19 23:00:52,2026-03-19 23:03:51
10,Running,2026-03-19 23:03:05,2026-03-19 23:04:04
11,Starved,2026-03-19 23:03:51,2026-03-19 23:04:04
10,Starved,2026-03-19 23:04:04,2026-03-19 23:04:08
11,Running,2026-03-19 23:04:04,2026-03-19 23:04:55
10,Running,2026-03-19 23:04:08,2026-03-19 23:05:14
10,Starved,2026-03-19 23:05:14,2026-03-19 23:05:26
1,Running,2026-03-19 22:52:31,2026-03-19 23:05:47
10,Running,2026-03-19 23:05:26,2026-03-19 23:07:26
10,Starved,2026-03-19 23:07:26,2026-03-19 23:07:29
12,Down,2026-03-19 23:03:12,2026-03-19 23:08:27
11,Blocked,2026-03-19 23:04:55,2026-03-19 23:08:27
10,Running,2026-03-19 23:07:29,2026-03-19 23:08:34
10,Starved,2026-03-19 23:08:34,2026-03-19 23:08:39
10,Running,2026-03-19 23:08:39,2026-03-19 23:09:33
10,Starved,2026-03-19 23:09:33,2026-03-19 23:09:37
11,Running,2026-03-19 23:08:27,2026-03-19 23:10:20
11,Blocked,2026-03-19 23:10:20,2026-03-19 23:10:23
10,Running,2026-03-19 23:09:37,2026-03-19 23:10:40
10,Starved,2026-03-19 23:10:40,2026-03-19 23:10:44
11,Running,2026-03-19 23:10:23,2026-03-19 23:12:19
11,Blocked,2026-03-19 23:12:19,2026-03-19 23:12:29
5,Down,2026-03-19 22:51:40,2026-03-19 23:12:37
4,Blocked,2026-03-19 23:02:16,2026-03-19 23:12:37
3,Blocked,2026-03-19 23:02:11,2026-03-19 23:12:37
2,Blocked,2026-03-19 23:02:23,2026-03-19 23:12:37
1,Blocked,2026-03-19 23:05:47,2026-03-19 23:12:37
3,Running,2026-03-19 23:12:37,2026-03-19 23:13:27
2,Running,2026-03-19 23:12:37,2026-03-19 23:13:29
6,Starved,2026-03-19 22:54:23,2026-03-19 23:13:29
1,Running,2026-03-19 23:12:37,2026-03-19 23:13:40
3,Blocked,2026-03-19 23:13:27,2026-03-19 23:13:42
2,Blocked,2026-03-19 23:13:29,2026-03-19 23:13:42
1,Blocked,2026-03-19 23:13:40,2026-03-19 23:13:42
6,Running,2026-03-19 23:13:29,2026-03-19 23:14:15
11,Running,2026-03-19 23:12:29,2026-03-19 23:14:30
6,Starved,2026-03-19 23:14:15,2026-03-19 23:14:33
11,Blocked,2026-03-19 23:14:30,2026-03-19 23:14:35
1,Running,2026-03-19 23:13:42,2026-03-19 23:14:37
2,Running,2026-03-19 23:13:42,2026-03-19 23:14:40
2,Blocked,2026-03-19 23:14:40,2026-03-19 23:14:51
1,Blocked,2026-03-19 23:14:37,2026-03-19 23:14:51
1,Running,2026-03-19 23:14:51,2026-03-19 23:15:48
1,Blocked,2026-03-19 23:15:48,2026-03-19 23:15:49
11,Running,2026-03-19 23:14:35,2026-03-19 23:16:37
11,Blocked,2026-03-19 23:16:37,2026-03-19 23:16:43
1,Running,2026-03-19 23:15:49,2026-03-19 23:16:49
3,Running,2026-03-19 23:13:42,2026-03-19 23:16:53
2,Running,2026-03-19 23:14:51,2026-03-19 23:16:56
6,Running,2026-03-19 23:14:33,2026-03-19 23:17:30
6,Starved,2026-03-19 23:17:30,2026-03-19 23:17:32
6,Running,2026-03-19 23:17:32,2026-03-19 23:18:28
6,Starved,2026-03-19 23:18:28,2026-03-19 23:18:34
11,Running,2026-03-19 23:16:43,2026-03-19 23:18:49
11,Blocked,2026-03-19 23:18:49,2026-03-19 23:18:54
11,Running,2026-03-19 23:18:54,2026-03-19 23:19:49
11,Blocked,2026-03-19 23:19:49,2026-03-19 23:19:52
11,Running,2026-03-19 23:19:52,2026-03-19 23:20:46
11,Blocked,2026-03-19 23:20:46,2026-03-19 23:21:03
11,Running,2026-03-19 23:21:03,2026-03-19 23:22:04
11,Down,2026-03-19 23:22:04,2026-03-19 23:22:30
4,Running,2026-03-19 23:12:37,2026-03-19 23:22:35
10,Running,2026-03-19 23:10:44,2026-03-19 23:23:24
10,Starved,2026-03-19 23:23:24,2026-03-19 23:23:29
10,Running,2026-03-19 23:23:29,2026-03-19 23:24:27
10,Starved,2026-03-19 23:24:27,2026-03-19 23:24:30
10,Running,2026-03-19 23:24:30,2026-03-19 23:25:25
8,Running,2026-03-19 22:50:32,2026-03-19 23:25:33
3,Down,2026-03-19 23:16:53,2026-03-19 23:25:50
2,Blocked,2026-03-19 23:16:56,2026-03-19 23:25:50
1,Blocked,2026-03-19 23:16:49,2026-03-19 23:25:50
10,Starved,2026-03-19 23:25:25,2026-03-19 23:25:58
1,Running,2026-03-19 23:25:50,2026-03-19 23:26:42
2,Running,2026-03-19 23:25:50,2026-03-19 23:26:48
3,Running,2026-03-19 23:25:50,2026-03-19 23:26:55
4,Starved,2026-03-19 23:22:35,2026-03-19 23:26:55
9,Running,2026-03-19 22:51:39,2026-03-19 23:27:47
7,Running,2026-03-19 22:51:39,2026-03-19 23:28:08
4,Running,2026-03-19 23:26:55,2026-03-19 23:28:19
10,Running,2026-03-19 23:25:58,2026-03-19 23:29:02
5,Running,2026-03-19 23:12:37,2026-03-19 23:32:50
11,Running,2026-03-19 23:22:30,2026-03-19 23:33:01
3,Down,2026-03-19 23:26:55,2026-03-19 23:33:35
2,Blocked,2026-03-19 23:26:48,2026-03-19 23:33:35
1,Blocked,2026-03-19 23:26:42,2026-03-19 23:33:35
1,Running,2026-03-19 23:33:35,2026-03-19 23:34:24
4,Starved,2026-03-19 23:28:19,2026-03-19 23:34:29
12,Running,2026-03-19 23:08:27,2026-03-19 23:34:31
1,Blocked,2026-03-19 23:34:24,2026-03-19 23:34:39
6,Running,2026-03-19 23:18:34,2026-03-19 23:35:11
5,Starved,2026-03-19 23:32:50,2026-03-19 23:35:33
1,Running,2026-03-19 23:34:39,2026-03-19 23:35:34
1,Blocked,2026-03-19 23:35:34,2026-03-19 23:35:35
6,Starved,2026-03-19 23:35:11,2026-03-19 23:36:35
8,Down,2026-03-19 23:25:33,2026-03-19 23:37:19
7,Blocked,2026-03-19 23:28:08,2026-03-19 23:37:19
4,Running,2026-03-19 23:34:29,2026-03-19 23:38:13
4,Starved,2026-03-19 23:38:13,2026-03-19 23:38:14
9,Starved,2026-03-19 23:27:47,2026-03-19 23:38:21
9,Running,2026-03-19 23:38:21,2026-03-19 23:39:16
10,Starved,2026-03-19 23:29:02,2026-03-19 23:39:16
4,Running,2026-03-19 23:38:14,2026-03-19 23:39:17
2,Running,2026-03-19 23:33:35,2026-03-19 23:39:19
4,Starved,2026-03-19 23:39:17,2026-03-19 23:39:21
2,Blocked,2026-03-19 23:39:19,2026-03-19 23:39:21
9,Starved,2026-03-19 23:39:16,2026-03-19 23:39:22
10,Running,2026-03-19 23:39:16,2026-03-19 23:40:11
11,Starved,2026-03-19 23:33:01,2026-03-19 23:40:11
4,Running,2026-03-19 23:39:21,2026-03-19 23:40:18
2,Running,2026-03-19 23:39:21,2026-03-19 23:40:18
4,Starved,2026-03-19 23:40:18,2026-03-19 23:40:21
2,Blocked,2026-03-19 23:40:18,2026-03-19 23:40:21
10,Starved,2026-03-19 23:40:11,2026-03-19 23:40:33
11,Running,2026-03-19 23:40:11,2026-03-19 23:41:13
12,Starved,2026-03-19 23:34:31,2026-03-19 23:41:13
5,Running,2026-03-19 23:35:33,2026-03-19 23:41:14
5,Starved,2026-03-19 23:41:14,2026-03-19 23:41:36
11,Starved,2026-03-19 23:41:13,2026-03-19 23:41:36
12,Running,2026-03-19 23:41:13,2026-03-19 23:42:06
11,Running,2026-03-19 23:41:36,2026-03-19 23:42:31
12,Starved,2026-03-19 23:42:06,2026-03-19 23:42:31
10,Running,2026-03-19 23:40:33,2026-03-19 23:42:37
11,Starved,2026-03-19 23:42:31,2026-03-19 23:42:37
5,Running,2026-03-19 23:41:36,2026-03-19 23:42:43
5,Starved,2026-03-19 23:42:43,2026-03-19 23:42:56
10,Starved,2026-03-19 23:42:37,2026-03-19 23:42:57
12,Running,2026-03-19 23:42:31,2026-03-19 23:43:26
11,Running,2026-03-19 23:42:37,2026-03-19 23:43:27
12,Starved,2026-03-19 23:43:26,2026-03-19 23:43:27
6,Running,2026-03-19 23:36:35,2026-03-19 23:43:42
5,Running,2026-03-19 23:42:56,2026-03-19 23:43:49
10,Running,2026-03-19 23:42:57,2026-03-19 23:43:53
11,Starved,2026-03-19 23:43:27,2026-03-19 23:43:53
5,Starved,2026-03-19 23:43:49,2026-03-19 23:43:59
10,Starved,2026-03-19 23:43:53,2026-03-19 23:44:16
12,Running,2026-03-19 23:43:27,2026-03-19 23:44:33
11,Running,2026-03-19 23:43:53,2026-03-19 23:44:53
12,Starved,2026-03-19 23:44:33,2026-03-19 23:44:53
10,Running,2026-03-19 23:44:16,2026-03-19 23:45:13
11,Starved,2026-03-19 23:44:53,2026-03-19 23:45:13
10,Starved,2026-03-19 23:45:13,2026-03-19 23:45:35
12,Running,2026-03-19 23:44:53,2026-03-19 23:45:54
5,Running,2026-03-19 23:43:59,2026-03-19 23:45:58
5,Starved,2026-03-19 23:45:58,2026-03-19 23:46:21
11,Running,2026-03-19 23:45:13,2026-03-19 23:46:28
12,Starved,2026-03-19 23:45:54,2026-03-19 23:46:28
6,Down,2026-03-19 23:43:42,2026-03-19 23:46:46
11,Starved,2026-03-19 23:46:28,2026-03-19 23:46:48
12,Running,2026-03-19 23:46:28,2026-03-19 23:47:18
12,Starved,2026-03-19 23:47:18,2026-03-19 23:47:49
10,Running,2026-03-19 23:45:35,2026-03-19 23:48:36
10,Starved,2026-03-19 23:48:36,2026-03-19 23:48:53
11,Running,2026-03-19 23:46:48,2026-03-19 23:49:31
11,Starved,2026-03-19 23:49:31,2026-03-19 23:49:52
10,Running,2026-03-19 23:48:53,2026-03-19 23:50:53
12,Running,2026-03-19 23:47:49,2026-03-19 23:50:54
12,Starved,2026-03-19 23:50:54,2026-03-19 23:50:55
10,Starved,2026-03-19 23:50:53,2026-03-19 23:51:07
5,Running,2026-03-19 23:46:21,2026-03-19 23:51:18
11,Running,2026-03-19 23:49:52,2026-03-19 23:51:50
5,Starved,2026-03-19 23:51:18,2026-03-19 23:51:51
11,Starved,2026-03-19 23:51:50,2026-03-19 23:52:10
5,Running,2026-03-19 23:51:51,2026-03-19 23:52:44
12,Running,2026-03-19 23:50:55,2026-03-19 23:52:52
5,Starved,2026-03-19 23:52:44,2026-03-19 23:53:06
11,Running,2026-03-19 23:52:10,2026-03-19 23:53:08
12,Starved,2026-03-19 23:52:52,2026-03-19 23:53:08
11,Starved,2026-03-19 23:53:08,2026-03-19 23:53:09
12,Running,2026-03-19 23:53:08,2026-03-19 23:54:06
5,Running,2026-03-19 23:53:06,2026-03-19 23:54:07
2,Running,2026-03-19 23:40:21,2026-03-19 23:54:09
11,Running,2026-03-19 23:53:09,2026-03-19 23:54:11
12,Starved,2026-03-19 23:54:06,2026-03-19 23:54:11
11,Starved,2026-03-19 23:54:11,2026-03-19 23:54:13
5,Starved,2026-03-19 23:54:07,2026-03-19 23:54:15
2,Blocked,2026-03-19 23:54:09,2026-03-19 23:54:15
12,Running,2026-03-19 23:54:11,2026-03-19 23:55:07
10,Running,2026-03-19 23:51:07,2026-03-19 23:55:10
12,Starved,2026-03-19 23:55:07,2026-03-19 23:55:13
10,Starved,2026-03-19 23:55:10,2026-03-19 23:55:25
11,Running,2026-03-19 23:54:13,2026-03-19 23:56:04
5,Running,2026-03-19 23:54:15,2026-03-19 23:56:15
10,Running,2026-03-19 23:55:25,2026-03-19 23:56:23
11,Starved,2026-03-19 23:56:04,2026-03-19 23:56:23
10,Starved,2026-03-19 23:56:23,2026-03-19 23:56:28
5,Starved,2026-03-19 23:56:15,2026-03-19 23:56:35
12,Running,2026-03-19 23:55:13,2026-03-19 23:57:20
11,Running,2026-03-19 23:56:23,2026-03-19 23:57:24
12,Starved,2026-03-19 23:57:20,2026-03-19 23:57:24
11,Starved,2026-03-19 23:57:24,2026-03-19 23:57:30
12,Running,2026-03-19 23:57:24,2026-03-19 23:58:18
10,Running,2026-03-19 23:56:28,2026-03-19 23:58:30
10,Starved,2026-03-19 23:58:30,2026-03-19 23:58:35
12,Starved,2026-03-19 23:58:18,2026-03-19 23:58:39
5,Running,2026-03-19 23:56:35,2026-03-19 23:58:47
5,Starved,2026-03-19 23:58:47,2026-03-19 23:58:51
11,Running,2026-03-19 23:57:30,2026-03-19 23:59:34
11,Starved,2026-03-19 23:59:34,2026-03-19 23:59:47
5,Running,2026-03-19 23:58:51,2026-03-19 23:59:56
5,Starved,2026-03-19 23:59:56,2026-03-20 00:00:15
12,Running,2026-03-19 23:58:39,2026-03-20 00:00:44
12,Starved,2026-03-20 00:00:44,2026-03-20 00:00:52
5,Running,2026-03-20 00:00:15,2026-03-20 00:01:13
5,Starved,2026-03-20 00:01:13,2026-03-20 00:01:14
6,Running,2026-03-19 23:46:46,2026-03-20 00:02:21
6,Starved,2026-03-20 00:02:21,2026-03-20 00:02:22
5,Running,2026-03-20 00:01:14,2026-03-20 00:03:16
5,Starved,2026-03-20 00:03:16,2026-03-20 00:03:18
5,Running,2026-03-20 00:03:18,2026-03-20 00:04:16
5,Starved,2026-03-20 00:04:16,2026-03-20 00:04:21
11,Running,2026-03-19 23:59:47,2026-03-20 00:04:53
11,Starved,2026-03-20 00:04:53,2026-03-20 00:04:56
5,Running,2026-03-20 00:04:21,2026-03-20 00:05:14
5,Starved,2026-03-20 00:05:14,2026-03-20 00:05:27
11,Running,2026-03-20 00:04:56,2026-03-20 00:05:44
11,Starved,2026-03-20 00:05:44,2026-03-20 00:05:48
3,Running,2026-03-19 23:33:35,2026-03-20 00:06:19
3,Blocked,2026-03-20 00:06:19,2026-03-20 00:06:24
11,Running,2026-03-20 00:05:48,2026-03-20 00:08:03
5,Running,2026-03-20 00:05:27,2026-03-20 00:08:26
3,Running,2026-03-20 00:06:24,2026-03-20 00:08:35
5,Starved,2026-03-20 00:08:26,2026-03-20 00:08:54
3,Blocked,2026-03-20 00:08:35,2026-03-20 00:08:54
11,Down,2026-03-20 00:08:03,2026-03-20 00:09:02
12,Running,2026-03-20 00:00:52,2026-03-20 00:09:20
6,Running,2026-03-20 00:02:22,2026-03-20 00:09:38
5,Running,2026-03-20 00:08:54,2026-03-20 00:09:44
6,Starved,2026-03-20 00:09:38,2026-03-20 00:09:44
10,Running,2026-03-19 23:58:35,2026-03-20 00:09:45
10,Starved,2026-03-20 00:09:45,2026-03-20 00:09:49
2,Running,2026-03-19 23:54:15,2026-03-20 00:09:55
3,Running,2026-03-20 00:08:54,2026-03-20 00:09:56
5,Starved,2026-03-20 00:09:44,2026-03-20 00:10:00
3,Blocked,2026-03-20 00:09:56,2026-03-20 00:10:00
2,Blocked,2026-03-20 00:09:55,2026-03-20 00:10:00
6,Running,2026-03-20 00:09:44,2026-03-20 00:10:40
2,Running,2026-03-20 00:10:00,2026-03-20 00:10:48
10,Running,2026-03-20 00:09:49,2026-03-20 00:10:56
2,Blocked,2026-03-20 00:10:48,2026-03-20 00:11:03
6,Starved,2026-03-20 00:10:40,2026-03-20 00:11:03
10,Starved,2026-03-20 00:10:56,2026-03-20 00:11:07
3,Running,2026-03-20 00:10:00,2026-03-20 00:11:55
5,Running,2026-03-20 00:10:00,2026-03-20 00:11:56
11,Running,2026-03-20 00:09:02,2026-03-20 00:11:56
2,Running,2026-03-20 00:11:03,2026-03-20 00:12:00
5,Starved,2026-03-20 00:11:56,2026-03-20 00:12:03
3,Blocked,2026-03-20 00:11:55,2026-03-20 00:12:03
2,Blocked,2026-03-20 00:12:00,2026-03-20 00:12:03
6,Running,2026-03-20 00:11:03,2026-03-20 00:12:57
2,Running,2026-03-20 00:12:03,2026-03-20 00:12:59
5,Running,2026-03-20 00:12:03,2026-03-20 00:13:05
6,Starved,2026-03-20 00:12:57,2026-03-20 00:13:05
3,Running,2026-03-20 00:12:03,2026-03-20 00:13:05
5,Starved,2026-03-20 00:13:05,2026-03-20 00:13:15
3,Blocked,2026-03-20 00:13:05,2026-03-20 00:13:15
2,Blocked,2026-03-20 00:12:59,2026-03-20 00:13:15
12,Down,2026-03-20 00:09:20,2026-03-20 00:13:17
11,Blocked,2026-03-20 00:11:56,2026-03-20 00:13:17
6,Running,2026-03-20 00:13:05,2026-03-20 00:14:01
3,Running,2026-03-20 00:13:15,2026-03-20 00:14:09
11,Running,2026-03-20 00:13:17,2026-03-20 00:14:15
5,Running,2026-03-20 00:13:15,2026-03-20 00:14:18
6,Starved,2026-03-20 00:14:01,2026-03-20 00:14:18
11,Blocked,2026-03-20 00:14:15,2026-03-20 00:14:19
2,Running,2026-03-20 00:13:15,2026-03-20 00:14:20
5,Starved,2026-03-20 00:14:18,2026-03-20 00:14:28
3,Blocked,2026-03-20 00:14:09,2026-03-20 00:14:28
2,Blocked,2026-03-20 00:14:20,2026-03-20 00:14:28
6,Running,2026-03-20 00:14:18,2026-03-20 00:15:16
6,Starved,2026-03-20 00:15:16,2026-03-20 00:15:27
2,Running,2026-03-20 00:14:28,2026-03-20 00:15:36
2,Blocked,2026-03-20 00:15:36,2026-03-20 00:15:43
6,Running,2026-03-20 00:15:27,2026-03-20 00:16:22
6,Starved,2026-03-20 00:16:22,2026-03-20 00:16:29
1,Running,2026-03-19 23:35:35,2026-03-20 00:16:44
1,Blocked,2026-03-20 00:16:44,2026-03-20 00:16:58
5,Running,2026-03-20 00:14:28,2026-03-20 00:18:19
5,Starved,2026-03-20 00:18:19,2026-03-20 00:18:19
1,Running,2026-03-20 00:16:58,2026-03-20 00:18:58
1,Blocked,2026-03-20 00:18:58,2026-03-20 00:19:04
5,Running,2026-03-20 00:18:19,2026-03-20 00:19:18
3,Running,2026-03-20 00:14:28,2026-03-20 00:19:42
5,Starved,2026-03-20 00:19:18,2026-03-20 00:19:42
3,Blocked,2026-03-20 00:19:42,2026-03-20 00:19:42
11,Running,2026-03-20 00:14:19,2026-03-20 00:20:19
11,Blocked,2026-03-20 00:20:19,2026-03-20 00:20:20
6,Running,2026-03-20 00:16:29,2026-03-20 00:20:36
3,Running,2026-03-20 00:19:42,2026-03-20 00:20:36
3,Blocked,2026-03-20 00:20:36,2026-03-20 00:20:41
6,Starved,2026-03-20 00:20:36,2026-03-20 00:20:51
11,Running,2026-03-20 00:20:20,2026-03-20 00:21:14
11,Blocked,2026-03-20 00:21:14,2026-03-20 00:21:29
3,Running,2026-03-20 00:20:41,2026-03-20 00:21:39
6,Running,2026-03-20 00:20:51,2026-03-20 00:21:44
3,Blocked,2026-03-20 00:21:39,2026-03-20 00:21:49
6,Starved,2026-03-20 00:21:44,2026-03-20 00:21:53
2,Running,2026-03-20 00:15:43,2026-03-20 00:22:57
2,Blocked,2026-03-20 00:22:57,2026-03-20 00:23:01
8,Running,2026-03-19 23:37:19,2026-03-20 00:23:26
2,Running,2026-03-20 00:23:01,2026-03-20 00:23:50
5,Running,2026-03-20 00:19:42,2026-03-20 00:23:52
3,Running,2026-03-20 00:21:49,2026-03-20 00:23:58
5,Starved,2026-03-20 00:23:52,2026-03-20 00:23:59
3,Blocked,2026-03-20 00:23:58,2026-03-20 00:23:59
2,Blocked,2026-03-20 00:23:50,2026-03-20 00:23:59
6,Running,2026-03-20 00:21:53,2026-03-20 00:24:49
6,Starved,2026-03-20 00:24:49,2026-03-20 00:25:01
8,Down,2026-03-20 00:23:26,2026-03-20 00:26:28
9,Running,2026-03-19 23:39:22,2026-03-20 00:26:58
6,Running,2026-03-20 00:25:01,2026-03-20 00:27:04
6,Starved,2026-03-20 00:27:04,2026-03-20 00:27:07
9,Starved,2026-03-20 00:26:58,2026-03-20 00:27:27
6,Running,2026-03-20 00:27:07,2026-03-20 00:27:57
6,Starved,2026-03-20 00:27:57,2026-03-20 00:28:09
10,Running,2026-03-20 00:11:07,2026-03-20 00:28:28
10,Starved,2026-03-20 00:28:28,2026-03-20 00:28:35
2,Running,2026-03-20 00:23:59,2026-03-20 00:28:50
2,Blocked,2026-03-20 00:28:50,2026-03-20 00:28:54
6,Running,2026-03-20 00:28:09,2026-03-20 00:29:07
6,Starved,2026-03-20 00:29:07,2026-03-20 00:29:08
3,Running,2026-03-20 00:23:59,2026-03-20 00:29:54
2,Running,2026-03-20 00:28:54,2026-03-20 00:29:56
3,Blocked,2026-03-20 00:29:54,2026-03-20 00:29:56
2,Blocked,2026-03-20 00:29:56,2026-03-20 00:29:56
11,Running,2026-03-20 00:21:29,2026-03-20 00:30:26
11,Blocked,2026-03-20 00:30:26,2026-03-20 00:30:27
2,Running,2026-03-20 00:29:56,2026-03-20 00:30:55
2,Blocked,2026-03-20 00:30:55,2026-03-20 00:30:56
10,Running,2026-03-20 00:28:35,2026-03-20 00:31:30
10,Starved,2026-03-20 00:31:30,2026-03-20 00:31:52
2,Running,2026-03-20 00:30:56,2026-03-20 00:31:54
5,Running,2026-03-20 00:23:59,2026-03-20 00:31:55
3,Running,2026-03-20 00:29:56,2026-03-20 00:32:02
1,Running,2026-03-20 00:19:04,2026-03-20 00:32:06
5,Starved,2026-03-20 00:31:55,2026-03-20 00:32:11
3,Blocked,2026-03-20 00:32:02,2026-03-20 00:32:11
2,Blocked,2026-03-20 00:31:54,2026-03-20 00:32:11
1,Blocked,2026-03-20 00:32:06,2026-03-20 00:32:11
10,Running,2026-03-20 00:31:52,2026-03-20 00:32:51
3,Running,2026-03-20 00:32:11,2026-03-20 00:33:03
1,Running,2026-03-20 00:32:11,2026-03-20 00:33:04
11,Running,2026-03-20 00:30:27,2026-03-20 00:33:11
10,Starved,2026-03-20 00:32:51,2026-03-20 00:33:11
5,Running,2026-03-20 00:32:11,2026-03-20 00:33:14
11,Blocked,2026-03-20 00:33:11,2026-03-20 00:33:19
2,Running,2026-03-20 00:32:11,2026-03-20 00:33:22
5,Starved,2026-03-20 00:33:14,2026-03-20 00:33:46
3,Blocked,2026-03-20 00:33:03,2026-03-20 00:33:46
2,Blocked,2026-03-20 00:33:22,2026-03-20 00:33:46
1,Blocked,2026-03-20 00:33:04,2026-03-20 00:33:46
11,Running,2026-03-20 00:33:19,2026-03-20 00:34:15
11,Blocked,2026-03-20 00:34:15,2026-03-20 00:34:19
6,Running,2026-03-20 00:29:08,2026-03-20 00:34:20
1,Running,2026-03-20 00:33:46,2026-03-20 00:34:37
2,Running,2026-03-20 00:33:46,2026-03-20 00:34:38
5,Running,2026-03-20 00:33:46,2026-03-20 00:34:49
6,Starved,2026-03-20 00:34:20,2026-03-20 00:34:49
3,Running,2026-03-20 00:33:46,2026-03-20 00:34:54
10,Running,2026-03-20 00:33:11,2026-03-20 00:35:12
10,Starved,2026-03-20 00:35:12,2026-03-20 00:35:13
5,Starved,2026-03-20 00:34:49,2026-03-20 00:35:19
3,Blocked,2026-03-20 00:34:54,2026-03-20 00:35:19
2,Blocked,2026-03-20 00:34:38,2026-03-20 00:35:19
1,Blocked,2026-03-20 00:34:37,2026-03-20 00:35:19
6,Running,2026-03-20 00:34:49,2026-03-20 00:35:54
2,Running,2026-03-20 00:35:19,2026-03-20 00:36:13
1,Running,2026-03-20 00:35:19,2026-03-20 00:36:18
2,Blocked,2026-03-20 00:36:13,2026-03-20 00:36:21
1,Blocked,2026-03-20 00:36:18,2026-03-20 00:36:21
6,Starved,2026-03-20 00:35:54,2026-03-20 00:36:24
10,Running,2026-03-20 00:35:13,2026-03-20 00:37:06
10,Starved,2026-03-20 00:37:06,2026-03-20 00:37:15
11,Running,2026-03-20 00:34:19,2026-03-20 00:37:20
2,Running,2026-03-20 00:36:21,2026-03-20 00:37:21
11,Blocked,2026-03-20 00:37:20,2026-03-20 00:37:22
2,Blocked,2026-03-20 00:37:21,2026-03-20 00:37:27
5,Running,2026-03-20 00:35:19,2026-03-20 00:38:19
11,Running,2026-03-20 00:37:22,2026-03-20 00:38:21
11,Blocked,2026-03-20 00:38:21,2026-03-20 00:38:21
3,Running,2026-03-20 00:35:19,2026-03-20 00:38:22
5,Starved,2026-03-20 00:38:19,2026-03-20 00:38:25
3,Blocked,2026-03-20 00:38:22,2026-03-20 00:38:25
10,Running,2026-03-20 00:37:15,2026-03-20 00:39:15
10,Starved,2026-03-20 00:39:15,2026-03-20 00:39:15
3,Running,2026-03-20 00:38:25,2026-03-20 00:40:14
5,Running,2026-03-20 00:38:25,2026-03-20 00:40:18
5,Starved,2026-03-20 00:40:18,2026-03-20 00:40:27
3,Blocked,2026-03-20 00:40:14,2026-03-20 00:40:27
10,Running,2026-03-20 00:39:15,2026-03-20 00:41:17
10,Starved,2026-03-20 00:41:17,2026-03-20 00:41:20
3,Running,2026-03-20 00:40:27,2026-03-20 00:41:21
5,Running,2026-03-20 00:40:27,2026-03-20 00:41:26
2,Running,2026-03-20 00:37:27,2026-03-20 00:41:50
5,Starved,2026-03-20 00:41:26,2026-03-20 00:41:55
3,Blocked,2026-03-20 00:41:21,2026-03-20 00:41:55
2,Blocked,2026-03-20 00:41:50,2026-03-20 00:41:55
11,Running,2026-03-20 00:38:21,2026-03-20 00:42:18
10,Running,2026-03-20 00:41:20,2026-03-20 00:42:22
10,Starved,2026-03-20 00:42:22,2026-03-20 00:42:22
6,Running,2026-03-20 00:36:24,2026-03-20 00:42:27
2,Running,2026-03-20 00:41:55,2026-03-20 00:42:48
6,Starved,2026-03-20 00:42:27,2026-03-20 00:42:51
1,Running,2026-03-20 00:36:21,2026-03-20 00:42:53
2,Blocked,2026-03-20 00:42:48,2026-03-20 00:42:55
1,Blocked,2026-03-20 00:42:53,2026-03-20 00:42:55
10,Running,2026-03-20 00:42:22,2026-03-20 00:43:22
10,Starved,2026-03-20 00:43:22,2026-03-20 00:43:25
5,Running,2026-03-20 00:41:55,2026-03-20 00:43:45
5,Starved,2026-03-20 00:43:45,2026-03-20 00:43:48
10,Running,2026-03-20 00:43:25,2026-03-20 00:44:25
10,Starved,2026-03-20 00:44:25,2026-03-20 00:44:26
6,Running,2026-03-20 00:42:51,2026-03-20 00:44:49
5,Running,2026-03-20 00:43:48,2026-03-20 00:44:50
6,Starved,2026-03-20 00:44:49,2026-03-20 00:44:50
2,Running,2026-03-20 00:42:55,2026-03-20 00:44:52
1,Running,2026-03-20 00:42:55,2026-03-20 00:44:53
5,Starved,2026-03-20 00:44:50,2026-03-20 00:44:57
2,Blocked,2026-03-20 00:44:52,2026-03-20 00:44:59
1,Blocked,2026-03-20 00:44:53,2026-03-20 00:44:59
12,Running,2026-03-20 00:13:17,2026-03-20 00:45:09
5,Running,2026-03-20 00:44:57,2026-03-20 00:45:45
1,Running,2026-03-20 00:44:59,2026-03-20 00:45:55
5,Starved,2026-03-20 00:45:45,2026-03-20 00:46:02
1,Blocked,2026-03-20 00:45:55,2026-03-20 00:46:08
10,Running,2026-03-20 00:44:26,2026-03-20 00:46:20
10,Starved,2026-03-20 00:46:20,2026-03-20 00:46:31
6,Running,2026-03-20 00:44:50,2026-03-20 00:46:52
6,Starved,2026-03-20 00:46:52,2026-03-20 00:47:01
1,Running,2026-03-20 00:46:08,2026-03-20 00:47:09
1,Blocked,2026-03-20 00:47:09,2026-03-20 00:47:17
11,Down,2026-03-20 00:42:18,2026-03-20 00:47:48
3,Running,2026-03-20 00:41:55,2026-03-20 00:48:45
12,Starved,2026-03-20 00:45:09,2026-03-20 00:48:48
6,Running,2026-03-20 00:47:01,2026-03-20 00:48:49
3,Blocked,2026-03-20 00:48:45,2026-03-20 00:48:50
6,Starved,2026-03-20 00:48:49,2026-03-20 00:48:52
1,Running,2026-03-20 00:47:17,2026-03-20 00:49:13
1,Blocked,2026-03-20 00:49:13,2026-03-20 00:49:21
10,Running,2026-03-20 00:46:31,2026-03-20 00:49:24
10,Starved,2026-03-20 00:49:24,2026-03-20 00:49:30
12,Running,2026-03-20 00:48:48,2026-03-20 00:49:43
5,Running,2026-03-20 00:46:02,2026-03-20 00:49:44
3,Running,2026-03-20 00:48:50,2026-03-20 00:49:50
12,Starved,2026-03-20 00:49:43,2026-03-20 00:49:57
5,Starved,2026-03-20 00:49:44,2026-03-20 00:49:57
3,Blocked,2026-03-20 00:49:50,2026-03-20 00:49:57
1,Running,2026-03-20 00:49:21,2026-03-20 00:50:16
1,Blocked,2026-03-20 00:50:16,2026-03-20 00:50:20
10,Running,2026-03-20 00:49:30,2026-03-20 00:50:32
6,Running,2026-03-20 00:48:52,2026-03-20 00:50:46
3,Running,2026-03-20 00:49:57,2026-03-20 00:50:53
10,Starved,2026-03-20 00:50:32,2026-03-20 00:50:56
12,Running,2026-03-20 00:49:57,2026-03-20 00:50:58
12,Starved,2026-03-20 00:50:58,2026-03-20 00:50:59
5,Running,2026-03-20 00:49:57,2026-03-20 00:51:02
6,Starved,2026-03-20 00:50:46,2026-03-20 00:51:02
2,Running,2026-03-20 00:44:59,2026-03-20 00:51:16
1,Running,2026-03-20 00:50:20,2026-03-20 00:51:22
5,Starved,2026-03-20 00:51:02,2026-03-20 00:51:25
3,Blocked,2026-03-20 00:50:53,2026-03-20 00:51:25
2,Blocked,2026-03-20 00:51:16,2026-03-20 00:51:25
1,Blocked,2026-03-20 00:51:22,2026-03-20 00:51:25
10,Running,2026-03-20 00:50:56,2026-03-20 00:51:59
12,Running,2026-03-20 00:50:59,2026-03-20 00:51:59
10,Starved,2026-03-20 00:51:59,2026-03-20 00:52:04
6,Running,2026-03-20 00:51:02,2026-03-20 00:52:18
3,Running,2026-03-20 00:51:25,2026-03-20 00:52:21
3,Blocked,2026-03-20 00:52:21,2026-03-20 00:52:22
1,Running,2026-03-20 00:51:25,2026-03-20 00:52:23
1,Blocked,2026-03-20 00:52:23,2026-03-20 00:52:25
12,Down,2026-03-20 00:51:59,2026-03-20 00:52:27
6,Starved,2026-03-20 00:52:18,2026-03-20 00:52:31
10,Running,2026-03-20 00:52:04,2026-03-20 00:53:04
10,Starved,2026-03-20 00:53:04,2026-03-20 00:53:06
5,Running,2026-03-20 00:51:25,2026-03-20 00:53:26
3,Running,2026-03-20 00:52:22,2026-03-20 00:53:28
1,Running,2026-03-20 00:52:25,2026-03-20 00:53:28
2,Running,2026-03-20 00:51:25,2026-03-20 00:53:33
5,Starved,2026-03-20 00:53:26,2026-03-20 00:53:37
3,Blocked,2026-03-20 00:53:28,2026-03-20 00:53:37
2,Blocked,2026-03-20 00:53:33,2026-03-20 00:53:37
1,Blocked,2026-03-20 00:53:28,2026-03-20 00:53:37
10,Running,2026-03-20 00:53:06,2026-03-20 00:54:06
10,Starved,2026-03-20 00:54:06,2026-03-20 00:54:12
5,Running,2026-03-20 00:53:37,2026-03-20 00:54:26
1,Running,2026-03-20 00:53:37,2026-03-20 00:54:32
5,Starved,2026-03-20 00:54:26,2026-03-20 00:54:36
1,Blocked,2026-03-20 00:54:32,2026-03-20 00:54:44
6,Running,2026-03-20 00:52:31,2026-03-20 00:55:29
6,Starved,2026-03-20 00:55:29,2026-03-20 00:55:41
6,Running,2026-03-20 00:55:41,2026-03-20 00:56:35
2,Running,2026-03-20 00:53:37,2026-03-20 00:56:39
3,Running,2026-03-20 00:53:37,2026-03-20 00:56:40
8,Running,2026-03-20 00:26:28,2026-03-20 00:56:46
5,Running,2026-03-20 00:54:36,2026-03-20 00:56:46
6,Starved,2026-03-20 00:56:35,2026-03-20 00:56:46
5,Starved,2026-03-20 00:56:46,2026-03-20 00:56:49
3,Blocked,2026-03-20 00:56:40,2026-03-20 00:56:49
2,Blocked,2026-03-20 00:56:39,2026-03-20 00:56:49
2,Running,2026-03-20 00:56:49,2026-03-20 00:57:43
6,Running,2026-03-20 00:56:46,2026-03-20 00:57:44
3,Running,2026-03-20 00:56:49,2026-03-20 00:57:47
5,Running,2026-03-20 00:56:49,2026-03-20 00:57:48
6,Starved,2026-03-20 00:57:44,2026-03-20 00:57:48
5,Starved,2026-03-20 00:57:48,2026-03-20 00:57:55
3,Blocked,2026-03-20 00:57:47,2026-03-20 00:57:55
2,Blocked,2026-03-20 00:57:43,2026-03-20 00:57:55
8,Down,2026-03-20 00:56:46,2026-03-20 00:58:43
6,Running,2026-03-20 00:57:48,2026-03-20 00:58:46
2,Running,2026-03-20 00:57:55,2026-03-20 00:58:47
5,Running,2026-03-20 00:57:55,2026-03-20 00:58:53
6,Starved,2026-03-20 00:58:46,2026-03-20 00:58:53
3,Running,2026-03-20 00:57:55,2026-03-20 00:58:55
1,Running,2026-03-20 00:54:44,2026-03-20 00:58:55
5,Starved,2026-03-20 00:58:53,2026-03-20 00:59:07
3,Blocked,2026-03-20 00:58:55,2026-03-20 00:59:07
2,Blocked,2026-03-20 00:58:47,2026-03-20 00:59:07
1,Blocked,2026-03-20 00:58:55,2026-03-20 00:59:07
9,Running,2026-03-20 00:27:27,2026-03-20 00:59:09
9,Starved,2026-03-20 00:59:09,2026-03-20 00:59:42
6,Running,2026-03-20 00:58:53,2026-03-20 01:00:02
3,Running,2026-03-20 00:59:07,2026-03-20 01:00:02
2,Running,2026-03-20 00:59:07,2026-03-20 01:00:06
3,Blocked,2026-03-20 01:00:02,2026-03-20 01:00:07
2,Blocked,2026-03-20 01:00:06,2026-03-20 01:00:07
6,Starved,2026-03-20 01:00:02,2026-03-20 01:00:07
10,Running,2026-03-20 00:54:12,2026-03-20 01:00:29
10,Starved,2026-03-20 01:00:29,2026-03-20 01:00:47
3,Running,2026-03-20 01:00:07,2026-03-20 01:01:01
5,Running,2026-03-20 00:59:07,2026-03-20 01:01:03
2,Running,2026-03-20 01:00:07,2026-03-20 01:01:05
5,Starved,2026-03-20 01:01:03,2026-03-20 01:01:11
3,Blocked,2026-03-20 01:01:01,2026-03-20 01:01:11
2,Blocked,2026-03-20 01:01:05,2026-03-20 01:01:11
6,Running,2026-03-20 01:00:07,2026-03-20 01:02:03
5,Running,2026-03-20 01:01:11,2026-03-20 01:02:04
6,Starved,2026-03-20 01:02:03,2026-03-20 01:02:04
2,Running,2026-03-20 01:01:11,2026-03-20 01:02:08
3,Running,2026-03-20 01:01:11,2026-03-20 01:02:11
1,Running,2026-03-20 00:59:07,2026-03-20 01:02:12
12,Running,2026-03-20 00:52:27,2026-03-20 01:02:21
12,Starved,2026-03-20 01:02:21,2026-03-20 01:02:24
5,Starved,2026-03-20 01:02:04,2026-03-20 01:02:38
3,Blocked,2026-03-20 01:02:11,2026-03-20 01:02:38
2,Blocked,2026-03-20 01:02:08,2026-03-20 01:02:38
1,Blocked,2026-03-20 01:02:12,2026-03-20 01:02:38
6,Running,2026-03-20 01:02:04,2026-03-20 01:03:03
10,Running,2026-03-20 01:00:47,2026-03-20 01:03:07
10,Starved,2026-03-20 01:03:07,2026-03-20 01:03:08
2,Running,2026-03-20 01:02:38,2026-03-20 01:03:32
1,Running,2026-03-20 01:02:38,2026-03-20 01:03:33
2,Blocked,2026-03-20 01:03:32,2026-03-20 01:03:40
1,Blocked,2026-03-20 01:03:33,2026-03-20 01:03:40
6,Starved,2026-03-20 01:03:03,2026-03-20 01:03:43
10,Running,2026-03-20 01:03:08,2026-03-20 01:04:00
10,Starved,2026-03-20 01:04:00,2026-03-20 01:04:04
3,Running,2026-03-20 01:02:38,2026-03-20 01:04:35
1,Running,2026-03-20 01:03:40,2026-03-20 01:04:35
2,Running,2026-03-20 01:03:40,2026-03-20 01:04:42
3,Blocked,2026-03-20 01:04:35,2026-03-20 01:04:44
2,Blocked,2026-03-20 01:04:42,2026-03-20 01:04:44
1,Blocked,2026-03-20 01:04:35,2026-03-20 01:04:44
6,Running,2026-03-20 01:03:43,2026-03-20 01:04:46
6,Starved,2026-03-20 01:04:46,2026-03-20 01:04:51
10,Running,2026-03-20 01:04:04,2026-03-20 01:05:00
10,Starved,2026-03-20 01:05:00,2026-03-20 01:05:06
2,Running,2026-03-20 01:04:44,2026-03-20 01:05:36
1,Running,2026-03-20 01:04:44,2026-03-20 01:05:40
2,Blocked,2026-03-20 01:05:36,2026-03-20 01:05:49
1,Blocked,2026-03-20 01:05:40,2026-03-20 01:05:49
10,Running,2026-03-20 01:05:06,2026-03-20 01:07:14
10,Starved,2026-03-20 01:07:14,2026-03-20 01:07:27
1,Running,2026-03-20 01:05:49,2026-03-20 01:07:55
1,Blocked,2026-03-20 01:07:55,2026-03-20 01:07:57
10,Running,2026-03-20 01:07:27,2026-03-20 01:08:27
10,Starved,2026-03-20 01:08:27,2026-03-20 01:08:28
3,Running,2026-03-20 01:04:44,2026-03-20 01:08:40
5,Running,2026-03-20 01:02:38,2026-03-20 01:08:47
1,Running,2026-03-20 01:07:57,2026-03-20 01:08:49
2,Running,2026-03-20 01:05:49,2026-03-20 01:09:05
5,Starved,2026-03-20 01:08:47,2026-03-20 01:09:16
3,Blocked,2026-03-20 01:08:40,2026-03-20 01:09:16
2,Blocked,2026-03-20 01:09:05,2026-03-20 01:09:16
1,Blocked,2026-03-20 01:08:49,2026-03-20 01:09:16
10,Running,2026-03-20 01:08:28,2026-03-20 01:09:19
10,Starved,2026-03-20 01:09:19,2026-03-20 01:09:25
6,Running,2026-03-20 01:04:51,2026-03-20 01:09:48
2,Running,2026-03-20 01:09:16,2026-03-20 01:10:08
3,Running,2026-03-20 01:09:16,2026-03-20 01:10:08
5,Running,2026-03-20 01:09:16,2026-03-20 01:10:09
6,Starved,2026-03-20 01:09:48,2026-03-20 01:10:09
10,Running,2026-03-20 01:09:25,2026-03-20 01:10:11
1,Running,2026-03-20 01:09:16,2026-03-20 01:10:13
5,Starved,2026-03-20 01:10:09,2026-03-20 01:10:15
3,Blocked,2026-03-20 01:10:08,2026-03-20 01:10:15
2,Blocked,2026-03-20 01:10:08,2026-03-20 01:10:15
1,Blocked,2026-03-20 01:10:13,2026-03-20 01:10:15
10,Starved,2026-03-20 01:10:11,2026-03-20 01:10:19
5,Running,2026-03-20 01:10:15,2026-03-20 01:11:08
1,Running,2026-03-20 01:10:15,2026-03-20 01:11:12
3,Running,2026-03-20 01:10:15,2026-03-20 01:11:13
2,Running,2026-03-20 01:10:15,2026-03-20 01:11:17
10,Running,2026-03-20 01:10:19,2026-03-20 01:11:20
10,Starved,2026-03-20 01:11:20,2026-03-20 01:11:21
5,Starved,2026-03-20 01:11:08,2026-03-20 01:11:23
3,Blocked,2026-03-20 01:11:13,2026-03-20 01:11:23
2,Blocked,2026-03-20 01:11:17,2026-03-20 01:11:23
1,Blocked,2026-03-20 01:11:12,2026-03-20 01:11:23
6,Running,2026-03-20 01:10:09,2026-03-20 01:12:13
3,Running,2026-03-20 01:11:23,2026-03-20 01:12:17
2,Running,2026-03-20 01:11:23,2026-03-20 01:12:23
5,Running,2026-03-20 01:11:23,2026-03-20 01:12:23
6,Starved,2026-03-20 01:12:13,2026-03-20 01:12:23
1,Running,2026-03-20 01:11:23,2026-03-20 01:12:24
5,Starved,2026-03-20 01:12:23,2026-03-20 01:12:27
3,Blocked,2026-03-20 01:12:17,2026-03-20 01:12:27
2,Blocked,2026-03-20 01:12:23,2026-03-20 01:12:27
1,Blocked,2026-03-20 01:12:24,2026-03-20 01:12:27
6,Running,2026-03-20 01:12:23,2026-03-20 01:13:19
5,Running,2026-03-20 01:12:27,2026-03-20 01:13:22
6,Starved,2026-03-20 01:13:19,2026-03-20 01:13:22
2,Running,2026-03-20 01:12:27,2026-03-20 01:13:24
5,Starved,2026-03-20 01:13:22,2026-03-20 01:13:28
1,Running,2026-03-20 01:12:27,2026-03-20 01:13:35
2,Blocked,2026-03-20 01:13:24,2026-03-20 01:13:37
1,Blocked,2026-03-20 01:13:35,2026-03-20 01:13:37
6,Running,2026-03-20 01:13:22,2026-03-20 01:14:22
5,Running,2026-03-20 01:13:28,2026-03-20 01:14:31
6,Starved,2026-03-20 01:14:22,2026-03-20 01:14:31
5,Starved,2026-03-20 01:14:31,2026-03-20 01:14:33
1,Running,2026-03-20 01:13:37,2026-03-20 01:14:38
1,Blocked,2026-03-20 01:14:38,2026-03-20 01:14:43
10,Running,2026-03-20 01:11:21,2026-03-20 01:15:18
10,Starved,2026-03-20 01:15:18,2026-03-20 01:15:25
6,Running,2026-03-20 01:14:31,2026-03-20 01:15:29
3,Running,2026-03-20 01:12:27,2026-03-20 01:15:30
8,Running,2026-03-20 00:58:43,2026-03-20 01:15:33
3,Blocked,2026-03-20 01:15:30,2026-03-20 01:15:37
1,Running,2026-03-20 01:14:43,2026-03-20 01:15:38
6,Starved,2026-03-20 01:15:29,2026-03-20 01:15:38
1,Blocked,2026-03-20 01:15:38,2026-03-20 01:15:48
8,Starved,2026-03-20 01:15:33,2026-03-20 01:15:55
10,Running,2026-03-20 01:15:25,2026-03-20 01:16:29
3,Running,2026-03-20 01:15:37,2026-03-20 01:16:31
10,Starved,2026-03-20 01:16:29,2026-03-20 01:16:33
6,Running,2026-03-20 01:15:38,2026-03-20 01:16:36
5,Running,2026-03-20 01:14:33,2026-03-20 01:16:40
6,Starved,2026-03-20 01:16:36,2026-03-20 01:16:40
1,Running,2026-03-20 01:15:48,2026-03-20 01:16:45
2,Running,2026-03-20 01:13:37,2026-03-20 01:16:49
5,Starved,2026-03-20 01:16:40,2026-03-20 01:16:55
3,Blocked,2026-03-20 01:16:31,2026-03-20 01:16:55
2,Blocked,2026-03-20 01:16:49,2026-03-20 01:16:55
1,Blocked,2026-03-20 01:16:45,2026-03-20 01:16:55
10,Running,2026-03-20 01:16:33,2026-03-20 01:17:31
10,Starved,2026-03-20 01:17:31,2026-03-20 01:17:33
6,Running,2026-03-20 01:16:40,2026-03-20 01:17:36
2,Running,2026-03-20 01:16:55,2026-03-20 01:17:50
3,Running,2026-03-20 01:16:55,2026-03-20 01:17:55
1,Running,2026-03-20 01:16:55,2026-03-20 01:18:04
5,Running,2026-03-20 01:16:55,2026-03-20 01:18:04
6,Starved,2026-03-20 01:17:36,2026-03-20 01:18:04
5,Starved,2026-03-20 01:18:04,2026-03-20 01:18:14
3,Blocked,2026-03-20 01:17:55,2026-03-20 01:18:14
2,Blocked,2026-03-20 01:17:50,2026-03-20 01:18:14
1,Blocked,2026-03-20 01:18:04,2026-03-20 01:18:14
10,Running,2026-03-20 01:17:33,2026-03-20 01:18:30
10,Starved,2026-03-20 01:18:30,2026-03-20 01:18:51
6,Running,2026-03-20 01:18:04,2026-03-20 01:18:55
1,Running,2026-03-20 01:18:14,2026-03-20 01:19:07
2,Running,2026-03-20 01:18:14,2026-03-20 01:19:12
6,Starved,2026-03-20 01:18:55,2026-03-20 01:19:18
2,Blocked,2026-03-20 01:19:12,2026-03-20 01:19:22
1,Blocked,2026-03-20 01:19:07,2026-03-20 01:19:22
1,Running,2026-03-20 01:19:22,2026-03-20 01:20:26
1,Blocked,2026-03-20 01:20:26,2026-03-20 01:20:26
8,Running,2026-03-20 01:15:55,2026-03-20 01:20:54
8,Starved,2026-03-20 01:20:54,2026-03-20 01:21:09
1,Running,2026-03-20 01:20:26,2026-03-20 01:22:24
1,Blocked,2026-03-20 01:22:24,2026-03-20 01:22:24
10,Running,2026-03-20 01:18:51,2026-03-20 01:22:59
10,Starved,2026-03-20 01:22:59,2026-03-20 01:23:03
8,Running,2026-03-20 01:21:09,2026-03-20 01:23:03
5,Running,2026-03-20 01:18:14,2026-03-20 01:23:09
5,Starved,2026-03-20 01:23:09,2026-03-20 01:23:18
2,Running,2026-03-20 01:19:22,2026-03-20 01:23:20
2,Blocked,2026-03-20 01:23:20,2026-03-20 01:23:25
8,Starved,2026-03-20 01:23:03,2026-03-20 01:23:27
10,Running,2026-03-20 01:23:03,2026-03-20 01:23:55
10,Starved,2026-03-20 01:23:55,2026-03-20 01:24:22
8,Running,2026-03-20 01:23:27,2026-03-20 01:24:22
2,Running,2026-03-20 01:23:25,2026-03-20 01:24:24
2,Blocked,2026-03-20 01:24:24,2026-03-20 01:24:27
8,Starved,2026-03-20 01:24:22,2026-03-20 01:24:32
5,Running,2026-03-20 01:23:18,2026-03-20 01:25:20
5,Starved,2026-03-20 01:25:20,2026-03-20 01:25:22
2,Running,2026-03-20 01:24:27,2026-03-20 01:26:21
5,Running,2026-03-20 01:25:22,2026-03-20 01:26:23
5,Starved,2026-03-20 01:26:23,2026-03-20 01:26:24
2,Blocked,2026-03-20 01:26:21,2026-03-20 01:26:24
8,Running,2026-03-20 01:24:32,2026-03-20 01:26:25
8,Starved,2026-03-20 01:26:25,2026-03-20 01:26:37
2,Running,2026-03-20 01:26:24,2026-03-20 01:27:22
3,Running,2026-03-20 01:18:14,2026-03-20 01:27:22
5,Running,2026-03-20 01:26:24,2026-03-20 01:27:23
5,Starved,2026-03-20 01:27:23,2026-03-20 01:27:27
3,Blocked,2026-03-20 01:27:22,2026-03-20 01:27:27
2,Blocked,2026-03-20 01:27:22,2026-03-20 01:27:27
8,Running,2026-03-20 01:26:37,2026-03-20 01:27:45
8,Starved,2026-03-20 01:27:45,2026-03-20 01:28:00
3,Running,2026-03-20 01:27:27,2026-03-20 01:28:22
3,Blocked,2026-03-20 01:28:22,2026-03-20 01:28:22
6,Running,2026-03-20 01:19:18,2026-03-20 01:28:26
11,Running,2026-03-20 00:47:48,2026-03-20 01:28:28
6,Starved,2026-03-20 01:28:26,2026-03-20 01:28:34
8,Running,2026-03-20 01:28:00,2026-03-20 01:29:03
8,Starved,2026-03-20 01:29:03,2026-03-20 01:29:29
12,Running,2026-03-20 01:02:24,2026-03-20 01:29:53
3,Running,2026-03-20 01:28:22,2026-03-20 01:30:17
3,Blocked,2026-03-20 01:30:17,2026-03-20 01:30:27
10,Running,2026-03-20 01:24:22,2026-03-20 01:30:39
9,Running,2026-03-20 00:59:42,2026-03-20 01:30:41
10,Starved,2026-03-20 01:30:39,2026-03-20 01:30:41
9,Starved,2026-03-20 01:30:41,2026-03-20 01:30:42
11,Down,2026-03-20 01:28:28,2026-03-20 01:30:49
2,Running,2026-03-20 01:27:27,2026-03-20 01:31:30
12,Starved,2026-03-20 01:29:53,2026-03-20 01:31:31
2,Blocked,2026-03-20 01:31:30,2026-03-20 01:31:33
10,Running,2026-03-20 01:30:41,2026-03-20 01:31:34
6,Running,2026-03-20 01:28:34,2026-03-20 01:31:41
6,Starved,2026-03-20 01:31:41,2026-03-20 01:31:43
10,Starved,2026-03-20 01:31:34,2026-03-20 01:32:00
3,Running,2026-03-20 01:30:27,2026-03-20 01:32:33
3,Blocked,2026-03-20 01:32:33,2026-03-20 01:32:35
12,Running,2026-03-20 01:31:31,2026-03-20 01:33:23
12,Starved,2026-03-20 01:33:23,2026-03-20 01:33:27
3,Running,2026-03-20 01:32:35,2026-03-20 01:33:34
5,Running,2026-03-20 01:27:27,2026-03-20 01:33:35
2,Running,2026-03-20 01:31:33,2026-03-20 01:33:36
5,Starved,2026-03-20 01:33:35,2026-03-20 01:33:39
3,Blocked,2026-03-20 01:33:34,2026-03-20 01:33:39
2,Blocked,2026-03-20 01:33:36,2026-03-20 01:33:39
2,Running,2026-03-20 01:33:39,2026-03-20 01:34:28
5,Running,2026-03-20 01:33:39,2026-03-20 01:34:44
3,Running,2026-03-20 01:33:39,2026-03-20 01:34:49
5,Starved,2026-03-20 01:34:44,2026-03-20 01:34:59
3,Blocked,2026-03-20 01:34:49,2026-03-20 01:34:59
2,Blocked,2026-03-20 01:34:28,2026-03-20 01:34:59
12,Running,2026-03-20 01:33:27,2026-03-20 01:35:13
12,Starved,2026-03-20 01:35:13,2026-03-20 01:35:20
2,Running,2026-03-20 01:34:59,2026-03-20 01:36:02
6,Running,2026-03-20 01:31:43,2026-03-20 01:36:03
2,Blocked,2026-03-20 01:36:02,2026-03-20 01:36:04
6,Starved,2026-03-20 01:36:03,2026-03-20 01:36:10
2,Running,2026-03-20 01:36:04,2026-03-20 01:37:09
2,Blocked,2026-03-20 01:37:09,2026-03-20 01:37:10
2,Running,2026-03-20 01:37:10,2026-03-20 01:38:01
6,Running,2026-03-20 01:36:10,2026-03-20 01:38:05
3,Running,2026-03-20 01:34:59,2026-03-20 01:38:05
3,Blocked,2026-03-20 01:38:05,2026-03-20 01:38:10
2,Blocked,2026-03-20 01:38:01,2026-03-20 01:38:10
8,Running,2026-03-20 01:29:29,2026-03-20 01:38:10
6,Starved,2026-03-20 01:38:05,2026-03-20 01:38:11
8,Starved,2026-03-20 01:38:10,2026-03-20 01:38:18
6,Running,2026-03-20 01:38:11,2026-03-20 01:39:13
6,Starved,2026-03-20 01:39:13,2026-03-20 01:39:14
8,Running,2026-03-20 01:38:18,2026-03-20 01:39:18
8,Starved,2026-03-20 01:39:18,2026-03-20 01:39:28
3,Running,2026-03-20 01:38:10,2026-03-20 01:40:04
6,Running,2026-03-20 01:39:14,2026-03-20 01:40:10
3,Blocked,2026-03-20 01:40:04,2026-03-20 01:40:12
1,Running,2026-03-20 01:22:24,2026-03-20 01:40:17
6,Starved,2026-03-20 01:40:10,2026-03-20 01:40:18
1,Blocked,2026-03-20 01:40:17,2026-03-20 01:40:20
8,Running,2026-03-20 01:39:28,2026-03-20 01:40:32
8,Starved,2026-03-20 01:40:32,2026-03-20 01:40:54
1,Running,2026-03-20 01:40:20,2026-03-20 01:41:10
2,Running,2026-03-20 01:38:10,2026-03-20 01:41:10
3,Running,2026-03-20 01:40:12,2026-03-20 01:41:17
6,Running,2026-03-20 01:40:18,2026-03-20 01:41:19
3,Blocked,2026-03-20 01:41:17,2026-03-20 01:41:20
2,Blocked,2026-03-20 01:41:10,2026-03-20 01:41:20
1,Blocked,2026-03-20 01:41:10,2026-03-20 01:41:20
6,Starved,2026-03-20 01:41:19,2026-03-20 01:41:25
1,Running,2026-03-20 01:41:20,2026-03-20 01:42:14
3,Running,2026-03-20 01:41:20,2026-03-20 01:42:16
2,Running,2026-03-20 01:41:20,2026-03-20 01:42:20
5,Running,2026-03-20 01:34:59,2026-03-20 01:42:25
5,Starved,2026-03-20 01:42:25,2026-03-20 01:42:43
3,Blocked,2026-03-20 01:42:16,2026-03-20 01:42:43
2,Blocked,2026-03-20 01:42:20,2026-03-20 01:42:43
1,Blocked,2026-03-20 01:42:14,2026-03-20 01:42:43
8,Running,2026-03-20 01:40:54,2026-03-20 01:42:52
8,Starved,2026-03-20 01:42:52,2026-03-20 01:42:58
10,Running,2026-03-20 01:32:00,2026-03-20 01:43:14
9,Running,2026-03-20 01:30:42,2026-03-20 01:43:25
10,Starved,2026-03-20 01:43:14,2026-03-20 01:43:25
2,Running,2026-03-20 01:42:43,2026-03-20 01:43:42
3,Running,2026-03-20 01:42:43,2026-03-20 01:43:42
6,Running,2026-03-20 01:41:25,2026-03-20 01:43:42
1,Running,2026-03-20 01:42:43,2026-03-20 01:43:45
5,Running,2026-03-20 01:42:43,2026-03-20 01:43:50
6,Starved,2026-03-20 01:43:42,2026-03-20 01:43:50
5,Starved,2026-03-20 01:43:50,2026-03-20 01:44:17
3,Blocked,2026-03-20 01:43:42,2026-03-20 01:44:17
2,Blocked,2026-03-20 01:43:42,2026-03-20 01:44:17
1,Blocked,2026-03-20 01:43:45,2026-03-20 01:44:17
12,Running,2026-03-20 01:35:20,2026-03-20 01:44:23
10,Running,2026-03-20 01:43:25,2026-03-20 01:44:26
12,Starved,2026-03-20 01:44:23,2026-03-20 01:44:27
6,Running,2026-03-20 01:43:50,2026-03-20 01:44:47
6,Starved,2026-03-20 01:44:47,2026-03-20 01:45:24
9,Down,2026-03-20 01:43:25,2026-03-20 01:45:50
8,Running,2026-03-20 01:42:58,2026-03-20 01:45:53
8,Starved,2026-03-20 01:45:53,2026-03-20 01:46:04
2,Running,2026-03-20 01:44:17,2026-03-20 01:46:09
2,Blocked,2026-03-20 01:46:09,2026-03-20 01:46:10
12,Running,2026-03-20 01:44:27,2026-03-20 01:46:14
12,Starved,2026-03-20 01:46:14,2026-03-20 01:46:17
6,Running,2026-03-20 01:45:24,2026-03-20 01:46:18
6,Starved,2026-03-20 01:46:18,2026-03-20 01:46:26
10,Starved,2026-03-20 01:44:26,2026-03-20 01:46:51
3,Running,2026-03-20 01:44:17,2026-03-20 01:46:59
2,Running,2026-03-20 01:46:10,2026-03-20 01:47:08
3,Blocked,2026-03-20 01:46:59,2026-03-20 01:47:11
2,Blocked,2026-03-20 01:47:08,2026-03-20 01:47:11
12,Running,2026-03-20 01:46:17,2026-03-20 01:47:13
12,Starved,2026-03-20 01:47:13,2026-03-20 01:47:14
6,Running,2026-03-20 01:46:26,2026-03-20 01:47:17
6,Starved,2026-03-20 01:47:17,2026-03-20 01:47:18
10,Running,2026-03-20 01:46:51,2026-03-20 01:47:43
10,Starved,2026-03-20 01:47:43,2026-03-20 01:47:47
12,Running,2026-03-20 01:47:14,2026-03-20 01:48:07
8,Running,2026-03-20 01:46:04,2026-03-20 01:48:10
12,Starved,2026-03-20 01:48:07,2026-03-20 01:48:10
6,Running,2026-03-20 01:47:18,2026-03-20 01:48:12
2,Running,2026-03-20 01:47:11,2026-03-20 01:48:12
2,Blocked,2026-03-20 01:48:12,2026-03-20 01:48:12
6,Starved,2026-03-20 01:48:12,2026-03-20 01:48:17
8,Starved,2026-03-20 01:48:10,2026-03-20 01:48:26
2,Running,2026-03-20 01:48:12,2026-03-20 01:48:59
2,Blocked,2026-03-20 01:48:59,2026-03-20 01:49:04
6,Running,2026-03-20 01:48:17,2026-03-20 01:49:16
6,Starved,2026-03-20 01:49:16,2026-03-20 01:49:16
8,Running,2026-03-20 01:48:26,2026-03-20 01:49:30
8,Starved,2026-03-20 01:49:30,2026-03-20 01:49:33
3,Running,2026-03-20 01:47:11,2026-03-20 01:50:02
12,Running,2026-03-20 01:48:10,2026-03-20 01:50:03
2,Running,2026-03-20 01:49:04,2026-03-20 01:50:06
3,Blocked,2026-03-20 01:50:02,2026-03-20 01:50:06
2,Blocked,2026-03-20 01:50:06,2026-03-20 01:50:06
12,Starved,2026-03-20 01:50:03,2026-03-20 01:50:06
3,Running,2026-03-20 01:50:06,2026-03-20 01:51:04
3,Blocked,2026-03-20 01:51:04,2026-03-20 01:51:06
2,Running,2026-03-20 01:50:06,2026-03-20 01:52:10
2,Blocked,2026-03-20 01:52:10,2026-03-20 01:52:12
10,Running,2026-03-20 01:47:47,2026-03-20 01:52:56
10,Starved,2026-03-20 01:52:56,2026-03-20 01:53:04
1,Running,2026-03-20 01:44:17,2026-03-20 01:53:13
1,Blocked,2026-03-20 01:53:13,2026-03-20 01:53:18
10,Running,2026-03-20 01:53:04,2026-03-20 01:54:02
5,Running,2026-03-20 01:44:17,2026-03-20 01:54:05
10,Starved,2026-03-20 01:54:02,2026-03-20 01:54:06
5,Starved,2026-03-20 01:54:05,2026-03-20 01:54:07
8,Running,2026-03-20 01:49:33,2026-03-20 01:54:09
8,Starved,2026-03-20 01:54:09,2026-03-20 01:54:20
10,Running,2026-03-20 01:54:06,2026-03-20 01:54:58
10,Starved,2026-03-20 01:54:58,2026-03-20 01:55:04
8,Running,2026-03-20 01:54:20,2026-03-20 01:55:15
8,Starved,2026-03-20 01:55:15,2026-03-20 01:55:25
10,Running,2026-03-20 01:55:04,2026-03-20 01:55:58
2,Running,2026-03-20 01:52:12,2026-03-20 01:56:00
2,Blocked,2026-03-20 01:56:00,2026-03-20 01:56:12
10,Starved,2026-03-20 01:55:58,2026-03-20 01:56:13
8,Running,2026-03-20 01:55:25,2026-03-20 01:56:24
8,Starved,2026-03-20 01:56:24,2026-03-20 01:56:28
2,Running,2026-03-20 01:56:12,2026-03-20 01:57:08
3,Running,2026-03-20 01:51:06,2026-03-20 01:57:16
3,Blocked,2026-03-20 01:57:16,2026-03-20 01:57:16
2,Blocked,2026-03-20 01:57:08,2026-03-20 01:57:16
5,Running,2026-03-20 01:54:07,2026-03-20 01:57:19
8,Running,2026-03-20 01:56:28,2026-03-20 01:57:25
8,Starved,2026-03-20 01:57:25,2026-03-20 01:57:38
2,Running,2026-03-20 01:57:16,2026-03-20 01:58:09
3,Running,2026-03-20 01:57:16,2026-03-20 01:58:18
1,Running,2026-03-20 01:53:18,2026-03-20 01:58:19
6,Running,2026-03-20 01:49:16,2026-03-20 01:58:30
8,Running,2026-03-20 01:57:38,2026-03-20 01:58:35
3,Blocked,2026-03-20 01:58:18,2026-03-20 01:58:45
2,Blocked,2026-03-20 01:58:09,2026-03-20 01:58:45
8,Starved,2026-03-20 01:58:35,2026-03-20 01:58:48
8,Running,2026-03-20 01:58:48,2026-03-20 01:59:47
8,Starved,2026-03-20 01:59:47,2026-03-20 01:59:48
3,Running,2026-03-20 01:58:45,2026-03-20 02:00:49
8,Running,2026-03-20 01:59:48,2026-03-20 02:00:53
3,Blocked,2026-03-20 02:00:49,2026-03-20 02:00:59
8,Starved,2026-03-20 02:00:53,2026-03-20 02:01:15
10,Running,2026-03-20 01:56:13,2026-03-20 02:01:19
10,Starved,2026-03-20 02:01:19,2026-03-20 02:01:25
3,Running,2026-03-20 02:00:59,2026-03-20 02:01:59
3,Blocked,2026-03-20 02:01:59,2026-03-20 02:02:01
8,Running,2026-03-20 02:01:15,2026-03-20 02:02:15
8,Starved,2026-03-20 02:02:15,2026-03-20 02:02:50
11,Running,2026-03-20 01:30:49,2026-03-20 02:03:26
8,Running,2026-03-20 02:02:50,2026-03-20 02:03:48
3,Running,2026-03-20 02:02:01,2026-03-20 02:04:15
3,Blocked,2026-03-20 02:04:15,2026-03-20 02:04:15
8,Starved,2026-03-20 02:03:48,2026-03-20 02:04:19
10,Running,2026-03-20 02:01:25,2026-03-20 02:05:19
10,Starved,2026-03-20 02:05:19,2026-03-20 02:05:24
12,Running,2026-03-20 01:50:06,2026-03-20 02:05:25
2,Down,2026-03-20 01:58:45,2026-03-20 02:06:02
1,Blocked,2026-03-20 01:58:19,2026-03-20 02:06:02
5,Down,2026-03-20 01:57:19,2026-03-20 02:06:03
11,Down,2026-03-20 02:03:26,2026-03-20 02:06:05
10,Running,2026-03-20 02:05:24,2026-03-20 02:06:23
10,Starved,2026-03-20 02:06:23,2026-03-20 02:06:49
6,Starved,2026-03-20 01:58:30,2026-03-20 02:06:54
1,Running,2026-03-20 02:06:02,2026-03-20 02:07:03
12,Starved,2026-03-20 02:05:25,2026-03-20 02:07:09
3,Running,2026-03-20 02:04:15,2026-03-20 02:07:22
8,Running,2026-03-20 02:04:19,2026-03-20 02:07:27
8,Starved,2026-03-20 02:07:27,2026-03-20 02:07:32
3,Blocked,2026-03-20 02:07:22,2026-03-20 02:07:34
10,Running,2026-03-20 02:06:49,2026-03-20 02:07:59
10,Starved,2026-03-20 02:07:59,2026-03-20 02:08:01
12,Running,2026-03-20 02:07:09,2026-03-20 02:08:07
12,Starved,2026-03-20 02:08:07,2026-03-20 02:08:19
3,Running,2026-03-20 02:07:34,2026-03-20 02:08:25
3,Blocked,2026-03-20 02:08:25,2026-03-20 02:08:46
6,Running,2026-03-20 02:06:54,2026-03-20 02:08:49
6,Starved,2026-03-20 02:08:49,2026-03-20 02:08:51
10,Running,2026-03-20 02:08:01,2026-03-20 02:08:59
10,Starved,2026-03-20 02:08:59,2026-03-20 02:09:02
1,Down,2026-03-20 02:07:03,2026-03-20 02:09:06
12,Running,2026-03-20 02:08:19,2026-03-20 02:09:07
12,Starved,2026-03-20 02:09:07,2026-03-20 02:09:17
6,Running,2026-03-20 02:08:51,2026-03-20 02:09:48
6,Starved,2026-03-20 02:09:48,2026-03-20 02:09:52
10,Running,2026-03-20 02:09:02,2026-03-20 02:09:55
10,Starved,2026-03-20 02:09:55,2026-03-20 02:10:02
12,Running,2026-03-20 02:09:17,2026-03-20 02:10:20
12,Starved,2026-03-20 02:10:20,2026-03-20 02:10:22
6,Running,2026-03-20 02:09:52,2026-03-20 02:10:58
6,Starved,2026-03-20 02:10:58,2026-03-20 02:10:59
8,Running,2026-03-20 02:07:32,2026-03-20 02:11:35
8,Starved,2026-03-20 02:11:35,2026-03-20 02:11:45
6,Running,2026-03-20 02:10:59,2026-03-20 02:11:52
6,Starved,2026-03-20 02:11:52,2026-03-20 02:12:01
8,Running,2026-03-20 02:11:45,2026-03-20 02:12:38
8,Starved,2026-03-20 02:12:38,2026-03-20 02:12:45
3,Running,2026-03-20 02:08:46,2026-03-20 02:12:52
3,Blocked,2026-03-20 02:12:52,2026-03-20 02:13:16
3,Running,2026-03-20 02:13:16,2026-03-20 02:14:22
8,Running,2026-03-20 02:12:45,2026-03-20 02:14:43
3,Blocked,2026-03-20 02:14:22,2026-03-20 02:14:48
8,Starved,2026-03-20 02:14:43,2026-03-20 02:14:48
6,Running,2026-03-20 02:12:01,2026-03-20 02:14:53
6,Starved,2026-03-20 02:14:53,2026-03-20 02:15:03
10,Running,2026-03-20 02:10:02,2026-03-20 02:15:09
10,Starved,2026-03-20 02:15:09,2026-03-20 02:15:24
8,Running,2026-03-20 02:14:48,2026-03-20 02:15:46
8,Starved,2026-03-20 02:15:46,2026-03-20 02:15:55
6,Running,2026-03-20 02:15:03,2026-03-20 02:16:02
6,Starved,2026-03-20 02:16:02,2026-03-20 02:16:07
10,Running,2026-03-20 02:15:24,2026-03-20 02:16:21
10,Starved,2026-03-20 02:16:21,2026-03-20 02:16:28
3,Running,2026-03-20 02:14:48,2026-03-20 02:16:55
3,Blocked,2026-03-20 02:16:55,2026-03-20 02:17:15
10,Running,2026-03-20 02:16:28,2026-03-20 02:17:29
10,Starved,2026-03-20 02:17:29,2026-03-20 02:17:30
3,Running,2026-03-20 02:17:15,2026-03-20 02:18:16
3,Blocked,2026-03-20 02:18:16,2026-03-20 02:18:23
10,Running,2026-03-20 02:17:30,2026-03-20 02:19:23
10,Starved,2026-03-20 02:19:23,2026-03-20 02:19:33
8,Running,2026-03-20 02:15:55,2026-03-20 02:19:55
8,Starved,2026-03-20 02:19:55,2026-03-20 02:20:20
6,Running,2026-03-20 02:16:07,2026-03-20 02:21:05
6,Starved,2026-03-20 02:21:05,2026-03-20 02:21:10
8,Running,2026-03-20 02:20:20,2026-03-20 02:21:18
8,Starved,2026-03-20 02:21:18,2026-03-20 02:21:19
3,Running,2026-03-20 02:18:23,2026-03-20 02:21:21
3,Blocked,2026-03-20 02:21:21,2026-03-20 02:21:24
8,Running,2026-03-20 02:21:19,2026-03-20 02:22:24
3,Running,2026-03-20 02:21:24,2026-03-20 02:22:35
7,Running,2026-03-19 23:37:19,2026-03-20 02:22:41
3,Blocked,2026-03-20 02:22:35,2026-03-20 02:23:00
7,Down,2026-03-20 02:22:41,2026-03-20 02:23:06
10,Running,2026-03-20 02:19:33,2026-03-20 02:23:42
10,Starved,2026-03-20 02:23:42,2026-03-20 02:23:56
10,Running,2026-03-20 02:23:56,2026-03-20 02:24:48
3,Running,2026-03-20 02:23:00,2026-03-20 02:24:54
9,Running,2026-03-20 01:45:50,2026-03-20 02:24:59
10,Starved,2026-03-20 02:24:48,2026-03-20 02:24:59
3,Blocked,2026-03-20 02:24:54,2026-03-20 02:25:31
10,Running,2026-03-20 02:24:59,2026-03-20 02:26:04
8,Down,2026-03-20 02:22:24,2026-03-20 02:27:21
9,Starved,2026-03-20 02:24:59,2026-03-20 02:28:27
11,Running,2026-03-20 02:06:05,2026-03-20 02:28:49
3,Running,2026-03-20 02:25:31,2026-03-20 02:29:01
3,Blocked,2026-03-20 02:29:01,2026-03-20 02:29:01
7,Running,2026-03-20 02:23:06,2026-03-20 02:29:22
7,Blocked,2026-03-20 02:29:22,2026-03-20 02:29:22
10,Starved,2026-03-20 02:26:04,2026-03-20 02:29:39
12,Running,2026-03-20 02:10:22,2026-03-20 02:30:04
10,Running,2026-03-20 02:29:39,2026-03-20 02:30:37
11,Starved,2026-03-20 02:28:49,2026-03-20 02:30:37
10,Starved,2026-03-20 02:30:37,2026-03-20 02:30:38
3,Running,2026-03-20 02:29:01,2026-03-20 02:31:02
3,Blocked,2026-03-20 02:31:02,2026-03-20 02:31:06
11,Running,2026-03-20 02:30:37,2026-03-20 02:31:38
12,Starved,2026-03-20 02:30:04,2026-03-20 02:31:38
10,Running,2026-03-20 02:30:38,2026-03-20 02:31:43
10,Starved,2026-03-20 02:31:43,2026-03-20 02:31:46
3,Running,2026-03-20 02:31:06,2026-03-20 02:32:05
3,Blocked,2026-03-20 02:32:05,2026-03-20 02:32:13
12,Running,2026-03-20 02:31:38,2026-03-20 02:32:33
11,Down,2026-03-20 02:31:38,2026-03-20 02:32:38
10,Running,2026-03-20 02:31:46,2026-03-20 02:32:49
10,Starved,2026-03-20 02:32:49,2026-03-20 02:32:52
12,Starved,2026-03-20 02:32:33,2026-03-20 02:33:39
3,Running,2026-03-20 02:32:13,2026-03-20 02:34:12
3,Blocked,2026-03-20 02:34:12,2026-03-20 02:34:38
12,Running,2026-03-20 02:33:39,2026-03-20 02:35:42
3,Running,2026-03-20 02:34:38,2026-03-20 02:35:42
3,Blocked,2026-03-20 02:35:42,2026-03-20 02:35:47
12,Starved,2026-03-20 02:35:42,2026-03-20 02:35:50
12,Running,2026-03-20 02:35:50,2026-03-20 02:36:42
3,Running,2026-03-20 02:35:47,2026-03-20 02:36:50
12,Starved,2026-03-20 02:36:42,2026-03-20 02:36:55
3,Blocked,2026-03-20 02:36:50,2026-03-20 02:37:15
10,Running,2026-03-20 02:32:52,2026-03-20 02:38:00
10,Starved,2026-03-20 02:38:00,2026-03-20 02:38:09
12,Running,2026-03-20 02:36:55,2026-03-20 02:39:01
3,Running,2026-03-20 02:37:15,2026-03-20 02:39:13
10,Running,2026-03-20 02:38:09,2026-03-20 02:39:14
3,Blocked,2026-03-20 02:39:13,2026-03-20 02:39:15
10,Starved,2026-03-20 02:39:14,2026-03-20 02:39:19
2,Running,2026-03-20 02:06:02,2026-03-20 02:39:59
10,Running,2026-03-20 02:39:19,2026-03-20 02:40:15
3,Running,2026-03-20 02:39:15,2026-03-20 02:40:16
10,Starved,2026-03-20 02:40:15,2026-03-20 02:40:19
2,Down,2026-03-20 02:39:59,2026-03-20 02:40:22
3,Blocked,2026-03-20 02:40:16,2026-03-20 02:40:23
11,Running,2026-03-20 02:32:38,2026-03-20 02:40:55
3,Running,2026-03-20 02:40:23,2026-03-20 02:41:17
12,Down,2026-03-20 02:39:01,2026-03-20 02:41:19
11,Blocked,2026-03-20 02:40:55,2026-03-20 02:41:19
3,Blocked,2026-03-20 02:41:17,2026-03-20 02:41:36
10,Running,2026-03-20 02:40:19,2026-03-20 02:42:09
10,Starved,2026-03-20 02:42:09,2026-03-20 02:42:13
11,Running,2026-03-20 02:41:19,2026-03-20 02:42:16
11,Blocked,2026-03-20 02:42:16,2026-03-20 02:42:19
10,Running,2026-03-20 02:42:13,2026-03-20 02:43:16
10,Starved,2026-03-20 02:43:16,2026-03-20 02:43:23
11,Running,2026-03-20 02:42:19,2026-03-20 02:43:24
11,Blocked,2026-03-20 02:43:24,2026-03-20 02:43:29
3,Running,2026-03-20 02:41:36,2026-03-20 02:43:38
3,Blocked,2026-03-20 02:43:38,2026-03-20 02:43:51
10,Running,2026-03-20 02:43:23,2026-03-20 02:44:24
10,Starved,2026-03-20 02:44:24,2026-03-20 02:44:47
3,Running,2026-03-20 02:43:51,2026-03-20 02:44:47
3,Blocked,2026-03-20 02:44:47,2026-03-20 02:45:20
3,Running,2026-03-20 02:45:20,2026-03-20 02:46:16
12,Running,2026-03-20 02:41:19,2026-03-20 02:46:22
3,Blocked,2026-03-20 02:46:16,2026-03-20 02:46:38
10,Running,2026-03-20 02:44:47,2026-03-20 02:46:50
10,Starved,2026-03-20 02:46:50,2026-03-20 02:46:56
3,Running,2026-03-20 02:46:38,2026-03-20 02:47:38
11,Down,2026-03-20 02:43:29,2026-03-20 02:47:41
3,Blocked,2026-03-20 02:47:38,2026-03-20 02:48:03
12,Starved,2026-03-20 02:46:22,2026-03-20 02:48:49
3,Running,2026-03-20 02:48:03,2026-03-20 02:49:02
3,Blocked,2026-03-20 02:49:02,2026-03-20 02:49:13
2,Running,2026-03-20 02:40:22,2026-03-20 02:50:10
2,Blocked,2026-03-20 02:50:10,2026-03-20 02:50:18
12,Running,2026-03-20 02:48:49,2026-03-20 02:51:30
12,Starved,2026-03-20 02:51:30,2026-03-20 02:51:40
10,Running,2026-03-20 02:46:56,2026-03-20 02:52:04
10,Starved,2026-03-20 02:52:04,2026-03-20 02:52:12
3,Running,2026-03-20 02:49:13,2026-03-20 02:52:17
2,Running,2026-03-20 02:50:18,2026-03-20 02:52:25
5,Running,2026-03-20 02:06:03,2026-03-20 02:52:26
12,Running,2026-03-20 02:51:40,2026-03-20 02:52:35
5,Starved,2026-03-20 02:52:26,2026-03-20 02:52:36
3,Blocked,2026-03-20 02:52:17,2026-03-20 02:52:36
2,Blocked,2026-03-20 02:52:25,2026-03-20 02:52:36
12,Starved,2026-03-20 02:52:35,2026-03-20 02:52:37
10,Running,2026-03-20 02:52:12,2026-03-20 02:53:06
12,Running,2026-03-20 02:52:37,2026-03-20 02:53:32
3,Running,2026-03-20 02:52:36,2026-03-20 02:53:35
12,Starved,2026-03-20 02:53:32,2026-03-20 02:53:36
3,Blocked,2026-03-20 02:53:35,2026-03-20 02:53:39
10,Starved,2026-03-20 02:53:06,2026-03-20 02:53:39
3,Running,2026-03-20 02:53:39,2026-03-20 02:54:28
2,Running,2026-03-20 02:52:36,2026-03-20 02:54:35
5,Running,2026-03-20 02:52:36,2026-03-20 02:54:35
5,Starved,2026-03-20 02:54:35,2026-03-20 02:55:02
3,Blocked,2026-03-20 02:54:28,2026-03-20 02:55:02
2,Blocked,2026-03-20 02:54:35,2026-03-20 02:55:02
5,Running,2026-03-20 02:55:02,2026-03-20 02:55:51
3,Running,2026-03-20 02:55:02,2026-03-20 02:56:01
2,Running,2026-03-20 02:55:02,2026-03-20 02:56:07
5,Starved,2026-03-20 02:55:51,2026-03-20 02:56:10
3,Blocked,2026-03-20 02:56:01,2026-03-20 02:56:10
2,Blocked,2026-03-20 02:56:07,2026-03-20 02:56:10
12,Running,2026-03-20 02:53:36,2026-03-20 02:56:40
12,Starved,2026-03-20 02:56:40,2026-03-20 02:56:57
5,Running,2026-03-20 02:56:10,2026-03-20 02:57:05
2,Running,2026-03-20 02:56:10,2026-03-20 02:57:10
3,Running,2026-03-20 02:56:10,2026-03-20 02:57:10
5,Starved,2026-03-20 02:57:05,2026-03-20 02:57:15
3,Blocked,2026-03-20 02:57:10,2026-03-20 02:57:15
2,Blocked,2026-03-20 02:57:10,2026-03-20 02:57:15
12,Running,2026-03-20 02:56:57,2026-03-20 02:57:56
5,Running,2026-03-20 02:57:15,2026-03-20 02:58:06
3,Running,2026-03-20 02:57:15,2026-03-20 02:58:06
12,Starved,2026-03-20 02:57:56,2026-03-20 02:58:07
2,Running,2026-03-20 02:57:15,2026-03-20 02:58:15
5,Starved,2026-03-20 02:58:06,2026-03-20 02:58:24
3,Blocked,2026-03-20 02:58:06,2026-03-20 02:58:24
2,Blocked,2026-03-20 02:58:15,2026-03-20 02:58:24
10,Running,2026-03-20 02:53:39,2026-03-20 02:58:46
10,Starved,2026-03-20 02:58:46,2026-03-20 02:58:47
12,Running,2026-03-20 02:58:07,2026-03-20 02:59:06
12,Starved,2026-03-20 02:59:06,2026-03-20 02:59:12
3,Running,2026-03-20 02:58:24,2026-03-20 02:59:21
2,Running,2026-03-20 02:58:24,2026-03-20 02:59:22
5,Running,2026-03-20 02:58:24,2026-03-20 02:59:27
5,Starved,2026-03-20 02:59:27,2026-03-20 02:59:43
3,Blocked,2026-03-20 02:59:21,2026-03-20 02:59:43
2,Blocked,2026-03-20 02:59:22,2026-03-20 02:59:43
10,Running,2026-03-20 02:58:47,2026-03-20 02:59:51
10,Starved,2026-03-20 02:59:51,2026-03-20 02:59:52
12,Running,2026-03-20 02:59:12,2026-03-20 03:00:16
12,Starved,2026-03-20 03:00:16,2026-03-20 03:00:18
6,Running,2026-03-20 02:21:10,2026-03-20 03:00:34
5,Running,2026-03-20 02:59:43,2026-03-20 03:00:40
6,Starved,2026-03-20 03:00:34,2026-03-20 03:00:40
3,Running,2026-03-20 02:59:43,2026-03-20 03:00:41
2,Running,2026-03-20 02:59:43,2026-03-20 03:00:44
5,Starved,2026-03-20 03:00:40,2026-03-20 03:01:09
3,Blocked,2026-03-20 03:00:41,2026-03-20 03:01:09
2,Blocked,2026-03-20 03:00:44,2026-03-20 03:01:09
11,Running,2026-03-20 02:47:41,2026-03-20 03:01:18
6,Running,2026-03-20 03:00:40,2026-03-20 03:01:42
2,Running,2026-03-20 03:01:09,2026-03-20 03:01:56
5,Running,2026-03-20 03:01:09,2026-03-20 03:02:02
6,Starved,2026-03-20 03:01:42,2026-03-20 03:02:02
3,Running,2026-03-20 03:01:09,2026-03-20 03:02:05
5,Starved,2026-03-20 03:02:02,2026-03-20 03:02:11
3,Blocked,2026-03-20 03:02:05,2026-03-20 03:02:11
2,Blocked,2026-03-20 03:01:56,2026-03-20 03:02:11
12,Running,2026-03-20 03:00:18,2026-03-20 03:02:28
6,Running,2026-03-20 03:02:02,2026-03-20 03:03:03
2,Running,2026-03-20 03:02:11,2026-03-20 03:03:06
5,Running,2026-03-20 03:02:11,2026-03-20 03:03:14
6,Starved,2026-03-20 03:03:03,2026-03-20 03:03:14
3,Running,2026-03-20 03:02:11,2026-03-20 03:03:20
5,Starved,2026-03-20 03:03:14,2026-03-20 03:03:27
3,Blocked,2026-03-20 03:03:20,2026-03-20 03:03:27
2,Blocked,2026-03-20 03:03:06,2026-03-20 03:03:27
11,Down,2026-03-20 03:01:18,2026-03-20 03:04:01
6,Running,2026-03-20 03:03:14,2026-03-20 03:04:19
3,Running,2026-03-20 03:03:27,2026-03-20 03:04:24
2,Running,2026-03-20 03:03:27,2026-03-20 03:04:30
5,Running,2026-03-20 03:03:27,2026-03-20 03:04:30
6,Starved,2026-03-20 03:04:19,2026-03-20 03:04:30
5,Starved,2026-03-20 03:04:30,2026-03-20 03:04:35
3,Blocked,2026-03-20 03:04:24,2026-03-20 03:04:35
2,Blocked,2026-03-20 03:04:30,2026-03-20 03:04:35
10,Running,2026-03-20 02:59:52,2026-03-20 03:04:42
10,Starved,2026-03-20 03:04:42,2026-03-20 03:04:43
12,Starved,2026-03-20 03:02:28,2026-03-20 03:05:06
6,Running,2026-03-20 03:04:30,2026-03-20 03:05:30
5,Running,2026-03-20 03:04:35,2026-03-20 03:05:32
6,Starved,2026-03-20 03:05:30,2026-03-20 03:05:32
3,Running,2026-03-20 03:04:35,2026-03-20 03:05:32
2,Running,2026-03-20 03:04:35,2026-03-20 03:05:33
10,Running,2026-03-20 03:04:43,2026-03-20 03:05:36
1,Running,2026-03-20 02:09:06,2026-03-20 03:05:37
10,Starved,2026-03-20 03:05:36,2026-03-20 03:05:39
5,Starved,2026-03-20 03:05:32,2026-03-20 03:05:52
3,Blocked,2026-03-20 03:05:32,2026-03-20 03:05:52
2,Blocked,2026-03-20 03:05:33,2026-03-20 03:05:52
1,Blocked,2026-03-20 03:05:37,2026-03-20 03:05:52
12,Running,2026-03-20 03:05:06,2026-03-20 03:06:05
12,Starved,2026-03-20 03:06:05,2026-03-20 03:06:11
6,Running,2026-03-20 03:05:32,2026-03-20 03:06:31
10,Running,2026-03-20 03:05:39,2026-03-20 03:06:39
10,Starved,2026-03-20 03:06:39,2026-03-20 03:06:41
3,Running,2026-03-20 03:05:52,2026-03-20 03:06:41
2,Running,2026-03-20 03:05:52,2026-03-20 03:06:49
1,Running,2026-03-20 03:05:52,2026-03-20 03:06:54
5,Running,2026-03-20 03:05:52,2026-03-20 03:06:59
6,Starved,2026-03-20 03:06:31,2026-03-20 03:06:59
5,Starved,2026-03-20 03:06:59,2026-03-20 03:07:13
3,Blocked,2026-03-20 03:06:41,2026-03-20 03:07:13
2,Blocked,2026-03-20 03:06:49,2026-03-20 03:07:13
6,Running,2026-03-20 03:06:59,2026-03-20 03:07:58
5,Running,2026-03-20 03:07:13,2026-03-20 03:08:12
6,Starved,2026-03-20 03:07:58,2026-03-20 03:08:12
3,Running,2026-03-20 03:07:13,2026-03-20 03:08:15
2,Down,2026-03-20 03:07:13,2026-03-20 03:08:26
1,Blocked,2026-03-20 03:06:54,2026-03-20 03:08:26
5,Starved,2026-03-20 03:08:12,2026-03-20 03:08:29
3,Blocked,2026-03-20 03:08:15,2026-03-20 03:08:29
12,Running,2026-03-20 03:06:11,2026-03-20 03:09:06
6,Running,2026-03-20 03:08:12,2026-03-20 03:09:10
12,Starved,2026-03-20 03:09:06,2026-03-20 03:09:13
1,Running,2026-03-20 03:08:26,2026-03-20 03:09:22
1,Blocked,2026-03-20 03:09:22,2026-03-20 03:09:28
6,Starved,2026-03-20 03:09:10,2026-03-20 03:09:33
10,Running,2026-03-20 03:06:41,2026-03-20 03:09:52
12,Running,2026-03-20 03:09:13,2026-03-20 03:10:11
10,Starved,2026-03-20 03:09:52,2026-03-20 03:10:15
12,Starved,2026-03-20 03:10:11,2026-03-20 03:10:18
6,Running,2026-03-20 03:09:33,2026-03-20 03:10:26
1,Running,2026-03-20 03:09:28,2026-03-20 03:10:31
1,Blocked,2026-03-20 03:10:31,2026-03-20 03:10:33
6,Starved,2026-03-20 03:10:26,2026-03-20 03:10:41
10,Running,2026-03-20 03:10:15,2026-03-20 03:11:16
10,Starved,2026-03-20 03:11:16,2026-03-20 03:11:20
3,Running,2026-03-20 03:08:29,2026-03-20 03:11:31
5,Running,2026-03-20 03:08:29,2026-03-20 03:11:34
5,Starved,2026-03-20 03:11:34,2026-03-20 03:11:38
3,Blocked,2026-03-20 03:11:31,2026-03-20 03:11:38
10,Running,2026-03-20 03:11:20,2026-03-20 03:12:20
10,Starved,2026-03-20 03:12:20,2026-03-20 03:12:26
5,Running,2026-03-20 03:11:38,2026-03-20 03:12:30
5,Starved,2026-03-20 03:12:30,2026-03-20 03:12:38
8,Running,2026-03-20 02:27:21,2026-03-20 03:13:25
1,Running,2026-03-20 03:10:33,2026-03-20 03:13:31
1,Blocked,2026-03-20 03:13:31,2026-03-20 03:13:34
5,Running,2026-03-20 03:12:38,2026-03-20 03:13:36
5,Starved,2026-03-20 03:13:36,2026-03-20 03:13:39
5,Running,2026-03-20 03:13:39,2026-03-20 03:14:39
3,Running,2026-03-20 03:11:38,2026-03-20 03:14:45
5,Starved,2026-03-20 03:14:39,2026-03-20 03:15:01
3,Blocked,2026-03-20 03:14:45,2026-03-20 03:15:01
6,Running,2026-03-20 03:10:41,2026-03-20 03:15:52
3,Running,2026-03-20 03:15:01,2026-03-20 03:15:59
5,Running,2026-03-20 03:15:01,2026-03-20 03:16:06
6,Starved,2026-03-20 03:15:52,2026-03-20 03:16:06
10,Running,2026-03-20 03:12:26,2026-03-20 03:16:19
10,Starved,2026-03-20 03:16:19,2026-03-20 03:16:20
5,Starved,2026-03-20 03:16:06,2026-03-20 03:16:22
3,Blocked,2026-03-20 03:15:59,2026-03-20 03:16:22
6,Running,2026-03-20 03:16:06,2026-03-20 03:17:15
7,Running,2026-03-20 02:29:22,2026-03-20 03:17:16
10,Running,2026-03-20 03:16:20,2026-03-20 03:17:19
6,Starved,2026-03-20 03:17:15,2026-03-20 03:17:24
9,Running,2026-03-20 02:28:27,2026-03-20 03:17:36
10,Starved,2026-03-20 03:17:19,2026-03-20 03:17:36
8,Down,2026-03-20 03:13:25,2026-03-20 03:18:19
7,Blocked,2026-03-20 03:17:16,2026-03-20 03:18:19
10,Running,2026-03-20 03:17:36,2026-03-20 03:18:35
9,Starved,2026-03-20 03:17:36,2026-03-20 03:19:09
5,Running,2026-03-20 03:16:22,2026-03-20 03:19:16
3,Running,2026-03-20 03:16:22,2026-03-20 03:19:25
5,Starved,2026-03-20 03:19:16,2026-03-20 03:19:32
3,Blocked,2026-03-20 03:19:25,2026-03-20 03:19:32
7,Running,2026-03-20 03:18:19,2026-03-20 03:20:12
7,Blocked,2026-03-20 03:20:12,2026-03-20 03:20:12
6,Running,2026-03-20 03:17:24,2026-03-20 03:20:18
10,Starved,2026-03-20 03:18:35,2026-03-20 03:20:20
5,Running,2026-03-20 03:19:32,2026-03-20 03:20:27
6,Starved,2026-03-20 03:20:18,2026-03-20 03:20:27
3,Running,2026-03-20 03:19:32,2026-03-20 03:20:30
2,Running,2026-03-20 03:08:26,2026-03-20 03:20:32
5,Starved,2026-03-20 03:20:27,2026-03-20 03:20:45
3,Blocked,2026-03-20 03:20:30,2026-03-20 03:20:45
2,Blocked,2026-03-20 03:20:32,2026-03-20 03:20:45
6,Running,2026-03-20 03:20:27,2026-03-20 03:21:23
5,Running,2026-03-20 03:20:45,2026-03-20 03:21:36
6,Starved,2026-03-20 03:21:23,2026-03-20 03:21:36
3,Running,2026-03-20 03:20:45,2026-03-20 03:21:44
2,Running,2026-03-20 03:20:45,2026-03-20 03:21:47
5,Starved,2026-03-20 03:21:36,2026-03-20 03:22:02
3,Blocked,2026-03-20 03:21:44,2026-03-20 03:22:02
2,Blocked,2026-03-20 03:21:47,2026-03-20 03:22:02
6,Running,2026-03-20 03:21:36,2026-03-20 03:22:40
1,Running,2026-03-20 03:13:34,2026-03-20 03:22:54
5,Running,2026-03-20 03:22:02,2026-03-20 03:22:57
6,Starved,2026-03-20 03:22:40,2026-03-20 03:22:57
3,Running,2026-03-20 03:22:02,2026-03-20 03:23:02
2,Running,2026-03-20 03:22:02,2026-03-20 03:23:12
5,Starved,2026-03-20 03:22:57,2026-03-20 03:23:37
3,Blocked,2026-03-20 03:23:02,2026-03-20 03:23:37
2,Blocked,2026-03-20 03:23:12,2026-03-20 03:23:37
1,Blocked,2026-03-20 03:22:54,2026-03-20 03:23:37
6,Running,2026-03-20 03:22:57,2026-03-20 03:24:01
3,Running,2026-03-20 03:23:37,2026-03-20 03:24:30
2,Running,2026-03-20 03:23:37,2026-03-20 03:24:36
5,Running,2026-03-20 03:23:37,2026-03-20 03:24:38
6,Starved,2026-03-20 03:24:01,2026-03-20 03:24:38
1,Running,2026-03-20 03:23:37,2026-03-20 03:24:44
5,Starved,2026-03-20 03:24:38,2026-03-20 03:24:59
3,Blocked,2026-03-20 03:24:30,2026-03-20 03:24:59
2,Blocked,2026-03-20 03:24:36,2026-03-20 03:24:59
1,Blocked,2026-03-20 03:24:44,2026-03-20 03:24:59
6,Running,2026-03-20 03:24:38,2026-03-20 03:25:37
9,Running,2026-03-20 03:19:09,2026-03-20 03:25:46
5,Running,2026-03-20 03:24:59,2026-03-20 03:25:52
6,Starved,2026-03-20 03:25:37,2026-03-20 03:25:52
9,Starved,2026-03-20 03:25:46,2026-03-20 03:25:54
3,Running,2026-03-20 03:24:59,2026-03-20 03:25:54
5,Starved,2026-03-20 03:25:52,2026-03-20 03:25:59
3,Blocked,2026-03-20 03:25:54,2026-03-20 03:25:59
1,Running,2026-03-20 03:24:59,2026-03-20 03:26:02
1,Blocked,2026-03-20 03:26:02,2026-03-20 03:26:07
6,Running,2026-03-20 03:25:52,2026-03-20 03:26:43
3,Running,2026-03-20 03:25:59,2026-03-20 03:26:45
5,Running,2026-03-20 03:25:59,2026-03-20 03:26:54
6,Starved,2026-03-20 03:26:43,2026-03-20 03:26:54
1,Running,2026-03-20 03:26:07,2026-03-20 03:27:03
5,Starved,2026-03-20 03:26:54,2026-03-20 03:27:08
3,Blocked,2026-03-20 03:26:45,2026-03-20 03:27:08
1,Blocked,2026-03-20 03:27:03,2026-03-20 03:27:11
6,Running,2026-03-20 03:26:54,2026-03-20 03:27:56
3,Running,2026-03-20 03:27:08,2026-03-20 03:27:58
2,Running,2026-03-20 03:24:59,2026-03-20 03:28:07
5,Running,2026-03-20 03:27:08,2026-03-20 03:28:07
6,Starved,2026-03-20 03:27:56,2026-03-20 03:28:07
1,Running,2026-03-20 03:27:11,2026-03-20 03:28:15
5,Starved,2026-03-20 03:28:07,2026-03-20 03:28:16
3,Blocked,2026-03-20 03:27:58,2026-03-20 03:28:16
2,Blocked,2026-03-20 03:28:07,2026-03-20 03:28:16
1,Blocked,2026-03-20 03:28:15,2026-03-20 03:28:16
10,Running,2026-03-20 03:20:20,2026-03-20 03:28:17
10,Starved,2026-03-20 03:28:17,2026-03-20 03:28:18
6,Running,2026-03-20 03:28:07,2026-03-20 03:29:02
5,Running,2026-03-20 03:28:16,2026-03-20 03:29:11
6,Starved,2026-03-20 03:29:02,2026-03-20 03:29:11
2,Running,2026-03-20 03:28:16,2026-03-20 03:29:12
1,Running,2026-03-20 03:28:16,2026-03-20 03:29:17
5,Starved,2026-03-20 03:29:11,2026-03-20 03:29:24
2,Blocked,2026-03-20 03:29:12,2026-03-20 03:29:24
1,Blocked,2026-03-20 03:29:17,2026-03-20 03:29:24
3,Running,2026-03-20 03:28:16,2026-03-20 03:30:13
6,Running,2026-03-20 03:29:11,2026-03-20 03:30:17
2,Running,2026-03-20 03:29:24,2026-03-20 03:30:25
5,Running,2026-03-20 03:29:24,2026-03-20 03:30:29
6,Starved,2026-03-20 03:30:17,2026-03-20 03:30:29
5,Starved,2026-03-20 03:30:29,2026-03-20 03:30:33
3,Blocked,2026-03-20 03:30:13,2026-03-20 03:30:33
2,Blocked,2026-03-20 03:30:25,2026-03-20 03:30:33
5,Running,2026-03-20 03:30:33,2026-03-20 03:31:28
1,Down,2026-03-20 03:29:24,2026-03-20 03:31:30
3,Running,2026-03-20 03:30:33,2026-03-20 03:31:39
2,Running,2026-03-20 03:30:33,2026-03-20 03:31:40
5,Starved,2026-03-20 03:31:28,2026-03-20 03:31:49
3,Blocked,2026-03-20 03:31:39,2026-03-20 03:31:49
2,Blocked,2026-03-20 03:31:40,2026-03-20 03:31:49
6,Running,2026-03-20 03:30:29,2026-03-20 03:32:35
3,Running,2026-03-20 03:31:49,2026-03-20 03:32:48
5,Running,2026-03-20 03:31:49,2026-03-20 03:32:55
6,Starved,2026-03-20 03:32:35,2026-03-20 03:32:55
2,Running,2026-03-20 03:31:49,2026-03-20 03:32:56
5,Starved,2026-03-20 03:32:55,2026-03-20 03:33:04
3,Blocked,2026-03-20 03:32:48,2026-03-20 03:33:04
2,Blocked,2026-03-20 03:32:56,2026-03-20 03:33:04
6,Running,2026-03-20 03:32:55,2026-03-20 03:33:51
2,Running,2026-03-20 03:33:04,2026-03-20 03:33:57
5,Running,2026-03-20 03:33:04,2026-03-20 03:34:00
6,Starved,2026-03-20 03:33:51,2026-03-20 03:34:00
3,Running,2026-03-20 03:33:04,2026-03-20 03:34:05
5,Starved,2026-03-20 03:34:00,2026-03-20 03:34:21
3,Blocked,2026-03-20 03:34:05,2026-03-20 03:34:21
2,Blocked,2026-03-20 03:33:57,2026-03-20 03:34:21
6,Running,2026-03-20 03:34:00,2026-03-20 03:35:05
3,Running,2026-03-20 03:34:21,2026-03-20 03:35:20
5,Running,2026-03-20 03:34:21,2026-03-20 03:35:22
6,Starved,2026-03-20 03:35:05,2026-03-20 03:35:22
2,Running,2026-03-20 03:34:21,2026-03-20 03:35:24
5,Starved,2026-03-20 03:35:22,2026-03-20 03:35:39
3,Blocked,2026-03-20 03:35:20,2026-03-20 03:35:39
2,Blocked,2026-03-20 03:35:24,2026-03-20 03:35:39
6,Running,2026-03-20 03:35:22,2026-03-20 03:36:17
3,Running,2026-03-20 03:35:39,2026-03-20 03:36:29
5,Running,2026-03-20 03:35:39,2026-03-20 03:36:39
6,Starved,2026-03-20 03:36:17,2026-03-20 03:36:39
5,Starved,2026-03-20 03:36:39,2026-03-20 03:36:41
3,Blocked,2026-03-20 03:36:29,2026-03-20 03:36:41
3,Running,2026-03-20 03:36:41,2026-03-20 03:37:29
6,Running,2026-03-20 03:36:39,2026-03-20 03:37:32
3,Blocked,2026-03-20 03:37:29,2026-03-20 03:37:37
6,Starved,2026-03-20 03:37:32,2026-03-20 03:37:39
12,Running,2026-03-20 03:10:18,2026-03-20 03:38:02
12,Starved,2026-03-20 03:38:02,2026-03-20 03:38:09
6,Running,2026-03-20 03:37:39,2026-03-20 03:38:34
3,Running,2026-03-20 03:37:37,2026-03-20 03:38:40
5,Running,2026-03-20 03:36:41,2026-03-20 03:38:42
6,Starved,2026-03-20 03:38:34,2026-03-20 03:38:42
5,Starved,2026-03-20 03:38:42,2026-03-20 03:38:52
3,Blocked,2026-03-20 03:38:40,2026-03-20 03:38:52
12,Running,2026-03-20 03:38:09,2026-03-20 03:39:12
12,Starved,2026-03-20 03:39:12,2026-03-20 03:39:14
10,Running,2026-03-20 03:28:18,2026-03-20 03:39:30
6,Running,2026-03-20 03:38:42,2026-03-20 03:39:46
5,Running,2026-03-20 03:38:52,2026-03-20 03:39:49
6,Starved,2026-03-20 03:39:46,2026-03-20 03:39:49
3,Running,2026-03-20 03:38:52,2026-03-20 03:39:50
10,Starved,2026-03-20 03:39:30,2026-03-20 03:39:50
5,Starved,2026-03-20 03:39:49,2026-03-20 03:39:52
3,Blocked,2026-03-20 03:39:50,2026-03-20 03:39:52
12,Running,2026-03-20 03:39:14,2026-03-20 03:40:10
12,Starved,2026-03-20 03:40:10,2026-03-20 03:40:11
10,Running,2026-03-20 03:39:50,2026-03-20 03:40:47
6,Running,2026-03-20 03:39:49,2026-03-20 03:40:50
3,Running,2026-03-20 03:39:52,2026-03-20 03:40:51
10,Starved,2026-03-20 03:40:47,2026-03-20 03:40:54
5,Running,2026-03-20 03:39:52,2026-03-20 03:40:57
6,Starved,2026-03-20 03:40:50,2026-03-20 03:40:57
2,Running,2026-03-20 03:35:39,2026-03-20 03:41:01
12,Running,2026-03-20 03:40:11,2026-03-20 03:41:12
12,Starved,2026-03-20 03:41:12,2026-03-20 03:41:15
5,Starved,2026-03-20 03:40:57,2026-03-20 03:41:24
3,Blocked,2026-03-20 03:40:51,2026-03-20 03:41:24
2,Blocked,2026-03-20 03:41:01,2026-03-20 03:41:24
6,Running,2026-03-20 03:40:57,2026-03-20 03:42:04
2,Running,2026-03-20 03:41:24,2026-03-20 03:42:20
2,Blocked,2026-03-20 03:42:20,2026-03-20 03:42:20
6,Starved,2026-03-20 03:42:04,2026-03-20 03:42:32
10,Running,2026-03-20 03:40:54,2026-03-20 03:42:50
10,Starved,2026-03-20 03:42:50,2026-03-20 03:43:05
3,Running,2026-03-20 03:41:24,2026-03-20 03:43:20
2,Running,2026-03-20 03:42:20,2026-03-20 03:43:26
3,Blocked,2026-03-20 03:43:20,2026-03-20 03:43:29
6,Running,2026-03-20 03:42:32,2026-03-20 03:43:34
6,Starved,2026-03-20 03:43:34,2026-03-20 03:43:35
1,Running,2026-03-20 03:31:30,2026-03-20 03:43:49
12,Running,2026-03-20 03:41:15,2026-03-20 03:44:16
12,Starved,2026-03-20 03:44:16,2026-03-20 03:44:26
5,Running,2026-03-20 03:41:24,2026-03-20 03:44:29
5,Starved,2026-03-20 03:44:29,2026-03-20 03:44:39
5,Running,2026-03-20 03:44:39,2026-03-20 03:45:30
8,Running,2026-03-20 03:18:19,2026-03-20 03:45:44
8,Starved,2026-03-20 03:45:44,2026-03-20 03:45:54
5,Starved,2026-03-20 03:45:30,2026-03-20 03:46:05
6,Running,2026-03-20 03:43:35,2026-03-20 03:46:40
8,Running,2026-03-20 03:45:54,2026-03-20 03:46:51
8,Starved,2026-03-20 03:46:51,2026-03-20 03:47:02
5,Running,2026-03-20 03:46:05,2026-03-20 03:47:04
6,Starved,2026-03-20 03:46:40,2026-03-20 03:47:04
5,Starved,2026-03-20 03:47:04,2026-03-20 03:47:08
8,Running,2026-03-20 03:47:02,2026-03-20 03:47:57
6,Running,2026-03-20 03:47:04,2026-03-20 03:48:11
5,Running,2026-03-20 03:47:08,2026-03-20 03:48:12
6,Starved,2026-03-20 03:48:11,2026-03-20 03:48:12
8,Starved,2026-03-20 03:47:57,2026-03-20 03:48:19
5,Starved,2026-03-20 03:48:12,2026-03-20 03:48:20
6,Running,2026-03-20 03:48:12,2026-03-20 03:49:11
10,Running,2026-03-20 03:43:05,2026-03-20 03:49:12
8,Running,2026-03-20 03:48:19,2026-03-20 03:49:16
5,Running,2026-03-20 03:48:20,2026-03-20 03:49:18
6,Starved,2026-03-20 03:49:11,2026-03-20 03:49:18
8,Starved,2026-03-20 03:49:16,2026-03-20 03:49:19
10,Starved,2026-03-20 03:49:12,2026-03-20 03:49:30
4,Running,2026-03-19 23:40:21,2026-03-20 03:49:36
5,Starved,2026-03-20 03:49:18,2026-03-20 03:49:36
6,Running,2026-03-20 03:49:18,2026-03-20 03:50:17
5,Running,2026-03-20 03:49:36,2026-03-20 03:50:39
6,Down,2026-03-20 03:50:17,2026-03-20 03:52:10
3,Down,2026-03-20 03:43:29,2026-03-20 03:52:18
2,Blocked,2026-03-20 03:43:26,2026-03-20 03:52:18
1,Blocked,2026-03-20 03:43:49,2026-03-20 03:52:18
8,Running,2026-03-20 03:49:19,2026-03-20 03:52:24
6,Running,2026-03-20 03:52:10,2026-03-20 03:53:07
8,Down,2026-03-20 03:52:24,2026-03-20 03:53:12
1,Running,2026-03-20 03:52:18,2026-03-20 03:53:16
2,Running,2026-03-20 03:52:18,2026-03-20 03:53:22
4,Starved,2026-03-20 03:49:36,2026-03-20 03:53:26
2,Blocked,2026-03-20 03:53:22,2026-03-20 03:53:26
1,Blocked,2026-03-20 03:53:16,2026-03-20 03:53:26
1,Running,2026-03-20 03:53:26,2026-03-20 03:54:28
1,Blocked,2026-03-20 03:54:28,2026-03-20 03:54:29
5,Starved,2026-03-20 03:50:39,2026-03-20 03:54:44
12,Running,2026-03-20 03:44:26,2026-03-20 03:55:05
12,Starved,2026-03-20 03:55:05,2026-03-20 03:55:08
5,Running,2026-03-20 03:54:44,2026-03-20 03:55:34
6,Starved,2026-03-20 03:53:07,2026-03-20 03:55:34
1,Running,2026-03-20 03:54:29,2026-03-20 03:55:35
1,Blocked,2026-03-20 03:55:35,2026-03-20 03:55:36
10,Running,2026-03-20 03:49:30,2026-03-20 03:56:21
6,Running,2026-03-20 03:55:34,2026-03-20 03:56:34
8,Running,2026-03-20 03:53:12,2026-03-20 03:56:45
10,Starved,2026-03-20 03:56:21,2026-03-20 03:56:46
8,Starved,2026-03-20 03:56:45,2026-03-20 03:56:59
8,Running,2026-03-20 03:56:59,2026-03-20 03:57:54
8,Starved,2026-03-20 03:57:54,2026-03-20 03:58:23
10,Running,2026-03-20 03:56:46,2026-03-20 03:58:39
10,Starved,2026-03-20 03:58:39,2026-03-20 03:58:51
8,Running,2026-03-20 03:58:23,2026-03-20 03:59:20
8,Starved,2026-03-20 03:59:20,2026-03-20 03:59:27
2,Running,2026-03-20 03:53:26,2026-03-20 03:59:32
2,Blocked,2026-03-20 03:59:32,2026-03-20 03:59:32
10,Running,2026-03-20 03:58:51,2026-03-20 03:59:54
10,Starved,2026-03-20 03:59:54,2026-03-20 03:59:55
8,Running,2026-03-20 03:59:27,2026-03-20 04:00:20
8,Starved,2026-03-20 04:00:20,2026-03-20 04:00:26
2,Running,2026-03-20 03:59:32,2026-03-20 04:00:28
1,Running,2026-03-20 03:55:36,2026-03-20 04:00:37
2,Blocked,2026-03-20 04:00:28,2026-03-20 04:00:39
1,Blocked,2026-03-20 04:00:37,2026-03-20 04:00:39
10,Running,2026-03-20 03:59:55,2026-03-20 04:01:00
10,Starved,2026-03-20 04:01:00,2026-03-20 04:01:01
8,Running,2026-03-20 04:00:26,2026-03-20 04:01:21
8,Starved,2026-03-20 04:01:21,2026-03-20 04:01:24
1,Running,2026-03-20 04:00:39,2026-03-20 04:01:42
1,Blocked,2026-03-20 04:01:42,2026-03-20 04:01:51
1,Running,2026-03-20 04:01:51,2026-03-20 04:02:52
10,Running,2026-03-20 04:01:01,2026-03-20 04:03:03
10,Starved,2026-03-20 04:03:03,2026-03-20 04:03:03
5,Down,2026-03-20 03:55:34,2026-03-20 04:03:04
1,Blocked,2026-03-20 04:02:52,2026-03-20 04:03:07
6,Starved,2026-03-20 03:56:34,2026-03-20 04:04:10
8,Running,2026-03-20 04:01:24,2026-03-20 04:04:39
8,Starved,2026-03-20 04:04:39,2026-03-20 04:04:48
6,Running,2026-03-20 04:04:10,2026-03-20 04:05:12
8,Running,2026-03-20 04:04:48,2026-03-20 04:05:47
8,Starved,2026-03-20 04:05:47,2026-03-20 04:05:49
8,Running,2026-03-20 04:05:49,2026-03-20 04:06:50
8,Starved,2026-03-20 04:06:50,2026-03-20 04:07:06
5,Running,2026-03-20 04:03:04,2026-03-20 04:08:06
6,Down,2026-03-20 04:05:12,2026-03-20 04:08:19
5,Blocked,2026-03-20 04:08:06,2026-03-20 04:08:19
8,Running,2026-03-20 04:07:06,2026-03-20 04:08:59
8,Starved,2026-03-20 04:08:59,2026-03-20 04:09:08
10,Running,2026-03-20 04:03:03,2026-03-20 04:09:15
5,Running,2026-03-20 04:08:19,2026-03-20 04:09:20
5,Blocked,2026-03-20 04:09:20,2026-03-20 04:09:22
10,Starved,2026-03-20 04:09:15,2026-03-20 04:09:23
8,Running,2026-03-20 04:09:08,2026-03-20 04:10:01
8,Starved,2026-03-20 04:10:01,2026-03-20 04:10:08
1,Running,2026-03-20 04:03:07,2026-03-20 04:10:18
1,Blocked,2026-03-20 04:10:18,2026-03-20 04:10:19
4,Running,2026-03-20 03:53:26,2026-03-20 04:11:01
8,Running,2026-03-20 04:10:08,2026-03-20 04:11:04
8,Starved,2026-03-20 04:11:04,2026-03-20 04:11:05
5,Running,2026-03-20 04:09:22,2026-03-20 04:11:22
5,Blocked,2026-03-20 04:11:22,2026-03-20 04:11:23
5,Running,2026-03-20 04:11:23,2026-03-20 04:12:15
5,Blocked,2026-03-20 04:12:15,2026-03-20 04:12:19
10,Running,2026-03-20 04:09:23,2026-03-20 04:12:22
10,Starved,2026-03-20 04:12:22,2026-03-20 04:12:28
3,Running,2026-03-20 03:52:18,2026-03-20 04:12:41
2,Running,2026-03-20 04:00:39,2026-03-20 04:13:10
4,Down,2026-03-20 04:11:01,2026-03-20 04:13:12
3,Blocked,2026-03-20 04:12:41,2026-03-20 04:13:12
2,Blocked,2026-03-20 04:13:10,2026-03-20 04:13:12
10,Running,2026-03-20 04:12:28,2026-03-20 04:13:23
10,Starved,2026-03-20 04:13:23,2026-03-20 04:13:30
3,Running,2026-03-20 04:13:12,2026-03-20 04:14:04
8,Running,2026-03-20 04:11:05,2026-03-20 04:14:08
2,Running,2026-03-20 04:13:12,2026-03-20 04:14:11
3,Blocked,2026-03-20 04:14:04,2026-03-20 04:14:13
2,Blocked,2026-03-20 04:14:11,2026-03-20 04:14:13
10,Running,2026-03-20 04:13:30,2026-03-20 04:14:27
10,Starved,2026-03-20 04:14:27,2026-03-20 04:14:31
8,Starved,2026-03-20 04:14:08,2026-03-20 04:14:40
3,Running,2026-03-20 04:14:13,2026-03-20 04:15:07
3,Blocked,2026-03-20 04:15:07,2026-03-20 04:15:16
10,Running,2026-03-20 04:14:31,2026-03-20 04:15:28
9,Running,2026-03-20 03:25:54,2026-03-20 04:15:28
10,Starved,2026-03-20 04:15:28,2026-03-20 04:15:28
8,Running,2026-03-20 04:14:40,2026-03-20 04:15:41
9,Starved,2026-03-20 04:15:28,2026-03-20 04:15:41
8,Starved,2026-03-20 04:15:41,2026-03-20 04:15:56
2,Running,2026-03-20 04:14:13,2026-03-20 04:16:18
3,Running,2026-03-20 04:15:16,2026-03-20 04:16:19
1,Running,2026-03-20 04:10:19,2026-03-20 04:16:22
5,Running,2026-03-20 04:12:19,2026-03-20 04:16:27
10,Running,2026-03-20 04:15:28,2026-03-20 04:16:28
5,Blocked,2026-03-20 04:16:27,2026-03-20 04:16:29
3,Blocked,2026-03-20 04:16:19,2026-03-20 04:16:32
2,Blocked,2026-03-20 04:16:18,2026-03-20 04:16:32
1,Blocked,2026-03-20 04:16:22,2026-03-20 04:16:32
9,Running,2026-03-20 04:15:41,2026-03-20 04:16:58
8,Running,2026-03-20 04:15:56,2026-03-20 04:17:02
9,Starved,2026-03-20 04:16:58,2026-03-20 04:17:02
2,Running,2026-03-20 04:16:32,2026-03-20 04:17:20
8,Starved,2026-03-20 04:17:02,2026-03-20 04:17:24
10,Down,2026-03-20 04:16:28,2026-03-20 04:17:28
2,Blocked,2026-03-20 04:17:20,2026-03-20 04:17:32
9,Running,2026-03-20 04:17:02,2026-03-20 04:18:14
2,Running,2026-03-20 04:17:32,2026-03-20 04:18:26
9,Starved,2026-03-20 04:18:14,2026-03-20 04:18:31
5,Running,2026-03-20 04:16:29,2026-03-20 04:18:33
1,Running,2026-03-20 04:16:32,2026-03-20 04:18:33
5,Blocked,2026-03-20 04:18:33,2026-03-20 04:18:34
2,Blocked,2026-03-20 04:18:26,2026-03-20 04:18:36
1,Blocked,2026-03-20 04:18:33,2026-03-20 04:18:36
12,Running,2026-03-20 03:55:08,2026-03-20 04:19:08
5,Running,2026-03-20 04:18:34,2026-03-20 04:19:27
1,Running,2026-03-20 04:18:36,2026-03-20 04:19:27
10,Running,2026-03-20 04:17:28,2026-03-20 04:19:30
3,Running,2026-03-20 04:16:32,2026-03-20 04:19:37
2,Running,2026-03-20 04:18:36,2026-03-20 04:19:42
5,Blocked,2026-03-20 04:19:27,2026-03-20 04:19:44
10,Starved,2026-03-20 04:19:30,2026-03-20 04:19:50
3,Blocked,2026-03-20 04:19:37,2026-03-20 04:19:53
2,Blocked,2026-03-20 04:19:42,2026-03-20 04:19:53
1,Blocked,2026-03-20 04:19:27,2026-03-20 04:19:53
8,Running,2026-03-20 04:17:24,2026-03-20 04:20:28
8,Starved,2026-03-20 04:20:28,2026-03-20 04:20:28
5,Running,2026-03-20 04:19:44,2026-03-20 04:20:39
2,Running,2026-03-20 04:19:53,2026-03-20 04:20:43
5,Blocked,2026-03-20 04:20:39,2026-03-20 04:20:45
1,Running,2026-03-20 04:19:53,2026-03-20 04:20:53
3,Running,2026-03-20 04:19:53,2026-03-20 04:20:56
3,Blocked,2026-03-20 04:20:56,2026-03-20 04:21:00
2,Blocked,2026-03-20 04:20:43,2026-03-20 04:21:00
1,Blocked,2026-03-20 04:20:53,2026-03-20 04:21:00
11,Running,2026-03-20 03:04:01,2026-03-20 04:21:06
8,Running,2026-03-20 04:20:28,2026-03-20 04:21:25
8,Starved,2026-03-20 04:21:25,2026-03-20 04:21:31
5,Running,2026-03-20 04:20:45,2026-03-20 04:21:43
3,Running,2026-03-20 04:21:00,2026-03-20 04:21:51
5,Blocked,2026-03-20 04:21:43,2026-03-20 04:21:58
2,Running,2026-03-20 04:21:00,2026-03-20 04:22:00
1,Running,2026-03-20 04:21:00,2026-03-20 04:22:02
3,Blocked,2026-03-20 04:21:51,2026-03-20 04:22:04
2,Blocked,2026-03-20 04:22:00,2026-03-20 04:22:04
1,Blocked,2026-03-20 04:22:02,2026-03-20 04:22:04
8,Running,2026-03-20 04:21:31,2026-03-20 04:22:28
8,Starved,2026-03-20 04:22:28,2026-03-20 04:22:28
3,Running,2026-03-20 04:22:04,2026-03-20 04:22:57
3,Blocked,2026-03-20 04:22:57,2026-03-20 04:22:58
8,Running,2026-03-20 04:22:28,2026-03-20 04:23:18
8,Starved,2026-03-20 04:23:18,2026-03-20 04:23:52
3,Running,2026-03-20 04:22:58,2026-03-20 04:24:03
2,Running,2026-03-20 04:22:04,2026-03-20 04:24:08
1,Running,2026-03-20 04:22:04,2026-03-20 04:24:18
3,Blocked,2026-03-20 04:24:03,2026-03-20 04:24:21
2,Blocked,2026-03-20 04:24:08,2026-03-20 04:24:21
1,Blocked,2026-03-20 04:24:18,2026-03-20 04:24:21
9,Running,2026-03-20 04:18:31,2026-03-20 04:24:36
9,Starved,2026-03-20 04:24:36,2026-03-20 04:24:51
5,Running,2026-03-20 04:21:58,2026-03-20 04:24:53
5,Blocked,2026-03-20 04:24:53,2026-03-20 04:25:03
12,Down,2026-03-20 04:19:08,2026-03-20 04:25:16
11,Blocked,2026-03-20 04:21:06,2026-03-20 04:25:16
3,Running,2026-03-20 04:24:21,2026-03-20 04:25:18
3,Blocked,2026-03-20 04:25:18,2026-03-20 04:25:18
10,Running,2026-03-20 04:19:50,2026-03-20 04:25:48
2,Running,2026-03-20 04:24:21,2026-03-20 04:26:12
10,Starved,2026-03-20 04:25:48,2026-03-20 04:26:14
3,Running,2026-03-20 04:25:18,2026-03-20 04:26:15
1,Running,2026-03-20 04:24:21,2026-03-20 04:26:35
3,Blocked,2026-03-20 04:26:15,2026-03-20 04:26:52
2,Blocked,2026-03-20 04:26:12,2026-03-20 04:26:52
1,Blocked,2026-03-20 04:26:35,2026-03-20 04:26:52
5,Running,2026-03-20 04:25:03,2026-03-20 04:27:04
5,Blocked,2026-03-20 04:27:04,2026-03-20 04:27:06
3,Running,2026-03-20 04:26:52,2026-03-20 04:27:51
1,Running,2026-03-20 04:26:52,2026-03-20 04:27:51
8,Running,2026-03-20 04:23:52,2026-03-20 04:27:55
2,Running,2026-03-20 04:26:52,2026-03-20 04:27:56
8,Starved,2026-03-20 04:27:55,2026-03-20 04:27:58
3,Blocked,2026-03-20 04:27:51,2026-03-20 04:28:00
2,Blocked,2026-03-20 04:27:56,2026-03-20 04:28:00
1,Blocked,2026-03-20 04:27:51,2026-03-20 04:28:00
9,Running,2026-03-20 04:24:51,2026-03-20 04:28:11
5,Running,2026-03-20 04:27:06,2026-03-20 04:28:12
1,Running,2026-03-20 04:28:00,2026-03-20 04:28:52
8,Running,2026-03-20 04:27:58,2026-03-20 04:28:55
8,Starved,2026-03-20 04:28:55,2026-03-20 04:29:01
1,Blocked,2026-03-20 04:28:52,2026-03-20 04:29:09
10,Running,2026-03-20 04:26:14,2026-03-20 04:29:28
9,Down,2026-03-20 04:28:11,2026-03-20 04:29:43
1,Running,2026-03-20 04:29:09,2026-03-20 04:30:02
3,Running,2026-03-20 04:28:00,2026-03-20 04:30:03
3,Blocked,2026-03-20 04:30:03,2026-03-20 04:30:07
1,Blocked,2026-03-20 04:30:02,2026-03-20 04:30:15
10,Starved,2026-03-20 04:29:28,2026-03-20 04:30:47
5,Down,2026-03-20 04:28:12,2026-03-20 04:31:04
8,Running,2026-03-20 04:29:01,2026-03-20 04:31:07
3,Running,2026-03-20 04:30:07,2026-03-20 04:31:15
2,Running,2026-03-20 04:28:00,2026-03-20 04:31:17
1,Running,2026-03-20 04:30:15,2026-03-20 04:31:17
8,Starved,2026-03-20 04:31:07,2026-03-20 04:31:20
3,Blocked,2026-03-20 04:31:15,2026-03-20 04:31:31
2,Blocked,2026-03-20 04:31:17,2026-03-20 04:31:31
1,Blocked,2026-03-20 04:31:17,2026-03-20 04:31:31
6,Running,2026-03-20 04:08:19,2026-03-20 04:31:44
10,Running,2026-03-20 04:30:47,2026-03-20 04:31:45
6,Starved,2026-03-20 04:31:44,2026-03-20 04:32:00
10,Starved,2026-03-20 04:31:45,2026-03-20 04:32:01
8,Running,2026-03-20 04:31:20,2026-03-20 04:32:18
8,Starved,2026-03-20 04:32:18,2026-03-20 04:32:26
3,Running,2026-03-20 04:31:31,2026-03-20 04:32:28
2,Running,2026-03-20 04:31:31,2026-03-20 04:32:30
1,Running,2026-03-20 04:31:31,2026-03-20 04:32:31
3,Blocked,2026-03-20 04:32:28,2026-03-20 04:32:39
2,Blocked,2026-03-20 04:32:30,2026-03-20 04:32:39
1,Blocked,2026-03-20 04:32:31,2026-03-20 04:32:39
6,Running,2026-03-20 04:32:00,2026-03-20 04:32:53
6,Starved,2026-03-20 04:32:53,2026-03-20 04:33:04
8,Running,2026-03-20 04:32:26,2026-03-20 04:33:29
3,Running,2026-03-20 04:32:39,2026-03-20 04:33:31
3,Blocked,2026-03-20 04:33:31,2026-03-20 04:33:36
6,Running,2026-03-20 04:33:04,2026-03-20 04:33:53
8,Starved,2026-03-20 04:33:29,2026-03-20 04:33:56
6,Starved,2026-03-20 04:33:53,2026-03-20 04:34:08
3,Running,2026-03-20 04:33:36,2026-03-20 04:34:38
2,Running,2026-03-20 04:32:39,2026-03-20 04:34:49
3,Blocked,2026-03-20 04:34:38,2026-03-20 04:34:50
2,Blocked,2026-03-20 04:34:49,2026-03-20 04:34:50
10,Running,2026-03-20 04:32:01,2026-03-20 04:34:57
8,Running,2026-03-20 04:33:56,2026-03-20 04:35:05
6,Running,2026-03-20 04:34:08,2026-03-20 04:35:06
6,Starved,2026-03-20 04:35:06,2026-03-20 04:35:13
8,Starved,2026-03-20 04:35:05,2026-03-20 04:35:20
10,Starved,2026-03-20 04:34:57,2026-03-20 04:35:20
1,Running,2026-03-20 04:32:39,2026-03-20 04:35:49
2,Running,2026-03-20 04:34:50,2026-03-20 04:35:50
2,Blocked,2026-03-20 04:35:50,2026-03-20 04:35:55
1,Blocked,2026-03-20 04:35:49,2026-03-20 04:35:55
6,Running,2026-03-20 04:35:13,2026-03-20 04:36:11
6,Starved,2026-03-20 04:36:11,2026-03-20 04:36:13
8,Running,2026-03-20 04:35:20,2026-03-20 04:36:16
8,Starved,2026-03-20 04:36:16,2026-03-20 04:36:54
1,Running,2026-03-20 04:35:55,2026-03-20 04:36:55
1,Blocked,2026-03-20 04:36:55,2026-03-20 04:36:56
10,Running,2026-03-20 04:35:20,2026-03-20 04:37:11
10,Starved,2026-03-20 04:37:11,2026-03-20 04:37:46
3,Running,2026-03-20 04:34:50,2026-03-20 04:37:46
3,Blocked,2026-03-20 04:37:46,2026-03-20 04:37:47
1,Running,2026-03-20 04:36:56,2026-03-20 04:37:55
1,Blocked,2026-03-20 04:37:55,2026-03-20 04:38:02
6,Running,2026-03-20 04:36:13,2026-03-20 04:38:19
6,Starved,2026-03-20 04:38:19,2026-03-20 04:38:21
10,Running,2026-03-20 04:37:46,2026-03-20 04:38:43
10,Starved,2026-03-20 04:38:43,2026-03-20 04:39:12
3,Running,2026-03-20 04:37:47,2026-03-20 04:39:48
1,Running,2026-03-20 04:38:02,2026-03-20 04:39:57
2,Running,2026-03-20 04:35:55,2026-03-20 04:40:02
3,Blocked,2026-03-20 04:39:48,2026-03-20 04:40:03
2,Blocked,2026-03-20 04:40:02,2026-03-20 04:40:03
1,Blocked,2026-03-20 04:39:57,2026-03-20 04:40:03
6,Running,2026-03-20 04:38:21,2026-03-20 04:40:21
6,Starved,2026-03-20 04:40:21,2026-03-20 04:40:23
7,Running,2026-03-20 03:20:12,2026-03-20 04:40:47
3,Running,2026-03-20 04:40:03,2026-03-20 04:40:56
1,Running,2026-03-20 04:40:03,2026-03-20 04:41:01
2,Running,2026-03-20 04:40:03,2026-03-20 04:41:06
7,Down,2026-03-20 04:40:47,2026-03-20 04:41:07
3,Blocked,2026-03-20 04:40:56,2026-03-20 04:41:09
2,Blocked,2026-03-20 04:41:06,2026-03-20 04:41:09
1,Blocked,2026-03-20 04:41:01,2026-03-20 04:41:09
6,Running,2026-03-20 04:40:23,2026-03-20 04:41:16
6,Starved,2026-03-20 04:41:16,2026-03-20 04:41:26
8,Running,2026-03-20 04:36:54,2026-03-20 04:41:52
8,Starved,2026-03-20 04:41:52,2026-03-20 04:42:06
3,Running,2026-03-20 04:41:09,2026-03-20 04:42:07
2,Running,2026-03-20 04:41:09,2026-03-20 04:42:09
1,Running,2026-03-20 04:41:09,2026-03-20 04:42:17
3,Blocked,2026-03-20 04:42:07,2026-03-20 04:42:19
2,Blocked,2026-03-20 04:42:09,2026-03-20 04:42:19
1,Blocked,2026-03-20 04:42:17,2026-03-20 04:42:19
2,Running,2026-03-20 04:42:19,2026-03-20 04:43:11
2,Blocked,2026-03-20 04:43:11,2026-03-20 04:43:25
8,Running,2026-03-20 04:42:06,2026-03-20 04:44:10
6,Running,2026-03-20 04:41:26,2026-03-20 04:44:16
6,Starved,2026-03-20 04:44:16,2026-03-20 04:44:20
1,Running,2026-03-20 04:42:19,2026-03-20 04:44:25
1,Blocked,2026-03-20 04:44:25,2026-03-20 04:44:34
8,Starved,2026-03-20 04:44:10,2026-03-20 04:44:41
2,Running,2026-03-20 04:43:25,2026-03-20 04:45:24
2,Blocked,2026-03-20 04:45:24,2026-03-20 04:45:30
8,Running,2026-03-20 04:44:41,2026-03-20 04:45:40
8,Starved,2026-03-20 04:45:40,2026-03-20 04:45:48
1,Running,2026-03-20 04:44:34,2026-03-20 04:46:37
6,Running,2026-03-20 04:44:20,2026-03-20 04:47:34
10,Running,2026-03-20 04:39:12,2026-03-20 04:47:47
8,Running,2026-03-20 04:45:48,2026-03-20 04:47:48
10,Starved,2026-03-20 04:47:47,2026-03-20 04:47:57
8,Starved,2026-03-20 04:47:48,2026-03-20 04:48:13
2,Running,2026-03-20 04:45:30,2026-03-20 04:49:21
3,Running,2026-03-20 04:42:19,2026-03-20 04:49:27
3,Blocked,2026-03-20 04:49:27,2026-03-20 04:49:31
2,Blocked,2026-03-20 04:49:21,2026-03-20 04:49:31
8,Running,2026-03-20 04:48:13,2026-03-20 04:50:19
5,Running,2026-03-20 04:31:04,2026-03-20 04:50:24
2,Running,2026-03-20 04:49:31,2026-03-20 04:50:28
3,Running,2026-03-20 04:49:31,2026-03-20 04:50:31
3,Blocked,2026-03-20 04:50:31,2026-03-20 04:50:35
2,Blocked,2026-03-20 04:50:28,2026-03-20 04:50:35
8,Down,2026-03-20 04:50:19,2026-03-20 04:50:44
10,Running,2026-03-20 04:47:57,2026-03-20 04:51:02
10,Starved,2026-03-20 04:51:02,2026-03-20 04:51:03
2,Running,2026-03-20 04:50:35,2026-03-20 04:51:38
8,Running,2026-03-20 04:50:44,2026-03-20 04:51:39
3,Running,2026-03-20 04:50:35,2026-03-20 04:51:40
8,Starved,2026-03-20 04:51:39,2026-03-20 04:51:41
3,Blocked,2026-03-20 04:51:40,2026-03-20 04:51:44
2,Blocked,2026-03-20 04:51:38,2026-03-20 04:51:44
3,Running,2026-03-20 04:51:44,2026-03-20 04:52:33
2,Running,2026-03-20 04:51:44,2026-03-20 04:52:41
3,Blocked,2026-03-20 04:52:33,2026-03-20 04:52:45
2,Blocked,2026-03-20 04:52:41,2026-03-20 04:52:45
8,Running,2026-03-20 04:51:41,2026-03-20 04:52:46
6,Down,2026-03-20 04:47:34,2026-03-20 04:52:47
5,Blocked,2026-03-20 04:50:24,2026-03-20 04:52:47
8,Starved,2026-03-20 04:52:46,2026-03-20 04:53:08
2,Running,2026-03-20 04:52:45,2026-03-20 04:53:44
5,Running,2026-03-20 04:52:47,2026-03-20 04:53:46
3,Running,2026-03-20 04:52:45,2026-03-20 04:53:47
5,Blocked,2026-03-20 04:53:46,2026-03-20 04:53:48
3,Blocked,2026-03-20 04:53:47,2026-03-20 04:53:48
2,Blocked,2026-03-20 04:53:44,2026-03-20 04:53:48
10,Running,2026-03-20 04:51:03,2026-03-20 04:54:01
10,Starved,2026-03-20 04:54:01,2026-03-20 04:54:14
5,Running,2026-03-20 04:53:48,2026-03-20 04:54:40
5,Blocked,2026-03-20 04:54:40,2026-03-20 04:54:54
2,Running,2026-03-20 04:53:48,2026-03-20 04:54:54
8,Running,2026-03-20 04:53:08,2026-03-20 04:54:59
10,Running,2026-03-20 04:54:14,2026-03-20 04:55:10
8,Starved,2026-03-20 04:54:59,2026-03-20 04:55:13
10,Starved,2026-03-20 04:55:10,2026-03-20 04:55:25
5,Running,2026-03-20 04:54:54,2026-03-20 04:55:40
5,Blocked,2026-03-20 04:55:40,2026-03-20 04:55:55
8,Running,2026-03-20 04:55:13,2026-03-20 04:56:07
8,Starved,2026-03-20 04:56:07,2026-03-20 04:56:31
10,Running,2026-03-20 04:55:25,2026-03-20 04:57:27
8,Running,2026-03-20 04:56:31,2026-03-20 04:57:30
8,Starved,2026-03-20 04:57:30,2026-03-20 04:57:46
10,Starved,2026-03-20 04:57:27,2026-03-20 04:57:51
8,Running,2026-03-20 04:57:46,2026-03-20 04:58:44
8,Starved,2026-03-20 04:58:44,2026-03-20 04:58:50
10,Running,2026-03-20 04:57:51,2026-03-20 04:58:59
10,Starved,2026-03-20 04:58:59,2026-03-20 04:59:17
3,Running,2026-03-20 04:53:48,2026-03-20 04:59:41
8,Running,2026-03-20 04:58:50,2026-03-20 04:59:51
3,Blocked,2026-03-20 04:59:41,2026-03-20 05:00:05
8,Starved,2026-03-20 04:59:51,2026-03-20 05:00:15
10,Running,2026-03-20 04:59:17,2026-03-20 05:00:18
10,Starved,2026-03-20 05:00:18,2026-03-20 05:00:27
3,Running,2026-03-20 05:00:05,2026-03-20 05:01:08
3,Blocked,2026-03-20 05:01:08,2026-03-20 05:01:14
8,Running,2026-03-20 05:00:15,2026-03-20 05:02:10
3,Running,2026-03-20 05:01:14,2026-03-20 05:02:16
10,Running,2026-03-20 05:00:27,2026-03-20 05:02:32
3,Blocked,2026-03-20 05:02:16,2026-03-20 05:02:33
10,Starved,2026-03-20 05:02:32,2026-03-20 05:02:35
8,Starved,2026-03-20 05:02:10,2026-03-20 05:02:41
9,Running,2026-03-20 04:29:43,2026-03-20 05:03:32
3,Running,2026-03-20 05:02:33,2026-03-20 05:03:39
8,Running,2026-03-20 05:02:41,2026-03-20 05:03:47
9,Starved,2026-03-20 05:03:32,2026-03-20 05:03:47
3,Blocked,2026-03-20 05:03:39,2026-03-20 05:03:57
8,Starved,2026-03-20 05:03:47,2026-03-20 05:03:59
10,Running,2026-03-20 05:02:35,2026-03-20 05:04:37
5,Running,2026-03-20 04:55:55,2026-03-20 05:04:48
5,Blocked,2026-03-20 05:04:48,2026-03-20 05:04:54
9,Running,2026-03-20 05:03:47,2026-03-20 05:04:56
10,Starved,2026-03-20 05:04:37,2026-03-20 05:04:56
9,Starved,2026-03-20 05:04:56,2026-03-20 05:05:01
10,Running,2026-03-20 05:04:56,2026-03-20 05:05:45
5,Running,2026-03-20 05:04:54,2026-03-20 05:05:49
5,Blocked,2026-03-20 05:05:49,2026-03-20 05:05:56
8,Running,2026-03-20 05:03:59,2026-03-20 05:05:57
10,Starved,2026-03-20 05:05:45,2026-03-20 05:06:04
8,Starved,2026-03-20 05:05:57,2026-03-20 05:06:06
11,Running,2026-03-20 04:25:16,2026-03-20 05:06:49
9,Running,2026-03-20 05:05:01,2026-03-20 05:07:00
8,Running,2026-03-20 05:06:06,2026-03-20 05:07:08
9,Starved,2026-03-20 05:07:00,2026-03-20 05:07:08
11,Starved,2026-03-20 05:06:49,2026-03-20 05:07:10
8,Starved,2026-03-20 05:07:08,2026-03-20 05:07:10
9,Running,2026-03-20 05:07:08,2026-03-20 05:08:00
9,Starved,2026-03-20 05:08:00,2026-03-20 05:08:12
9,Running,2026-03-20 05:08:12,2026-03-20 05:09:08
8,Running,2026-03-20 05:07:10,2026-03-20 05:09:09
9,Starved,2026-03-20 05:09:08,2026-03-20 05:09:09
8,Starved,2026-03-20 05:09:09,2026-03-20 05:09:33
4,Running,2026-03-20 04:13:12,2026-03-20 05:09:56
10,Running,2026-03-20 05:06:04,2026-03-20 05:10:11
9,Running,2026-03-20 05:09:09,2026-03-20 05:10:17
10,Starved,2026-03-20 05:10:11,2026-03-20 05:10:17
9,Starved,2026-03-20 05:10:17,2026-03-20 05:10:39
11,Running,2026-03-20 05:07:10,2026-03-20 05:11:07
10,Running,2026-03-20 05:10:17,2026-03-20 05:11:12
11,Starved,2026-03-20 05:11:07,2026-03-20 05:11:12
10,Starved,2026-03-20 05:11:12,2026-03-20 05:11:50
11,Running,2026-03-20 05:11:12,2026-03-20 05:12:11
8,Running,2026-03-20 05:09:33,2026-03-20 05:12:32
8,Starved,2026-03-20 05:12:32,2026-03-20 05:12:32
11,Starved,2026-03-20 05:12:11,2026-03-20 05:12:56
8,Running,2026-03-20 05:12:32,2026-03-20 05:13:26
12,Running,2026-03-20 04:25:16,2026-03-20 05:13:30
8,Starved,2026-03-20 05:13:26,2026-03-20 05:13:43
11,Running,2026-03-20 05:12:56,2026-03-20 05:13:50
12,Starved,2026-03-20 05:13:30,2026-03-20 05:13:50
11,Starved,2026-03-20 05:13:50,2026-03-20 05:13:58
5,Running,2026-03-20 05:05:56,2026-03-20 05:14:49
10,Running,2026-03-20 05:11:50,2026-03-20 05:14:50
9,Running,2026-03-20 05:10:39,2026-03-20 05:14:52
10,Starved,2026-03-20 05:14:50,2026-03-20 05:14:52
9,Starved,2026-03-20 05:14:52,2026-03-20 05:14:53
12,Running,2026-03-20 05:13:50,2026-03-20 05:14:55
12,Starved,2026-03-20 05:14:55,2026-03-20 05:15:05
10,Running,2026-03-20 05:14:52,2026-03-20 05:15:55
10,Starved,2026-03-20 05:15:55,2026-03-20 05:16:24
12,Running,2026-03-20 05:15:05,2026-03-20 05:16:53
11,Running,2026-03-20 05:13:58,2026-03-20 05:16:56
12,Starved,2026-03-20 05:16:53,2026-03-20 05:16:56
10,Running,2026-03-20 05:16:24,2026-03-20 05:17:14
11,Starved,2026-03-20 05:16:56,2026-03-20 05:17:14
10,Starved,2026-03-20 05:17:14,2026-03-20 05:17:29
12,Running,2026-03-20 05:16:56,2026-03-20 05:17:54
11,Running,2026-03-20 05:17:14,2026-03-20 05:18:10
12,Starved,2026-03-20 05:17:54,2026-03-20 05:18:10
10,Running,2026-03-20 05:17:29,2026-03-20 05:18:23
11,Starved,2026-03-20 05:18:10,2026-03-20 05:18:23
10,Starved,2026-03-20 05:18:23,2026-03-20 05:18:24
6,Running,2026-03-20 04:52:47,2026-03-20 05:19:01
8,Running,2026-03-20 05:13:43,2026-03-20 05:19:03
12,Running,2026-03-20 05:18:10,2026-03-20 05:19:04
8,Starved,2026-03-20 05:19:03,2026-03-20 05:19:04
11,Running,2026-03-20 05:18:23,2026-03-20 05:19:27
12,Starved,2026-03-20 05:19:04,2026-03-20 05:19:27
10,Running,2026-03-20 05:18:24,2026-03-20 05:19:27
11,Starved,2026-03-20 05:19:27,2026-03-20 05:19:27
10,Starved,2026-03-20 05:19:27,2026-03-20 05:19:41
1,Down,2026-03-20 04:46:37,2026-03-20 05:20:19
11,Running,2026-03-20 05:19:27,2026-03-20 05:20:27
11,Starved,2026-03-20 05:20:27,2026-03-20 05:20:44
8,Running,2026-03-20 05:19:04,2026-03-20 05:21:00
8,Starved,2026-03-20 05:21:00,2026-03-20 05:21:04
2,Starved,2026-03-20 04:54:54,2026-03-20 05:21:21
12,Running,2026-03-20 05:19:27,2026-03-20 05:21:37
12,Starved,2026-03-20 05:21:37,2026-03-20 05:21:51
8,Running,2026-03-20 05:21:04,2026-03-20 05:22:03
8,Starved,2026-03-20 05:22:03,2026-03-20 05:22:13
2,Running,2026-03-20 05:21:21,2026-03-20 05:22:14
3,Starved,2026-03-20 05:03:57,2026-03-20 05:22:14
2,Starved,2026-03-20 05:22:14,2026-03-20 05:22:16
4,Starved,2026-03-20 05:09:56,2026-03-20 05:23:21
5,Starved,2026-03-20 05:14:49,2026-03-20 05:24:25
8,Running,2026-03-20 05:22:13,2026-03-20 05:24:59
5,Running,2026-03-20 05:24:25,2026-03-20 05:25:27
6,Starved,2026-03-20 05:19:01,2026-03-20 05:25:27
12,Running,2026-03-20 05:21:51,2026-03-20 05:25:38
11,Running,2026-03-20 05:20:44,2026-03-20 05:25:39
12,Starved,2026-03-20 05:25:38,2026-03-20 05:25:39
11,Starved,2026-03-20 05:25:39,2026-03-20 05:25:45
5,Starved,2026-03-20 05:25:27,2026-03-20 05:25:46
6,Running,2026-03-20 05:25:27,2026-03-20 05:26:16
12,Running,2026-03-20 05:25:39,2026-03-20 05:26:34
10,Running,2026-03-20 05:19:41,2026-03-20 05:26:42
9,Running,2026-03-20 05:14:53,2026-03-20 05:26:42
10,Starved,2026-03-20 05:26:42,2026-03-20 05:26:42
5,Running,2026-03-20 05:25:46,2026-03-20 05:26:45
6,Starved,2026-03-20 05:26:16,2026-03-20 05:26:45
12,Starved,2026-03-20 05:26:34,2026-03-20 05:26:47
5,Starved,2026-03-20 05:26:45,2026-03-20 05:26:51
5,Running,2026-03-20 05:26:51,2026-03-20 05:27:39
10,Running,2026-03-20 05:26:42,2026-03-20 05:27:46
5,Starved,2026-03-20 05:27:39,2026-03-20 05:28:10
3,Running,2026-03-20 05:22:14,2026-03-20 05:28:19
3,Starved,2026-03-20 05:28:19,2026-03-20 05:28:23
8,Down,2026-03-20 05:24:59,2026-03-20 05:28:33
6,Running,2026-03-20 05:26:45,2026-03-20 05:28:38
12,Running,2026-03-20 05:26:47,2026-03-20 05:28:55
11,Running,2026-03-20 05:25:45,2026-03-20 05:28:59
12,Starved,2026-03-20 05:28:55,2026-03-20 05:28:59
5,Running,2026-03-20 05:28:10,2026-03-20 05:29:09
6,Starved,2026-03-20 05:28:38,2026-03-20 05:29:09
5,Starved,2026-03-20 05:29:09,2026-03-20 05:29:16
9,Starved,2026-03-20 05:26:42,2026-03-20 05:29:41
12,Running,2026-03-20 05:28:59,2026-03-20 05:29:54
6,Running,2026-03-20 05:29:09,2026-03-20 05:30:05
5,Running,2026-03-20 05:29:16,2026-03-20 05:30:16
6,Starved,2026-03-20 05:30:05,2026-03-20 05:30:16
5,Starved,2026-03-20 05:30:16,2026-03-20 05:30:37
10,Starved,2026-03-20 05:27:46,2026-03-20 05:30:47
6,Running,2026-03-20 05:30:16,2026-03-20 05:31:30
5,Running,2026-03-20 05:30:37,2026-03-20 05:31:42
6,Starved,2026-03-20 05:31:30,2026-03-20 05:31:42
10,Running,2026-03-20 05:30:47,2026-03-20 05:31:42
11,Starved,2026-03-20 05:28:59,2026-03-20 05:31:42
5,Starved,2026-03-20 05:31:42,2026-03-20 05:31:52
10,Starved,2026-03-20 05:31:42,2026-03-20 05:31:53
3,Running,2026-03-20 05:28:23,2026-03-20 05:32:21
6,Running,2026-03-20 05:31:42,2026-03-20 05:32:33
11,Running,2026-03-20 05:31:42,2026-03-20 05:32:49
12,Starved,2026-03-20 05:29:54,2026-03-20 05:32:49
5,Running,2026-03-20 05:31:52,2026-03-20 05:32:52
6,Starved,2026-03-20 05:32:33,2026-03-20 05:32:52
10,Running,2026-03-20 05:31:53,2026-03-20 05:32:53
11,Starved,2026-03-20 05:32:49,2026-03-20 05:32:53
10,Starved,2026-03-20 05:32:53,2026-03-20 05:32:54
5,Starved,2026-03-20 05:32:52,2026-03-20 05:33:07
6,Running,2026-03-20 05:32:52,2026-03-20 05:33:44
11,Running,2026-03-20 05:32:53,2026-03-20 05:33:50
10,Running,2026-03-20 05:32:54,2026-03-20 05:34:03
11,Starved,2026-03-20 05:33:50,2026-03-20 05:34:03
5,Running,2026-03-20 05:33:07,2026-03-20 05:34:11
6,Starved,2026-03-20 05:33:44,2026-03-20 05:34:11
10,Starved,2026-03-20 05:34:03,2026-03-20 05:34:14
5,Starved,2026-03-20 05:34:11,2026-03-20 05:34:26
11,Running,2026-03-20 05:34:03,2026-03-20 05:34:56
6,Running,2026-03-20 05:34:11,2026-03-20 05:35:03
10,Running,2026-03-20 05:34:14,2026-03-20 05:35:12
11,Starved,2026-03-20 05:34:56,2026-03-20 05:35:12
5,Running,2026-03-20 05:34:26,2026-03-20 05:35:27
6,Starved,2026-03-20 05:35:03,2026-03-20 05:35:27
3,Down,2026-03-20 05:32:21,2026-03-20 05:35:29
4,Running,2026-03-20 05:23:21,2026-03-20 05:35:31
5,Starved,2026-03-20 05:35:27,2026-03-20 05:35:31
10,Starved,2026-03-20 05:35:12,2026-03-20 05:35:33
12,Running,2026-03-20 05:32:49,2026-03-20 05:35:47
11,Running,2026-03-20 05:35:12,2026-03-20 05:36:10
12,Starved,2026-03-20 05:35:47,2026-03-20 05:36:10
5,Running,2026-03-20 05:35:31,2026-03-20 05:36:25
4,Starved,2026-03-20 05:35:31,2026-03-20 05:36:33
10,Running,2026-03-20 05:35:33,2026-03-20 05:36:34
11,Starved,2026-03-20 05:36:10,2026-03-20 05:36:34
10,Starved,2026-03-20 05:36:34,2026-03-20 05:36:50
12,Running,2026-03-20 05:36:10,2026-03-20 05:37:01
2,Running,2026-03-20 05:22:16,2026-03-20 05:37:10
2,Starved,2026-03-20 05:37:10,2026-03-20 05:37:12
11,Running,2026-03-20 05:36:34,2026-03-20 05:37:35
12,Starved,2026-03-20 05:37:01,2026-03-20 05:37:35
6,Running,2026-03-20 05:35:27,2026-03-20 05:37:41
5,Starved,2026-03-20 05:36:25,2026-03-20 05:37:42
10,Running,2026-03-20 05:36:50,2026-03-20 05:37:49
11,Starved,2026-03-20 05:37:35,2026-03-20 05:37:49
10,Starved,2026-03-20 05:37:49,2026-03-20 05:37:58
2,Running,2026-03-20 05:37:12,2026-03-20 05:38:19
11,Running,2026-03-20 05:37:49,2026-03-20 05:38:39
5,Running,2026-03-20 05:37:42,2026-03-20 05:38:48
6,Starved,2026-03-20 05:37:41,2026-03-20 05:38:48
10,Running,2026-03-20 05:37:58,2026-03-20 05:38:55
11,Starved,2026-03-20 05:38:39,2026-03-20 05:38:55
5,Starved,2026-03-20 05:38:48,2026-03-20 05:39:01
6,Running,2026-03-20 05:38:48,2026-03-20 05:39:40
12,Running,2026-03-20 05:37:35,2026-03-20 05:39:41
6,Down,2026-03-20 05:39:40,2026-03-20 05:39:42
11,Running,2026-03-20 05:38:55,2026-03-20 05:39:53
12,Starved,2026-03-20 05:39:41,2026-03-20 05:39:53
6,Starved,2026-03-20 05:39:42,2026-03-20 05:40:02
2,Down,2026-03-20 05:38:19,2026-03-20 05:40:21
12,Running,2026-03-20 05:39:53,2026-03-20 05:40:56
5,Running,2026-03-20 05:39:01,2026-03-20 05:40:59
5,Starved,2026-03-20 05:40:59,2026-03-20 05:41:09
10,Down,2026-03-20 05:38:55,2026-03-20 05:41:43
6,Running,2026-03-20 05:40:02,2026-03-20 05:42:00
5,Running,2026-03-20 05:41:09,2026-03-20 05:42:02
6,Starved,2026-03-20 05:42:00,2026-03-20 05:42:02
5,Starved,2026-03-20 05:42:02,2026-03-20 05:42:12
11,Starved,2026-03-20 05:39:53,2026-03-20 05:42:38
5,Running,2026-03-20 05:42:12,2026-03-20 05:43:02
5,Starved,2026-03-20 05:43:02,2026-03-20 05:43:15
11,Running,2026-03-20 05:42:38,2026-03-20 05:43:39
12,Starved,2026-03-20 05:40:56,2026-03-20 05:43:39
6,Running,2026-03-20 05:42:02,2026-03-20 05:44:02
5,Running,2026-03-20 05:43:15,2026-03-20 05:44:08
6,Starved,2026-03-20 05:44:02,2026-03-20 05:44:08
5,Starved,2026-03-20 05:44:08,2026-03-20 05:44:19
12,Running,2026-03-20 05:43:39,2026-03-20 05:44:37
5,Running,2026-03-20 05:44:19,2026-03-20 05:45:16
5,Starved,2026-03-20 05:45:16,2026-03-20 05:45:17
6,Running,2026-03-20 05:44:08,2026-03-20 05:46:11
6,Starved,2026-03-20 05:46:11,2026-03-20 05:46:23
6,Running,2026-03-20 05:46:23,2026-03-20 05:47:26
6,Starved,2026-03-20 05:47:26,2026-03-20 05:47:26
11,Down,2026-03-20 05:43:39,2026-03-20 05:47:52
5,Running,2026-03-20 05:45:17,2026-03-20 05:48:17
5,Starved,2026-03-20 05:48:17,2026-03-20 05:48:46
12,Starved,2026-03-20 05:44:37,2026-03-20 05:48:49
6,Running,2026-03-20 05:47:26,2026-03-20 05:49:12
5,Running,2026-03-20 05:48:46,2026-03-20 05:49:42
6,Starved,2026-03-20 05:49:12,2026-03-20 05:49:42
5,Starved,2026-03-20 05:49:42,2026-03-20 05:49:46
6,Running,2026-03-20 05:49:42,2026-03-20 05:50:33
6,Starved,2026-03-20 05:50:33,2026-03-20 05:50:49
6,Running,2026-03-20 05:50:49,2026-03-20 05:51:53
12,Running,2026-03-20 05:48:49,2026-03-20 05:51:54
12,Starved,2026-03-20 05:51:54,2026-03-20 05:51:57
5,Running,2026-03-20 05:49:46,2026-03-20 05:52:00
6,Starved,2026-03-20 05:51:53,2026-03-20 05:52:00
5,Starved,2026-03-20 05:52:00,2026-03-20 05:52:01
12,Running,2026-03-20 05:51:57,2026-03-20 05:52:51
12,Starved,2026-03-20 05:52:51,2026-03-20 05:52:52
6,Running,2026-03-20 05:52:00,2026-03-20 05:52:55
6,Starved,2026-03-20 05:52:55,2026-03-20 05:53:08
5,Running,2026-03-20 05:52:01,2026-03-20 05:54:05
5,Starved,2026-03-20 05:54:05,2026-03-20 05:54:28
6,Running,2026-03-20 05:53:08,2026-03-20 05:55:10
5,Running,2026-03-20 05:54:28,2026-03-20 05:55:19
6,Starved,2026-03-20 05:55:10,2026-03-20 05:55:19
5,Starved,2026-03-20 05:55:19,2026-03-20 05:55:59
6,Running,2026-03-20 05:55:19,2026-03-20 05:56:24
5,Running,2026-03-20 05:55:59,2026-03-20 05:56:53
6,Starved,2026-03-20 05:56:24,2026-03-20 05:56:53
12,Running,2026-03-20 05:52:52,2026-03-20 05:56:58
12,Starved,2026-03-20 05:56:58,2026-03-20 05:56:58
5,Starved,2026-03-20 05:56:53,2026-03-20 05:57:15
6,Running,2026-03-20 05:56:53,2026-03-20 05:57:45
12,Running,2026-03-20 05:56:58,2026-03-20 05:58:03
12,Starved,2026-03-20 05:58:03,2026-03-20 05:58:10
6,Starved,2026-03-20 05:57:45,2026-03-20 05:58:18
12,Running,2026-03-20 05:58:10,2026-03-20 05:59:08
6,Running,2026-03-20 05:58:18,2026-03-20 05:59:11
11,Running,2026-03-20 05:47:52,2026-03-20 05:59:15
12,Starved,2026-03-20 05:59:08,2026-03-20 05:59:15
5,Running,2026-03-20 05:57:15,2026-03-20 05:59:18
6,Starved,2026-03-20 05:59:11,2026-03-20 05:59:18
5,Starved,2026-03-20 05:59:18,2026-03-20 05:59:19
11,Down,2026-03-20 05:59:15,2026-03-20 05:59:57
1,Running,2026-03-20 05:20:19,2026-03-20 06:00:00
2,Running,2026-03-20 05:40:21,2026-03-20 06:00:00
3,Running,2026-03-20 05:35:29,2026-03-20 06:00:00
4,Running,2026-03-20 05:36:33,2026-03-20 06:00:00
5,Running,2026-03-20 05:59:19,2026-03-20 06:00:00
6,Running,2026-03-20 05:59:18,2026-03-20 06:00:00
7,Running,2026-03-20 04:41:07,2026-03-20 06:00:00
8,Running,2026-03-20 05:28:33,2026-03-20 06:00:00
9,Running,2026-03-20 05:29:41,2026-03-20 06:00:00
10,Running,2026-03-20 05:41:43,2026-03-20 06:00:00
11,Running,2026-03-20 05:59:57,2026-03-20 06:00:00
12,Running,2026-03-20 05:59:15,2026-03-20 06:00:00
